seed,lin_plain_psi,lin_plain_se,lin_c_psi,lin_c_plugse,lin_sel,lin_gap10,const_plain_psi,const_plain_se,const_c_psi,const_c_plugse,const_sel,const_gap10,ols,hc0
1000,0.9533594712680896,0.059661439045654366,0.9517427693989979,0.0435322901523143,,0.0022839142511159594,1.1080025789597627,0.1721805771862481,0.9697017077516088,0.08844998216632576,W1+W3,-1.1534831557611263,0.9517427693990053,0.05112658654884846
1001,0.8867687751010375,0.05654452826042398,0.9268019293036556,0.04455665961722808,W3,-0.00011435538686477287,0.9895886758017642,0.17093462662344533,0.9437376388471148,0.09136430774193306,W1+W3,-0.24324600540422026,0.9267805911927375,0.05189210296666775
1002,0.9782253885178952,0.05916990658540745,1.005260556346363,0.04427967437972728,,0.0004198495955156645,1.1415234546368507,0.18247935960465383,0.9922977185279112,0.09208543702270154,W1+W3,-0.33354605924884595,1.005260556346374,0.053054581297906564
1003,1.0387266930960826,0.06445716245742736,1.0315914960160943,0.053915147627030466,W2,-0.0023298134675098225,1.099543274814958,0.21692547848323973,1.0718267834000095,0.08695300376860533,W1+W3,-0.8995651900475252,1.0506323003533231,0.05406460000886934
1004,0.9896928180060661,0.06398213802307855,0.9846033144788241,0.04510456377369776,,0.0001528712815490607,1.181219077996364,0.19314000794557357,0.9891675363792862,0.09129537169840692,W1+W3,-1.0329341905942009,0.9846033144788273,0.05552130267118711
1005,0.9778068663470447,0.054859766778923666,0.9927104548056522,0.045169723457925685,W3,-0.004098888436469217,1.0135444665545157,0.24788982556607297,0.987120638462071,0.09528945355165726,W1+W3,-0.9085095804665002,0.9927153016785001,0.05454795954799514
1006,1.0664348320907182,0.09012485353475486,1.0841415484220402,0.04505705681312372,W3,-0.0005740624258177007,0.8487850662247239,0.30698175318309395,1.1009460801000697,0.09399578835723552,W1+W3,-1.0240451115725122,1.0841417228188208,0.05639241808296311
1007,1.0054963159990233,0.06671927966779848,1.0115123278655154,0.04474622162651026,,0.0003719857941648641,1.17754135596529,0.19361381110102657,1.0156393319094787,0.09396345415374241,W1+W3,-1.251485673676335,1.011512327865536,0.05526656962466773
1008,1.0008268019953575,0.06384207140763591,0.944196660251477,0.04481256229402674,,0.0007048984049067286,1.0442923078292516,0.23428844639042962,1.148324874791319,0.14589116965595433,W1+W2+W3,-0.272454766083964,0.9441966602514855,0.05459374989267484
1009,1.1344245958344006,0.05807100073829836,1.005953783468627,0.04444617452306055,,7.393649133291547e-05,1.2953699913387626,0.24050432919693848,1.1728274262844853,0.10527518898142534,W1+W2+W3,-0.06253969211839205,1.0059537834686494,0.053779314477723786
1010,0.9633297612580566,0.07968003490241604,0.9874709731951311,0.04869558128411392,W1+W3,0.003536781530235622,1.0101278413749264,0.2737803843592073,1.0014674078429695,0.0896686464768971,W1+W3,-1.2325599420315925,0.9784351942152143,0.05502441105574952
1011,0.9431945793687293,0.0620466102691702,0.9796986144430168,0.04289311845393233,W3,-0.0003899900405759382,1.0541879473764666,0.20796220214636052,0.9958746242354095,0.0866833434115288,W1+W3,-0.43802521054296406,0.9796834844702471,0.051414381380408276
1012,1.0172278004388016,0.05696986284185073,1.0069767829224727,0.046710434639892065,W1+W3,0.00043428147133273143,1.3079742322076617,0.1863741692646437,0.9975597009424795,0.08893615736255671,W1+W3,-0.9280659981766028,1.006705524907709,0.05368551369033126
1013,1.0475152605585212,0.07595358635508898,1.009386039039109,0.04557813841774665,,0.004898545769883356,1.2599233723510648,0.2038195358287557,0.9918509596581407,0.09162044519147279,W1+W3,-1.5046708436164806,1.0093860390391303,0.05526779774946702
1014,1.008800116907721,0.05479095132772044,1.0093576760387708,0.045168155941825404,,0.0002031994061919562,1.2363323050983865,0.26806775698669677,1.0516196623969458,0.08687812139306351,W1+W3,-0.9769893526065374,1.0093576760387861,0.05387368661577521
1015,0.9895059416024962,0.06205855121301205,1.0013556911662418,0.0447412096925005,,0.00013188042657574783,1.2350212734209955,0.18081193884063684,1.0026482680036513,0.09177372641613805,W1+W3,-0.47874733392503543,1.001355691166261,0.05356152333995133
1016,0.9645590374101901,0.058839809600713215,1.0140088897168675,0.04399875870302541,,0.0035442606045252845,0.7668226552373041,0.21251519000985888,1.0236940781511201,0.09066691464925782,W1+W3,-0.9172630147708958,1.0140088897168804,0.05260218657098227
1017,0.9599836690731827,0.058116880195097705,0.9525547529570261,0.044569722673665005,,0.006548164480704166,1.014293386618604,0.26659085718884573,0.9573634044845727,0.08995001522065928,W1+W3,-0.5471522685927148,0.9525547529570363,0.05449806748488924
1018,0.8870418252794895,0.06264918704378605,0.9447105801876609,0.045552480131315756,W1+W3,9.318643742961541e-05,1.0558871115019677,0.19332990833642139,0.9382209614139853,0.08988585152572062,W1+W3,-0.8394667624760181,0.9511564658560953,0.05376647499014465
1019,1.0109168133486515,0.05924268147071789,0.9667947032705372,0.04505440575711672,W3,-0.0003412795874551122,1.3144159372938389,0.14074559144667806,0.9399397831688288,0.09118476165606096,W1+W3,-0.44057444710084326,0.9668035909562365,0.05374809002904602
1020,0.9873572281782272,0.06232168767473995,0.9554496082733128,0.04474586779980835,,0.004824755309562612,0.9395741062657714,0.22640170377516,0.96582932258806,0.09401207605620772,W1+W3,-0.9614700606674056,0.955449608273329,0.055254311073164274
1021,0.8749743985132518,0.05674999288419502,0.9387151988735455,0.04418869638384967,,0.020018012181130196,1.5237299815257788,0.14980406453935458,0.9785725771168599,0.09037161016112077,W1+W3,-1.020280980390968,0.9387151988735587,0.0542918712908524
1022,1.010763333283875,0.058579138373080875,1.0185826866484178,0.044663025741662137,,0.0018535271738571168,1.0744557435684308,0.19789776031059747,1.0321361636948978,0.08686625028729783,W1+W3,-0.8433855859859314,1.0185826866484249,0.05178650721203767
1023,0.9524536011404708,0.07432230026552615,0.9599893314957318,0.04474630795942151,W3,-0.0001252192047331846,0.9900702007755017,0.22466434420855472,0.990862572184332,0.09050846709715434,W1+W3,-0.8809319307165921,0.9599897713677564,0.05424584643639393
1024,1.0316127579236969,0.05992594546961249,1.0066109057050432,0.04440277497680099,,0.0002693563184248404,0.905544819375442,0.2600769129631217,1.0123960951561413,0.09079278376608373,W1+W3,-0.20161776681002053,1.0066109057050672,0.05383014097815167
1025,0.9397461643813283,0.05403978834069514,0.9786308465519982,0.043694632483122914,W3,-0.0001445992169752941,1.04978405373462,0.24377534443960278,1.006167444541054,0.08579038264462546,W1+W3,-0.27977300811853567,0.9786279878695359,0.05021006588624545
1026,0.9086282254890228,0.05842302379394741,0.9533099411223843,0.044306954140620684,,0.007017774336977922,1.2667456029607784,0.15958031027110162,1.014280218221923,0.08651791214088178,W1+W3,-0.6571348282620555,0.9533099411224105,0.054332886234466055
1027,1.0047389490579743,0.06081133867274752,0.9936533183046574,0.04333740304136782,,0.000909149934109621,0.8703694392108219,0.21012742616916524,0.9861401993548732,0.0893953542939321,W1+W3,-0.578692400645874,0.9936533183046645,0.05196591819554856
1028,1.0633265472280644,0.06620030548377878,1.0050706077729148,0.04863418008499082,W1+W3,-0.00045470646917245006,1.2835343053255663,0.19572257673883695,0.9799861101522351,0.09071301994020536,W1+W3,-1.3786019154652074,0.987577118243142,0.05584975460643768
1029,0.906569779924897,0.0864327351699537,0.9353201414023085,0.045083297265064874,W3,-9.555163959262813e-05,0.6718820282720577,0.28266925338705257,0.9480979036980682,0.09127705151445907,W1+W3,-1.1809922075881687,0.9352394659662391,0.054591036002139666
1030,1.039960038864936,0.055805210747536305,1.0202352329021878,0.054471465021249096,W2,-0.0058119112356829206,1.1229499041764308,0.3152495125341446,1.0787468162724096,0.08997249237393774,W1+W3,-1.0095030838099106,1.0646904359565774,0.056564636677596834
1031,1.1354352568556776,0.055581073088894296,1.0971399798154873,0.044822913768822886,,0.003849543945808165,1.3824463438556065,0.1759731149620478,1.068076173812406,0.09244437252579488,W1,-1.4970984959516471,1.0971399798155068,0.05367461710347051
1032,0.9965389851017556,0.05527918793898497,0.9842221988930365,0.04522473208094734,,0.006231499450482403,1.3935696359693406,0.14544196064664916,1.141858208734066,0.10071269653326387,W1+W2,-0.28568537436568064,0.9842221988930399,0.053944351279656404
1033,0.9788850820468609,0.058841112125038834,0.9254069256661575,0.04459724844212786,,0.002652505811347794,0.982070379416513,0.28587622523355954,0.9842429304144985,0.09431297835380466,W1+W3,-1.0933498400823538,0.9254069256661672,0.0536509450982894
1034,1.0367264845765078,0.05971767068582253,1.0446350500392667,0.047230412471476156,W1+W3,-0.00014092812447330516,1.3047518571237149,0.22553383171046257,1.0379458846263478,0.09296115011233697,W1+W3,-1.003066346692588,1.0418078187927264,0.05433761168139654
1035,1.0087043646249356,0.059708040469591835,1.0252893543725343,0.044784129877227075,,0.00043464784098290465,1.15663677925651,0.19719425369105423,1.0324632641737512,0.0926552726129128,W1+W3,-0.6899945644148673,1.025289354372538,0.0556029629549014
1036,0.8634401796935902,0.06975494968295275,0.9376052470140674,0.04358359294214601,W3,-0.00019937821352833396,0.8097479187956035,0.2208258825829349,0.8257154641742694,0.11742054136854455,W1+W2,-0.4012105848903573,0.9376068165061627,0.051533654611284785
1037,0.9693817009782044,0.05532430250824399,0.9869519819489405,0.04650895918548771,W1+W3,-5.720813681442394e-05,1.3054899361368246,0.19119408862029524,1.0067004123981111,0.08972281369473797,W1+W3,-0.258879720357605,0.9860942401885942,0.053855624124061405
1038,1.0776109881168048,0.05672094287761259,1.058683708018048,0.044576220320677755,W3,-0.0008453914006656404,1.346873691183296,0.17111979744030345,1.0834436686537345,0.08832629916098536,W1+W3,-0.1943720358352472,1.0587081554911424,0.053887323591025924
1039,0.9848590234033392,0.056517410749597916,0.9862649751433261,0.044665285342542584,,0.00404320373191247,1.0343656883900043,0.17478457512619644,0.9647047336834361,0.11329277188933394,W1+W2+W3,0.19839535037455036,0.9862649751433282,0.051642113274379856
1040,1.0613370732579992,0.06327621619599604,1.066441022556742,0.0471418927323734,W1+W3,-0.0005829947745956687,1.1640945789096195,0.20881885024302968,1.0586094118050706,0.09102463416238196,W1+W3,-1.0065468972438083,1.0566044769485157,0.054727668003529115
1041,1.0145431614556117,0.05422299830064808,0.960414796113,0.04469145190925883,,0.0015242326845834597,1.2580176297598302,0.1974491204728783,0.9353270615363013,0.09829642726447238,W1+W3,-1.4751352332613195,0.9604147961130198,0.05363882279286613
1042,0.9981489962912959,0.056824667554384485,1.0313637839291416,0.04398271009254508,,0.0019025184849796872,1.1470417880112016,0.19454048589944306,1.0343430524499018,0.08744332288040033,W1+W3,-0.33631361756360434,1.0313637839291447,0.051776583063554336
1043,0.9975577791620628,0.05487269144872283,1.0183368177161325,0.04488429777870463,W3,-0.000684792307621862,1.2718979199660325,0.19284002190528754,1.0475406370354774,0.09064307967077609,W1+W3,-0.3645881939412803,1.0183470446852072,0.05389789330880056
1044,1.0023607189023112,0.06704484669437293,1.0015110440386434,0.044851873755522124,,0.0005001848458485725,1.1478928231252055,0.22613151276621224,1.0112888097464123,0.08983530338293913,W1+W3,-0.652813690219034,1.0015110440386534,0.05424368601275436
1045,0.9656086653976428,0.10908106887165032,0.9647883252010018,0.04388744397431305,W3,-2.8009449000165887e-06,0.555648281312288,0.3102127913177167,0.9865254113058997,0.09179632905470562,W1+W3,-0.6345090916882334,0.9647928606979673,0.05502978311965364
1046,0.9938986484153638,0.06201109287129743,0.9654001771857419,0.044432277014573224,,0.0012371183556512122,1.184354772057708,0.18633843729291324,1.0103212119793512,0.09217740235767177,W1+W3,-0.3001255177082349,0.9654001771857497,0.05320364800994552
1047,1.0520383811025722,0.06713142857896616,1.0501012951160487,0.044903103321315675,,0.0036982976885795438,1.0897895657277967,0.27156571081493536,1.0631527067069344,0.095827527068825,W1+W3,-0.9800189831313517,1.0501012951160642,0.05611018309487453
1048,1.0727149568131422,0.0720975084704896,1.0473580013662198,0.04390819648410314,,0.003943944411791911,1.211009146555174,0.25753314283989553,1.0478117705450725,0.08840967399922761,W1+W3,-0.6980150015768416,1.0473580013662414,0.05310940459821762
1049,1.10625752700772,0.05928901192952605,1.077116125272818,0.04453852285013781,W3,-9.625086926501325e-05,1.1792551600838939,0.29509457968272246,1.127873938212112,0.1372529174482224,W1+W2+W3,0.21515460482954651,1.0771184134308864,0.053858613181421246
1050,0.8160869706380388,0.05794603511067863,0.8948498658550976,0.043784470434853236,,0.0008533153111578429,1.159567095165792,0.16161925300665456,0.9724918421152364,0.08866326466712163,W1+W3,-0.833846843355392,0.8948498658551081,0.05245959310631378
1051,0.9975479668732731,0.05754101283698165,0.9966287931251878,0.0456530074858028,,0.007414354051808125,1.0313974507827384,0.27302888023809724,1.002840159574507,0.09670413757607285,W1+W3,-0.7911926926498651,0.9966287931252013,0.05440182315498226
1052,0.9388957761603008,0.05085484779731024,0.9314062542875448,0.043976586688984715,W3,-0.0004352273739405277,1.0467817562370434,0.1731335300011833,0.9361536395598338,0.08956646238438189,W1+W3,-0.7890942715525746,0.93140082203203,0.0513153447878997
1053,0.9958567717686925,0.06906763452110737,0.9713779945150457,0.04334146002647573,,0.0006485468193915267,1.0028897210738397,0.29848248704170116,0.9870454548043872,0.08714468740481053,W1+W3,-0.46590996457729617,0.9713779945150682,0.05443384740839078
1054,0.9435587265174125,0.09865250814576129,0.9368436512055539,0.04514265904504537,,0.000706857833686847,0.32416730479511097,0.37237281186552984,0.9424537812816314,0.09507836548462442,W1+W3,-0.9988572827164681,0.9368436512055702,0.056639443110326274
1055,0.9300945517033892,0.05603696929949601,0.9565264315816133,0.04645067305280515,W1+W3,-6.455109134329007e-05,1.2084802925019595,0.17090701547290071,0.9815288998238874,0.08847462873711692,W1+W3,-0.7110826571402562,0.9575969183705983,0.05486270719312368
1056,0.960794208689023,0.060163982337504876,0.9160145628772349,0.04492055252631917,,0.0016271278479562667,1.1589433685317072,0.1502335109666747,0.9567021324320418,0.09057897943857443,W1+W3,-1.2618597300560452,0.9160145628772578,0.054356379507130265
1057,0.9845201901779687,0.058392720115919006,0.9892572214294697,0.044248891247415545,,0.00647018965112256,1.3965647553388911,0.15710914333961307,1.0188874352651953,0.08965297831894183,W1+W3,-0.9338446850374105,0.9892572214294795,0.05538447048733856
1058,1.0630139601262008,0.05645593957806484,1.0535237188650681,0.04648855651082624,W1+W3,0.00023004161388762157,1.2115509507552416,0.1850832762001142,1.0382616258404829,0.08834751248939958,W1+W3,-0.594550008245303,1.0515715776749293,0.05295065917926562
1059,0.9603608086602989,0.05631565831566462,0.9543579659655604,0.0442710384609925,W3,-0.00010797387464922537,1.157535573778291,0.21670864721733818,0.9178591754738614,0.09267885341625674,W1+W3,-0.45334108177972254,0.9543600078620534,0.05305073096323781
1060,1.0394522052767847,0.06700027909560693,1.0030164738433445,0.04424788115982333,W3,-0.001563271828706192,1.0497802128004847,0.18497600909795553,1.0006525017611316,0.08944704175396265,W1+W3,-0.9034922265773986,1.0029891237650932,0.05276087362774722
1061,0.9024139609968203,0.07565377950450933,0.96217416024108,0.045488502273704955,W3,-0.001072503122276025,0.8920878567711256,0.2397131189702219,0.95252243587561,0.0916513149578352,W1+W3,-0.4183614364413195,0.9619726069606243,0.05634269181283665
1062,0.9574461272776785,0.0608824949591058,0.956304816492946,0.04467872745195571,,0.0014492377575967552,1.276312774359616,0.23565325557895037,0.9759782274493827,0.08803298668655059,W1+W3,-0.9272232554502295,0.9563048164929647,0.054959422960695184
1063,1.062172656177491,0.061594604115335294,1.0771099896373633,0.045933733665564136,W1+W3,0.0004247799244465611,1.3336839096669302,0.21055699194260158,1.016552760967728,0.08960324841284263,W1+W3,-0.7676732091723153,1.0758416863666376,0.05397607737973788
1064,0.9904826905115296,0.05177036755687278,1.0188393444258175,0.04409467703658771,,0.005417949247625842,1.1548794179516402,0.29138100174358617,1.01577843987253,0.14202807567238923,W1+W2+W3,0.5193108882127433,1.0188393444258264,0.05264508795266203
1065,1.0646004301621046,0.06269894230103175,1.013437192675499,0.04354430753778839,W3,-3.989563807671459e-05,1.3096076397631198,0.21790005013483968,0.9693974301842253,0.08994717913150561,W1+W3,-1.0181297444188715,1.0135864569128767,0.05315313250304933
1066,1.10771031245387,0.0686432172723983,1.0601588642974848,0.04489738313212226,,5.455309027446731e-05,1.218125704617031,0.20296613511524908,1.0323134037888442,0.08928161802408335,W1+W3,-0.2185829331453384,1.0601588642974988,0.0540192002537786
1067,1.0341928033079273,0.05625226087189762,0.9708960594419137,0.04444779226990467,W3,-2.2205105389083712e-05,1.2416597237036644,0.15371054016147626,0.989476508821234,0.091280880840954,W1+W3,-0.9005730523096211,0.9708980581737653,0.052815610664031204
1068,0.928851592585435,0.054582313990541746,0.8595091676484431,0.04424229707540062,,0.04013540966500795,0.8892208734852272,0.22849824504156957,0.9225713392183945,0.08983717004265136,W1+W3,-1.0738486141327819,0.8595091676484646,0.052352066473899554
1069,0.9201930209883704,0.0541524645012731,0.9521929950922345,0.0445276367527936,,0.013002759444754375,0.93034999203738,0.33093786024219585,0.9853837393687037,0.09080815776730734,W1+W3,-0.18177673966232177,0.9521929950922449,0.05296581857908243
1070,1.1741169621845051,0.07559098427013464,1.1160239144689625,0.045026791562590866,,0.008116183542494326,1.2007725435627414,0.26004580861881443,1.088721258036168,0.09024848375214604,W1+W3,-0.8468724722545744,1.116023914468987,0.0554519178469734
1071,1.0138557430792283,0.06797876126580257,1.0053040104750768,0.044340708436959066,,0.006742447555552644,1.101353678306039,0.30436986359030715,1.004888784472991,0.09003105585028154,W1+W3,-0.885906540435343,1.005304010475094,0.05410742463582259
1072,0.9220523672401376,0.058598067889301726,0.9943113627177862,0.04372067197838736,,0.00020763603807250064,1.1719046965894786,0.19338134457028586,1.0019409304620246,0.09056789840931433,W1+W3,-0.8478349418933249,0.9943113627178071,0.05336832910303791
1073,0.9307628000750502,0.06486544710722017,0.9905995191555206,0.04642004472315142,W1+W3,0.0001699410933166945,0.7029504968947292,0.27628449556095486,1.0449843034619208,0.08852774329151038,W1+W3,-0.746563047913444,0.989095759466717,0.05294010266859135
1074,1.0473200639135911,0.09757598193434591,1.033679716807519,0.04562959974751661,,0.0022918986414106612,0.7222470730001503,0.39658610485473317,1.0490453796783281,0.08918612164777348,W1+W3,-0.7294347078705421,1.0336797168075382,0.05550199116941763
1075,1.1144476778601886,0.0822042189090247,1.106446199298755,0.04473047154334175,,0.0006202710434815017,0.9609534739080411,0.26427771479411605,1.0844268539787614,0.09309711175280799,W1+W3,-0.4633623593493468,1.106446199298728,0.05617309610461578
1076,1.0863447870138847,0.06977679031316855,1.0157513556415774,0.0457529513275955,W3,-0.0006357730605390799,1.09386341413152,0.1929063289461596,1.0806779395134183,0.10902596874599811,W1+W2,0.6658555057592856,1.0157479967054315,0.05414598343377849
1077,1.0525600155570325,0.05615081789243269,1.0067932671296584,0.04445136597539141,,0.0002873453271305948,1.044307594138296,0.19158555055458124,1.032891529175948,0.09153464929119023,W1+W3,-0.8352252083826208,1.0067932671296829,0.050950338991057005
1078,0.9639012671811463,0.05505427726832643,0.9504596377404397,0.04372957628700465,,0.005714709934661499,0.6410647547669003,0.36088263750466143,0.9497174009479558,0.08921212759991279,W1+W3,-0.7733840555713378,0.9504596377404437,0.05167744008076954
1079,1.0518222454461867,0.05610210984602678,1.0337871189794146,0.043685742046056894,W3,-0.0005462360878301098,1.2963813179851942,0.2652424126115056,1.0293834799567205,0.09151351117026663,W1+W3,-0.19242018795494786,1.0338011336922937,0.054386032501932115
1080,0.9843798990251509,0.06636444625073148,1.0166725361731221,0.04533328618828843,,0.0006770347960980416,0.8030952343893938,0.3287772103506928,1.0299584472669772,0.08979129794740834,W1+W3,-1.0736810049390044,1.0166725361731335,0.05398716487047114
1081,0.9057731180561261,0.05507489226337586,0.96043540630759,0.0450176836705513,W3,-0.001174308231267851,1.4328753361151254,0.14684638625116037,0.9874904577615412,0.08978437003855115,W1+W3,-0.08504969066772716,0.9604258097585052,0.0541860923980987
1082,1.0810610459844232,0.05556448487199157,1.0830751592392527,0.04373067355595231,,6.899538329374622e-05,1.4057720549060453,0.1745640376260124,1.0769957422433436,0.0877888847640646,W1+W3,-0.48415328796568247,1.0830751592392671,0.053268811247716014
1083,1.1367656846563847,0.06419158218032237,1.0979336187271365,0.045064570685323824,W1+W3,0.0013619452796920228,1.2114873840673235,0.20244986797059014,1.0442724100963143,0.08737503968471717,W1+W3,-0.2619326503293493,1.093206341344354,0.05357133388764413
1084,0.9364212086011396,0.05226098399114993,1.0051348356310013,0.044164427278119756,W3,-0.000521173305741307,1.1228890696198928,0.20812650900817467,1.0490777673913947,0.08862514818706703,W1+W3,-0.788231387021348,1.005149402071312,0.051990769881198884
1085,0.9842116181886441,0.05850341215515615,0.9760035721200491,0.04300357431469691,,0.004572995858330486,1.317689584231022,0.21032375652294977,0.9869094718200314,0.09088074705380256,W1+W3,-0.6379647144217735,0.9760035721200712,0.05301322180910282
1086,1.132350754981976,0.0712006335888825,1.1085646389519601,0.04401625659199868,,1.544281712195783e-05,1.2648660786947497,0.24451967876111105,1.104873052325817,0.08850991259711613,W1+W3,-0.8370851309748524,1.108564638951965,0.05577775986342597
1087,0.9773322736802369,0.0621611579776822,0.9760863082913188,0.04459909672933515,,0.007640828973178415,0.6818505921639187,0.28209678858280984,0.9442063740389787,0.0957206294978505,W1+W3,-0.5403268132978383,0.9760863082913351,0.05363559143269345
1088,0.9479097871353349,0.05477078092157389,0.9146598605031259,0.04634540214941343,W1+W3,0.0005981399999548387,1.3732407174230514,0.15810023275075336,0.951067589913243,0.09007693689356161,W1+W3,-0.7014653772098391,0.9174643229979244,0.0540269493147638
1089,1.0756569182908928,0.05279146177028519,1.0809972438946411,0.04472186448894557,,0.0007771202440132186,1.756276652815325,0.1572070841788087,1.3061304207031712,0.10651417178578654,W1+W2+W3,0.13867445805489353,1.0809972438946498,0.0550875104687645
1090,0.9141270652533476,0.06536443657841122,0.9703509629435505,0.047291477677546156,W1+W3,0.0002455682334341347,1.047835345007616,0.21724795213388326,0.9511200829602344,0.09061637560165252,W1+W3,-0.6986413325860994,0.9686553846514143,0.054337551032585335
1091,0.932984264240037,0.07517662394150595,0.9725976464384253,0.044432836531769056,,0.003830847893093292,0.914299885264752,0.23155436643524943,0.9780638637433403,0.08639161562553957,W1+W3,-0.7447991579862894,0.9725976464384429,0.054397085903791095
1092,0.8925372871406874,0.05815167688277113,0.945966343298255,0.04385163596429116,W3,-0.0013854987884087677,0.9202324544784064,0.20121033852988343,0.9668406599899214,0.08994687741259053,W1+W3,-0.24599523144897972,0.9458395811266492,0.05218733334167747
1093,1.0072965468232957,0.06578382316951092,0.9818096587118962,0.04359417220512308,,0.003708090657514873,1.029173551947064,0.26335985032279136,1.0279757077501792,0.08922106203006731,W1+W3,-0.9750206567095674,0.9818096587119014,0.05283480059464368
1094,1.0731106212820998,0.054831110322398104,1.0721139997786209,0.043326677080733615,,0.04219700334714194,1.3855249634091888,0.1990106113608549,1.0469427605576835,0.08602966810438767,W1+W3,-1.1439782337399613,1.072113999778637,0.05140912130858047
1095,0.8613985420750926,0.05743135043574327,0.8875127936906212,0.04480040113181892,,7.599961032767055e-05,0.934733146057755,0.20312523379016406,0.8670841037218824,0.0929941096502331,W1+W3,-0.14568206559014385,0.8875127936906435,0.054080978661122985
1096,1.1375757428114381,0.05670040117116942,1.109406692686093,0.04557626354051334,W1+W3,0.00026027519357185724,1.292798855938987,0.20163819230405933,1.0592998907647369,0.09100725637205036,W1+W3,-0.3824415206835319,1.1049847848829324,0.052419751183834316
1097,1.0724483199492545,0.0575028761125427,1.083875614837714,0.04425555857301421,W3,-5.923702226073857e-05,1.2326226180524913,0.1628253488031279,1.0980674554493945,0.08588242148435363,W1+W3,-0.4239378931282545,1.0838653873986641,0.05264696683155685
1098,1.0513247160471404,0.0667862098262004,0.9695614052979148,0.045064354252639154,,0.008372146746024711,1.1235713038251636,0.26838253681112184,0.9960739269730048,0.08837404737585572,W1+W3,-0.4085019139417767,0.9695614052979399,0.05373884206622704
1099,1.1859562143920885,0.060380280372345434,1.185927764296444,0.06037670109363627,W1+W2+W3,0.01026048955433101,1.4224423453543402,0.19410519423748765,1.0328466237304714,0.08852291479921505,W1+W3,-0.5143544693458288,1.0722273052776499,0.05646609410014904
1100,0.9680046741527135,0.05404448158985458,0.918746883977624,0.046215185192530026,W1+W3,-0.0011316915696681917,1.0173182333933457,0.33974022558520073,0.9459742660335302,0.08919469898626144,W1+W3,-0.15636088900009426,0.9155989817485372,0.053221017541607595
1101,1.0339869046497598,0.06142657886639206,1.0643860312210072,0.045095406019766936,W3,-0.0009850644719433532,1.102556495699225,0.3228700721281693,1.0284530655012225,0.09504866839103668,W1+W3,-0.6695201670592859,1.0643824057690927,0.055045635771252405
1102,0.941869490165152,0.06082823865610359,0.9755719113944441,0.0442232864995893,,0.00014614116473410377,1.245694050755237,0.18701850017460425,0.9590018001010306,0.09115413449126454,W1+W3,-1.0766097171626043,0.9755719113944549,0.05467766783732267
1103,0.9521296306882475,0.07218025873538991,1.0343853737794058,0.04547485918192774,,0.0007012183493984026,0.9157831696611443,0.3466237060512971,1.0636811669879285,0.08854048828013694,W1+W3,-0.18444152427296956,1.0343853737794186,0.05617560338277689
1104,1.0128849839114555,0.06310434132668023,1.0399915647843925,0.044191892639409334,W3,-0.0013184680590114795,1.1680516676167398,0.21681801200149936,1.025816645509653,0.09392715238490469,W1+W3,-0.22176014691529744,1.039732495224806,0.05386113265889537
1105,1.0007627702101713,0.06792646843589387,1.0110437947806392,0.04448031096346042,,0.0025411277046103464,1.099039995279626,0.205762983012929,0.979170392969458,0.09080208977427415,W1+W3,-0.9666485550088346,1.0110437947806552,0.055649843321980356
1106,0.9903161043686879,0.05289795651114465,1.0252055363541597,0.046368135792542245,W1,-0.0017605880311517552,1.1589920362625814,0.21853709204388366,1.0124733488404782,0.09233456387158957,W1+W3,-0.1726250106750058,1.0276159669641165,0.052570490330501096
1107,1.019300533990863,0.05971880547628913,1.0089308711434768,0.045240231872741385,,7.494256555240497e-05,1.257881845209081,0.18829413022096567,1.0154162285055608,0.08908682359807302,W1+W3,-0.6805101427238398,1.0089308711434766,0.056038143838239185
1108,1.0433204743037696,0.05853477254091429,1.0261988674654172,0.044960566438968896,,0.001092076595527125,1.3302146044224943,0.1559935817060745,0.9990389354380381,0.09206541303721479,W1+W3,-0.7973601632867116,1.0261988674654343,0.05425997160380961
1109,1.0374902358538582,0.06524548165779809,0.9795479012741309,0.04765580865949597,W1+W3,5.333781745964217e-05,1.2518712324674066,0.1573144585267088,0.9568156943297195,0.08732751139741275,W1+W3,-0.7594429448043591,0.9788126980666201,0.05615933642184324
1110,1.0204298359994137,0.05607601697147964,0.9991082048756085,0.044262814059626655,,0.0002497718760459122,1.2246965785024087,0.18906749020408112,1.0817965445062963,0.13092062247738054,W1+W2+W3,-0.9579618680817177,0.9991082048756229,0.05286313377958262
1111,0.9887476109344489,0.06586987386537481,0.97650544199248,0.04426529540807396,,0.00016726342091200053,0.9073893921737537,0.2956224151556379,0.9620593047685745,0.09228676032373058,W1+W3,-0.6647139927714534,0.9765054419924745,0.05378060086897595
1112,1.0460696362463673,0.05626259042221575,1.0678001446207916,0.04568147308950622,,0.006848851853014537,1.087013861907205,0.22636272722618814,1.0627035070861552,0.09095824292617895,W1+W3,-0.3014666945275799,1.0678001446208156,0.05232633578748351
1113,1.0639827144071896,0.05867637329263804,1.045959792710464,0.04464875098713428,W1,-0.0046113981674098525,1.1028386392485794,0.27262595770969744,1.038085901409368,0.0895701693796516,W1+W3,-0.6859279736784494,1.0441281885824385,0.052610952415199135
1114,1.032250170022107,0.07452259758792636,1.0180399354923588,0.04523701970910657,,0.000987507891230699,1.1972779488291916,0.30552348671797047,1.0814895027763753,0.0878703139516164,W1+W3,-0.24835665029160126,1.0180399354923721,0.05649795277946359
1115,0.9605975606382287,0.06793500281299611,0.9386033227391788,0.04560998122299451,W3,-0.0009868334697973324,0.8592536516614406,0.2520627228085034,0.9629095356751796,0.08647718186117385,W1+W3,-1.1546310701251024,0.938794896992747,0.054836606165828645
1116,0.9566368219707729,0.05875032487854223,0.9716061816231591,0.044919991327915056,,0.0008723381998789748,1.2151692911630319,0.16340675727471218,0.9908228900951873,0.09121147393740199,W1+W3,-0.9275393598941264,0.9716061816231703,0.05337966733780284
1117,0.9923590081168816,0.054935357441004334,0.9652054717803934,0.043710514251808524,W3,-0.00028228544539832257,1.3023927214038278,0.17128450243182003,0.953138602755541,0.0920960178408184,W1+W3,-0.2274173757049951,0.9652054372104398,0.05260011969863545
1118,1.0496926911923896,0.05973429826057589,1.0237599237159016,0.043751400327159164,,0.006124390157266291,1.2415163470923598,0.182738173260865,1.063300194567255,0.08787225952777943,W1+W3,-0.5464418668133355,1.0237599237159123,0.05204359616296816
1119,0.9145168778475395,0.06243134977451153,1.006758357634849,0.04390734948070166,W3,-0.00031777878483385535,0.9300220744153802,0.2591957631553273,1.0116231624185785,0.09005701149828951,W1+W3,-1.1210235896594796,1.006757531508915,0.05280648364053812
1120,1.0978755163571092,0.0635234596298631,1.089505037149876,0.04568406320224612,W1+W3,6.291842790950852e-05,0.8886429547492448,0.337837604813574,1.0819048650557352,0.13477166664549245,W1+W2+W3,0.745595835525318,1.083271794078493,0.05402559834795611
1121,1.0748620963309012,0.07227640335319399,1.1092875280150927,0.04535123510321144,W3,-0.00023377493312271014,1.0262444543407527,0.29255394134050716,1.0988340719499199,0.09099513044055418,W1+W3,-0.909375643482143,1.1092227065049411,0.054979716304972184
1122,1.0351771796750588,0.06216075112241458,1.0086152326635562,0.04797906533000363,W1+W3,-5.9334971236779666e-05,1.0084239566598583,0.276485612032459,1.0373148810617547,0.09168738360206387,W1+W3,-0.16401196449480082,1.0022182791544991,0.055109694772577385
1123,0.9785127541874938,0.09593981214058614,0.9794470825860316,0.0438773149970579,,0.0014714033265557092,1.0837681032622195,0.21977394232476644,0.9803937030498578,0.08701644787623646,W1+W3,-1.2172801483300404,0.9794470825860372,0.053034782131805444
1124,1.1548647718674212,0.08382576369479637,1.1239892558356523,0.04461304014496758,W3,-7.835102744380151e-06,1.5079984864853235,0.19988150546824968,1.2693995762249544,0.15604250087676402,W1+W2+W3,-0.20308146356769186,1.1239881165804357,0.053756512587656846
1125,0.9244284563784376,0.06200063090594678,0.9527241141194258,0.04603272654936747,W1+W3,4.703275706230414e-05,0.9645235304312922,0.18792126391925956,0.9914384304632886,0.08477851414236888,W1+W3,-0.45863882046603877,0.9470968669820203,0.05158123409713457
1126,0.9425918351304854,0.04991339766520377,0.9798932054524812,0.044194968010608744,,8.496578173211589e-05,0.8405618515629483,0.35227289361848857,1.0567204741718639,0.09104497183331212,W1+W3,-0.22686107958647028,0.9798932054524888,0.05189329689415866
1127,1.078386284063056,0.0611781593482574,1.0271765700213293,0.04673346420264374,W1+W3,0.00034064044441706187,1.297025938267884,0.17772408340745063,1.0079678039142792,0.09135634296550782,W1+W3,-0.5170106803033541,1.032839821898602,0.05406732988128413
1128,0.9915069582519433,0.05530040166262087,0.9822204697775786,0.042908137112359475,W3,-0.0005274378712796235,1.187515859795125,0.18009396811730788,0.9959447821467262,0.09261758458406838,W1+W3,-1.188788104440075,0.9822855883778928,0.05142539347213816
1129,1.045484251661225,0.07094918719546858,1.0259395109335057,0.04419040070382372,,0.00016707475432742314,0.8128083141915283,0.23125074015990638,1.0050901326845898,0.08873969704826352,W1+W3,-0.1406443539943787,1.0259395109335285,0.053912659109427684
1130,0.9410403696033128,0.062031785419734115,1.0017450174810885,0.04340557878489783,,0.024639935604762186,0.8508764771173783,0.31370707426792116,1.0132821109462493,0.09359579887238585,W1+W3,-1.1368526386785796,1.0017450174810945,0.052941926667502866
1131,1.109343192926385,0.061081467407376154,1.0511014261581564,0.043046278942626956,W3,-0.00036969964280153533,1.3241417232416284,0.21039987388147877,1.021725104363326,0.09016328617883512,W1+W3,-1.1030787002429037,1.050951850020857,0.052908269022184096
1132,1.0398843755930156,0.0603995066377945,1.0197695157514957,0.04306167482650082,,0.0006644281440513211,0.7073492433264085,0.30643889677836017,1.0538249344518495,0.0897822515410044,W1+W3,-1.0001602282669566,1.0197695157515037,0.05156805332173794
1133,0.979379974208916,0.05576842792082626,0.9439781405115594,0.045650036628046294,W1+W3,0.001235662957169481,1.163963480508242,0.21534642142203528,0.9874207263588679,0.09594091131568991,W1+W3,-1.1340591999972034,0.9522212124183792,0.05502489941302805
1134,0.9014512383113138,0.06316801049518572,0.994464381729348,0.0447644709819378,,0.000345437441506391,1.1996933709904507,0.20758876731251047,0.9611773386222647,0.09190976959943067,W1+W3,-1.3541314438634302,0.9944643817293675,0.05477915017270485
1135,0.9954421401154623,0.054280266194194765,0.9998358082165502,0.044438094831533326,,0.0005768930420089191,1.4358694651097594,0.14576181531274124,0.9776455540430202,0.08862953725234422,W1+W3,-0.7150909053512997,0.9998358082165579,0.054269157842981613
1136,0.9634677180698401,0.06720401818771933,0.9774425194621237,0.04691781869522706,W1+W3,-0.00045708254577725427,1.3397599506142905,0.17502694868650115,0.9566658169780311,0.09239000025463566,W1+W3,-0.9630769716427672,0.979275613998464,0.056457684294145376
1137,1.186459322700024,0.0593298656836203,1.1193920793524745,0.045068907770608936,W1,-0.0021608054753921024,1.3466344396311587,0.17259984266383158,1.104151989295526,0.08689614039783969,W1+W3,-0.48827292262846456,1.1193844601422414,0.05252862673682784
1138,1.0693027230078878,0.05677149142659759,1.0533226484750409,0.043782817339656194,W3,-0.0004494990249197528,1.2211171182534146,0.1879603521709355,1.0452860107068052,0.08920321665764662,W1+W3,-0.2007212425187035,1.053321142411392,0.05137363127500404
1139,1.0151662262809165,0.058767717103802124,1.0383973430426592,0.04634135276358604,,0.0009241469944152314,1.0830723527666117,0.18785341163222705,1.0203369575662173,0.09315412659364627,W1+W3,-0.6856703821524377,1.0383973430426656,0.05593461143226639
1140,0.9409706885422199,0.06830663400082472,0.9456012140538752,0.04598521983598354,,0.0008387635197557586,1.0201383835489721,0.19071795800263647,0.9235901273491939,0.09254739450242487,W1+W3,-0.27140246366914766,0.9456012140538955,0.05613160267256856
1141,1.0230400433924431,0.06806722704361788,1.0078032707426265,0.04591653422944303,,0.0022626142364421398,1.4793589322344016,0.20770815796956305,1.0435910199511689,0.08898130469058199,W1+W3,-0.7475521793817563,1.0078032707426359,0.056339441641940324
1142,0.9321104511717193,0.06571472648515739,0.9232261136884832,0.04517095578014771,W3,-1.1285611570599485e-05,1.1460740827970592,0.1777167927073695,0.9081782432788074,0.0900308191031968,W1+W3,-0.8083244432303687,0.9232299227366163,0.05495131610262786
1143,0.9377980063068045,0.08195569785959175,0.9013565040876667,0.04423353185933497,W3,-0.0005801931737741128,1.0040644964575722,0.2719424980946541,0.9244217036210415,0.08964764661707346,W1+W3,-0.4931343363975458,0.9013663743784717,0.054095856128189554
1144,0.9396354488801255,0.06002150507712848,0.9650010624831858,0.04502755778587501,W3,-0.0012785072669911912,1.0242589070593853,0.3037672713089975,0.9825535209926912,0.09177743446931139,W1+W3,-1.159644074764568,0.9650682795551827,0.0534673646247275
1145,0.9596799573357379,0.06851281278581325,0.9513966588527121,0.044226858140282856,,0.0015466803501791304,1.0057972916663267,0.22800697383358629,0.9571145272032319,0.09173780032221825,W1+W3,-0.4378310098465228,0.9513966588527297,0.05388918750870911
1146,0.9670165362641417,0.053138629242143326,0.9303973912369579,0.04624709278427332,W1+W3,-0.000506617256975872,1.4897173919045106,0.16460921208136742,0.9666743104993221,0.08869655335131726,W1+W3,-0.08546700611970692,0.9255407587465398,0.05211071259484871
1147,0.9698159006425182,0.05510744405721874,1.0236504397812793,0.045729641682267806,,3.0513927435471544e-05,1.3489626471338627,0.15029192863431906,1.032131464512641,0.09244479888131904,W1+W3,-0.19029891243005181,1.023650439781292,0.05355916034833965
1148,0.9901610857237586,0.0691950194225626,0.9854902636819504,0.0475278324253515,W1+W3,-0.00010368355603240786,1.0197829430083996,0.2675994905913906,0.9833199162766711,0.08981812090531352,W1+W3,-1.5939885675384744,0.9839932937404414,0.05562898642723278
1149,0.989360213375295,0.06274377024536697,0.9931365436049857,0.04447353484170222,,0.014849639136588877,0.8912809075664452,0.23567202307728372,1.0289973904847116,0.08907965057813605,W1+W3,-0.31304261120856225,0.9931365436050067,0.05349535839119079
1150,0.8808601134080051,0.05575988775536661,0.9016331658858535,0.04516172584254824,,0.01303196360237635,1.0420371091113185,0.17797598599882208,0.9263354389886427,0.0919702681784526,W1+W3,-0.511161607741883,0.9016331658858692,0.052983750090349634
1151,0.9866162430167432,0.05498704743127175,1.0119364823859813,0.044897654026578304,W3,-0.0020525271787779076,1.188234249643181,0.19471763783127816,1.0627696187189284,0.08752859029036282,W1+W3,-0.20532488110217173,1.0119359626686752,0.05352817043231058
1152,0.9929802213275727,0.06023581656890361,0.974615567913122,0.04463007312384762,,0.000559682932913752,0.9737191276799069,0.2601142004590894,1.0137091057948941,0.08811645261047689,W1+W3,-0.7061474652484279,0.9746155679131435,0.053249566820821555
1153,1.0821293119481987,0.0628667413217873,1.0390401932422042,0.04519673593606658,,0.012428385864514446,1.2298961549213059,0.17735425182769443,1.0827865597029314,0.11120906315178677,W1+W2+W3,-0.4188181978574228,1.0390401932422149,0.0544062720761998
1154,0.99058487218179,0.06236087693140578,0.942267819720325,0.04460799243263145,,0.02392423708767666,1.294272472319628,0.16131067363022175,0.9285094669315548,0.09218292156829413,W1+W3,-0.844173940496308,0.9422678197203307,0.05465708754606038
1155,0.9627284112928348,0.0783914665242078,0.902801618359093,0.04468563965327115,,0.00013848778064140532,0.756229715359197,0.24146039086146232,0.9498755724772215,0.0887419853623725,W1+W3,-0.7386446723913949,0.9028016183591099,0.05413499829678515
1156,0.8924509890984902,0.07510679731641696,0.9753812857281865,0.04698528298168681,W1+W3,0.00023425806961707707,0.6972447245557096,0.2881198527305771,1.0035570561240654,0.08986964368577634,W1+W3,-0.7378090516280622,0.979008396187596,0.05673275228686998
1157,1.055011932390624,0.05604891677239885,0.986720318140948,0.04434394844777535,W3,-0.00024584668425209344,1.3088246691323113,0.15305260356660597,1.0031528833130297,0.08941870522527536,W1+W3,-0.8923165340788586,0.98673309281438,0.05244853207883537
1158,1.0655436367458082,0.05776946853279141,1.0468022933271848,0.045328337664160466,W3,-0.00026067638178517427,1.1469826433132775,0.17828184147200352,1.0219378982815182,0.08984453028394136,W1+W3,-1.1218940096262067,1.046843272205094,0.05363462489061092
1159,1.0004988205782026,0.056107416251643526,0.9951133745846725,0.043560095841770806,,0.0005155738430051571,1.011066071838518,0.3103602373746606,1.0213922747882533,0.09090414213204998,W1+W3,-0.27124491065733025,0.9951133745846739,0.05257374348427854
1160,1.0788747492395685,0.06741098675865699,1.0650999690264027,0.045017343460447695,W3,-0.00014165136937993594,1.206205836534018,0.25843923273283037,1.048841946176774,0.08935712973457022,W1+W3,-0.43885722036383257,1.0651232446152563,0.05482262136120029
1161,1.0036403375364393,0.06847943768412983,0.9769972343163359,0.04414090448899436,,0.003124684070011874,0.8961336965545121,0.32146105866881414,0.9970800294696689,0.09193114709352208,W1+W3,-0.21282870215768313,0.9769972343163443,0.05460066754256166
1162,0.9137700529894499,0.07952877755903513,0.9694603204253681,0.04512438298959312,,0.0007508543584080485,0.7731164179254808,0.20955863422710155,1.0061205764916668,0.08718346059370097,W1+W3,-0.8460942624794576,0.9694603204253713,0.05501879179864164
1163,1.0518486990880913,0.06997183124733704,1.0534536200387798,0.044428892759381736,,0.005581932699403325,1.2299659651521306,0.19182685381243306,1.050976786966791,0.09087123824124696,W1+W3,-0.32682178821300667,1.0534536200387745,0.05376503564751837
1164,0.9726316970061583,0.05789170824878464,1.014251037158397,0.043673260734241694,,0.0025977155074325964,0.9260662121129373,0.21775902802540234,1.0355480687992265,0.09139258155011469,W1+W3,-1.0045278997945495,1.0142510371584108,0.05246944099901228
1165,1.036967811928547,0.06213172910549618,0.9998563194413148,0.04389176320606457,,0.0021159250723119527,1.040254930461778,0.18293521636368568,1.017552886269333,0.1133861088939054,W1+W2+W3,0.02484221162165312,0.9998563194413328,0.052755806353601234
1166,1.0046237819415629,0.0676682577547516,0.9504167900336318,0.04481526744052267,,9.683731923804118e-05,1.0890741285899204,0.19617770220987946,0.9642274169698739,0.08913949177513285,W1+W3,-0.27882659544605914,0.950416790033656,0.05390197813356896
1167,0.979903534636162,0.0641935911614967,0.9777748617427025,0.043263603458941265,,3.4411841737025384e-05,1.3574983316317835,0.17035351629176668,0.9548738440188453,0.0893521428059042,W1+W3,-0.7227169274795351,0.9777748617427069,0.05458503141082195
1168,1.0638567778963572,0.0657865805796264,1.0433675804339033,0.04498580158563181,W3,-5.89950290397212e-07,1.0401774471301837,0.1881263695432098,1.0170802265149688,0.0933237655947942,W1+W3,-0.35647414610429706,1.0433689377907556,0.05483529908222087
1169,1.0562734805027232,0.06059962654764598,0.9903900433738042,0.04395640618178155,,0.0006128411659185318,1.3434411652175162,0.1645921149463509,0.9821918161729382,0.08637420356400541,W1+W3,-0.7171300425171161,0.9903900433738069,0.053949371239106536
1170,0.9595451284676481,0.06293513545167602,1.031926918404011,0.045341201486705535,,0.0007487368327510069,0.8360759544016867,0.23739662133048206,1.002178707817133,0.08769602610668363,W1+W3,-0.307132067929345,1.031926918404023,0.053781544894427755
1171,1.008337939494981,0.06624391150028085,0.9771175375613298,0.044170032311006094,,0.0008154568671407958,0.9207724601841478,0.29581910587914095,0.9739127006074683,0.09116319391478085,W1+W3,-1.3010354963595923,0.9771175375613521,0.05253742739701927
1172,0.9655736907666541,0.07158610512053645,0.9271914795471212,0.04533428710174641,,0.00019753911578668237,1.306397881601691,0.17139080395385548,0.9618465058942424,0.0887936608927348,W1+W3,-0.758092276472567,0.9271914795471268,0.056292927799257146
1173,0.9804996671039149,0.057599976105607284,0.9547283602596685,0.044723253723188,W3,-0.0011908358779644246,1.06572140208482,0.17168166004301555,0.9868116692347481,0.10857220081225104,W1+W2+W3,-0.7372862912047431,0.9547277897706427,0.05248164287651249
1174,1.0028477667388096,0.0537518311015146,0.9985004244903504,0.04501974622935515,W3,-0.0005131125070043652,1.3597992883459915,0.14227245843864342,1.0048419587784223,0.08961954480492568,W1+W3,-0.2222871014673231,0.9985188915474567,0.05383681946265873
1175,1.0334974098979326,0.0643101948218997,0.9880466153682138,0.04484322505386311,W3,-0.000465218070829998,1.1758198711875434,0.21113349175808216,0.9657348488057229,0.0901378014212494,W1+W3,-0.7328937817477552,0.9880836382714562,0.05678450790398282
1176,0.8683986896693996,0.0648854376907126,0.968881515481168,0.044556956650741344,,0.0016982519177703992,1.0147753326821978,0.19509060004382148,0.9902802924431148,0.08736274211531644,W1+W3,-0.4793068702755079,0.9688815154811766,0.056035972432660966
1177,1.0335073098211902,0.05939856929859139,1.027168097757639,0.044921932628325965,,0.008180062777928043,1.1335106020441188,0.19970803667774076,1.0419044581575785,0.08882073616246032,W1+W3,-1.0473688156028267,1.027168097757639,0.053453027080168726
1178,1.0003950808878386,0.06424336224858791,0.9878051094087389,0.04423092766084074,,0.00021262431949065075,0.9064086880766803,0.21950247714933285,1.0200577510014819,0.09162880499443496,W1+W3,-0.1372105424139356,0.9878051094087489,0.05247644029833064
1179,1.0281321173931484,0.06779719932540502,1.0237743672955044,0.0438438948735338,,0.00089991555866753,1.0438880652234388,0.1851712942079043,1.027254243434519,0.09073781778483705,W1+W3,-0.2337066800936789,1.0237743672955086,0.052913063950711436
1180,0.9687823182112869,0.06636987840319644,0.9873625244071248,0.044613600684880135,,0.011950069488272597,1.0098287160414294,0.2572145344656778,0.9828954413468804,0.09439428334315154,W1+W3,-1.0016725929308805,0.9873625244071375,0.05363927528203807
1181,0.9824843779850199,0.05755407570287319,0.981907763724371,0.04420124272500517,,0.006823694343228048,1.1933801429687516,0.1681762226936931,0.9610946216771051,0.08978434604998696,W1+W3,-0.2798577292028597,0.9819077637243891,0.05361948355928835
1182,0.9688211599298334,0.05569265670258781,0.9523940009561678,0.04481413526337908,,0.0008794479105898034,0.9955882879289704,0.19653900031763388,0.9414379479924769,0.09666607192061759,W1+W3,-0.9620280366811649,0.9523940009561712,0.054110303973513726
1183,1.0255738597394757,0.0580591529580127,1.00175581731646,0.04572002585391099,W1+W3,-0.0012061519909218887,1.409078456235456,0.16723244945633442,1.0276687908516342,0.08762268211930932,W1+W3,-1.0630302112127943,1.0051191365209837,0.05307576511115253
1184,1.073401943084334,0.06370517559439497,1.0787114016579618,0.04433004521180919,W3,-0.0004033387277528888,1.0479235742281878,0.284695863093285,1.0810757439813443,0.09272829960244483,W1+W3,-0.9320126360990848,1.078723599310269,0.05428193272281371
1185,1.072071595525071,0.06317498331037824,0.9713180169931983,0.04398313314790296,,0.0068220732223380764,1.3043747546543805,0.21904679537484018,0.9577193624966259,0.09327319176336098,W1+W3,-1.188214934542028,0.9713180169932133,0.054417823275476764
1186,0.9804806511648347,0.0704000113962294,0.959915023291959,0.04588070906399386,,0.025452021204977804,1.0793683717870173,0.30479968501836385,1.0078975237867194,0.08874443356180733,W1+W3,-0.23032113995878944,0.9599150232919763,0.05579633656423875
1187,0.9868589740380439,0.06743392293999365,1.0162143788882743,0.044940186506179924,,0.0001350933345989347,0.693417624320743,0.30696537068541646,1.019831816643543,0.08961146217823623,W1+W3,-0.19098768062194083,1.0162143788882976,0.05251603517240888
1188,1.0289133675675213,0.05731785199785223,1.069452849009667,0.04499374954267566,,0.0009685716240364073,1.4450842380720814,0.14397460268955717,1.0568005625026238,0.08845045788429148,W1+W3,-0.22722101691098828,1.0694528490096724,0.053711418179890925
1189,1.0393408834182865,0.06656896570254256,1.0497744895801326,0.045573372864871016,,0.0017694828947467656,1.0693144809077992,0.2268125869136032,1.067234009881172,0.09335991729038988,W1+W3,-1.151319632923098,1.049774489580142,0.05639250213209671
1190,1.0548223689271532,0.05676654457936685,1.036203689935467,0.0433973404888384,,0.0004788879058255091,0.892042678219066,0.29931649470188276,1.0420817867328689,0.08832525996152404,W1+W3,-0.482317538376833,1.036203689935473,0.05263616671875092
1191,1.0555642424869989,0.06274505026837636,1.0426294085878087,0.04424908726447942,,0.001903613745984245,1.1218063063445771,0.21187508699080235,1.078361574553378,0.08991255229923757,W1+W3,-0.3355457993710438,1.0426294085878292,0.05455282570971426
1192,0.9904260347203188,0.05938649067072442,0.998533448615514,0.04601171982443364,,8.052690528259632e-05,0.9865890347494506,0.23112311134823754,0.985520290496431,0.09433261992672182,W1+W3,-1.2312216245457819,0.9985334486155237,0.05530897246793375
1193,1.093972603325026,0.05944024148048027,1.073660411002012,0.04434172193276256,,0.0012143539767031086,1.7675156612633873,0.15370139090654852,1.3305257914422355,0.10413358302466008,W1+W2+W3,-1.5028811560255626,1.0736604110020282,0.054868628606921516
1194,0.9301171025457026,0.06144355564821412,0.9646811631954753,0.04437537827302592,W3,-0.001046165112449593,1.1462819587081177,0.19702624911995578,0.9732265938518225,0.08677793179628054,W1+W3,-0.32352944988026167,0.9646067962811644,0.05306890442906878
1195,1.0464462299582753,0.06608795665102163,1.0379634665324537,0.044809268741262585,W3,-0.0001479420583017088,0.8767614822036149,0.2703945719468205,1.0315010653604952,0.09477821792576147,W1+W3,-1.2598011591143887,1.0380115852699505,0.052909393087503837
1196,0.9321537929038658,0.0741514332677587,0.942706645815505,0.04776413435384881,W1+W3,-0.00012103914388550407,1.2229589926809632,0.17313283572664762,0.9178668029947911,0.09559118435397794,W1+W3,-0.18236903954100114,0.9415831416218459,0.055388892290988895
1197,0.9538228309198571,0.06007417832933753,0.9432835631859451,0.045510756632806876,W3,-0.0009816371696267367,1.20942828068577,0.1699554210851467,0.9922263756321136,0.09099114932957415,W1+W3,-0.3637288741819056,0.9432443331614784,0.05482617600970954
1198,0.9072851312990983,0.07642003764825972,0.9040347932215117,0.04464636312829708,W3,-0.0005188325153007156,0.9108700129382188,0.18404241831103788,0.9230219688560481,0.09003124030135275,W1+W3,-1.0346741676161457,0.904141259789879,0.053807765231860344
1199,1.1001965360877288,0.065944441430045,0.9902270232724821,0.04469881129154925,,0.0414941733480676,1.2586053245595146,0.19671167079590585,1.061409311037101,0.08959104117465412,W1+W3,-0.9180662281273975,0.9902270232724697,0.05543996857802319
1200,0.9308233303478963,0.05830617522381642,0.9362904024758484,0.045229706826078006,W3,-0.001035297146801284,0.9990042307327114,0.1966151638591784,0.9534387056497081,0.09282523549296998,W1+W3,-0.6284868827382653,0.9362737957153184,0.05348916384332735
1201,1.0120674812340944,0.057976497996844345,1.0129988529207938,0.046286469393488745,W1+W3,-0.002134407331438659,1.0955245273443035,0.23662163864150304,1.012615754267078,0.09136918061656554,W1+W3,-0.8619851728847223,1.007089054291972,0.054056985557726485
1202,0.8325816488439565,0.07060637489930363,0.8660154808233886,0.04476967566841117,,0.00027574653169093466,1.0746384019180577,0.1891704208015801,0.9046366748181451,0.09182925140236695,W1+W3,-0.25780206969743347,0.8660154808233923,0.05580785090340482
1203,1.0831286895766081,0.05767495763974604,1.0720061057833332,0.044475091410578274,,0.0021509772252006343,1.4500430033680587,0.15923598484933596,1.1901637924682547,0.10932516022620346,W1+W2+W3,-0.9922328526959348,1.0720061057833508,0.05417769931020448
1204,0.9419043943467384,0.060557418643738314,0.9528471373035915,0.044053124851309564,,0.022711110720615935,0.8855718069012414,0.2177711803823798,0.9716364845474518,0.08807476795124533,W1+W3,-0.8316984905792033,0.9528471373036056,0.052377347659439785
1205,1.059640934173796,0.05676760013917416,1.0195854333712864,0.04582516041395485,W3,-0.00022877813002875058,1.325500779005626,0.16590033338877283,1.0161864415474766,0.09371063522330934,W1+W3,-0.28988810252193886,1.0196306913927689,0.054582892516489845
1206,1.059823210620455,0.06798846127044902,1.0396159159035572,0.04490407080249157,,0.00022910443442381023,0.960603763664776,0.24037092186334832,1.0472607851086546,0.0900870838949407,W1+W3,-0.7410872754648921,1.0396159159035614,0.056640421158398416
1207,1.0293835780890639,0.05555535543734617,1.0237435820051084,0.04439808580788241,,0.00035574756600187385,1.4967134067423153,0.17842010305024658,1.0132929531521742,0.08698213363538611,W1+W3,-0.9802040513900003,1.0237435820051146,0.05392662769093246
1208,0.9276109884598275,0.062326831556631046,0.9317571904235417,0.045778581594666336,,0.017848100214731488,1.1752364611514996,0.1889675161983459,0.9449723785974852,0.09242879918109348,W1+W3,-0.586632153745029,0.9317571904235675,0.05450503069411705
1209,1.1143026033195575,0.0626217868071258,1.0707722892519111,0.044498717486322135,,0.0004086875849553806,1.4053529290682902,0.19820316732277782,1.0731154637303948,0.09249070332949479,W1+W3,-0.7484507584721847,1.0707722892519274,0.054583402470165375
1210,1.01794421329885,0.06390917664779923,0.9953007846923222,0.04529186266777373,,0.0001185155695138107,0.8208745460561938,0.29457585774340506,1.0160151308306458,0.09191769352075888,W1+W3,-1.021182292109149,0.9953007846923313,0.053466753772848874
1211,1.0983943364160917,0.05414027546164309,1.0836842763056356,0.04600471114761561,W3,-0.0007635030307655555,1.4080180015148673,0.17257367786910077,1.0627407464248508,0.09025084395108444,W1+W3,-0.6310679113591107,1.0836483509887487,0.055039233598285324
1212,0.9297843561316261,0.057647155703846105,1.0119244318012788,0.04453303968005361,,0.009990561591905589,0.9583470326308724,0.22421194673107822,0.9881231465836626,0.08912209018098663,W1+W3,0.43450232606252115,1.0119244318012937,0.053458455146291606
1213,0.8928502046463412,0.06471006988899279,0.908369737315338,0.044944240228013,W3,-3.086198266277762e-05,0.8284811989783432,0.3405122104171422,0.9142102962955909,0.08979953437131044,W1+W3,-0.3006877153166094,0.9083134063029489,0.05434154794952131
1214,0.9684255404698026,0.053967872112444366,1.0046286769957178,0.05055772528733256,W2+W3,-0.008517772011221503,1.3807875597961974,0.18493496668000556,0.9890761008916613,0.08788108051279632,W1+W3,-0.8974671918294845,1.010926505450169,0.05085004789162313
1215,0.9736237596159213,0.05478180726869679,0.9972827394108361,0.04440119277435389,W3,-0.001958611610080041,1.5012251150717115,0.1621541906216895,1.0035956384027853,0.09187268286575234,W1+W3,-0.9395022089940532,0.9973955916399347,0.053301960109645885
1216,0.868491573003602,0.06271138910037447,0.9305815274418094,0.04413243901796154,,0.00041044072389961883,1.313665373816618,0.1678672255934405,0.9628896602273013,0.08735385940649472,W1+W3,-0.16077330921156374,0.9305815274418191,0.055233065167108894
1217,0.9603131723633944,0.07307631226427275,0.9473206866977638,0.04549363377802003,,0.00015644041597617786,0.982211901716103,0.18106217968419294,0.9944335248224557,0.09031440523280836,W1+W3,-0.944278032202476,0.9473206866977743,0.05434578906827638
1218,1.013473741723577,0.056537682929645706,0.9992942636825595,0.0444350777633421,,0.023639728361184886,1.0462982365638374,0.1840339565160389,1.0341959360138842,0.08922476379493062,W1+W3,-0.17743817310437393,0.9992942636825756,0.05162611196896488
1219,0.9427081018815257,0.06271605083989634,0.9257196735834488,0.04534149168223822,,0.0001906283746375692,1.1397883296622187,0.1903888868694107,0.9792366692118658,0.08864395584478914,W1+W3,-0.22768624395563464,0.9257196735834637,0.05578065714056301
1220,0.9939726975089448,0.06540456095665174,0.9907602661711158,0.04461745524528449,W3,-0.0007809674480041551,1.0497193585160494,0.29372722744783086,1.0382557539583654,0.09078066163817144,W1+W3,-1.104909161758993,0.9907545641161639,0.05517217477514181
1221,1.0266134187182392,0.06987135486836085,0.9891135503915776,0.04538119272103143,,0.00033824341322219453,0.5157990018712211,0.36002644791638033,1.030057135360358,0.09119986375440792,W1+W3,-0.021033818103262547,0.9891135503915847,0.054820642688387225
1222,0.9368579688101584,0.05924940973652451,0.908799103185665,0.04571158757202757,W3,-0.0001225748853741493,1.002890545803341,0.17540007049383782,0.9803726813564873,0.08833060773108746,W1+W3,-0.21074607754179908,0.908785196909744,0.054723456381612585
1223,0.9712104873491388,0.061702756260761236,0.9761139171125603,0.04486108981096908,,0.0003772912813495566,0.9938553010666902,0.23773984873263912,0.9901871722579064,0.08959758970853,W1+W3,-0.7699148350345482,0.9761139171125671,0.05464595900139655
1224,1.024423028157649,0.05712570569965964,1.0250259279272054,0.04463113411035294,,0.014880480619043901,1.2143896162095513,0.20127214641240035,1.0323088611743743,0.09040126313733164,W1+W3,-0.26716363678493593,1.025025927927226,0.053304121621909874
1225,1.0339669601677344,0.056397574836322406,1.0397027322305479,0.045017744315435225,,0.0005087582915823674,1.5853871736937313,0.1452862605617173,1.0301261309495633,0.09181882586699036,W1+W3,-1.2891054804591526,1.039702732230559,0.055135942252449395
1226,0.9096091589877173,0.06754080033001539,0.9678891250596726,0.04605519436766907,,0.0022102021573768837,1.1299798224545001,0.20988742974184985,0.9450577658638336,0.13818028370867588,W1+W2+W3,0.19974631600334192,0.9678891250596612,0.0554077828439223
1227,1.0939176614776431,0.05678636186904466,1.0838704627898708,0.04547993220522019,,0.001113893865460014,1.0438111578414,0.2687131306017131,1.082386113069813,0.09089792594288593,W1+W3,-0.9537151892263935,1.0838704627898734,0.05397377942122867
1228,1.0080136872814016,0.06554992444774535,0.9875917551932738,0.04497374070011694,,0.0038119224834280985,1.1195068385818139,0.2529222261571957,1.0061483081575033,0.08862285795555286,W1+W3,-0.4992832206775901,0.9875917551932781,0.055305804488694446
1229,0.9543765688990447,0.07353211353538139,0.9622341123139397,0.044890517362527554,,0.012015746702561003,1.0338465829963694,0.2201619417370688,0.9832267485908283,0.09150036064995797,W1+W3,-0.11638935717359544,0.9622341123139581,0.055319039850231705
1230,0.9272023381826522,0.06680110208999002,0.8962108583430486,0.04447652380618733,W3,-3.2630226524332784e-05,0.9356302400938328,0.18625707847137196,0.9610166358128519,0.0903078753896296,W1+W3,-0.09028660714108483,0.8962008058675114,0.05426160832544397
1231,0.9788097419502324,0.10002596122937883,0.9776414489143119,0.0446489094097951,,0.13207688005013196,0.7741659458526166,0.3205526219896297,1.0211817969072654,0.08774561692853625,W1+W3,-0.4122658911232584,0.9776414489143331,0.05450045921372969
1232,1.0932992840562512,0.08048451561340955,1.018806226305803,0.04481944078484519,,0.0002793635483113732,1.1199175944260884,0.25201262137510755,1.0650933083900596,0.08744137182920986,W1+W3,-1.2514185277056349,1.0188062263058077,0.05573965279856142
1233,0.9575619522720231,0.0588627773777169,0.9814550424519471,0.044726721995156246,,0.0005918357986782752,0.8702847234519309,0.2437413165847415,1.0367013645884848,0.08929551778229498,W1+W3,-1.0746710173449792,0.981455042451962,0.053698735827833674
1234,1.1191027208978093,0.06051716746999083,1.1112820176378517,0.04693252115555104,W1+W3,0.0004473171791925523,1.4366954282810132,0.16736583377001185,1.1007255851106414,0.08879435288394717,W1+W3,-0.18516443510771907,1.1104152570498342,0.05372532872153289
1235,1.0319075698455562,0.06442734231735163,1.0048689619644107,0.04441528331045179,,0.0003066502454824871,1.1039621570298188,0.259462145078885,1.0054273346852471,0.08998378365521091,W1+W3,-0.7667797724601577,1.0048689619644067,0.05343765360139996
1236,0.9567667745343573,0.051821571566074746,0.9910013434487701,0.045270188123582675,,0.010457749134828553,0.8634137321876616,0.2490618432004969,0.9580046730775177,0.09253464898967541,W1+W3,-0.6999270392585011,0.9910013434487928,0.052579533657077536
1237,1.012722355513788,0.0617000260042001,0.9842803323402013,0.04576807409159862,W3,-7.413847519988082e-05,0.962368664233445,0.1729695376538464,0.9741388934576207,0.0948226289665249,W1+W3,-0.39355912949608296,0.9843356872775052,0.05456945207436588
1238,1.097610512781005,0.06632896231880907,1.1043734065969408,0.04554816973449159,W3,-0.0011732630921228449,1.1383514182154482,0.20045451306910844,1.0809705273480252,0.0881100322880623,W1+W3,-0.84868877521059,1.10435900684582,0.05593441545563428
1239,1.0031986088386065,0.05906413645016552,0.9821754460263975,0.04383251379061664,,0.00035489290545775987,1.2226537218505384,0.18722585055309382,0.9778921094750326,0.09511517620264187,W1+W3,-0.9687875656354628,0.9821754460263928,0.05355867918689317
1240,0.9778749327346026,0.07582382234374131,1.0186878031820676,0.045107327335258636,W3,-5.3604992083400305e-05,1.036636391952747,0.22210792506362645,1.033698469479602,0.0932667294109527,W1+W3,-0.5714061227990399,1.0187192207219182,0.05676676890485408
1241,0.9592659250102227,0.06306668410979323,1.0172679087250982,0.04572823444737589,W3,-0.0005031266369499576,1.130917785540694,0.22136179918867813,1.0324460355878942,0.09318563828667721,W1+W3,-1.2385013227205839,1.0172406274124672,0.055954141084855066
1242,1.0147496667420648,0.05561829789953874,1.007745213454612,0.04498164676506499,,0.014183927395963636,1.4690022356340504,0.1612852204247236,1.0241014688127386,0.09008222259561896,W1+W3,-1.1316980632155875,1.0077452134546332,0.05345526612005067
1243,0.9009556881059391,0.07421021006974947,1.011623076914603,0.045565081378859396,W3,-0.0002837701925679781,1.0121111492034183,0.24672956006012434,1.0172728919144203,0.09174355041136376,W1+W3,-0.9165356282440946,1.0115947467435773,0.05766531167033047
1244,0.9854455207398867,0.06229887469725772,1.0187896906518712,0.04620260875249688,,0.0005899325295457558,1.30714338272857,0.16193499137048106,0.9859729037544915,0.09191539957383406,W1+W3,-0.7998077767635046,1.0187896906518865,0.0563622068849131
1245,0.9616051642444386,0.0572681580405742,0.9449831879496786,0.04799105663116796,W1+W3,0.0004233812216689614,1.2698004592585728,0.18570570589279617,0.953193789674864,0.09039357390517912,W1+W3,-0.5704088861415748,0.9433810389670708,0.05510430588208408
1246,0.9013944754531019,0.0607042193065751,0.9353581377760957,0.04457599466825945,,0.00011690134823183485,1.1119801751056342,0.16749170013868972,0.9806219192096556,0.08674698888039643,W1+W3,-0.9811278420034135,0.9353581377761114,0.05345417106928382
1247,1.0499693000411774,0.057790141304947557,0.9848046263033227,0.04724191411758873,W1+W3,0.0003296393442671075,1.4010079219763698,0.1915250766838318,1.0008710045015086,0.08874784038380332,W1+W3,-1.2040102604969043,0.9805120497788004,0.05524121902292509
1248,0.8875337451231717,0.07378338323996228,0.9617317984833544,0.045692404145564816,,3.9214913737595225e-05,1.1185964163684021,0.20043960152375026,0.9949373557381981,0.09136953680841144,W1+W3,-0.6744694187152014,0.9617317984833686,0.05566675521008912
1249,0.8807459405553766,0.06928887732913089,0.9469793842922483,0.047175585006444795,W1+W3,2.0135011746802434e-06,1.0025118859027924,0.16721250928105033,0.9510820289055162,0.09073208568191399,W1+W3,-0.2643526282086093,0.9455060571625299,0.05585966255956851
1250,0.9272549300856089,0.0656727186789003,0.9603537558686002,0.04589884784264971,,0.0013801627598546418,1.2215758706362887,0.18692463252050473,0.9711231032183962,0.09170863578497926,W1+W3,-0.21673247711113675,0.9603537558686194,0.05625427550542697
1251,1.0257571180295344,0.06304980917380486,1.016929445996564,0.04480721449310073,W3,-0.00032310886903186287,1.2792641639345557,0.20589444709158075,1.16958929953047,0.10864297406994014,W1+W2+W3,0.6922193808049073,1.016928539979039,0.05525616942541257
1252,0.9001455525440488,0.08346705587924623,0.947710222392117,0.04557262520709169,,0.0003509897017703878,0.7852950623662507,0.2851840008112091,0.9999937178471312,0.08765158708429484,W1+W3,-0.3064318317867176,0.947710222392135,0.055884753880371334
1253,0.843319862030946,0.059737690501878216,0.8482316096184411,0.04344277912707311,,0.00027745622054897723,1.1247134413008488,0.16820300210532452,0.8824109629687034,0.09186859361971338,W1+W3,-0.8586343853751117,0.8482316096184629,0.053144241046746594
1254,0.9855102082068093,0.07220468695797212,0.9740979584751638,0.04350410525379398,W3,-0.0004008258896890382,0.808918016631344,0.23023814691753908,0.9767323108542697,0.09221893304408818,W1+W3,-0.9891134864886624,0.9740977637264948,0.05234123203234875
1255,1.030715722025434,0.05716355243926494,1.021636402822423,0.044525008447053836,,0.0035111153062903355,1.3012635721382726,0.1903770830651721,1.0108503676157896,0.08973641834760444,W1+W3,-1.0606016410759658,1.0216364028224314,0.055262287290034906
1256,1.0039673109285898,0.05336552658115156,1.03108166273832,0.0450685665695338,,0.0006831437785761452,1.1811633840734848,0.2132239408693613,1.0333142962485558,0.0912812754226727,W1+W3,-0.3565126830764136,1.031081662738333,0.05272969850236591
1257,1.1844502388025606,0.06778392892154587,1.114354619315351,0.044467667079926956,,4.106239883228113e-05,1.301710742833081,0.23272553156006548,1.2353318031436185,0.10798266941616758,W1+W2+W3,-0.7278209130269211,1.1143546193153648,0.053415821695710776
1258,0.9564140399772472,0.06315228143494367,0.9805297190005098,0.04627945339439833,W1+W3,0.0008770313324797385,0.9090053075941363,0.34390600247571435,1.0176035169973527,0.09031587668921932,W1+W3,-0.6892673302002059,0.9877193874007698,0.05273941166895379
1259,1.045734861438669,0.0654330920997975,1.0284485544623327,0.04476787736823869,W3,-0.0012501896470711316,1.1033285504913548,0.25320068577897503,0.9974695828339066,0.0908144923346322,W1+W3,-0.5131881646914387,1.0284374347364322,0.053624171442158905
1260,0.934323469824802,0.053439508553480675,1.016932372661303,0.0453709857993066,,0.01471860878344522,1.2894275934375534,0.15442024152197023,1.09749167050812,0.11241293675928754,W1+W2+W3,-1.2494806685383963,1.0169323726612987,0.05249384090864859
1261,1.0081008510347522,0.058639358286737525,1.0203187586255493,0.04557573379760551,W3,-0.000493777124674466,1.4143491976447289,0.19876018930058453,1.0283972827604104,0.09049561102130736,W1+W3,-0.9588658442747224,1.0203346402112987,0.05581009681553211
1262,1.027198008136435,0.05906006962159207,1.041743886213558,0.045014473483694716,,0.00031669980236959105,1.378160377336769,0.14614324553263536,1.0304843999966247,0.09009193162313149,W1+W3,-0.41484259992767747,1.0417438862135673,0.055129832802416824
1263,0.8879059269750375,0.05436942017744142,0.955507198797646,0.04458282644359285,W3,-0.0006107439830760342,1.1730557466426041,0.17159953964898322,0.9800975930388831,0.09027281986358915,W1+W3,-0.7836482859536673,0.9555092343325666,0.05310421922129991
1264,0.9189873776669726,0.057120791017591335,0.9195257097642766,0.044339640973760704,,0.0010154254909133797,1.0561408840741136,0.21192771808562325,0.9668039233355167,0.08896118915730454,W1+W3,-0.10902011948077828,0.9195257097642924,0.05304063543700523
1265,1.0688065029907148,0.06705887639480917,1.057600202401889,0.04621361227752579,W3,-0.0002520529667791038,0.8778617225447147,0.33755675886035885,1.0129924925522182,0.08960380926896619,W1+W3,-0.9851859271351664,1.057601110995393,0.058923854151258004
1266,0.8293536611325721,0.06258048124363633,0.940939856151347,0.04403758117524855,,0.01594943439869745,0.8601551138312605,0.2630168939464079,0.9273401840388641,0.09010241864369171,W1+W3,-1.2013583079335746,0.9409398561513558,0.05211643292083185
1267,1.0241234110449213,0.056790394453663275,1.0232847694850518,0.044877358355854706,,3.702681532047336e-05,1.4790777307443743,0.162951558790973,1.002562223593591,0.09181749621543756,W1+W3,-0.22216556636065476,1.0232847694850602,0.05453508800836798
1268,0.9120614479808485,0.0649800599797809,0.9426363743750799,0.04727814968452894,W1+W3,-0.001197259301443765,1.152132950180478,0.1808034071454946,0.9469267391160344,0.09269083515282965,W1+W3,-0.2733348257393402,0.9507615891746523,0.053967559192004744
1269,1.0060997870687227,0.06772356850744314,0.9453210341573751,0.04523007501488267,,0.00035996764132484316,0.9766035204845825,0.21092165511477168,0.9742012601284014,0.09169921430415125,W1+W3,-0.16282909666900736,0.945321034157398,0.0545677887392822
1270,1.0668043045043332,0.07355765868983612,1.0939900513906997,0.043956315919396444,,0.0006622728535594646,0.7912760186169085,0.2760082815425239,1.0603418071570354,0.08869093638142947,W1+W3,-0.7439655586009692,1.0939900513907066,0.0541019940856576
1271,0.9618895745705347,0.06731080173570092,0.9894178129617266,0.04578138291611761,W3,-5.5637788174855984e-05,1.0098069899006903,0.22946981299121316,0.9314243236554233,0.09473154742507689,W1+W3,-0.9701828591979336,0.9894180550657705,0.05490979581411603
1272,0.8392932525308574,0.07966968103600393,0.9371020817192174,0.044232254391557424,,0.00044479162265531613,1.0899029648948617,0.26904820708467164,0.9520779465603002,0.09048033944828873,W1+W3,-0.5151665146541831,0.9371020817192223,0.055374086097125415
1273,1.0192446421313588,0.0667813614005621,1.0242785505721475,0.044442691211048095,W3,-8.852889352262139e-05,0.9663308034341153,0.22216146720908433,0.998972301375832,0.09017962042558603,W1+W3,-0.12308310115901833,1.0242844611517563,0.05523635817289016
1274,0.9612322698246949,0.06870171308920266,0.9914970735077542,0.04445336391144269,W3,-0.00029530679701395,1.149674004993826,0.19361073268862697,0.9992711830806609,0.0909699224011999,W1+W3,-1.0029933138282345,0.9915379593173544,0.05419032676046492
1275,0.9450665230205813,0.06477962175614466,0.9750592285211691,0.04580840104818254,W1,-0.0029633513353184426,1.0110951385340523,0.19002408355560746,0.9787819737453709,0.08863181407374396,W1+W3,-0.41271330878827683,0.9776900114009959,0.05377602971960561
1276,1.0320998920088338,0.0662564116040308,1.0034904332997696,0.04469058754956675,,0.0003355216905287506,1.2839257721985549,0.1949615408668173,1.036937668320135,0.0885690326514677,W1+W3,-0.3565099850084472,1.003490433299785,0.05552483461869828
1277,0.9742505352490728,0.061192992983253,0.9312413001155562,0.04613419766125158,W1+W3,0.00019135397639136187,0.8984818957657583,0.24041369546348962,0.9257970395438692,0.0924969178182914,W1+W3,-0.915324351298576,0.9389345848864904,0.05334967854696352
1278,1.0428418058979023,0.06136038875656754,1.0341381098773197,0.043876306387139345,,0.0002603464355797058,1.1418361490555466,0.20032845646862255,1.0257521281304816,0.09485165824080394,W1+W3,-1.360354255649444,1.034222337197771,0.05254533473429886
1279,0.977934695336138,0.06245303541880816,1.0010647370440127,0.04541042312006848,W3,-0.00020065023545257077,1.0320191382597095,0.22351099398184485,0.9965072110313256,0.08936531829918694,W1+W3,-0.9065546256076864,1.0010703487019212,0.055877810417568306
1280,1.043896749472961,0.061514581569352494,0.9870612867552064,0.045806095209097085,,0.0006173652024914489,1.2277128168736062,0.19570066454624252,0.9965247370334864,0.09362038245305368,W1+W3,-0.103531841186431,0.9870612867552171,0.056219957570822925
1281,1.0347761447175172,0.07167126229530525,1.0167508645590273,0.045890576050548706,W3,-0.0005640544038270079,0.8928909792566693,0.2985558843368303,0.996306145807184,0.09361332067920161,W1+W3,-0.3886478438289416,1.0166154313506943,0.055022008116513296
1282,1.1413573945123645,0.058369077768827264,1.0783187224970154,0.044625532144585825,W1+W3,0.0011514810890949079,0.8548481083105912,0.4249696604131104,1.061518230847742,0.09065741555255319,W1+W3,-0.6619980953277818,1.0793049031431838,0.052908940878424036
1283,0.9745675410751587,0.06254155832200968,0.9996480196827665,0.04484668062396326,,0.01146102992348208,1.2420757673472709,0.21782445372671957,1.0270488485490932,0.09013492020238678,W1+W3,-0.8677078702491166,0.9996480196827875,0.05760025930386237
1284,0.9789187283247867,0.05577827539447438,0.9882360574770527,0.043728496650325806,,0.0005229968759294934,1.1185991949538903,0.17049665816444018,0.9499615141444389,0.09058563880072282,W1+W3,-0.3546246879622039,0.9882360574770609,0.051995268845320256
1285,0.8671209934770996,0.06375308112142308,0.8978826166217106,0.045443045449068284,W3,-0.0010597447329603327,0.9046397580934821,0.233897136868435,0.9516514666689861,0.0921920644723508,W1+W3,-1.3653130658576025,0.8978852279325984,0.05606109322757327
1286,0.926886725272491,0.05793908947893348,0.9179099085636201,0.04604072093499435,,0.0017307601043361487,1.352944157450065,0.14532520691269868,1.1611299633206342,0.10728223720167608,W1+W2+W3,0.28943460378593855,0.9179099085636427,0.05550991068989691
1287,0.8998492678180677,0.06818209917270658,0.9456288339347662,0.04416113420329995,,0.0024794633932652133,0.775024722212429,0.32881370364201357,0.9485190661502299,0.09315904473687434,W1+W3,-0.9643009754052159,0.9456288339347781,0.054021113594499466
1288,0.9950405038240273,0.06107966142724039,1.0462758964896828,0.04468732712665108,,0.005526499257245909,1.2446692886439448,0.2061259494707804,1.0407849135736575,0.09189368123479644,W1+W3,-0.45511179017411507,1.0462758964896972,0.0541316668193661
1289,1.147380798522223,0.061612499575739284,1.075875217883605,0.045312024147027244,,0.016616055951162778,1.3348910361273496,0.20627758267997529,1.0274599134796032,0.09169870066278239,W1+W3,-0.38332157570280145,1.075875217883619,0.05525425809441252
1290,1.1578073843067298,0.057189853845162994,1.2004306931286428,0.04438001440240911,,0.0002336087331080705,1.4121742030881506,0.19179896994975065,1.1426623660687243,0.08914183779078616,W1+W3,-0.8640990639467852,1.2004306931286424,0.05353832890187284
1291,0.9186165339290426,0.05582415680861868,0.9527575609961324,0.043808226066817856,W3,-0.00038758761686530363,0.8439303565673402,0.29898509204944124,1.0010446838972444,0.09102397125325457,W1+W3,-0.29513774378834157,0.9528016863299346,0.05289101260426695
1292,0.8253106997305498,0.0777174846494543,0.904016319761379,0.044423104674414904,,0.00010030819511896993,1.032109622710175,0.24803552315460783,0.9986720046995013,0.09064967989269712,W1+W3,-0.8160811977031024,0.9040163197613936,0.0552173965674849
1293,0.9511378971748797,0.05537747411167455,0.9519424443066209,0.04540309396477924,,0.003996494668699668,0.90969227376131,0.23426613527131226,0.9436584909783703,0.09248361034200787,W1+W3,-0.710737310894892,0.9519424443066317,0.05454409423523253
1294,1.035119429014359,0.05639303307456252,1.0152978751445634,0.04596692921444685,W3,-0.0009534730509761502,1.108602538718087,0.3000525860029835,1.0112544289333634,0.08881868743358001,W1+W3,-0.9583468701319866,1.0152967337695264,0.05583950884289832
1295,0.9402159309480961,0.07128497667978367,0.9459950353013974,0.045522882252880564,,0.00013333285088368285,0.8744023929155468,0.36381585361013496,0.9634429595115263,0.09114389970154005,W1+W3,-0.15507121103639676,0.9459950353014036,0.056008915314809386
1296,0.9743656112412434,0.05946290457824488,0.9723635560424856,0.05317844035805909,W2,-0.015234533072137069,1.28701334224708,0.2565278765773004,0.9602131591778579,0.08779413132551216,W1+W3,-0.5572756361450324,0.9695780227705771,0.05547982622217823
1297,0.9632964747693981,0.08700346061605238,0.9358901051226661,0.04453080806715891,,0.0002181330565731443,0.8222269247868476,0.29461162647907047,0.9483395708748533,0.08658680942785386,W1+W3,-0.35037703404037046,0.9358901051226785,0.05430695885802349
1298,1.002517526319179,0.056896444185735286,0.9896716600686241,0.044693362487739516,,0.0005351663438295517,1.2573867603189723,0.16612223866913867,1.0266262470052305,0.08546244656971509,W1+W3,-0.20248159028895785,0.9896716600686558,0.053727299328062264
1299,1.0431974519859009,0.060922636663387056,0.978286785062044,0.04489033928344506,,0.0002566023738470591,1.290159192557796,0.18331681955697057,0.9676063244753749,0.09242135753239049,W1+W3,-0.3232275882832738,0.9782867850620627,0.0556636025942039
1300,0.9456925709987708,0.06847915435127046,0.9461215364832244,0.04549484127801014,,0.00012353208406246097,1.345927510625097,0.16749567159655007,0.9611481649244535,0.08817537069568387,W1+W3,-0.8540326946662624,0.9461215364832382,0.05653163342945575
1301,0.932855066732657,0.05352438986030187,0.952004485685372,0.045331893319840694,,0.015512893422134688,1.2568162409980173,0.16618606511645045,0.9974446405848418,0.08816489501341376,W1+W3,-0.5885731118476158,0.9520044856853941,0.05281961017729249
1302,0.9856850785882988,0.06567454037782554,1.0450999862751342,0.04514934493754041,,0.00015554110351345685,1.0541536848285586,0.27061595704130686,1.0244507205870257,0.09266075093092858,W1+W3,-0.28060206838456736,1.0450999862751487,0.05500669707534905
1303,1.0477110306520323,0.057593416504179075,1.0387650858385924,0.04710532635706803,W1+W3,-0.00011631774645604054,1.2667511312574504,0.24646019639321137,1.0638782366062602,0.09054733322579958,W1+W3,-1.0290407978927227,1.036198231696686,0.053958702001652106
1304,0.9997865074014862,0.06314098340826406,0.9687752341809553,0.04470351178711227,W3,-0.0003264298084300066,1.1237917620050557,0.16775340585735823,0.9553912170729411,0.09313303739742314,W1+W3,-0.23978634205852956,0.9687871179701952,0.05521561290423808
1305,0.9847666989083826,0.05801574081779635,1.0067077906733686,0.04518915972690395,W3,-0.00017458401624637077,1.170441797826376,0.16799387981485903,0.9953057099575401,0.08958284084351967,W1+W3,-0.19664289114322386,1.0067292693419037,0.052816478748976894
1306,0.9991730188301817,0.06114363725934835,1.0092619905849147,0.044188259459895476,,0.00032728757401123687,1.19010196986965,0.1927448935392309,0.992169952808603,0.08966933956010986,W1+W3,-0.4534480809226977,1.009261990584919,0.05359317608413841
1307,1.0146370732070387,0.053820255944852236,1.0130899611382214,0.04652078314888558,W1+W3,-0.00021551541883901848,1.3323953087397078,0.18428401197499292,1.1578509921785365,0.09369209337895762,W1+W2+W3,-0.5973160746350636,1.0097401907893289,0.05324210155750614
1308,0.9518384553785392,0.06035682159390201,0.9473727147590434,0.044683523732315655,W3,-0.0005544593376871632,1.228295903042742,0.17171960352371787,0.9825688878700969,0.08972248124547237,W1+W3,-0.8215046843299803,0.9473513528107852,0.053028810384794456
1309,0.9172864657052971,0.05737886737563547,0.971749210185509,0.045619613097494814,W3,-0.004259463013571718,1.4835197506050302,0.15375610691584152,0.9852153860326619,0.09077446716496612,W1+W3,-0.23831058458857868,0.9718175640612486,0.055740849599450054
1310,0.9870996348298764,0.059711601726606764,0.9661247127329213,0.04495494144647444,,0.00126732611475866,1.322900487387852,0.15547886564592833,0.9721142425783935,0.08630087031497699,W1+W3,-0.45261136752883857,0.966124712732939,0.05493073082693452
1311,0.9703509882979424,0.07285080889657637,1.0470810550689833,0.04459111889853198,,0.00045596651810786426,0.8721655908709155,0.25640241378530737,1.097815216976201,0.08903046554959801,W1+W3,-0.3958948566350564,1.0470810550690042,0.05372619700603668
1312,1.0844382299847668,0.059327615329144594,0.9978830305968867,0.04514263712605129,,0.0003010636210118989,1.130369566775126,0.20568629024993493,0.9879431630137828,0.0948507863683439,W1+W3,-0.6310849265245544,0.9978830305968822,0.05457497143800152
1313,1.0880029203010535,0.06493017271575816,1.0602047898347404,0.04767989651573355,W1+W3,0.0007998109984743706,1.0590283392898125,0.2544084448050428,1.0161092714315214,0.08902300927622643,W1+W3,-0.8840089425832858,1.0526622188468622,0.05439813104905033
1314,1.0455692646198882,0.05470014000397137,1.0237636790346134,0.04448762696316925,,0.0003143101529294867,1.3826204722915754,0.17388426944719768,1.1485863774665974,0.12384943980393312,W1+W2+W3,-0.38681779735198063,1.02376367903463,0.051084400090696314
1315,1.0635781148730137,0.07162502622997345,1.0160600723131215,0.04559685737646307,,0.000492000659409797,1.0595707699458508,0.257910314094395,1.061182436286566,0.08635770724116938,W1+W3,-0.49347742531465144,1.0160600723131363,0.05521197031494921
1316,0.9642682504413628,0.0970983883829969,0.9397309776888284,0.045032972023114445,W3,-0.0003104170966814479,0.62718701769636,0.30304243124147273,0.9560680909141659,0.09156116459728406,W1+W3,-0.23567886077629652,0.9396923887200599,0.05709774307604874
1317,0.9715159637109924,0.07706176763327822,0.9678382658649254,0.044239762299256316,W3,-0.0005877169130439341,0.8751886448593584,0.2860528449863746,0.998095936609937,0.09046651991101953,W1+W3,-0.2822491965859548,0.9679398026144308,0.054560488087464186
1318,0.8947225254810081,0.07729894714794257,0.9571566834364764,0.04420510334135534,,0.00011829210506775212,1.0861818596402124,0.23042504598515662,0.9598055717182131,0.0908912867533375,W1+W3,-0.7161602989356233,0.9571566834364899,0.055496963496870805
1319,0.9280341433551563,0.059159861429696474,0.9435997887763106,0.04358590282107656,W3,-0.00020526180629776292,1.1441729510353973,0.2059163796969978,0.9712944087869467,0.08632725781624354,W1+W3,-0.20797619535463951,0.9436435152623551,0.05342357174628379
1320,0.9687281062953216,0.060995378337458314,0.9604697770519276,0.04529564550004975,W3,-0.001312067655330651,1.1112718701773305,0.18138457711051967,1.036008811156312,0.12150319401447904,W1+W2+W3,0.1196536766138081,0.9604472008723189,0.05285427665613796
1321,1.0965690620776316,0.052650129282903996,1.0410264921376364,0.04359877884425794,,0.0005195698891053979,1.2295872607077545,0.21315930535794123,1.0255729089828687,0.0918924372486749,W1+W3,-0.4382076380785094,1.0410264921376489,0.05206069191462114
1322,1.0428499412465055,0.0747999359031542,0.9711176685222477,0.045412603040912866,,0.0036180167443298217,1.0640883019232732,0.18788688866577838,0.9350030156145982,0.08984823487535648,W1+W3,-0.48335084953777496,0.9711176685222616,0.053280884572885545
1323,0.9208664684555719,0.05356310911810495,0.9915511343808193,0.04497104007393261,,0.013257438538955668,1.1083915410394425,0.1906140545339677,0.9526061613385428,0.09253075128289853,W1+W3,-1.1691823124959235,0.9915511343808366,0.05247673947339617
1324,0.8593174145731098,0.06873645186543176,0.9151811202594179,0.044234301516317645,,0.006572197845960304,0.7774463725318095,0.25291589206602655,0.9432672895834865,0.09227369209721137,W1+W3,-1.0321216871353371,0.9151811202594178,0.052671694104983485
1325,1.0302661606633883,0.05957131440147058,1.0284157399691036,0.04560222151107777,,0.001588946948391623,1.3315384666421055,0.16712602031201496,0.9917284305466431,0.09274891029496468,W1+W3,-0.6335533029706255,1.028415739969101,0.0543549647133639
1326,0.9727931295755823,0.06024104689698409,0.9686837568754985,0.04470242191205025,W3,-0.0001772639241304219,1.1276235391396616,0.16682297440264043,0.9713656703458783,0.08833139963186615,W1+W3,-0.5848032437612609,0.9686385380426854,0.053270019437981576
1327,0.9385135153434485,0.06615010437909927,0.9402979664218786,0.045077373605526244,,0.0014288027579354434,0.9055931139615739,0.2467334901009137,0.8984699242886166,0.0929949109564973,W1+W3,-0.8326261698271473,0.9402979664218736,0.05494891984331899
1328,0.863813712027195,0.05555179600229038,0.8998930077337695,0.04430853318557009,,0.005406636644429419,1.057094160548164,0.19986593732821176,0.9437612496501123,0.09044165557929565,W1+W3,-0.17182637000766832,0.8998930077337863,0.05316657558840307
1329,0.9463020845857468,0.058566487623519986,0.9352327187037568,0.04573361715546674,,0.00047666016073133477,0.9458237577852877,0.244039023841933,0.9753958915050995,0.08836924455939685,W1+W3,-0.7773094796512297,0.9352327187037704,0.0540348806496323
1330,1.006151283050258,0.0684110523520335,0.934316126311812,0.04431267152053381,,0.0008110832497223441,1.168841315285069,0.16910365438105984,1.0418146045055703,0.09882085106482062,W1+W2+W3,-0.4909145463412088,0.9343161263118308,0.054413930739175394
1331,1.099223216602558,0.06750580721251319,1.064381375546979,0.04391558161866396,W3,-0.0004731804405819773,0.8884599599617128,0.34414649235921524,1.083863511084659,0.16145751031947728,W1+W2+W3,1.271864182097211,1.064376308806376,0.05292775478335601
1332,1.0002483612532758,0.05857613661209712,0.9956752001495687,0.04456322631134891,,0.013833772681945966,1.3570520914110848,0.17767020914694995,1.005341678017052,0.09308667355040579,W1+W3,-1.3906987255241212,0.9956752001495848,0.053440631884467245
1333,0.9407561358898131,0.0547189295855136,0.986170045190002,0.04399075718831315,W3,-0.00010306606738819113,1.2972471157146381,0.17804906360667183,0.9729006568276206,0.09001532299898676,W1+W3,-0.4155188336333566,0.9861711720741574,0.052409047244352795
1334,1.0054286683610083,0.05197548771697701,0.9921134733986964,0.04393049974781,W3,-0.00012669633055040208,1.3865919452325244,0.1370305204513424,1.0196550307406467,0.0868693967005409,W1+W3,-0.9927566229854001,0.9920757659286795,0.051932943740372134
1335,0.9925937141343796,0.0612368159949744,1.069065137455377,0.04538299683820284,W3,-0.00015352217153541403,1.1558581393719254,0.2613403011057508,1.0562292215827693,0.08969784658892585,W1+W3,-0.7837755591777054,1.0690684114515687,0.05479515310811386
1336,1.0106535673290744,0.06438558050459424,1.0170144119139748,0.04493183432452287,,0.0011348173063607803,0.8947795645671125,0.2268698628985256,1.0338264020970365,0.08909786009070877,W1+W3,-0.5084837461748499,1.0170144119139668,0.0547006203833662
1337,1.0269269397865275,0.05951813468569498,1.0209389272642873,0.044815381784916335,,0.0003158600098389641,0.7454417411018038,0.3074013408614993,0.9818223303005262,0.0904788176410921,W1+W3,-0.6325494222380463,1.020938927264298,0.053188974515270895
1338,0.9424093034840648,0.06792732555258256,0.9384460080420717,0.04474012340700674,W3,-2.4636071772832224e-05,1.1581256747001065,0.1976962850981486,0.9357760984211526,0.09079443651670445,W1+W3,-0.16002979536619222,0.93842076870833,0.055794877104093074
1339,0.9466798078618972,0.06594894072794949,1.0079899783900816,0.0444875679512872,W3,-0.003999590915187312,1.1561652407486147,0.23600521291799287,1.003151117631056,0.08856294208313407,W1+W3,-0.3728002744362726,1.0078958748735842,0.05386262647723371
1340,0.9613907106742319,0.06166973642310532,1.0002887578114605,0.04462048082547205,,0.00014482947187666184,1.1805758268824238,0.1690547312910439,1.0014735058035198,0.09315986861867313,W1+W3,-1.168251411369532,1.0002887578114639,0.055058337628309945
1341,0.898522797312724,0.05697879544274242,0.9719940501870983,0.044903898242943774,,0.020338893304071348,1.123055083212773,0.16779713509456365,0.9065863374495916,0.10807341169603778,W1+W2+W3,-0.42276166854227526,0.9719940501870927,0.053938509469463936
1342,1.1125898234885623,0.06564099128920797,1.0811979342786537,0.04502344305531159,,0.00014391870954888475,1.0866376587844504,0.23985083897361684,1.0707752808371027,0.08998290076336597,W1+W3,-1.0200944256652704,1.0811979342786586,0.055363973576199633
1343,0.9686246389620763,0.06766280953107198,0.9716402265888413,0.04512277017014704,,0.000797079849098381,1.0627753865740477,0.20730604284187637,1.0166445922682785,0.08874694215860311,W1+W3,-0.16194855658447693,0.9716402265888568,0.0537102137198776
1344,0.8769190905116074,0.07500003564202291,0.8869142206532378,0.04406433637773595,,3.368012913895768e-05,1.0315437668927654,0.26666252739054225,0.896361970640084,0.08975209468163908,W1+W3,-0.23328114080074158,0.8869142206532569,0.053253622480808185
1345,1.0685158852819454,0.06771939190694061,1.0247928021146169,0.04382933022862963,,0.008308832033247171,0.89146808992313,0.2616571185333601,0.9980414866203571,0.09379534381694732,W1+W3,-1.445059661602233,1.0247928021146218,0.05224256199848411
1346,1.032230253358667,0.07064098953071994,1.020153226668539,0.045990204005000736,,0.00036182251042582436,1.062060163035442,0.2590475361989541,1.0030156190249748,0.09152949711061305,W1+W3,-0.9655139355419138,1.0201532266685593,0.05633000082573018
1347,1.0924418393053603,0.05466380040516631,1.0579665009628283,0.04413245704295394,,0.004701825253056846,1.5630575173347865,0.18129212028043096,1.049749920637093,0.08474275034949523,W1+W3,-0.3208787402309632,1.057966500962841,0.05476984725784645
1348,0.9567435691807705,0.057275657634303694,0.9729862659058304,0.0446505138401683,,0.001496308295372728,0.88725829090339,0.20264925341304846,0.9487598666449945,0.09247417815125782,W1+W3,-0.13632047853783646,0.9729862659058468,0.053389794523719655
1349,0.9112470291276539,0.06313169583069109,0.9577407286125614,0.044390762591650215,,0.0010840653869665928,1.197015654834211,0.20202178806540402,0.9878783920983492,0.0913721506066362,W1+W3,-0.853681323746045,0.9577407286125821,0.05459551177631262
1350,1.0655083569331405,0.05979112101365937,1.041311648569622,0.04581609162529441,W1+W3,0.0003682312901203133,1.1702136101101117,0.21311286859642414,1.0321567038869963,0.08821003700891054,W1+W3,-0.4518207712647744,1.0414417650680108,0.05443624488275269
1351,1.0418381899377935,0.06217772395286543,1.039941815177604,0.04540802818701649,W1+W3,0.006335466784578081,1.1633396525396043,0.1974183644545348,1.0326321004870447,0.08892294438141557,W1+W3,-0.63998373299669,1.0413273647449826,0.05263307725243499
1352,1.0313558363216182,0.06899239001501935,1.0211140461656585,0.04530119527885294,,0.01092623210902488,1.1275316258720403,0.19660091353429818,1.0348343384127336,0.0918605501404839,W1+W3,-0.8714056884079575,1.0211140461656736,0.05320116315343429
1353,0.9804710906877061,0.060908221683394034,1.0211788982308774,0.044849058376075876,W3,-0.00012891343700616176,0.9047154114662526,0.2557582079097345,1.0159577720193653,0.0868837428807653,W1+W3,-0.9937773653653927,1.0211788309893135,0.053071177873079814
1354,1.1020440424073845,0.07043579291421762,1.0693724748338322,0.04566370900420663,W1+W3,-8.027427913592788e-05,1.3900827842785954,0.15799371485320668,1.023659458795549,0.08889607048819556,W1+W3,-0.4023583045563335,1.0677702873915211,0.05441430047897946
1355,1.0912512935310155,0.05745127679592564,1.0672803155246577,0.0441099691913427,,6.722206891396354e-05,1.3199608791063369,0.16308727562619674,1.0090325231285417,0.08607892690913828,W1+W3,-0.36345001562115087,1.0672803155246662,0.05275584946004965
1356,1.003659582856615,0.05810872064511868,1.047548529326914,0.045313235529643586,W3,-0.00028082335254264734,1.3706413219175022,0.17553193586292504,1.0191990566529912,0.09246519772976644,W1+W3,-0.11183648860726336,1.0475576183982593,0.05431427801494668
1357,0.9420229813151452,0.06329983544639084,1.0214698646891074,0.04301733193263901,,0.0009744344827451457,0.7253430515318755,0.2874105159597943,1.0645703082120344,0.09235543018912488,W1+W3,-0.8435058077982731,1.0214698646891147,0.05159870853657716
1358,1.0430363399679392,0.06365086423176242,0.9941804368277345,0.044095721226691004,W3,-0.00015819257517790675,1.2781601299086813,0.2267906218818143,1.0075370318393522,0.08849931148648596,W1,-1.3724952409784628,0.9941841995849499,0.0549373510523114
1359,0.9888251956034632,0.05847998392492405,0.9684087247401302,0.044723315533685706,,9.116365951822303e-05,1.3099655379651647,0.17061997827005806,0.9944855007447628,0.08678929618580497,W1+W3,-0.8393813742431462,0.9684087247401356,0.05461647848576576
1360,0.9219716598277762,0.08688093915149116,0.9635217621570064,0.04473780553673204,W3,-0.00023429211288394924,0.7243401026125865,0.2692274169481895,0.9912862674436103,0.08831726636758745,W1+W3,-1.1331620324080305,0.9634481753035831,0.05506235071879325
1361,0.8799370263465092,0.0634554737707546,0.9178766025369234,0.0436680365676843,,0.00022923186599932421,0.7212454901197741,0.2589750052119663,0.9245707962797947,0.09285788658101363,W1+W3,-1.4298360749277066,0.9178766025369328,0.052442769652481035
1362,1.027822382870236,0.0661304327520857,1.0214158460783629,0.04464438633580023,,0.011511479656944879,1.0181607608021204,0.23686108221019528,1.0494582114655668,0.08952196490036178,W1+W3,-0.23434028238629168,1.021415846078381,0.05485043198631748
1363,0.9607205169124232,0.058319144332686826,0.9490863855414194,0.04634813400391869,W1,-0.0017825577072398957,1.2989912126308267,0.1552956479425533,0.9890176051070614,0.08632667174266614,W1+W3,-0.5658443384436396,0.9383773864805439,0.05446528591482861
1364,1.0116173767475067,0.05889897403550343,1.0330616699198278,0.04473396747605599,,0.0005190171169298097,1.1493833708276444,0.25744408303855176,1.0117741248481984,0.09178765852311098,W1+W3,-1.0223673843708738,1.0330616699198418,0.05316012546852051
1365,0.8576008060129628,0.07266458335186389,0.9244740026869216,0.04541054802659879,W3,-0.000923963531025862,1.0670783795869314,0.2925800705179035,0.9925142645305157,0.09059689923364711,W1+W3,-0.038793529458576614,0.9244714023958592,0.05553434060295653
1366,0.9496112795222235,0.0849052123820173,0.9258181958465438,0.04525881536474979,W3,-0.0001462648708994152,0.9953130958421836,0.20518112859055673,0.9290621139230955,0.08989189475559116,W1+W3,-0.4671358315874592,0.9258251434288829,0.05424002103868504
1367,0.9064522047500613,0.05770805929120307,0.8813150595750543,0.04500723543059322,,0.0032537013252031954,1.0209120549338229,0.24079264001483514,0.9184426035608638,0.09253186359445126,W1+W3,-1.0394325977495775,0.8813150595750637,0.05362518911655525
1368,0.8494191772149584,0.08263129390118472,0.9677774286985728,0.045599890571349756,,0.00021667459978225168,0.7752584565426353,0.33546495021484657,0.9852028666751036,0.08927999408719392,W1+W3,-0.7312348369464345,0.9677774286986032,0.05770982977446195
1369,0.9700918659930541,0.06109779521438399,1.0150053044987122,0.044711072274908586,,0.00017779901786596497,1.3196658999541744,0.16603472193210297,1.0906556388361457,0.09182755298646597,W1+W3,-0.16680168233848747,1.0150053044987357,0.053611845065111234
1370,0.9132479836336165,0.09558917297500412,0.9459675141585863,0.04541722797958213,W3,-0.0015333026996477983,0.8956385520925985,0.25006438911846435,0.9319524138865966,0.09087875228597911,W1+W3,-0.5739512839051493,0.9459770428618113,0.05605768380858748
1371,1.0438854977002996,0.05757506271644207,1.0242292763025598,0.043946363618051924,,0.004641024960104545,1.7052728835441353,0.1473687425161014,1.0278556781486476,0.08664701968832259,W1+W3,-0.05710573928433149,1.0242292763025742,0.05390347373808975
1372,1.0593462531045574,0.06163479386645411,0.9659104506252831,0.04851013539800769,W1+W3,5.072026591612655e-05,1.2561513914235483,0.16232736797226696,0.9888269096878828,0.09087663035303134,W1+W3,-0.7462005290558196,0.9652085570382953,0.05738690218613661
1373,1.0755058802369775,0.05910950845074698,1.0580060991428488,0.04484378477400636,W3,-0.00037779200786136613,1.3894495183376807,0.17575976841878238,1.0786954685851902,0.08515962458119265,W1+W3,-0.7315814077087168,1.0580059821138215,0.05360909541777897
1374,1.1182235340100686,0.06183066138239728,1.0627125901253363,0.044138306571385524,W3,-0.00022543999606838838,1.2528606974344163,0.2518398560628706,1.0193595955212216,0.09303553779979717,W1+W3,0.24825034176922856,1.0627096552022575,0.055182654124902066
1375,0.9429689323657227,0.0587050926034406,1.0059980948815677,0.044896003058933515,,0.00022947553120378217,0.7698773872781153,0.3212070859142116,1.0296706659682777,0.09127727079198021,W1+W3,-0.5390049642407355,1.005998094881584,0.0530844389686381
1376,0.9745124144775886,0.06016312655992814,0.9863175421143212,0.04419548905252507,,2.532523494735983e-05,1.1910041921308192,0.17425084914710212,1.0279713738384741,0.08898205801801792,W1+W3,-0.056785592052868594,0.9863175421143191,0.0526555214194208
1377,1.0306440197698905,0.060398316814948436,1.0398760455262175,0.044764682725138366,,0.00015416291506475943,1.1519797405555687,0.1823781064474984,1.0256332763725058,0.09219422316281826,W1+W3,-0.6416364168235731,1.039876045526233,0.0538862343652664
1378,0.8829029191965047,0.06011465566832449,0.9446101291878604,0.04411559975072358,,0.0019540080876989663,0.7303696300478115,0.3315737542015646,0.9775169857056276,0.08593380693723528,W1+W3,-0.38796794822470915,0.9446101291878632,0.052981017250555394
1379,1.0078492610618937,0.06198661368782898,1.0140634707146832,0.047218524627776585,W1+W3,9.385662281058416e-05,1.2890074521966155,0.17709399770155568,1.031529870819677,0.09380479762280358,W1+W3,-0.7815455055656884,1.0219747640786148,0.054522212301202785
1380,0.9068415538175691,0.06508136877398409,0.9137906810116566,0.04492540090373762,,0.005259568595498365,1.1019304637169554,0.18208196581154185,0.9606169452035761,0.09017983627305814,W1+W3,-0.6199502113585638,0.9137906810116787,0.055112796141826494
1381,1.0279901014141004,0.062319671965055036,0.9581977612109963,0.04357547929822722,,0.0029849979649032576,1.1719979801139266,0.1623231769368926,1.0292242216062653,0.08763401495695047,W1+W3,-0.5220931265534077,0.958197761211006,0.05386819206878486
1382,0.9135918917472586,0.062273348410518264,0.9400471130981576,0.04758891437210834,W1+W3,0.0006291289971693814,0.8345638929446696,0.19428351148941267,0.9679267633545803,0.09342693974513425,W1+W3,-0.9821340203114772,0.9412928548837036,0.053274561566586
1383,0.9946088420427281,0.05552696529920157,1.0004567793818064,0.045129008907494744,,0.0017442626377164316,1.2144755328910426,0.17409614852693694,0.9543968836962367,0.0907039318364113,W1+W3,-0.5199863670698761,1.0004567793818242,0.05332120294586513
1384,0.8901317553387129,0.05897710817422334,0.943844116903315,0.044837587197921705,,2.0002910012806296e-05,0.8245042070948931,0.2275253329163986,0.9270652722142276,0.09260884568010624,W1+W3,-1.1591720840934592,0.9438441169033299,0.052346550549267054
1385,0.961994592315456,0.06326367146236472,0.9114495392881876,0.044119095699163544,,0.0029659111845603547,0.809325498520676,0.24539907555399457,0.955138477932963,0.08526795556905221,W1+W3,-0.39769956783874605,0.9114495392882132,0.05312540070183317
1386,1.0003470123606208,0.06644041164813018,1.0124077926626387,0.04397023205968341,,0.00045788728590157035,1.0740943563545333,0.20060639196826538,0.9936831445395414,0.0921216392080912,W1+W3,-1.1628966278238764,1.012407792662653,0.051994277092638104
1387,1.0967384632294013,0.06399053259220494,1.0014154014452077,0.04427009135611585,,0.0019388994787865599,1.2949509468530735,0.1860234489587599,0.9662752044915673,0.08951781496498351,W1+W3,-0.6360657311550817,1.001415401445216,0.053734686010388596
1388,1.0748443196135122,0.05818045659711797,1.0172924239869965,0.047053423801043735,W3,-0.00022131008779613381,1.3153376439236348,0.16182822888989207,1.0280978930248332,0.09018962568459972,W1+W3,-0.6353890236567352,1.017291789741121,0.056725585781521815
1389,0.9275300033409527,0.07124677352246815,0.9482686710232725,0.04425357315681586,,0.005136586429832057,1.0393648890891651,0.2012995122402906,0.9361423697405465,0.0860695678402363,W1+W3,-0.4560762331715118,0.9482686710232776,0.05602894958019039
1390,1.0129055310737725,0.056246235031633736,0.9987347904640201,0.04639397079731881,W1+W3,0.0003817931756699977,1.1154799919410285,0.17607932826531447,1.016407405430057,0.08851110436767376,W1+W3,-0.9079145648441447,0.9968992736463557,0.053257365983628784
1391,0.9654535561447422,0.05936210460414848,1.0014182293386777,0.04566172930202344,W3,-1.904703177757483e-05,1.0561531086214184,0.2006875316251346,1.0335376452273775,0.08922704638829605,W1+W3,-0.933434707821327,1.0014477210420902,0.05407864422055156
1392,1.0133389345163204,0.06335190902646318,1.0482609210660359,0.04496999438127023,,0.024432754235785836,0.8431117502011714,0.20565162877330845,1.0612343705645777,0.08968460909078146,W1+W3,-0.7888130365148598,1.0482609210660536,0.0521432619928707
1393,0.9356551881847368,0.0536883017429656,0.9408063784087979,0.044031246874392124,W3,-0.00020181334674074236,1.309991015127681,0.17032654790486323,0.9368426471782716,0.09241090792430971,W1+W3,-0.20010628827178678,0.9408015293724259,0.052817057001170696
1394,0.9724945192075637,0.060556376448472324,0.9833315378839327,0.04454195640860618,,0.0006098612125597924,1.2366939328890423,0.1602204403321607,1.0261836029774352,0.09093889527549556,W1+W3,-0.7677452442178527,0.9833315378839402,0.053223006698567714
1395,1.0024188786762829,0.06207482296140092,0.989208101245057,0.0441473692554573,,0.0032422358898394066,1.2951844970616113,0.15682205843896962,0.9709496362641845,0.094048552296115,W1+W3,-0.7616181255243291,0.9892081012450726,0.052714723061731944
1396,0.9983454393878803,0.059394153429402435,1.0230095708504279,0.04662588266871328,W1+W3,-0.0005811118828207285,0.7969599148846516,0.344873674537398,1.0474940746014978,0.09400674978488552,W1+W3,-1.2243200110152088,1.0248168631801053,0.05294302443837229
1397,1.0480462711394278,0.06697631332815931,1.0209360312325164,0.04423225048210963,,0.002353620864932182,0.9747728047675445,0.24280348113799394,1.0056761923401105,0.0910858704927703,W1+W3,-0.5715640443568368,1.020936031232527,0.053795752741002484
1398,0.9749867504597272,0.05754320299266309,1.01200869542156,0.044248368658701374,,0.0028049652253612223,0.9098697300643004,0.28214101229638044,0.9955487198496851,0.08859633842590364,W1+W3,-0.6666562629200357,1.0120086954215572,0.05266631834030836
1399,0.9081874878767149,0.0551019349785323,0.948760960775735,0.04487428444376625,,0.010181230281268938,0.971241553819166,0.24314783896508232,0.9717122393899013,0.09744031230266118,W1+W3,-1.1739592888579082,0.9487609607757437,0.05413973277278219
