config,learner,n,seed,psi,se,lo,hi,covers,truth,g_lower,trunc_frac,trunc_count,min_g,cal_slope,sens_ok,sens_rv,sens_error,fit_s,error
point_strong,e2_logit_poly2,3000,5001,0.16187766067536552,0.005804980018522151,0.15050010890808746,0.17325521244264358,1,0.1628580376571836,0.011401811389021592,0.0013333333333333333,4.0,0.002174287924718451,0.9474837639519407,1,0.40344421263330926,,2.4412171998992562,
point_strong,e2_logit_poly2,3000,5000,0.16166896493648847,0.006843795670804773,0.14825537190415997,0.17508255796881697,1,0.1628580376571836,0.011401811389021592,0.0023333333333333335,7.0,0.0010060507504860252,0.956947015330142,1,0.5011907760477347,,2.4733190000988543,
point_strong,e2_logit_poly2,3000,5002,0.16714864585752176,0.00597464481287908,0.1554385572038597,0.1788587345111838,1,0.1628580376571836,0.011401811389021592,0.0006666666666666666,2.0,0.00037238845823810276,0.9255173308493583,1,0.4253640720314831,,2.4750497000059113,
point_strong,c_hgb_early_stop,3000,5001,0.15991280954022774,0.0059476983512897225,0.14825553498079164,0.17157008409966384,1,0.1628580376571836,0.011401811389021592,0.0,0.0,0.047354186840553106,0.757064254272988,1,0.4270644030536761,,3.827459599939175,
point_strong,c_hgb_early_stop,3000,5000,0.16096539465506265,0.006196885791797749,0.14881972168683108,0.17311106762329423,1,0.1628580376571836,0.011401811389021592,0.0,0.0,0.05309988167896894,0.7397967540258449,1,0.425269206419007,,3.894665699917823,
point_strong,c_hgb_early_stop,3000,5002,0.16809152509266673,0.005945688016840314,0.15643819071634835,0.1797448594689851,1,0.1628580376571836,0.011401811389021592,0.0,0.0,0.08187124758398645,0.6710060682196936,1,0.4450715473572731,,3.8812733000377193,
point_strong,b_hgb_regularised,3000,5000,0.16007464414070754,0.005702902786211904,0.1488971600723991,0.171252128209016,1,0.1628580376571836,0.011401811389021592,0.0,0.0,0.059316379328963005,1.0328262040351792,1,0.4125096116690361,,4.119187399977818,
point_strong,b_hgb_regularised,3000,5002,0.16656102780037463,0.0055591969028239785,0.15566520208787302,0.17745685351287624,1,0.1628580376571836,0.011401811389021592,0.0,0.0,0.04181033093430752,0.9391320886495554,1,0.4315569287109075,,4.205754800001159,
point_strong,b_hgb_regularised,3000,5001,0.1608750911669824,0.005531346920874542,0.15003385041607178,0.171716331917893,1,0.1628580376571836,0.011401811389021592,0.0,0.0,0.03161827188344544,0.991572551967467,1,0.4120483713903157,,4.1960954000242054,
point_strong,a_hgb_default,3000,5000,0.16044589046365837,0.011459263830887606,0.13798614606577617,0.18290563486154057,1,0.1628580376571836,0.011401811389021592,0.0023333333333333335,7.0,0.0063400376851775395,0.4099987496705827,0,,CapabilityError,4.534362999955192,
point_strong,a_hgb_default,3000,5001,0.15930500023946148,0.011418969127910765,0.13692423200818163,0.18168576847074133,1,0.1628580376571836,0.011401811389021592,0.005333333333333333,16.0,0.002805429930044982,0.4280744283970018,0,,CapabilityError,4.585375100024976,
point_strong,a_hgb_default,3000,5002,0.16832086169314953,0.009004136942023037,0.15067307757491777,0.18596864581138128,1,0.1628580376571836,0.011401811389021592,0.0016666666666666668,5.0,0.005772974709066146,0.4423699131399896,0,,CapabilityError,4.693542500026524,
point_strong,c_hgb_early_stop,3000,5003,0.15823698439583478,0.005754634516307022,0.14695810799968195,0.1695158607919876,1,0.1628580376571836,0.011401811389021592,0.0,0.0,0.06929903559707166,0.6597206416212562,1,0.42705974316277423,,3.8176531000062823,
point_strong,e2_logit_poly2,3000,5003,0.15952800785514182,0.005752258514405976,0.14825378833714223,0.1708022273731414,1,0.1628580376571836,0.011401811389021592,0.0023333333333333335,7.0,0.0010689837178921237,0.9615523846863548,1,0.4880177929386661,,2.5146337000187486,
point_strong,b_hgb_regularised,3000,5003,0.16054353853825004,0.005410501636132199,0.1499391501931359,0.1711479268833642,1,0.1628580376571836,0.011401811389021592,0.0,0.0,0.041079036361445116,0.9492465452640648,1,0.4165699846807697,,4.026865900028497,
point_strong,e2_logit_poly2,3000,5004,0.15454564538192267,0.006249010202422673,0.14229781044615086,0.16679348031769448,1,0.1628580376571836,0.011401811389021592,0.0013333333333333333,4.0,0.003345122591970144,0.924930161713188,1,0.6496726619504212,,2.3160623000003397,
point_strong,e2_logit_poly2,3000,5005,0.1732032202744307,0.005496473785513496,0.1624303296128557,0.1839761109360057,1,0.1628580376571836,0.011401811389021592,0.0026666666666666666,8.0,2.607370935732745e-05,0.9451142845461701,1,0.4175221089936295,,2.3557309000752866,
point_strong,a_hgb_default,3000,5003,0.15541045566599287,0.010584478145319796,0.13466525970601476,0.176155651625971,1,0.1628580376571836,0.011401811389021592,0.0006666666666666666,2.0,0.006175424891604487,0.3988709517035842,0,,CapabilityError,4.7000864000292495,
point_strong,c_hgb_early_stop,3000,5004,0.15366489457946686,0.005912898399996534,0.14207582667122914,0.16525396248770458,1,0.1628580376571836,0.011401811389021592,0.0,0.0,0.051842333460527384,0.728606026870874,1,0.4081238241099441,,3.7579556999262422,
point_strong,b_hgb_regularised,3000,5004,0.1535785902023057,0.00558286270809281,0.14263638036381202,0.16452080004079936,1,0.1628580376571836,0.011401811389021592,0.0,0.0,0.02303100448709872,0.9965356928275332,1,0.3981044770800033,,4.061895299935713,
point_strong,a_hgb_default,3000,5004,0.15231590339220197,0.009048813281085234,0.1345805552584472,0.17005125152595674,1,0.1628580376571836,0.011401811389021592,0.0016666666666666668,5.0,0.0033808302598158997,0.3901671425117243,0,,CapabilityError,4.469647200079635,
point_strong,c_hgb_early_stop,3000,5005,0.1684330605652986,0.005899134677716078,0.1568709690570238,0.17999515207357342,1,0.1628580376571836,0.011401811389021592,0.0,0.0,0.030340603338857595,0.6623453589933747,1,0.46258104507415976,,3.9394529999699444,
point_strong,b_hgb_regularised,3000,5005,0.17076929699749288,0.005284096880768467,0.16041265742036626,0.1811259365746195,1,0.1628580376571836,0.011401811389021592,0.0,0.0,0.03171053280242144,1.013997464630459,1,0.4419597608759542,,4.057694499962963,
point_strong,a_hgb_default,3000,5005,0.16871558617356186,0.009472746910355313,0.15014934339460237,0.18728182895252135,1,0.1628580376571836,0.011401811389021592,0.003,9.0,0.003280538832360243,0.4351491524203851,0,,CapabilityError,4.561880299937911,
point_strong,e2_logit_poly2,3000,5006,0.16266184205855777,0.005715288646991594,0.1514600821492036,0.17386360196791195,1,0.1628580376571836,0.011401811389021592,0.001,3.0,0.003199347451884882,0.9606543473554847,1,0.39729831464332915,,2.336716999998316,
point_strong,e2_logit_poly2,3000,5007,0.16288221802044323,0.0073755490292437545,0.1484264075569161,0.17733802848397034,1,0.1628580376571836,0.011401811389021592,0.0013333333333333333,4.0,0.004021596980179413,0.9198721887839557,1,0.541443421291284,,2.381080500083044,
point_strong,b_hgb_regularised,3000,5006,0.16234679798109602,0.005820389886429562,0.15093904342771292,0.17375455253447913,1,0.1628580376571836,0.011401811389021592,0.0,0.0,0.020999975994852323,1.0171410796384208,1,0.4248491987914825,,3.9825518999714404,
point_strong,c_hgb_early_stop,3000,5006,0.16200647081866598,0.006223934335188344,0.14980778367955458,0.17420515795777738,1,0.1628580376571836,0.011401811389021592,0.0,0.0,0.042559267864855574,0.7176552410072353,1,0.43745939853056987,,3.9285685000941157,
point_strong,a_hgb_default,3000,5006,0.1612233370025683,0.010693178516493531,0.14026509222998354,0.18218158177515306,1,0.1628580376571836,0.011401811389021592,0.005666666666666667,17.0,0.002656840206555244,0.43097827350702195,0,,CapabilityError,4.579766800045036,
point_strong,e2_logit_poly2,3000,5008,0.16618435239144952,0.006339614886581886,0.15375893553789505,0.178609769245004,1,0.1628580376571836,0.011401811389021592,0.005,15.0,0.0004670556297675936,0.9331636092082459,1,0.5281666751244434,,2.3766790999798104,
point_strong,b_hgb_regularised,3000,5007,0.1662555740817509,0.005461471675090728,0.15555128629598744,0.17695986186751436,1,0.1628580376571836,0.011401811389021592,0.0,0.0,0.04125576383237374,0.944753526665857,1,0.4425179217773902,,4.118889300036244,
point_strong,a_hgb_default,3000,5007,0.16374966508751582,0.01092194860818509,0.14234303917447566,0.18515629100055597,1,0.1628580376571836,0.011401811389021592,0.001,3.0,0.009848906176462743,0.4034404860065526,0,,CapabilityError,4.496626200038008,
point_strong,c_hgb_early_stop,3000,5007,0.16545331900348964,0.005697974624817027,0.15428549395402513,0.17662114405295415,1,0.1628580376571836,0.011401811389021592,0.0,0.0,0.06803704593869848,0.6917206933827986,1,0.4508111174215374,,3.9267316999612376,
point_strong,c_hgb_early_stop,3000,5008,0.165404137057569,0.006167176175974679,0.1533166938663452,0.17749158024879283,1,0.1628580376571836,0.011401811389021592,0.0,0.0,0.048396208242699884,0.7091941019056341,1,0.4475441536444302,,3.9915506000397727,
point_strong,b_hgb_regularised,3000,5008,0.16536874437897314,0.0056792254762162075,0.15423766698550703,0.17649982177243925,1,0.1628580376571836,0.011401811389021592,0.0,0.0,0.03508781131069822,0.9565508494153945,1,0.4295819387988658,,4.154693100019358,
point_strong,a_hgb_default,3000,5008,0.16203024087456824,0.011552813658428434,0.1393871421839461,0.1846733395651904,1,0.1628580376571836,0.011401811389021592,0.0013333333333333333,4.0,0.006000020213048398,0.4420905657989149,0,,CapabilityError,4.6229088000254706,
point_strong,e2_logit_poly2,3000,5009,0.16221426090556573,0.0055688934102292535,0.15129943038777396,0.1731290914233575,1,0.1628580376571836,0.011401811389021592,0.0016666666666666668,5.0,0.0017720204243897018,0.9449591099842249,1,0.3999064274607542,,2.359525299980305,
point_strong,a_hgb_default,3000,5009,0.15776464850606153,0.012992540258311086,0.13229973753208507,0.183229559480038,1,0.1628580376571836,0.011401811389021592,0.005666666666666667,17.0,0.0022957212162363185,0.4701347586226248,0,,CapabilityError,4.5132744000293314,
point_strong,e2_logit_poly2,3000,5010,0.16448553670899674,0.005952779443971435,0.15281830339090235,0.17615277002709112,1,0.1628580376571836,0.011401811389021592,0.0013333333333333333,4.0,0.007402894739188738,0.9308047558193328,1,0.4979762491376672,,2.4402456999523565,
point_strong,c_hgb_early_stop,3000,5009,0.15964607553454496,0.006207491809832752,0.14747961515294541,0.1718125359161445,1,0.1628580376571836,0.011401811389021592,0.0,0.0,0.03446194504199447,0.6945956556985582,1,0.4352483437535789,,3.826426999992691,
point_strong,b_hgb_regularised,3000,5009,0.1606741733384766,0.005492029238259139,0.14990999382944775,0.17143835284750547,1,0.1628580376571836,0.011401811389021592,0.0,0.0,0.026389745462754518,1.0130715293635384,1,0.4219677247939107,,4.082138000056148,
point_strong,c_hgb_early_stop,3000,5010,0.16503897164431702,0.0059997440614124485,0.15327968936749056,0.17679825392114348,1,0.1628580376571836,0.011401811389021592,0.0,0.0,0.04040011305460635,0.7587000188881201,1,0.4341645456109392,,3.758004199946299,
point_strong,e2_logit_poly2,3000,5011,0.16445683664174748,0.006118947652331515,0.1524639196198918,0.17644975366360316,1,0.1628580376571836,0.011401811389021592,0.0026666666666666666,8.0,0.0025126827589030936,0.9328233032247204,1,0.4119491808598511,,2.3680744000012055,
point_strong,b_hgb_regularised,3000,5010,0.16704874975611228,0.005569734650605296,0.15613227043748112,0.17796522907474344,1,0.1628580376571836,0.011401811389021592,0.0,0.0,0.019393697359228336,1.001135460230436,1,0.4271887876748336,,4.167435099952854,
point_strong,a_hgb_default,3000,5010,0.16657643765734131,0.009462007428389287,0.14803124387624786,0.18512163143843477,1,0.1628580376571836,0.011401811389021592,0.004333333333333333,13.0,0.0037513272222250587,0.46144777397889564,0,,CapabilityError,4.5525983000406995,
point_strong,a_hgb_default,3000,5011,0.16012814953834742,0.008530592698593051,0.1434084950823247,0.17684780399437014,1,0.1628580376571836,0.011401811389021592,0.003,9.0,0.006272141421894576,0.4220074802654095,0,,CapabilityError,4.655376799986698,
point_strong,c_hgb_early_stop,3000,5011,0.16048971016494795,0.005814540776383623,0.14909341965659648,0.17188600067329943,1,0.1628580376571836,0.011401811389021592,0.0,0.0,0.08695726708245059,0.7326163274882578,1,0.43320336959578243,,4.097432299982756,
point_strong,b_hgb_regularised,3000,5011,0.16260661448631958,0.005489098513234412,0.15184817909278778,0.17336504987985138,1,0.1628580376571836,0.011401811389021592,0.0,0.0,0.05219092043081351,0.9512252323220776,1,0.42800405182205414,,4.231450999970548,
point_strong,e2_logit_poly2,3000,5012,0.156223067102447,0.005682599081980758,0.14508537756318432,0.16736075664170966,1,0.1628580376571836,0.011401811389021592,0.003,9.0,0.0031337269006198798,0.927264189206439,1,0.4008718525576855,,2.4405175000429153,
point_strong,a_hgb_default,3000,5012,0.15541516103145675,0.008567685146437375,0.13862280671356073,0.17220751534935277,1,0.1628580376571836,0.011401811389021592,0.005666666666666667,17.0,0.0024013616371780446,0.38951714368223816,0,,CapabilityError,4.446323600015603,
point_strong,b_hgb_regularised,3000,5012,0.15828583623232656,0.005384903253401121,0.1477316197954278,0.16884005266922533,1,0.1628580376571836,0.011401811389021592,0.0,0.0,0.055183197314576424,0.9801856035718465,1,0.41332824380763894,,4.067071199999191,
point_strong,e2_logit_poly2,3000,5013,0.16876537770197936,0.0070435238010689225,0.1549603247276336,0.1825704306763251,1,0.1628580376571836,0.011401811389021592,0.0016666666666666668,5.0,0.004673549464624799,0.9325693332694371,1,0.45307365874532374,,2.3749437000369653,
point_strong,c_hgb_early_stop,3000,5012,0.15700785055909855,0.0056823821601018785,0.14587058617890594,0.16814511493929116,1,0.1628580376571836,0.011401811389021592,0.0,0.0,0.06342267583349048,0.7065514318113713,1,0.42207600744993656,,3.8554774000076577,
point_strong,e2_logit_poly2,3000,5014,0.1683783344569046,0.005589356864527526,0.1574233963056889,0.17933327260812026,1,0.1628580376571836,0.011401811389021592,0.0006666666666666666,2.0,0.0018505551990546753,0.9650430686304347,1,0.45957957236206975,,2.302886200021021,
point_strong,a_hgb_default,3000,5013,0.17184823211246386,0.009740963042280741,0.15275629537485788,0.19094016885006984,1,0.1628580376571836,0.011401811389021592,0.0016666666666666668,5.0,0.003930914526092373,0.441103798211184,0,,CapabilityError,4.683303300058469,
point_strong,c_hgb_early_stop,3000,5013,0.17020283239804584,0.006122693379469904,0.158202573885903,0.1822030909101887,1,0.1628580376571836,0.011401811389021592,0.0,0.0,0.04852750387958096,0.733400214980641,1,0.4603790409944632,,3.800656900042668,
point_strong,b_hgb_regularised,3000,5013,0.16937012159105458,0.005576972171835116,0.15843945699147563,0.18030078619063353,1,0.1628580376571836,0.011401811389021592,0.0,0.0,0.035678003529439895,0.9737697332170522,1,0.43371220447684744,,4.158980699954554,
point_strong,a_hgb_default,3000,5014,0.1656158067523425,0.008337216831004102,0.14927516203227328,0.1819564514724117,1,0.1628580376571836,0.011401811389021592,0.0016666666666666668,5.0,0.008711873226506824,0.4126547270341988,0,,CapabilityError,4.493748900014907,
point_strong,e2_logit_poly2,3000,5015,0.16314732796922438,0.007840251436482282,0.14778071752398067,0.17851393841446808,1,0.1628580376571836,0.011401811389021592,0.002,6.0,0.001101845415507352,0.9345572146404031,1,0.43763128200623685,,2.421907400013879,
point_strong,c_hgb_early_stop,3000,5014,0.16656320489049875,0.005702814459299177,0.1553858939397581,0.1777405158412394,1,0.1628580376571836,0.011401811389021592,0.0,0.0,0.07280870693757073,0.7325175702524148,1,0.43203896146890813,,3.7922403999837115,
point_strong,b_hgb_regularised,3000,5014,0.16564284697664494,0.005489419912861252,0.1548837816514199,0.17640191230187,1,0.1628580376571836,0.011401811389021592,0.0,0.0,0.03718754925442724,0.9762499634259018,1,0.4294434597780736,,4.163300900021568,
point_strong,a_hgb_default,3000,5015,0.16482274488946147,0.009793922145009374,0.14562701021785382,0.18401847956106912,1,0.1628580376571836,0.011401811389021592,0.0003333333333333333,1.0,0.010428882397622288,0.4597831606339159,0,,CapabilityError,4.606156000052579,
point_strong,e2_logit_poly2,3000,5016,0.1582966034667206,0.00572411284435528,0.14707754844834112,0.16951565848510006,1,0.1628580376571836,0.011401811389021592,0.001,3.0,0.004293117774127181,0.9350468584299012,1,0.39856485562841965,,2.2782568000257015,
point_strong,b_hgb_regularised,3000,5015,0.16660787921287357,0.005567256299932238,0.15569625737230267,0.17751950105344447,1,0.1628580376571836,0.011401811389021592,0.0,0.0,0.057107083372239,0.9629066691928768,1,0.4313271281243446,,4.155408999999054,
point_strong,c_hgb_early_stop,3000,5015,0.16658383619283773,0.005958844780639706,0.15490471503331943,0.17826295735235603,1,0.1628580376571836,0.011401811389021592,0.0,0.0,0.06653847317166574,0.7827892646787771,1,0.44149492550263597,,3.9803912000497803,
point_strong,a_hgb_default,3000,5016,0.15707361264242564,0.008559364840444046,0.1402975658246169,0.1738496594602344,1,0.1628580376571836,0.011401811389021592,0.0006666666666666666,2.0,0.007197331558462462,0.41263895044997695,0,,CapabilityError,4.547870500013232,
point_strong,e2_logit_poly2,3000,5017,0.15853715323128026,0.005892549135348801,0.14698796914886397,0.17008633731369655,1,0.1628580376571836,0.011401811389021592,0.0013333333333333333,4.0,0.0025903873864845123,0.9407699914283046,1,0.39306293361134975,,2.384882399928756,
point_strong,c_hgb_early_stop,3000,5016,0.15887460260385122,0.005940987929186007,0.14723048023005944,0.170518724977643,1,0.1628580376571836,0.011401811389021592,0.0,0.0,0.06076085137320794,0.6830097474447733,1,0.42729269540661907,,3.88256029994227,
point_strong,b_hgb_regularised,3000,5016,0.15807690630324972,0.005587580409773171,0.14712544993937274,0.1690283626671267,1,0.1628580376571836,0.011401811389021592,0.0,0.0,0.03834983364341442,0.9589223272708725,1,0.4128283180186248,,4.1623362000100315,
point_strong,a_hgb_default,3000,5017,0.15645159606913955,0.009752557967990901,0.13733693369473826,0.17556625844354085,1,0.1628580376571836,0.011401811389021592,0.004,12.0,0.003974362857030609,0.3790688244963487,0,,CapabilityError,4.450551300076768,
point_strong,e2_logit_poly2,3000,5018,0.17210615102441457,0.009744438073830141,0.15300740335012664,0.1912048986987025,1,0.1628580376571836,0.011401811389021592,0.001,3.0,0.0050170602008431505,0.9045052743153681,0,,CapabilityError,2.3774095000699162,
point_strong,b_hgb_regularised,3000,5017,0.16084842255363302,0.005444389144721609,0.15017761591215784,0.1715192291951082,1,0.1628580376571836,0.011401811389021592,0.0,0.0,0.03339253788172777,0.9438853301694485,1,0.41629598954919705,,4.149166299961507,
point_strong,c_hgb_early_stop,3000,5017,0.1588351720478538,0.006047857044461934,0.14698159005706155,0.17068875403864606,1,0.1628580376571836,0.011401811389021592,0.0,0.0,0.03072872177008862,0.6616641586054229,1,0.4318207928387871,,3.9442127000074834,
point_strong,a_hgb_default,3000,5018,0.17482824634702843,0.01008885961668055,0.15505444485325398,0.19460204784080287,1,0.1628580376571836,0.011401811389021592,0.0013333333333333333,4.0,0.0029601611911867953,0.44633376221440624,1,0.7825525134769011,,4.652011699974537,
point_strong,e2_logit_poly2,3000,5019,0.16494310846447668,0.0056918097105665266,0.15378736642491095,0.17609885050404242,1,0.1628580376571836,0.011401811389021592,0.0016666666666666668,5.0,0.0008271989810137366,0.9362485084068257,1,0.47492911612218536,,2.2986997000407428,
point_strong,c_hgb_early_stop,3000,5018,0.17328257555197385,0.0058658943744378895,0.16178563384095948,0.18477951726298822,1,0.1628580376571836,0.011401811389021592,0.0,0.0,0.04804120732993442,0.7373979682369204,1,0.45392760674510924,,3.911403000005521,
point_strong,b_hgb_regularised,3000,5018,0.17177761756597176,0.005891701704051184,0.16023009441837818,0.18332514071356534,1,0.1628580376571836,0.011401811389021592,0.0,0.0,0.05457322015031263,0.9565051865290283,1,0.4448916091697741,,4.161478299996816,
point_strong,a_hgb_default,3000,5019,0.16092974561413637,0.009187237006868234,0.14292309196324107,0.17893639926503166,1,0.1628580376571836,0.011401811389021592,0.0013333333333333333,4.0,0.0061132626742951505,0.4252764870579983,0,,CapabilityError,4.605652599944733,
point_strong,e2_logit_poly2,3000,5020,0.15608762030549678,0.006137988496669455,0.14405738391450348,0.16811785669649007,1,0.1628580376571836,0.011401811389021592,0.0026666666666666666,8.0,0.001213728044107608,0.9403968730984628,1,0.4760696189045816,,2.352059500059113,
point_strong,b_hgb_regularised,3000,5019,0.16490096759857575,0.005469642943526394,0.15418066442097036,0.17562127077618114,1,0.1628580376571836,0.011401811389021592,0.0,0.0,0.029784306814981554,0.9228224046530689,1,0.43314200565206057,,4.084632100071758,
point_strong,c_hgb_early_stop,3000,5019,0.16266451080898464,0.005776539804802021,0.15134270083631066,0.17398632078165863,1,0.1628580376571836,0.011401811389021592,0.0,0.0,0.04593607870032388,0.7430437960467468,1,0.43985616939608935,,3.7686684000073,
point_strong,a_hgb_default,3000,5020,0.15477669016276124,0.009553356170048707,0.13605245613798228,0.1735009241875402,1,0.1628580376571836,0.011401811389021592,0.003,9.0,0.004704777550038164,0.44508334820873624,0,,CapabilityError,4.619639800046571,
point_strong,e2_logit_poly2,3000,5021,0.1652447249780944,0.005475657884500336,0.15451263273281096,0.17597681722337782,1,0.1628580376571836,0.011401811389021592,0.001,3.0,0.006434889948333527,0.9465322471004385,1,0.4058247889417834,,2.3215618999674916,
point_strong,b_hgb_regularised,3000,5020,0.15609561123728233,0.005771466580118292,0.14478374460227392,0.16740747787229074,1,0.1628580376571836,0.011401811389021592,0.0,0.0,0.023317222381545048,0.9879075837873312,1,0.39940422002753695,,4.271688400069252,
point_strong,c_hgb_early_stop,3000,5020,0.15462691591832406,0.006269059182050436,0.14233978570455508,0.16691404613209304,1,0.1628580376571836,0.011401811389021592,0.0,0.0,0.04067626557415212,0.7417731705788768,1,0.4056449813313332,,3.9338885999750346,
point_strong,a_hgb_default,3000,5021,0.1673460909362049,0.008411824271091838,0.150859218320585,0.1838329635518248,1,0.1628580376571836,0.011401811389021592,0.0013333333333333333,4.0,0.005085002441844856,0.36845245163751755,1,0.7172671139781253,,4.6329340999946,
point_strong,e2_logit_poly2,3000,5022,0.1636796413525214,0.005538129447405925,0.15282510709388505,0.17453417561115772,1,0.1628580376571836,0.011401811389021592,0.0013333333333333333,4.0,0.00025220518679955524,0.9627622644284703,1,0.40960434209959323,,2.411808600067161,
point_strong,c_hgb_early_stop,3000,5021,0.16373353563893184,0.00589329141344811,0.1521828967181744,0.17528417455968928,1,0.1628580376571836,0.011401811389021592,0.0,0.0,0.06059915924970656,0.6489175385791249,1,0.44402923642282977,,3.8610565999988467,
point_strong,b_hgb_regularised,3000,5021,0.16551686557575945,0.005421872078036668,0.15489019157402426,0.17614353957749465,1,0.1628580376571836,0.011401811389021592,0.0,0.0,0.050615505485323564,0.9192422193138398,1,0.43458340525873645,,4.105632400023751,
point_strong,b_hgb_regularised,3000,5022,0.1628115408459352,0.005366450173811004,0.1522934917804369,0.17332958991143346,1,0.1628580376571836,0.011401811389021592,0.0,0.0,0.03734967101224104,0.9545419985487091,1,0.4292042142089327,,4.178451800020412,
point_strong,a_hgb_default,3000,5022,0.16072274679790133,0.008633491662219512,0.14380141407912422,0.17764407951667843,1,0.1628580376571836,0.011401811389021592,0.003,9.0,0.003953526106891684,0.44533609059786883,1,0.6346693119431793,,4.772589299944229,
point_strong,e2_logit_poly2,3000,5023,0.1516645399526389,0.005385580262560629,0.1411089966021703,0.1622200833031075,0,0.1628580376571836,0.011401811389021592,0.0003333333333333333,1.0,0.005775798447004025,0.9097319161411827,1,0.5819369855939811,,2.466029300005175,
point_strong,c_hgb_early_stop,3000,5022,0.16310417779284925,0.005609257436572006,0.15211023523715464,0.17409812034854386,1,0.1628580376571836,0.011401811389021592,0.0,0.0,0.04009402922203961,0.7484462332599081,1,0.4415381531373291,,4.038123199949041,
point_strong,a_hgb_default,3000,5023,0.15050920394473977,0.008641123690520662,0.13357291272536342,0.1674454951641161,1,0.1628580376571836,0.011401811389021592,0.0013333333333333333,4.0,0.006357617829182725,0.3966358435262667,0,,CapabilityError,4.664182599983178,
point_strong,e2_logit_poly2,3000,5024,0.16759788594005903,0.005634791242114422,0.15655389804511305,0.17864187383500502,1,0.1628580376571836,0.011401811389021592,0.003,9.0,0.000509275614043661,0.9527710091403455,1,0.39263974772637694,,2.4571315000066534,
point_strong,c_hgb_early_stop,3000,5023,0.15406497273745257,0.0056715151035553295,0.14294900739670915,0.16518093807819598,1,0.1628580376571836,0.011401811389021592,0.0,0.0,0.06155803305167373,0.6854606219735359,1,0.4304047533501535,,3.9654880999587476,
point_strong,b_hgb_regularised,3000,5023,0.15286176208042934,0.005264075933270752,0.14254436283933458,0.1631791613215241,1,0.1628580376571836,0.011401811389021592,0.0,0.0,0.0574653299047626,0.9079035103973034,1,0.41506978257801475,,4.2559446999803185,
point_strong,a_hgb_default,3000,5024,0.16328649697510095,0.012795143326376055,0.13820847687837584,0.18836451707182605,1,0.1628580376571836,0.011401811389021592,0.006,18.0,0.0013022403189671084,0.4362265296370003,0,,CapabilityError,4.558571600005962,
point_strong,e2_logit_poly2,3000,5025,0.16713912759063582,0.0064141057869494915,0.15456771125518487,0.17971054392608676,1,0.1628580376571836,0.011401811389021592,0.0013333333333333333,4.0,0.001385488687699287,0.9440928311415917,1,0.48794024172340067,,2.39203320001252,
point_strong,c_hgb_early_stop,3000,5024,0.16639236958867787,0.005992605209638845,0.15464707920421863,0.1781376599731371,1,0.1628580376571836,0.011401811389021592,0.0,0.0,0.03383209773995606,0.7512031216585835,1,0.4396938238601141,,3.890158799942583,
point_strong,b_hgb_regularised,3000,5024,0.1665766407373332,0.005442768640217298,0.15590901022632325,0.17724427124834313,1,0.1628580376571836,0.011401811389021592,0.0,0.0,0.020910873591522525,0.9624048606492355,1,0.42733298301889844,,4.257970499922521,
point_strong,a_hgb_default,3000,5025,0.163543880414657,0.011985448901876238,0.14005283222843445,0.18703492860087956,1,0.1628580376571836,0.011401811389021592,0.0013333333333333333,4.0,0.005391267370625841,0.40192256887572503,0,,CapabilityError,4.707838600035757,
point_strong,c_hgb_early_stop,3000,5025,0.16613985534575615,0.006461931719450116,0.15347470190507695,0.17880500878643535,1,0.1628580376571836,0.011401811389021592,0.0,0.0,0.0574123988010311,0.6966948375050771,1,0.4535512886298431,,4.239283900009468,
point_strong,e2_logit_poly2,3000,5026,0.15802294964288638,0.005838334770677527,0.1465800237626705,0.16946587552310224,1,0.1628580376571836,0.011401811389021592,0.0016666666666666668,5.0,0.0008702630702499463,0.9268413503827676,1,0.40864983051975695,,2.6602769000455737,
point_strong,b_hgb_regularised,3000,5025,0.16744420042086594,0.005850271136523617,0.15597787969348545,0.17891052114824643,1,0.1628580376571836,0.011401811389021592,0.0,0.0,0.04046827602776522,0.9330413704727171,1,0.44258596791572935,,4.276210100040771,
point_strong,a_hgb_default,3000,5026,0.1528119189007886,0.00878478436430242,0.13559405793480528,0.17002977986677192,1,0.1628580376571836,0.011401811389021592,0.0013333333333333333,4.0,0.005629428637710495,0.40269792322010634,0,,CapabilityError,4.802254200098105,
point_strong,e2_logit_poly2,3000,5027,0.15680195787389517,0.005642980058125474,0.1457419201944915,0.16786199555329884,1,0.1628580376571836,0.011401811389021592,0.003,9.0,0.0006076230872239364,0.9641050633024025,1,0.5745034890358987,,2.446388600044884,
point_strong,b_hgb_regularised,3000,5026,0.15857579146946543,0.0055408217464431786,0.1477159804016805,0.16943560253725037,1,0.1628580376571836,0.011401811389021592,0.0,0.0,0.05936810790081781,0.9292004147744668,1,0.4142244387310211,,4.350576200056821,
point_strong,c_hgb_early_stop,3000,5026,0.15599526968438654,0.005953414065354554,0.14432679253123742,0.16766374683753565,1,0.1628580376571836,0.011401811389021592,0.0,0.0,0.0253521409088748,0.7445900714980004,1,0.416092141109897,,4.234746400034055,
point_strong,b_hgb_regularised,3000,5027,0.1532114614786665,0.005429690440469779,0.1425694637681443,0.16385345918918867,1,0.1628580376571836,0.011401811389021592,0.0,0.0,0.03131789743498318,0.9987226239559505,1,0.4174983738685465,,4.255190999945626,
point_strong,a_hgb_default,3000,5027,0.15207304775585662,0.009859503942600507,0.13274877512292896,0.17139732038878427,1,0.1628580376571836,0.011401811389021592,0.005666666666666667,17.0,0.0019456854050493042,0.46390526415710476,0,,CapabilityError,4.754930499941111,
point_strong,c_hgb_early_stop,3000,5027,0.15483998349828731,0.006214945875104023,0.14265891341721765,0.16702105357935698,1,0.1628580376571836,0.011401811389021592,0.0,0.0,0.016577679654423243,0.7435609135787986,1,0.4946551745172649,,4.054412700003013,
point_strong,e2_logit_poly2,3000,5028,0.16335190579668202,0.005890068330048574,0.15180758400330682,0.1748962275900572,1,0.1628580376571836,0.011401811389021592,0.004333333333333333,13.0,0.00019089407434225993,0.949364124123798,1,0.3894988332080417,,2.514372200006619,
point_strong,b_hgb_regularised,3000,5028,0.15657184854366551,0.005662195022294762,0.14547415022652582,0.1676695468608052,1,0.1628580376571836,0.011401811389021592,0.0,0.0,0.051265795252149346,0.919661983780677,1,0.4204763113510169,,4.12617499998305,
point_strong,e2_logit_poly2,3000,5029,0.1586823733106662,0.005865188573526669,0.14718681494401809,0.17017793167731432,1,0.1628580376571836,0.011401811389021592,0.0016666666666666668,5.0,0.0034061263108681886,0.9429047393162316,1,0.40523803541079945,,2.4406269000610337,
point_strong,a_hgb_default,3000,5028,0.1548798214914815,0.012216395947420366,0.1309361254136565,0.17882351756930648,1,0.1628580376571836,0.011401811389021592,0.0033333333333333335,10.0,0.0029957303188685737,0.3880339850263674,0,,CapabilityError,4.826968299923465,
point_strong,c_hgb_early_stop,3000,5028,0.15746934334528517,0.006019887472814234,0.14567058070758543,0.16926810598298492,1,0.1628580376571836,0.011401811389021592,0.0,0.0,0.036765719074254626,0.7332180676671088,1,0.4413367012256531,,3.950425099930726,
point_strong,a_hgb_default,3000,5029,0.15394131552676343,0.01074657770493819,0.13287841026802347,0.1750042207855034,1,0.1628580376571836,0.011401811389021592,0.0023333333333333335,7.0,0.002423575372740145,0.4244812486970958,1,0.8222273533142118,,4.653211900033057,
point_strong,e2_logit_poly2,3000,5030,0.17444775624952974,0.005473791395927513,0.1637193222546266,0.18517619024443288,0,0.1628580376571836,0.011401811389021592,0.0006666666666666666,2.0,0.0002834992269134622,0.9622931341804697,1,0.42439332232748267,,2.376052299980074,
point_strong,b_hgb_regularised,3000,5029,0.15790200976792285,0.0053990093203431806,0.14732014594785414,0.16848387358799155,1,0.1628580376571836,0.011401811389021592,0.0,0.0,0.05176612022005903,1.0174473866682991,1,0.4134356708247825,,4.24225419992581,
point_strong,c_hgb_early_stop,3000,5029,0.1562626941532182,0.00590366191813852,0.14469172941676606,0.16783365888967033,1,0.1628580376571836,0.011401811389021592,0.0,0.0,0.04651225134373253,0.6805157087702116,1,0.4230949138606676,,3.9604819000232965,
point_strong,e2_logit_poly2,3000,5031,0.1702731913613949,0.0060977223515011406,0.1583218751647278,0.18222450755806202,1,0.1628580376571836,0.011401811389021592,0.0013333333333333333,4.0,0.005156916288551096,0.9547710025658398,1,0.42476560517843587,,2.4079779000021517,
point_strong,a_hgb_default,3000,5030,0.1714359713778349,0.008685284986683564,0.15441312560846868,0.1884588171472011,1,0.1628580376571836,0.011401811389021592,0.001,3.0,0.007095110143759378,0.44670279366198773,0,,CapabilityError,4.8089209999889135,
point_strong,c_hgb_early_stop,3000,5030,0.1723483299280344,0.0058350765530654075,0.16091179003699208,0.1837848698190767,1,0.1628580376571836,0.011401811389021592,0.0,0.0,0.05583566702697062,0.6673232829382179,1,0.45952298244644985,,3.998246700037271,
point_strong,b_hgb_regularised,3000,5030,0.17469962138755418,0.005320975221586161,0.16427070159061527,0.1851285411844931,0,0.1628580376571836,0.011401811389021592,0.0,0.0,0.04585883579656183,0.9922922054812553,1,0.45123061179819784,,4.276130300015211,
point_strong,a_hgb_default,3000,5031,0.16855545149005313,0.010242283750967933,0.14848094421871616,0.1886299587613901,1,0.1628580376571836,0.011401811389021592,0.0003333333333333333,1.0,0.005539137640514328,0.44298539948866283,0,,CapabilityError,4.832951599964872,
point_strong,c_hgb_early_stop,3000,5031,0.16705242368737483,0.006385052828001597,0.15453795010510607,0.1795668972696436,1,0.1628580376571836,0.011401811389021592,0.0,0.0,0.04373020411559559,0.6870236066210159,1,0.4546056301484025,,3.9784117999952286,
point_strong,e2_logit_poly2,3000,5032,0.1603207634567136,0.005880078114731302,0.14879602212555806,0.1718455047878691,1,0.1628580376571836,0.011401811389021592,0.0006666666666666666,2.0,0.008224221650110785,0.9290337281802237,1,0.4574143989934339,,2.417919300030917,
point_strong,b_hgb_regularised,3000,5031,0.16691929140463108,0.005892501680621787,0.15537020033177062,0.17846838247749153,1,0.1628580376571836,0.011401811389021592,0.0,0.0,0.04689769836380014,0.9427880129936798,1,0.4410546924292345,,4.220946199959144,
point_strong,a_hgb_default,3000,5032,0.16178374415451996,0.009493561953652,0.14317670464036233,0.18039078366867758,1,0.1628580376571836,0.011401811389021592,0.0013333333333333333,4.0,0.006349279089000583,0.3833216439591485,0,,CapabilityError,4.815728200017475,
point_strong,e2_logit_poly2,3000,5033,0.15901006459890227,0.005929729908521088,0.14738800754015094,0.1706321216576536,1,0.1628580376571836,0.011401811389021592,0.0013333333333333333,4.0,0.0015164275747843311,0.9468155255069368,1,0.43575787203924293,,2.543514300021343,
point_strong,c_hgb_early_stop,3000,5032,0.16114487646568004,0.005804259249469085,0.14976873737978716,0.17252101555157293,1,0.1628580376571836,0.011401811389021592,0.0,0.0,0.05584164732229784,0.7068101402969068,1,0.43194696975053626,,3.9641645998926833,
point_strong,b_hgb_regularised,3000,5032,0.1612204497064077,0.005510261149779497,0.1504205363074296,0.1720203631053858,1,0.1628580376571836,0.011401811389021592,0.0,0.0,0.07217230876764165,0.9436684002444988,1,0.4243582857613703,,4.272942699957639,
point_strong,a_hgb_default,3000,5033,0.16010326350898285,0.008992814702074744,0.14247767057327407,0.17772885644469164,1,0.1628580376571836,0.011401811389021592,0.0023333333333333335,7.0,0.00258129657628566,0.42953012877029834,0,,CapabilityError,4.701807499979623,
point_strong,e2_logit_poly2,3000,5034,0.1574048003663126,0.009484362234655559,0.1388157919700559,0.17599380876256931,1,0.1628580376571836,0.011401811389021592,0.004666666666666667,14.0,0.0005599211796684531,0.9549294001560283,1,0.48560214746110203,,2.501412900048308,
point_strong,b_hgb_regularised,3000,5033,0.16057518955720368,0.005418418959838099,0.14995528354277202,0.17119509557163534,1,0.1628580376571836,0.011401811389021592,0.0,0.0,0.02085112424088132,0.9729171902930894,1,0.42608830849311125,,4.267722600023262,
point_strong,c_hgb_early_stop,3000,5033,0.1611780701736088,0.005818818675617392,0.14977339513682966,0.17258274521038794,1,0.1628580376571836,0.011401811389021592,0.0,0.0,0.05567446541290052,0.7358337297010069,1,0.43979653729505996,,4.125869399984367,
point_strong,a_hgb_default,3000,5034,0.15826746693303906,0.009001143611802518,0.14062554963423335,0.17590938423184477,1,0.1628580376571836,0.011401811389021592,0.0036666666666666666,11.0,0.005840541306402412,0.5207117884636333,0,,CapabilityError,4.768077499931678,
point_strong,e2_logit_poly2,3000,5035,0.16466371254594858,0.006230492612594021,0.15245217141932144,0.17687525367257573,1,0.1628580376571836,0.011401811389021592,0.0016666666666666668,5.0,0.002878557510481486,0.9287350247550852,1,0.5036161270615673,,2.4472143999300897,
point_strong,b_hgb_regularised,3000,5034,0.1612199636266186,0.005723460960696742,0.15000218627673198,0.17243774097650524,1,0.1628580376571836,0.011401811389021592,0.0,0.0,0.021644252857179833,1.0470865151240507,1,0.4138407056040677,,4.39324140001554,
point_strong,c_hgb_early_stop,3000,5034,0.16163277753307653,0.00621468995631721,0.149452209043612,0.17381334602254106,1,0.1628580376571836,0.011401811389021592,0.0,0.0,0.03500538123072778,0.739936516934451,1,0.43189927842742504,,4.188859799993224,
point_strong,a_hgb_default,3000,5035,0.16354661115274138,0.0133364586371905,0.13740763254253988,0.1896855897629429,1,0.1628580376571836,0.011401811389021592,0.002,6.0,0.004528082427837095,0.4042879072211528,0,,CapabilityError,4.728679100051522,
point_strong,e2_logit_poly2,3000,5036,0.16807875378128556,0.005569249116404234,0.15716322609220174,0.1789942814703694,1,0.1628580376571836,0.011401811389021592,0.0003333333333333333,1.0,0.007497510086726337,0.9313599243091221,1,0.47780972997273713,,2.450796000077389,
point_strong,c_hgb_early_stop,3000,5035,0.16311100620189561,0.006027149487511109,0.1512980102769348,0.17492400212685644,1,0.1628580376571836,0.011401811389021592,0.0,0.0,0.0869202021644557,0.7287581040436727,1,0.4333344204105767,,4.0059974999167025,
point_strong,b_hgb_regularised,3000,5035,0.1642191726644759,0.005980200457718932,0.15249819514701685,0.17594015018193493,1,0.1628580376571836,0.011401811389021592,0.0,0.0,0.04328590498230913,0.8953073410748672,1,0.4293389929334181,,4.378211600007489,
point_strong,a_hgb_default,3000,5036,0.16884175389584238,0.008518843342078194,0.1521451277554303,0.18553838003625447,1,0.1628580376571836,0.011401811389021592,0.001,3.0,0.00846563110426611,0.4051230115646595,0,,CapabilityError,4.755250399932265,
point_strong,b_hgb_regularised,3000,5036,0.1665610412004721,0.00546558834608566,0.15584868488782236,0.17727339751312185,1,0.1628580376571836,0.011401811389021592,0.0,0.0,0.06226249230738991,0.9088316762321719,1,0.43803474328104225,,4.128892099950463,
point_strong,c_hgb_early_stop,3000,5036,0.164973411802679,0.005725025103221076,0.15375256878977797,0.17619425481558001,1,0.1628580376571836,0.011401811389021592,0.0,0.0,0.035276701537665836,0.7286927323089984,1,0.44444215091024775,,3.8058217000216246,
point_strong,e2_logit_poly2,3000,5037,0.1679668729790062,0.005888138723980624,0.15642633314402854,0.17950741281398386,1,0.1628580376571836,0.011401811389021592,0.0026666666666666666,8.0,0.0040372768533445905,0.9486672541404493,1,0.4118830941455757,,2.468563099973835,
point_strong,a_hgb_default,3000,5037,0.16662676562903644,0.010687140395193941,0.14568035535673315,0.18757317590133973,1,0.1628580376571836,0.011401811389021592,0.001,3.0,0.004347473538963559,0.38101816248220377,0,,CapabilityError,4.903030199930072,
point_strong,b_hgb_regularised,3000,5037,0.16864333088022032,0.00572304377223521,0.15742637120469305,0.1798602905557476,1,0.1628580376571836,0.011401811389021592,0.0,0.0,0.03676252042299924,0.9873045551059191,1,0.4354353201103082,,4.149604200036265,
point_strong,e2_logit_poly2,3000,5038,0.16327671668870125,0.005808282307621134,0.15189269255372262,0.17466074082367988,1,0.1628580376571836,0.011401811389021592,0.0003333333333333333,1.0,0.0036341663511587235,0.9242587259433084,1,0.41734804978014667,,2.301437300047837,
point_strong,c_hgb_early_stop,3000,5037,0.17042110392233734,0.006209954107710884,0.15824981752557743,0.18259239031909724,1,0.1628580376571836,0.011401811389021592,0.0,0.0,0.05720710569223158,0.6498111681667151,1,0.46260924561188566,,3.9862254000036046,
point_strong,e2_logit_poly2,3000,5039,0.15909346270682934,0.005802740415888386,0.14772030048005313,0.17046662493360554,1,0.1628580376571836,0.011401811389021592,0.0016666666666666668,5.0,0.003496272336546079,0.9317075055336346,1,0.4080794229141217,,2.3426640999969095,
point_strong,a_hgb_default,3000,5038,0.16394596814808177,0.01024571920125005,0.14386472751792118,0.18402720877824236,1,0.1628580376571836,0.011401811389021592,0.0003333333333333333,1.0,0.009079295455873517,0.400820486700649,0,,CapabilityError,4.690954799996689,
point_strong,c_hgb_early_stop,3000,5038,0.163083916235152,0.005990520568399843,0.1513427116724419,0.1748251207978621,1,0.1628580376571836,0.011401811389021592,0.0,0.0,0.04327760017546209,0.7121058849063894,1,0.4368404043740968,,3.8032637999858707,
point_strong,b_hgb_regularised,3000,5038,0.16438506570208017,0.005606462450948797,0.15339660121754436,0.17537353018661597,1,0.1628580376571836,0.011401811389021592,0.0,0.0,0.036273305715251294,0.9612216305777401,1,0.42988367289149354,,4.340684999944642,
point_strong,a_hgb_default,3000,5039,0.1558194292461592,0.008648326870348527,0.1388690200537461,0.17276983843857233,1,0.1628580376571836,0.011401811389021592,0.005666666666666667,17.0,0.0034289633281385694,0.4409872525861459,0,,CapabilityError,4.66384139994625,
point_strong,e2_logit_poly2,3000,5040,0.1516862843826684,0.006945258620306516,0.13807382762355128,0.16529874114178553,1,0.1628580376571836,0.011401811389021592,0.0013333333333333333,4.0,0.0031267934713775825,0.9499267380340367,1,0.5112357352596013,,2.4324074999894947,
point_strong,c_hgb_early_stop,3000,5039,0.15650831100729962,0.0059864051614860105,0.14477517249392235,0.16824144952067688,1,0.1628580376571836,0.011401811389021592,0.0,0.0,0.03074109306085146,0.7109838665824894,1,0.41893192957271347,,3.9433670000871643,
point_strong,b_hgb_regularised,3000,5039,0.15729457353334336,0.005445799779431152,0.14662100209864212,0.1679681449680446,1,0.1628580376571836,0.011401811389021592,0.0,0.0,0.01618016548148365,1.0017782671023834,1,0.40804101735643483,,4.288393900031224,
point_strong,a_hgb_default,3000,5040,0.15351967050813298,0.010595210129597483,0.13275344024548796,0.174285900770778,1,0.1628580376571836,0.011401811389021592,0.002,6.0,0.005855681365457782,0.38488478158885425,0,,CapabilityError,4.8041632999666035,
point_strong,c_hgb_early_stop,3000,5040,0.1537470151106477,0.005955276568807927,0.1420748875178089,0.1654191427034865,1,0.1628580376571836,0.011401811389021592,0.0,0.0,0.03802062584927266,0.7309439579408806,1,0.428626421323495,,4.023604699992575,
point_strong,e2_logit_poly2,3000,5041,0.1628905147078672,0.006188009692128786,0.15076223857531,0.1750187908404244,1,0.1628580376571836,0.011401811389021592,0.0013333333333333333,4.0,0.0009465149404138619,0.9539166193688139,1,0.4257032481115455,,2.610223099938594,
point_strong,b_hgb_regularised,3000,5040,0.15583251912254759,0.0054884243671138675,0.14507540503113237,0.1665896332139628,1,0.1628580376571836,0.011401811389021592,0.0,0.0,0.03126954166951948,0.9930732628846255,1,0.4148781538105539,,4.32982580002863,
point_strong,a_hgb_default,3000,5041,0.16538354157327667,0.010809838904404982,0.144196646641963,0.18657043650459035,1,0.1628580376571836,0.011401811389021592,0.0016666666666666668,5.0,0.003669887290988251,0.4051409460030146,0,,CapabilityError,4.710269100032747,
point_strong,c_hgb_early_stop,3000,5041,0.16395595872654078,0.006402126825716479,0.15140802072367876,0.1765038967294028,1,0.1628580376571836,0.011401811389021592,0.0,0.0,0.04342105623139167,0.6856830297565384,1,0.43458937281789356,,3.9776904999744147,
point_strong,e2_logit_poly2,3000,5042,0.15732285827305187,0.006015112339442703,0.1455334547247817,0.16911226182132202,1,0.1628580376571836,0.011401811389021592,0.0016666666666666668,5.0,0.0037122795069670454,0.9435525709484586,1,0.545346195850357,,2.521597799961455,
point_strong,b_hgb_regularised,3000,5041,0.16677019051286035,0.005926484126647332,0.15515449506968326,0.17838588595603744,1,0.1628580376571836,0.011401811389021592,0.0,0.0,0.045328223402897105,0.9634375602399387,1,0.42156782175637564,,4.0940043000737205,
point_strong,a_hgb_default,3000,5042,0.1553341966926759,0.00965369023847799,0.13641331150735314,0.17425508187799865,1,0.1628580376571836,0.011401811389021592,0.0,0.0,0.011815659732400886,0.38234171361539115,0,,CapabilityError,4.724266800098121,
point_strong,c_hgb_early_stop,3000,5042,0.15492003554520128,0.005860221060598077,0.14343421332498593,0.16640585776541664,1,0.1628580376571836,0.011401811389021592,0.0,0.0,0.0868086496894343,0.6967497733436004,1,0.4238983708730005,,3.864220599993132,
point_strong,b_hgb_regularised,3000,5042,0.15554533335318327,0.0055956969758281985,0.1445779688121603,0.16651269789420622,1,0.1628580376571836,0.011401811389021592,0.0,0.0,0.05346776188566195,0.9034155966120957,1,0.4187828479015371,,4.255776899983175,
point_strong,e2_logit_poly2,3000,5043,0.1636207459996772,0.005614396069482556,0.15261673190854813,0.17462476009080624,1,0.1628580376571836,0.011401811389021592,0.0006666666666666666,2.0,0.003590739289781078,0.9389482443870876,1,0.4137812569641534,,2.50525829999242,
point_strong,a_hgb_default,3000,5043,0.16291331703057393,0.008077848996464954,0.1470810239249496,0.17874561013619827,1,0.1628580376571836,0.011401811389021592,0.004,12.0,0.0029815877038561274,0.4146981199839395,0,,CapabilityError,4.774257000070065,
point_strong,e2_logit_poly2,3000,5044,0.1611460534738055,0.005898861948880572,0.14958449650422584,0.17270761044338517,1,0.1628580376571836,0.011401811389021592,0.0,0.0,0.013828505176256067,0.9311848738307922,1,0.48552521378749147,,2.403775200014934,
point_strong,b_hgb_regularised,3000,5043,0.16251064096558732,0.0053414505946572394,0.15204159017485908,0.17297969175631556,1,0.1628580376571836,0.011401811389021592,0.0,0.0,0.04329443188217121,0.9005693348945245,1,0.4288513880113203,,4.075423100031912,
point_strong,c_hgb_early_stop,3000,5043,0.16434872346267193,0.00580343231331703,0.15297420514185459,0.17572324178348928,1,0.1628580376571836,0.011401811389021592,0.0,0.0,0.03545500415483718,0.5917976989055455,1,0.448055337445332,,3.963348300079815,
point_strong,a_hgb_default,3000,5044,0.16275557813294927,0.008792616457024933,0.14552236654730624,0.1799887897185923,1,0.1628580376571836,0.011401811389021592,0.0033333333333333335,10.0,0.002542199032379233,0.4032374280133197,0,,CapabilityError,4.713068000040948,
point_strong,b_hgb_regularised,3000,5044,0.16422524460338322,0.005570020308396016,0.15330820540577034,0.1751422838009961,1,0.1628580376571836,0.011401811389021592,0.0,0.0,0.030873116278698372,0.9366222445719776,1,0.43110740857559515,,4.058133800048381,
point_strong,c_hgb_early_stop,3000,5044,0.16232515392974622,0.005798158255606067,0.15096097257209476,0.1736893352873977,1,0.1628580376571836,0.011401811389021592,0.0,0.0,0.051884231321596516,0.70279385955609,1,0.4382575768957545,,3.979481599992141,
point_strong,e2_logit_poly2,3000,5045,0.15562527676517351,0.005655629150668761,0.1445404473199479,0.16671010621039914,1,0.1628580376571836,0.011401811389021592,0.0003333333333333333,1.0,0.004123169366164092,0.9401629182207006,1,0.40677794934803474,,2.4878393000690266,
point_strong,a_hgb_default,3000,5045,0.15712100626559194,0.00968015385045606,0.13814825335389133,0.17609375917729256,1,0.1628580376571836,0.011401811389021592,0.0013333333333333333,4.0,0.004012071259950002,0.43507168912074545,0,,CapabilityError,4.785829299944453,
point_strong,b_hgb_regularised,3000,5045,0.15604458620021766,0.005403695548940666,0.14545353754087456,0.16663563485956076,1,0.1628580376571836,0.011401811389021592,0.0,0.0,0.04028259054932861,0.9911039293010974,1,0.4151573839247261,,4.1429657000117,
point_strong,e2_logit_poly2,3000,5046,0.16480515910812932,0.006007613200699079,0.15303045360171172,0.17657986461454692,1,0.1628580376571836,0.011401811389021592,0.001,3.0,0.003814649294006078,0.934255862218646,1,0.4160676466628089,,2.3895717000123113,
point_strong,c_hgb_early_stop,3000,5045,0.15558297077679029,0.005771807225407974,0.1442704364892826,0.16689550506429798,1,0.1628580376571836,0.011401811389021592,0.0,0.0,0.06290984765647979,0.6787983609399041,1,0.4237148519086845,,4.021604300010949,
point_strong,a_hgb_default,3000,5046,0.16708130689867945,0.00849922092377933,0.1504231399914227,0.1837394738059362,1,0.1628580376571836,0.011401811389021592,0.008,24.0,0.0010731224452266482,0.4681030472250847,0,,CapabilityError,4.8187868000241,
point_strong,e2_logit_poly2,3000,5047,0.16326079149612016,0.0057217193783743224,0.1520464275848616,0.17447515540737873,1,0.1628580376571836,0.011401811389021592,0.0013333333333333333,4.0,0.000248684986108775,0.9510295097668253,1,0.4006412714757384,,2.4250736000249162,
point_strong,c_hgb_early_stop,3000,5046,0.1630323100920032,0.005818608092099504,0.15162804779133485,0.17443657239267155,1,0.1628580376571836,0.011401811389021592,0.0,0.0,0.036794013074088916,0.749258541211956,1,0.4300688333337711,,3.9733526000054553,
point_strong,b_hgb_regularised,3000,5046,0.16404495537494557,0.005455233001435506,0.15335289516485764,0.1747370155850335,1,0.1628580376571836,0.011401811389021592,0.0,0.0,0.024631476008877367,0.9811121941186804,1,0.4220816896002721,,4.312893099966459,
point_strong,a_hgb_default,3000,5047,0.1636728499595425,0.0099272385751242,0.14421581988636234,0.18312988003272268,1,0.1628580376571836,0.011401811389021592,0.002,6.0,0.003678702746365351,0.4613977702274466,0,,CapabilityError,4.60849989997223,
point_strong,e2_logit_poly2,3000,5048,0.15007920153575177,0.006863204557628012,0.1366275677842697,0.16353083528723383,1,0.1628580376571836,0.011401811389021592,0.0013333333333333333,4.0,0.0037782947750116228,0.9453649629105917,1,0.5100154221340197,,2.4797528999624774,
point_strong,c_hgb_early_stop,3000,5047,0.16303809789480073,0.006451557562110958,0.1503932774288762,0.17568291836072525,1,0.1628580376571836,0.011401811389021592,0.0,0.0,0.037842419146674425,0.7185158828912772,1,0.4515161061641974,,4.087722799973562,
point_strong,b_hgb_regularised,3000,5047,0.16244301795982524,0.0056217788580279916,0.15142453386904167,0.1734615020506088,1,0.1628580376571836,0.011401811389021592,0.0,0.0,0.03449792167557845,0.9777440288338706,1,0.4235634028350653,,4.270515499985777,
point_strong,a_hgb_default,3000,5048,0.151249365509034,0.010088920354952761,0.13147544497043354,0.17102328604763448,1,0.1628580376571836,0.011401811389021592,0.0013333333333333333,4.0,0.005705279748699899,0.45360402049651005,0,,CapabilityError,4.534985299920663,
point_strong,b_hgb_regularised,3000,5048,0.15116608004495102,0.005660906377841136,0.1400709074245293,0.16226125266537275,0,0.1628580376571836,0.011401811389021592,0.0,0.0,0.06601083208663366,0.9834296265638686,1,0.39688460156762284,,4.208173000020906,
point_strong,e2_logit_poly2,3000,5049,0.1626820255321283,0.010008641656549862,0.14306544835112325,0.18229860271313333,1,0.1628580376571836,0.011401811389021592,0.0023333333333333335,7.0,0.0015736457652378681,0.9453523346646635,0,,CapabilityError,2.4362123999744654,
point_strong,c_hgb_early_stop,3000,5048,0.1511343217199435,0.0064497080543039036,0.13849312622270996,0.16377551721717706,1,0.1628580376571836,0.011401811389021592,0.0,0.0,0.04678560719054676,0.6923838248158805,1,0.40889852658041287,,4.137929100077599,
point_strong,a_hgb_default,3000,5049,0.16068475991844083,0.013082009109274081,0.1350444932188387,0.18632502661804295,1,0.1628580376571836,0.011401811389021592,0.0006666666666666666,2.0,0.008872614169598789,0.4593016696115148,0,,CapabilityError,4.735150399967097,
point_strong,e2_logit_poly2,3000,5050,0.1558043909604092,0.005465395861875251,0.14509241190987948,0.16651637001093894,1,0.1628580376571836,0.011401811389021592,0.0006666666666666666,2.0,0.00477305216024499,0.9315100558845064,1,0.39786121326092777,,2.3963210999500006,
point_strong,c_hgb_early_stop,3000,5049,0.16342951738668704,0.006015905404398579,0.15163855945966595,0.17522047531370813,1,0.1628580376571836,0.011401811389021592,0.0,0.0,0.06887656199423674,0.7527054183370421,1,0.4307981592871223,,3.9327580999815837,
point_strong,b_hgb_regularised,3000,5049,0.16316555893823081,0.0058761459084859,0.15164852458969605,0.17468259328676558,1,0.1628580376571836,0.011401811389021592,0.0,0.0,0.05141650598368718,0.9890910713260391,1,0.4263108112931936,,4.360441600088961,
point_strong,a_hgb_default,3000,5050,0.15393705664523288,0.00988026113145791,0.13457210066972441,0.17330201262074135,1,0.1628580376571836,0.011401811389021592,0.0013333333333333333,4.0,0.004683221498866557,0.42084013516915214,0,,CapabilityError,4.6884374000364915,
point_strong,e2_logit_poly2,3000,5051,0.15607826374725386,0.006271686862994366,0.14378598337347193,0.1683705441210358,1,0.1628580376571836,0.011401811389021592,0.002,6.0,0.0022388866305260084,0.9518335923133806,1,0.4307058833652953,,2.4362752999877557,
point_strong,b_hgb_regularised,3000,5050,0.15477886967368665,0.005513984920482366,0.14397165781824425,0.16558608152912904,1,0.1628580376571836,0.011401811389021592,0.0,0.0,0.03570364930221768,0.9016782270307369,1,0.41789240192336513,,4.38750870001968,
point_strong,c_hgb_early_stop,3000,5050,0.15288293565827094,0.005842853134973239,0.14143115394676645,0.16433471736977542,1,0.1628580376571836,0.011401811389021592,0.0,0.0,0.07365093363968843,0.7106730879916425,1,0.4195676003366175,,4.044851599959657,
point_strong,a_hgb_default,3000,5051,0.15855217082441125,0.010145953719346783,0.13866646694568135,0.17843787470314115,1,0.1628580376571836,0.011401811389021592,0.006333333333333333,19.0,0.0016033681287693168,0.4303460497982509,0,,CapabilityError,4.65449979994446,
point_strong,b_hgb_regularised,3000,5051,0.1579056576866359,0.005551388705249526,0.14702513576016438,0.1687861796131074,1,0.1628580376571836,0.011401811389021592,0.0,0.0,0.03556682441091213,0.9530283687893073,1,0.40961569048572943,,4.240192700061016,
point_strong,e2_logit_poly2,3000,5052,0.1720151786064978,0.005801644350496258,0.16064416462841485,0.18338619258458072,1,0.1628580376571836,0.011401811389021592,0.0033333333333333335,10.0,0.00023990704177541638,0.935248001130197,1,0.4067918783704382,,2.40574800001923,
point_strong,c_hgb_early_stop,3000,5051,0.15743738436917243,0.005737571003204719,0.14619195184414982,0.16868281689419504,1,0.1628580376571836,0.011401811389021592,0.0,0.0,0.032951058582256325,0.7594779976190633,1,0.4119407089923106,,3.9859098999295384,
point_strong,a_hgb_default,3000,5052,0.17464852140477566,0.009496173634822318,0.1560363630895851,0.19326067971996622,1,0.1628580376571836,0.011401811389021592,0.001,3.0,0.0069938448266594,0.41732842421996813,0,,CapabilityError,4.711979100015014,
point_strong,e2_logit_poly2,3000,5053,0.1550208548931094,0.006110765605159452,0.14304397438903077,0.16699773539718804,1,0.1628580376571836,0.011401811389021592,0.001,3.0,0.003564393067861254,0.9390213850962911,1,0.3980666584764767,,2.3880446000257507,
point_strong,b_hgb_regularised,3000,5052,0.17051102937245594,0.005666420723774488,0.15940504883260656,0.1816170099123053,1,0.1628580376571836,0.011401811389021592,0.0,0.0,0.03755897135132834,0.9890844965841492,1,0.4388088879526611,,4.346082600066438,
point_strong,c_hgb_early_stop,3000,5052,0.17105694055252663,0.006028771258225908,0.15924076601537362,0.18287311508967963,1,0.1628580376571836,0.011401811389021592,0.0,0.0,0.06116949327932598,0.7501974165378091,1,0.44933369041861615,,3.9776039000134915,
point_strong,b_hgb_regularised,3000,5053,0.15393789152415788,0.005601573679401323,0.14295900885578378,0.16491677419253198,1,0.1628580376571836,0.011401811389021592,0.0,0.0,0.03579152011293207,0.9878277547876244,1,0.39856397937015886,,4.195935200084932,
point_strong,a_hgb_default,3000,5053,0.15550179015550075,0.010369243454260919,0.13517844643822163,0.17582513387277987,1,0.1628580376571836,0.011401811389021592,0.004666666666666667,14.0,0.0028362475248276346,0.4306786891944242,0,,CapabilityError,4.778452200000174,
point_strong,e2_logit_poly2,3000,5054,0.16036303766819243,0.006992656292801641,0.14665768317803385,0.17406839215835102,1,0.1628580376571836,0.011401811389021592,0.0003333333333333333,1.0,0.006412636894441777,0.8829520970218131,1,0.4616559413860652,,2.4670218999963254,
point_strong,c_hgb_early_stop,3000,5053,0.1573536148982702,0.005948525754961587,0.14569471865743658,0.16901251113910384,1,0.1628580376571836,0.011401811389021592,0.0,0.0,0.04946776893225573,0.7594464596157902,1,0.4107137937763035,,3.945064099971205,
point_strong,a_hgb_default,3000,5054,0.15862430578780734,0.013853361154833802,0.13147221685950689,0.1857763947161078,1,0.1628580376571836,0.011401811389021592,0.0036666666666666666,11.0,0.0009522345510092678,0.38847707636263695,0,,CapabilityError,4.546155599993654,
point_strong,e2_logit_poly2,3000,5055,0.1599250611865503,0.0067362297999144834,0.14672229338713247,0.17312782898596815,1,0.1628580376571836,0.011401811389021592,0.0016666666666666668,5.0,0.0026555340047719114,0.9298664617810529,0,,CapabilityError,2.38984350010287,
point_strong,b_hgb_regularised,3000,5054,0.1589177017871874,0.0061587812986181,0.1468467122532371,0.1709886913211377,1,0.1628580376571836,0.011401811389021592,0.0,0.0,0.029002301693245882,0.914681153245959,1,0.4188781062878563,,4.266362900030799,
point_strong,c_hgb_early_stop,3000,5054,0.16116412086587867,0.0067257980600704355,0.14798179890085125,0.17434644283090608,1,0.1628580376571836,0.011401811389021592,0.0,0.0,0.05076655489496591,0.6413410211925118,1,0.4358871660903608,,4.069839400006458,
point_strong,a_hgb_default,3000,5055,0.15575796647639845,0.010021708937129375,0.1361157778960817,0.1754001550567152,1,0.1628580376571836,0.011401811389021592,0.0026666666666666666,8.0,0.0033869265233036766,0.42382880645716253,0,,CapabilityError,4.897504199994728,
point_strong,e2_logit_poly2,3000,5056,0.1707250724398196,0.0057258598301216995,0.15950259339225645,0.18194755148738276,1,0.1628580376571836,0.011401811389021592,0.0026666666666666666,8.0,0.00286782391066871,0.9399990216752254,1,0.45493350621029144,,2.452541899983771,
point_strong,c_hgb_early_stop,3000,5055,0.15777116594923168,0.006279090407483006,0.14546437489489406,0.1700779570035693,1,0.1628580376571836,0.011401811389021592,0.0,0.0,0.0327278193388139,0.6757100048108589,1,0.4372597004615856,,3.9198885000078008,
point_strong,b_hgb_regularised,3000,5055,0.16026497560182212,0.005607738517541965,0.14927401007272184,0.1712559411309224,1,0.1628580376571836,0.011401811389021592,0.0,0.0,0.027309462507107488,0.9805951991828253,1,0.42180451213006953,,4.476054699975066,
point_strong,a_hgb_default,3000,5056,0.17077113192809856,0.009899529984072392,0.1513684096954423,0.19017385416075483,1,0.1628580376571836,0.011401811389021592,0.0016666666666666668,5.0,0.006525602928637774,0.4340291484164789,0,,CapabilityError,4.622986100031994,
point_strong,e2_logit_poly2,3000,5057,0.15851241652263465,0.008643823040363758,0.14157083467478418,0.17545399837048511,1,0.1628580376571836,0.011401811389021592,0.0006666666666666666,2.0,2.491501820163962e-05,0.9436065396385072,1,0.5459058478482749,,2.4834677999606356,
point_strong,c_hgb_early_stop,3000,5056,0.1706313744905577,0.005585313851312485,0.15968436049963253,0.1815783884814829,1,0.1628580376571836,0.011401811389021592,0.0,0.0,0.08019248143949924,0.8319316745462121,1,0.446792981092992,,3.9615346000064164,
point_strong,b_hgb_regularised,3000,5056,0.17261416148244602,0.005376987388417455,0.16207545985582172,0.1831528631090703,1,0.1628580376571836,0.011401811389021592,0.0,0.0,0.04006718956988948,0.995348104644758,1,0.44283941432164553,,4.326282099937089,
point_strong,a_hgb_default,3000,5057,0.1631191057923616,0.010684208839802973,0.1421784412630433,0.18405977032167992,1,0.1628580376571836,0.011401811389021592,0.0006666666666666666,2.0,0.009208519787299647,0.45449870564224737,0,,CapabilityError,4.876887199934572,
point_strong,b_hgb_regularised,3000,5057,0.15959450126398023,0.005889405319244957,0.1480514789479015,0.17113752358005896,1,0.1628580376571836,0.011401811389021592,0.0,0.0,0.06264962551023838,0.9038815258708787,1,0.4247512749459666,,4.264384800102562,
point_strong,e2_logit_poly2,3000,5058,0.16545596212302172,0.005913954963115008,0.15386482338912438,0.17704710085691905,1,0.1628580376571836,0.011401811389021592,0.0013333333333333333,4.0,0.004966110400240306,0.9558412698117542,1,0.40654833301778437,,2.2843972999835387,
point_strong,c_hgb_early_stop,3000,5057,0.15885011022189888,0.006043075876883544,0.14700589914736434,0.17069432129643342,1,0.1628580376571836,0.011401811389021592,0.0,0.0,0.07633445831741367,0.7650945965824862,1,0.4279609670309218,,4.018723899964243,
point_strong,a_hgb_default,3000,5058,0.16273977915062493,0.010468192012292652,0.14222249982328145,0.18325705847796842,1,0.1628580376571836,0.011401811389021592,0.005666666666666667,17.0,0.0024577819879998413,0.48884638124185537,0,,CapabilityError,4.589367399923503,
point_strong,e2_logit_poly2,3000,5059,0.1737932032827098,0.006064235690917221,0.16190751973474968,0.18567888683066994,1,0.1628580376571836,0.011401811389021592,0.0006666666666666666,2.0,0.005234619984453549,0.9463732700372613,1,0.41711705760694984,,2.4069891000399366,
point_strong,b_hgb_regularised,3000,5058,0.16649508822616926,0.005555266133006888,0.15560696668094065,0.17738320977139788,1,0.1628580376571836,0.011401811389021592,0.0,0.0,0.03639384464314533,0.9894728273744561,1,0.41997457353426887,,4.303896000026725,
point_strong,c_hgb_early_stop,3000,5058,0.1643044901116587,0.005912709913298072,0.15271579163056154,0.17589318859275588,1,0.1628580376571836,0.011401811389021592,0.0,0.0,0.04427249234696434,0.7613685468636321,1,0.43116683430454844,,4.121413999935612,
point_strong,a_hgb_default,3000,5059,0.17576075448919898,0.01017835843805477,0.15581153852887228,0.19570997044952568,1,0.1628580376571836,0.011401811389021592,0.0026666666666666666,8.0,0.0038146442413300296,0.41841505053415706,0,,CapabilityError,4.73485659994185,
point_strong,e2_logit_poly2,3000,5060,0.16342033723224952,0.0077504274451223,0.14822977857501904,0.17861089588948,1,0.1628580376571836,0.011401811389021592,0.0023333333333333335,7.0,0.0005491300212510087,0.9386439108380009,1,0.4222885723169684,,2.4661436999449506,
point_strong,b_hgb_regularised,3000,5059,0.17355445503880063,0.005855531447396557,0.16207782429156167,0.18503108578603958,1,0.1628580376571836,0.011401811389021592,0.0,0.0,0.031524255017993996,0.9812788923210278,1,0.43461572371919777,,4.210353499976918,
point_strong,c_hgb_early_stop,3000,5059,0.17418058954160398,0.006102661074560343,0.1622195936256112,0.18614158545759676,1,0.1628580376571836,0.011401811389021592,0.0,0.0,0.06076383978266526,0.7717168189906735,1,0.4455356736748191,,3.972154699964449,
point_strong,a_hgb_default,3000,5060,0.16336169495105646,0.013046233548118754,0.1377915470628455,0.18893184283926742,1,0.1628580376571836,0.011401811389021592,0.005666666666666667,17.0,0.0016301646428647741,0.44668974862883976,0,,CapabilityError,4.783854500041343,
point_strong,c_hgb_early_stop,3000,5060,0.16502260644739014,0.005924279331834182,0.15341123232264012,0.17663398057214016,1,0.1628580376571836,0.011401811389021592,0.0,0.0,0.04900029102998602,0.7851251362878677,1,0.4247803728697742,,4.076473699999042,
point_strong,b_hgb_regularised,3000,5060,0.16262744901251364,0.005788005203760009,0.1512831672708136,0.17397173075421368,1,0.1628580376571836,0.011401811389021592,0.0,0.0,0.022896581444341535,1.0140740055460877,1,0.4156314569761579,,4.372835599933751,
point_strong,e2_logit_poly2,3000,5061,0.1501041042927142,0.006800897228042291,0.13677459066319303,0.16343361792223537,1,0.1628580376571836,0.011401811389021592,0.0026666666666666666,8.0,0.0027940261616025215,0.9579926577562846,1,0.4448961262294697,,2.4606087000574917,
point_strong,a_hgb_default,3000,5061,0.15264373553018384,0.010458883032809124,0.1321447014673609,0.17314276959300678,1,0.1628580376571836,0.011401811389021592,0.004,12.0,0.0036707204784642965,0.4684749346655566,0,,CapabilityError,4.797054900089279,
point_strong,e2_logit_poly2,3000,5062,0.16573592221131755,0.008876358780347435,0.1483385786879807,0.1831332657346544,1,0.1628580376571836,0.011401811389021592,0.0016666666666666668,5.0,0.002214282799689372,0.9273913618743447,0,,CapabilityError,2.5391837999923155,
point_strong,b_hgb_regularised,3000,5061,0.15439478638879928,0.005415918120738144,0.14377978192893467,0.16500979084866388,1,0.1628580376571836,0.011401811389021592,0.0,0.0,0.012110282187562313,1.0052696196862863,1,0.4248359678944335,,4.3032196999993175,
point_strong,c_hgb_early_stop,3000,5061,0.1530909775862847,0.005764067742371027,0.1417936124067884,0.16438834276578101,1,0.1628580376571836,0.011401811389021592,0.0,0.0,0.0520901547777891,0.7810625391220126,1,0.4208695905435892,,4.054692400037311,
point_strong,a_hgb_default,3000,5062,0.15921848005004774,0.010805347304216317,0.1380403884933368,0.18039657160675868,1,0.1628580376571836,0.011401811389021592,0.0006666666666666666,2.0,0.005714084852167157,0.4025815045696407,0,,CapabilityError,4.606072099995799,
point_strong,c_hgb_early_stop,3000,5062,0.16117419359599378,0.0059910663545134695,0.1494319193121577,0.17291646787982984,1,0.1628580376571836,0.011401811389021592,0.0,0.0,0.07895123584834682,0.7196591258301321,1,0.43106435747118993,,4.025904500042088,
point_strong,e2_logit_poly2,3000,5063,0.1734427197727827,0.006135746179702624,0.16141687824228632,0.18546856130327907,1,0.1628580376571836,0.011401811389021592,0.0003333333333333333,1.0,0.009645314044285624,0.9080216734912534,1,0.43548918154750926,,2.45659750001505,
point_strong,b_hgb_regularised,3000,5062,0.16319743565891254,0.005686268167162848,0.15205255484483676,0.1743423164729883,1,0.1628580376571836,0.011401811389021592,0.0,0.0,0.07212938574953205,0.9680198572680759,1,0.42298853423665894,,4.321942000067793,
point_strong,a_hgb_default,3000,5063,0.17093991944246328,0.011597733448328835,0.14820877958144324,0.19367105930348333,1,0.1628580376571836,0.011401811389021592,0.0003333333333333333,1.0,0.008698791365783996,0.3835976709468211,0,,CapabilityError,4.836887700017542,
point_strong,e2_logit_poly2,3000,5064,0.15651592835074912,0.006856532505034311,0.1430773715820537,0.16995448511944455,1,0.1628580376571836,0.011401811389021592,0.004,12.0,0.0005617355808181466,0.937164306345893,1,0.5263697715708083,,2.4969820000696927,
point_strong,b_hgb_regularised,3000,5063,0.17270100337220207,0.005931771416319009,0.16107494503169267,0.18432706171271146,1,0.1628580376571836,0.011401811389021592,0.0,0.0,0.054176144678126356,0.8610310472392311,1,0.4458288208082412,,4.169594899984077,
point_strong,c_hgb_early_stop,3000,5063,0.17367737466216382,0.005925227856573123,0.16206414146308704,0.1852906078612406,1,0.1628580376571836,0.011401811389021592,0.0,0.0,0.09047733782996867,0.7329068218315996,1,0.44349588089536995,,4.08700229995884,
point_strong,a_hgb_default,3000,5064,0.15669835601523918,0.01048769741449216,0.13614284680208072,0.17725386522839764,1,0.1628580376571836,0.011401811389021592,0.004666666666666667,14.0,0.0036746141935577936,0.4373038300565683,0,,CapabilityError,4.865110000013374,
point_strong,c_hgb_early_stop,3000,5064,0.15726217610430215,0.0064637589934114625,0.14459344127246881,0.1699309109361355,1,0.1628580376571836,0.011401811389021592,0.0,0.0,0.04240807337032305,0.7546990155398428,1,0.4171283540286395,,3.9389167999615893,
point_strong,e2_logit_poly2,3000,5065,0.15966202603408464,0.006159889513522079,0.1475888644388354,0.17173518762933387,1,0.1628580376571836,0.011401811389021592,0.0003333333333333333,1.0,0.003883855513067233,0.9483491284078253,1,0.41474993236920155,,2.438237000023946,
point_strong,b_hgb_regularised,3000,5064,0.1580586870421471,0.0058935576143174665,0.14650752637727305,0.16960984770702114,1,0.1628580376571836,0.011401811389021592,0.0,0.0,0.01176127326928122,0.9510988799369394,1,0.4165789890605109,,4.263819099985994,
point_strong,a_hgb_default,3000,5065,0.1599024483122392,0.009776466213943163,0.14074092663683796,0.17906396998764046,1,0.1628580376571836,0.011401811389021592,0.0003333333333333333,1.0,0.006710343009919201,0.43397226911590936,0,,CapabilityError,4.6285452001029626,
point_strong,c_hgb_early_stop,3000,5065,0.1590325524696699,0.0061558383531673515,0.14696733100281154,0.17109777393652828,1,0.1628580376571836,0.011401811389021592,0.0,0.0,0.05296129649079364,0.6743918480949646,1,0.43443297606747583,,3.935445500072092,
point_strong,b_hgb_regularised,3000,5065,0.15975392417894557,0.005542410149630487,0.14889099989812057,0.17061684845977057,1,0.1628580376571836,0.011401811389021592,0.0,0.0,0.05971683699458251,0.9781027365487487,1,0.4148401709758226,,4.3285148000577465,
point_strong,e2_logit_poly2,3000,5066,0.15687400855564526,0.0057465854618372995,0.14561090801636267,0.16813710909492785,1,0.1628580376571836,0.011401811389021592,0.0023333333333333335,7.0,0.002873462947075956,0.941061779352758,1,0.3895496087787253,,2.445624400046654,
point_strong,a_hgb_default,3000,5066,0.1562593386238214,0.01054534251996917,0.135590847080043,0.17692783016759983,1,0.1628580376571836,0.011401811389021592,0.0006666666666666666,2.0,0.008278583606737739,0.4457431209210668,1,0.8954549401279578,,4.655595900025219,
point_strong,c_hgb_early_stop,3000,5066,0.15555386660283704,0.005786638575484455,0.14421226340333734,0.16689546980233674,1,0.1628580376571836,0.011401811389021592,0.0,0.0,0.07171442247890174,0.774629816266733,1,0.41888377597498105,,3.8806598999071866,
point_strong,e2_logit_poly2,3000,5067,0.1676715824333906,0.005890213252633449,0.1561269765969685,0.17921618826981267,1,0.1628580376571836,0.011401811389021592,0.0006666666666666666,2.0,0.0031536251907147684,0.9366594460843741,1,0.43374877854831934,,2.3216828999575227,
point_strong,b_hgb_regularised,3000,5066,0.15668366484834922,0.00555076455726861,0.14580436622944132,0.16756296346725713,1,0.1628580376571836,0.011401811389021592,0.0,0.0,0.0771505217485121,0.9302804416938489,1,0.4176009832694973,,4.1460545000154525,
point_strong,a_hgb_default,3000,5067,0.1647148225505532,0.009011515094868904,0.1470525775184711,0.1823770675826353,1,0.1628580376571836,0.011401811389021592,0.0013333333333333333,4.0,0.004917297067607995,0.4565047049796877,0,,CapabilityError,4.763949499931186,
point_strong,c_hgb_early_stop,3000,5067,0.16704214184948396,0.005915615779901887,0.15544774797449945,0.17863653572446847,1,0.1628580376571836,0.011401811389021592,0.0,0.0,0.039118674723461574,0.7674571011780926,1,0.44449554355676574,,4.085549399955198,
point_strong,e2_logit_poly2,3000,5068,0.17116851904641178,0.005563621440376841,0.1602640213996583,0.18207301669316525,1,0.1628580376571836,0.011401811389021592,0.0003333333333333333,1.0,0.0054339322594494305,0.9436593218228619,1,0.418692100464648,,2.666052599903196,
point_strong,b_hgb_regularised,3000,5067,0.16576739114491756,0.005462313193066364,0.1550614540142295,0.17647332827560563,1,0.1628580376571836,0.011401811389021592,0.0,0.0,0.03408532619809508,0.9862233058888537,1,0.42846391709171494,,4.40809280006215,
point_strong,a_hgb_default,3000,5068,0.16927463039593799,0.009723396916918734,0.15021712263138948,0.1883321381604865,1,0.1628580376571836,0.011401811389021592,0.0,0.0,0.01228835444170377,0.4584540398244663,0,,CapabilityError,4.932098199962638,
point_strong,e2_logit_poly2,3000,5069,0.16196112817547925,0.007740699555291918,0.1467896358319619,0.17713262051899661,1,0.1628580376571836,0.011401811389021592,0.0016666666666666668,5.0,0.0033503236993997288,0.9338586231433335,1,0.5335465226221042,,2.4936175999464467,
point_strong,b_hgb_regularised,3000,5068,0.16911333237907056,0.005501983924259177,0.1583296420440042,0.1798970227141369,1,0.1628580376571836,0.011401811389021592,0.0,0.0,0.06586912631233224,0.9465258543424773,1,0.4367486943999857,,4.338461600011215,
point_strong,c_hgb_early_stop,3000,5068,0.16896280971668087,0.00596812472153562,0.1572655002072279,0.18066011922613384,1,0.1628580376571836,0.011401811389021592,0.0,0.0,0.051700374265798356,0.6635520125315925,1,0.4511830550461649,,4.180713900015689,
point_strong,a_hgb_default,3000,5069,0.16281010427249026,0.009626943809431939,0.14394164112481284,0.1816785674201677,1,0.1628580376571836,0.011401811389021592,0.002,6.0,0.007507163356650785,0.42280625829588103,0,,CapabilityError,4.771192800020799,
point_strong,c_hgb_early_stop,3000,5069,0.16321355767047785,0.005614108459428924,0.1522101072846955,0.1742170080562602,1,0.1628580376571836,0.011401811389021592,0.0,0.0,0.06000451289080752,0.7265474794900211,1,0.4416240531957757,,3.955982100102119,
point_strong,b_hgb_regularised,3000,5069,0.1650842177956397,0.005507478866425362,0.1542897575718305,0.1758786780194489,1,0.1628580376571836,0.011401811389021592,0.0,0.0,0.031246204551565616,0.9646304522184546,1,0.43158071565992684,,4.3732907000230625,
point_strong,e2_logit_poly2,3000,5070,0.156489114823175,0.006185371958128447,0.14436600855425927,0.16861222109209076,1,0.1628580376571836,0.011401811389021592,0.0016666666666666668,5.0,0.006053424432396105,0.9555289596051748,1,0.40334981490664745,,2.438851400045678,
point_strong,a_hgb_default,3000,5070,0.15913018807662244,0.008812513156637667,0.14185797967632724,0.17640239647691763,1,0.1628580376571836,0.011401811389021592,0.001,3.0,0.008939932713762592,0.47557388106005427,0,,CapabilityError,4.6969245000509545,
point_strong,b_hgb_regularised,3000,5070,0.15862109011508052,0.0056446262545697175,0.14755782594993466,0.16968435428022638,1,0.1628580376571836,0.011401811389021592,0.0,0.0,0.046851457121781966,0.9581531719111902,1,0.41272759446754276,,4.0869811999145895,
point_strong,e2_logit_poly2,3000,5071,0.16805160811480957,0.005529522716880277,0.15721394273802816,0.17888927349159098,1,0.1628580376571836,0.011401811389021592,0.0006666666666666666,2.0,0.005492599091318796,0.9261528857441051,1,0.43138216573766713,,2.4596244000131264,
point_strong,c_hgb_early_stop,3000,5070,0.16187224856968968,0.005879358231970884,0.15034891818281765,0.1733955789565617,1,0.1628580376571836,0.011401811389021592,0.0,0.0,0.06404624770598687,0.7244665218164709,1,0.430995713938411,,3.9668737000320107,
point_strong,a_hgb_default,3000,5071,0.16697183041569408,0.008740647030465518,0.1498404770344047,0.18410318379698346,1,0.1628580376571836,0.011401811389021592,0.004333333333333333,13.0,0.004553501787190683,0.4104103842782569,0,,CapabilityError,4.77986529993359,
point_strong,c_hgb_early_stop,3000,5071,0.16610707898881788,0.005624193156850798,0.1550838629592937,0.17713029501834207,1,0.1628580376571836,0.011401811389021592,0.0,0.0,0.07338106064296511,0.7538958752461006,1,0.4379443195857347,,4.015638199984096,
point_strong,e2_logit_poly2,3000,5072,0.1704015051246332,0.0056538265875768785,0.15932020863814753,0.18148280161111888,1,0.1628580376571836,0.011401811389021592,0.003,9.0,0.0013863434424715244,0.9284384399373586,1,0.45762986560650903,,2.5113677999470383,
point_strong,b_hgb_regularised,3000,5071,0.16690763052293972,0.00541633938325982,0.15629180040370458,0.17752346064217486,1,0.1628580376571836,0.011401811389021592,0.0,0.0,0.03804042613776727,0.9084631181258961,1,0.4299528630698997,,4.322075800038874,
point_strong,a_hgb_default,3000,5072,0.1686351538555006,0.012702868949746584,0.14373798821366515,0.19353231949733604,1,0.1628580376571836,0.011401811389021592,0.006,18.0,0.002845127688148823,0.4031659009824109,0,,CapabilityError,4.719662699964829,
point_strong,e2_logit_poly2,3000,5073,0.1486566641385999,0.007403252808063564,0.1341465552663503,0.1631667730108495,1,0.1628580376571836,0.011401811389021592,0.0006666666666666666,2.0,0.006329414955581892,0.9567969736831259,1,0.7176403111724465,,2.4035618000198156,
point_strong,c_hgb_early_stop,3000,5072,0.1702207585696986,0.005771258386313268,0.15890929998704983,0.18153221715234735,1,0.1628580376571836,0.011401811389021592,0.0,0.0,0.08807210456874286,0.7367234332530175,1,0.45027178195091516,,4.030173999955878,
point_strong,b_hgb_regularised,3000,5072,0.16759316665305757,0.005481333869884105,0.15684994968084517,0.17833638362526996,1,0.1628580376571836,0.011401811389021592,0.0,0.0,0.03880437454575094,0.9101518763482658,1,0.4325972108506127,,4.259501099935733,
point_strong,a_hgb_default,3000,5073,0.15136544350160352,0.00974337915114174,0.13226877127764727,0.17046211572555978,1,0.1628580376571836,0.011401811389021592,0.001,3.0,0.005123008490604727,0.37763778022671984,0,,CapabilityError,4.708747899974696,
point_strong,b_hgb_regularised,3000,5073,0.1510700067344633,0.005825287636597187,0.13965265276714636,0.16248736070178024,0,0.1628580376571836,0.011401811389021592,0.0,0.0,0.034004828094573294,0.9373211841472451,1,0.40295543823338986,,4.36691940005403,
point_strong,e2_logit_poly2,3000,5074,0.1575340429085988,0.006500873555912332,0.1447925648709618,0.1702755209462358,1,0.1628580376571836,0.011401811389021592,0.0006666666666666666,2.0,0.008674507849737027,0.9559961919961554,1,0.4277474328403789,,2.433162499917671,
point_strong,c_hgb_early_stop,3000,5073,0.1522515928880051,0.006121731411027919,0.1402532197993628,0.1642499659766474,1,0.1628580376571836,0.011401811389021592,0.0,0.0,0.06008593295077325,0.6821547522054502,1,0.41019542574618034,,4.060601599980146,
point_strong,a_hgb_default,3000,5074,0.15757542780075695,0.011126787666037027,0.1357673247116999,0.179383530889814,1,0.1628580376571836,0.011401811389021592,0.004333333333333333,13.0,0.0012348325660630874,0.4066892563396075,0,,CapabilityError,4.577182200038806,
point_strong,b_hgb_regularised,3000,5074,0.1590516925757578,0.005490295527024332,0.14829091107830875,0.16981247407320685,1,0.1628580376571836,0.011401811389021592,0.0,0.0,0.019477328949043332,0.9599587305836064,1,0.41199699780216453,,4.057129699969664,
point_strong,c_hgb_early_stop,3000,5074,0.1575299152025123,0.00590218035134834,0.14596185428360958,0.16909797612141503,1,0.1628580376571836,0.011401811389021592,0.0,0.0,0.04941974871694851,0.757673743597544,1,0.42159461044329466,,3.9247190000023693,
point_strong,e2_logit_poly2,3000,5075,0.1584821544037513,0.0064443224024421635,0.14585151459020002,0.17111279421730258,1,0.1628580376571836,0.011401811389021592,0.003,9.0,0.0039812282223483115,0.9408700368541832,1,0.4228832537120174,,2.5271450000582263,
point_strong,a_hgb_default,3000,5075,0.15696863934505884,0.008676137500814326,0.1399637223185454,0.17397355637157227,1,0.1628580376571836,0.011401811389021592,0.0013333333333333333,4.0,0.005643972791328043,0.3922410723759724,0,,CapabilityError,4.705534999957308,
point_strong,e2_logit_poly2,3000,5076,0.16703495983309974,0.00584970391119895,0.1555697508469267,0.17850016881927278,1,0.1628580376571836,0.011401811389021592,0.0023333333333333335,7.0,0.0013316999931669755,0.9305153695861837,1,0.4992268034871277,,2.3233615999342874,
point_strong,c_hgb_early_stop,3000,5075,0.15804589488958298,0.005632315777450897,0.14700675881622252,0.16908503096294344,1,0.1628580376571836,0.011401811389021592,0.0,0.0,0.04757437327025858,0.716885681388809,1,0.436924374435062,,3.9320331999333575,
point_strong,b_hgb_regularised,3000,5075,0.15948221829806436,0.00540128091848697,0.14889590222744647,0.17006853436868224,1,0.1628580376571836,0.011401811389021592,0.0,0.0,0.04890276230278697,0.9499663107848045,1,0.42641422946981733,,4.213505499996245,
point_strong,a_hgb_default,3000,5076,0.16296382845834095,0.009429113081266052,0.144483106412904,0.18144455050377792,1,0.1628580376571836,0.011401811389021592,0.0006666666666666666,2.0,0.0036827071783847834,0.4496883188234385,0,,CapabilityError,4.472647899994627,
point_strong,c_hgb_early_stop,3000,5076,0.1688115779954486,0.005700329685208018,0.15763913711243635,0.17998401887846086,1,0.1628580376571836,0.011401811389021592,0.0,0.0,0.05533002901547122,0.7891616900899244,1,0.43720058661285705,,3.7894470000173897,
point_strong,b_hgb_regularised,3000,5076,0.16663735834542165,0.005435747515141038,0.15598348898669212,0.17729122770415118,1,0.1628580376571836,0.011401811389021592,0.0,0.0,0.053979486327664604,0.9872414936958726,1,0.427680134424765,,4.146006800001487,
point_strong,e2_logit_poly2,3000,5077,0.16528833151052036,0.005796591511581995,0.15392722091472905,0.17664944210631167,1,0.1628580376571836,0.011401811389021592,0.0006666666666666666,2.0,0.000579874715888515,0.9220590008325941,1,0.5700500237914675,,2.458201100002043,
point_strong,a_hgb_default,3000,5077,0.16446881691959275,0.008240813717632939,0.14831711882972856,0.18062051500945694,1,0.1628580376571836,0.011401811389021592,0.0013333333333333333,4.0,0.0022939871392903747,0.42202241501412796,0,,CapabilityError,4.686298000044189,
point_strong,b_hgb_regularised,3000,5077,0.1657419535931487,0.00529457144187319,0.15536478425350295,0.17611912293279444,1,0.1628580376571836,0.011401811389021592,0.0,0.0,0.03974716645145258,0.9378397387799492,1,0.4531398745382266,,4.148716900032014,
point_strong,e2_logit_poly2,3000,5078,0.16004210046854284,0.006258602713220147,0.14777546455708668,0.172308736379999,1,0.1628580376571836,0.011401811389021592,0.002,6.0,0.0017727618838710736,0.9098832619594053,1,0.4253838229538577,,2.3974379000719637,
point_strong,c_hgb_early_stop,3000,5077,0.16665594190314648,0.0059690498186925,0.15495681923658383,0.17835506456970912,1,0.1628580376571836,0.011401811389021592,0.0,0.0,0.055429541856489996,0.6640273194299036,1,0.4652375593653324,,3.988899899995886,
point_strong,a_hgb_default,3000,5078,0.15371205226042778,0.010096123317176443,0.13392401417528688,0.17350009034556868,1,0.1628580376571836,0.011401811389021592,0.0016666666666666668,5.0,0.004255097962320809,0.41638058870162337,0,,CapabilityError,4.536018299986608,
point_strong,e2_logit_poly2,3000,5079,0.16588022601380903,0.005554253978383189,0.15499408825518968,0.17676636377242838,1,0.1628580376571836,0.011401811389021592,0.0016666666666666668,5.0,0.005718631050052589,0.9556377344150163,1,0.4225740752281172,,2.4370674999663606,
point_strong,b_hgb_regularised,3000,5078,0.15873557352868228,0.005669712352842373,0.1476231415144094,0.16984800554295518,1,0.1628580376571836,0.011401811389021592,0.0,0.0,0.04292020215803481,0.9699917177990118,1,0.4160977849459393,,4.2187812000047415,
point_strong,c_hgb_early_stop,3000,5078,0.15586901069303033,0.006037708317261305,0.14403531984204024,0.16770270154402042,1,0.1628580376571836,0.011401811389021592,0.0,0.0,0.03881995458080341,0.7123758971628084,1,0.41991125564350357,,3.979275800054893,
point_strong,a_hgb_default,3000,5079,0.1666805573477993,0.009426465071561859,0.14820502530601326,0.18515608938958533,1,0.1628580376571836,0.011401811389021592,0.003,9.0,0.0043314846256387735,0.4474870828407963,0,,CapabilityError,4.547895400086418,
point_strong,e2_logit_poly2,3000,5080,0.16725184143125438,0.006124150222319061,0.15524872755959607,0.1792549553029127,1,0.1628580376571836,0.011401811389021592,0.001,3.0,0.001105658825912687,0.9539597950065989,1,0.42089291631009096,,2.4283496999414638,
point_strong,b_hgb_regularised,3000,5079,0.16672042125327158,0.005805634450354249,0.15534158682317226,0.1780992556833709,1,0.1628580376571836,0.011401811389021592,0.0,0.0,0.014312006212776545,0.9506632556014224,1,0.5138249972468895,,4.335400499985553,
point_strong,c_hgb_early_stop,3000,5079,0.16506893040787762,0.005473138517342334,0.1543417760314877,0.17579608478426756,1,0.1628580376571836,0.011401811389021592,0.0,0.0,0.07898106688371631,0.7894137673854745,1,0.44062500886711786,,3.9618297000415623,
point_strong,a_hgb_default,3000,5080,0.16387199021254573,0.010618483755928727,0.1430601444805018,0.18468383594458965,1,0.1628580376571836,0.011401811389021592,0.0006666666666666666,2.0,0.009665856016589888,0.39879649373119835,0,,CapabilityError,4.661071400041692,
point_strong,b_hgb_regularised,3000,5080,0.16674196055397472,0.005548713053925776,0.15586668280773294,0.1776172383002165,1,0.1628580376571836,0.011401811389021592,0.0,0.0,0.06653093375721325,0.9204190195896211,1,0.4393518737451039,,4.173021599999629,
point_strong,c_hgb_early_stop,3000,5080,0.16732626478117762,0.0059625419593155,0.15563989728461036,0.1790126322777449,1,0.1628580376571836,0.011401811389021592,0.0,0.0,0.08159745274904151,0.658423619675831,1,0.45675959899794843,,3.8778935000300407,
point_strong,e2_logit_poly2,3000,5081,0.17062699741601756,0.005839101229220213,0.15918256930466237,0.18207142552737274,1,0.1628580376571836,0.011401811389021592,0.003,9.0,0.0006943749049939036,0.942373369101892,1,0.40179228878129386,,2.538728200015612,
point_strong,a_hgb_default,3000,5081,0.16594188828519513,0.01061321333188306,0.14514037239446398,0.18674340417592628,1,0.1628580376571836,0.011401811389021592,0.004,12.0,0.0021310182692738573,0.42092632694081195,0,,CapabilityError,4.601795100024901,
point_strong,e2_logit_poly2,3000,5082,0.16466433518402435,0.006022624340859662,0.15286020838352513,0.17646846198452357,1,0.1628580376571836,0.011401811389021592,0.0023333333333333335,7.0,0.001720151619287248,0.9168159497839463,1,0.39703275642833585,,2.3496727000456303,
point_strong,b_hgb_regularised,3000,5081,0.1668484519363609,0.005352919840790721,0.1563569218362812,0.17733998203644058,1,0.1628580376571836,0.011401811389021592,0.0,0.0,0.036208427603701666,1.0098226661920309,1,0.42704027322582083,,4.3333403000142425,
point_strong,c_hgb_early_stop,3000,5081,0.16739545151488994,0.005726131302083482,0.15617244039205885,0.17861846263772102,1,0.1628580376571836,0.011401811389021592,0.0,0.0,0.03535534204495517,0.7124503896812041,1,0.4431144065431917,,4.039238999946974,
point_strong,a_hgb_default,3000,5082,0.16634896433003526,0.010921496888133113,0.1449432237720281,0.18775470488804244,1,0.1628580376571836,0.011401811389021592,0.003,9.0,0.005713414220396521,0.47627850690023416,0,,CapabilityError,4.6820653000613675,
point_strong,e2_logit_poly2,3000,5083,0.15760283427338417,0.005993397268049663,0.14585599148296607,0.16934967706380227,1,0.1628580376571836,0.011401811389021592,0.0026666666666666666,8.0,0.001112674330464067,0.9681731213342943,1,0.47180128942554983,,2.4150156000396237,
point_strong,b_hgb_regularised,3000,5082,0.16693511065168676,0.0055881305560288525,0.1559825760209624,0.1778876452824111,1,0.1628580376571836,0.011401811389021592,0.0,0.0,0.03254621589216186,0.9957291861277061,1,0.41912829452764266,,4.218103999970481,
point_strong,c_hgb_early_stop,3000,5082,0.16731906060405605,0.005954575568113657,0.15564830694733114,0.17898981426078095,1,0.1628580376571836,0.011401811389021592,0.0,0.0,0.07296474214749067,0.7741426273245535,1,0.43231574016624436,,3.9785236000316218,
point_strong,a_hgb_default,3000,5083,0.15783667122560252,0.010580517710919429,0.13709923757441228,0.17857410487679276,1,0.1628580376571836,0.011401811389021592,0.004666666666666667,14.0,0.004197716833740326,0.44652215200729256,0,,CapabilityError,4.490603399928659,
point_strong,b_hgb_regularised,3000,5083,0.15928469510121146,0.00557256727707306,0.14836266393672182,0.1702067262657011,1,0.1628580376571836,0.011401811389021592,0.0,0.0,0.039746304912606056,0.989342984468466,1,0.4179034728263101,,4.233827999909408,
point_strong,e2_logit_poly2,3000,5084,0.17222045274832576,0.005712213301853537,0.16102472040468221,0.1834161850919693,1,0.1628580376571836,0.011401811389021592,0.003,9.0,0.0002528788594320457,0.9257970928790904,1,0.4200773007214441,,2.3457419000333175,
point_strong,c_hgb_early_stop,3000,5083,0.1621883733999599,0.006155909781781647,0.15012301193559005,0.17425373486432974,1,0.1628580376571836,0.011401811389021592,0.0,0.0,0.03744997226134742,0.748217581974057,1,0.4291232317905934,,3.958745799958706,
point_strong,a_hgb_default,3000,5084,0.16667023861466673,0.012767128754229003,0.14164712607039215,0.19169335115894132,1,0.1628580376571836,0.011401811389021592,0.006333333333333333,19.0,0.0006274787934796175,0.4310298107470484,0,,CapabilityError,4.606247600051574,
point_strong,c_hgb_early_stop,3000,5084,0.16701243212572164,0.006407454188212975,0.15445405268423387,0.17957081156720942,1,0.1628580376571836,0.011401811389021592,0.0,0.0,0.03285178392333561,0.7308008060157545,1,0.44057980200411007,,3.9287696999963373,
point_strong,e2_logit_poly2,3000,5085,0.16456966534815648,0.007429265999217298,0.15000857155812258,0.17913075913819038,1,0.1628580376571836,0.011401811389021592,0.0023333333333333335,7.0,0.0032159965934853408,0.9294548620310817,1,0.44445218983014223,,2.415831100079231,
point_strong,b_hgb_regularised,3000,5084,0.16868532860142604,0.005824563734877227,0.15726939345540858,0.1801012637474435,1,0.1628580376571836,0.011401811389021592,0.0,0.0,0.02186239144310119,0.981389899545767,1,0.42396376910842354,,4.214451199979521,
point_strong,a_hgb_default,3000,5085,0.16808862353546394,0.011562232494376531,0.14542706426560723,0.19075018280532066,1,0.1628580376571836,0.011401811389021592,0.0013333333333333333,4.0,0.009242354392907045,0.4288817976561251,0,,CapabilityError,4.85461039992515,
point_strong,e2_logit_poly2,3000,5086,0.15475374843212392,0.0056394175518458475,0.143700693136723,0.16580680372752482,1,0.1628580376571836,0.011401811389021592,0.001,3.0,0.0032576967097787918,0.9353512013805937,1,0.38797764149736275,,2.6026685000397265,
point_strong,b_hgb_regularised,3000,5085,0.16693331066025663,0.005826364172907698,0.15551384672054303,0.17835277459997023,1,0.1628580376571836,0.011401811389021592,0.0,0.0,0.07445677307533982,0.9199870912813655,1,0.42914842959146143,,4.391778199933469,
point_strong,c_hgb_early_stop,3000,5085,0.1667822823599071,0.006059545847854401,0.15490579073544325,0.17865877398437097,1,0.1628580376571836,0.011401811389021592,0.0,0.0,0.06295001795990841,0.7281537168560754,1,0.4400446676264807,,4.220745699945837,
point_strong,a_hgb_default,3000,5086,0.15303481711907174,0.010256656185428448,0.132932140393822,0.17313749384432148,1,0.1628580376571836,0.011401811389021592,0.003,9.0,0.0022905034732862775,0.4314744790874083,0,,CapabilityError,4.922468499979004,
point_strong,b_hgb_regularised,3000,5086,0.15501360201713138,0.005595041746807621,0.14404752170139037,0.16597968233287239,1,0.1628580376571836,0.011401811389021592,0.0,0.0,0.034616239544802814,0.988593043348573,1,0.4180101383654375,,4.395367900026031,
point_strong,e2_logit_poly2,3000,5087,0.16233094453911323,0.005782148652600231,0.15099814142676,0.17366374765146647,1,0.1628580376571836,0.011401811389021592,0.0006666666666666666,2.0,0.007787695244815748,0.9348831469474127,1,0.40536123515616673,,2.637068000040017,
point_strong,c_hgb_early_stop,3000,5086,0.15196713141153706,0.005736531416553904,0.14072373643890887,0.16321052638416525,1,0.1628580376571836,0.011401811389021592,0.0,0.0,0.06504434833826711,0.7553522581496959,1,0.413640949991796,,4.173275199951604,
point_strong,a_hgb_default,3000,5087,0.15802169472452976,0.010086284686289112,0.13825294000158522,0.1777904494474743,1,0.1628580376571836,0.011401811389021592,0.001,3.0,0.004562090356842319,0.4088048124164532,0,,CapabilityError,5.0979441000381485,
point_strong,e2_logit_poly2,3000,5088,0.15990699290946225,0.005766163065928239,0.14860552097125784,0.17120846484766666,1,0.1628580376571836,0.011401811389021592,0.0,0.0,0.017495390754636988,0.9389955002616244,1,0.41098469275564203,,2.625644600018859,
point_strong,b_hgb_regularised,3000,5087,0.15879021723895936,0.0055329266672123475,0.14794588024212194,0.1696345542357968,1,0.1628580376571836,0.011401811389021592,0.0,0.0,0.06710167582492862,0.9851064262570219,1,0.4105681842651472,,4.618752299924381,
point_strong,c_hgb_early_stop,3000,5087,0.15670330165326962,0.006013791906644426,0.14491648610572808,0.16849011720081117,1,0.1628580376571836,0.011401811389021592,0.0,0.0,0.06582422926151506,0.699274762114645,1,0.42084337729810817,,4.338027100078762,
point_strong,a_hgb_default,3000,5088,0.1588115325561396,0.00848102707606689,0.14218902493513946,0.17543404017713976,1,0.1628580376571836,0.011401811389021592,0.0013333333333333333,4.0,0.007276660074534023,0.3644274244008473,0,,CapabilityError,5.050036699976772,
point_strong,e2_logit_poly2,3000,5089,0.16803482624849936,0.005907237137783015,0.15645685421030717,0.17961279828669155,1,0.1628580376571836,0.011401811389021592,0.002,6.0,0.002386029801564891,0.9357497075358504,1,0.4154642340031418,,2.5299096000380814,
point_strong,b_hgb_regularised,3000,5088,0.15956972377277656,0.005503683033923249,0.14878270324396287,0.17035674430159026,1,0.1628580376571836,0.011401811389021592,0.0,0.0,0.05834507636377626,0.9671254821904162,1,0.4217107045681868,,4.429859799914993,
point_strong,c_hgb_early_stop,3000,5088,0.15938397636041857,0.005757583751527034,0.14809931956945258,0.17066863315138456,1,0.1628580376571836,0.011401811389021592,0.0,0.0,0.06371885838199796,0.6689551915892923,1,0.4299606197763542,,4.164836999960244,
point_strong,a_hgb_default,3000,5089,0.1655632112682069,0.00932125042766327,0.14729389613910832,0.18383252639730546,1,0.1628580376571836,0.011401811389021592,0.0023333333333333335,7.0,0.005492493550212959,0.4565991786741196,0,,CapabilityError,4.8336251000873744,
point_strong,e2_logit_poly2,3000,5090,0.1638320038945933,0.0053477418005501,0.15335062256689572,0.17431338522229087,1,0.1628580376571836,0.011401811389021592,0.0016666666666666668,5.0,0.0005348687844545817,0.9376825948008225,1,0.41510456921781314,,2.3130061000119895,
point_strong,c_hgb_early_stop,3000,5089,0.16750566576946224,0.005954010735967001,0.1558360191634021,0.1791753123755224,1,0.1628580376571836,0.011401811389021592,0.0,0.0,0.04189036087715813,0.694557828864276,1,0.4417882520185614,,4.182923499960452,
point_strong,b_hgb_regularised,3000,5089,0.16752983151020834,0.0054583502496901555,0.1568316616058104,0.17822800141460626,1,0.1628580376571836,0.011401811389021592,0.0,0.0,0.029686628853915573,1.0005442078904163,1,0.4284451679876297,,4.5094531999202445,
point_strong,a_hgb_default,3000,5090,0.16424897062554228,0.008456014568731978,0.1476754866180816,0.18082245463300295,1,0.1628580376571836,0.011401811389021592,0.0026666666666666666,8.0,0.0036218992095203946,0.45461771420871566,0,,CapabilityError,4.91110030002892,
point_strong,e2_logit_poly2,3000,5091,0.16036723751500398,0.006177110249456938,0.14826032389753516,0.1724741511324728,1,0.1628580376571836,0.011401811389021592,0.0006666666666666666,2.0,0.006943533116845366,0.9440459338865335,1,0.577324647762431,,2.247709000017494,
point_strong,b_hgb_regularised,3000,5090,0.16272248411780849,0.005144222604074168,0.15263999308536627,0.1728049751502507,1,0.1628580376571836,0.011401811389021592,0.0,0.0,0.030647553438701083,1.0116879973660486,1,0.43513665543835633,,4.171252299915068,
point_strong,c_hgb_early_stop,3000,5090,0.16380527883024482,0.005413543062470724,0.15319492939904553,0.1744156282614441,1,0.1628580376571836,0.011401811389021592,0.0,0.0,0.033282090343059526,0.7737499547781377,1,0.44493632811465356,,3.8892493000021204,
point_strong,a_hgb_default,3000,5091,0.15669714359892795,0.01062568637398265,0.13587118099490395,0.17752310620295195,1,0.1628580376571836,0.011401811389021592,0.002,6.0,0.0016722432170789862,0.4235108213477522,0,,CapabilityError,4.82452090003062,
point_strong,b_hgb_regularised,3000,5091,0.15948860105787666,0.005609488967297247,0.14849420471029928,0.17048299740545403,1,0.1628580376571836,0.011401811389021592,0.0,0.0,0.04456662827296904,0.9698448960490174,1,0.41591646992426723,,4.199819599976763,
point_strong,e2_logit_poly2,3000,5092,0.16228645014012,0.00818684242282452,0.1462405338442793,0.1783323664359607,1,0.1628580376571836,0.011401811389021592,0.0026666666666666666,8.0,4.862154591783324e-05,0.9338605058911188,1,0.8463678623929426,,2.5389803999569267,
point_strong,c_hgb_early_stop,3000,5091,0.15740480645480065,0.005873158341041522,0.14589362763085825,0.16891598527874305,1,0.1628580376571836,0.011401811389021592,0.0,0.0,0.06105612776135962,0.7259179596568707,1,0.42134352899898475,,4.070850300020538,
point_strong,a_hgb_default,3000,5092,0.16626247820629303,0.011101174465919196,0.14450457606699574,0.18802038034559032,1,0.1628580376571836,0.011401811389021592,0.004333333333333333,13.0,0.0030058885427961565,0.4213027230773617,0,,CapabilityError,4.549402500037104,
point_strong,e2_logit_poly2,3000,5093,0.15422030840299034,0.006077740032336124,0.14230815683221423,0.16613245997376644,1,0.1628580376571836,0.011401811389021592,0.0013333333333333333,4.0,0.007631491677741516,0.943370504179273,1,0.38993036647727547,,2.431828900007531,
point_strong,c_hgb_early_stop,3000,5092,0.16456373721829187,0.005916194214872556,0.15296820963159743,0.1761592648049863,1,0.1628580376571836,0.011401811389021592,0.0,0.0,0.06419281211876704,0.74606984110689,1,0.4405674295488207,,4.04802099999506,
point_strong,b_hgb_regularised,3000,5092,0.16422341715853217,0.005524587920308465,0.15339542380530255,0.1750514105117618,1,0.1628580376571836,0.011401811389021592,0.0,0.0,0.0388745436111686,0.9833463786408245,1,0.4282607969727407,,4.302659900044091,
point_strong,a_hgb_default,3000,5093,0.1537032259284769,0.009735023066504851,0.13462293132946074,0.17278352052749307,1,0.1628580376571836,0.011401811389021592,0.0033333333333333335,10.0,0.0049367906355732676,0.4341368809392819,0,,CapabilityError,4.8269713000627235,
point_strong,e2_logit_poly2,3000,5094,0.15717443853303326,0.005494562752753262,0.1464052934268416,0.1679435836392249,1,0.1628580376571836,0.011401811389021592,0.0,0.0,0.014853171493835624,0.9191968160950709,1,0.4164023186346544,,2.3716848000185564,
point_strong,c_hgb_early_stop,3000,5093,0.15618889798321306,0.006602594166962545,0.14324805121143222,0.1691297447549939,1,0.1628580376571836,0.011401811389021592,0.0,0.0,0.04028892216834752,0.6797114098343273,1,0.42537059915985215,,4.02632230008021,
point_strong,b_hgb_regularised,3000,5093,0.15568747522083132,0.005590272362023987,0.14473074272749464,0.166644207714168,1,0.1628580376571836,0.011401811389021592,0.0,0.0,0.03507369604740347,0.9490549789420103,1,0.4088933994758509,,4.332916799932718,
point_strong,a_hgb_default,3000,5094,0.15609021310923843,0.009058241266142885,0.1383363864643239,0.17384403975415297,1,0.1628580376571836,0.011401811389021592,0.0006666666666666666,2.0,0.007192697945311344,0.3835046816887261,0,,CapabilityError,4.758328099967912,
point_strong,c_hgb_early_stop,3000,5094,0.156280717436945,0.005647791145290501,0.1452112501999714,0.1673501846739186,1,0.1628580376571836,0.011401811389021592,0.0,0.0,0.06418514907970466,0.6231343216067724,1,0.4340959128635198,,3.9147434000624344,
point_strong,e2_logit_poly2,3000,5095,0.1677624980696426,0.005750494026973184,0.15649173688346246,0.17903325925582275,1,0.1628580376571836,0.011401811389021592,0.002,6.0,0.0003809655377153466,0.9588011244359373,1,0.4085174210735216,,2.440855299937539,
point_strong,b_hgb_regularised,3000,5094,0.15666111240626057,0.005299729623406245,0.1462738332165843,0.16704839159593685,1,0.1628580376571836,0.011401811389021592,0.0,0.0,0.05799730956653112,0.9147851134875963,1,0.4213314655126807,,4.232161500025541,
point_strong,a_hgb_default,3000,5095,0.16159308172491532,0.011147178240975233,0.1397450138433553,0.18344114960647534,1,0.1628580376571836,0.011401811389021592,0.0013333333333333333,4.0,0.0068270719884809565,0.413616490410716,0,,CapabilityError,4.622635500039905,
point_strong,b_hgb_regularised,3000,5095,0.16602033440148484,0.0055775944938345695,0.15508845007320016,0.17695221872976952,1,0.1628580376571836,0.011401811389021592,0.0,0.0,0.03835041519329543,0.9352818841803552,1,0.4347350073725386,,4.319417399936356,
point_strong,e2_logit_poly2,3000,5096,0.16808994888475176,0.005432433197875895,0.15744257546849524,0.17873732230100828,1,0.1628580376571836,0.011401811389021592,0.0006666666666666666,2.0,0.008257312071421108,0.941947056283409,1,0.42998334158939355,,2.5035340000176802,
point_strong,c_hgb_early_stop,3000,5095,0.16425458294833029,0.006075954872008539,0.15234593022750287,0.1761632356691577,1,0.1628580376571836,0.011401811389021592,0.0,0.0,0.05752724398312895,0.6779039977602911,1,0.4543443853678264,,3.989024300011806,
point_strong,a_hgb_default,3000,5096,0.1708866535069491,0.009647680748767633,0.1519775467050241,0.18979576030887407,1,0.1628580376571836,0.011401811389021592,0.0003333333333333333,1.0,0.00836304981035259,0.3747155855412616,0,,CapabilityError,4.6967145999660715,
point_strong,e2_logit_poly2,3000,5097,0.16199035537320738,0.005957693929467013,0.15031348984053913,0.17366722090587564,1,0.1628580376571836,0.011401811389021592,0.002,6.0,0.00041198369025873964,0.9476577140375994,1,0.38421490475194625,,2.330668400041759,
point_strong,c_hgb_early_stop,3000,5096,0.16902423496796504,0.00561307808830665,0.15802280407247307,0.180025665863457,1,0.1628580376571836,0.011401811389021592,0.0,0.0,0.09750251530147,0.7120901057819087,1,0.4522653048249152,,3.9576373000163585,
point_strong,b_hgb_regularised,3000,5096,0.16895842426555974,0.0054700352496986565,0.1582373521819858,0.17967949634913366,1,0.1628580376571836,0.011401811389021592,0.0,0.0,0.05025481820693618,0.891930984855676,1,0.447691905397568,,4.240151299978606,
point_strong,a_hgb_default,3000,5097,0.16036244705190167,0.012459907011840113,0.13594147805797696,0.18478341604582638,1,0.1628580376571836,0.011401811389021592,0.006333333333333333,19.0,0.003373303692239098,0.4413090881611165,0,,CapabilityError,4.755028799991123,
point_strong,b_hgb_regularised,3000,5097,0.15973311204424911,0.005465650505381686,0.14902063390161788,0.17044559018688035,1,0.1628580376571836,0.011401811389021592,0.0,0.0,0.0280657331481618,0.9579989408793156,1,0.40692948592989436,,4.103007599944249,
point_strong,e2_logit_poly2,3000,5098,0.15747885537881934,0.005693205275879533,0.14632037808150203,0.16863733267613665,1,0.1628580376571836,0.011401811389021592,0.0006666666666666666,2.0,0.00740689803657404,0.9270208473345929,1,0.4118098009838587,,2.40003710007295,
point_strong,c_hgb_early_stop,3000,5097,0.16111574608087725,0.0061258317757004145,0.1491093364251534,0.1731221557366011,1,0.1628580376571836,0.011401811389021592,0.0,0.0,0.03798258016669053,0.6925148432380593,1,0.42928312418450637,,3.98280890006572,
point_strong,a_hgb_default,3000,5098,0.15401657454029688,0.012755572695420365,0.12901611145509045,0.1790170376255033,1,0.1628580376571836,0.011401811389021592,0.004,12.0,0.004911573238661005,0.3838307569834585,0,,CapabilityError,4.678726200014353,
point_strong,e2_logit_poly2,3000,5099,0.15311424493179038,0.009056527414212074,0.13536377737493505,0.1708647124886457,1,0.1628580376571836,0.011401811389021592,0.0016666666666666668,5.0,0.000570673558506004,0.9276957930415529,1,0.511449489177377,,2.4647372999461368,
point_strong,c_hgb_early_stop,3000,5098,0.1553724405475913,0.005917511893201851,0.14377433035882825,0.16697055073635436,1,0.1628580376571836,0.011401811389021592,0.0,0.0,0.05370099350593542,0.6646513304937991,1,0.4373518280616046,,3.9059587999945506,
point_strong,b_hgb_regularised,3000,5098,0.1572528689622092,0.0054090626805341595,0.14665130091824255,0.16785443700617583,1,0.1628580376571836,0.011401811389021592,0.0,0.0,0.05045128412170383,0.9572862420476265,1,0.4203159880518643,,4.30395299999509,
point_strong,a_hgb_default,3000,5099,0.16253715581403955,0.008639005578381148,0.14560501601817188,0.1794692956099072,1,0.1628580376571836,0.011401811389021592,0.0003333333333333333,1.0,0.010248957524555912,0.4300692282003881,0,,CapabilityError,4.6732772999675944,
point_strong,b_hgb_regularised,3000,5099,0.15843150325482475,0.005513025504556577,0.1476261718200431,0.1692368346896064,1,0.1628580376571836,0.011401811389021592,0.0,0.0,0.07212920035907337,0.9397509660366526,1,0.42584001636085633,,4.088044800097123,
point_strong,e2_logit_poly2,3000,5100,0.16792906709601907,0.006755405599105167,0.15468871542081272,0.18116941877122542,1,0.1628580376571836,0.011401811389021592,0.001,3.0,0.0013383033901055018,0.9432753033346267,1,0.430563042428527,,2.5155079999240115,
point_strong,c_hgb_early_stop,3000,5099,0.16053973747998895,0.005900864255526451,0.14897425606149736,0.17210521889848054,1,0.1628580376571836,0.011401811389021592,0.0,0.0,0.0580339759393208,0.6855669107580472,1,0.44329202104759835,,4.063063199981116,
point_strong,a_hgb_default,3000,5100,0.1686666467458492,0.009977125800597592,0.14911183950745255,0.18822145398424583,1,0.1628580376571836,0.011401811389021592,0.0013333333333333333,4.0,0.00490995878348536,0.4144532675012688,0,,CapabilityError,4.588979199994355,
point_strong,e2_logit_poly2,3000,5101,0.1691620631912742,0.0057221076670695955,0.15794693824815728,0.1803771881343911,1,0.1628580376571836,0.011401811389021592,0.0016666666666666668,5.0,0.002616111736583174,0.9297683314307279,1,0.43961040128383044,,2.4318006000248715,
point_strong,c_hgb_early_stop,3000,5100,0.16753027202806053,0.005795359934391632,0.15617157527920653,0.17888896877691454,1,0.1628580376571836,0.011401811389021592,0.0,0.0,0.06574372861260372,0.7318299877065148,1,0.4458873059569448,,4.012428499991074,
point_strong,b_hgb_regularised,3000,5100,0.16862160619868954,0.005584383007141149,0.1576764166288154,0.1795667957685637,1,0.1628580376571836,0.011401811389021592,0.0,0.0,0.057852295841027856,0.9591129734135638,1,0.43405288486019467,,4.288285100017674,
point_strong,a_hgb_default,3000,5101,0.1699672226231404,0.009730183646536278,0.1508964131129687,0.1890380321333121,1,0.1628580376571836,0.011401811389021592,0.005,15.0,0.002452361718863545,0.3825873852489517,0,,CapabilityError,4.748851399985142,
point_strong,e2_logit_poly2,3000,5102,0.16092725958508558,0.005854398971781773,0.14945284844926499,0.17240167072090617,1,0.1628580376571836,0.011401811389021592,0.0013333333333333333,4.0,0.0027281651173679047,0.9101704083881496,1,0.5323230525065722,,2.3593344000400975,
point_strong,b_hgb_regularised,3000,5101,0.16730393688318945,0.005498515586909777,0.15652704436441417,0.17808082940196474,1,0.1628580376571836,0.011401811389021592,0.0,0.0,0.024046809823022954,0.9524985886813001,1,0.4274558034982991,,4.211188100045547,
point_strong,c_hgb_early_stop,3000,5101,0.1664840355462382,0.005574902457136758,0.1555574275129263,0.17741064357955008,1,0.1628580376571836,0.011401811389021592,0.0,0.0,0.07514986413957578,0.8235221072332422,1,0.4320325544699477,,3.9817176000215113,
point_strong,a_hgb_default,3000,5102,0.16013255367931806,0.009497697974477562,0.141517407713303,0.1787476996453331,1,0.1628580376571836,0.011401811389021592,0.0,0.0,0.012166519521003376,0.4184412966227279,0,,CapabilityError,4.74550039996393,
point_strong,c_hgb_early_stop,3000,5102,0.16220273903420324,0.005631375847910171,0.15116544518889058,0.1732400328795159,1,0.1628580376571836,0.011401811389021592,0.0,0.0,0.07825800770196674,0.7586263784058019,1,0.43254807002944096,,3.9794555000262335,
point_strong,b_hgb_regularised,3000,5102,0.162780599625033,0.0054704023193837045,0.15205880809809655,0.17350239115196944,1,0.1628580376571836,0.011401811389021592,0.0,0.0,0.06475240270424175,0.943020383321651,1,0.42760400317535,,4.241624100017361,
point_strong,e2_logit_poly2,3000,5103,0.1505467259276807,0.006224114512700346,0.13834768564713495,0.16274576620822645,0,0.1628580376571836,0.011401811389021592,0.0026666666666666666,8.0,0.0008305485996613818,0.9483752384016962,1,0.5217222388878259,,2.4831182999769226,
point_strong,a_hgb_default,3000,5103,0.15094340267288003,0.009001244467687545,0.13330128770017202,0.16858551764558805,1,0.1628580376571836,0.011401811389021592,0.001,3.0,0.004523891435300756,0.49657630455391794,0,,CapabilityError,4.625842200010084,
point_strong,b_hgb_regularised,3000,5103,0.15041501928722434,0.005787905039041111,0.13907093386476588,0.1617591047096828,0,0.1628580376571836,0.011401811389021592,0.0,0.0,0.04423733904254203,0.9778403444509405,1,0.4068266221678465,,4.106540699955076,
point_strong,e2_logit_poly2,3000,5104,0.16457955804490682,0.0055526225982632125,0.1536966177325677,0.17546249835724592,1,0.1628580376571836,0.011401811389021592,0.001,3.0,0.003735610991996355,0.9594462502563423,1,0.40629134604255984,,2.5147329000756145,
point_strong,c_hgb_early_stop,3000,5103,0.15092805416719202,0.005677934131789196,0.1397995077622945,0.16205660057208954,0,0.1628580376571836,0.011401811389021592,0.0,0.0,0.06148114357149191,0.7968874920414641,1,0.4047252884324886,,3.924449300044216,
point_strong,a_hgb_default,3000,5104,0.16446585063207153,0.010642464799631095,0.1436070029180593,0.18532469834608375,1,0.1628580376571836,0.011401811389021592,0.0003333333333333333,1.0,0.011137910349559821,0.45444883772075845,0,,CapabilityError,4.662143100053072,
point_strong,c_hgb_early_stop,3000,5104,0.16608246933274218,0.005782786090882503,0.15474841686431332,0.17741652180117104,1,0.1628580376571836,0.011401811389021592,0.0,0.0,0.07095588465517219,0.8040356009041393,1,0.43931258818600644,,3.9482931999955326,
point_strong,e2_logit_poly2,3000,5105,0.15574532647721562,0.006422168893315037,0.14315810674368468,0.16833254621074656,1,0.1628580376571836,0.011401811389021592,0.001,3.0,0.001085235968555783,0.9453298458544229,1,0.43446177366305383,,2.464308499940671,
point_strong,b_hgb_regularised,3000,5104,0.16659716955683646,0.005449764539492332,0.15591582733520798,0.17727851177846493,1,0.1628580376571836,0.011401811389021592,0.0,0.0,0.041040581187398284,0.9945826557891881,1,0.4353884607063407,,4.380371600040235,
point_strong,a_hgb_default,3000,5105,0.15298110359412098,0.011446009207720022,0.1305473377802759,0.17541486940796605,1,0.1628580376571836,0.011401811389021592,0.0023333333333333335,7.0,0.00735831765975185,0.44545579778211486,0,,CapabilityError,4.7196326000848785,
point_strong,b_hgb_regularised,3000,5105,0.1561794457503231,0.005589554569291598,0.14522412010489028,0.16713477139575594,1,0.1628580376571836,0.011401811389021592,0.0,0.0,0.038506104197651166,0.9740051746119278,1,0.41227616071870815,,4.174484699964523,
point_strong,e2_logit_poly2,3000,5106,0.157861588731381,0.005723632397265144,0.14664347537199468,0.16907970209076734,1,0.1628580376571836,0.011401811389021592,0.0006666666666666666,2.0,0.0010164355843834208,0.9378048342707651,1,0.40264486564876883,,2.4355400000931695,
point_strong,c_hgb_early_stop,3000,5105,0.15526111401352027,0.00598612123401197,0.14352853198776636,0.1669936960392742,1,0.1628580376571836,0.011401811389021592,0.0,0.0,0.048400763072666414,0.7425714681931499,1,0.4241751890788892,,3.9194453000091016,
point_strong,a_hgb_default,3000,5106,0.1536649049160158,0.008955563546044966,0.13611232290450787,0.17121748692752375,1,0.1628580376571836,0.011401811389021592,0.0,0.0,0.01394745072334703,0.3817354885809459,0,,CapabilityError,4.5758654999081045,
point_strong,c_hgb_early_stop,3000,5106,0.15570980245443,0.005788656845266034,0.14436424351884733,0.16705536139001267,1,0.1628580376571836,0.011401811389021592,0.0,0.0,0.08540016429778072,0.7520889731670195,1,0.41839408631408537,,3.8573622999247164,
point_strong,e2_logit_poly2,3000,5107,0.15816909522161982,0.006242720071471845,0.14593358871596968,0.17040460172726996,1,0.1628580376571836,0.011401811389021592,0.001,3.0,7.297286492345766e-05,0.9547555541437992,1,0.419004321111533,,2.342105499934405,
point_strong,b_hgb_regularised,3000,5106,0.15777317834612137,0.005604796143504485,0.14678797976416358,0.16875837692807916,1,0.1628580376571836,0.011401811389021592,0.0,0.0,0.06296689246345255,0.9375116790274248,1,0.4181902046465807,,4.2955400000792,
point_strong,a_hgb_default,3000,5107,0.15696575437522314,0.009288729833655944,0.13876017843913477,0.17517133031131152,1,0.1628580376571836,0.011401811389021592,0.0016666666666666668,5.0,0.0073206670192291915,0.503416681367765,1,0.7512412488363857,,4.59299680008553,
point_strong,e2_logit_poly2,3000,5108,0.1579650997526274,0.005862199954961128,0.14647539897073125,0.16945480053452355,1,0.1628580376571836,0.011401811389021592,0.003,9.0,0.0007712142736984316,0.9458682198121148,1,0.38365528798495097,,2.3889038999332115,
point_strong,b_hgb_regularised,3000,5107,0.15832124709364026,0.005556987082692618,0.14742975254900842,0.1692127416382721,1,0.1628580376571836,0.011401811389021592,0.0,0.0,0.04896687366697707,1.0389210547976142,1,0.4090136421979199,,4.195652500027791,
point_strong,c_hgb_early_stop,3000,5107,0.15998794235483915,0.0063031125680723015,0.14763406873091567,0.17234181597876264,1,0.1628580376571836,0.011401811389021592,0.0,0.0,0.027254634896236075,0.7431582216476302,1,0.42691826559767276,,3.970430299988948,
point_strong,a_hgb_default,3000,5108,0.1620101847468795,0.011924860652297602,0.1386378873477174,0.1853824821460416,1,0.1628580376571836,0.011401811389021592,0.004333333333333333,13.0,0.002444595635513536,0.4179349510918203,0,,CapabilityError,4.66932360001374,
point_strong,e2_logit_poly2,3000,5109,0.15917489775094068,0.005835541397706539,0.14773744678114334,0.17061234872073802,1,0.1628580376571836,0.011401811389021592,0.0006666666666666666,2.0,0.002741394678929891,0.9159235982950276,1,0.3966726207804754,,2.4134964001132175,
point_strong,c_hgb_early_stop,3000,5108,0.1599815355242879,0.005955019584147948,0.14830991161212723,0.17165315943644857,1,0.1628580376571836,0.011401811389021592,0.0,0.0,0.062328398283874556,0.7341198551420581,1,0.43668296650834826,,3.873358999961056,
point_strong,b_hgb_regularised,3000,5108,0.16089893365550928,0.005518137916502073,0.15008358207744033,0.17171428523357823,1,0.1628580376571836,0.011401811389021592,0.0,0.0,0.027936351399266722,0.9804849689083895,1,0.4223418867400693,,4.263728899997659,
point_strong,a_hgb_default,3000,5109,0.1599546878579845,0.01130870004528931,0.13779004305725098,0.18211933265871802,1,0.1628580376571836,0.011401811389021592,0.003,9.0,0.007025819602036033,0.4131290008296333,0,,CapabilityError,4.7980577000416815,
point_strong,b_hgb_regularised,3000,5109,0.1560315019061822,0.0056585959287124106,0.1449408576828409,0.1671221461295235,1,0.1628580376571836,0.011401811389021592,0.0,0.0,0.029423930325540623,0.9489491278926904,1,0.4063747560070602,,4.290636699995957,
point_strong,c_hgb_early_stop,3000,5109,0.1579104811721781,0.006179062098098573,0.1457997420016684,0.1700212203426878,1,0.1628580376571836,0.011401811389021592,0.0,0.0,0.03956173725568549,0.6435453412047062,1,0.42362340857257985,,3.9350253000156954,
point_strong,e2_logit_poly2,3000,5110,0.17036284795671597,0.005767852490266173,0.1590580648076546,0.18166763110577733,1,0.1628580376571836,0.011401811389021592,0.0026666666666666666,8.0,0.0027105162942509756,0.9430704498428676,1,0.4169039066605509,,2.5421640999848023,
point_strong,a_hgb_default,3000,5110,0.16598828199384036,0.011872360520121849,0.1427188829629263,0.1892576810247544,1,0.1628580376571836,0.011401811389021592,0.0006666666666666666,2.0,0.007052894900897557,0.47308959076140805,0,,CapabilityError,4.77370559994597,
point_strong,e2_logit_poly2,3000,5111,0.15681210324863198,0.005824841556475245,0.14539562358228827,0.1682285829149757,1,0.1628580376571836,0.011401811389021592,0.0003333333333333333,1.0,0.006140833290323491,0.9452331237041773,1,0.4035443445649244,,2.4357202000683174,
point_strong,b_hgb_regularised,3000,5110,0.16905430501783814,0.005511895640392959,0.1582511880761246,0.17985742195955168,1,0.1628580376571836,0.011401811389021592,0.0,0.0,0.036821844506085964,0.9825495681333314,1,0.42503403726353245,,4.269208500045352,
point_strong,c_hgb_early_stop,3000,5110,0.1702790892230841,0.006368319443906608,0.157797412470981,0.1827607659751872,1,0.1628580376571836,0.011401811389021592,0.0,0.0,0.022371998339696362,0.7166644910959906,1,0.4422071439188043,,4.035967200063169,
point_strong,a_hgb_default,3000,5111,0.1584253454095481,0.009951674038119994,0.13892042270895064,0.1779302681101456,1,0.1628580376571836,0.011401811389021592,0.003,9.0,0.0036676788622378395,0.4517290638033016,0,,CapabilityError,4.8007267999928445,
point_strong,e2_logit_poly2,3000,5112,0.16241266313287683,0.00599381561770417,0.15066500039220296,0.1741603258735507,1,0.1628580376571836,0.011401811389021592,0.001,3.0,2.3302278428628577e-05,0.9411203655307151,1,0.4443143897236508,,2.3880233999807388,
point_strong,c_hgb_early_stop,3000,5111,0.1583687875017581,0.005613730686751432,0.147366077536818,0.1693714974666982,1,0.1628580376571836,0.011401811389021592,0.0,0.0,0.04671454367216271,0.7865112218516549,1,0.428720218555673,,3.904849399928935,
point_strong,b_hgb_regularised,3000,5111,0.1583775717185339,0.005408690918733558,0.14777673231430727,0.16897841112276052,1,0.1628580376571836,0.011401811389021592,0.0,0.0,0.04740140126422341,0.9433231407350787,1,0.42333055900255756,,4.361741799977608,
point_strong,a_hgb_default,3000,5112,0.16035145586506822,0.011292790466954509,0.13821799326488013,0.1824849184652563,1,0.1628580376571836,0.011401811389021592,0.004666666666666667,14.0,0.0030981419701936745,0.421022217253958,0,,CapabilityError,4.606782400049269,
point_strong,b_hgb_regularised,3000,5112,0.15780061166944864,0.005395742693668789,0.14722515032001268,0.1683760730188846,1,0.1628580376571836,0.011401811389021592,0.0,0.0,0.01974182930603459,0.962360658887624,1,0.4116324266457111,,3.9466190000530332,
point_strong,c_hgb_early_stop,3000,5112,0.1571590958521707,0.005679293658932441,0.1460278848230364,0.16829030688130497,1,0.1628580376571836,0.011401811389021592,0.0,0.0,0.0857282983967797,0.7244692973878037,1,0.4276160191581939,,3.8819814999587834,
point_strong,e2_logit_poly2,3000,5113,0.1619029475991357,0.005766833470916094,0.15060016169130006,0.17320573350697135,1,0.1628580376571836,0.011401811389021592,0.0016666666666666668,5.0,0.000709606874018596,0.932659148962937,1,0.396688425325533,,2.4640505999559537,
point_strong,a_hgb_default,3000,5113,0.1628042143902898,0.01146479990806505,0.1403336194805242,0.1852748093000554,1,0.1628580376571836,0.011401811389021592,0.0023333333333333335,7.0,0.006875482222884049,0.44794830901878235,0,,CapabilityError,4.611647599958815,
point_strong,b_hgb_regularised,3000,5113,0.16138314376842078,0.0055176593403560275,0.15056873018236194,0.1721975573544796,1,0.1628580376571836,0.011401811389021592,0.0,0.0,0.024662612107999776,0.97552128677298,1,0.42153943359496804,,4.030443200026639,
point_strong,e2_logit_poly2,3000,5114,0.16390339315330243,0.00563133134311658,0.15286618653578238,0.1749405997708225,1,0.1628580376571836,0.011401811389021592,0.0033333333333333335,10.0,0.0021351473031654996,0.9258828681292668,1,0.38647861299270425,,2.3653502999804914,
point_strong,c_hgb_early_stop,3000,5113,0.16485766671293944,0.0063974085986045984,0.15231897626528756,0.17739635716059132,1,0.1628580376571836,0.011401811389021592,0.0,0.0,0.026031388379163474,0.7351651816424821,1,0.45485844554691207,,4.050577600020915,
point_strong,a_hgb_default,3000,5114,0.160104364640607,0.009260830477902984,0.1419534704369863,0.17825525884422772,1,0.1628580376571836,0.011401811389021592,0.008,24.0,0.0019303416462298582,0.43970683296909063,1,0.5469276732817026,,4.504927800036967,
point_strong,e2_logit_poly2,3000,5115,0.16789573689172443,0.006472508507622576,0.1552098533271551,0.18058162045629378,1,0.1628580376571836,0.011401811389021592,0.0023333333333333335,7.0,0.004259547088093452,0.9335566966046691,1,0.4428198538109402,,2.3712069999892265,
point_strong,c_hgb_early_stop,3000,5114,0.1618611172617363,0.005850613215335573,0.15039412607220448,0.17332810845126811,1,0.1628580376571836,0.011401811389021592,0.0,0.0,0.049446300432117285,0.8096520575915674,1,0.42041159858745275,,4.012775500072166,
point_strong,b_hgb_regularised,3000,5114,0.1622066318878324,0.005541234732669977,0.15134601138191683,0.17306725239374798,1,0.1628580376571836,0.011401811389021592,0.0,0.0,0.02959643235604557,0.9354008412656825,1,0.41323314883028867,,4.178503800067119,
point_strong,a_hgb_default,3000,5115,0.16424450156211867,0.008510744311911792,0.14756374922914245,0.1809252538950949,1,0.1628580376571836,0.011401811389021592,0.0026666666666666666,8.0,0.005845819576594891,0.4714834422686624,0,,CapabilityError,4.631920500076376,
point_strong,b_hgb_regularised,3000,5115,0.16700633871380555,0.005475381333548391,0.1562747884984278,0.1777378889291833,1,0.1628580376571836,0.011401811389021592,0.0,0.0,0.040846726620346406,0.9984809725451285,1,0.42914799052952796,,4.108986099949107,
point_strong,e2_logit_poly2,3000,5116,0.16313247608065995,0.005631244975277156,0.15209543874099457,0.17416951342032533,1,0.1628580376571836,0.011401811389021592,0.0016666666666666668,5.0,0.00016566429112469498,0.9098970909194554,1,0.41728510807766456,,2.550051800091751,
point_strong,c_hgb_early_stop,3000,5115,0.16666911991884426,0.0056175741255698,0.15565887695224337,0.17767936288544514,1,0.1628580376571836,0.011401811389021592,0.0,0.0,0.07298058917199657,0.8698606086497817,1,0.4352402013070615,,3.999404600006528,
point_strong,a_hgb_default,3000,5116,0.163084066282069,0.011180280016069879,0.14117112011349914,0.18499701245063888,1,0.1628580376571836,0.011401811389021592,0.0026666666666666666,8.0,0.002799615221095896,0.43848655554001276,0,,CapabilityError,4.787926399963908,
point_strong,b_hgb_regularised,3000,5116,0.16308934120295182,0.00554502382723183,0.152221294208161,0.17395738819774265,1,0.1628580376571836,0.011401811389021592,0.0,0.0,0.04368577403699141,0.9137464510605574,1,0.4254018995114668,,4.13828260009177,
point_strong,c_hgb_early_stop,3000,5116,0.16129724205593976,0.00581563777248106,0.14989880147474613,0.1726956826371334,1,0.1628580376571836,0.011401811389021592,0.0,0.0,0.05695218975497583,0.7732524969266249,1,0.42864297142339725,,4.006856599939056,
point_strong,e2_logit_poly2,3000,5117,0.15790504713277864,0.007158138133070032,0.1438753541955986,0.17193474006995868,1,0.1628580376571836,0.011401811389021592,0.003,9.0,0.0019644384155174275,0.9519490863667552,1,0.5966013094941903,,2.431178400060162,
point_strong,a_hgb_default,3000,5117,0.16162146995267357,0.012786641496113017,0.1365601131370667,0.18668282676828044,1,0.1628580376571836,0.011401811389021592,0.004,12.0,0.0036976783790464473,0.4470070260865974,0,,CapabilityError,4.588214399991557,
point_strong,b_hgb_regularised,3000,5117,0.1605774662987396,0.006261260850717566,0.14830562053352253,0.17284931206395665,1,0.1628580376571836,0.011401811389021592,0.0,0.0,0.024111623986547207,0.9863043733694917,1,0.43290712882099713,,4.2348265999462456,
point_strong,e2_logit_poly2,3000,5118,0.1569724368901595,0.0060679687733934656,0.14507943663499462,0.16886543714532437,1,0.1628580376571836,0.011401811389021592,0.001,3.0,0.004739066839165371,0.9450354270911233,1,0.39198218217310155,,2.3511697999201715,
point_strong,c_hgb_early_stop,3000,5117,0.15857338401627558,0.006704100401481924,0.1454335886806305,0.17171317935192065,1,0.1628580376571836,0.011401811389021592,0.0,0.0,0.03877532850578617,0.7049764945086323,1,0.434866798926866,,4.163231400074437,
point_strong,a_hgb_default,3000,5118,0.15415998218903526,0.00926293769440358,0.13600495791696576,0.17231500646110476,1,0.1628580376571836,0.011401811389021592,0.0023333333333333335,7.0,0.004853478359759859,0.3864736717918538,0,,CapabilityError,4.741396600031294,
point_strong,c_hgb_early_stop,3000,5118,0.1543498872569471,0.005847774919851681,0.1428884590243412,0.165811315489553,1,0.1628580376571836,0.011401811389021592,0.0,0.0,0.06090382721217587,0.722297907034402,1,0.4208102530415064,,3.9216729999752715,
point_strong,e2_logit_poly2,3000,5119,0.16071477636391995,0.007428541072918908,0.14615510340332236,0.17527444932451755,1,0.1628580376571836,0.011401811389021592,0.0013333333333333333,4.0,0.0007927463089600192,0.9421767999148462,0,,CapabilityError,2.4959263999480754,
point_strong,b_hgb_regularised,3000,5118,0.15521679500048552,0.00540747813604459,0.14461833260665033,0.1658152573943207,1,0.1628580376571836,0.011401811389021592,0.0,0.0,0.04202328774865644,0.9729105534039809,1,0.408215235513117,,4.269324900000356,
point_strong,a_hgb_default,3000,5119,0.16705185773690528,0.010138394952791667,0.14718096876839096,0.1869227467054196,1,0.1628580376571836,0.011401811389021592,0.0006666666666666666,2.0,0.005796488292716129,0.4705721656782996,0,,CapabilityError,4.747827399987727,
point_strong,e2_logit_poly2,3000,5120,0.15828281113372022,0.005479077378263678,0.14754401680381526,0.16902160546362519,1,0.1628580376571836,0.011401811389021592,0.0026666666666666666,8.0,0.0013997138142902029,0.9383883957715298,1,0.3951591796742122,,2.468634399934672,
point_strong,c_hgb_early_stop,3000,5119,0.16528008698145674,0.005722105356397874,0.15406496656717317,0.17649520739574032,1,0.1628580376571836,0.011401811389021592,0.0,0.0,0.06680161131044562,0.7509908101756066,1,0.4466677826300002,,3.8734241999918595,
point_strong,b_hgb_regularised,3000,5119,0.16378209093140078,0.005407977075751456,0.1531826506337097,0.17438153122909186,1,0.1628580376571836,0.011401811389021592,0.0,0.0,0.04603589833406891,0.9740401619445564,1,0.4360807304270159,,4.312150500016287,
point_strong,a_hgb_default,3000,5120,0.1530808183440756,0.01158163852582265,0.13038122395150165,0.17578041273664957,1,0.1628580376571836,0.011401811389021592,0.006,18.0,0.0034262118030805137,0.422779895487811,0,,CapabilityError,4.778795400052331,
point_strong,c_hgb_early_stop,3000,5120,0.15188254093624692,0.005865234403390064,0.14038689274471713,0.1633781891277767,1,0.1628580376571836,0.011401811389021592,0.0,0.0,0.057454403522909384,0.810466212823679,1,0.4174616689908003,,4.08380100002978,
point_strong,e2_logit_poly2,3000,5121,0.16058711573566126,0.0067481539867029405,0.1473609769595931,0.1738132545117294,1,0.1628580376571836,0.011401811389021592,0.003,9.0,0.002798273435056917,0.92377364023114,1,0.462914111185964,,2.5924917000811547,
point_strong,b_hgb_regularised,3000,5120,0.1559692054110703,0.005518341077493988,0.1451534556447741,0.16678495517736647,1,0.1628580376571836,0.011401811389021592,0.0,0.0,0.026417362454208317,0.9265942371262056,1,0.4140048578191243,,4.326067200046964,
point_strong,a_hgb_default,3000,5121,0.1636578804633898,0.008481373558572838,0.14703469374915673,0.18028106717762288,1,0.1628580376571836,0.011401811389021592,0.002,6.0,0.005588374571628066,0.4809526527259491,1,0.8485907701666175,,5.0044143999693915,
point_strong,e2_logit_poly2,3000,5122,0.16671308875784224,0.005845653811729411,0.1552558178207633,0.17817035969492118,1,0.1628580376571836,0.011401811389021592,0.0013333333333333333,4.0,0.00026847790652577403,0.9202605615050046,1,0.38824499049061245,,2.570654400042258,
point_strong,b_hgb_regularised,3000,5121,0.16495567179610676,0.005735735028731497,0.15371383771492822,0.1761975058772853,1,0.1628580376571836,0.011401811389021592,0.0,0.0,0.021529705371965153,0.9457398021113901,1,0.4375228351996736,,4.350934199988842,
point_strong,c_hgb_early_stop,3000,5121,0.16205629745341515,0.005636664717055094,0.1510086376150595,0.1731039572917708,1,0.1628580376571836,0.011401811389021592,0.0,0.0,0.06529635388774568,0.7750338458748827,1,0.4311297760623817,,4.255294399918057,
point_strong,a_hgb_default,3000,5122,0.16689707245063906,0.011193860513511664,0.14495750899619117,0.18883663590508695,1,0.1628580376571836,0.011401811389021592,0.003,9.0,0.00571412422908222,0.4389385209661729,0,,CapabilityError,4.7040959999430925,
point_strong,e2_logit_poly2,3000,5123,0.1629671617363153,0.0061864775921528555,0.15084188846453164,0.17509243500809898,1,0.1628580376571836,0.011401811389021592,0.0013333333333333333,4.0,0.0023130206337082008,0.9239061575322747,1,0.3809769385138866,,2.3140601000050083,
point_strong,b_hgb_regularised,3000,5122,0.16598420765702326,0.0056501834065508655,0.15491005167413774,0.1770583636399088,1,0.1628580376571836,0.011401811389021592,0.0,0.0,0.04003851007257584,0.9640090223302737,1,0.4235170059952115,,4.236177699989639,
point_strong,c_hgb_early_stop,3000,5122,0.16879106179002396,0.005982126434373555,0.1570663094276868,0.18051581415236112,1,0.1628580376571836,0.011401811389021592,0.0,0.0,0.05714097585399252,0.7211331586672582,1,0.43427368690227897,,4.15397220000159,
point_strong,a_hgb_default,3000,5123,0.1590252765590392,0.01090864232558135,0.1376447304806705,0.1804058226374079,1,0.1628580376571836,0.011401811389021592,0.005,15.0,0.004401494811476147,0.40159884408079655,0,,CapabilityError,4.79362290003337,
point_strong,b_hgb_regularised,3000,5123,0.16138184036802206,0.005843180526738683,0.14992941698044845,0.17283426375559566,1,0.1628580376571836,0.011401811389021592,0.0,0.0,0.033408204785142205,0.9188935087340787,1,0.4093960255003845,,4.197326199966483,
point_strong,e2_logit_poly2,3000,5124,0.1617810884103303,0.006067209009985516,0.14988957726408175,0.17367259955657882,1,0.1628580376571836,0.011401811389021592,0.0006666666666666666,2.0,0.0012152462179933288,0.939402301526839,1,0.44820990433818214,,2.2897944999858737,
point_strong,c_hgb_early_stop,3000,5123,0.1605926565901995,0.006039566694863903,0.14875532338603864,0.17242998979436036,1,0.1628580376571836,0.011401811389021592,0.0,0.0,0.05830209000533697,0.6944465539043335,1,0.41980523817224735,,3.925647999974899,
point_strong,a_hgb_default,3000,5124,0.15993997734746623,0.009748974875721772,0.14083233770486572,0.17904761699006674,1,0.1628580376571836,0.011401811389021592,0.0013333333333333333,4.0,0.005760794018622354,0.4030611141145205,0,,CapabilityError,4.73027199995704,
point_strong,e2_logit_poly2,3000,5125,0.1564143081653857,0.006267023364743477,0.14413116808021748,0.16869744825055394,1,0.1628580376571836,0.011401811389021592,0.0013333333333333333,4.0,0.003049628548347145,0.9407637916637046,0,,CapabilityError,2.296113400021568,
point_strong,c_hgb_early_stop,3000,5124,0.1603434191576385,0.005909857376747073,0.1487603115454459,0.1719265267698311,1,0.1628580376571836,0.011401811389021592,0.0,0.0,0.049950343161697795,0.683339495137645,1,0.43687501062815326,,3.915832900092937,
point_strong,b_hgb_regularised,3000,5124,0.15993748174527622,0.005532190431148796,0.14909458774460746,0.17078037574594498,1,0.1628580376571836,0.011401811389021592,0.0,0.0,0.04112350978210477,0.9425358693039608,1,0.42250269188588624,,4.084567699930631,
point_strong,a_hgb_default,3000,5125,0.15713751517902563,0.0099214992608925,0.13769173395503556,0.1765832964030157,1,0.1628580376571836,0.011401811389021592,0.001,3.0,0.008004601441012235,0.4362929763729626,0,,CapabilityError,4.581428200006485,
point_strong,e2_logit_poly2,3000,5126,0.16187628736557091,0.006240717657972507,0.14964470551826164,0.17410786921288018,1,0.1628580376571836,0.011401811389021592,0.001,3.0,0.005739392067203187,0.9477438369895528,1,0.41547446893630485,,2.410218899953179,
point_strong,b_hgb_regularised,3000,5125,0.1597784137226671,0.005479743846986364,0.14903831313806887,0.17051851430726533,1,0.1628580376571836,0.011401811389021592,0.0,0.0,0.059816473519557906,0.97880735633566,1,0.42022972607800546,,4.174028099980205,
point_strong,c_hgb_early_stop,3000,5125,0.15874440278129776,0.005985096810028279,0.14701382858965675,0.17047497697293876,1,0.1628580376571836,0.011401811389021592,0.0,0.0,0.048066304633949626,0.7208680002379058,1,0.43318053569211884,,4.156634100014344,
point_strong,a_hgb_default,3000,5126,0.16499069021613882,0.008891324416686377,0.1475640145845719,0.18241736584770574,1,0.1628580376571836,0.011401811389021592,0.0006666666666666666,2.0,0.0021101628877107444,0.3719549514967488,0,,CapabilityError,4.536454200046137,
point_strong,c_hgb_early_stop,3000,5126,0.16415692190105174,0.005740455019065678,0.1529058368088108,0.17540800699329268,1,0.1628580376571836,0.011401811389021592,0.0,0.0,0.09068422839760273,0.7096561811540731,1,0.43248601013768434,,3.8804831000743434,
point_strong,b_hgb_regularised,3000,5126,0.16260028968632007,0.005572038301289497,0.1516792952953149,0.17352128407732523,1,0.1628580376571836,0.011401811389021592,0.0,0.0,0.05286303427828105,0.962032677784099,1,0.42039389199978844,,4.090433500008658,
point_strong,e2_logit_poly2,3000,5127,0.16006490154894076,0.010837936168770842,0.1388229369914059,0.18130686610647562,1,0.1628580376571836,0.011401811389021592,0.0,0.0,0.01213068622251469,0.9322732551773188,1,0.5446104721754279,,2.440722699975595,
point_strong,a_hgb_default,3000,5127,0.1650648751526989,0.008790119143969145,0.14783655821070335,0.18229319209469447,1,0.1628580376571836,0.011401811389021592,0.0016666666666666668,5.0,0.0044015461343809865,0.40559778793189233,0,,CapabilityError,4.649021500023082,
point_strong,c_hgb_early_stop,3000,5127,0.16401796027655652,0.006236427561120621,0.15179478686456713,0.1762411336885459,1,0.1628580376571836,0.011401811389021592,0.0,0.0,0.05956623274919372,0.6914068007893761,1,0.4304906009415675,,3.8087693999987096,
point_strong,e2_logit_poly2,3000,5128,0.16496483762542202,0.00726868898734608,0.15071846899540078,0.17921120625544326,1,0.1628580376571836,0.011401811389021592,0.0013333333333333333,4.0,0.004779749071950385,0.9465329881502688,1,0.5802596831049698,,2.351736700045876,
point_strong,b_hgb_regularised,3000,5127,0.16417892106743426,0.0056839705865596255,0.15303854342859238,0.17531929870627613,1,0.1628580376571836,0.011401811389021592,0.0,0.0,0.06064648511799005,0.9240100607693941,1,0.419647915446157,,4.366901500034146,
point_strong,a_hgb_default,3000,5128,0.16081454998914607,0.009958111797267544,0.14129700951247826,0.1803320904658139,1,0.1628580376571836,0.011401811389021592,0.0,0.0,0.01298598163377823,0.39577094675282687,0,,CapabilityError,4.851776499999687,
point_strong,e2_logit_poly2,3000,5129,0.16350692240385634,0.0058619874375006814,0.15201763814852876,0.17499620665918392,1,0.1628580376571836,0.011401811389021592,0.0006666666666666666,2.0,0.0078578167963041,0.9400947522180385,1,0.39835577924552484,,2.4817739999853075,
point_strong,c_hgb_early_stop,3000,5128,0.16559526323166734,0.005882057493558966,0.15406664238929782,0.17712388407403687,1,0.1628580376571836,0.011401811389021592,0.0,0.0,0.09654012965306988,0.7692604766403458,1,0.4377934966769951,,3.961123100016266,
point_strong,b_hgb_regularised,3000,5128,0.16579854313694492,0.005879889825776297,0.15427417084535988,0.17732291542852996,1,0.1628580376571836,0.011401811389021592,0.0,0.0,0.037675616897679565,0.9572239797108334,1,0.43693325043119574,,4.408959100022912,
point_strong,e2_logit_poly2,3000,5130,0.16960850989197035,0.006638382429299794,0.15659751941493924,0.18261950036900146,1,0.1628580376571836,0.011401811389021592,0.0013333333333333333,4.0,0.00032898068235569954,0.9276413203967646,1,0.4549346570171259,,2.435697100008838,
point_strong,a_hgb_default,3000,5129,0.16311311847415405,0.010947244906692903,0.1416569127270964,0.1845693242212117,1,0.1628580376571836,0.011401811389021592,0.0023333333333333335,7.0,0.005568722614213432,0.37081748903860146,0,,CapabilityError,4.8501794000621885,
point_strong,b_hgb_regularised,3000,5129,0.16395034318894297,0.0057212093843657455,0.15273697884757353,0.1751637075303124,1,0.1628580376571836,0.011401811389021592,0.0,0.0,0.057525397836066514,0.9311885223527183,1,0.42058598096123073,,4.4275591999758035,
point_strong,c_hgb_early_stop,3000,5129,0.16575762629283808,0.006078932549568145,0.15384313743123626,0.1776721151544399,1,0.1628580376571836,0.011401811389021592,0.0,0.0,0.05471351385077761,0.6575140583955222,1,0.43766633776999964,,4.093692700029351,
point_strong,a_hgb_default,3000,5130,0.1668004404362724,0.014338749713108933,0.13869700741524485,0.19490387345729995,1,0.1628580376571836,0.011401811389021592,0.004666666666666667,14.0,0.002168005318731791,0.4729039735513089,0,,CapabilityError,4.6271728000137955,
point_strong,e2_logit_poly2,3000,5131,0.16570243176736005,0.0059432518450631975,0.15405387219998495,0.17735099133473514,1,0.1628580376571836,0.011401811389021592,0.0026666666666666666,8.0,9.248626291120009e-05,0.8963660772503204,1,0.40483914467003146,,2.3945078999968246,
point_strong,c_hgb_early_stop,3000,5130,0.16812972555904043,0.005984988690727402,0.1563993632773352,0.17986008784074567,1,0.1628580376571836,0.011401811389021592,0.0,0.0,0.023628798923079928,0.7599086447945932,1,0.4455939431348021,,4.094668100005947,
point_strong,b_hgb_regularised,3000,5130,0.16861900738036784,0.005998030689888654,0.15686308325002013,0.18037493151071554,1,0.1628580376571836,0.011401811389021592,0.0003333333333333333,1.0,0.00798747577122451,0.9504740519376093,1,0.4497285017687498,,4.2957455000141636,
point_strong,a_hgb_default,3000,5131,0.1626950716256509,0.01079689385651906,0.14153354852197175,0.18385659472933003,1,0.1628580376571836,0.011401811389021592,0.0033333333333333335,10.0,0.007079771650995519,0.44299171560586187,0,,CapabilityError,4.688189400010742,
point_strong,c_hgb_early_stop,3000,5131,0.16184057840565874,0.006100339854198148,0.14988413199797604,0.17379702481334144,1,0.1628580376571836,0.011401811389021592,0.0,0.0,0.03270537398229799,0.7011200927622627,1,0.43673263319830347,,3.7593912000302225,
point_strong,e2_logit_poly2,3000,5132,0.15872342096998138,0.008125106063036238,0.14279850571586233,0.17464833622410042,1,0.1628580376571836,0.011401811389021592,0.0003333333333333333,1.0,0.004390414839733081,0.9137202868293435,1,0.5909959976896857,,2.4259875001152977,
point_strong,b_hgb_regularised,3000,5131,0.16211199876579963,0.0055791053600959565,0.15117715319405717,0.17304684433754208,1,0.1628580376571836,0.011401811389021592,0.0,0.0,0.02982993950436144,0.9404606457283063,1,0.4175896771400066,,4.211088399984874,
point_strong,a_hgb_default,3000,5132,0.16306165373056208,0.00990046753161646,0.14365709393848566,0.1824662135226385,1,0.1628580376571836,0.011401811389021592,0.0016666666666666668,5.0,0.0016141825375764962,0.412428723491376,0,,CapabilityError,4.540160000091419,
point_strong,e2_logit_poly2,3000,5133,0.1620168241991436,0.005584106601800577,0.15107217637378212,0.17296147202450507,1,0.1628580376571836,0.011401811389021592,0.0016666666666666668,5.0,0.0016669298938646784,0.9330102131138416,1,0.39816967649699875,,2.3364756000228226,
point_strong,c_hgb_early_stop,3000,5132,0.1637488585205581,0.006098909054204678,0.1517952164293317,0.1757025006117845,1,0.1628580376571836,0.011401811389021592,0.0,0.0,0.04591661921800808,0.7069213193054243,1,0.442506697402807,,3.8898946999106556,
point_strong,b_hgb_regularised,3000,5132,0.16364147089119147,0.005564717363321349,0.15273482527493693,0.174548116507446,1,0.1628580376571836,0.011401811389021592,0.0,0.0,0.05617482576317254,0.9446038391467327,1,0.4324252922303338,,4.152127800043672,
point_strong,a_hgb_default,3000,5133,0.1620911492057182,0.012382059301849246,0.1378227589196545,0.1863595394917819,1,0.1628580376571836,0.011401811389021592,0.005,15.0,0.0034526857475758277,0.4752134568036761,0,,CapabilityError,4.436821300070733,
point_strong,e2_logit_poly2,3000,5134,0.1551934639045529,0.006873906545326191,0.14172085464261944,0.16866607316648638,1,0.1628580376571836,0.011401811389021592,0.0023333333333333335,7.0,0.0005980015482646933,0.9255302619273403,1,0.6044933868434794,,2.318410800071433,
point_strong,b_hgb_regularised,3000,5133,0.1618334260316579,0.005459873291852691,0.1511322710194745,0.1725345810438413,1,0.1628580376571836,0.011401811389021592,0.0,0.0,0.03171456279970688,1.058391592518436,1,0.4212509940248344,,4.222159700002521,
point_strong,c_hgb_early_stop,3000,5133,0.1621356746557488,0.005978295512064749,0.15041843076316444,0.17385291854833315,1,0.1628580376571836,0.011401811389021592,0.0,0.0,0.04688519688644765,0.7551370316209365,1,0.43409680948138846,,3.9359708999982104,
point_strong,a_hgb_default,3000,5134,0.1558340806910259,0.010913794655156909,0.1344434362322526,0.17722472514979917,1,0.1628580376571836,0.011401811389021592,0.009,27.0,0.0021679848606244935,0.3941468079709943,0,,CapabilityError,4.60208970005624,
point_strong,e2_logit_poly2,3000,5135,0.1700880050946753,0.005960792469410621,0.15840506653531292,0.1817709436540377,1,0.1628580376571836,0.011401811389021592,0.001,3.0,0.00437998896875547,0.9350242254034898,1,0.42607904949388975,,2.4456468999851495,
point_strong,c_hgb_early_stop,3000,5134,0.15413784553242732,0.006104532770130594,0.14217318116052682,0.16610250990432782,1,0.1628580376571836,0.011401811389021592,0.0,0.0,0.05027720705054539,0.6857664358925957,1,0.414684559777156,,3.944400600041263,
point_strong,b_hgb_regularised,3000,5134,0.15487046411220828,0.005648937552154286,0.14379874995907002,0.16594217826534655,1,0.1628580376571836,0.011401811389021592,0.0,0.0,0.020493494592882227,0.9244308974859279,1,0.3993448554447113,,4.321756400051527,
point_strong,a_hgb_default,3000,5135,0.1676086944475802,0.009472864658364404,0.14904222088676364,0.18617516800839676,1,0.1628580376571836,0.011401811389021592,0.0006666666666666666,2.0,0.007266371806305205,0.41271634765584625,0,,CapabilityError,4.6649373000254855,
point_strong,e2_logit_poly2,3000,5136,0.16133798895390478,0.005683672503377045,0.15019819554736516,0.1724777823604444,1,0.1628580376571836,0.011401811389021592,0.002,6.0,0.002150916755214981,0.9435164176669667,0,,CapabilityError,2.330409799935296,
point_strong,c_hgb_early_stop,3000,5135,0.16943931580687854,0.005831103618330489,0.15801056272482958,0.1808680688889275,1,0.1628580376571836,0.011401811389021592,0.0,0.0,0.04918666733959626,0.7437670927025911,1,0.4418266688412874,,3.9308458999730647,
point_strong,b_hgb_regularised,3000,5135,0.16946771564745672,0.005730308710658066,0.15823651695427077,0.18069891434064267,1,0.1628580376571836,0.011401811389021592,0.0,0.0,0.04906009970626763,0.9410206404646727,1,0.4320762163227593,,4.2738859000382945,
point_strong,a_hgb_default,3000,5136,0.1611100980903647,0.013726198846782556,0.13420724270603565,0.18801295347469374,1,0.1628580376571836,0.011401811389021592,0.002,6.0,0.0024262379471939248,0.4650008549283345,0,,CapabilityError,4.611628900049254,
point_strong,b_hgb_regularised,3000,5136,0.1638127116282994,0.0058383426189045065,0.15236977036584132,0.1752556528907575,1,0.1628580376571836,0.011401811389021592,0.0,0.0,0.03625060148061936,0.9673259351206975,1,0.4389601293315356,,4.180047900066711,
point_strong,e2_logit_poly2,3000,5137,0.16517817479788421,0.006554523823955391,0.15233154416712189,0.17802480542864654,1,0.1628580376571836,0.011401811389021592,0.001,3.0,0.0021660170843532784,0.908714964098464,1,0.47103797364159056,,2.4013206000672653,
point_strong,c_hgb_early_stop,3000,5136,0.16379480129268148,0.00603031900750421,0.1519755932226859,0.17561400936267707,1,0.1628580376571836,0.011401811389021592,0.0,0.0,0.053285056298658935,0.7467233025690615,1,0.4451581811301688,,3.997086700052023,
point_strong,a_hgb_default,3000,5137,0.16624686045719522,0.010899106811964633,0.14488500364208937,0.18760871727230108,1,0.1628580376571836,0.011401811389021592,0.0006666666666666666,2.0,0.006727964313284105,0.39637481904974964,0,,CapabilityError,4.711925399955362,
point_strong,e2_logit_poly2,3000,5138,0.16128328050768714,0.006335655086252759,0.14886562472016374,0.17370093629521055,1,0.1628580376571836,0.011401811389021592,0.004333333333333333,13.0,0.0006686407060429662,0.9464571100167503,1,0.4123521275989313,,2.555613199947402,
point_strong,c_hgb_early_stop,3000,5137,0.16693837139429873,0.006049089264516234,0.15508237429657903,0.17879436849201844,1,0.1628580376571836,0.011401811389021592,0.0,0.0,0.054565095503863695,0.6686282272975486,1,0.44923255112124577,,3.9892959999851882,
point_strong,b_hgb_regularised,3000,5137,0.16599513991588333,0.005618767287018795,0.15498255839581465,0.177007721435952,1,0.1628580376571836,0.011401811389021592,0.0,0.0,0.0381724560810649,0.9337783994554066,1,0.4309897243262231,,4.473272499977611,
point_strong,a_hgb_default,3000,5138,0.1570743114587818,0.010370625064953237,0.1367482598343051,0.17740036308325852,1,0.1628580376571836,0.011401811389021592,0.005,15.0,0.001080529395259323,0.47291804886376965,0,,CapabilityError,4.8552928999997675,
point_strong,e2_logit_poly2,3000,5139,0.15606918015640403,0.006711528551649265,0.1429148259139592,0.16922353439884885,1,0.1628580376571836,0.011401811389021592,0.0016666666666666668,5.0,0.005227817699488498,0.9571492902529303,1,0.4923418136548343,,2.4387643000809476,
point_strong,c_hgb_early_stop,3000,5138,0.16100406848490595,0.006129992294121662,0.14898950436291944,0.17301863260689246,1,0.1628580376571836,0.011401811389021592,0.0,0.0,0.03850429030318488,0.692057394505964,1,0.42490523372239386,,4.146656599943526,
point_strong,b_hgb_regularised,3000,5138,0.16070544236738138,0.005544096702771077,0.1498392125031428,0.17157167223161995,1,0.1628580376571836,0.011401811389021592,0.0,0.0,0.016199593777688655,1.0284710802761572,1,0.41028662594221577,,4.252789700054564,
point_strong,a_hgb_default,3000,5139,0.1525037362647323,0.011858046059193703,0.1292623930616955,0.17574507946776907,1,0.1628580376571836,0.011401811389021592,0.002,6.0,0.0038315314841157588,0.4504471503520452,0,,CapabilityError,4.6500446000136435,
point_strong,c_hgb_early_stop,3000,5139,0.15758631026773579,0.0063154454329023375,0.14520826467291922,0.16996435586255235,1,0.1628580376571836,0.011401811389021592,0.0,0.0,0.020856140040691806,0.7059670740589651,1,0.4340439127747712,,4.01046169991605,
point_strong,b_hgb_regularised,3000,5139,0.15533273753150473,0.005739744743563597,0.144083044553667,0.16658243050934246,1,0.1628580376571836,0.011401811389021592,0.0,0.0,0.051634391340181864,0.96362707396202,1,0.41301004922548773,,4.274789499933831,
point_strong,e2_logit_poly2,3000,5140,0.16343284457492524,0.005800685712391418,0.152063709493002,0.1748019796568485,1,0.1628580376571836,0.011401811389021592,0.0003333333333333333,1.0,0.0006708110160606616,0.919893768299657,1,0.48243226847549125,,2.478939599939622,
point_strong,a_hgb_default,3000,5140,0.159612414796947,0.009724558295034606,0.14055263077311891,0.17867219882077506,1,0.1628580376571836,0.011401811389021592,0.0006666666666666666,2.0,0.01096457140896767,0.4068497897088005,0,,CapabilityError,4.801852399948984,
point_strong,c_hgb_early_stop,3000,5140,0.16242337381247723,0.005825992804591399,0.15100463774128858,0.17384210988366589,1,0.1628580376571836,0.011401811389021592,0.0,0.0,0.05248480126429108,0.6386917242450625,1,0.4389183301529455,,3.762806099955924,
point_strong,e2_logit_poly2,3000,5141,0.16335923268736452,0.0055494292597788285,0.15248255120344525,0.17423591417128378,1,0.1628580376571836,0.011401811389021592,0.001,3.0,0.00714326229946207,0.9452117788287915,1,0.5608303006760318,,2.293970200000331,
point_strong,b_hgb_regularised,3000,5140,0.16324530880807597,0.005610114334224857,0.15224968676384334,0.1742409308523086,1,0.1628580376571836,0.011401811389021592,0.0,0.0,0.04751840778122181,0.9061149211790773,1,0.4320105292331847,,4.281448399997316,
point_strong,a_hgb_default,3000,5141,0.1606737273099476,0.011173806893998347,0.1387734682275055,0.18257398639238973,1,0.1628580376571836,0.011401811389021592,0.0023333333333333335,7.0,0.005295636784704056,0.374607993772529,0,,CapabilityError,4.555662399972789,
point_strong,e2_logit_poly2,3000,5142,0.1638971927694255,0.005616673571763251,0.15288871485585157,0.17490567068299942,1,0.1628580376571836,0.011401811389021592,0.0026666666666666666,8.0,0.002154260275098158,0.9464608073075046,1,0.4192527714737107,,2.4711327999830246,
point_strong,c_hgb_early_stop,3000,5141,0.16233828787325216,0.005702969662834471,0.15116067272917205,0.17351590301733227,1,0.1628580376571836,0.011401811389021592,0.0,0.0,0.04960104109767236,0.7026399954906216,1,0.4383621541391499,,4.088523600017652,
point_strong,b_hgb_regularised,3000,5141,0.16298216255129744,0.005504159932080197,0.15219420731927183,0.17377011778332305,1,0.1628580376571836,0.011401811389021592,0.0,0.0,0.051891618339758465,0.9105002568213666,1,0.437016006236979,,4.290909899980761,
point_strong,a_hgb_default,3000,5142,0.1655146592981691,0.009469917237274035,0.14695396257653695,0.18407535601980127,1,0.1628580376571836,0.011401811389021592,0.0013333333333333333,4.0,0.0056833693483613204,0.4812687443802845,0,,CapabilityError,4.69010430003982,
point_strong,b_hgb_regularised,3000,5142,0.16405034213556796,0.005266902451960582,0.15372740301963952,0.1743732812514964,1,0.1628580376571836,0.011401811389021592,0.0,0.0,0.035649381764630284,0.9905908534216237,1,0.44044976517187295,,4.265591299976222,
point_strong,e2_logit_poly2,3000,5143,0.16536658360384088,0.006758493747311133,0.1521201792693719,0.17861298793830985,1,0.1628580376571836,0.011401811389021592,0.001,3.0,0.0006177102168363037,0.923390251871004,1,0.4097167665413765,,2.551518800086342,
point_strong,c_hgb_early_stop,3000,5142,0.1631518570569171,0.0057985933317401105,0.15178682296571236,0.17451689114812183,1,0.1628580376571836,0.011401811389021592,0.0,0.0,0.02377096093590314,0.7383400250958994,1,0.44900491957454913,,4.0922904999461025,
point_strong,a_hgb_default,3000,5143,0.16219079167066264,0.010733787709690025,0.1411529543419715,0.18322862899935377,1,0.1628580376571836,0.011401811389021592,0.0036666666666666666,11.0,0.0024007858503935177,0.4327520710961577,0,,CapabilityError,4.721786400070414,
point_strong,b_hgb_regularised,3000,5143,0.1650053716276399,0.005743108777599129,0.15374908526424974,0.17626165799103005,1,0.1628580376571836,0.011401811389021592,0.0,0.0,0.02055797322701569,0.9904306694190621,1,0.4187514823706715,,4.287566100014374,
point_strong,c_hgb_early_stop,3000,5143,0.16570105133493013,0.005913506651727899,0.1541107912752054,0.17729131139465484,1,0.1628580376571836,0.011401811389021592,0.0,0.0,0.07359005394187562,0.8046874247529411,1,0.4301975435014199,,3.928516000043601,
point_strong,e2_logit_poly2,3000,5144,0.14892250288164416,0.006923328375988001,0.1353530286115635,0.1624919771517248,0,0.1628580376571836,0.011401811389021592,0.002,6.0,0.0019674979952512732,0.9326912982013755,1,0.5370773158698228,,2.4505728000076488,
point_strong,a_hgb_default,3000,5144,0.14668876485900578,0.009604011440197966,0.12786524832910712,0.16551228138890445,1,0.1628580376571836,0.011401811389021592,0.0,0.0,0.013373817387202572,0.42720791939073455,0,,CapabilityError,4.7140297999139875,
point_strong,b_hgb_regularised,3000,5144,0.15294249659900405,0.005539820673167184,0.14208464759878595,0.16380034559922216,1,0.1628580376571836,0.011401811389021592,0.0,0.0,0.05703354374393899,0.9666620528466736,1,0.41126701906701923,,4.324237199965864,
point_strong,c_hgb_early_stop,3000,5144,0.15281607892359972,0.006259635140922872,0.14054741949102958,0.16508473835616985,1,0.1628580376571836,0.011401811389021592,0.0,0.0,0.04602026792984265,0.7024026330096463,1,0.41984662271566614,,3.9736578000010923,
point_strong,e2_logit_poly2,3000,5145,0.16188028270627802,0.00824562443105849,0.1457191557913598,0.17804140962119624,1,0.1628580376571836,0.011401811389021592,0.002,6.0,0.002888357592633282,0.9514131899847043,1,0.4464151960845127,,2.4792285000439733,
point_strong,a_hgb_default,3000,5145,0.15566366329891368,0.009881174933278529,0.1362969163047478,0.17503041029307956,1,0.1628580376571836,0.011401811389021592,0.0006666666666666666,2.0,0.010812805236740402,0.4543275092444718,0,,CapabilityError,4.65295369992964,
point_strong,e2_logit_poly2,3000,5146,0.1674091423043283,0.006243120443847986,0.15517285108324053,0.17964543352541607,1,0.1628580376571836,0.011401811389021592,0.002,6.0,0.0016669187512714954,0.9394221424127974,1,0.42051109539748316,,2.4184947999892756,
point_strong,b_hgb_regularised,3000,5145,0.1566770879473527,0.006232668439254763,0.1444612822788339,0.16889289361587148,1,0.1628580376571836,0.011401811389021592,0.0,0.0,0.04486153613851421,1.015580810473078,1,0.42086652196786006,,4.269968100008555,
point_strong,c_hgb_early_stop,3000,5145,0.15315790407198937,0.0066657489424249055,0.1400932762148506,0.16622253192912814,1,0.1628580376571836,0.011401811389021592,0.0,0.0,0.07212087848756621,0.6506922140492413,1,0.4389621825694389,,4.087781500071287,
point_strong,a_hgb_default,3000,5146,0.1664002684444671,0.010182504754242388,0.14644292585374413,0.18635761103519005,1,0.1628580376571836,0.011401811389021592,0.005,15.0,0.0015045617384486462,0.47594244584334283,0,,CapabilityError,4.786018299986608,
point_strong,b_hgb_regularised,3000,5146,0.16674466855028924,0.005584105684355175,0.15580002252308772,0.17768931457749076,1,0.1628580376571836,0.011401811389021592,0.0,0.0,0.01355864556562027,0.970405511527907,1,0.41839048195618156,,4.253573700087145,
point_strong,e2_logit_poly2,3000,5147,0.1687243263391765,0.006072659760251622,0.1568221319187177,0.1806265207596353,1,0.1628580376571836,0.011401811389021592,0.0006666666666666666,2.0,0.007650326686147578,0.9237308588447617,1,0.43169184808509364,,2.4222111999988556,
point_strong,c_hgb_early_stop,3000,5146,0.16419242148566776,0.005958950652813865,0.15251309282050113,0.1758717501508344,1,0.1628580376571836,0.011401811389021592,0.0,0.0,0.03766486035854411,0.7694210254703026,1,0.4266569242833174,,4.0044964998960495,
point_strong,a_hgb_default,3000,5147,0.16019147295291558,0.010044870000090675,0.14050388952335102,0.17987905638248014,1,0.1628580376571836,0.011401811389021592,0.0006666666666666666,2.0,0.006925664542300077,0.39867308002132784,0,,CapabilityError,4.803865100024268,
point_strong,e2_logit_poly2,3000,5148,0.16158390343077272,0.005989224686240953,0.14984523875042224,0.1733225681111232,1,0.1628580376571836,0.011401811389021592,0.0013333333333333333,4.0,0.001201094209651439,0.9146637800248235,1,0.9878071384588729,,2.304438899969682,
point_strong,b_hgb_regularised,3000,5147,0.1654016368573355,0.005760818797208318,0.15411063949334586,0.17669263422132514,1,0.1628580376571836,0.011401811389021592,0.0,0.0,0.044896859787250776,0.9431836447549923,1,0.4265240074467722,,4.391467100009322,
point_strong,c_hgb_early_stop,3000,5147,0.16312737617281547,0.005955620411648995,0.15145457466039183,0.17480017768523912,1,0.1628580376571836,0.011401811389021592,0.0,0.0,0.09585163397595627,0.7124619425574865,1,0.43374751981670606,,4.008164200000465,
point_strong,a_hgb_default,3000,5148,0.16266061150513106,0.00959826466157699,0.14384835845435662,0.1814728645559055,1,0.1628580376571836,0.011401811389021592,0.003,9.0,0.00415393389107992,0.43169882632633316,1,0.579209580837349,,4.819252299959771,
point_strong,e2_logit_poly2,3000,5149,0.16417118784517098,0.006449545260055314,0.15153031141880155,0.17681206427154042,1,0.1628580376571836,0.011401811389021592,0.0023333333333333335,7.0,0.0018527345384073506,0.9396638322505723,1,0.41780005162764317,,2.435285000014119,
point_strong,c_hgb_early_stop,3000,5148,0.16275220432403692,0.00580873842818404,0.15136728620918238,0.17413712243889146,1,0.1628580376571836,0.011401811389021592,0.0,0.0,0.07647472686909028,0.7352851330092544,1,0.43366344321746486,,3.845729700056836,
point_strong,b_hgb_regularised,3000,5148,0.16340180594134007,0.005540877698016459,0.15254188521048662,0.17426172667219353,1,0.1628580376571836,0.011401811389021592,0.0,0.0,0.02508529306467021,0.9742170918607918,1,0.4288035867113106,,4.23399740003515,
point_strong,a_hgb_default,3000,5149,0.16114612658279354,0.009010250661531513,0.14348635979451357,0.1788058933710735,1,0.1628580376571836,0.011401811389021592,0.0016666666666666668,5.0,0.0077634079927811905,0.4366939061879259,0,,CapabilityError,4.549746199976653,
point_strong,c_hgb_early_stop,3000,5149,0.16402261218084552,0.0060584642240886595,0.15214824050000733,0.1758969838616837,1,0.1628580376571836,0.011401811389021592,0.0,0.0,0.0534769204111748,0.7929126826971625,1,0.43260682841214043,,3.856505300034769,
point_strong,e2_logit_poly2,3000,5150,0.16597361517184422,0.00599053138517537,0.15423238940864364,0.1777148409350448,1,0.1628580376571836,0.011401811389021592,0.0023333333333333335,7.0,0.0017884544890864366,0.9420756742071509,1,0.42284022221529555,,2.4562020999146625,
point_strong,b_hgb_regularised,3000,5149,0.16520193672970462,0.005570892406522739,0.15428318825117238,0.17612068520823687,1,0.1628580376571836,0.011401811389021592,0.0,0.0,0.04890025959309186,0.984564342036497,1,0.42159616437874503,,4.197835700004362,
point_strong,a_hgb_default,3000,5150,0.1666494017035144,0.00862385709284906,0.14974695239370994,0.18355185101331883,1,0.1628580376571836,0.011401811389021592,0.0026666666666666666,8.0,0.005700023695208402,0.39544903860643693,1,0.7245660812460908,,4.600242800079286,
point_strong,e2_logit_poly2,3000,5151,0.1563720238005123,0.006346270204719464,0.1439335627631025,0.16881048483792208,1,0.1628580376571836,0.011401811389021592,0.003,9.0,0.0002745321128258146,0.9413408225594677,1,0.409373813324769,,2.366059900028631,
point_strong,b_hgb_regularised,3000,5150,0.16475449521893232,0.005403694639034303,0.1541634483429729,0.17534554209489173,1,0.1628580376571836,0.011401811389021592,0.0,0.0,0.05123250545418792,0.963859277754528,1,0.4310057538834457,,4.014205000014044,
point_strong,c_hgb_early_stop,3000,5150,0.1655305900771759,0.005825565890542214,0.15411269074214817,0.17694848941220365,1,0.1628580376571836,0.011401811389021592,0.0,0.0,0.04276514644968524,0.7066794320307471,1,0.4405880310840738,,3.998543299967423,
point_strong,a_hgb_default,3000,5151,0.15843122241631735,0.009823503991190757,0.13917750839159798,0.17768493644103672,1,0.1628580376571836,0.011401811389021592,0.0023333333333333335,7.0,0.002917767106983521,0.4318231035407447,0,,CapabilityError,4.75423530000262,
point_strong,c_hgb_early_stop,3000,5151,0.1582016504731601,0.005899012145566947,0.14663979912348452,0.16976350182283567,1,0.1628580376571836,0.011401811389021592,0.0,0.0,0.05352937074985399,0.7291723795414272,1,0.42123557960045516,,3.8316298000281677,
point_strong,b_hgb_regularised,3000,5151,0.159485332548856,0.0056411582935500856,0.1484288654624084,0.17054179963530358,1,0.1628580376571836,0.011401811389021592,0.0,0.0,0.03388230259027724,0.9382950097539251,1,0.4106886824424438,,4.166147599928081,
point_strong,e2_logit_poly2,3000,5152,0.1597136272017493,0.007373598784328097,0.1452616391480179,0.17416561525548072,1,0.1628580376571836,0.011401811389021592,0.0023333333333333335,7.0,0.00012146316769759644,0.9294883882289029,1,0.5024288169268724,,2.4581091000000015,
point_strong,a_hgb_default,3000,5152,0.1636622940383038,0.010339864261442518,0.1433965324808436,0.18392805559576397,1,0.1628580376571836,0.011401811389021592,0.0013333333333333333,4.0,0.0033287595218001575,0.44385543756828216,0,,CapabilityError,4.754123799968511,
point_strong,e2_logit_poly2,3000,5153,0.16919246113965958,0.0057209652617973734,0.15797957526973197,0.18040534700958719,1,0.1628580376571836,0.011401811389021592,0.0016666666666666668,5.0,0.005153380604341691,0.9325713078807668,1,0.42834350380412795,,2.370438800076954,
point_strong,b_hgb_regularised,3000,5152,0.16534911952015663,0.005586500471339061,0.15439977979671604,0.17629845924359722,1,0.1628580376571836,0.011401811389021592,0.0,0.0,0.03630529542663358,0.9770033863536302,1,0.42922665391761966,,4.246336100040935,
point_strong,c_hgb_early_stop,3000,5152,0.164038737983903,0.005828535689855926,0.15261501794917906,0.17546245801862695,1,0.1628580376571836,0.011401811389021592,0.0,0.0,0.04588326204845353,0.745853199205357,1,0.43646213772634446,,4.135182600002736,
point_strong,a_hgb_default,3000,5153,0.16611176012698553,0.010952856461389087,0.1446445559348261,0.18757896431914495,1,0.1628580376571836,0.011401811389021592,0.003,9.0,0.0045520464274567815,0.4219899386704686,0,,CapabilityError,4.774403999908827,
point_strong,e2_logit_poly2,3000,5154,0.15263367327896277,0.007114191019752939,0.13869011510110874,0.1665772314568168,1,0.1628580376571836,0.011401811389021592,0.001,3.0,0.003414450251207536,0.9425521095668122,1,0.6498969579003918,,2.384573100018315,
point_strong,c_hgb_early_stop,3000,5153,0.16598467155604124,0.005814110563702132,0.1545892242490512,0.1773801188630313,1,0.1628580376571836,0.011401811389021592,0.0,0.0,0.04134750141359462,0.7129553473210717,1,0.45342475724499093,,4.029324200004339,
point_strong,b_hgb_regularised,3000,5153,0.1690246228122117,0.005367773687054543,0.15850397970842303,0.17954526591600037,1,0.1628580376571836,0.011401811389021592,0.0,0.0,0.03983049100274343,0.9611758178503074,1,0.44242991802341486,,4.442251399974339,
point_strong,a_hgb_default,3000,5154,0.15183636572778275,0.008756197662575273,0.13467453366762142,0.1689981977879441,1,0.1628580376571836,0.011401811389021592,0.0003333333333333333,1.0,0.009615631033126354,0.44548503595740546,0,,CapabilityError,4.6191170999081805,
point_strong,e2_logit_poly2,3000,5155,0.17427040206171834,0.005608772392203146,0.1632774101755176,0.18526339394791907,0,0.1628580376571836,0.011401811389021592,0.0023333333333333335,7.0,0.0025998653092171513,0.9464958333564056,1,0.43557536342650904,,2.4313645999645814,
point_strong,b_hgb_regularised,3000,5154,0.15439291218409545,0.005461019473747832,0.14368951069667782,0.1650963136715131,1,0.1628580376571836,0.011401811389021592,0.0,0.0,0.07689202353486924,1.0067582743722088,1,0.4116256922090543,,4.070921900100075,
point_strong,c_hgb_early_stop,3000,5154,0.1533773022128091,0.006007194445244019,0.14160341745200175,0.16515118697361644,1,0.1628580376571836,0.011401811389021592,0.0,0.0,0.0524322649859297,0.7047412164789816,1,0.4256062870697063,,4.014056400046684,
point_strong,a_hgb_default,3000,5155,0.1706921389199037,0.009819181863922664,0.1514468961089664,0.18993738173084102,1,0.1628580376571836,0.011401811389021592,0.008333333333333333,25.0,0.0008935036843355381,0.45720752626510497,0,,CapabilityError,4.555116100003943,
point_strong,c_hgb_early_stop,3000,5155,0.1733709934229244,0.0058298355502035045,0.16194472570873428,0.1847972611371145,1,0.1628580376571836,0.011401811389021592,0.0,0.0,0.03385339747557287,0.7620256786236187,1,0.46215998761868177,,3.964137400034815,
point_strong,e2_logit_poly2,3000,5156,0.163190744606295,0.006756841356715101,0.14994757889788266,0.17643391031470737,1,0.1628580376571836,0.011401811389021592,0.002,6.0,0.00045306294740455336,0.9344151261827001,1,0.45223868082652313,,2.458351799985394,
point_strong,b_hgb_regularised,3000,5155,0.17419340381302623,0.005368195664436494,0.16367193364876664,0.1847148739772858,0,0.1628580376571836,0.011401811389021592,0.0,0.0,0.024668462909922945,0.9677604971261294,1,0.4404663439421909,,4.339119599899277,
point_strong,a_hgb_default,3000,5156,0.16003433354523733,0.009562142613711312,0.14129287840732746,0.1787757886831472,1,0.1628580376571836,0.011401811389021592,0.0026666666666666666,8.0,0.006063482775349185,0.3880077557146644,0,,CapabilityError,4.7442140999482945,
point_strong,e2_logit_poly2,3000,5157,0.16099697539826446,0.005726866934336005,0.14977252246271258,0.17222142833381635,1,0.1628580376571836,0.011401811389021592,0.003,9.0,0.0005743866363751465,0.9439923136982658,1,0.5171694276609609,,2.4079621999990195,
point_strong,b_hgb_regularised,3000,5156,0.16118532548776887,0.005669649994540061,0.15007301569352263,0.1722976352820151,1,0.1628580376571836,0.011401811389021592,0.0,0.0,0.04082435629883692,0.9065766829832272,1,0.41873903951964536,,4.260611500008963,
point_strong,c_hgb_early_stop,3000,5156,0.1623833876676336,0.006341815537988144,0.14995365761658033,0.17481311771868688,1,0.1628580376571836,0.011401811389021592,0.0,0.0,0.05063753999235295,0.6391644479351366,1,0.4488116495896276,,4.127131599932909,
point_strong,a_hgb_default,3000,5157,0.16231502904048611,0.009720319482711464,0.14326355293614865,0.18136650514482358,1,0.1628580376571836,0.011401811389021592,0.0016666666666666668,5.0,0.007612299713955413,0.4144557989115623,0,,CapabilityError,4.600923900026828,
point_strong,b_hgb_regularised,3000,5157,0.1609965605674456,0.005541309264244771,0.1501357939823277,0.1718573271525635,1,0.1628580376571836,0.011401811389021592,0.0,0.0,0.04035399356428859,0.9610254309753073,1,0.420871743452862,,4.33055690000765,
point_strong,e2_logit_poly2,3000,5158,0.17002193610687,0.0058545851266927525,0.15854716011412834,0.18149671209961166,1,0.1628580376571836,0.011401811389021592,0.002,6.0,0.0018034964323306595,0.9424494968051975,1,0.41066403941822444,,2.356939799967222,
point_strong,c_hgb_early_stop,3000,5157,0.16045964712447774,0.0061157767645173096,0.1484729449285369,0.17244634932041858,1,0.1628580376571836,0.011401811389021592,0.0,0.0,0.028670464883974005,0.700761723077984,1,0.4440773775257819,,3.9857884000521153,
point_strong,a_hgb_default,3000,5158,0.16887390619846732,0.009955432876648568,0.14936161630973013,0.1883861960872045,1,0.1628580376571836,0.011401811389021592,0.006666666666666667,20.0,0.0032422206401336736,0.45263041380878355,0,,CapabilityError,4.861698499997146,
point_strong,b_hgb_regularised,3000,5158,0.1673108188461131,0.005625869318220751,0.15628431760067152,0.17833732009155467,1,0.1628580376571836,0.011401811389021592,0.0,0.0,0.018210184831569377,0.9343264528059845,1,0.42510896462784153,,4.268761100014672,
point_strong,c_hgb_early_stop,3000,5158,0.16773862262576544,0.005961090742560114,0.15605509946177248,0.1794221457897584,1,0.1628580376571836,0.011401811389021592,0.0,0.0,0.0452436613667155,0.710305576561212,1,0.4408253626637583,,3.835973900044337,
point_strong,e2_logit_poly2,3000,5159,0.15240422691804628,0.007413012051048483,0.13787499028102987,0.1669334635550627,1,0.1628580376571836,0.011401811389021592,0.0023333333333333335,7.0,0.0002619707695012152,0.9443363960420733,1,0.43574326939226454,,2.4711617999710143,
point_strong,a_hgb_default,3000,5159,0.1583309444202029,0.009587527401584915,0.13953973601230557,0.17712215282810023,1,0.1628580376571836,0.011401811389021592,0.0026666666666666666,8.0,0.0032317128271488614,0.478430060079397,0,,CapabilityError,4.547502500005066,
point_strong,e2_logit_poly2,3000,5160,0.16396919869482696,0.00567096591787855,0.15285430973823086,0.17508408765142305,1,0.1628580376571836,0.011401811389021592,0.0016666666666666668,5.0,0.0006701202133293398,0.9245287198576864,1,0.413956022039762,,2.5095262998947874,
point_strong,b_hgb_regularised,3000,5159,0.15643157622120557,0.005571164723823017,0.14551229401057242,0.16735085843183872,1,0.1628580376571836,0.011401811389021592,0.0,0.0,0.037269489037163775,1.0218168343366676,1,0.4080458341105113,,4.24143539997749,
point_strong,c_hgb_early_stop,3000,5159,0.15692419283911702,0.006021485869067994,0.14512229740232688,0.16872608827590715,1,0.1628580376571836,0.011401811389021592,0.0,0.0,0.022577802403261713,0.7688812631505436,1,0.4236787902134583,,4.201275400002487,
point_strong,a_hgb_default,3000,5160,0.1626962303157533,0.009070728901524473,0.14491792835523878,0.18047453227626784,1,0.1628580376571836,0.011401811389021592,0.0026666666666666666,8.0,0.007815501108094211,0.3513212209423052,0,,CapabilityError,4.754206199897453,
point_strong,e2_logit_poly2,3000,5161,0.16110764523713855,0.006105011253030243,0.14914204305598752,0.17307324741828958,1,0.1628580376571836,0.011401811389021592,0.0026666666666666666,8.0,0.001437548070615135,0.9376465897941686,1,0.3820508362743898,,2.57061270007398,
point_strong,b_hgb_regularised,3000,5160,0.16423353529796392,0.005368556493542929,0.15371135792165114,0.1747557126742767,1,0.1628580376571836,0.011401811389021592,0.0,0.0,0.03984119696578418,0.9228325540220403,1,0.424016137497857,,4.3988830000162125,
point_strong,c_hgb_early_stop,3000,5160,0.16329459395782547,0.005804261233770034,0.15191845098277418,0.17467073693287677,1,0.1628580376571836,0.011401811389021592,0.0,0.0,0.05004887532264596,0.6174798051148147,1,0.44257526821871246,,4.13085359998513,
point_strong,a_hgb_default,3000,5161,0.15659976542206872,0.009486352191838646,0.13800685678140237,0.17519267406273506,1,0.1628580376571836,0.011401811389021592,0.0023333333333333335,7.0,0.007238764351563859,0.4352756421058091,0,,CapabilityError,4.715403100010008,
point_strong,c_hgb_early_stop,3000,5161,0.16028363108514931,0.006017619678814891,0.14848931324201264,0.17207794892828598,1,0.1628580376571836,0.011401811389021592,0.0,0.0,0.06979363403771606,0.7209433473465588,1,0.42654189013542604,,4.053422800032422,
point_strong,e2_logit_poly2,3000,5162,0.15916475420913517,0.006281377426537632,0.14685348067981852,0.17147602773845183,1,0.1628580376571836,0.011401811389021592,0.0036666666666666666,11.0,0.0007951019815004466,0.9489739596015978,1,0.39570624741736493,,2.397297300049104,
point_strong,b_hgb_regularised,3000,5161,0.16046652176258086,0.0056021857878079265,0.14948643938377518,0.17144660414138654,1,0.1628580376571836,0.011401811389021592,0.0,0.0,0.03547714537538473,0.9459359980536514,1,0.41586837898352697,,4.312629500054754,
point_strong,a_hgb_default,3000,5162,0.16215614489056307,0.013264824399676849,0.13615756680594832,0.18815472297517782,1,0.1628580376571836,0.011401811389021592,0.006333333333333333,19.0,0.001974213791796854,0.4377008874779477,0,,CapabilityError,4.746616699965671,
point_strong,b_hgb_regularised,3000,5162,0.1623942869743339,0.005652521900454491,0.15131554762761917,0.1734730263210486,1,0.1628580376571836,0.011401811389021592,0.0,0.0,0.03320582273758026,0.9729532941026507,1,0.42062819436314025,,4.132686499971896,
point_strong,e2_logit_poly2,3000,5163,0.15924988386418099,0.006123404840115425,0.1472482309147965,0.17125153681356547,1,0.1628580376571836,0.011401811389021592,0.001,3.0,0.006753553932868759,0.9443987034803968,1,0.40637419556944326,,2.446302399970591,
point_strong,c_hgb_early_stop,3000,5162,0.1606986625564551,0.006478800808063569,0.14800044630964151,0.17339687880326868,1,0.1628580376571836,0.011401811389021592,0.0,0.0,0.027423360959397118,0.7164896776744971,1,0.43917381689046875,,3.956702600000426,
point_strong,a_hgb_default,3000,5163,0.16127466367683324,0.009129916397096309,0.1433803563566628,0.17916897099700368,1,0.1628580376571836,0.011401811389021592,0.0023333333333333335,7.0,0.003170704953124706,0.4459884645635282,0,,CapabilityError,4.590157700004056,
point_strong,e2_logit_poly2,3000,5164,0.15387589035663057,0.007820369293216087,0.13854824819612407,0.16920353251713707,1,0.1628580376571836,0.011401811389021592,0.0003333333333333333,1.0,0.009663615739868814,0.9381108702837931,1,0.4156806533825446,,2.5490066000493243,
point_strong,c_hgb_early_stop,3000,5163,0.15928801461023384,0.005684773793061747,0.14814606271557568,0.170429966504892,1,0.1628580376571836,0.011401811389021592,0.0,0.0,0.07251056709745618,0.7863085598445426,1,0.41874436616842187,,4.089604000095278,
point_strong,b_hgb_regularised,3000,5163,0.16050880266571466,0.005515617495268096,0.14969839102249016,0.17131921430893915,1,0.1628580376571836,0.011401811389021592,0.0,0.0,0.01805379202000597,0.9772090757765778,1,0.41120579005550917,,4.38010629999917,
point_strong,a_hgb_default,3000,5164,0.15583096391862178,0.011167090603504924,0.13394386852365647,0.17771805931358708,1,0.1628580376571836,0.011401811389021592,0.002,6.0,0.003911718490594966,0.41810458033313463,0,,CapabilityError,4.674760200083256,
point_strong,e2_logit_poly2,3000,5165,0.1678429825623629,0.0070938352917732355,0.15393932087822818,0.18174664424649764,1,0.1628580376571836,0.011401811389021592,0.004333333333333333,13.0,0.0003245432981459213,0.931850985383281,1,0.6750109989174838,,2.3365614999784157,
point_strong,b_hgb_regularised,3000,5164,0.15588239774199258,0.005736762830624314,0.14463854920612088,0.1671262462778643,1,0.1628580376571836,0.011401811389021592,0.0,0.0,0.04009512761603831,0.9495114416899243,1,0.39704269862931857,,4.250206099939533,
point_strong,c_hgb_early_stop,3000,5164,0.15565452933840074,0.005881209383023615,0.14412757076213542,0.16718148791466605,1,0.1628580376571836,0.011401811389021592,0.0,0.0,0.062131622908231356,0.7819179018851758,1,0.4006570139901752,,3.9637636000989005,
point_strong,a_hgb_default,3000,5165,0.16280639863467944,0.014085100931711435,0.13520010808991348,0.1904126891794454,1,0.1628580376571836,0.011401811389021592,0.0026666666666666666,8.0,0.00179730605946071,0.46967672988855097,0,,CapabilityError,4.771653899922967,
point_strong,b_hgb_regularised,3000,5165,0.16530658100070345,0.005696109267888911,0.15414241198363637,0.17647075001777052,1,0.1628580376571836,0.011401811389021592,0.0,0.0,0.03014790974166394,0.966239843077858,1,0.4318473420108593,,4.1712224000366405,
point_strong,c_hgb_early_stop,3000,5165,0.1629223691392423,0.006244208710925487,0.15068394495387707,0.17516079332460752,1,0.1628580376571836,0.011401811389021592,0.0,0.0,0.06171674180730756,0.7435567826069372,1,0.43881676263910857,,3.937429800047539,
point_strong,e2_logit_poly2,3000,5166,0.16538879033080756,0.006204647114667422,0.15322790544927906,0.17754967521233606,1,0.1628580376571836,0.011401811389021592,0.0016666666666666668,5.0,0.002615278182371335,0.9172272068944008,1,0.40466219574088114,,2.331041399971582,
point_strong,a_hgb_default,3000,5166,0.16501576508301147,0.011873077131010084,0.14174496152056554,0.1882865686454574,1,0.1628580376571836,0.011401811389021592,0.0026666666666666666,8.0,0.0034709478380355813,0.33511270120118364,0,,CapabilityError,4.597646499983966,
point_strong,e2_logit_poly2,3000,5167,0.16760061039796592,0.006463705892342201,0.15493197964231586,0.18026924115361598,1,0.1628580376571836,0.011401811389021592,0.0026666666666666666,8.0,0.001266535604359632,0.9500346473138913,1,0.48731519716902966,,2.4749209999572486,
point_strong,b_hgb_regularised,3000,5166,0.16473719368553758,0.005679317216901765,0.15360593648363186,0.1758684508874433,1,0.1628580376571836,0.011401811389021592,0.0,0.0,0.047886025579368344,0.9278811467555553,1,0.4287988722655359,,4.392975399969146,
point_strong,c_hgb_early_stop,3000,5166,0.1652173451617288,0.006131420814696131,0.15319998119086517,0.17723470913259246,1,0.1628580376571836,0.011401811389021592,0.0,0.0,0.047034432237661836,0.6581078997853007,1,0.44110860397454366,,3.898077499936335,
point_strong,a_hgb_default,3000,5167,0.1640224226343115,0.008447294481691877,0.14746602968339148,0.1805788155852315,1,0.1628580376571836,0.011401811389021592,0.001,3.0,0.007369149331138363,0.45859242279696893,0,,CapabilityError,4.9037460999097675,
point_strong,e2_logit_poly2,3000,5168,0.16202011517049775,0.005597702336921225,0.15104882019395646,0.17299141014703903,1,0.1628580376571836,0.011401811389021592,0.0013333333333333333,4.0,0.008505450092450524,0.9629311407333363,1,0.402841096150018,,2.44245910004247,
point_strong,b_hgb_regularised,3000,5167,0.16553721064498678,0.0057319563130670955,0.15430278271041828,0.17677163857955527,1,0.1628580376571836,0.011401811389021592,0.0,0.0,0.04014262111590037,1.0074811958228562,1,0.4413894963236146,,4.287095599924214,
point_strong,c_hgb_early_stop,3000,5167,0.16137543200059823,0.005859951618523268,0.14989013787714542,0.17286072612405104,1,0.1628580376571836,0.011401811389021592,0.0,0.0,0.05104230160124379,0.6968377265002869,1,0.4447736299609397,,4.06142969999928,
point_strong,a_hgb_default,3000,5168,0.16188228523514314,0.010223625105173943,0.1418443482375627,0.18192022223272358,1,0.1628580376571836,0.011401811389021592,0.002,6.0,0.005957719567838852,0.46090110205467927,0,,CapabilityError,4.620282300049439,
point_strong,e2_logit_poly2,3000,5169,0.16502296716052733,0.005715319637328741,0.15382114651122847,0.1762247878098262,1,0.1628580376571836,0.011401811389021592,0.0023333333333333335,7.0,0.0012775777774778798,0.933250440781551,1,0.41452919542647415,,2.3919591000303626,
point_strong,c_hgb_early_stop,3000,5168,0.1628880075308995,0.005787797167023559,0.15154413353371035,0.17423188152808863,1,0.1628580376571836,0.011401811389021592,0.0,0.0,0.049136953604662206,0.7934963394694003,1,0.43291250237560985,,3.9797477000392973,
point_strong,b_hgb_regularised,3000,5168,0.16304392938501094,0.005412460802714552,0.15243570114395566,0.17365215762606623,1,0.1628580376571836,0.011401811389021592,0.0,0.0,0.03161125898697293,0.9904192349176669,1,0.4260676764225985,,4.381534000043757,
point_strong,a_hgb_default,3000,5169,0.1650364530543656,0.010432371431312117,0.14458938077564926,0.18548352533308193,1,0.1628580376571836,0.011401811389021592,0.0026666666666666666,8.0,0.005292959896685122,0.4055366112099494,0,,CapabilityError,4.721802799962461,
point_strong,c_hgb_early_stop,3000,5169,0.16292467546411205,0.005838889116988842,0.15148066308509103,0.17436868784313306,1,0.1628580376571836,0.011401811389021592,0.0,0.0,0.06301682022663302,0.7050966366240609,1,0.44264900690966164,,3.9012996999081224,
point_strong,e2_logit_poly2,3000,5170,0.16672368562255196,0.005875779589195338,0.15520736924663356,0.17824000199847037,1,0.1628580376571836,0.011401811389021592,0.0016666666666666668,5.0,0.005765216664807854,0.9124325183920947,1,0.4282348771221987,,2.34678719996009,
point_strong,b_hgb_regularised,3000,5169,0.1656235497571905,0.005593017596744856,0.15466143670267182,0.1765856628117092,1,0.1628580376571836,0.011401811389021592,0.0,0.0,0.020871238369619766,0.911283724308704,1,0.4506936760197391,,4.382538100006059,
point_strong,a_hgb_default,3000,5170,0.16180156700787945,0.012162377927135122,0.1379637443043297,0.1856393897114292,1,0.1628580376571836,0.011401811389021592,0.002,6.0,0.006217542563648984,0.42391143589089175,0,,CapabilityError,4.944046700024046,
point_strong,e2_logit_poly2,3000,5171,0.16458571273888933,0.006517435146868833,0.15181177457945091,0.17735965089832775,1,0.1628580376571836,0.011401811389021592,0.0023333333333333335,7.0,0.0021260708327999435,0.9401407419230465,1,0.4592780022761085,,2.493321800022386,
point_strong,c_hgb_early_stop,3000,5170,0.16643389596946317,0.005993005850106159,0.15468782034411727,0.17817997159480908,1,0.1628580376571836,0.011401811389021592,0.0,0.0,0.03906636147043299,0.6454930396559421,1,0.43710610281548457,,4.050377600011416,
point_strong,b_hgb_regularised,3000,5170,0.16399872926369474,0.005524595347479384,0.1531707213534776,0.1748267371739119,1,0.1628580376571836,0.011401811389021592,0.0,0.0,0.053211496274861,0.9728728654925223,1,0.4189505188168942,,4.258727200096473,
point_strong,a_hgb_default,3000,5171,0.16414906970635262,0.011525708215180988,0.14155909670828046,0.1867390427044248,1,0.1628580376571836,0.011401811389021592,0.0006666666666666666,2.0,0.010137791926137566,0.40958181054854614,0,,CapabilityError,4.687559600104578,
point_strong,e2_logit_poly2,3000,5172,0.16092257689082717,0.006242498290373006,0.1486875050681432,0.17315764871351114,1,0.1628580376571836,0.011401811389021592,0.0016666666666666668,5.0,0.0006725617194047602,0.9282471953249867,1,0.5202082251048357,,2.485198999987915,
point_strong,b_hgb_regularised,3000,5171,0.16527564257291433,0.0057489265538442184,0.15400795357761368,0.17654333156821497,1,0.1628580376571836,0.011401811389021592,0.0,0.0,0.043261144034279615,0.970985076142633,1,0.4305083365154069,,4.334486699895933,
point_strong,c_hgb_early_stop,3000,5171,0.16845860406385854,0.005952177683049846,0.15679255017549779,0.1801246579522193,1,0.1628580376571836,0.011401811389021592,0.0,0.0,0.07717217078493802,0.737052704280472,1,0.43855990002411677,,3.9934773000422865,
point_strong,a_hgb_default,3000,5172,0.16119428506071737,0.014972391267739341,0.13184893741350626,0.19053963270792848,1,0.1628580376571836,0.011401811389021592,0.0026666666666666666,8.0,0.004116558460328043,0.39517228048579833,0,,CapabilityError,4.507619499927387,
point_strong,b_hgb_regularised,3000,5172,0.16463271497992293,0.005987927402437982,0.152896592929104,0.17636883703074185,1,0.1628580376571836,0.011401811389021592,0.0,0.0,0.03142155131861954,0.9401861876421106,1,0.44149882670459867,,4.361312799970619,
point_strong,c_hgb_early_stop,3000,5172,0.1612123528267677,0.005848490754293555,0.14974952158443686,0.17267518406909857,1,0.1628580376571836,0.011401811389021592,0.0,0.0,0.056787819336137975,0.7458939882068144,1,0.439588787927388,,4.069137200014666,
point_strong,e2_logit_poly2,3000,5173,0.1636280019284282,0.006031352806664291,0.1518067676493116,0.17544923620754477,1,0.1628580376571836,0.011401811389021592,0.0,0.0,0.013566592088742994,0.9418625657026075,1,0.4511180251680408,,2.372555400012061,
point_strong,a_hgb_default,3000,5173,0.16150599766710494,0.008764050147080095,0.14432877502012498,0.1786832203140849,1,0.1628580376571836,0.011401811389021592,0.0013333333333333333,4.0,0.0039024129999650115,0.41763614890058764,0,,CapabilityError,4.721479500061832,
point_strong,e2_logit_poly2,3000,5174,0.1610486776878069,0.006087898672586046,0.14911661554800903,0.17298073982760476,1,0.1628580376571836,0.011401811389021592,0.001,3.0,0.005741539813529735,0.9303980598294201,1,0.4358046084607314,,2.337929799919948,
point_strong,c_hgb_early_stop,3000,5173,0.1618342973955929,0.005859407385564678,0.15035006994913813,0.17331852484204768,1,0.1628580376571836,0.011401811389021592,0.0,0.0,0.04044553025545636,0.6972303780139734,1,0.4427313944760445,,4.100948999985121,
point_strong,b_hgb_regularised,3000,5173,0.164248839440505,0.005319601983179504,0.15382261114138532,0.17467506773962468,1,0.1628580376571836,0.011401811389021592,0.0,0.0,0.05336504159847888,0.9973257912115384,1,0.43351799313217537,,4.298915599938482,
point_strong,a_hgb_default,3000,5174,0.16093245840148102,0.010819970127003585,0.13972570663875472,0.1821392101642073,1,0.1628580376571836,0.011401811389021592,0.0016666666666666668,5.0,0.004659017688594083,0.443533413118393,0,,CapabilityError,4.819113000063226,
point_strong,b_hgb_regularised,3000,5174,0.15998289039431818,0.00560311756177488,0.14900098177209553,0.17096479901654082,1,0.1628580376571836,0.011401811389021592,0.0,0.0,0.06501396152242249,0.9544766631261832,1,0.4164381228866212,,4.317272099899128,
point_strong,c_hgb_early_stop,3000,5174,0.1612705368686923,0.005971474883447253,0.14956666116255019,0.17297441257483442,1,0.1628580376571836,0.011401811389021592,0.0,0.0,0.08322237564426768,0.7818715009357695,1,0.4290622457108829,,4.052781300037168,
point_strong,e2_logit_poly2,3000,5175,0.15024125645773112,0.0060842023054590395,0.13831643906437585,0.1621660738510864,0,0.1628580376571836,0.011401811389021592,0.0013333333333333333,4.0,0.0035059176444504946,0.9424941504218722,1,0.49284017101068106,,2.5108586999122053,
point_strong,a_hgb_default,3000,5175,0.15112164492080848,0.010683160252243203,0.13018303558534197,0.172060254256275,1,0.1628580376571836,0.011401811389021592,0.0026666666666666666,8.0,0.005956923387585137,0.3921181575090042,0,,CapabilityError,4.67702930001542,
point_strong,b_hgb_regularised,3000,5175,0.1522801234203774,0.0055540457454210995,0.1413943937908641,0.16316585304989067,1,0.1628580376571836,0.011401811389021592,0.0,0.0,0.035802450697345986,0.970892187556056,1,0.4020726394431786,,4.294984999927692,
point_strong,e2_logit_poly2,3000,5176,0.1644681625120838,0.006434081440182464,0.15185759461572856,0.17707873040843902,1,0.1628580376571836,0.011401811389021592,0.0033333333333333335,10.0,0.00026108739069008533,0.9405053112233271,1,0.4297023970260235,,2.4424157000612468,
point_strong,c_hgb_early_stop,3000,5175,0.15433389229161265,0.006196262739692407,0.14218944048306806,0.16647834410015724,1,0.1628580376571836,0.011401811389021592,0.0,0.0,0.04102232578840745,0.712622711587725,1,0.4165723906033899,,4.041518799960613,
point_strong,a_hgb_default,3000,5176,0.16891894153760695,0.0107972338800527,0.14775675200004798,0.19008113107516592,1,0.1628580376571836,0.011401811389021592,0.003,9.0,0.00620649710994188,0.44870301788984546,0,,CapabilityError,4.692521899938583,
point_strong,b_hgb_regularised,3000,5176,0.16874636557513972,0.005264271184939529,0.15842858364780626,0.17906414750247318,1,0.1628580376571836,0.011401811389021592,0.0,0.0,0.03959042651599636,0.9966787488537155,1,0.44710088155114447,,4.236678699962795,
point_strong,c_hgb_early_stop,3000,5176,0.1691851550209249,0.0060336670416013165,0.15735938492468,0.18101092511716982,1,0.1628580376571836,0.011401811389021592,0.0,0.0,0.036425582601053476,0.6521319327960268,1,0.46443853853092154,,3.899587700027041,
point_strong,e2_logit_poly2,3000,5177,0.15809781897177166,0.005833269648340041,0.14666482054891455,0.16953081739462877,1,0.1628580376571836,0.011401811389021592,0.0006666666666666666,2.0,0.003574089868962872,0.9406418802759015,1,0.40068264024220773,,2.406213599955663,
point_strong,a_hgb_default,3000,5177,0.15559968660356266,0.010570734216027102,0.1348814282500043,0.17631794495712103,1,0.1628580376571836,0.011401811389021592,0.0006666666666666666,2.0,0.004030656152328132,0.42023612426117124,0,,CapabilityError,4.646071400027722,
point_strong,e2_logit_poly2,3000,5178,0.1667959222630439,0.005702050745355983,0.15562010816412641,0.1779717363619614,1,0.1628580376571836,0.011401811389021592,0.0016666666666666668,5.0,0.004861403987128707,0.9334743036588004,1,0.4093101075788656,,2.4956719999900088,
point_strong,c_hgb_early_stop,3000,5177,0.15897331784879593,0.005858089182375139,0.14749167403311697,0.17045496166447488,1,0.1628580376571836,0.011401811389021592,0.0,0.0,0.0732141779372521,0.6951052044434,1,0.42300629100443393,,4.102286000037566,
point_strong,b_hgb_regularised,3000,5177,0.1578673885723747,0.005525647970066392,0.1470373175597977,0.1686974595849517,1,0.1628580376571836,0.011401811389021592,0.0,0.0,0.04056965285143352,0.9531820351493281,1,0.41114775535461057,,4.31696920003742,
point_strong,a_hgb_default,3000,5178,0.16823484879775835,0.008972727017595716,0.15064862700016127,0.18582107059535544,1,0.1628580376571836,0.011401811389021592,0.0036666666666666666,11.0,0.003963158116266416,0.4675200622218746,1,0.539792335278255,,4.8245146999834105,
point_strong,b_hgb_regularised,3000,5178,0.16687585730253607,0.005460609054660271,0.15617326022174863,0.1775784543833235,1,0.1628580376571836,0.011401811389021592,0.0,0.0,0.0436559605605745,1.0454038485062014,1,0.4240776297396691,,4.290247899945825,
point_strong,e2_logit_poly2,3000,5179,0.16056839814581708,0.007737045807185739,0.1454040670169964,0.17573272927463776,1,0.1628580376571836,0.011401811389021592,0.0006666666666666666,2.0,0.00129674230472834,0.9377145252318314,1,0.41854314449870744,,2.5404296999331564,
point_strong,c_hgb_early_stop,3000,5178,0.1657887898335444,0.005907371908463239,0.1542105536496728,0.177367026017416,1,0.1628580376571836,0.011401811389021592,0.0,0.0,0.044076351367685354,0.7279079457087558,1,0.43628001127571725,,3.887367199989967,
point_strong,a_hgb_default,3000,5179,0.1620438826292961,0.015256289904455043,0.1321421038788622,0.19194566137973,1,0.1628580376571836,0.011401811389021592,0.005333333333333333,16.0,0.003382625749766588,0.40279484928665743,0,,CapabilityError,4.705897499923594,
point_strong,b_hgb_regularised,3000,5179,0.1624880020880063,0.00605038375520657,0.1506294678351552,0.17434653634085737,1,0.1628580376571836,0.011401811389021592,0.0,0.0,0.03594734283357541,0.9579024891947072,1,0.4272754956559818,,4.295395899913274,
point_strong,c_hgb_early_stop,3000,5179,0.16101222278807575,0.006318215727806573,0.14862874751502034,0.17339569806113117,1,0.1628580376571836,0.011401811389021592,0.0,0.0,0.06585413922271166,0.7519417122209701,1,0.43296081685661636,,4.004759900039062,
point_strong,e2_logit_poly2,3000,5180,0.16564522349910588,0.00582688305073987,0.15422474257752886,0.1770657044206829,1,0.1628580376571836,0.011401811389021592,0.001,3.0,0.001190673591094959,0.9407580450080807,1,0.4436219929682555,,2.5268473000032827,
point_strong,a_hgb_default,3000,5180,0.16679893933571205,0.00892604119474652,0.149304220069488,0.1842936586019361,1,0.1628580376571836,0.011401811389021592,0.0013333333333333333,4.0,0.004665498988383261,0.4283878201784095,0,,CapabilityError,4.5563411000184715,
point_strong,e2_logit_poly2,3000,5181,0.16419377404128288,0.005997606332553411,0.15243868163602883,0.17594886644653693,1,0.1628580376571836,0.011401811389021592,0.0013333333333333333,4.0,0.0057914907276151945,0.9499360944135107,1,0.38687414015227256,,2.5116565000498667,
point_strong,b_hgb_regularised,3000,5180,0.16514614310155556,0.0056048256115036965,0.15416088676338063,0.1761313994397305,1,0.1628580376571836,0.011401811389021592,0.0,0.0,0.03524093989174778,0.9282670068440216,1,0.43307064123802924,,4.319066499941982,
point_strong,c_hgb_early_stop,3000,5180,0.16360631742757137,0.005838037061709847,0.15216397504621001,0.17504865980893272,1,0.1628580376571836,0.011401811389021592,0.0,0.0,0.043225473139403336,0.7431687475708457,1,0.44278501094762207,,3.9528174999868497,
point_strong,a_hgb_default,3000,5181,0.16275532956006483,0.009339790927743693,0.14444967571855324,0.18106098340157642,1,0.1628580376571836,0.011401811389021592,0.0033333333333333335,10.0,0.00521709485719774,0.43728327285116825,1,0.6709921248731151,,4.762107199989259,
point_strong,e2_logit_poly2,3000,5182,0.1502469072697007,0.006014999174676756,0.1384577255202961,0.1620360890191053,0,0.1628580376571836,0.011401811389021592,0.001,3.0,0.005533135058458532,0.9399059365649183,1,0.3828281714952689,,2.4604318999918178,
point_strong,c_hgb_early_stop,3000,5181,0.16138209326860603,0.006332644529854443,0.14897033806319673,0.17379384847401533,1,0.1628580376571836,0.011401811389021592,0.0,0.0,0.04779102682289172,0.676413059312906,1,0.4243866851503792,,4.009614399983548,
point_strong,b_hgb_regularised,3000,5181,0.1620907493825111,0.005646402204876743,0.15102400441872516,0.17315749434629707,1,0.1628580376571836,0.011401811389021592,0.0,0.0,0.05044622171343251,0.9707469731010335,1,0.41352049415050185,,4.31585259991698,
point_strong,a_hgb_default,3000,5182,0.15090697646151885,0.00994043239765326,0.13142408697136332,0.17038986595167438,1,0.1628580376571836,0.011401811389021592,0.0013333333333333333,4.0,0.0050021262566317705,0.4452871375039007,0,,CapabilityError,4.710099400021136,
point_strong,b_hgb_regularised,3000,5182,0.151839749263885,0.005462382352040582,0.14113367658409826,0.16254582194367173,0,0.1628580376571836,0.011401811389021592,0.0,0.0,0.038354633618086234,0.9740129127592474,1,0.40322881293664353,,4.2491262999828905,
point_strong,c_hgb_early_stop,3000,5182,0.1527041205201209,0.006229011021038686,0.140495483259582,0.16491275778065978,1,0.1628580376571836,0.011401811389021592,0.0,0.0,0.029730330556117974,0.6907703975795282,1,0.41910011677334785,,4.043162000016309,
point_strong,e2_logit_poly2,3000,5183,0.15844597294199098,0.005930314590601536,0.14682276992741958,0.17006917595656237,1,0.1628580376571836,0.011401811389021592,0.0013333333333333333,4.0,0.0019887670889573755,0.9483091151496571,1,0.3898250224097919,,2.5537214999785647,
point_strong,b_hgb_regularised,3000,5183,0.1571183325347546,0.005833227904969146,0.14568541592740103,0.16855124914210817,1,0.1628580376571836,0.011401811389021592,0.0,0.0,0.031796047894685917,0.9730592809242988,1,0.40673564167009785,,4.0622011999366805,
point_strong,a_hgb_default,3000,5183,0.1582643380826137,0.01217596334453202,0.13439988845025108,0.18212878771497631,1,0.1628580376571836,0.011401811389021592,0.0026666666666666666,8.0,0.004631499333532587,0.41185422273867145,0,,CapabilityError,4.66372599999886,
point_strong,c_hgb_early_stop,3000,5183,0.15676969450567146,0.005925515674743497,0.14515589719334665,0.16838349181799628,1,0.1628580376571836,0.011401811389021592,0.0,0.0,0.06451234955099246,0.7988272418183097,1,0.4099364207100686,,3.814967899932526,
point_strong,e2_logit_poly2,3000,5184,0.1674660779484763,0.005488155329096366,0.15670949116188584,0.17822266473506673,1,0.1628580376571836,0.011401811389021592,0.0016666666666666668,5.0,0.005074791205472653,0.958900887960413,1,0.40768094021885637,,2.4910210999660194,
point_strong,a_hgb_default,3000,5184,0.16614626187477644,0.008526560755645448,0.14943450988171872,0.18285801386783415,1,0.1628580376571836,0.011401811389021592,0.0033333333333333335,10.0,0.004452367846678266,0.43646475437778853,0,,CapabilityError,4.690317199914716,
point_strong,e2_logit_poly2,3000,5185,0.15477917352315834,0.005933954408011268,0.14314883659755356,0.16640951044876312,1,0.1628580376571836,0.011401811389021592,0.002,6.0,0.0010749110235575027,0.9382786511823851,1,0.3773310708006791,,2.4570342000806704,
point_strong,b_hgb_regularised,3000,5184,0.16738701929571453,0.00539526296414394,0.1568124981988696,0.17796154039255946,1,0.1628580376571836,0.011401811389021592,0.0,0.0,0.03066680285033599,0.9532138814377257,1,0.4344716217258575,,4.185376200010069,
point_strong,c_hgb_early_stop,3000,5184,0.16720667333140243,0.005790917693158137,0.1558566832153767,0.17855666344742815,1,0.1628580376571836,0.011401811389021592,0.0,0.0,0.04992868994660968,0.7055785876463122,1,0.44171451503822584,,4.157880999962799,
point_strong,a_hgb_default,3000,5185,0.15866718287183273,0.015377807872149556,0.12852723328124308,0.1888071324624224,1,0.1628580376571836,0.011401811389021592,0.004,12.0,0.0019882444580782963,0.42313974465812143,0,,CapabilityError,4.8688288000412285,
point_strong,e2_logit_poly2,3000,5186,0.16003442849670857,0.005556729076597589,0.14914343963473078,0.17092541735868635,1,0.1628580376571836,0.011401811389021592,0.0003333333333333333,1.0,0.0048371466982623235,0.940965888183506,1,0.41025085730835714,,2.4077754000900313,
point_strong,b_hgb_regularised,3000,5185,0.1554667065062449,0.005817025073220749,0.14406554686556575,0.16686786614692403,1,0.1628580376571836,0.011401811389021592,0.0,0.0,0.04449954619240854,0.9735708726509646,1,0.4006076568819212,,4.216247899923474,
point_strong,c_hgb_early_stop,3000,5185,0.1551248075174647,0.006060105312081406,0.1432472193632653,0.16700239567166414,1,0.1628580376571836,0.011401811389021592,0.0,0.0,0.04647962946159921,0.6903977860156655,1,0.4146521240736875,,3.9940718999132514,
point_strong,a_hgb_default,3000,5186,0.16097144720147766,0.008521777248579684,0.14426907070998865,0.17767382369296666,1,0.1628580376571836,0.011401811389021592,0.001,3.0,0.0032064804118374333,0.3786988980856106,1,0.8751979449411924,,4.66154560004361,
point_strong,c_hgb_early_stop,3000,5186,0.1615822114671231,0.00564510150410536,0.1505180158300037,0.17264640710424248,1,0.1628580376571836,0.011401811389021592,0.0,0.0,0.08388587796546196,0.7046448870877764,1,0.4286624483422456,,4.023055199999362,
point_strong,b_hgb_regularised,3000,5186,0.16229319716834767,0.005523424745713278,0.15146748359543233,0.173118910741263,1,0.1628580376571836,0.011401811389021592,0.0,0.0,0.05203746107492685,0.8962818782510029,1,0.4265550405551792,,4.235578599967994,
point_strong,e2_logit_poly2,3000,5187,0.15602474855639104,0.006263418466394846,0.14374867394215404,0.16830082317062803,1,0.1628580376571836,0.011401811389021592,0.002,6.0,6.938023921810948e-05,0.9329624157578088,1,0.5979720585051121,,2.4247331999940798,
point_strong,a_hgb_default,3000,5187,0.14866940062400386,0.011569648800819213,0.12599330566062117,0.17134549558738654,1,0.1628580376571836,0.011401811389021592,0.008333333333333333,25.0,0.0017459756687012809,0.46925650701270066,0,,CapabilityError,4.843994399998337,
point_strong,e2_logit_poly2,3000,5188,0.14523701278758383,0.006498017946560008,0.1325011316414313,0.15797289393373637,0,0.1628580376571836,0.011401811389021592,0.002,6.0,0.0036900983373225546,0.9335267314659185,1,0.3726509941654322,,2.5615469000767916,
point_strong,b_hgb_regularised,3000,5187,0.15427852353792754,0.005576733449691756,0.1433483268251519,0.16520872025070318,1,0.1628580376571836,0.011401811389021592,0.0,0.0,0.015061242593857969,0.9860753311439823,1,0.43171864670782717,,4.342447099974379,
point_strong,c_hgb_early_stop,3000,5187,0.15374109686272214,0.006250713365932302,0.1414899237878117,0.16599226993763258,1,0.1628580376571836,0.011401811389021592,0.0,0.0,0.022876173128446625,0.6928913866334641,1,0.413999977802862,,4.087010100018233,
point_strong,a_hgb_default,3000,5188,0.14885640916287446,0.012744820501053493,0.12387701999138188,0.17383579833436702,1,0.1628580376571836,0.011401811389021592,0.0023333333333333335,7.0,0.006150635457151384,0.4344214751857372,0,,CapabilityError,4.760497199953534,
point_strong,e2_logit_poly2,3000,5189,0.15604706301833637,0.006361961937305418,0.14357784675020308,0.16851627928646967,1,0.1628580376571836,0.011401811389021592,0.0013333333333333333,4.0,0.005274735545358282,0.9523571241158955,1,0.5156162447157073,,2.4823513999581337,
point_strong,c_hgb_early_stop,3000,5188,0.14619258903546417,0.0065032088919035926,0.1334465338233925,0.15893864424753584,0,0.1628580376571836,0.011401811389021592,0.0,0.0,0.05693940326034183,0.7013770653203782,1,0.40022092359424133,,4.132058499963023,
point_strong,b_hgb_regularised,3000,5188,0.14893809276348446,0.0057937068042670774,0.13758263609013635,0.16029354943683258,0,0.1628580376571836,0.011401811389021592,0.0,0.0,0.028876838753079503,0.9557568837981855,1,0.3901944216412231,,4.3560728000011295,
point_strong,a_hgb_default,3000,5189,0.1557478778177051,0.010295173476859503,0.13556970858846848,0.17592604704694173,1,0.1628580376571836,0.011401811389021592,0.0013333333333333333,4.0,0.007510469874605473,0.39394312355933697,0,,CapabilityError,4.852426500059664,
point_strong,c_hgb_early_stop,3000,5189,0.15885898418098132,0.005828373859754796,0.1474355813274272,0.17028238703453544,1,0.1628580376571836,0.011401811389021592,0.0,0.0,0.06708246443670351,0.7154984671294597,1,0.43322277029004597,,3.9564255999866873,
point_strong,e2_logit_poly2,3000,5190,0.15371712081175237,0.007113040288340201,0.13977581802602318,0.16765842359748157,1,0.1628580376571836,0.011401811389021592,0.0013333333333333333,4.0,0.004806049224122312,0.9385079594798741,1,0.44207557620553367,,2.286728300037794,
point_strong,b_hgb_regularised,3000,5189,0.15816225930609973,0.005550025387365636,0.14728440943358012,0.16904010917861934,1,0.1628580376571836,0.011401811389021592,0.0,0.0,0.03492121121712968,0.9387717616840008,1,0.4276452061454042,,4.3231469000456855,
point_strong,a_hgb_default,3000,5190,0.15761882428577606,0.010622801076560023,0.1367985167607851,0.178439131810767,1,0.1628580376571836,0.011401811389021592,0.0023333333333333335,7.0,0.0023364456474764396,0.43857901010962064,0,,CapabilityError,4.888723099953495,
point_strong,e2_logit_poly2,3000,5191,0.161108445385983,0.006197824939759892,0.1489609317215695,0.17325595905039654,1,0.1628580376571836,0.011401811389021592,0.0003333333333333333,1.0,0.004958061667951463,0.9410924816744568,1,0.5564439591764374,,2.415535100037232,
point_strong,b_hgb_regularised,3000,5190,0.15520618217126952,0.005934375242121843,0.14357502042596454,0.1668373439165745,1,0.1628580376571836,0.011401811389021592,0.0,0.0,0.05896238685117762,0.9989134704434468,1,0.39515796966321176,,4.198697500047274,
point_strong,c_hgb_early_stop,3000,5190,0.1549203760643914,0.0064839682455031635,0.14221203182630385,0.16762872030247897,1,0.1628580376571836,0.011401811389021592,0.0,0.0,0.058814983976825226,0.7475530294254988,1,0.4060624663139231,,3.9275882000802085,
point_strong,a_hgb_default,3000,5191,0.1612854488989539,0.009882963588511004,0.1419151962049516,0.1806557015929562,1,0.1628580376571836,0.011401811389021592,0.005333333333333333,16.0,0.001830497074533048,0.45017974102044434,1,0.8283612147620661,,4.575218399986625,
point_strong,e2_logit_poly2,3000,5192,0.16467937271173105,0.0056464071733296995,0.15361261800995624,0.17574612741350587,1,0.1628580376571836,0.011401811389021592,0.0026666666666666666,8.0,0.003050167240796842,0.9332741004452981,1,0.40184652803608933,,2.376309300074354,
point_strong,c_hgb_early_stop,3000,5191,0.15929237376725697,0.00621690644929979,0.1471074610313746,0.17147728650313934,1,0.1628580376571836,0.011401811389021592,0.0,0.0,0.03803773692237491,0.755711331855177,1,0.4145996183063924,,4.000990399974398,
point_strong,b_hgb_regularised,3000,5191,0.15990935541510132,0.00571165729181066,0.14871471283111684,0.1711039979990858,1,0.1628580376571836,0.011401811389021592,0.0,0.0,0.03635161802375486,1.0151135516864793,1,0.40250066912323085,,4.18358149996493,
point_strong,a_hgb_default,3000,5192,0.1630031185927352,0.012488155177243805,0.1385267842119899,0.18747945297348048,1,0.1628580376571836,0.011401811389021592,0.008,24.0,0.0029195612233327904,0.42972311771358135,0,,CapabilityError,4.639660799992271,
point_strong,e2_logit_poly2,3000,5193,0.16547059358428778,0.005880891645043486,0.15394425776302004,0.17699692940555553,1,0.1628580376571836,0.011401811389021592,0.0003333333333333333,1.0,0.0002871458986499847,0.9325463435398818,1,0.4110754738221982,,2.445914199925028,
point_strong,c_hgb_early_stop,3000,5192,0.16541439999907492,0.005804356260417621,0.1540380707752168,0.17679072922293304,1,0.1628580376571836,0.011401811389021592,0.0,0.0,0.03414615764586319,0.6821637227008076,1,0.44304003813073173,,3.9862068000948057,
point_strong,b_hgb_regularised,3000,5192,0.16730691030373407,0.005346731926346929,0.15682750829310363,0.1777863123143645,1,0.1628580376571836,0.011401811389021592,0.0,0.0,0.017696277649840417,1.0210035871494871,1,0.42606218293945985,,4.349007699987851,
point_strong,a_hgb_default,3000,5193,0.1610404237037784,0.009114415534453225,0.14317649751611772,0.1789043498914391,1,0.1628580376571836,0.011401811389021592,0.002,6.0,0.0038524144326726535,0.4214055252790079,0,,CapabilityError,4.654073600075208,
point_strong,e2_logit_poly2,3000,5194,0.17346663433942172,0.0059063355172049815,0.16189042944509022,0.18504283923375323,1,0.1628580376571836,0.011401811389021592,0.0003333333333333333,1.0,0.006226476517004218,0.9580439961705591,1,0.4487616188999353,,2.5545358000090346,
point_strong,c_hgb_early_stop,3000,5193,0.1630190690180061,0.005755553127719719,0.1517383921765686,0.17429974585944363,1,0.1628580376571836,0.011401811389021592,0.0,0.0,0.07685301368684168,0.7424704875486796,1,0.4226436483965531,,4.034691900014877,
point_strong,b_hgb_regularised,3000,5193,0.1635002658435898,0.00558897592868,0.1525460743129157,0.17445445737426388,1,0.1628580376571836,0.011401811389021592,0.0,0.0,0.054994223114470095,0.9569732100101912,1,0.41835257906339623,,4.306327099911869,
point_strong,a_hgb_default,3000,5194,0.17278845312098662,0.009954105922208878,0.15327876401516036,0.19229814222681288,1,0.1628580376571836,0.011401811389021592,0.0,0.0,0.012495208655335219,0.48206018229513237,0,,CapabilityError,4.748089600005187,
point_strong,e2_logit_poly2,3000,5195,0.17282521412848117,0.005896758116390417,0.1612677805948117,0.18438264766215065,1,0.1628580376571836,0.011401811389021592,0.0006666666666666666,2.0,0.010260394888517202,0.933562851991421,1,0.45583702304539814,,2.5649975000414997,
point_strong,b_hgb_regularised,3000,5194,0.1738514944761354,0.005481935137452944,0.163107099041143,0.1845958899111278,0,0.1628580376571836,0.011401811389021592,0.0,0.0,0.03948917359899152,0.9635533502526642,1,0.4519016815974952,,4.358431200031191,
point_strong,c_hgb_early_stop,3000,5194,0.17452931417213513,0.00613292022429563,0.16250901141245838,0.18654961693181188,1,0.1628580376571836,0.011401811389021592,0.0,0.0,0.05422744742857846,0.740522193993048,1,0.46528335445666924,,4.11483610002324,
point_strong,a_hgb_default,3000,5195,0.1742584475952788,0.008060647190062354,0.1584598694106726,0.190057025779885,1,0.1628580376571836,0.011401811389021592,0.0006666666666666666,2.0,0.009436305766741107,0.43703776081334694,0,,CapabilityError,4.765433399938047,
point_strong,b_hgb_regularised,3000,5195,0.17223718542656546,0.005301354117105702,0.16184672228774516,0.18262764856538577,1,0.1628580376571836,0.011401811389021592,0.0,0.0,0.04172150766411466,0.942824158066847,1,0.45751461554835693,,4.18493510002736,
point_strong,e2_logit_poly2,3000,5196,0.16681444157519765,0.005787049862842002,0.15547203226728987,0.17815685088310543,1,0.1628580376571836,0.011401811389021592,0.0026666666666666666,8.0,0.0005128280035815889,0.9474892783128133,1,0.4109651796182686,,2.411522199981846,
point_strong,c_hgb_early_stop,3000,5195,0.17186961908553844,0.00569609542827621,0.1607054771936138,0.18303376097746307,1,0.1628580376571836,0.011401811389021592,0.0,0.0,0.06259036539337631,0.692214115811561,1,0.4671130433201515,,4.174207500065677,
point_strong,a_hgb_default,3000,5196,0.1635611100051454,0.011227809601792265,0.14155500756035955,0.18556721244993124,1,0.1628580376571836,0.011401811389021592,0.0026666666666666666,8.0,0.00437062959911653,0.40343756546890724,0,,CapabilityError,4.781763500068337,
point_strong,b_hgb_regularised,3000,5196,0.1642528237923812,0.0054421887296172014,0.1535863298852617,0.17491931769950073,1,0.1628580376571836,0.011401811389021592,0.0,0.0,0.0386884396903913,0.9907861766962553,1,0.42424776634297157,,4.212979199946858,
point_strong,e2_logit_poly2,3000,5197,0.15826783987832138,0.00589457703046711,0.14671468119450878,0.16982099856213398,1,0.1628580376571836,0.011401811389021592,0.0016666666666666668,5.0,0.002039704806554682,0.9413933628989432,1,0.43208129494104186,,2.615213799988851,
point_strong,c_hgb_early_stop,3000,5196,0.16555874424696743,0.005630884126464968,0.1545224141579778,0.17659507433595706,1,0.1628580376571836,0.011401811389021592,0.0,0.0,0.060108169763613176,0.7873508202326586,1,0.4328659511095596,,4.1144711000379175,
point_strong,a_hgb_default,3000,5197,0.1603993252260159,0.007731122346667274,0.14524660386647525,0.17555204658555656,1,0.1628580376571836,0.011401811389021592,0.0036666666666666666,11.0,0.0037282930322869038,0.44572730325019355,1,0.6070120657810658,,4.743269699974917,
point_strong,e2_logit_poly2,3000,5198,0.1603539813848503,0.0057554587403431294,0.1490734895392715,0.1716344732304291,1,0.1628580376571836,0.011401811389021592,0.0016666666666666668,5.0,0.0009035484989215312,0.9253004071666142,1,0.3947378464451899,,2.454418099950999,
point_strong,c_hgb_early_stop,3000,5197,0.159905173000375,0.0055220926771510845,0.1490820702338665,0.17072827576688349,1,0.1628580376571836,0.011401811389021592,0.0,0.0,0.05025075100330991,0.7294403591567293,1,0.4278351368142675,,3.9974189000204206,
point_strong,b_hgb_regularised,3000,5197,0.1581707174975452,0.0053065950585359355,0.14776998230227653,0.16857145269281384,1,0.1628580376571836,0.011401811389021592,0.0,0.0,0.025924474373010625,1.0157338299100762,1,0.43264322601724625,,4.338771000038832,
point_strong,a_hgb_default,3000,5198,0.15866902303859637,0.009754054492059886,0.13955142753091787,0.17778661854627487,1,0.1628580376571836,0.011401811389021592,0.003,9.0,0.0017357945317380765,0.4684233511950153,0,,CapabilityError,4.53270799992606,
point_strong,c_hgb_early_stop,3000,5198,0.15883125681860494,0.005907476009761515,0.14725281659993797,0.1704096970372719,1,0.1628580376571836,0.011401811389021592,0.0,0.0,0.03897963258922023,0.720216503912176,1,0.4344400799791044,,3.553372000111267,
point_strong,b_hgb_regularised,3000,5198,0.1605375683600775,0.005446544169187449,0.14986253794826346,0.17121259877189152,1,0.1628580376571836,0.011401811389021592,0.0,0.0,0.037042755976113735,0.9856761299650223,1,0.4175985239367011,,4.025484700105153,
point_strong,e2_logit_poly2,3000,5199,0.15515202753027874,0.00690216129953155,0.14162403996771072,0.16868001509284675,1,0.1628580376571836,0.011401811389021592,0.003,9.0,0.0018699190114780738,0.9402703435819371,1,0.5153946114573273,,2.1309055000310764,
point_strong,a_hgb_default,3000,5199,0.15375611988300425,0.009504455737193683,0.13512772894544955,0.17238451082055894,1,0.1628580376571836,0.011401811389021592,0.004333333333333333,13.0,0.00398773696542155,0.4716949002589184,0,,CapabilityError,3.945458900067024,
point_strong,c_hgb_early_stop,3000,5199,0.1555307552257275,0.006499198759439867,0.142792559728858,0.16826895072259704,1,0.1628580376571836,0.011401811389021592,0.0,0.0,0.0316829860973255,0.6535166540923485,1,0.4481423166085496,,3.031343500013463,
point_strong,b_hgb_regularised,3000,5199,0.1556030511032277,0.005503510759129069,0.14481636822680602,0.16638973397964937,1,0.1628580376571836,0.011401811389021592,0.0,0.0,0.02320034759403693,0.986544264979977,1,0.4148284136018328,,3.3109863001154736,
