seed,full_psi,full_se,full_covers,cc_psi,cc_se,cc_covers_truth,cc_covers_sample_target,cc_covers_population_target,sample_target,cc_distance_se,shift_is_most,tip_point,tip_point_units,tip_point_sd_ratio,tip_ci,tip_ci_units,tip_ci_sd_ratio,score_range,arm_sd,mild_psi,mild_covers,box_ate_psi,box_ate_covers,box_rr_psi,box_rr_covers,box_or_psi,box_or_covers,secs
1000,1.2476167333359551,0.06850174635221358,True,1.5200912505932551,0.05986396916287512,False,True,True,1.4421531210634286,1.30192051445463,True,1.1485588519026146,6.582019217610573,3.8967944752734094,0.9986521333912771,5.760192482090699,3.4102431941654205,23.549256532692816,1.6890855443816448,1.251082107252876,True,0.1807519405076083,True,1.4814247963331375,True,2.0847885450503254,True,1.5751876831054688
1001,1.2074139423760275,0.0679963234125896,True,1.4567637910139533,0.05797992974773665,False,True,True,1.435124499380451,0.37322038380612094,True,1.096990538189661,7.052726914335204,3.964950500581134,0.9462594820654495,6.121643125687058,3.441507415555428,26.358158626814188,1.7787679602309037,1.1899460277939067,True,0.24202076629917701,False,1.7150728641739061,False,2.7044896721490193,False,1.5281116962432861
1002,1.2974710492980652,0.10637466858434395,True,1.4960029687541634,0.05893351448831644,False,True,True,1.445912635969884,0.8499464730583789,True,1.383830445202026,6.997160536231145,4.1548318668499125,1.112476888571943,5.701490577912085,3.3854782406368846,21.02602627113223,1.6841019710230087,1.234193092346725,True,0.18885559135328045,True,1.5147121755510993,True,2.1586628570524677,True,1.4435033798217773
1003,1.2953755144098653,0.07206863488673221,True,1.4749415748717978,0.059504461062872306,False,True,True,1.443958361100541,0.5206872429030132,True,1.1588380589203537,7.54029381049098,4.264866618904719,0.9978464427169127,6.5383293357610555,3.6981453545875915,26.75120662344512,1.7680022575776215,1.196155853134921,True,0.1873986906066606,True,1.492235159698982,True,2.1397191501150035,True,1.5241034030914307
1004,1.3067188953008662,0.07765612609003611,True,1.498939708141301,0.05915335621850219,False,True,True,1.4356312274661622,1.0702432579021928,True,1.4660595775702903,6.9806043035178025,4.005801658904187,1.246759123478437,6.006612490236323,3.4468789851987225,19.891185957706302,1.742623549021993,1.234874119706648,True,0.20189087782412263,True,1.572912774567591,True,2.2853780755350788,True,1.529862642288208
1005,1.1151875871445311,0.06697120002435279,True,1.4235650411861835,0.059769472283224344,False,True,True,1.4345582460514688,-0.18392675132202402,True,1.0762659430658827,6.560779369418744,3.734558708371885,0.9182125925684983,5.633135053602787,3.2065205039399194,24.969095821475136,1.7567749985322831,1.1887205903339693,True,0.1922143611558022,True,1.507835784550271,True,2.182970692134312,True,1.5503947734832764
1006,1.0627775552163874,0.06897915178636882,False,1.4246690802175606,0.06364511494926409,False,True,True,1.4550788909408614,-0.47780274648796855,True,0.9756183491957124,5.699301502853,3.317161670293552,0.8306064443623309,4.878106524282304,2.839201957969396,23.82846494823748,1.7181259369696749,1.189422045908838,True,0.18088211829333356,True,1.4716197537328863,True,2.0827295535032637,True,1.5668458938598633
1007,1.2138633340026808,0.06987792859841974,True,1.5014827598000817,0.06236123087213167,False,True,True,1.449600932113659,0.8319564408984114,True,1.2964088719013125,6.715545278322485,3.7299185059767845,1.1120668576020256,5.811961540935362,3.228054016333766,21.440931961055355,1.8004536205178643,1.2495279047248167,True,0.22806343332529821,False,1.6689648744404761,False,2.5520626349068567,False,1.5406415462493896
1008,1.174238262101513,0.07253609376524628,True,1.3896598415171402,0.05971468683356536,False,True,True,1.4431653648772376,-0.8960194919756689,True,1.2477632802931253,6.572104742869149,3.850751928069797,1.0600896245858515,5.632299591636764,3.300097816531988,21.747411347451397,1.706706862875854,1.1334887063228016,True,0.17249164409477474,True,1.4397186164906302,True,2.010310820307084,True,1.5444731712341309
1009,1.1898927686616296,0.06903224528092486,True,1.4136896849038199,0.061690530948149344,False,True,True,1.4172938843159444,-0.058423867597344026,True,1.2695767260845048,6.336249177718246,3.686126556898935,1.094576572456887,5.508265844074579,3.2044454756772036,20.629247359449828,1.7189450985776262,1.2172555693320966,True,0.19914451651939985,True,1.531342655990957,True,2.247105867133002,True,1.486009120941162
1010,1.3099048614070368,0.07605227076685489,True,1.5831835486634724,0.07251750158314575,False,False,False,1.4250257255106695,2.180960729479425,True,1.167997376912509,7.637221916362083,4.443060502257625,1.004063777387364,6.61254245733608,3.8469389175071074,26.894091527189822,1.7189101774512028,1.3101564296194745,False,0.17355355251740395,True,1.4500373004339406,True,2.0209468410884486,True,1.4926812648773193
1011,1.1428032424609202,0.07300996028489748,True,1.4257852700805327,0.06226241208153011,False,True,True,1.4047966937962084,0.33709866968919505,True,0.9655378294402177,5.615201663451647,3.278858601187603,0.8313305138927337,4.858487890223071,2.836994245694004,23.712544422639198,1.712547671747059,1.264372349972104,True,0.16028919160134997,True,1.3864247410034183,True,1.909426696878481,True,1.510859727859497
1012,1.1988590557412908,0.06553667768921843,True,1.4552149442388127,0.06021822405507337,False,True,True,1.4432229646253572,0.1991420338548697,True,1.0501646219498042,5.784234578160692,3.344378823157321,0.9193881380984706,5.090416551963154,2.943221110311292,22.535614106501523,1.7295392908570033,1.2428123432993567,True,0.22413140175523272,True,1.6326080923872917,True,2.500596088172381,True,1.0396742820739746
1013,1.234352827249553,0.07235455331285168,True,1.458748150303506,0.06057106515147295,False,True,True,1.434071063044697,0.4074071868655101,True,1.120638570535621,6.153509148685308,3.5395196413588255,0.9718313254038232,5.370041002366488,3.08886606706993,22.535965716689514,1.7385153275552863,1.2266599091595554,True,0.21659701277286497,True,1.6119998912300213,True,2.4249580983226124,True,1.0521981716156006
1014,1.186683103109766,0.06318708560564068,True,1.4284856809176896,0.060073064250958326,False,True,True,1.39511679517484,0.5554716770139997,True,1.2770255158991837,6.837961641647201,3.843426527612153,1.107374201591426,5.977705995636874,3.359900947376848,22.14119306877072,1.7791316140744584,1.154466737620017,True,0.2124066451285691,True,1.5733865158967957,True,2.374529849722233,True,0.9484164714813232
1015,1.2439379838908282,0.07902149506106639,True,1.4411404579050178,0.05749649956390644,False,True,True,1.4173912633111403,0.41305461678550753,True,1.2771325378976948,6.6075084789886,3.8018316658807336,1.0817793314215092,5.648662760925919,3.250130517828201,21.393313401935934,1.7379802841580843,1.2454812139358908,True,0.17509609616637867,True,1.4403118398248396,True,2.030595852530217,True,1.0774319171905518
1016,1.185601014182967,0.068008278736604,True,1.456029813431136,0.06172391383816244,False,True,True,1.4411490956140305,0.241085130410268,True,1.1499175960030674,5.890763707096216,3.444828590755764,1.00140979440051,5.1631210438064095,3.019314281408259,21.05248640971701,1.710031007900987,1.2209117235967089,True,0.1768976449166852,True,1.4775922553167868,True,2.054968389702844,True,1.1219446659088135
1017,1.136459314592868,0.07353663204094425,True,1.3903135748182065,0.06459954171863842,False,True,True,1.4120537631952674,-0.3365378112394317,True,1.0670946302977358,6.361034793812923,3.4798335932123345,0.9017990391158367,5.411248882710376,2.960248804424646,24.407300230789694,1.8279709714339727,1.1413306012945796,True,0.16277237463731614,True,1.4205432743025768,True,1.9341772998278735,True,1.121880054473877
1018,1.195336220937292,0.0716974357758331,True,1.4136919889681456,0.06057726001577153,False,True,True,1.4290840010034402,-0.25408894412337635,True,1.3462167542958738,6.6489023810191625,3.788487059972859,1.1486905464138135,5.729297251354606,3.2645040121897435,20.49614815897602,1.755028399401949,1.2072520970428862,True,0.1608071111750864,True,1.4117487580680097,True,1.9177582504167705,True,1.0152881145477295
1019,1.2765964049637906,0.07678229843026098,True,1.4394662117054347,0.06323322656307832,False,True,True,1.4170221791616469,0.3549404919484655,True,1.216813913820505,7.708431446858078,4.278439773155633,1.031379982593938,6.588660350566096,3.656928999111137,26.11658536467749,1.801692171810706,1.213793280989001,True,0.21460309681614198,True,1.613338166415539,True,2.408343304789733,True,1.0698628425598145
1020,1.162397219632551,0.08029093103816348,True,1.4307719912028634,0.06361211455429497,False,True,True,1.4356292479733346,-0.07635741720746282,True,1.0313715379043045,5.33242844479516,3.095409381362565,0.8756318830188347,4.554582735085921,2.643879476739702,21.13721250312974,1.7226892432715584,1.2307285327507445,True,0.18347985062371241,True,1.4860142047713043,True,2.1070922802107157,True,1.0414495468139648
1021,1.1670850225050846,0.06556381785757255,True,1.3812907428435912,0.06053348991390193,False,True,True,1.4223029396759872,-0.6775125123419863,True,1.207360100340056,6.503885862938545,3.7697877179716643,1.0448399708871015,5.669940776340353,3.286415775232763,22.197897276436994,1.7252658105740668,1.206150100056285,True,0.18284231369299697,True,1.4800621248320356,True,2.100339412826367,True,1.0526947975158691
1022,1.2894757051451167,0.07345629091405086,True,1.5080018261762134,0.06123988913023777,False,True,True,1.4144801774948024,1.5271361527536438,True,1.3225884206533967,6.851115115504505,3.94308183591874,1.1332875654765868,5.925215058904778,3.4101905279341023,21.469977493789195,1.737502644022145,1.2101837615880018,True,0.18386999565159418,True,1.4969258443171083,True,2.1138961774926557,True,1.0802812576293945
1023,1.1593117715220655,0.06680403865296101,True,1.4370286846803215,0.06054803266102798,False,True,True,1.4224839882984701,0.2402174892003249,True,1.1318110872785654,7.193487882987759,4.0808632544099845,0.9692092341021724,6.202644579444224,3.518758181866292,26.09780628169726,1.76273681192677,1.2237675685022789,True,0.18081186977426705,True,1.5000055831731018,True,2.092744935769529,True,1.0661067962646484
1024,1.2298763220794326,0.07237996403283088,True,1.4477855467769376,0.061506823227102415,False,True,True,1.4653416106399402,-0.28543278520791254,True,1.2021426109379836,6.6723200269594365,3.5739710177504973,1.031420125481581,5.7687858557419585,3.090000685327755,22.86585869746334,1.866920574850962,1.1328126468676647,True,0.17514883656130276,True,1.4503357045146519,True,2.033065648037495,True,1.0559413433074951
1025,1.240390541535541,0.06898642855705645,True,1.494919539754199,0.06107648596150637,False,True,True,1.4326264300284797,1.0199196752245987,True,1.0929858358294695,6.270115812607975,3.5009810537324153,0.9529724805059988,5.49864791700455,3.070224339376448,23.51501436855589,1.7909596528445562,1.262509094969309,True,0.18991475389234969,True,1.5001289025267284,True,2.162134723149677,True,1.0817992687225342
1026,1.1853959017511049,0.05913194043853984,True,1.3942317910318023,0.059166312682112275,False,True,True,1.4423027514221487,-0.8124717970616359,True,1.2866847227119578,6.130325022352994,3.648966429584477,1.1371780215927219,5.457363727104582,3.2483982434251386,19.710564060559282,1.6800168323420503,1.180919422271587,True,0.1919434144310302,True,1.514413695862719,True,2.1827610603046583,True,0.965083122253418
1027,1.1670815181589467,0.06832218411968738,True,1.453403907596846,0.06055332000727805,False,True,True,1.4063335891097568,0.7773367088944355,True,1.2677148252529222,6.827200025502843,3.9034579197962604,1.0877797521477015,5.908079709665785,3.3779500303689898,22.258214688705934,1.7490133532319945,1.2193469472142244,True,0.19478795400989118,True,1.5078763124299752,True,2.204417926856174,True,1.091935157775879
1028,1.10320571133862,0.0687507993102759,True,1.3899536435429394,0.06298555670731039,False,True,True,1.4047079569723466,-0.23424915489704323,True,1.0578836712474273,5.719402904591173,3.119812653085671,0.9065097486721412,4.930619126301038,2.689547876655449,22.12769892234299,1.833252038046054,1.22316757885496,True,0.19299070318226863,True,1.516123346870782,True,2.1917349342825485,True,1.0610620975494385
1029,1.1050715553617787,0.07273881910223932,True,1.3541466900633001,0.06555522079809709,False,True,True,1.4375762521064803,-1.2726608350559008,True,1.1888065394785452,6.280366777671128,3.689058713229842,1.0026491183293442,5.3405719978804385,3.137027559036587,21.750214907414428,1.7024306919128827,1.1565744163369744,True,0.16973648219714438,True,1.4267292562238918,True,1.9866527069416913,True,1.041748285293579
1030,1.1520999120298538,0.0679762560026791,True,1.4051860217675316,0.06230315710848288,False,True,True,1.4392001573053372,-0.5459456168261245,True,1.154451346526321,5.5638734825942935,3.1114932748864153,1.0035861236879926,4.868604379475159,2.722676896268332,19.810302822858855,1.788168249470956,1.2253238059187008,True,0.1932943838110111,True,1.5307114755431368,True,2.1993800603312765,True,1.0994932651519775
1031,1.1469359336542304,0.07484291789106026,True,1.367010486123668,0.061360399527174626,False,True,True,1.433115390552243,-1.0773219362644313,True,1.1224305021989875,6.5861986202134055,3.7709909901841567,0.947551459709063,5.600841166212762,3.2068151589628946,24.08403933387077,1.746543186487902,1.1903558760009458,True,0.177480570757709,True,1.4319534411572858,True,2.0493463333905853,True,1.0345284938812256
1032,1.2648260244617144,0.07699423515551831,True,1.4967605578141494,0.06398213185539632,False,True,True,1.4357384909114221,0.9537360686986956,True,1.3625636750127461,7.423818568947374,4.016412193696096,1.147083638041239,6.317442562775552,3.4178439446566586,22.630180707361298,1.8483706877992565,1.154445274044204,True,0.21233592317811406,True,1.5569292626576086,True,2.3703895542037317,True,0.9394121170043945
1033,1.052140235496037,0.06673701988676171,False,1.3148610070734115,0.06227998054363147,True,False,True,1.4434931679190308,-2.0653853730012575,True,1.1514268887855408,5.694692316199932,3.233590068770442,0.9842606546637297,4.903083974424109,2.784094866889149,20.326502782678276,1.7611052097167383,1.1162256957665406,False,0.21054993777288877,True,1.5801450732823672,True,2.360170761184017,True,1.0217740535736084
1034,1.2174189889145912,0.10759612034174304,True,1.4733932984294535,0.07560339283548889,False,True,True,1.4552379121072918,0.24013983554504503,True,1.2580238997981996,6.9665710691122325,3.7656027299194648,0.9887258462867204,5.54220774437527,2.9956993770623805,22.87641012587146,1.8500547106999858,1.2353037652830985,True,0.16059911058913545,True,1.4143779719129965,True,1.9171018885677371,True,1.0111536979675293
1035,1.2726141187559228,0.06629401021580866,True,1.4864709762807498,0.06139862331567289,False,True,True,1.4269510423898386,0.9694017663050406,True,1.3795444003500754,7.796800808576433,4.403511916723985,1.1891213605739768,6.786212692954662,3.8327474558511376,23.496194091683197,1.770586966953618,1.213182765494645,True,0.2130049576821929,True,1.5937318001254046,True,2.386450096749165,True,1.0091524124145508
1036,1.191148668830836,0.07288596528198628,True,1.437868718936118,0.06207373740947674,False,True,True,1.4215178499315506,0.26341041617498945,True,1.1987209086054922,6.037337030339207,3.4351536721597125,1.0316179404899042,5.234790027566637,2.9785165373101994,20.745440462029105,1.7575158512613143,1.2194056461407319,True,0.1887445102760118,True,1.5127522945999672,True,2.157050263335879,True,1.0610735416412354
1037,1.3034742257060163,0.07932467943839011,True,1.472453327757907,0.061618057950120694,False,True,True,1.4463775488452528,0.4231840434465226,True,1.2298927362563212,7.517019392789605,4.340076315533818,1.0446683932211362,6.439154683826604,3.717753177827499,25.213338388984404,1.732001662248428,1.2437642123940187,True,0.21423296780282303,True,1.6117381182873156,True,2.4044757864202397,True,1.0887506008148193
1038,1.1420308153616372,0.06955506892332217,True,1.4104625668960586,0.06104680370045054,False,True,True,1.4299439663605737,-0.31912235012512746,True,1.2363341501528757,6.395131515388237,3.6317947386537033,1.053334676404616,5.494525514693941,3.1203406540815375,21.34534298759145,1.760873610869015,1.2228925714904328,True,0.18720004237767274,True,1.5080051567327564,True,2.143384031205536,True,1.04249906539917
1039,1.213287816480643,0.0725400026767046,True,1.4573163833639615,0.06591529313223501,False,True,True,1.4198586654143548,0.5682705206887493,True,1.182092866264857,6.469585687689687,3.553558561675738,1.015395924823656,5.598361357644466,3.075019930822859,22.525595301425867,1.820593519257735,1.1527487051431848,True,0.17638320516404493,True,1.4845270504212114,True,2.0542705896022686,True,1.054581880569458
1040,1.1115576827182418,0.07560391713719111,True,1.3977151694386682,0.0625391334017248,False,True,True,1.4326637177267438,-0.558826871865668,True,1.0883619573251029,6.156377342093208,3.5292032837434557,0.9137114195629065,5.205157620708079,2.9839073121465436,23.181840272319235,1.7444099552018684,1.1630239984548516,True,0.1929520612165957,True,1.5065954131794652,True,2.1887224909505947,True,1.0627236366271973
1041,1.260496039921831,0.07466726889361373,True,1.4617867385441217,0.061876558217920784,False,True,True,1.4457452710113115,0.25924951217089937,True,1.205299710620183,6.823729382957801,3.7502902654599093,1.0321127272725088,5.888914434606388,3.2365202719480792,23.32702475262715,1.8195203304139411,1.20429415729073,True,0.16074304817062224,True,1.4229975280945586,True,1.9210665381972765,True,0.9864764213562012
1042,1.3072729534208363,0.0655351265433698,True,1.4947759584864102,0.06043681782701792,False,True,True,1.4267418682182775,1.125706030103366,True,1.5593246035102732,7.461744935194512,4.318942566310514,1.3499529131021324,6.53747571288106,3.7839650614976628,20.100889950855823,1.727678666856818,1.200761959288191,True,0.17637458081685836,True,1.4790596055990186,True,2.0518216311201884,True,1.0464746952056885
1043,1.0823759015408143,0.06599195650263294,True,1.352173322707955,0.0610991679605965,False,True,True,1.4294504522184797,-1.2647820271523404,True,1.1104458069148169,5.928481636608189,3.357403489391217,0.9533713750080334,5.123328287840238,2.901430977651244,21.901127563473796,1.7657936126358091,1.2021323155601593,True,0.18832848266708835,True,1.4953196379039944,True,2.1480203413082504,True,1.0459961891174316
1044,1.0908416532587368,0.06541044062314637,True,1.36283587298348,0.06143799908605752,False,True,True,1.4040300239988888,-0.6704995544810511,True,1.144552381587547,5.690218213488339,3.1930087820266486,0.9871377144685668,4.940932258732692,2.772554496440066,20.426055689675593,1.7820866154576234,1.1595233496482664,True,0.21759980933758144,True,1.6205002346213342,True,2.437289021500067,True,1.1470422744750977
1045,1.2499189929547359,0.07816883962704006,True,1.472093761148218,0.06158513797644595,False,True,True,1.4304820871081274,0.6756772073159214,True,1.1252719180240836,6.6070797455972174,3.6997845066087858,0.9565994264178443,5.656673869669046,3.167583130184932,24.102481451471913,1.7858012362058493,1.2181135119270692,True,0.1940612187529367,True,1.540814420010412,True,2.2095852020401434,True,1.058342456817627
1046,1.2108425227850088,0.0685254009410452,True,1.506330870736404,0.060954865082486154,False,True,True,1.4679188866155553,0.6301709317028003,True,1.2517136243407139,6.235059554658923,3.482371636435297,1.0873866861944796,5.458368908322625,3.048578590294284,20.5710447016522,1.7904635706949974,1.224489255446227,True,0.17690417578606582,True,1.4552813057333571,True,2.047742085247622,True,1.0796051025390625
1047,1.2650277688440694,0.08659509376292435,True,1.4799576288128227,0.061880047348700944,False,True,True,1.4338526038141446,0.7450709392459114,True,1.1927862664640412,6.587857167564525,3.810247941143994,1.0000500000000005,5.5705275429147365,3.2218505291795085,22.74330690437014,1.7289838533674475,1.2586770851358633,True,0.1810185790860347,True,1.48581158155936,True,2.0883589056508787,True,1.0445213317871094
1048,1.169234851908035,0.08245238930920486,True,1.4814087134323275,0.061736903452280174,False,True,True,1.4611401545214724,0.3283054020764385,True,1.1416378604806352,7.0229934951190875,4.0496177445501935,0.9432155140720325,5.851018179470442,3.373830128098031,25.27127192850647,1.7342361521825953,1.2005465994857505,True,0.18703459406162942,True,1.4945347963852376,True,2.137483153335826,True,1.01377534866333
1049,1.295515136351549,0.07155399515974241,True,1.5335252399757249,0.06675700187076326,False,True,True,1.4187119351276825,1.7198691018256436,True,1.3365950761358496,7.760601103652093,4.18538533413362,1.1457407770567498,6.71556149882313,3.62178293050259,24.08301964270749,1.8542142441129734,1.2089156868814774,True,0.18637113996598437,True,1.5046932735987049,True,2.135794047927762,True,1.071338415145874
1050,1.161689412139803,0.07207823014762732,True,1.4160447221998151,0.0686105010594965,False,True,True,1.4266730488046222,-0.15490816188021372,True,1.0318610184044816,7.386610674856378,4.082047416930567,0.8738106388522808,6.29354765528998,3.47799025567371,29.26649302003177,1.8095357354791892,1.1661886771904872,True,0.18774581348264113,True,1.4794137546803583,True,2.1397279090264414,True,1.1209208965301514
1051,1.2501767950485814,0.06507086307230707,True,1.479423610123249,0.058746647687985445,False,True,True,1.4111219652102198,1.1626475314096576,True,1.3389325013024436,6.862345652350016,3.7948044222716257,1.1659870108157733,6.027737166037629,3.3332747740763224,21.26097146217951,1.808352918552286,1.1948677924664517,True,0.20139783895572905,True,1.5577848874247304,True,2.274835072070594,True,1.1059784889221191
1052,1.172484316197979,0.06695113938370018,True,1.4478567248609002,0.05959025800790297,False,True,True,1.4268282252443123,0.3528848560078241,True,1.091480392571731,5.8776304341718575,3.4911014649808743,0.9478576289233581,5.134532696347606,3.0497280866786816,22.072006032666476,1.683603439524797,1.2334183200887348,True,0.1630131145716991,True,1.4116290885157508,True,1.933468168522506,True,1.0923609733581543
1053,1.196874918350377,0.07045453545528331,True,1.4636133281527934,0.06412609028946761,False,True,True,1.4279588316246565,0.5560060868702762,True,1.1640933930085964,6.714039036176695,3.7855138123600525,0.9952743287757585,5.7826609817474495,3.2603836380233426,23.718113982703272,1.773613667517138,1.2104588248911508,True,0.211630118185399,True,1.5975625788141858,True,2.3761927422806823,True,1.0967764854431152
1054,1.1393307857826402,0.06958938075584736,True,1.39333359294792,0.061412594896382885,False,True,True,1.4126945030533538,-0.31525960005598225,True,1.0888195180962865,6.241328124028069,3.3614045900666794,0.9344206374079882,5.390230668475874,2.903027328555095,23.4923174138466,1.8567619448345731,1.1299437633410971,True,0.1844564300751163,True,1.4893980575258219,True,2.115719777002632,True,0.9678127765655518
1055,1.109542442844929,0.06719272020592537,True,1.409834814595905,0.06013513956231213,False,True,True,1.4158949363336488,-0.1007750506916897,True,1.1048345682756981,6.221551905471828,3.631590418801592,0.9442290013116413,5.352629053458804,3.1243902938178336,23.09475018749285,1.713175547898078,1.1818685624994278,True,0.17681247682191276,True,1.4691512421786836,True,2.051177567070908,True,1.044802188873291
1056,1.20121804975956,0.07092293222150667,True,1.466779046332566,0.06263885123633271,False,True,True,1.4292752941983276,0.598729883993866,True,1.2884879915702943,6.055740229616477,3.505028914546494,1.1059078832105171,5.243255958756033,3.034767517260561,19.445299075153343,1.727729036552046,1.204146756690313,True,0.21727756337322163,True,1.600017953732526,True,2.426562642721246,True,1.098081350326538
1057,1.1255971542788128,0.0651802315885503,True,1.3878590450579351,0.05888483141356188,False,True,True,1.4219369123298167,-0.5787206391497458,True,1.3331614601981192,6.15387005645106,3.6047723409091303,1.152237267059385,5.366598128276947,3.1436095205338033,19.142655485316617,1.7071452714539646,1.233680671343155,True,0.18545657718084363,True,1.4828029014081296,True,2.121705468292134,True,1.0976064205169678
1058,1.2919368047908086,0.06405977270236879,True,1.4840405490337816,0.06120905740187865,False,True,True,1.4244571503493484,0.97344087972517,True,1.527340390562298,6.999273250936233,4.043414027352525,1.3393162390671294,6.202957114795423,3.5833897191647828,19.212933399650645,1.731030560706417,1.2457980574092695,True,0.20655279973954838,True,1.5680271716530296,True,2.3215610785558263,True,1.1020097732543945
1059,1.2253192990116997,0.07850059448909401,True,1.4404634038479918,0.062408562345820165,False,True,True,1.4250874703472525,0.24637538380611487,True,1.1180070025654414,6.167015528915191,3.519296826542901,0.9480441114245055,5.266710252155898,3.005524566920238,22.63591167004992,1.7523431051347875,1.2294949330244165,True,0.18525359753064718,True,1.4961298183346199,True,2.1241213771827865,True,1.0407404899597168
1060,1.119234564554659,0.07097758297059306,True,1.4125550130375994,0.06087511070162702,False,True,True,1.4446288075563565,-0.5268786232843727,True,0.9364526744444935,5.893475447335236,3.3212908328066555,0.7997485902543231,5.0575481966071445,2.8502008045972693,25.6318595159051,1.7744532906065793,1.2013577886814908,True,0.21137689917948116,True,1.5784816339086736,True,2.366846346342676,True,1.0809166431427002
1061,1.1166929484705692,0.06896834197234873,True,1.4333501289342214,0.06445872404666514,False,True,True,1.4378078611612202,-0.06915638329687619,True,1.0082911253949827,5.58966573916193,3.159495450922501,0.8696462911318492,4.846617855956967,2.7394960240595156,22.642498796337037,1.769164040900858,1.218168825201101,True,0.19941181971555366,True,1.530029534050314,True,2.249007913655359,True,1.028075933456421
1062,1.2113801683505383,0.08211239439813166,True,1.509409579707386,0.06342677399107673,False,True,True,1.4530325151258354,0.8888527830452507,True,1.2518939372587448,6.27000250972412,3.6728031587756695,1.0498712736068987,5.307443428500467,3.1089612737774464,20.683536874669677,1.7071436280876615,1.2176708498839683,True,0.196329405990133,True,1.5018723338978894,True,2.216729008879315,True,1.0797009468078613
1063,1.1583822744578258,0.09276585716788642,True,1.4241668610882223,0.0614096933160026,False,True,True,1.4287909037750723,-0.0752982540240931,True,1.0775473544932004,6.1100942114777475,3.4745215228327084,0.8789495480200243,5.023361433884344,2.856548003173534,23.227510973771082,1.758542628481492,1.183863101212803,True,0.1978041243908913,True,1.5515959047967562,True,2.2434742231398195,True,1.077054738998413
1064,1.3104389164640502,0.07024841619229734,True,1.501077485229023,0.060720836872706734,False,True,True,1.4027154055426003,1.6199065222474753,True,1.1016279861275462,7.615359461222053,4.4399707413736325,0.9545840656560717,6.6393080511867995,3.8709050623731596,28.346890652586907,1.715182352500373,1.2677110588763947,True,0.17878478553878596,True,1.4909667322886235,True,2.074168577708096,True,1.1108555793762207
1065,1.2755689099870184,0.07691072505880402,True,1.447892977680665,0.0603801914968619,False,True,True,1.4235888769636644,0.40251778132011656,True,1.2003559533780401,7.182002369454504,3.990068399758363,1.0238501133901157,6.174461742270244,3.430314195958792,24.64704563033711,1.7999697373331855,1.2599135689359484,True,0.1796785303990014,True,1.4663648594114473,True,2.071987599947771,True,1.0756545066833496
1066,1.1461042490968303,0.06446941833559341,True,1.4171394088894311,0.06232368134217717,False,True,True,1.4139946913063983,0.050457827832205406,True,1.0918546370272264,5.839117279516278,3.2298549787654425,0.9497657121057884,5.109113638371773,2.8260600587458184,21.920224016675334,1.8078574170993218,1.214504789409034,True,0.16495918848063995,True,1.4243704433228126,True,1.9508088109186146,True,1.1391713619232178
1067,1.2492536149327196,0.06659652353999956,True,1.4400841273612746,0.05881206701966244,False,True,True,1.4355140214111501,0.07770694317879537,True,1.3615471712000526,6.299032941834202,3.6236569042356717,1.1904608819117606,5.555537809359727,3.195945016564191,19.214757368836374,1.7383083189998751,1.1901187750061473,True,0.14980397117406913,False,1.3699324951985654,False,1.830848650695483,False,1.134594202041626
1068,1.36972289978619,0.19444662916832137,True,1.4181906715006665,0.06324022380965602,False,True,True,1.408987977384009,0.1455196323206604,True,1.5393466894748422,7.736956057060576,4.498714381277565,1.0142431984130922,5.23520590620407,3.044051940516934,21.087343870854333,1.7198149074010343,1.2417606819641531,True,0.18787809230459607,True,1.465930951404222,True,2.139501145739406,True,1.1353890895843506
1069,1.1879809050799055,0.07193661976217429,True,1.4263680612891818,0.07213819132106031,False,True,True,1.4159853721458544,0.14392777186660963,True,1.0346083709730516,6.472810089181725,3.582212759545215,0.8862435247629645,5.576739412490284,3.086305144881336,25.58075568341997,1.806930666508901,1.1299879375820074,True,0.18864098879366836,True,1.4927098882574494,True,2.149862034332655,True,1.058645486831665
1070,1.2386051806357385,0.06566969704988922,True,1.4614510895223498,0.05921658532961746,False,True,True,1.417957881436126,0.7344767997703251,True,1.1732204315571104,7.2513045879296225,4.147765631680584,1.0177222967418513,6.333491945859209,3.622774343983408,25.427650747257033,1.7482435681862651,1.2309248461970603,True,0.17655794830255928,True,1.4655951349844083,True,2.04808797883139,True,1.0773184299468994
1071,1.2438151312654986,0.06798429954314948,True,1.5049044994887795,0.06556638548139045,False,True,True,1.4458321243060839,0.9009551883786847,True,1.1457596101286818,6.960065947908803,3.830998081088522,0.9932120652443894,6.073206190089889,3.3428478170210223,24.959460932540246,1.816776150911358,1.2013220260744886,True,0.17759537843152406,True,1.4571448592693894,True,2.0535320278901295,True,1.0768959522247314
1072,1.1541086493047863,0.06373493788256455,True,1.402653837185959,0.06040783674341624,False,True,True,1.4530207172555776,-0.8337805620080918,True,1.2111908065751567,5.666491187999795,3.3094225126250105,1.0590023360778544,4.9889652322641025,2.9137244383832406,19.282253181706444,1.712229600899516,1.19424640118889,True,0.1987569083255869,True,1.5076642624975973,True,2.2390196923942045,True,1.0705363750457764
1073,1.1527058356089952,0.0713503832757458,True,1.4311762126887373,0.0642377971973159,False,True,True,1.4375208797249825,-0.09876844028067575,True,1.25203204403221,6.0778192339886985,3.4630305915691024,1.0692528633986762,5.234860329042342,2.982727975963169,20.047487571952622,1.7550579104860962,1.2064238017268298,True,0.2097827991466913,True,1.5791529153855761,True,2.35318094980187,True,1.1391408443450928
1074,1.2194806803523883,0.06742488256868147,True,1.4360544124089278,0.06045606968739094,False,True,True,1.415095205338816,0.3466849098608087,True,1.3094035980560184,6.620279588746128,3.6762848279068225,1.1341921477621175,5.783625775501427,3.211685458860472,20.94107771199496,1.80080703717278,1.1587104664101429,True,0.17029391901928698,True,1.4507405064620134,True,1.9974411089134652,True,1.0380299091339111
1075,1.1972175988341325,0.0847344363849408,True,1.4299896471791442,0.05905036315196928,False,True,True,1.4341950903413834,-0.0712179051535417,True,1.2572346004841313,6.077965742332297,3.5928281448774704,1.0477439033307667,5.114476936439451,3.0232873073936015,19.970201637325886,1.6916939795737376,1.2398104657687186,True,0.16800363906788734,True,1.421384995026712,True,1.9724962600320528,True,1.130955696105957
1076,1.2451876785589133,0.0779883942889509,True,1.4898968093890081,0.06341461190334097,False,True,True,1.43574298369857,0.8539644738815325,True,1.2926864534523985,6.655094817794999,3.7993216536291285,1.0934664490849701,5.683218569853696,3.2444880149591038,21.305037501426888,1.7516534330379803,1.1851827839274243,True,0.2042334517322018,True,1.5647246449899883,True,2.300863680317912,True,1.1376924514770508
1077,1.143389369832181,0.06880274992453837,True,1.4377946991459138,0.0639196771886973,False,True,True,1.4465093272441505,-0.13633717317611269,True,1.0751637859176755,6.15704462761227,3.4244769769600953,0.9229686385437099,5.318113922318974,2.9578734261822106,23.455457190496475,1.797951824187141,1.2455659170474538,True,0.1663717110087829,True,1.4411146496865583,True,1.966368646663796,True,1.106429100036621
1078,1.18821976077767,0.06693781774907628,True,1.473386657583727,0.06023154651137172,False,True,True,1.4095881171376676,1.0592213572668985,True,1.1003059282009147,6.7894373712227765,3.899208624620232,0.9473008266645421,5.882448116232696,3.3783200543117515,25.30141896301255,1.741234702947971,1.1869158364827939,True,0.1846515897196303,True,1.486503192302182,True,2.1163454974921794,True,1.0518109798431396
1079,1.1819927888539945,0.0790433415531266,True,1.379799539205084,0.06174968557171088,False,True,True,1.4106143188400875,-0.499027312442229,True,1.1963718388433042,7.200529771520527,4.097689327584668,0.9966480043691193,6.051558766513615,3.44383101794437,24.788185364014424,1.757217103563288,1.1718479015503103,True,0.16478869255758305,True,1.415479361895087,True,1.947310733333227,True,1.1105644702911377
1080,1.109521922561502,0.08317945935590114,True,1.2845789451428595,0.06337294363552955,True,False,False,1.4193052474535348,-2.125927794762275,True,0.9879315207789681,6.167222358669156,3.501078086604466,0.816252789865788,5.127719153625015,2.910961226780312,25.47592218966986,1.761520939011806,1.106754641001275,False,0.1909268876953904,True,1.5193879046917738,True,2.1764876499914805,True,1.1033799648284912
1081,1.1653736809331547,0.06371992214767064,True,1.4085625838562694,0.06189883644528619,False,True,True,1.4260929610046973,-0.28321012405335555,True,1.3036060153244329,6.248697454606269,3.547898271475555,1.1308201143033987,5.46617436899922,3.103595707143785,19.847638117482582,1.7612391834468986,1.1922733552457565,True,0.1625939751163843,True,1.4177944947784797,True,1.9320903735707282,True,1.0800526142120361
1082,1.2394773193326343,0.07533979244924001,True,1.5039629131544507,0.06616803295696841,False,True,True,1.4251208883592263,1.191542520940563,True,1.4334814700954337,7.0319864687686735,3.8981510357368525,1.2144551623732995,6.026384925258545,3.3407002050530172,20.455033494300064,1.803928684215142,1.1884985384523685,True,0.16315145856997582,True,1.4208579403046473,True,1.9369376510522398,True,1.111515998840332
1083,1.2637031354612236,0.10572059472488145,True,1.3707762778145733,0.05779075609525726,False,True,True,1.4381185096057651,-1.1652768771564561,True,1.3706067864212255,7.272783940333452,4.228593486236887,1.0893542155413851,5.860680597300079,3.407558371316303,22.049252017884402,1.719906149409896,1.0709048139308106,False,0.18710964222962956,True,1.5018071600141654,True,2.140422219046504,True,1.1136910915374756
1084,1.281587676485211,0.07722276857846942,True,1.4874963963642387,0.060741375361017785,False,True,True,1.4374808118428108,0.8234187030530515,True,1.3769521129871716,6.8945105750790505,3.89127943147316,1.1706778610178097,5.92324453949667,3.343094392724871,20.813260918177768,1.77178501222898,1.2478844708872103,True,0.17559705461398967,True,1.4638060530427583,True,2.0403839720476,True,1.0096228122711182
1085,1.110538492362653,0.09268195647997378,True,1.3488655087200951,0.0708494750439549,False,True,True,1.4150847593871867,-0.9346470192758554,True,0.9846520940279135,5.9065176810045354,3.4077213176195706,0.7974665984803746,4.816263582434645,2.778707347972593,24.477042260170847,1.7332748574435874,1.1663532126555292,True,0.14455981087955633,False,1.3679443256030115,False,1.795460399144367,False,1.093069076538086
1086,1.1552476094599518,0.09627020578510127,True,1.386943107529817,0.06620641677317345,False,True,True,1.4038884081977565,-0.2559465002613702,True,1.1372779906173536,5.84269186133276,3.4204762884205486,0.9299841494107115,4.8192620254490794,2.821331652765615,21.100509425376124,1.7081515463540027,1.216777646578636,True,0.15599245318736865,True,1.3918516112859118,True,1.8787547475501367,True,1.110069990158081
1087,1.2468806817761449,0.0836030648515786,True,1.467149237018499,0.06204272395885332,False,True,True,1.4310570606741555,0.5817310079467156,True,1.4501779921118376,7.313571502633628,4.324215481076679,1.2018788529603635,6.140908105836399,3.630867612296491,21.049076133116913,1.6913059801572687,1.2458476601897972,True,0.23239555945313783,False,1.6358248520629515,False,2.581252797562091,False,1.0091381072998047
1088,1.2605160067810794,0.06604827271551614,True,1.4927870263443044,0.06090167353364636,False,True,True,1.4357769264626543,0.9361007107654223,True,1.234654294752782,6.877373201205266,4.0613780925647776,1.0775062360252523,6.045889840751009,3.570352201474667,22.984274215084163,1.6933595061724913,1.2522408736053647,True,0.19065246932860946,True,1.4999769282152364,True,2.1681021724989002,True,1.0943026542663574
1089,1.2428629319061515,0.0755502063537602,True,1.482561258978833,0.06273036975090499,False,True,True,1.409557772942705,1.163766231986461,True,0.8927704883365638,6.929719508490437,3.788483090284854,0.7646788684036537,5.961256465691711,3.2590235852192526,31.562006735265314,1.8291541346088982,1.1833614101242185,True,0.21427713793618297,True,1.6014914817977357,True,2.400511533887022,True,1.0748379230499268
1090,1.252067136015555,0.07202960793483186,True,1.5231177603253208,0.06410772187545848,False,True,True,1.460672394957087,0.9740693249020115,True,1.075712367889249,6.601756416436911,3.6067109464661358,0.9272769236652628,5.725135477468416,3.127790165837648,25.137373010187858,1.830409066439141,1.1796228105474185,True,0.16108863427384124,True,1.4159808499611697,True,1.9210018666852757,True,1.062553882598877
1091,1.2492412255817344,0.06806068554694443,True,1.492550269038735,0.058471180925194315,False,True,True,1.439542332129662,0.9065651842552834,True,1.4528597724844545,6.996493912586601,3.9512821394331827,1.2563077512229797,6.11397413341599,3.4528775549797994,20.102401289427156,1.7706895295485678,1.2714227004116336,True,0.2020251404457819,True,1.5787783252507448,True,2.289267076451104,True,1.09037446975708
1092,1.1622008064524187,0.0657330065470119,True,1.4636886941076774,0.060551964100195164,False,True,True,1.4538083291578001,0.163171667454557,True,1.2370488568280242,5.872399299580694,3.240857096498089,1.0760024322918453,5.146177871961864,2.840070340138468,19.589960367507366,1.811989583226647,1.1716568526261426,True,0.20323188657289504,True,1.6052848032552594,True,2.312965986613594,True,1.1566946506500244
1093,1.1993589571197,0.07161206095709303,True,1.421407595612106,0.0600319164318424,False,True,True,1.442162100701697,-0.34572451327877785,True,1.4626232914563628,7.081434829691107,4.127189822536865,1.2470933798700352,6.108021133394969,3.5598665050042433,20.221920023137525,1.7158006135366832,1.1570914341618064,True,0.19600451196904134,True,1.5398084619517878,True,2.2243459309740694,True,1.1085824966430664
1094,1.1075815152490285,0.06928526403155562,True,1.3919336966910203,0.06699927726299915,False,True,True,1.3941363044763924,-0.032875097692859366,True,1.0269139209482314,5.921400480106759,3.2303019057844926,0.8808867325829004,5.108170750006735,2.786660649664732,23.569354769938474,1.8330795859988578,1.2207437727441168,True,0.1552723503688409,True,1.4098492220239982,True,1.8797402280245594,True,1.1603851318359375
1095,1.1709865439345972,0.07001055735595481,True,1.429485405440213,0.06451801161966507,False,True,True,1.4121077291348423,0.26934612318514295,True,1.0520888255834762,6.539343204678476,3.633777557060018,0.9028022928819739,5.644723995432808,3.1366561944213487,25.433027482438415,1.7995992055081282,1.2530218529507064,True,0.1745140527675776,True,1.4622629756907217,True,2.0319180978312605,True,1.107935905456543
1096,1.1847051399073956,0.07381554002925042,True,1.4149689856723549,0.06396235239625553,False,True,True,1.4453239926620585,-0.4745761506964314,True,1.0359660065563496,5.80891067826662,3.431864991618383,0.89185407949829,5.029094927415813,2.9711551402394885,22.92822036520628,1.6926396266909325,1.1733244810861834,True,0.1875738540839113,True,1.492055462073424,True,2.1410737222505145,True,1.0464234352111816
1097,1.1248320654120698,0.0683837586117633,True,1.359832609475206,0.06482743188799155,False,True,True,1.4405481303199106,-1.2450828066761055,True,1.0362041060621956,6.086462503237122,3.538175863133501,0.8918636266684605,5.268283146259548,3.0625527156923575,24.01845809168409,1.720226110481346,1.1368332338345783,True,0.15099717547051983,True,1.386212030082883,True,1.8431965997395499,True,1.0780601501464844
1098,1.1214538923303412,0.06859246215765806,True,1.3968598327548705,0.06327392735142383,False,True,True,1.3974933598697383,-0.01001245127948588,True,1.0696976561951614,6.132365765180866,3.4048413214124094,0.9165701125798963,5.286972091785152,2.935457820450696,23.475270840959862,1.8010724102223403,1.2152872757451934,True,0.1991936211096763,True,1.5410339995790125,True,2.2505573870766016,True,1.0668225288391113
1099,1.051215202788515,0.07387646776777614,False,1.3327646607578425,0.06824532701596926,True,True,True,1.419445904410215,-1.2701418169201428,True,0.8423776062241302,5.486656760688054,3.0530398185450975,0.7093208136361913,4.639585849211555,2.5816888055933185,26.43721290293761,1.797112742310278,1.1691385648019703,True,0.1716238968346448,True,1.4264825762623679,True,2.0012292474144924,True,1.1260125637054443
1100,1.0500265963362583,0.0754939957939219,False,1.349906809060247,0.061692123804318155,False,True,True,1.4412268746518175,-1.4802548520007102,True,0.8718230296245418,5.367982250448339,3.096514310635038,0.7308442968039207,4.520785957667886,2.6078101156290807,25.017534812470732,1.7335564160036014,1.1489872472687261,True,0.20716438949946625,True,1.5721786084346518,True,2.3282596561408013,True,1.029531478881836
1101,1.1849228346714706,0.06287600732544257,True,1.4172072295793852,0.060341100216593745,False,True,True,1.400315224637956,0.27994194472416806,True,1.3096274924133522,5.938075421001481,3.340954523477312,1.1470742218442986,5.242628791976345,2.9496736123489185,18.78015641075978,1.777358949148775,1.207196197667105,True,0.18818967333431647,True,1.5044300866563405,True,2.149733634795642,True,1.1246938705444336
1102,1.1755363856671404,0.06852812793105464,True,1.3910943201643162,0.05907436990388919,False,True,True,1.444627196039572,-0.9061946147263338,True,1.1192310938438983,6.160592613003809,3.6438477264333886,0.9691940858195727,5.3685927748419005,3.175398180925339,22.5888488196854,1.690683331334984,1.2121410421101457,True,0.2060616317663408,True,1.5989659723743994,True,2.3313034621786524,True,1.1144371032714844
1103,1.2418733966933801,0.11831524146719691,True,1.4046306402652051,0.060696965581068664,False,True,True,1.4398299822665952,-0.5799193034514517,True,1.1774938349492978,8.511185908554943,5.067058627412071,0.8945957675831518,6.5433133122765925,3.8955032268189034,29.743255312050493,1.6797093806080376,1.2105656543018524,True,0.17366023797757724,True,1.449420576842896,True,2.0215715806107246,True,1.0805323123931885
1104,1.149779978634531,0.06584809141005747,True,1.4319356495655648,0.06245395692630201,False,True,True,1.4508611011753312,-0.3030304650208003,True,1.062397322824858,6.073744429207003,3.3740715948491418,0.9177020912709238,5.277046911813335,2.9314921458031162,23.403286785269255,1.800123162317949,1.152895963081857,True,0.19674035052189665,True,1.5147227135719412,True,2.2225212578356524,True,1.1145222187042236
1105,1.29025167551427,0.08551864988472853,True,1.491542355693453,0.06398930265500569,False,True,True,1.4521274212000306,0.6159613069379054,True,1.3179072493315158,6.208242692207732,3.497486361797515,1.112544474938388,5.293327416654898,2.9820581066388354,19.519670342771178,1.775058441976894,1.1795653584992392,True,0.21797871287791437,True,1.5928310729462327,True,2.4308179803098593,True,1.1118834018707275
1106,1.1763527477336997,0.07265169960942279,True,1.3399721318991549,0.05789559927145245,False,True,True,1.4175852350925437,-1.3405699944392642,True,1.2626119171346206,6.133137015758974,3.6380049174464832,1.0799648155717867,5.2910674444379735,3.138512857603964,20.071066949759533,1.6858517662652928,1.1998014766837406,True,0.19659941415479076,True,1.5586040700262764,True,2.237347417159991,True,1.1307799816131592
1107,1.2012430352139714,0.07490140013689932,True,1.4289239876824291,0.05798311878138524,False,True,True,1.436553621498405,-0.1315837087815499,True,1.3202580967136797,5.9761660344350735,3.4510554733184877,1.122889698466366,5.131921239021836,2.963529590462571,18.75883425274404,1.7316922549171527,1.2037508604295328,True,0.17604378060923054,True,1.464366627104014,True,2.043869872015337,True,1.0127365589141846
1108,1.1058125914093158,0.06977873834375442,True,1.3904231685154373,0.06507536008273936,False,True,True,1.4202283701683487,-0.4580105529191977,True,1.116367385007728,6.464833778651716,3.703330037231485,0.9476792701000599,5.526702480469213,3.165928777681885,23.76214910187494,1.7456812419248113,1.221533929442278,True,0.17733281990699845,True,1.4595885681164753,True,2.052133240214429,True,1.0506715774536133
1109,1.2448302943645184,0.0721116278088329,True,1.4716597180391455,0.06585337901367154,False,True,True,1.4188417256817358,0.8020543994628487,True,0.962404515627291,7.416890084800351,4.155273821157722,0.8266884545281614,6.402542326519614,3.586990802622545,31.41905176912943,1.7849341352753245,1.251300031903386,True,0.19293854011526745,True,1.5118020557904361,True,2.190008663611961,True,1.1115734577178955
1110,1.142974057437786,0.09124136825985842,True,1.3638988786218356,0.06722214518403431,False,True,True,1.447898486641856,-1.249582377802054,True,1.1584626702356944,5.53771952703244,3.31181843259176,0.9457242009046459,4.561790375652015,2.728166599618314,19.652562961201554,1.6721084321940731,1.1618463888400166,True,0.208141548526819,True,1.562307486183997,True,2.3334227091834885,True,1.0241734981536865
1111,1.2178353883367394,0.0644319621713542,True,1.4411957288173156,0.06056758685796148,False,True,True,1.418778522850289,0.3701188561399649,True,1.1860836584890215,6.086828338930479,3.3526774791779017,1.0367327297664175,5.356005187405525,2.9501337922287703,21.125610764489863,1.815512639295984,1.197206595365289,True,0.17166633205912313,True,1.4499870662279808,True,2.0070385083910707,True,1.0872678756713867
1112,1.1744418437506325,0.0682450356335433,True,1.4369286900887688,0.06318171433387637,False,True,True,1.440701620012477,-0.05971553579205749,True,1.0637995009193562,6.041069447516171,3.4948165255357,0.9227139069712791,5.269694899727912,3.048568962846872,23.24810001855663,1.7285798563030919,1.1768288074057556,True,0.18971305546933143,True,1.514083463355221,True,2.1650476259400615,True,1.1332945823669434
1113,1.2443940625294703,0.13329833236698022,True,1.3981405036494063,0.05959816281151049,False,True,True,1.4458501847069705,-0.8005226806815212,True,1.3657203750019047,6.332877299700811,3.780587411235868,1.024916511842087,4.830563760483314,2.8837395196205993,19.26329856060525,1.6751040541688211,1.1745464726580386,True,0.19025192079263314,True,1.528145464538589,True,2.1749053441636637,True,1.0838727951049805
1114,1.1660111965449824,0.07980332219606912,True,1.391842308724306,0.06252661947086759,False,True,True,1.4065635204714682,-0.2354391117213868,True,1.2105086256101005,6.386791017558008,3.656518306463712,1.014053200267464,5.397473551316743,3.0901215954595966,21.744859927589555,1.7466864602504328,1.2256222165318593,True,0.17909258671077938,True,1.4663839919060515,True,2.067472358755183,True,1.076162576675415
1115,1.037332003394366,0.080181507780065,False,1.3398319004355341,0.06342790156222475,False,True,True,1.4324683500251578,-1.4604999898781839,True,1.0905204309999694,5.83161658696788,3.409439364741254,0.8967809677089255,4.833107615696659,2.825663709752682,21.91756539677985,1.710432702594917,1.1571689356022543,True,0.1837254319307678,True,1.468104888622543,True,2.1045763166818956,True,1.060823678970337
1116,1.120290268658531,0.07314886558252803,True,1.426158243105752,0.06686734093336083,False,True,True,1.4035457146148929,0.3381699971200368,True,0.9993272930317603,6.2934859912539,3.549643202706249,0.8462622434493136,5.36021184618091,3.0232592193425565,25.71282646442632,1.7729911520278276,1.228380194017551,True,0.17521766238908165,True,1.4487688573465565,True,2.0332164831160204,True,1.1012513637542725
1117,1.083415633085905,0.0662685838608602,True,1.374852460580662,0.0607415822153534,False,True,True,1.4196459551819123,-0.7374436583235396,True,1.0414685137884852,5.2282554336229445,3.0941471427855256,0.901931345340752,4.552725197100028,2.694359875744098,20.532038412092383,1.6897242413999014,1.1869347767715615,True,0.1978512937522589,True,1.5401649441817336,True,2.239281916043598,True,0.9925923347473145
1118,1.114371749939457,0.06682082286640312,True,1.3933886880450008,0.06416719338993727,False,True,True,1.4436263280489976,-0.7829178330850148,True,1.0789801324260127,5.320467716753015,3.051619242715443,0.9382102270059678,4.652979740149975,2.668773361089433,20.200147142500317,1.7434900272875025,1.1635532024057214,True,0.18345304101777998,True,1.5006727781934162,True,2.1122751943553277,True,1.1266412734985352
1119,1.2320444491174556,0.0728998277020966,True,1.4875501869576973,0.0639898676535612,False,True,True,1.4525392882094457,0.5471319137242057,True,1.0869160775278033,6.109609852477581,3.370866880738499,0.9431740941586367,5.333004558949003,2.9423889375356125,23.034881965390813,1.8124743778487837,1.1688929873962568,True,0.17192752337254624,True,1.429998717337006,True,2.0041072383934035,True,1.1097760200500488
1120,1.2919073816932076,0.06980751564737528,True,1.4782045170455231,0.06090779405273767,False,True,True,1.4253802189772364,0.8672830610569842,True,1.4023823310816403,6.910897241694824,3.9452606285285152,1.211230393558147,6.028351149080584,3.4414368513428557,20.512979340025428,1.7516959948657227,1.2253821950767754,True,0.12677747616409624,False,1.3114545412228928,False,1.6681095985983139,False,1.1023733615875244
1121,1.061378420975003,0.06776040103195384,False,1.3737930513742647,0.061289991655939374,False,True,True,1.4623169900637245,-1.4443457454914066,True,0.9422715956120933,6.230874041960562,3.4847671952836543,0.8023155054913815,5.331861521632956,2.981972672735232,26.937901856305565,1.7880316511225018,1.2137269780790494,True,0.20695157545924014,True,1.5792405594610444,True,2.3292420778104117,True,1.068056583404541
1122,1.2609228553575098,0.07988744579182935,True,1.4499759442449651,0.06365479381224622,False,True,True,1.4453886927932433,0.07206450884519663,True,1.2974601133342876,6.530856698151147,3.5152854764045993,1.0958108731465728,5.5693095404156185,2.997725083535664,20.835504602782528,1.8578453277799916,1.159641014470431,True,0.1651941150589843,True,1.4197748160418517,True,1.9512758997821316,True,1.103001356124878
1123,1.093233974522882,0.06623793696621565,True,1.414073166936018,0.06248500397880474,False,True,True,1.4170243864606527,-0.04723084479014658,True,0.7966446770394019,5.994563860258876,3.5859793870889947,0.6859037789249586,5.178667064980459,3.097905665953589,30.495972444204355,1.6716671272126602,1.1907925450844004,True,0.18705776219693482,True,1.5069989530450822,True,2.141912025890871,True,1.0925137996673584
1124,1.1992438001803132,0.07087272671643415,True,1.4661893543193272,0.06196731827420536,False,True,True,1.4761178797145031,-0.16022196331366556,True,1.194560556950815,6.829106079363756,3.9324219421071183,1.0241769964177312,5.899721866570516,3.3972522099982587,23.543148696086497,1.7366158006189185,1.1877545278036872,True,0.19150099222397232,True,1.5168964778557525,True,2.180083910291793,True,1.0688097476959229
1125,1.2280170091667273,0.07540379964637046,True,1.4707796088694571,0.06392607360630434,False,True,True,1.4253251256925141,0.7110476306879001,True,1.0386061790606613,7.538914449157331,4.226394786788275,0.8817563193227802,6.439613099009095,3.610114879819025,29.68432044342071,1.7837695789148718,1.1972095663039275,True,0.19781671579240778,True,1.5066789792934752,True,2.2305050841928726,True,1.1300244331359863
1126,1.210849173491247,0.07576816840707423,True,1.414793756459866,0.06066999296008193,False,True,True,1.4256214885081413,-0.17846931440060332,True,1.311579068354461,6.4693857410181925,3.6056757418906713,1.112434694984194,5.540251378501711,3.0878279328411122,20.43214277115489,1.794222832035891,1.1792158175015153,True,0.1569041390347201,True,1.4100032536774347,True,1.890525675619892,True,1.1785597801208496
1127,1.133735919574922,0.07342544617529238,True,1.3820642074507112,0.06841662968395985,False,True,True,1.4165040548734993,-0.5033841564818036,True,1.2123379606260731,6.004340990162186,3.2860602204545737,1.0324299574343714,5.1549623996883165,2.8212116712407544,20.413707626235613,1.8272157499692996,1.2416064012525574,True,0.14287141987224472,False,1.3671195333723993,False,1.784510647202646,False,1.1527740955352783
1128,1.2629399089641271,0.06886268198774574,True,1.5120991109279958,0.06017889232022008,False,True,True,1.436630317723991,1.2540741494945615,True,1.1526604909852085,6.769922639605009,3.9631690732189475,1.003597001184304,5.932718017394756,3.473062517600579,24.139919660050833,1.7082093936775633,1.238363178379012,True,0.1951921955076414,True,1.5324117746679276,True,2.215027845744125,True,1.0846991539001465
1129,1.1731385893317632,0.06679049630541753,True,1.427512060978189,0.060461523224962656,False,True,True,1.4450598110524344,-0.2902300361992939,True,1.0096798570527226,5.661544515154165,3.1027616835051104,0.8842736585744705,4.982321640452612,2.7305193202165854,22.903418923789985,1.8246791383469914,1.1434082723791634,True,0.19335424147083513,True,1.5360826363531401,True,2.2020710735442393,True,1.1179907321929932
1130,1.305091324886122,0.06685444131049019,True,1.557305866075937,0.061478305845986014,False,False,False,1.4184205285205236,2.259095068483923,True,1.2945643275582275,6.998138755360527,3.913378121746515,1.1299697770452306,6.15725002456645,3.4431508689084556,22.372889157526316,1.7882603054563262,1.273829896136224,False,0.2003898090596945,True,1.5281436230919057,True,2.2569244513683215,True,1.0725419521331787
1131,1.2048155908495306,0.06532429551187878,True,1.4438255609184947,0.061743817805858414,False,True,True,1.4326456886469625,0.1810686910661263,True,1.2710734284839391,6.645634035802063,3.8883425084514274,1.1037227907847897,5.816723076599847,3.4033489471112373,21.612684888556064,1.7091174507794982,1.2298376596828644,True,0.195081118179111,True,1.5302508287817438,True,2.2133458238513746,True,1.0565531253814697
1132,1.3154391517888966,0.07118859489484304,True,1.4898787287235815,0.059196837680768444,False,True,True,1.4395477959774419,0.8502300919782222,True,1.367331797618417,7.051952100311995,3.9545982123478267,1.1844314471641606,6.165595286667635,3.4575464710880945,21.42715889203205,1.7832284651050008,1.1990458203983343,True,0.16810599055633152,True,1.4513059957894183,True,1.9823681416048322,True,1.0464613437652588
1133,1.1107474606274468,0.08343834264171095,True,1.3913153914937086,0.06989890112141134,False,True,True,1.4288263348324208,-0.5366456802168795,True,1.1240920877279217,5.980243898019507,3.324106288809186,0.9262829235498803,4.968438136446564,2.761696134231404,21.837531317071246,1.7990531524675901,1.2040311418099092,True,0.2140006111807578,True,1.5909315518993008,True,2.3941725067214095,True,1.1506507396697998
1134,1.2764530483181697,0.1774353991233616,True,1.3684154500150827,0.05995449725985384,False,True,True,1.3892346631769843,-0.3472502333172322,True,1.282516972964293,8.378360166084681,4.889883819686872,0.8471351427361122,5.638426926534724,3.290769559914174,27.020363496036012,1.7134067955465648,1.2147615453403906,True,0.17249697655560947,True,1.4463967477860122,True,2.0120487682641106,True,1.0977025032043457
1135,1.2478301257781235,0.07238096748951907,True,1.542846444010206,0.062298631298268584,False,True,True,1.430922114923832,1.796577657549351,True,1.2143175768280132,6.796868550937273,3.8288823998750794,1.0461463371139073,5.9004332293154,3.323893168457469,23.07270447726742,1.7751573020782843,1.2539791723101406,True,0.1809494123686639,True,1.4589302194822003,True,2.080432345860441,True,1.0859336853027344
1136,1.0638896824798802,0.06885813808747591,False,1.3213977084267405,0.06081846003138279,False,True,True,1.4113187280411386,-1.47851523317095,True,0.893373924521664,5.24546904090841,2.855558755775688,0.7645597238723549,4.508753679519985,2.454501389061568,23.875328912855593,1.8369326249368394,1.156314684088595,True,0.20206114636311268,True,1.5429058963093094,True,2.2751622165777587,True,1.0822269916534424
1137,1.3405897355018372,0.06665971117039571,False,1.5070894994945345,0.060424876239675365,False,True,True,1.4244278230188427,1.3680073774220756,True,1.4702546936245888,7.339148889795706,4.044948982446998,1.2811443842894872,6.461158472709593,3.561047306991339,20.85821900300978,1.8143983821906886,1.2295935762649903,True,0.1909828587504861,True,1.5461565694093045,True,2.18902366154397,True,1.0102217197418213
1138,1.1573805314623218,0.06749090690683827,True,1.4603642732043385,0.06414524715310416,False,True,True,1.4514352528541306,0.13920003034512946,True,1.037906239613662,6.028452816384437,3.479241689364511,0.897447832134687,5.241439782901956,3.0250275419594863,23.75221923361891,1.7326915904728493,1.1900488503965543,True,0.22481717060843665,False,1.6299879332016058,True,2.5059832173845207,False,1.077845811843872
1139,1.1197747465560672,0.06559234663440461,True,1.3702967051220067,0.06117212413773537,False,True,True,1.426030794857981,-0.9111027370977519,True,1.1161906521321932,6.641810044973242,3.762597707832607,0.9557463990977857,5.725407884486798,3.243454184432875,24.416314982491635,1.7652192875010189,1.2264325684490491,True,0.17828129772831264,True,1.4846342117402356,True,2.0678268070565085,True,1.0724115371704102
1140,1.1510674470992164,0.07778862617369849,True,1.390024386946207,0.06180992643322697,False,True,True,1.427583186585608,-0.6076499650905672,True,1.3302800669524457,6.426394273319472,3.707629782800577,1.1125843635943653,5.4320775909470544,3.133970902204819,20.03064296069516,1.7332890956726705,1.1606698230304873,True,0.2305697679325695,False,1.655125490359858,False,2.5692276941831724,False,1.1430420875549316
1141,1.261427790428162,0.09878848822818598,True,1.4554071690913197,0.06542347326631417,False,True,True,1.4471325753904483,0.12647744437518216,True,1.6088388450947686,6.774543156346174,3.972645529695719,1.3038373848673535,5.586673701219053,3.276069513886852,17.741926154210677,1.7052976676892346,1.1878420016762288,True,0.1552203092433599,True,1.4012556328184123,True,1.8762126118986555,True,1.0764949321746826
1142,1.0748169758457764,0.07042336022130509,True,1.3489818444543362,0.06353464463169149,False,True,True,1.4306450698358382,-1.2853337868638648,True,1.0353758411330858,5.5275900960907345,3.232001311266389,0.8874119807780654,4.765067940550983,2.7861519331952667,21.829723385677195,1.7102685190201452,1.2058326597942481,True,0.2117951868712733,True,1.6093047710724897,True,2.38288706469729,True,1.1742000579833984
1143,1.1617607699702208,0.07263750539699149,True,1.4406471481824596,0.06208860749212231,False,True,True,1.4370600785611074,0.05777339460878337,True,1.2303399711655412,6.332812296053438,3.642079141383185,1.0469250000000005,5.434094338424362,3.1252152625173624,21.234054782693246,1.7387904134472953,1.2311130836461255,True,0.19503955856782074,True,1.5391908082023378,True,2.2164923656840294,True,1.1118557453155518
1144,1.2383445419366237,0.07114054881218522,True,1.4586769972321,0.05884196961157176,False,True,True,1.4601485964394019,-0.025009346509236748,True,1.2745703357653326,7.662284507398035,4.513717996023859,1.0835943202484,6.573180436154834,3.872145806794013,24.85503045608358,1.697554989954568,1.243452294597609,True,0.19124414192673045,True,1.4936758506848629,True,2.1716032432739363,True,1.1034858226776123
1145,1.1448927079260809,0.0662130741383817,True,1.4234583649908543,0.058576873133773785,False,True,True,1.4633511322659585,-0.6810327206097163,True,1.102360647437789,5.917730948973825,3.498483379961495,0.9581474519071627,5.174532301284614,3.0591142806614617,22.013829806608978,1.6915132376701347,1.2321601596682417,True,0.1919141455960528,True,1.555936117098301,True,2.2010453753128667,True,1.1061084270477295
1146,1.2604826822038864,0.06688708329200814,True,1.4762572128679101,0.060180543381843615,False,True,True,1.3991959383067936,1.2805014749063537,True,1.2498319878849766,6.639753378030814,3.820422660687819,1.0912869417764741,5.840734883881646,3.3606784220755324,21.93715542943044,1.7379630391040057,1.2602667640985639,True,0.21289276317482653,True,1.5948139824645247,True,2.3858913027916016,True,1.139909029006958
1147,1.2985516177564593,0.06622139761432078,True,1.517670117315928,0.06240491803845755,False,True,True,1.4403049304497841,1.239729003705555,True,1.2799006658775858,6.454553454909159,3.6073439336002213,1.120070187705342,5.69199893268152,3.1811647332862,20.855823652311123,1.7892814141698294,1.2232544101069602,True,0.1849698122894563,True,1.4879324139932975,True,2.119262026535923,True,1.051457166671753
1148,1.1594625198872917,0.0735095449778888,True,1.3975366235949316,0.06370602454161396,False,True,True,1.4218921829564608,-0.3823117128525218,True,1.1328313477948038,6.6475778735188475,3.918173066082474,0.960284931042249,5.6762810196372975,3.3456774527238586,24.096654734566513,1.6966013908531425,1.2413721149643249,True,0.20991462248867998,True,1.5985658863076408,True,2.3622673347902903,True,1.1479120254516602
1149,1.2818103290074556,0.07082619662546338,True,1.4986315715844023,0.06407343777055759,False,True,True,1.4099092790928203,1.3846969286912658,True,1.3528526997977768,8.292441801193744,4.545186948378526,1.1524054933254382,7.134769771436668,3.910653004540986,25.44620645546984,1.8244446037917172,1.2140624269967182,True,0.17538122382056337,True,1.468171578974278,True,2.040358372858499,True,1.1043410301208496
1150,1.1040765949796658,0.06282891724589965,True,1.3881760970861552,0.05857122065727435,False,True,True,1.43031726685227,-0.7194859402487271,True,1.0499589580966093,5.798790148011308,3.4032030967296696,0.9149902399670929,5.08059875683466,2.9817098017299912,22.5965515622718,1.7039212715760907,1.1445270186071337,True,0.1835680544835151,True,1.477670907311801,True,2.10537738988597,True,1.1406733989715576
1151,1.3115656500927162,0.09141020556786986,True,1.512733956641862,0.05961034521848612,False,True,True,1.4203566478787566,1.5496858544355112,True,1.0768113242094073,7.809547377504752,4.506086775949682,0.8934937328126445,6.527619283563076,3.7664178870115084,29.707322186100996,1.7331107379437556,1.252695923339134,True,0.14997371869590875,False,1.3804088052850398,False,1.834627512234844,False,1.1140949726104736
1152,1.0718172725619217,0.07151767907402434,True,1.3773643909006033,0.06288800559981494,False,True,True,1.4298254397840333,-0.8341980061709007,True,1.1567101164168012,6.155040255656152,3.4897147605582326,0.9699552671376164,5.2027821213609045,2.949814267777863,21.874660565392595,1.7637660032339033,1.1591039182901628,True,0.16734775169795568,True,1.4182248309657148,True,1.966962530647601,True,1.0841856002807617
1153,1.1983108154007989,0.08922913616240687,True,1.483968076172999,0.0723523125584412,False,True,True,1.4036202348426552,1.1105082683493268,True,1.1752327263715392,7.290335481858107,4.121682247317271,0.9588160924748773,6.003459884429597,3.3941310505820796,25.523160024591814,1.7687766898099084,1.2300202942953224,True,0.17303331305392794,True,1.4540652051813583,True,2.0183328130398777,True,1.1283702850341797
1154,1.093706577486375,0.0654756258675347,True,1.3176257424174296,0.06281773751963049,True,True,True,1.3996972015733873,-1.3065013544989652,True,1.0392266138576467,5.790531645918617,3.2162528954048755,0.8993122207251953,5.038563822027971,2.7985850820281444,22.787080390566853,1.8003968699699158,1.2053859588932145,True,0.17542300509685715,True,1.4635238752092328,True,2.0390073856244166,True,1.212158441543579
1155,1.2360065129004925,0.0754159143981604,True,1.505016541538461,0.06300881746705107,False,True,True,1.4497006775184824,0.8779067159751849,True,1.2977821633696844,6.942926756118825,3.846953718175993,1.1000845178393115,5.941302141203129,3.291971119062342,22.14500962112365,1.804785621234551,1.238596077593424,True,0.1911645859475759,True,1.51351839140999,True,2.1762538197625,True,1.0380582809448242
1156,1.3155806776790206,0.07518144203152348,True,1.5571169085089696,0.0633052895333286,False,False,False,1.4243420861571843,2.0973732737117134,True,1.3913341220411248,6.834114288413799,3.6705742863607544,1.1973744468220595,5.940323104564129,3.190522768583753,20.433717688174582,1.861865134785103,1.2175933420738145,True,0.17265891826830776,True,1.4448293779555448,True,2.012829591791991,True,1.0621592998504639
1157,1.2642854204560725,0.07180519299382689,True,1.4374618447248853,0.060208147398053594,False,True,True,1.3931305546628499,0.7363005170869705,True,1.0856805585528475,7.0084638689264755,4.033076546175613,0.9350019313810797,6.073063434202082,3.4947928901385468,26.452445464334048,1.737746305750703,1.204985146518117,True,0.16385362008148685,True,1.4250303232636203,True,1.9431788954352058,True,1.113640546798706
1158,1.2527798770782086,0.06345707629994168,True,1.4942796237872207,0.06054743734423622,False,True,True,1.4372458569575057,0.9419683033892143,True,1.182183162677045,6.854130156171516,3.8865619904668134,1.0371837940367687,6.052478562115669,3.431993935284901,23.862769024871614,1.763545820955314,1.2671359686749477,True,0.15350912962204716,True,1.3904430231869584,True,1.8612884654284831,True,1.0620269775390625
1159,1.235705795086645,0.06173029111252617,True,1.4561949964750203,0.0578533718194245,False,True,True,1.4409324955580356,0.26381350709554013,True,1.140319682947951,6.965039140347313,4.005099727896465,1.001897443078056,6.156241937850441,3.5400178539298373,25.090188343831585,1.739042624041087,1.1735493439024232,True,0.20458987218103958,True,1.5507271163993948,True,2.2991308585330907,True,1.1077630519866943
1160,1.1270646118684584,0.06525429468554089,True,1.3941791062432909,0.062177729525759756,False,True,True,1.4330356164603149,-0.6249264891688593,True,1.3530251909906628,6.213829672039841,3.64360957412498,1.1615839573012814,5.385994201217421,3.1581908538692227,19.06551745722906,1.7054049138983571,1.1992925881169985,True,0.17666614568881162,True,1.457871771239012,True,2.0465834600351527,True,1.131178617477417
1161,1.0291024002228166,0.07042454883935158,False,1.2953380100320264,0.062489723893380214,True,False,False,1.429125431504936,-2.1409507537779695,True,0.9627023228659902,5.177364373387454,3.0181840808940485,0.817505296709313,4.419699046337348,2.5764972951421274,21.925557475125323,1.7153905244420387,1.144469906626637,True,0.1530873446182398,True,1.3881580071519888,True,1.857773146518577,True,1.014918327331543
1162,1.3375335912314705,0.0809400184647155,True,1.5167075128520129,0.06277722845221892,False,True,True,1.4422157988163726,1.1866040580676078,True,1.455264191522679,7.6858398648189645,4.1413812429587775,1.228488934038934,6.566734643895438,3.538370843009585,22.049575629777134,1.8558638806525034,1.231103338123582,True,0.18619801903976363,True,1.4856495596664736,True,2.1283626231253683,True,1.1224558353424072
1163,1.0714247915787203,0.08649128509546837,True,1.2812046210306558,0.0630483473167992,True,False,False,1.416409308145143,-2.1444604477120364,True,1.0430211278890573,5.2429027448689345,2.9082199220804825,0.8613344224164092,4.36013020657969,2.4185490646473804,20.5602547598754,1.8027875763667371,1.1176926147576753,False,0.2030017995623185,True,1.5618775807716028,True,2.2895786364068713,True,1.0977647304534912
1164,1.0486651695975495,0.07326021360439681,False,1.3364147190142166,0.06617424799547489,False,True,True,1.408599608418879,-1.0908305208031759,True,0.9810796681587786,5.300088690303491,3.0161764392835937,0.829435717575056,4.505958587962753,2.5642525858605203,22.04079767017285,1.7572210369637313,1.1441885525232067,True,0.18712685222774877,True,1.4813231826968336,True,2.1349358717179654,True,1.1033241748809814
1165,1.1231161958111517,0.0674971696186768,True,1.3639653506384524,0.0608383879590779,False,True,True,1.4164179760243636,-0.8621633009275781,True,1.0333757605396627,5.354360000778538,3.0522107643272185,0.8914127034434224,4.644456376682876,2.6475357923819947,21.18475406080729,1.7542563126235384,1.1970019021351799,True,0.1926475748458621,True,1.5265034818561125,True,2.1926616334719227,True,1.1518778800964355
1166,1.265851516419336,0.09074246217276279,True,1.4509069973664883,0.06579995110420966,False,True,True,1.4330631116910355,0.2711838743951774,True,1.1532984423828323,6.522185841100404,3.571499010559966,0.9621523317497752,5.485762816462279,3.0039617006460695,23.244370924768806,1.8261760179174198,1.216793337328984,True,0.20952474864862763,True,1.5851732513151338,True,2.3532541517627115,True,1.1537370681762695
1167,1.0979913842663986,0.06387965578119266,True,1.339186062977196,0.060546265939869504,False,True,True,1.4200938726009926,-1.3362972657000673,True,1.1215220078507506,5.703058084315536,3.310372099800537,0.9708375531266358,4.968328115008429,2.8838939620500845,20.870659340115992,1.7227846031747212,1.1891294297331487,True,0.1696764377054389,True,1.4433722716257438,True,1.990491897921714,True,1.086693525314331
1168,1.2626528301810314,0.07385466880385849,True,1.4837947884106097,0.0630917672978509,False,True,True,1.447205168317636,0.5799428619622801,True,1.2952622988414664,6.485478600966144,3.598518194952003,1.1148126557148117,5.63066554900903,3.124218531039476,20.723497473340487,1.8022636678797306,1.2115310996409696,True,0.17571873295367674,True,1.4760677903499286,True,2.045896357672385,True,1.0351696014404297
1169,1.3648583749250693,0.06460414067996474,False,1.5973062764184978,0.0606260144432585,False,False,False,1.4361382950917454,2.658396445928237,True,1.4180994691994024,7.874040523257169,4.408073918040882,1.2473338755872643,6.988554670519593,3.912358017072663,23.13293151621501,1.7862768795757162,1.2732276854826516,False,0.1772518584565954,True,1.462568787929302,True,2.052350139152079,True,1.0423572063446045
1170,1.2225524709034683,0.07292988375297113,True,1.505822134036365,0.06295733560505183,False,True,True,1.4522623376889303,0.8507316237686656,True,1.2530248170939546,5.843309054950712,3.411008544285911,1.0820003492366712,5.08628213133154,2.969097072474969,19.25964665025024,1.7130737079915463,1.2353340676146871,True,0.20868489146778763,True,1.5636735462269535,True,2.3385990563520487,True,1.088059425354004
1171,1.148484362991963,0.07253519138681758,True,1.5087652380208478,0.06605611075933132,False,True,True,1.4544339025779378,0.822502790708655,True,1.096826776586931,6.001630656680152,3.4837001370198046,0.9379131913257887,5.165745280081947,2.998503001846746,22.433082935826278,1.7227747569038352,1.26474352455337,True,0.1859101178090441,True,1.4750694165152443,True,2.123740170807032,True,1.1122026443481445
1172,1.1161040659846928,0.0686535324024994,True,1.3593716429610614,0.06152161404767102,False,True,True,1.4328633263914092,-1.1945668943828687,True,1.2145181843661657,6.088314977061623,3.5297587135630875,1.0382621616786443,5.246423276611081,3.0416639653876323,20.664230172685684,1.7248530200286185,1.1287568738590192,True,0.20639352680902862,True,1.5499969546372112,True,2.314702001548398,True,1.1288714408874512
1173,1.1287864434538135,0.06867997645084627,True,1.3862625897019805,0.06159777299410376,False,True,True,1.3866417575324101,-0.006155544462069718,True,1.2577868488647408,6.469337971479882,3.635666082919958,1.0693657583286724,5.548737906414623,3.1183033408207024,21.247377189734465,1.7794092812517264,1.2068930007335898,True,0.16194118218274822,True,1.4212700635255477,True,1.9286296267439265,True,1.0782158374786377
1174,1.2421041486230175,0.06652938333723062,True,1.4961508136540411,0.06128451222767411,False,True,True,1.4435910066679312,0.8576360498856291,True,1.2922412730000419,6.773531246709458,3.8052263753371616,1.1189862031921571,5.914540345760955,3.3226634825990833,21.691164001896304,1.7800599960650936,1.231741217308324,True,0.18972935557032655,True,1.5210764366230856,True,2.16791322429692,True,1.104759693145752
1175,1.2577425813873317,0.07517655045087075,True,1.4479446397962776,0.06631956422054275,False,True,True,1.4030873871873564,0.6763803884439058,True,1.1305843640754727,7.309099342678789,4.126501168492083,0.9627492583464216,6.268354936814161,3.5389276788522497,26.544534666671836,1.7712582752883843,1.2584900420892657,True,0.22970060656283003,False,1.6504856395857292,False,2.5592532338920284,False,1.1407585144042969
1176,1.2026630340163293,0.06869678621240699,True,1.4578850168021296,0.05988729454156648,False,True,True,1.439696109933942,0.30371896088181105,True,1.1719250000000005,7.275950246949753,3.953819475677955,1.0059081566243737,6.29084857767383,3.4185060068786255,25.540722935138078,1.8402332963626666,1.1919605261184194,True,0.17399856195295849,True,1.4451017394594134,True,2.0230276413111605,True,1.1885907649993896
1177,1.178995490363735,0.06441034511451119,True,1.427236799031829,0.05856246503365676,False,True,True,1.4237937942017114,0.0587920065888445,True,1.0938000000000005,5.873580355478622,3.3969177271250413,0.9588473890719865,5.177803871384209,2.9945233901287867,22.012267385277223,1.7290911430020672,1.180754946035205,True,0.179818062276474,True,1.4683004614143902,True,2.0735866534933223,True,1.1535191535949707
1178,1.2202614682986033,0.06295480736318562,True,1.4401514427973028,0.059963848144660145,False,True,True,1.438855773309819,0.021607510651384044,True,1.2834820479031777,6.001435825634991,3.38852903766924,1.1331816833592416,5.337231852387822,3.013506373814431,19.34113808325021,1.7711035552355807,1.1793891514251122,True,0.1845309776614279,True,1.4637390137980602,True,2.110621430164464,True,1.2221951484680176
1179,1.3049898039393062,0.0639233715945269,True,1.5158819641582353,0.0587871541621667,False,False,True,1.4006078143499887,1.9608731099698797,True,1.4724833164401798,6.880215484459701,3.841034983859799,1.2939549717681544,6.105217776228125,3.4083750887660598,19.526821229320596,1.7912399947854354,1.170786112357949,True,0.15876527355732717,True,1.4012225898080788,True,1.9005492075612531,True,1.1251516342163086
1180,1.042159126139493,0.07211197812570849,False,1.345911478095093,0.06254472291620893,False,True,True,1.4299124579825078,-1.3430546330815285,True,1.0776529792853127,4.894421028365432,2.827512076266381,0.9123823994556769,4.171485840975651,2.4098716728650476,18.604393465951873,1.7309991598084786,1.1733901278907823,True,0.20911864385531592,True,1.5734864300772935,True,2.3454640406699347,True,1.153327226638794
1181,1.1688641695862136,0.08801387157137472,True,1.403891710177928,0.0609883507579589,False,True,True,1.4435170357498897,-0.6497195788950004,True,1.3759542213985774,6.50092683837058,3.6611362476968314,1.1240534177144117,5.377797483828605,3.028621885822148,19.638271947216797,1.775658265233975,1.155725193662894,True,0.1631666720494921,True,1.4257091164516555,True,1.9386130244027375,True,1.1000666618347168
1182,1.0392620755788362,0.07106615284555712,False,1.3384048969528803,0.06292100385001079,False,True,True,1.4167602302354998,-1.2452969356528476,True,1.0338874303156704,5.480545186733693,3.0895322375252023,0.8731325845521017,4.657277428619285,2.6254338326864946,21.67374288054672,1.773907752172787,1.0940635272218833,False,0.16900230421517343,True,1.4574406077283373,True,1.991105579201381,True,1.2065155506134033
1183,1.2813163205323232,0.0668879462050225,True,1.5019283964677943,0.056327740651762756,False,True,True,1.4437884315798313,1.0321728550662816,True,1.4036863193209652,6.7653280168398675,3.8400091011600237,1.2271797134930602,5.969319688073688,3.388193724366349,20.06369093430736,1.76179999542088,1.1915418824434112,True,0.21571459992539205,True,1.6061938873007686,True,2.4149042450904257,True,1.10947585105896
1184,1.0878462492628915,0.06908642832008542,True,1.331958540943314,0.061468690249895264,False,True,True,1.4152652778585635,-1.3552710587548518,True,1.1006972913184883,5.2315820035291525,3.1432782391589895,0.9461078619341072,4.525672135413605,2.7191481909712,19.489343528155302,1.6643712727540487,1.2059950993034314,True,0.1992692507916582,True,1.5187611678902482,True,2.2452095299675103,True,1.1178855895996094
1185,1.1782561739685038,0.0647715339277109,True,1.4263856987416943,0.06335125117876658,False,True,True,1.414633393566052,0.18551022997918806,True,1.0570521383401783,6.0110243768081135,3.330533229677186,0.9222833436030821,5.273057005090127,2.9216470399277097,23.273416844636966,1.8048234208402525,1.2030501266185483,True,0.18496706079695352,True,1.497950261339114,True,2.12258151512935,True,1.1408801078796387
1186,1.202716381971679,0.06996097641751788,True,1.4958064860414906,0.06250994882388716,False,True,True,1.431408982400378,1.0301960704294189,True,1.0733167248147928,7.268336491060992,4.073468384240933,0.9215669983118658,6.279067514671979,3.5190422230708975,27.73439042395639,1.7843115020065152,1.2156281186019857,True,0.19673177466185543,True,1.5349053011847729,True,2.2283114699554027,True,1.127678394317627
1187,1.1232125390038072,0.07145123876586493,True,1.40133517396548,0.06227833868604901,False,True,True,1.443395646450526,-0.675362788610608,True,1.2042654100279262,5.558510341066588,3.2387695108586287,1.0335061300422608,4.80710653343271,2.80095009645043,19.017226684868703,1.7162414066300675,1.1951502305064092,True,0.13440313532984682,False,1.318068080122271,False,1.7179283580609945,False,1.1814444065093994
1188,1.2038386626691944,0.06852926295571193,True,1.3826830500516027,0.05967984132384192,False,True,True,1.4302108314418855,-0.7963791514186815,True,1.448766558917504,6.1240080323872785,3.6935773272495576,1.253544461407741,5.354348685506525,3.229372137068534,17.641166737538494,1.6580153844910983,1.1887928535174117,True,0.2041462685858551,True,1.558222759311048,True,2.297751235117262,True,1.131723165512085
1189,1.2853763292676965,0.06307365454669994,True,1.5509754858285445,0.059344999757776094,False,False,False,1.4256874301609364,2.1111813325298967,True,1.2834551099252902,6.904873276185724,4.0028787491948155,1.1260021738269061,6.103884210436906,3.5385310368795935,22.253129221502746,1.7249768750988645,1.2335166548520655,True,0.18569896621510368,True,1.4908196252568042,True,2.125845642883922,True,1.1327273845672607
1190,1.1765585924763107,0.062362872756501396,True,1.4625650555602767,0.057977100232292515,False,True,True,1.4249923383152918,0.6480613396400493,True,1.3429107697087923,5.71797207834943,3.372886142046395,1.1815420379300021,5.07183202705921,2.9917445773525304,17.66671370339587,1.6952757482884453,1.2395508759065705,True,0.18571059135739532,True,1.5030401746760957,True,2.130140511935767,True,1.1507902145385742
1191,1.2990458887636498,0.0872946265441171,True,1.4579223906579841,0.06149116314794865,False,True,True,1.4244860481996706,0.5437584971008789,True,1.245545086823917,6.6751222936217465,3.7296876162222827,1.0469559310991816,5.662310875180767,3.163784844892188,22.125200051592888,1.789726910261409,1.232507622115285,True,0.17737961201296726,True,1.464430860971133,True,2.0538686900673135,True,1.1097743511199951
1192,1.264111717555932,0.10617927047352108,True,1.4296850334132172,0.059365900992011285,False,True,True,1.4284506547775309,0.020792721327558467,True,1.3554299898292848,7.344949114890043,4.0177731345566325,1.076648324311166,5.913742960126002,3.2348866163960297,22.498976395281634,1.8281144477065079,1.169164623885786,True,0.17279349228299656,True,1.4386997160466957,True,2.0123916422383767,True,1.11183500289917
1193,1.039971397713241,0.06657443348653419,False,1.3172112208509636,0.0616047293863935,True,True,True,1.4230132273540455,-1.717433183408319,True,1.0642656535772694,5.513761550511479,3.1843921393952916,0.9092916912185338,4.740142064635786,2.737599548323402,21.209969346123877,1.7314957797749522,1.1744399920831172,True,0.14778623338517521,False,1.3604133429088625,False,1.815106359515821,False,1.0496478080749512
1194,1.1852695826259034,0.068515539947834,True,1.4395742118167814,0.06354990956890252,False,True,True,1.422221339881693,0.2730589555957422,True,1.2256047729097541,6.193144495004227,3.5139216433086706,1.0560530151134404,5.377960419464926,3.051395220967193,20.84113902960717,1.7624594750988327,1.2220494948247698,True,0.2068516749407026,True,1.573406640346381,True,2.3260819354006337,True,1.1514945030212402
1195,1.1317122450336161,0.06683911603191404,True,1.4407934342779567,0.06114319212844613,False,True,True,1.4517329222774187,-0.17891587957136637,True,1.044117940797304,5.927707101731616,3.4243852109162423,0.9016384317968,5.147661950751774,2.9737598623591266,23.222397065645872,1.731028122313837,1.2145580788420014,True,0.22441926917965976,True,1.6442547725861716,True,2.5079408404212944,True,1.0527477264404297
1196,1.0066745536372752,0.07364896606951447,False,1.3446413669117723,0.06493677469378223,False,True,True,1.421071623293291,-1.1769949576635959,True,1.006131600232287,5.30079424141047,3.0095029452796536,0.8378460924180412,4.442111427817763,2.5219895012791094,21.516537857630397,1.7613520696913296,1.1975578133340183,True,0.19978090938288295,True,1.5398207730827587,True,2.255013022391435,True,1.1334185600280762
1197,1.1664200171064076,0.06591429030123265,True,1.375530460192632,0.0630549421092087,False,True,True,1.4258025553039773,-0.7972744630274345,True,1.1861296065031968,6.495907492075675,3.7037464526741166,1.0251478385685047,5.654616880716707,3.2240710383782822,22.544581331356127,1.7538747792483498,1.1284002879547568,True,0.1933809584438838,True,1.5146395221336726,True,2.1944499231442958,True,1.1722190380096436
1198,1.0643640326271715,0.07120834624261466,True,1.3594956822125337,0.06320572135778885,False,True,True,1.4196633051940513,-0.9519331745448564,True,0.9875648487424744,5.168847028263941,3.0056520607681736,0.8389044264159604,4.415078136243817,2.5673401874906694,21.359389375148382,1.7197090427502464,1.1763372950473838,True,0.1840345708828489,True,1.4804451338326226,True,2.109790147415488,True,1.1212773323059082
1199,1.204050951207296,0.07382564642273029,True,1.5227760314858714,0.06561120292323303,False,True,True,1.426851903063708,1.4620083788800127,True,1.1219816504950877,6.461935897493416,3.526506420676603,0.9575832320515246,5.553301725353205,3.0306326929069463,23.63861703685566,1.8323902260905611,1.2065917948721219,True,0.1839551636995309,True,1.4961920512102658,True,2.1142594918419757,True,1.1004891395568848
1200,1.304817683703489,0.08824822740494723,True,1.5174034929432834,0.06251532099910855,False,True,True,1.4427690421251478,1.1938585553963619,True,1.3488439404995245,6.899381034721223,4.076519927641279,1.1220122404104835,5.803611845026619,3.429081423316683,21.229830962617527,1.6924683693900853,1.2349311714215765,True,0.173111922446396,True,1.4418004714264552,True,2.0155042579394826,True,1.1919374465942383
1201,1.1933765539131502,0.07126353295030816,True,1.4495609975070383,0.0641864839742935,False,True,True,1.4097007420931218,0.6210069931526454,True,1.205906950377207,6.388690573765915,3.636477780830407,1.0355300851152471,5.52831599458337,3.146747842549118,21.829478973894215,1.756834761219695,1.1981984893617792,True,0.18240240524869827,True,1.5046942270137307,True,2.106334604974264,True,1.1418185234069824
1202,1.286891552874464,0.0659174673040618,True,1.5270552197391232,0.0621584517415716,False,True,True,1.4282486222832116,1.5895923191058134,True,1.470569847524683,6.8553213953181045,3.9546474739817983,1.283061578567468,6.04246724900072,3.4857341421218098,19.479335966209256,1.7334848277679016,1.2643882836476688,True,0.15939428362487723,True,1.3989722440369863,True,1.9045071845641244,True,1.155846118927002
1203,1.1265570222689567,0.07009099535559993,True,1.4343510791059555,0.06290499922019943,False,True,True,1.4424294514219538,-0.12842178548830244,True,0.9448049875899784,6.64412957097236,3.573440452697618,0.8056065981257734,5.693441988733145,3.062128108776287,28.650286386512263,1.8593088814329213,1.1976351515668904,True,0.18898867604220893,True,1.4932366299835416,True,2.1528231972934675,True,1.1883056163787842
1204,1.2212409892143798,0.07176952176732376,True,1.447279370448786,0.06515233127844054,False,True,True,1.4360955947633842,0.17165580211713252,True,1.225515299962355,6.273845581466058,3.550614569283251,1.0596521371159906,5.466141940015188,3.0935034912754236,21.11416292573911,1.7669745501924572,1.2073757394018803,True,0.17309570829093057,True,1.4239615416668294,True,2.0127534365953315,True,1.1197116374969482
1205,1.2058951592549212,0.10626340692298028,True,1.3980683848606628,0.0639859438105537,False,True,True,1.4169534674246826,-0.29514423698951553,True,0.9908816270320541,7.088375885229634,3.8996493063508004,0.7836246434252339,5.647871625415315,3.1071600918206235,29.197351668056978,1.8176957280968344,1.2123955992932964,True,0.17405095524644615,True,1.45265374072989,True,2.0254103246849846,True,1.0607080459594727
1206,1.1885312705275055,0.066295621564321,True,1.345899298665168,0.060179547869242934,False,True,True,1.4247144758354395,-1.3096671537233822,True,1.3893169505006424,6.106460061276496,3.492987852736829,1.2009940344297692,5.330094629257397,3.048895040188308,18.282549042232425,1.7482053527589445,1.1352481742119491,True,0.18815601225410522,True,1.4931145380749165,True,2.146038562498009,True,1.1763336658477783
1207,1.223906653754883,0.06635599227476116,True,1.4880118332004106,0.06130562184817309,False,True,True,1.4249494207019582,1.0286562732310287,True,1.266132195649606,6.638105424812872,3.6117450752636757,1.1014709359861168,5.820037636628132,3.166640317788183,21.667046175271633,1.8379219148871566,1.2027397459015987,True,0.19240434659469735,True,1.5158373203114002,True,2.186920470765386,True,1.1119003295898438
1208,1.0336484491196802,0.06241886798764906,False,1.3332637299843095,0.05741737877034584,False,True,True,1.4411979584101096,-1.8798181097313424,True,1.0451794316449385,4.977449946763122,2.96259689100451,0.9089240597541991,4.351980689584978,2.5903152414542414,19.48073598220243,1.6800969318088523,1.1285280088054446,False,0.21658043249492998,True,1.6042950925935462,True,2.421811275098073,True,1.1484932899475098
1209,1.1807247842544046,0.06560687839739124,True,1.4158893818050728,0.061526756787137774,False,True,True,1.4159771135460293,-0.0014259120021548584,True,1.0610304279026859,5.925676061621111,3.3965649989167486,0.9225254597040858,5.180889427305077,2.96965738745228,22.86082784789265,1.7446084687061665,1.1550231826734327,True,0.18383711913664624,True,1.4904415464323038,True,2.11129875668781,True,1.1760706901550293
1210,1.1991923521073793,0.06760699082625066,True,1.43905940179631,0.0607081879470408,False,True,True,1.4494848386639794,-0.17173032535189456,True,1.0534167528833251,6.186985503998563,3.4329462385021148,0.916296313438372,5.411165331254182,3.002470210708677,24.033649199684756,1.8022378080403927,1.1533065798561377,True,0.19579364561223456,True,1.5171723303114046,True,2.2150993565340706,True,1.151179552078247
1211,1.2569556984043353,0.09627547665369937,True,1.4099595953868371,0.05744319450189975,False,True,True,1.4299100693980982,-0.3473078784050084,True,1.5170195799198984,7.582975997667623,4.511764094683794,1.2202340195165087,6.198051670646649,3.687753593473022,20.94396390616672,1.6807119872695993,1.1741698147514952,True,0.21262410434136436,True,1.5844305072815839,True,2.379800114822251,True,1.151500940322876
1212,1.1173842259747435,0.06857179116220946,True,1.448037699084265,0.05940937222076331,False,True,True,1.450413498642506,-0.039990315827822094,True,1.2625095645126767,6.052434891798383,3.613398590491634,1.0836482458504355,5.238811066926615,3.1276524016369693,19.80846816754834,1.6749978559588956,1.183040820518963,True,0.19571240707103726,True,1.5044468982972687,True,2.2117000498776043,True,1.1467292308807373
1213,1.1035115637620698,0.07746074614293043,True,1.3857207787506212,0.0654859737257025,False,True,True,1.420815264681576,-0.5359084386215758,True,1.0827352668370642,5.675610339763164,3.252565142073181,0.9072491615782992,4.78946412736529,2.744734598980299,21.477289689063582,1.744964387137697,1.1551059535861266,True,0.18818230240836942,True,1.507763968856666,True,2.150849679735254,True,1.0760498046875
1214,1.1455183462912242,0.06796825979763975,True,1.3919851723705094,0.0627981578661654,False,True,True,1.445169899147665,-0.8469153966347557,True,1.0805852181853934,6.190179960917029,3.451311076837484,0.9324886463681534,5.374117948334535,2.996318834092572,23.468900777865503,1.793573463273335,1.1766662777185646,True,0.16813567113612632,True,1.4124106324640484,True,1.9722667265844993,True,1.084134817123413
1215,1.1925131682873984,0.07399151585059227,True,1.465317610443618,0.06111340647650053,False,True,True,1.4276839934685275,0.6157996934692483,True,1.1526792473464427,6.498423850437286,3.6062323342606826,0.9829498966922203,5.582183010717947,3.0977740652692414,23.171463166082827,1.8019981099663491,1.1814473019227874,True,0.17337694236225626,True,1.453767865759381,True,2.020757874416255,True,1.1202528476715088
1216,1.157744330791974,0.08251511080398855,True,1.51205914472468,0.06883083279050436,False,True,True,1.4233108112970074,1.289368874815009,True,1.0274587642951278,5.848309924037824,3.3625813459995824,0.8591366885244167,4.921845970978201,2.82989575875074,23.266609599338295,1.7392322511380964,1.2702729838274947,True,0.16922540036429967,True,1.4673654917259125,True,1.9971719876225413,True,1.1773285865783691
1217,1.1629222531718666,0.07088093383999768,True,1.407470380041027,0.06378523893317385,False,True,True,1.4320501795471232,-0.3853524720954286,True,0.9438773758679999,5.3835914081953575,3.0389862451643346,0.8208437887744396,4.702594978485154,2.654570225080622,23.23668216889741,1.771508974995126,1.194585076079142,True,0.2091453065985771,True,1.5824344439036404,True,2.3489568656331286,True,1.04990553855896
1218,1.220951514122742,0.08724926975455644,True,1.402740926515822,0.06014345194909672,False,True,True,1.4224370071155363,-0.3274850372137678,True,1.2641150655926081,6.7015226011367,3.8958564867420846,1.0439894825144453,5.591212415611545,3.250389867284548,21.90672138913861,1.7201667011971629,1.2311652357632805,True,0.204925800315079,True,1.5395603140143728,True,2.299291466068474,True,1.0657176971435547
1219,1.1715202091125305,0.07920691243909167,True,1.4125535934751263,0.06640678444635448,False,True,True,1.4300506438845975,-0.26348287385614666,True,1.0917285311828546,7.886101896943574,4.279054576020635,0.9065488951515911,6.5976801694911416,3.579947848673312,29.607922098063682,1.8429542687154414,1.175799924235229,True,0.17000080817579183,True,1.435474693132878,True,1.9905735473282167,True,1.0980463027954102
1220,1.320088600156861,0.12697350858562267,True,1.436009367915426,0.062197081298221525,False,True,True,1.4195702701355397,0.2643065789705528,True,1.3475537085309297,7.252052604283182,3.9881865408249375,1.0300207004084079,5.627501984464693,3.0947828011688996,22.334852476333086,1.81838350088387,1.1983343136180298,True,0.18798695978263869,True,1.4939560278210102,True,2.1449041525698718,True,1.1066040992736816
1221,1.235595543961894,0.0813692419859938,True,1.3646463160248226,0.06191831483939321,False,True,True,1.4204102502337426,-0.9006048429057422,True,1.3007330670147423,6.401111665778108,3.7502955413694448,1.0973212653416577,5.45299366352783,3.1948103534541836,20.373630295652184,1.7068285939514785,1.2490428006261174,True,0.16316610642497142,True,1.4393199456890748,True,1.9439056907556154,True,1.157172679901123
1222,1.1996290091748278,0.07057566338564654,True,1.4574277024522309,0.06558695075953243,False,True,True,1.44114310824675,0.2482901555400329,True,1.1062710047391486,5.660798932714833,3.2108429106351664,0.9637976146171789,4.961226614929686,2.814040826029098,20.98725978192934,1.7630258129305425,1.2487207907242375,True,0.16918773741021415,True,1.4389366337396647,True,1.9855701734644595,True,1.0797555446624756
1223,1.2463343010649544,0.07027636843255329,True,1.507003499249618,0.06633985277966745,False,True,True,1.4201020409827985,1.3099434898573366,True,1.144511927574364,7.554110811945917,3.9759173144542,0.9831883543002129,6.534393984992033,3.4392148634238495,27.117739526359674,1.8999667786056358,1.2266300184747345,True,0.18452548969175891,True,1.4682315638418233,True,2.1111747580489673,True,1.0338854789733887
1224,1.1555021791567546,0.0710180850043728,True,1.4457675726841641,0.06301100184968449,False,True,True,1.4259388514744307,0.31468665197604273,True,1.106189251927758,6.557056104402188,3.6290456190613365,0.9428608233223849,5.626836878778069,3.114209700050146,24.31181733024542,1.8068265854696501,1.1520811984558796,True,0.1330506749610471,False,1.3266786715104626,False,1.7106865695429674,False,1.134939432144165
1225,1.1862045822120475,0.0733745430936509,True,1.4259571704966567,0.06455879016079052,False,True,True,1.438666253039817,-0.19686060583705284,True,1.0200478146502943,6.047741346357383,3.460992482075958,0.8791482148033302,5.240749604927231,2.9991684406312307,24.2273880873416,1.7474008908363339,1.2164100537477913,True,0.19774363260375988,True,1.5184691712244092,True,2.2319356465494185,True,1.1451637744903564
1226,1.0560118540313812,0.07464815307947624,True,1.3695580096540363,0.06222270735025687,False,True,True,1.4140759599619466,-0.715461480281065,True,1.0755763726314953,5.210545763041622,3.1276344137557244,0.9089243651474174,4.4327954995591385,2.6607891733532236,19.842480219959295,1.66597021062468,1.2493946243747691,True,0.19671966473067898,True,1.5199408832205281,True,2.223591055630009,True,1.0610053539276123
1227,1.2545291805759806,0.06333614182319806,True,1.4538270452340407,0.05954509651140645,False,True,True,1.455632144327839,-0.03031482354642838,True,1.217794780589889,6.084264782802484,3.5364749400034547,1.0743227993206217,5.4029834394315515,3.140480603147289,20.598199117574726,1.7204320364267986,1.1954549555286944,True,0.19454667958611993,True,1.5155246178975046,True,2.2042795464849863,True,1.1629424095153809
1228,1.2607230482200402,0.06519559034037635,True,1.4874686876772205,0.0617727085027364,False,True,True,1.4160003315106784,1.1569568163483754,True,1.024680002745332,6.356143610690259,3.531444075744469,0.9017817353887775,5.620723481322883,3.122848043604847,25.352600436546332,1.799870952041145,1.207386982893326,True,0.16743401511023837,True,1.420239231828481,True,1.9679797697546366,True,1.0620017051696777
1229,1.1995369735169565,0.0706388697808993,True,1.4700696211704927,0.061878217948800114,False,True,True,1.4496412816222608,0.3301378130368086,True,1.0732245023440987,6.824755914247908,3.7762710910626285,0.9210772293539297,5.893318808054311,3.260888700621559,26.04391733855759,1.8072738290426729,1.1851448771247834,True,0.18253182224917014,True,1.4681781063545134,True,2.094919647580101,True,1.1088829040527344
1230,1.2897464943485786,0.11340732413407141,True,1.412784315237442,0.06523450745302592,False,True,True,1.4065782245838947,0.09513508871077402,True,1.2081221531375366,6.231148041934036,3.672448426627766,0.9660248010822966,5.035549133720373,2.9677989302912415,21.254404399864598,1.6967285358601485,1.1768458093186414,True,0.19498712956066044,True,1.5278159537414062,True,2.211725699842573,True,1.132082223892212
1231,1.218597360841944,0.06603751259293972,True,1.4436555375037454,0.060466617720853516,False,True,True,1.414743364779248,0.47815098337352996,True,1.253522706419649,6.146466698755589,3.482447725308258,1.0915317399691833,5.393034183760024,3.055570061015243,20.251316133304844,1.7649846267861833,1.2265192324264511,True,0.2125636214648659,True,1.59993036353194,True,2.3851284302259548,True,1.2149381637573242
1232,1.1337894224890943,0.06469560127872082,True,1.415848085747461,0.06303083917969504,False,True,True,1.4295603734911684,-0.21754886849300897,True,1.1327212318894035,5.781955976453358,3.2931227954680597,0.9840974557868132,5.05528473719059,2.8792459633765226,20.960813982041653,1.7557668922672391,1.1776892874122276,True,0.20541690977305466,True,1.5608449608975568,True,2.309406979131317,True,1.1014463901519775
1233,1.096983464462628,0.07066934332695621,True,1.363281370522354,0.06290716912809609,False,True,True,1.4116141595668155,-0.7683192506412533,True,1.1483610922868408,5.780072165904563,3.348297605655061,0.9753985542654837,4.945994526694744,2.8651305997532224,20.683410049133414,1.7262719287982018,1.127651487428381,True,0.15475411967605124,True,1.4048810779129306,True,1.8744265039734598,True,1.0835225582122803
1234,1.065662474088271,0.07535405685261203,True,1.3579190656147468,0.06654886109024662,False,True,True,1.4329397791038716,-1.12730274057417,True,1.19524237392596,5.841234281813921,3.2086543269531678,1.0014793110258804,4.936390259512954,2.711613539458489,20.12665732330119,1.820462314293782,1.1527812906318882,True,0.24142349336255126,False,1.7230109763095904,False,2.702554333509091,False,1.083200454711914
1235,1.3034177063442272,0.06916215462756065,True,1.5143785764068323,0.06222129646460489,False,True,True,1.420305584197502,1.5119098693619217,True,1.4533517003036072,6.953435728746068,3.965228559798762,1.2640652794462577,6.10959136614248,3.48402244858267,19.972483862824003,1.7536027555241251,1.2093878078394635,True,0.20423366931992026,True,1.543017960729578,True,2.293954068726343,True,1.0977489948272705
1236,1.2777792598376523,0.06791487394128393,True,1.525538287688431,0.0639268591960338,False,True,True,1.4401542917117396,1.3356513529760397,True,1.021863136871667,6.131886010045144,3.400078044753203,0.9014824938456115,5.434982407952613,3.0136509923092207,24.522672767564515,1.803454488201382,1.2517551316453577,True,0.19639828936488485,True,1.5366748875409006,True,2.2262712688724045,True,1.0922281742095947
1237,0.9952341416860215,0.12121080426291471,True,1.4027463639479354,0.0791570822476425,False,True,True,1.4220033109944674,-0.2432750993308062,True,0.8391982302804031,5.23347869112205,2.930789403282798,0.6182909160317626,3.8813821005568285,2.1736046331287513,25.310061280038944,1.7856890997558519,1.2306081943713536,True,0.1782684745949094,True,1.4619750466089116,True,2.0599448695319174,True,1.129636287689209
1238,1.1714584208479064,0.06389485085066536,True,1.4053215018913827,0.062091729147891975,False,True,True,1.4208968590810445,-0.2508443137823378,True,1.265491606814586,6.561665240233553,3.739634360612663,1.102890476125479,5.762799234162127,3.284343415943292,21.42769230382634,1.7546274869392733,1.2315999097338297,True,0.2088447685474406,True,1.558738975958616,True,2.3386930764583376,True,1.1044013500213623
1239,1.148093741499272,0.06622336448173329,True,1.3267745521102756,0.058812764837593345,False,True,True,1.4182795037992841,-1.5558688992379797,True,0.9837289601666336,5.750698391848714,3.2577224871355837,0.8552855954199934,5.023907949721333,2.8460017872446564,23.852800964371358,1.7652511576899628,1.2020096820843618,True,0.18182941068173192,True,1.5067002250442538,True,2.103151726404576,True,1.1069269180297852
1240,1.033443707401371,0.08313267265342897,False,1.3798072073915304,0.06428402290857284,False,True,True,1.43629299288026,-0.8786908928998691,True,1.114933492205068,5.567945235965412,3.2763849860754286,0.9132626504398268,4.598682414222509,2.7060348798626963,20.490547208559228,1.6994172722769358,1.191067289441615,True,0.1737176531691879,True,1.4641628481317022,True,2.026858509479183,True,1.163464069366455
1241,1.1039436291392994,0.0733648644925574,True,1.315079348414927,0.06237429634786249,True,False,True,1.4473306366262335,-2.1202850525758055,True,0.9766292390854314,5.547575873584946,3.1703268230446455,0.8312921413846485,4.747322978281879,2.712998563456741,23.1710275248957,1.7498435282004436,1.121578069882583,False,0.15857259319433503,True,1.412254353255851,True,1.902522896313695,True,1.1465961933135986
1242,1.2166951747810564,0.07174183031587687,True,1.4432270435577874,0.06195934339965339,False,True,True,1.4399964726519527,0.05214017335523839,True,1.3119787296692667,6.683881236182857,3.760913100748822,1.1231627546431358,5.7747167532547925,3.24934078314546,21.10358833197346,1.7771964034085375,1.2155910853854859,True,0.16986703754761895,True,1.431598061536027,True,1.9886429775619896,True,1.078157663345337
1243,1.2117023333594992,0.07136565295540348,True,1.420325453387342,0.062239017198012586,False,True,True,1.402639199323148,0.28416666683417285,True,1.1641304663650882,6.727521451484386,3.809765312075293,1.0014154926565237,5.828403137586697,3.300598631828849,23.765026414186984,1.7658624351901888,1.2188713237224864,True,0.20619450320246047,True,1.559237720505881,True,2.3155465855125668,True,1.1546368598937988
1244,1.1694504913747765,0.07005884500270236,True,1.4898943747120883,0.06144357690710011,False,True,True,1.4074895583991054,1.341146145146713,True,1.1315401456962824,6.224533917084162,3.5266764239487185,0.9735078314165106,5.391271760921871,3.0545694292321066,22.587592999006283,1.7649858305159534,1.2503724811320143,True,0.1879752928600132,True,1.4974351971621662,True,2.145805786911052,True,1.1039917469024658
1245,1.1721331924674079,0.08000689212084454,True,1.4173142117238144,0.06521871217657983,False,True,True,1.4155273395893446,0.02739815115686213,True,1.0954652980806932,5.77058884141025,3.241085683505825,0.9291345272802992,4.927853075709356,2.767758108061379,21.59499758371104,1.7804493323879997,1.2165132220209203,True,0.18298767886878153,True,1.4579270199246184,True,2.0970618179199487,True,1.1270544528961182
1246,1.1713095425077733,0.06897331272628811,True,1.4363683642016913,0.06111571825390899,False,True,True,1.4434388391636126,-0.11568995937422412,True,1.32309158657418,6.320701284757197,3.553697663054616,1.1365654976835626,5.479536895469051,3.0807685069708106,19.800759816255074,1.778626626139089,1.1759257621132913,True,0.20136012341905196,True,1.5455156615302703,True,2.2700558308811383,True,1.1120080947875977
1247,1.1654494951701826,0.06636443448177823,True,1.47007076883949,0.061695215458045995,False,True,True,1.4088735532785386,0.9919280629235638,True,1.1577591574929174,6.4815342218547665,3.728218073992063,0.9984273655588254,5.628357499509515,3.2374656120469276,23.015249725016588,1.7385072689469947,1.2060837587717543,True,0.18313424933382255,True,1.4972935062311177,True,2.1085359627383755,True,1.0950560569763184
1248,1.2023743937313989,0.06890815293256299,True,1.3959926458361593,0.05989463230630654,False,True,True,1.4312592881765047,-0.5888114006608905,True,1.1392769772690623,6.4820939603227,3.6903661518188593,0.985914683023843,5.6465017902215715,3.214649341766239,23.37072921062271,1.7564907365974758,1.2037792266011962,True,0.16346281243022648,True,1.4242108026626228,True,1.9401767124100082,True,1.1643638610839844
1249,1.307562618407798,0.09526327943005952,True,1.4430036742397045,0.06093270901180534,False,True,True,1.4197162838857873,0.3821820945037165,True,1.2395432185151105,6.091261926804071,3.314010537404297,1.0350725499708244,5.1341646638084715,2.7932924246383917,20.2816798470869,1.8380333611054416,1.1530131408397883,True,0.18652839138629473,True,1.4896097538288797,True,2.1320508906419007,True,1.099759578704834
1250,1.1449462841436782,0.06367702371077515,True,1.4487218992536706,0.06053181167461384,False,True,True,1.4403545811671012,0.13823009513654538,True,1.0537609728009747,6.510451554505929,3.642652449116399,0.9134037740724816,5.674934950406528,3.175173875822405,25.282277742741805,1.7872832078957117,1.1823236555465668,True,0.2062775520806956,True,1.5694039945859026,True,2.3197352191623026,True,1.1446688175201416
1251,1.1540615690006069,0.07438019381964943,True,1.3573707366790824,0.06357565795956285,False,True,True,1.4243523581366158,-1.0535733896790638,True,1.0609157733873213,6.284736530919373,3.628348028211491,0.8998434600395652,5.364781336313036,3.097233064207657,24.248558374445707,1.7321206461049676,1.192915610095054,True,0.22208153708896639,True,1.617602478978168,True,2.4763455566114727,True,1.1026294231414795
1252,1.1380142267383464,0.06669813593157417,True,1.3916537038182482,0.061994428435117835,False,True,True,1.4248227630632666,-0.535032906702778,True,1.2711135984591588,6.582085349433365,3.723845116996518,1.0875585877991811,5.680608827952983,3.2138306209233667,21.4053812088054,1.7675507822253822,1.2057476764893111,True,0.19538615301234052,True,1.5308704546377934,True,2.216016429355814,True,1.20147705078125
1253,1.0280368338026207,0.07259546313944154,False,1.344004373360702,0.060368272603269206,False,True,True,1.4437811649111465,-1.6528018319517235,True,1.0325922141432746,5.450660271911354,3.118013926732852,0.8758727217895271,4.651540188986333,2.6608826025642323,21.581428820180655,1.7481192836180557,1.10376299164948,False,0.17114501340688287,True,1.439513078427822,True,2.0001250483517623,True,1.0801632404327393
1254,1.2251078141684917,0.06666770751888697,True,1.4569579683783946,0.06438664692011113,False,True,True,1.418260432666459,0.6010180303371029,True,0.9553900076029375,6.5822064310822075,3.748390289620614,0.8330523377967457,5.764972999019323,3.2829977357449986,28.0802622264144,1.7560088257907671,1.235687742723463,True,0.19753899700464794,True,1.5144308718533146,True,2.2293260180577907,True,1.0493261814117432
1255,1.218656795296234,0.0734078719690863,True,1.5001134845172985,0.06431953510165597,False,True,True,1.4290254222549985,1.105232837114673,True,1.1023349464395626,6.369769901475306,3.5792071965477295,0.9457390007349264,5.500427454738918,3.0907191051799985,23.695930278986825,1.779659447382418,1.2623019921377483,True,0.18453904342055244,True,1.4843231497286644,True,2.11483112121365,True,1.0822844505310059
1256,1.0923407175026785,0.09332317943252348,True,1.3714146923322186,0.0697505386980349,False,True,True,1.4385047247770024,-0.9618568357619579,True,1.0720624808594825,5.420004152614716,3.1356612408467575,0.8707920666028376,4.437476365972068,2.567234683988119,20.704629609684172,1.7285043683963426,1.2119183888217155,True,0.18704465434113893,True,1.4660881629000202,True,2.1322496074682435,True,1.12107515335083
1257,1.0938005544020093,0.06820900001164998,True,1.3827904643178475,0.06145564078660204,False,True,True,1.438123123105949,-0.9003674533349696,True,1.1222440360089936,5.991485230261675,3.436870548029408,0.9555394033200911,5.13727990015056,2.9468763265297735,21.912781034718165,1.7432967423509742,1.1171370957854267,False,0.2053948804971975,True,1.5529663087575973,True,2.3067448689068235,True,1.1881065368652344
1258,1.1286884049712715,0.06360783687524435,True,1.3595725319156071,0.06093519695122348,False,True,True,1.4107770802018302,-0.8403115251635371,True,1.178016284345503,5.937587726543103,3.3593620326205227,1.020075977678028,5.177553652972435,2.929350767466935,20.740848031909472,1.7674747969665523,1.1558832473900424,True,0.19176686082880462,True,1.499212718576295,True,2.177125945951517,True,1.1675658226013184
1259,1.0149969722910537,0.06680247185771755,False,1.308630897130745,0.0644673280507693,True,True,True,1.4209274158550462,-1.741913650211554,True,0.8288567638712487,4.923935722355902,2.8655619263145944,0.7108674575446834,4.238743236651631,2.466803370162773,24.101674599087957,1.7183141907139263,1.1953875876688012,True,0.18056868437906343,True,1.47438116781632,True,2.0811100636624524,True,1.0979254245758057
1260,1.2907517892265046,0.0656193158721371,True,1.501589975377023,0.058650399551073956,False,True,True,1.4016128845195008,1.7046276175912507,True,1.1464035425381478,7.271588671788809,4.040413210334083,1.0042001427462375,6.408968949684159,3.561103904211168,26.06273572545293,1.7997141117127362,1.2194875628816517,True,0.16400926020417833,True,1.4324647221184352,True,1.946835146632495,True,1.1145048141479492
1261,1.1763520957356377,0.08351684351473478,True,1.421032850259353,0.06169212854473536,False,True,True,1.4377130436075738,-0.27037798405878216,True,1.2355789392409255,5.978444893784547,3.497098793369467,1.029143053458863,5.026541952188273,2.9402819810372085,19.966001036944842,1.7095441813424708,1.2172503705462887,True,0.1941920924339608,True,1.5061844751577458,True,2.199009292895622,True,1.091853141784668
1262,1.111612064479509,0.06636246901829407,True,1.3675704000467235,0.06018370363205491,False,True,True,1.424733999582252,-0.9498185735628653,True,1.2218786591279465,5.8072860810064535,3.3560827735870604,1.053779804538493,5.0469511874352015,2.9166784110540216,19.598677990569893,1.7303762966488128,1.12606866817868,False,0.1798344765140969,True,1.4967329207509852,True,2.0842596181551825,True,1.070854663848877
1263,1.2062704369374586,0.07383994238067482,True,1.4698218757246,0.06591884223757333,False,True,True,1.436516215468367,0.5052525063501331,True,1.3947290623270767,6.189186530883793,3.4479818716804784,1.195739537153239,5.3607374561959515,2.9864547587262256,18.463808202205172,1.7950171321136632,1.2299006592774195,True,0.17812496134987604,True,1.465061063567717,True,2.0597003755223517,True,1.1894280910491943
1264,1.1350609506187568,0.07991039017003722,True,1.3921567039925633,0.0682359973658994,False,True,True,1.4425848286440144,-0.7390252447112656,True,1.0804864497886357,5.70085194121832,3.218431868048042,0.9091944238836542,4.830293122553075,2.7269554582250386,21.615588592254813,1.7713135386879728,1.1948453608219207,True,0.16803461615261672,True,1.4452653277803658,True,1.9794995492363638,True,1.147968053817749
1265,1.2492705535195476,0.06329245495080635,True,1.4874247013058823,0.058799345181242454,False,True,True,1.413728251214599,1.2533549457757092,True,1.3713363022743235,6.449606361951396,3.788073318269547,1.207711668617219,5.7278626039464084,3.3641686458146096,19.543954494444826,1.7026086403464018,1.2247050826925083,True,0.1776851115288554,True,1.4749925322380226,True,2.0596951122441554,True,1.0845293998718262
1266,1.1286043193319113,0.07417934234521127,True,1.3627991595735987,0.06103366525734159,False,True,True,1.4182806707562383,-0.909031285417779,True,1.0318433154120727,6.218427827309306,3.579492496069445,0.8732897456622183,5.295258075606187,3.0480914264441914,24.63843982685115,1.7372372854916198,1.17004667786244,True,0.1956974071325815,True,1.544073036704663,True,2.2237002345053494,True,1.1608471870422363
1267,1.1473122366865296,0.07824836140333957,True,1.3962661977903772,0.06778837491084978,False,True,True,1.4372627344470907,-0.6047723774265003,True,1.0728097836622226,6.008657810579091,3.314060715404415,0.9026860395699962,5.090345948674704,2.807568024030148,22.93806189806658,1.8130801836700372,1.1613466674860866,True,0.19143610323787347,True,1.4808616374026369,True,2.1715379376413186,True,1.139232873916626
1268,1.2624747058330217,0.06676507434083379,True,1.541238678840611,0.060705432921961934,False,True,True,1.4318062650791599,1.8026790765519893,True,1.19618323780732,6.977650630960856,3.9322114125754544,1.03904841694901,6.103972723239753,3.4398556869373422,24.024483316439134,1.7744851176225924,1.281001976691277,False,0.19324504134298875,True,1.5105433006084572,True,2.1921720217471985,True,1.104393720626831
1269,1.2448299471831588,0.063765628872386,True,1.4376209178085204,0.06056658653476445,False,True,True,1.42392264927868,0.2261687394579802,True,1.334103526526575,7.510002502392403,4.220965917313419,1.1598071909678003,6.5856272913003995,3.7014246442464933,23.345800498016168,1.779214201087984,1.197152793041664,True,0.1862132485453099,True,1.4741107925823547,True,2.1260907735890227,True,1.142488956451416
1270,1.1707623929400865,0.08475852918250865,True,1.4005204988104176,0.06057482850385143,False,True,True,1.4374778077958368,-0.6101100060575386,True,1.3952904239714874,6.976253598805758,3.7258336603427713,1.1444560141380407,5.795065843783579,3.0949923306067477,20.804084571305133,1.8724007121037047,1.1488517417429334,True,0.1796900426505773,True,1.4873749231871145,True,2.0791694056879093,True,1.1882407665252686
1271,1.1826067432456122,0.06172945339067876,True,1.4354892879533638,0.059827723813245845,False,True,True,1.4250912269284117,0.1738000438962042,True,1.2480633315142173,6.200776607762423,3.524496054096184,1.0952664457652594,5.480790144051904,3.1152586938639644,20.51404177355841,1.759337083256443,1.1624400445661942,True,0.18651345162879168,True,1.4960194059413785,True,2.133846562837049,True,1.1365809440612793
1272,1.203970822185096,0.06635893321640865,True,1.4666534159667584,0.06065021492386493,False,True,True,1.4196562419357586,0.7748888291656675,True,1.3124499999999995,6.426739262731284,3.6930173199207528,1.1354369517773133,5.608230468549414,3.2226750468258807,20.28490333623602,1.740240758705457,1.3012973779642099,False,0.19696041264000674,True,1.5370544630252192,True,2.2309360483687097,True,1.1069674491882324
1273,1.2492338442760709,0.06900944831117227,True,1.5373151938712009,0.06048613970079128,False,True,True,1.4579271319083011,1.3125000596105352,True,1.5415059385263246,6.963826818907326,4.06763531770689,1.3274892049035236,6.069758633528582,3.5454018644839222,18.956022736278243,1.712008642611833,1.2102394185421237,True,0.15877345647311086,True,1.3993250847971066,True,1.9001471042446028,True,1.1128160953521729
1274,1.28755432771504,0.07089239708060353,True,1.506847939612893,0.0613371627189542,False,True,True,1.427813699012675,1.2885212992709087,True,1.3125894778908092,6.759244675660639,3.718160248711607,1.14677728330479,5.953616147682473,3.274995943868079,21.332287674519293,1.8179003118552541,1.2484949724189875,True,0.1975404866591995,True,1.5208605728353641,True,2.2307622549187602,True,1.14146089553833
1275,1.143989122634885,0.07938995177696005,True,1.4342697857103843,0.06853523434720252,False,True,True,1.4146865205176913,0.2857401069570049,True,1.0682322675093712,6.6913881674829705,3.669127377780975,0.892562398793102,5.630147887974029,3.0872113886783894,25.648779751539404,1.8237001549752156,1.19353591894566,True,0.187636190170265,True,1.5134909686809082,True,2.1488753724877285,True,1.0496060848236084
1276,1.0882710396308668,0.0702895265950499,True,1.3600114026591372,0.05907204506257774,False,True,True,1.417857837564861,-0.9792522815901215,True,0.9178145357820047,5.094163018799249,3.0359748954225165,0.7892439508247872,4.4002092983102346,2.6223984028338863,22.589538096786697,1.677933182675509,1.184796090510617,True,0.19283525101970234,True,1.5103083879974568,True,2.1887405660483936,True,1.1744558811187744
1277,1.0141420937437526,0.06229037454691669,False,1.2606687488343697,0.05678950126363161,True,False,False,1.414138113845466,-2.7024249482074456,True,0.9736690624134817,5.421591567870062,3.199253028846194,0.8392660520120857,4.6964285640705965,2.7713381062132303,22.7110058606224,1.6946429428951268,1.1762569856203713,True,0.17357963462476106,True,1.455947046477195,True,2.022947153964304,True,1.0869524478912354
1278,1.2387659814984724,0.0635434510093191,True,1.4647853539557514,0.06062656939799616,False,True,True,1.3971474580038081,1.1156477535108367,True,1.1671963202615632,6.142609262459334,3.5835468010760083,1.024086742028993,5.423584149359243,3.164073571728596,21.644922790536206,1.714114424462081,1.2200470627225644,True,0.20423291849816078,True,1.5408455493910638,True,2.2934270175952762,True,1.1471214294433594
1279,1.050181366472862,0.06865207423556617,False,1.3464155678514096,0.06417988679467419,False,True,True,1.4090270123423385,-0.9755617782754422,True,0.8887871922849657,5.5665639817641726,3.0219198809000396,0.7584517779121068,4.77113727318821,2.5901066847670116,25.463344351798405,1.842062066882542,1.1984133111303423,True,0.189811779225869,True,1.4982245318657932,True,2.1607893493291557,True,1.1274981498718262
1280,1.2827330426565846,0.09164354829308285,True,1.4692402421156776,0.06443754997579712,False,True,True,1.4594329287592955,0.15219873133081133,True,1.439074236219417,6.9043178322751855,3.985270766669228,1.1868022882755718,5.769244012184055,3.3300899619741333,20.011926214613517,1.732458905934166,1.1738523744911797,True,0.2334716547464839,False,1.649237511081009,False,2.595494353126305,False,1.1629667282104492
1281,1.1365201824036475,0.07197628932483366,True,1.401354386894406,0.06184357298484391,False,True,True,1.4037860213969882,-0.039319114100636245,True,1.0332760943523494,5.735264777191887,3.288216954663122,0.8864399084471526,4.948454033220187,2.8371123363153012,22.693914419315508,1.7441868514966843,1.1733971034851693,True,0.15919237902850908,True,1.4046325379449078,True,1.904443138531458,True,1.0715556144714355
1282,1.2479556939854115,0.06682137054876952,True,1.4910840091737292,0.06504484473233328,False,True,True,1.4229433496742963,1.0475950827439018,True,1.097159322625413,7.7048454707819305,4.3746886710885065,0.9497455428150494,6.71042523755069,3.8100726842896946,28.791106293766685,1.7612328670841888,1.1931282061374668,True,0.17657851759368215,True,1.467584016331829,True,2.0489090191714388,True,1.1242845058441162
1283,1.2111692154333447,0.06394063065322396,True,1.51023951996162,0.062422428688279616,False,True,True,1.443461707206208,1.0697727428851278,True,1.3226850890744863,5.983717842347636,3.315014673755841,1.1592628075274902,5.286976307586176,2.929015789382774,18.75045842530832,1.8050350997596674,1.212549964283953,True,0.18089215143776288,True,1.4694873438491367,True,2.0822402076245696,True,1.1419990062713623
1284,1.1676621288213194,0.0692522411304499,True,1.4300536311044547,0.0628363954292946,False,True,True,1.4554764190432137,-0.4045869876060196,True,1.1266266790991963,7.055825867998182,3.9462817980019134,0.9594184927328714,6.051093822242535,3.3843410899668895,25.710121421430593,1.7879680745482234,1.1407585311291828,True,0.19175223895792315,True,1.5254813490470653,True,2.185278535788696,True,1.131401777267456
1285,1.2811696476686176,0.07807934486875052,True,1.5237911996542772,0.06768695671212874,False,True,True,1.4245749985180969,1.465809750586732,True,1.1253602530006266,7.713571157211537,4.508519325222443,0.9570629936487925,6.6065893978250525,3.8614975303697845,28.13684137279867,1.7108878992840875,1.2431189545263273,True,0.18957980035208954,True,1.5026007497740452,True,2.160144366673838,True,1.1470773220062256
1286,1.3355370006090226,0.06673930902343325,False,1.5632138151799226,0.05993337497760795,False,True,False,1.4529716071939502,1.8394126482475017,True,1.439234669599515,6.995723229300234,3.902354784901403,1.254401980693597,6.157635733173613,3.4348527635267097,20.274785182891108,1.7926927752359627,1.2103081500195645,True,0.17929661599965574,True,1.4777049996501412,True,2.0725923804148105,True,1.1754372119903564
1287,1.2286654249960327,0.06885681958371519,True,1.4716690811487196,0.06642905970411118,False,True,True,1.4219210791247834,0.7488891495005977,True,1.0701302109269994,6.539893614002215,3.6015432381295343,0.9257209978438243,5.69046499171432,3.133759801358537,25.025673099974785,1.815858697672811,1.251001636467887,True,0.18190055952173723,True,1.478859681957269,True,2.092694401093874,True,1.0846772193908691
1288,1.131364359739009,0.0693151583251038,True,1.3842317097086074,0.06002828906075172,False,True,True,1.4310955436258064,-0.7806958127653836,True,1.1314780360301007,5.918724341948964,3.559529182812585,0.9705615994610686,5.1117451944971375,3.0742107832180317,21.478989350967744,1.6627829238001206,1.1682887365018542,True,0.15391453899724716,True,1.3801181443369919,False,1.8616077289275714,True,1.1585361957550049
1289,1.2205759189964496,0.06797960847096601,True,1.497817246867047,0.061192909658380916,False,True,True,1.425339498203218,1.1844141595561894,True,1.0542796892247182,6.663128027141338,3.710831674554437,0.9144767595756625,5.811875937162531,3.2367520522423843,25.863011720363247,1.7955888629578936,1.1972369413875747,True,0.18137187320747306,True,1.471085794900369,True,2.086402441354436,True,1.08561372756958
1290,1.2104289953924294,0.07781260427646744,True,1.4059480824906372,0.06450278183593919,False,True,True,1.425242660003912,-0.299127835483903,True,1.1636872409118608,7.472214866982704,4.012966593125463,0.9773661049231102,6.326475068435859,3.3976449491643073,26.405169860620767,1.8620177102354187,1.1485967076896546,True,0.18724126301543176,True,1.5021538277747783,True,2.1415637210824645,True,1.1782007217407227
1291,1.3688817516585765,0.06257431436634268,False,1.5868607991558386,0.05824257418421873,False,False,False,1.412828041600482,2.988067749287636,True,1.638638435638678,7.113207706325988,4.096478961816995,1.4456732886561932,6.348699831806597,3.656200742283645,18.32433762188084,1.7364199285844546,1.2838661435495735,False,0.2040348538588947,True,1.5646053012870005,True,2.2991705336001873,True,1.0782716274261475
1292,1.1041092970169772,0.07195891071759807,True,1.406613546845138,0.06344823327181706,False,True,True,1.4112449926765889,-0.07299566264689283,True,0.9129136766385846,6.483249118031696,3.4218213543568163,0.7761500237775378,5.538036227677497,2.9229434624628103,28.89836036788707,1.8946778474501402,1.2045757168355173,True,0.17124421398885764,True,1.4271894349419598,True,1.9983550186256125,True,1.1436920166015625
1293,1.2788481668877685,0.09351238019617149,True,1.471516830096393,0.06511500445452376,False,True,True,1.406334997653728,1.0010263070501342,True,1.318424344198675,6.937077590551723,3.8233466390895816,1.0829934932321563,5.763064543296607,3.1762933547809697,21.80327411586035,1.814399332675623,1.2222704374257967,True,0.18538990744492595,True,1.4934168173312061,True,2.124255110406885,True,1.1598520278930664
1294,1.1130556492389423,0.07382750945571943,True,1.33944033027836,0.062497517319697944,False,True,True,1.4504588773754674,-1.776367315988033,True,1.0156750000000005,5.719746257600087,3.264803222082898,0.8578918458282122,4.860286444903412,2.774227759576244,23.007940426775654,1.751942113666186,1.1679198418267216,True,0.19697011440861728,True,1.525637752071383,True,2.2272541249850257,True,1.154695987701416
1295,1.1260583301776121,0.06524720265692835,True,1.406418074404543,0.06002238245358805,False,True,True,1.446298767611693,-0.6644303604240893,True,0.926451334860259,5.8599973368556695,3.2963204961090673,0.8035292976444797,5.104570303310521,2.871383508795369,25.75163885602122,1.7777389497692144,1.2053353951523624,True,0.1879303602256865,True,1.5170283719304016,True,2.1525686389812897,True,1.1707613468170166
1296,1.2773205718716278,0.09990139571306007,True,1.4620702134388377,0.06634118163885816,False,True,True,1.4126531154883297,0.7448932432274132,True,1.23899475290498,7.422831114015691,4.112560959339943,1.001689851243633,6.065576482187511,3.3605847490499885,24.72559004023161,1.8049169817550959,1.135612672153356,True,0.1903487742377612,True,1.4908369781385786,True,2.1635433284958605,True,1.1457746028900146
1297,1.2654275225808098,0.09541166078760928,True,1.5096295384645466,0.07759344929544214,False,True,True,1.4355215104004315,0.9550809860500457,True,1.118254918620836,6.224888590012904,3.3798841390906866,0.9291821063359406,5.213016827686548,2.8304752186213964,22.84352270175202,1.8417461468627823,1.2589931407173236,True,0.17358170950383206,True,1.442471367817629,True,2.0192424958147863,True,1.0980734825134277
1298,1.1720949455325573,0.06928986118468679,True,1.4196630905113508,0.06324537783424489,False,True,True,1.4142908668160163,0.08494255041710831,True,1.122216916053624,6.048330765384404,3.4974716854454146,0.968686915230757,5.254800108174014,3.0386093790037725,22.121190891308835,1.729343740094962,1.2341248983290292,True,0.21157944166940007,True,1.573567473004414,True,2.3671429953940164,True,1.1725547313690186
1299,1.1070735899557045,0.07842221074865764,True,1.4554512253959604,0.07323991644248663,False,True,True,1.4234228133338072,0.4373081458565603,True,1.062846271655409,5.627620301768053,3.196351905924632,0.8930188217537091,4.76033934675467,2.7037573482110946,21.67554367005237,1.7606385239800777,1.2015057086731897,True,0.17909629722998632,True,1.4792031662291107,True,2.071644940055134,True,1.157182216644287
1300,1.2457560771777123,0.0717239070586237,True,1.4528045523715747,0.06241114403940345,False,True,True,1.421819003741434,0.4964746137417042,True,1.2727099833965259,6.335410709262283,3.4799487053933493,1.1007318923165732,5.524246359645339,3.0343879583712483,20.57899801551191,1.8205471533081612,1.1418327531845374,True,0.20225038241964743,True,1.5471971651100254,True,2.2780857002596773,True,1.146979570388794
1301,1.103407493825366,0.0703874063395834,True,1.4477155344940882,0.06024486340854661,False,True,True,1.446977437925288,0.012251609963738174,True,0.9896571908847336,4.992337142523511,2.90861306610279,0.8541718474306276,4.330814081991807,2.5231994687313937,20.588100964174103,1.716397825721341,1.1945123216125617,True,0.18072385644853028,True,1.4726532134681076,True,2.08179479772221,True,1.0618979930877686
1302,1.246947775786247,0.06824001953329725,True,1.4344479815558457,0.06133910680228683,False,True,True,1.4005310060135467,0.5529421165460224,True,1.2622602127224147,6.8962849369604475,3.883767674751122,1.092547764416631,6.017012136039893,3.3885892833825877,22.574404591996412,1.7756687614952078,1.2198531030379915,True,0.17102930603489036,True,1.4566689539563302,True,2.0048698080540976,True,1.1559925079345703
1303,1.2994816616900595,0.06339235008098681,True,1.4991880324416318,0.059119498760440314,False,True,True,1.4491144145720776,0.8469898919890856,True,1.5489309215352904,7.074743097616692,3.9861128846532905,1.3594964713440592,6.276959906187024,3.5366189857739228,19.174193199268903,1.7748476529239208,1.2486793766577406,True,0.17984262582283217,True,1.4979229944794425,True,2.0848663141234685,True,1.1924147605895996
1304,1.1577144631038716,0.07494205631386279,True,1.309455579505156,0.06027493518092505,True,True,False,1.4197972178109053,-1.830638854683808,True,1.2150253705111278,6.259818333274087,3.8065416767351574,1.0288042745950106,5.345084362646172,3.2502998184351886,21.237980138908355,1.6444896351806364,1.2258927050618236,True,0.17221531065367773,True,1.4354977550687162,True,2.007304063410424,True,1.1445319652557373
1305,1.1803433750323975,0.06709814119428054,True,1.4268586447288978,0.06402961642777251,False,True,True,1.4304841846923255,-0.05662285932194307,True,1.1629134910188546,6.0168009883143485,3.4541170826182497,1.0100645377194772,5.261040831670483,3.020251300370204,21.275435438032282,1.741921551701879,1.1586104248489426,True,0.16848940708736493,True,1.4176737217367117,True,1.9756201464671754,True,1.0262460708618164
1306,1.1582890376136454,0.07830906498514346,True,1.353098177083115,0.06194198454890467,False,True,True,1.4282543734896889,-1.213332071193752,True,1.412523465671221,5.981256275668747,3.388836058301747,1.1876132707873233,5.087583243481228,2.8825023959023186,17.636060431612123,1.7649883832580981,1.184778419129723,True,0.17766813067208304,True,1.461455974306216,True,2.055201646593227,True,1.1609795093536377
1307,1.1636321140172265,0.07891226207425923,True,1.4150342342107671,0.06564531842677902,False,True,True,1.4335100302890214,-0.2814487997169544,True,1.0563007386245888,6.2856664186345546,3.5179287525015237,0.8929507865577688,5.3480295768694495,2.993157091811529,24.35330459319208,1.7867520523731335,1.1761915581210323,True,0.18418042299476,True,1.4934267613892047,True,2.1149587821123554,True,1.1302690505981445
1308,1.319670571676931,0.06272988044523205,True,1.5378186376394045,0.05880253330788554,False,False,True,1.4116109843903815,2.146296190815615,True,1.335471609843061,7.567853657315063,4.280618403586883,1.1706321550746661,6.688538001429028,3.783249539231327,23.50323755180153,1.767934663592926,1.2099791180487525,True,0.17304364048640875,True,1.4524711069610616,True,2.0178982737793487,True,1.1410317420959473
1309,1.1186633263629475,0.06577474628578799,True,1.4428350579233478,0.061778930277124035,False,True,True,1.4523585889598676,-0.1541550006418007,True,1.1508025094652357,5.839585633144716,3.2832506152610956,0.997526859520832,5.095506800398866,2.864899478915147,20.854389359200383,1.7785988087541502,1.1909542294794806,True,0.17325938909766042,True,1.4657911649891608,True,2.024228619158787,True,1.1745729446411133
1310,1.1977444128550123,0.06337879142308339,True,1.4256998629399462,0.05647990428976596,False,True,True,1.4472377134343963,-0.38133652606689583,True,1.0833332931196828,6.170331619326721,3.533305662660589,0.9521927588350294,5.452745213512019,3.1223954770278106,23.337102474601537,1.7463339457250477,1.1598523568866552,True,0.19044309315292823,True,1.5160729421475716,True,2.171473144011757,True,1.1400139331817627
1311,1.3876192483084462,0.11509468285186113,True,1.5318423202703015,0.06221047590917614,False,True,True,1.435589411010584,1.547213839036394,True,1.2846302274288632,6.8809985309824,3.808256326150003,1.0372018708880069,5.619984241495748,3.1103538889266265,22.157228442206105,1.8068632837902532,1.198836864035238,True,0.1629037755001695,True,1.4225271669000104,True,1.9357263085632632,True,1.0481889247894287
1312,1.3533224231462397,0.07401358071028333,False,1.5009004380731263,0.06135256839842986,False,True,True,1.4121075472315332,1.447256295204514,True,1.3922052800360938,7.14283681467232,3.974199226665236,1.1908178216956762,6.173036085118843,3.4346123077125568,21.34444173919693,1.7973021500147335,1.197248588505815,True,0.17680189292729764,True,1.4606986103137158,True,2.0484028299628436,True,1.1360366344451904
1313,1.0804537132363223,0.0712826875952702,True,1.4010886937725302,0.067192462402069,False,True,True,1.422558002110649,-0.31951959446953815,True,0.9911948263349319,5.690281374719528,3.1843744754208467,0.8461447208714727,4.8839617600397105,2.7331448382670707,23.431423445647336,1.7869385082191065,1.1835355167224377,True,0.2184553245520568,True,1.5977541753726354,True,2.43661713976557,True,1.1153929233551025
1314,1.0435185174442356,0.06765359075926476,False,1.3331657541196702,0.06012254585559419,False,True,True,1.4023297343102907,-1.1503834244934101,True,0.8973849385326581,5.3804566710758035,3.0880205349265117,0.7682595460154554,4.626530391636484,2.6553175182392947,24.383843911094402,1.7423642784175484,1.1432294746038298,True,0.20875413693316425,True,1.5428031254850838,True,2.3347820235875356,True,1.1223406791687012
1315,1.270276134444421,0.07233751563545132,True,1.4995679600973544,0.06474062107109205,False,True,True,1.4188464134160017,1.2468454170792072,True,1.2959008613652423,6.793080228553272,3.841380242537889,1.1159346553075453,5.900647680138088,3.33672364436167,21.69641506565563,1.7683956806278778,1.2641921719105524,True,0.1903198751442688,True,1.5441873355894211,True,2.183150081660588,True,1.165696382522583
1316,1.20288588804919,0.06734322787862297,True,1.461209526304944,0.06396683554429038,False,True,True,1.446016898441545,0.23750788567428555,True,1.1846750136420447,6.342936879422688,3.454450513139313,1.0310290791099008,5.558210289107545,3.027077637747411,22.039192664297627,1.8361637705611233,1.203188368833347,True,0.15750141942858303,True,1.3988888406019138,True,1.89107665463343,True,1.129606008529663
1317,1.2652010824405482,0.08342139430802348,True,1.4409599618275484,0.059556536118934564,False,True,True,1.4358404375922202,0.08596074535134865,True,1.1875,7.80382977428247,4.447136433616287,0.9902946279465624,6.564370395220647,3.7408108060663112,27.054338750028897,1.7547988218424442,1.1906259400536743,True,0.14895135282301314,False,1.3784485518636032,True,1.827274153215817,False,1.168436050415039
1318,1.1950373333283533,0.10224328367592216,True,1.3965350648206303,0.06588103811073995,False,True,True,1.4309239837317553,-0.5219850794293869,True,1.1827122372838021,5.91923055396531,3.3818815079975346,0.9505710872412944,4.8051339389895995,2.7453557457453814,20.599197479758907,1.7502773352547705,1.1763827022127318,True,0.191198574881509,True,1.5132929678814073,True,2.176448058353122,True,1.1529340744018555
1319,0.9695970852679552,0.06822438455463677,False,1.3217549359554601,0.06433470022107259,True,True,True,1.4275508239350265,-1.6444607282853767,True,0.6742905777904445,6.004991633114432,3.6134967499611883,0.5653909817051291,5.049193340458347,3.038346235997866,35.959363044780645,1.6618228958359877,1.1596072063383138,True,0.19706844037744004,True,1.5255759952243586,True,2.2280545219212584,True,1.06233549118042
1320,1.14195908713192,0.07380970435104614,True,1.4023571199509468,0.06522891264096793,False,True,True,1.4184557186605773,-0.2468015801250615,True,1.0883778336240364,6.284779062282211,3.598701541692695,0.9259010574020728,5.382080274297487,3.081810894016514,23.665008236846877,1.7464018589677446,1.160956312444616,True,0.18769453899523425,True,1.5115005981576286,True,2.148519067043701,True,1.0994703769683838
1321,1.2175199107640222,0.06715591613257034,True,1.4949962956062437,0.060700726408718625,False,True,True,1.4378508664330694,0.9414290825515783,True,1.138311291414324,6.197149605794641,3.4989499563231576,0.9885320608478598,5.4164058259259,3.058137068424348,22.361350404886874,1.7711455388481359,1.214462554250871,True,0.19184898315163695,True,1.5359059377147413,True,2.190476194808116,True,1.1188726425170898
1322,1.3362754663768228,0.07118616439079226,True,1.5797877549686923,0.0616053713106131,False,False,False,1.434574491871365,2.3571526314672275,True,1.4034092986692934,7.153530956597284,4.124083427912101,1.2159080253361558,6.258450005084585,3.6080601463788096,21.218833150843274,1.7345747440950536,1.237416187393292,True,0.17808112364443507,True,1.4641759519076512,True,2.05911238942139,True,1.1120209693908691
1323,1.1296315682089102,0.07210633466450753,True,1.366003409398,0.06483300597522794,False,True,True,1.4247099411410735,-0.9055037763558995,True,1.1023048990296356,6.427993417691915,3.613127866355648,0.9349530856324234,5.489803611224166,3.085778270080454,23.913145245694537,1.779066132020248,1.1590392667676952,True,0.19052323728600185,True,1.4857860580169338,True,2.164170108379329,True,1.0485267639160156
1324,1.3348267932423155,0.06920379660059715,True,1.607329077818068,0.06234761429106637,False,False,False,1.439212444662512,2.696440514479235,True,1.3064527209386219,8.410830521523707,4.381302818345887,1.1244554993284792,7.303373531873538,3.8044151474393844,26.660906095085718,1.919709928814992,1.2377749235221522,True,0.18192639400097,True,1.4958902141184613,True,2.099034507315736,True,1.0882301330566406
1325,1.2626614988573754,0.08020594237273115,True,1.4454117016781811,0.06344711781215973,False,True,True,1.445038373337776,0.005884086673729011,True,1.3681385373254906,7.131605465686689,3.8057095667759873,1.1485083325336125,6.052978968171817,3.2301113791980143,21.657349821505566,1.873922678689388,1.2143494658814342,True,0.13833449606867593,False,1.3317027099630094,False,1.7460332375049457,False,1.08194899559021
1326,1.1230734743948594,0.06376743411270826,True,1.3503402207021313,0.059487300535054674,False,True,True,1.4234526498269178,-1.2290426438446764,True,1.2453467997639633,5.743865035850687,3.2372384804728744,1.080544951828606,5.02217890275114,2.8304966600589982,19.04132104325645,1.7743101320764176,1.1661983194826995,True,0.17785404165012658,True,1.466879295608958,True,2.058194365383683,True,1.1427438259124756
1327,1.2363720047261693,0.08337855473417359,True,1.4904731145299934,0.06406701430033111,False,True,True,1.4461513037273264,0.6918039069980196,True,1.1824568400526867,7.006262582118781,3.8454369124528127,0.9891495876108861,5.910628164293206,3.244090191076279,24.387090899214,1.8219678911985673,1.2105237915673133,True,0.1814260503397544,True,1.4946447480000287,True,2.0948471111400377,True,0.9984798431396484
1328,1.2404049621620936,0.18081766566259058,True,1.3512150103789193,0.06598397932930666,False,True,True,1.4501164071946722,-1.4988698441808883,True,1.355709544475861,6.45368792786812,3.8468032424141367,0.9039795183572246,4.39228655104457,2.6180785831321858,19.765093515192426,1.6776755974183857,1.1728174020087268,True,0.17590909702388824,True,1.4684983808293626,True,2.0443179488596237,True,1.1220695972442627
1329,1.310717436896754,0.14853560396562868,True,1.429796448798275,0.06678692569253376,False,True,True,1.424178418133281,0.08411871944604347,True,1.5790108663816786,7.49769041471143,4.194026774103119,1.1355110237315138,5.521472004640723,3.0885779672212945,19.969863675593274,1.7877068551415698,1.149775489399113,True,0.16665507646144667,True,1.425887865808806,True,1.963475665454387,True,1.2326164245605469
1330,1.287855593149847,0.07147303092173649,True,1.5276442571393436,0.06221993561069662,False,True,True,1.4381775451678074,1.437910712915547,True,0.9640532407629221,6.697730836191621,3.665276612461236,0.8390490260750528,5.85606373425242,3.2046814019839664,28.325887956574014,1.8273466219222374,1.2154415336435325,True,0.22728103763480406,False,1.6293448364580891,False,2.529095366008446,False,1.0477817058563232
1331,1.190238479202711,0.07095418256757098,True,1.4193843544390954,0.06488510306068009,False,True,True,1.4305287684637888,-0.17175612735439882,True,1.0794194135298896,6.206140284491218,3.4812601187727883,0.93120642532846,5.386364885179174,3.021416919432344,23.553628889279462,1.7827281136001416,1.237355914529984,True,0.18071652586889153,True,1.4916143544853826,True,2.0884000989733202,True,1.1512932777404785
1332,1.388280085715298,0.07210673185986506,False,1.573222243073246,0.05846012537541267,False,False,False,1.4266768061221955,2.5067588550312125,True,1.4626809591020693,8.391305083866015,4.689863059689424,1.2603151132790538,7.309480493478765,4.0852361115790705,23.961552336639144,1.7892430924031524,1.223944341386177,True,0.18918521696373258,True,1.526404108820892,True,2.166098980156727,True,1.1196691989898682
1333,1.2510358361623715,0.07226315974605121,True,1.4567003611156617,0.06180748956567286,False,True,True,1.435711155288094,0.3395900072153223,True,1.0724293015153157,6.477297480133632,3.5973772860127307,0.92542365046771,5.622731271425035,3.1227662189695513,24.735460557724682,1.800561065784944,1.1932054721988858,True,0.16546941878049998,True,1.439122594444617,True,1.9593855987191577,True,1.0961766242980957
1334,1.289420533102028,0.07081142432864794,True,1.5055465276984716,0.06428129692985447,False,True,True,1.42814147323764,1.204161368201673,True,1.1872886700021923,6.281714608647229,3.419011479350708,1.034439911113751,5.510513938277254,2.999262396632394,21.781123212216936,1.8372897097848195,1.20540530448482,True,0.16533807198854805,True,1.4142627410952437,True,1.951130157630611,True,1.1123771667480469
1335,1.1092087781543876,0.0640412578543016,True,1.4041924637289784,0.06018887902447305,False,True,True,1.425173507251108,-0.3485867133959849,True,1.0854039335623082,5.648439493663378,3.188199874089068,0.9407711368286349,4.924871412245078,2.779789786902928,21.32440326672728,1.7716704462505664,1.1838954568262097,True,0.1993294088900025,True,1.5374764882041208,True,2.2505009024751375,True,1.1403088569641113
1336,1.304312230946299,0.06741756744313064,True,1.5500343111835166,0.06008915298927085,False,True,False,1.4423720693558981,1.791708427756371,True,1.396819473774213,6.3967973213959635,3.59139071004162,1.2243585088437932,5.657495253089734,3.176320097885641,19.05679285688978,1.7811477051244677,1.2142519075886509,True,0.15993430324693464,True,1.388678135235258,True,1.9068910321143413,True,0.9660549163818359
1337,1.2491316653268265,0.07427700131539193,True,1.5360804746716903,0.06027552008214521,False,True,True,1.430712055858496,1.7481129763724168,True,1.3201193600928227,6.409190704986275,3.6511666039398967,1.131905850714849,5.546242759296197,3.159565266848945,20.120041468014414,1.7553816081879838,1.2530234545968426,True,0.1582903155468779,True,1.3976837929670407,True,1.896332055621316,True,1.1629581451416016
1338,1.0958760542903305,0.07690281078725743,True,1.3807670151359814,0.06620286899411833,False,True,True,1.4127289751060221,-0.48278813978409757,True,1.0014903475383676,5.4957829402677705,2.990420152839898,0.8417120991387252,4.64671419052239,2.5284164077899796,22.407177043226728,1.8377962491486746,1.1354011283989227,True,0.16250500513451205,True,1.38864060441797,False,1.9267513253354902,True,0.9966347217559814
1339,1.2357087605806418,0.06673204221421139,True,1.4484731065268477,0.06489778999252485,False,True,True,1.4021979359129597,0.7130469407235301,True,1.3180116366759187,7.041164370439255,4.030985736906124,1.1378968188806127,6.132820644105907,3.5109693855722512,22.1368716354766,1.7467599316894418,1.2011019939821461,True,0.19150794473991495,True,1.5114255444433542,True,2.178310375340284,True,1.1468350887298584
1340,1.1710245053154216,0.06487884766531098,True,1.437731202627284,0.06072195101759822,False,True,True,1.4512317167412179,-0.22233333889455012,True,1.1384754994722062,5.866863603628583,3.367673307774184,0.996250207872945,5.165457183313678,2.965054832353175,21.166675515687324,1.742111858084656,1.2004172068845402,True,0.16806929287610523,True,1.42712694404595,True,1.974190833534778,True,1.110851764678955
1341,1.1761082578968147,0.08874887207738764,True,1.3947550527905919,0.06404538551435161,False,True,True,1.434282315495297,-0.6171758103610403,True,1.1200270990897516,6.096332858098808,3.3380149407798867,0.926083187627204,5.0812788195397935,2.782227449303312,22.338143287797486,1.8263348026460522,1.2114107701575316,True,0.1903516589910368,True,1.5130412013787582,True,2.1696651798194013,True,1.1189346313476562
1342,1.2845956845552369,0.06758000932470022,True,1.555123352870329,0.06437141970106604,False,True,False,1.4338355613364515,1.8841869900823216,True,1.420263583019691,7.343728357195156,4.18551589438314,1.2313334494130534,6.4303244884919115,3.6649265936224764,21.544670189930276,1.7545575127429955,1.202544106298679,True,0.1819189460363887,True,1.4951617368198875,True,2.0986794755530447,True,1.0555832386016846
1343,1.0960568281156766,0.06640943193328942,True,1.3693076112775988,0.06314794402745798,False,True,True,1.438537904787557,-1.0963190421505336,True,1.2023189748449437,5.532841443626801,3.193860619266739,1.037375924600583,4.809370235430466,2.77623321667901,18.958276059654736,1.7323365366197652,1.226130355262903,True,0.20399647979023527,True,1.5435637839728522,True,2.2920182675720406,True,1.1006436347961426
1344,1.1250375442073541,0.0782293675424539,True,1.4462196936293474,0.06805539408598907,False,True,True,1.4205636716418757,0.3769873399756521,True,1.0366346815272767,6.000971606448028,3.4980802750443485,0.8716413632773112,5.07817899276973,2.960166941744089,23.671683660364103,1.7155042579381479,1.1536152166773335,True,0.18269215999238692,True,1.4742356771250358,True,2.0975825935213357,True,1.1406030654907227
1345,1.2662165463186468,0.06791457938907103,True,1.502070825420856,0.05987575669419494,False,True,True,1.429115917690805,1.2184381752811146,True,1.274363036319312,7.002490577244253,4.024064002252693,1.1052694358582607,6.122412774657968,3.5183168876363915,22.718237529033814,1.740153877603393,1.2505767154645522,True,0.17689852578536425,True,1.4672009210559163,True,2.051149489362934,True,1.1731507778167725
1346,1.17203360255751,0.0701147638617556,True,1.3827610879820005,0.059821670541648185,False,True,True,1.4530846067028989,-1.1755525729081526,True,1.3000182355656307,6.342578521759694,3.762397851591556,1.1109153270195733,5.4695685141980315,3.2445310304557506,20.197684328381804,1.6857809226838356,1.21378236950767,True,0.15996915086706076,True,1.4142765371310044,True,1.9127248073494434,True,1.1181581020355225
1347,1.1870755958517643,0.06704705241276439,True,1.4777360557070327,0.061110571079711254,False,True,True,1.4112033654685447,1.088726370298589,True,1.1654092927350264,6.94293254037754,3.7874418086344566,1.0026699600633437,6.016004334612855,3.281792845505573,24.500517551935886,1.8331456669642616,1.2137316712379362,True,0.19423971679852992,True,1.5000948101111526,True,2.1982494763447447,True,1.1006371974945068
1348,1.1709642002476415,0.06562575138421609,True,1.387467307710775,0.05991406794880185,False,True,True,1.4487502461644444,-1.0228472302370983,True,1.2554020816421767,5.886218923832104,3.387402582426372,1.0922793563400188,5.1608029451021356,2.9699400327861882,19.36663974253601,1.7376791747073204,1.1829502432646637,True,0.15688970997813673,True,1.4054658207704451,True,1.8888415641465757,True,1.0596752166748047
1349,1.2282552557663555,0.07721044657598632,True,1.4460496418226012,0.06402402096783913,False,True,True,1.4088469219147193,0.5810744052856316,True,1.3851855592511904,6.366872101981933,3.687326943664962,1.1767990709671763,5.466735163162077,3.166019285157834,19.114747256270853,1.7266904180874394,1.1503495525396645,True,0.18617587831526772,True,1.495060513372162,True,2.130902020478107,True,1.2149999141693115
1350,1.0847268160480752,0.06471860088699383,True,1.4006565952786434,0.06165184630589322,False,True,True,1.414681219347687,-0.2274810068048683,True,0.9338511461491555,5.912049583929269,3.449051609768678,0.8033620752130625,5.109498404765717,2.9808484262331127,25.781724046849085,1.7141087617200892,1.1719818553749264,True,0.2038045330391074,True,1.5722690639505503,True,2.30043016328571,True,1.1024982929229736
1351,1.2776018681374268,0.06886875263425188,True,1.4950787412475315,0.05973993065691418,False,True,True,1.4148838194800732,1.3424006503793395,True,1.3374528486971489,7.60579860568569,4.454333608407754,1.1539377235732557,6.622236549904625,3.878310793690423,23.588563659081043,1.7075053811257885,1.2601528020583102,True,0.19273215973279384,True,1.5070904273090022,True,2.187028036873552,True,1.1649532318115234
1352,1.1565648290823665,0.06912558448127759,True,1.4438365043421595,0.06351487758647704,False,True,True,1.4239249050496499,0.3134950431951869,True,1.1505832210139277,6.22092064425803,3.4238401476920326,0.9880098504415724,5.379491678297246,2.9607385523121525,22.220226204664957,1.8169424902770281,1.2070024428513293,True,0.18221422697177725,True,1.483336651198389,True,2.0965151515824347,True,1.1759634017944336
1353,1.138843755187909,0.07621920460886325,True,1.4282926240234373,0.06269994910875575,False,True,True,1.421049543395392,0.11551972100458656,True,1.0522919185314394,6.009377897476816,3.3249963614430675,0.8903154940991107,5.116903469804283,2.831189136249571,23.36755982384817,1.807333676259637,1.1611132233272554,True,0.1677174275418914,True,1.4412908047570598,True,1.9758287491273105,True,1.1480729579925537
1354,1.191637911663857,0.06285992518667899,True,1.4175953629142244,0.05888536939534036,False,True,True,1.4366191912077741,-0.32306544883549854,True,1.3442937232598924,6.818438877196391,3.9046341749274798,1.1730365293065186,6.001076936346187,3.4365652481526987,21.046680714065708,1.7462426879780686,1.162304404062288,True,0.15689800368742712,True,1.398253315249308,True,1.8867085590606112,True,1.0975377559661865
1355,1.1722633141876415,0.0709386595400048,True,1.4024341582011397,0.06482136237837681,False,True,True,1.4025022870382806,-0.0010510244561542767,True,1.1686502322883405,6.760617394285924,3.8269552923610783,0.9979145127519534,5.81607855610918,3.292284019785259,23.794600441189658,1.7665786187209136,1.1533556870920287,True,0.20411357703679617,True,1.5543714119913394,True,2.2961773105667893,True,1.0775561332702637
1356,1.1477406492807913,0.0659039444347128,True,1.4022310685598838,0.058474326900537124,False,True,True,1.4342737200164324,-0.5479781154394832,True,0.9338958521534063,5.862202176934846,3.3782736890721394,0.8109477488107392,5.112740604719105,2.9463734860479374,25.563165197738304,1.7352656168437706,1.2609695064549726,True,0.15652650482874908,True,1.4065627325449856,True,1.8867740791113596,True,1.1413233280181885
1357,1.1568325709081582,0.07722009691612701,True,1.4176434861867764,0.0641048004457243,False,True,True,1.4177183184046438,-0.0011673418737302482,True,1.0391782120644766,6.614032392390331,3.7067542221817065,0.873973291980117,5.598337358243143,3.1375202612767428,26.028905576669906,1.784319109373664,1.201266256260076,True,0.17921601910219037,True,1.4850258827141658,True,2.0747635382905414,True,1.0973665714263916
1358,1.2112550084860048,0.06351078990543568,True,1.4765577477304948,0.0600936759951017,False,True,True,1.4500123131043474,0.4417342455187977,True,1.2696755077869535,6.803509905728725,3.983056368419133,1.104851520886638,5.966839151654161,3.4932346702864265,22.148918971867566,1.708112885288898,1.1987058436045641,True,0.2120555813356172,True,1.5888727077504334,True,2.3763848969770045,True,1.1265664100646973
1359,1.2778753909372855,0.06608455117941264,True,1.5493332792878167,0.05996719514180477,False,True,False,1.4433128822023755,1.7679732532884713,True,1.4465177058735827,7.3888017375580635,4.101214488043529,1.2552906171355056,6.477847531057992,3.5955819481078977,21.314970042270275,1.8016130975590274,1.2632427799980503,True,0.178267416650204,True,1.4631546626850547,True,2.0602524151849133,True,1.0830793380737305
1360,1.2067605883927215,0.06830246531333085,True,1.4441001197455352,0.05950058293072727,False,True,True,1.4280623238226917,0.26954014789258907,True,1.1078076838869486,7.61705456589924,4.316253199732859,0.9493517251318182,6.5706768988327475,3.723316531821309,28.202781969274703,1.7647376586643884,1.1709187124833766,True,0.21507934429565773,True,1.590599034443503,True,2.403684464975661,True,1.1218092441558838
1361,1.1684088660170238,0.0755076310030623,True,1.4531089783831097,0.05964756459453785,False,True,True,1.4337116884736871,0.3251983553943602,True,1.1639206454622577,6.012106225092518,3.377575026132955,0.9850780280019418,5.127868749684916,2.8808142733633866,21.24143671809573,1.7800067144550995,1.1614411011192063,True,0.17489306255276416,True,1.4610026842119352,True,2.034260785798336,True,1.1665430068969727
1362,1.3223379629372791,0.06949318403738583,True,1.5279732222853086,0.06512503583178471,False,True,True,1.450865161097473,1.1840002881073661,True,1.2171030056271395,6.711155626577716,3.7039534946657255,1.0624039624034556,5.899740004223984,3.2561251477650495,22.73267920150039,1.811889818876731,1.2615824429562088,True,0.2136097266870906,True,1.587660684484742,True,2.3896016506165902,True,1.1543560028076172
1363,1.2215978889204864,0.07125723122161293,True,1.4826879920313272,0.06358389440813514,False,True,True,1.4345486221077672,0.7571000545289158,True,1.21292848210915,7.325497937192053,4.278675085786522,1.0355791495969493,6.304690904542256,3.682442357930681,24.893996563896003,1.7120949336692746,1.195042204869831,True,0.14269733587317296,False,1.3383780347869687,False,1.7768218177810218,False,1.091526985168457
1364,1.2356816070992476,0.06826039559230206,True,1.4797463675614442,0.061145055276680044,False,True,True,1.4297933293982021,0.8169595715827818,True,1.2952738611958692,6.685312134113317,3.6025182347449287,1.1214449960455897,5.836902008910496,3.1453349521590113,21.361861372245006,1.8557330451893357,1.2157590417525344,True,0.18395763682656335,True,1.496184718535161,True,2.1142753948178767,True,1.1557395458221436
1365,1.337398357866151,0.06908407127892226,False,1.5524995894587137,0.06493491208544012,False,True,True,1.426841789797239,1.9351346698696776,True,1.3442947874644406,7.351934090519025,3.8029040264785263,1.1756224394205008,6.4840900946720295,3.353998012696681,22.693419782151192,1.9332420800865928,1.1944777151577193,True,0.199420565114526,True,1.5532564746791047,True,2.2570275231329306,True,1.1231982707977295
1366,1.3114334904108933,0.13925412231810644,True,1.4391921079691445,0.06099222643202254,False,True,True,1.4417787369856263,-0.04240915880263257,True,1.3022267609030933,6.553196406863743,3.655815385135447,0.9801198561101864,5.0055129412499975,2.7924130584503644,20.835373095027936,1.7925402999038336,1.2123757094150922,True,0.16683068968815623,True,1.4456435915405148,True,1.9713024803544534,True,1.1543726921081543
1367,1.1541754053287856,0.06541859225921921,True,1.4495355834875845,0.06309323798616054,False,True,True,1.4531755507613564,-0.05769187618125322,True,1.0741294271713846,6.102234867395996,3.4921265542447775,0.9315856275771809,5.323136478332977,3.0462718416782475,23.268001130424558,1.74742661029239,1.2226153377510414,True,0.21987343730307102,True,1.6321420934832516,True,2.462263709206893,True,1.1561741828918457
1368,1.1762966180528167,0.07889840256713582,True,1.4030819774475274,0.06257720167949048,False,True,True,1.4324313416182237,-0.4690104923677902,True,1.0288986225911623,6.4483460668022055,3.813258561071018,0.8645489224749822,5.452660672728078,3.224455507737156,25.619394492536554,1.6910330006552399,1.2155856832671645,True,0.1707417662405868,True,1.4524531735530672,True,2.00124778682854,True,1.115241289138794
1369,1.3366892337952,0.06656165160277203,False,1.5393181587421176,0.06048647082987599,False,True,True,1.4378869155072869,1.6769244732448665,True,1.4404300488104342,7.39329733289197,4.037874555686268,1.2537673893691583,6.499535967946083,3.5497437377473164,21.410687550406482,1.8309873749001155,1.2594580760172116,True,0.1752047108436644,True,1.4652698192421652,True,2.0380170223073417,True,1.132643461227417
1370,1.1518935813687288,0.0734850877632374,True,1.462229489038802,0.0630668132427897,False,True,True,1.4371306392663008,0.3979723801149981,True,1.0468249999999995,5.773357921751476,3.247034976360477,0.8947857888493379,4.964463721448781,2.7920990801011336,22.561807616372203,1.7780399545380607,1.2183013686101976,True,0.20647547159221846,True,1.5797738798726384,True,2.3255201275182054,True,1.1798429489135742
1371,1.186684605461088,0.06498978701544593,True,1.4504682728274378,0.05922994794627712,False,True,True,1.4196767181709329,0.5198646246394406,True,1.2409829825436576,6.253851502621431,3.484713950903763,1.0829520185525932,5.497774247029718,3.063419495891987,20.800366171830106,1.7946527579399996,1.2010448878156674,True,0.21460020834331217,True,1.5946079003671545,True,2.4007605141976365,True,1.1278622150421143
1372,1.1224298374485742,0.0675488396558063,True,1.4155411750723477,0.060257481419265305,False,True,True,1.4200332985233883,-0.07454880863315436,True,1.1367103878562959,5.660302786152456,3.165176760262195,0.9817020226832148,4.920912747144509,2.7517182834537293,20.451500383575045,1.7883054296416516,1.1244506036307247,False,0.14340074205661119,False,1.3558090681763202,False,1.7844598957432174,False,1.1032776832580566
1373,1.1320043874608914,0.06843559370257526,True,1.4299970511872495,0.06263348006308886,False,True,True,1.4075101291575045,0.35902399175480254,True,0.9318758042706557,5.625419315871508,3.0929617856626046,0.8066957117136178,4.891397588406298,2.6893827766293517,24.58192507459856,1.8187807369454372,1.2037333211498924,True,0.23166583153781733,False,1.6681845488578362,False,2.5847846753536587,False,1.097944974899292
1374,1.4155293177809363,0.08791182418433642,False,1.5622661911635876,0.05841617385425529,False,False,False,1.4396072291455315,2.0997431691449444,True,1.6840292583165792,8.708450521284119,4.989268854175084,1.3916742189939735,7.323728805225382,4.195930370739228,21.892701899496345,1.7454362103571102,1.2232514611439322,True,0.1784199674987219,True,1.4513296115174439,True,2.058814778732105,True,1.1361315250396729
1375,1.274044246854647,0.06788421365748562,True,1.5113937001869975,0.061159401988055674,False,True,True,1.4402383453851433,1.163440983542493,True,1.4645731563595092,6.504949269097176,3.910669304707801,1.279942573832118,5.742052940851882,3.452028486751471,18.553038366016896,1.6633851553917611,1.221862966159728,True,0.15119096294968254,True,1.3876070736087864,True,1.8449263287926092,True,1.1535797119140625
1376,1.2917868908344352,0.08600013092155837,True,1.4574075643105566,0.06394732631382183,False,True,True,1.4067194540915247,0.7926540973782048,True,1.4947865852137976,6.744075679065791,3.697055542061975,1.2411744598471368,5.677080591695287,3.1121362308269536,18.87928686545664,1.8241748338204267,1.2080674658597528,True,0.18577941689541105,True,1.4924561160187997,True,2.1269795484090457,True,1.1859805583953857
1377,1.2993125515388644,0.06527509313639503,True,1.586120240944312,0.057739118088395165,False,False,False,1.4469749122242297,2.4098970217567075,True,1.2932286757164668,7.311445912571303,4.178451205293374,1.1242695228593775,6.408283472378932,3.662298828332094,23.397060213073082,1.7497980838711165,1.2689908689154574,True,0.17252933608774185,True,1.4515029777050623,True,2.013819672220337,True,1.0703608989715576
1378,1.2182591728502645,0.0595267104020594,True,1.4314255182872455,0.05637259680093635,False,True,True,1.419759390419576,0.20694678850550563,True,1.1397454878161872,6.8855466214101115,3.994278597833031,1.006923688233817,6.118182434897049,3.5491336419624138,24.81567605689397,1.7238523685217266,1.1773087434524854,True,0.2310082727874841,False,1.652429371278051,False,2.5724306720088075,False,1.1625983715057373
1379,1.0326186693707127,0.07012886789903061,False,1.3276746041709668,0.06249948989288975,False,True,True,1.4047186789005073,-1.2327152567417252,True,0.9391156606572283,5.98356604667279,3.4878244859855725,0.7919109007591026,5.071928322164793,2.9564302717184434,25.95251994634905,1.7155582428861762,1.1964635401707728,True,0.17425141742714118,True,1.4669115663815797,True,2.0317380949627157,True,1.1800332069396973
1380,1.204030323978427,0.09546855243041588,True,1.4258126571880916,0.06181234838375842,False,True,True,1.435443887502704,-0.1558140172060362,True,1.3196769193338471,6.865974816888077,4.2291380146636675,1.0694334987028078,5.630909325611487,3.4683920814118374,21.56072739252581,1.6234927290340773,1.2404022582211531,True,0.166278227011123,True,1.44949972436601,True,1.969160140193568,True,1.0915324687957764
1381,1.0774047440881676,0.07738220596616238,True,1.3593361564496445,0.061256047973829164,False,True,True,1.4506885631787685,-1.4913206083447164,True,1.0361720724005148,5.930920290001009,3.3597393502873154,0.865426188364279,4.986338256802285,2.8246538540511805,23.40534806189241,1.7652917895234383,1.1522364482187932,True,0.22482691754773243,False,1.6236907023664242,True,2.503975011177559,False,1.1074442863464355
1382,1.1742797193401229,0.07013928211007273,True,1.39172875314226,0.06146146648012908,False,True,True,1.4185767178673405,-0.43682597019972974,True,1.2635905761343063,6.181924014174615,3.436332613300063,1.0825263063765334,5.3413318523696,2.969074482421752,20.21605129677133,1.7989888377649912,1.1558634069002953,True,0.20617355553693634,True,1.5521456793339246,True,2.313312464835972,True,1.1360619068145752
1383,1.0174592069672062,0.06901285282059666,False,1.2706064701265047,0.06315765560167443,True,False,False,1.434659678153752,-2.597518962101846,True,1.1218927835198502,5.697637218935504,3.2760320721768714,0.9473400075575218,4.846379371219498,2.786575144041507,20.844278750764847,1.7391884735577434,1.1429569166635525,True,0.15114189448623483,True,1.3766172693039942,False,1.841520453934514,True,1.1164770126342773
1384,1.1797975887814565,0.06116603154682598,True,1.412556584944569,0.058460573458229984,False,True,True,1.405257954768636,0.12484705065624924,True,1.2070800138337006,5.874603993876513,3.4099669481228716,1.0607599776773777,5.196999570809733,3.0166453405782456,20.054526599231288,1.7227744676852021,1.170563883759834,True,0.17617806198613134,True,1.4558749011846708,True,2.0423320879851015,True,1.131922721862793
1385,1.143532060824377,0.06625848979842579,True,1.3665910110430355,0.06344384400692396,False,True,True,1.3998245253093338,-0.5238256727109936,True,1.1081797145336898,6.642158766020389,3.65649804196839,0.9534559558665604,5.751727863919818,3.166317219026452,24.585300050393137,1.8165355730492168,1.1928578235079674,True,0.18140197881089132,True,1.4781995369132936,True,2.0886620969545167,True,1.0796568393707275
1386,1.1683969021670095,0.07216650917582453,True,1.470054059364032,0.06122932585901262,False,True,True,1.42997041636721,0.6546477922869701,True,1.467927980800597,6.713243571279799,3.7781299920554714,1.249629787649808,5.782282786583874,3.2541968404065966,19.107047583142478,1.7768693997814233,1.2289537136624762,True,0.19320113604521189,True,1.5196933005121724,True,2.194590275307685,True,1.0919015407562256
1387,1.3337739760731089,0.0649222052570878,False,1.51323522214283,0.05768798914448977,False,True,True,1.4169423338969174,1.6692016774016871,True,1.4846444470831017,6.631735455297998,3.882527155553345,1.316151720112909,5.933999710294195,3.474040116883347,18.680581464992652,1.7080976357917659,1.2386657385458606,True,0.17698925714203306,True,1.446030998982549,True,2.0465263005791337,True,1.1520907878875732
1388,1.2467220612913623,0.06675560146792141,True,1.521290633613555,0.06286474517940814,False,True,True,1.431512591762578,1.4281143046832006,True,1.1538104114996324,6.9557575086409384,3.9399644447506357,1.0025536238452923,6.083746915460878,3.446029639187433,24.779161103607297,1.7654366190812607,1.2457629060757898,True,0.1557715609720513,True,1.3946891044996694,True,1.8779464634374254,True,1.1128339767456055
1389,1.2880282821805598,0.06389616278488766,True,1.5004138870207677,0.058471799869269314,False,True,True,1.419097508268046,1.3906939573354706,True,1.1365936978032345,6.7567734983805305,3.772691201939059,1.0031305287156922,5.997791311400109,3.3489082499227143,24.415585555832745,1.7909691349527193,1.1953958823014699,True,0.23213654848405207,False,1.674995784157285,False,2.592139017711553,False,1.109018325805664
1390,1.0895691779434111,0.07045344688481837,True,1.3722247491389958,0.06404719752112431,False,True,True,1.4296425132569734,-0.8964914366321781,True,0.8845103402279269,5.63815586405051,3.2340669427331967,0.7572267792879034,4.847458414662103,2.780519977301595,25.91153316818243,1.7433639945886688,1.1572091658048114,True,0.19321070919106909,True,1.5272966155561583,True,2.197389637813076,True,1.1396973133087158
1391,1.0751208707493132,0.0829232097945772,True,1.3600596113910393,0.06267656443837925,False,True,True,1.4241688386677187,-1.022858030766966,True,0.9438183538583601,5.844107848366616,3.412125090295104,0.778372737045638,4.847750215656353,2.8303944026200103,25.225885708343725,1.7127472451079389,1.2034101071834238,True,0.1774327851068141,True,1.4634003180141268,True,2.053963160759229,True,1.101088047027588
1392,1.14765433503997,0.06332066376390601,True,1.4062039762136243,0.05943722494734987,False,True,True,1.4160782394594658,-0.16612927764693314,True,1.2362652179968376,7.1091352239846435,3.93392236678276,1.0650029365540241,6.172884084976013,3.4158369484261373,23.729750471696615,1.8071366339134536,1.225604276010121,True,0.21369152546662962,True,1.5904026656447414,True,2.391256638227057,True,1.1846230030059814
1393,1.2880110018135573,0.06372747135681159,True,1.4998660116597808,0.060849970640793845,False,True,True,1.420982658226235,1.2963581182184232,True,1.3970320666579783,7.260221573814651,3.9972025287529958,1.223297460712069,6.4149969327113405,3.5318539111615146,21.625994453015863,1.8163256731651316,1.212533877867437,True,0.20600166771601314,True,1.5659800791154856,True,2.3161562880088846,True,1.1589634418487549
1394,1.215696920279171,0.06685527853874673,True,1.475756341487348,0.06304055603209949,False,True,True,1.4388298596551792,0.585757552857978,True,1.251770710590009,6.3481216460227134,3.594048863553981,1.095110602385502,5.594683653961012,3.167482847632669,20.94316972806007,1.7662869613145333,1.2416277993688873,True,0.20405029508630768,True,1.5868070266569803,True,2.3091945081679297,True,1.0445544719696045
1395,1.1741036355526533,0.07127073439290277,True,1.375413980688279,0.05991708430614782,False,True,True,1.427626153165156,-0.8714070966821007,True,0.9236690845566854,5.647677894626162,3.390464064785781,0.8012243183292461,4.920142852436313,2.9537037780909308,24.89075904898993,1.6657536510368525,1.2212193916871372,True,0.18386704950178012,True,1.4797483694281304,True,2.1082820982395583,True,1.118760347366333
1396,1.121640441014112,0.07102657561213237,True,1.3842692166817545,0.06300302318517974,False,True,True,1.4320006075766125,-0.7576047700848411,True,1.0713519155413882,5.338241759762076,3.101150151486486,0.9192669878137754,4.608603649562845,2.677280750697956,20.40519265221316,1.7213748122461199,1.219840956168633,True,0.17946115668607848,True,1.4593852776187977,True,2.068626530688772,True,1.1782777309417725
1397,1.2568616138542457,0.06302366962768588,True,1.4652394035058087,0.057007516280743804,False,True,True,1.411553485985397,0.9417340207565901,True,1.2202443847195505,6.7067765877860515,3.8850346235914257,1.0721374396919117,5.9330112212782256,3.4368155424767606,22.66282567549931,1.7263106349322919,1.2727313813661767,True,0.1768189495600213,True,1.4628231434805983,True,2.0491602794520087,True,1.166858196258545
1398,1.1951093594893085,0.0647640202795001,True,1.4193864920259274,0.0596833279929069,False,True,True,1.43512037646085,-0.2636227731267354,True,1.0505083759832992,5.758001944506189,3.359470692918476,0.9246742721603016,5.093862818733894,2.971982819424215,22.426396723975568,1.7139610584023386,1.2341922052433318,True,0.1936514091595592,True,1.5475660366967412,True,2.209582681717889,True,1.0764474868774414
1399,1.2424443785541381,0.0668115324508618,True,1.5245301573818166,0.06301262465797056,False,True,True,1.4418319599693936,1.3124068051649138,True,1.386107475822414,6.9399570935646695,3.8548214721972154,1.2029558316339752,6.079924961760217,3.3771138604983544,20.82246559621349,1.800331647942428,1.2384130537037548,True,0.21905926408880688,True,1.615025973448584,True,2.4479312793274817,True,1.1073675155639648
1400,1.1186220114764935,0.06725911168827226,True,1.3891515549842564,0.05794517256047991,False,True,True,1.4425757674052448,-0.9219786577600974,True,1.0809146145167772,5.4341505465722975,3.2953483868150513,0.9300071829045039,4.7042780135005025,2.852743005564457,20.59657474720898,1.6490367356346183,1.190293327132983,True,0.21272593624053265,True,1.6093559613660842,True,2.3906697980343394,True,1.038956642150879
1401,1.1763207353896992,0.06643905376761033,True,1.4414900058602287,0.06122555422560348,False,True,True,1.4512801128266173,-0.15990230044001047,True,1.1758376423884314,6.898353871489152,3.9427720817300114,1.0130931694633174,5.986333853845915,3.421504670615536,24.139111643547807,1.749620249025982,1.2235611265340436,True,0.2300756475521708,False,1.704698608865179,False,2.5891764924865317,False,1.1356675624847412
1402,1.0766537287906253,0.07794001827482916,True,1.4169807109792203,0.0719088461374729,False,True,True,1.4510397039405496,-0.4736412109327477,True,1.1268860165199703,6.0336445464819475,3.548457752556628,0.9371341335295674,5.057514755741396,2.9743842722959437,21.980680557922224,1.7003568781775034,1.2100024808076122,True,0.19092144355748325,True,1.506511997899686,True,2.172088468012168,True,1.0660731792449951
1403,1.2315796112048603,0.06838757293742581,True,1.4064831649625087,0.05938162018223309,False,True,True,1.4367196734812873,-0.5091896857308265,True,1.1215329640554885,7.610805585996063,4.255150582484417,0.9652506647480616,6.59352829430383,3.6863976415004616,27.851909458430054,1.7886101651313149,1.2241928070790777,True,0.1705522178987141,True,1.4452098877665946,True,1.9974120569953497,True,1.1110270023345947
1404,1.3247069450860467,0.06231646669016857,False,1.5509366616295683,0.05758422293811061,False,False,False,1.4144127075812045,2.3708569306404415,True,1.375629390507617,7.189320365293113,4.04745461590223,1.2124170806710568,6.38970548489521,3.597286203011,21.72254498488615,1.7762571906419067,1.23521691556549,True,0.17838919156780353,True,1.4458033641970058,True,2.0577630697424607,True,1.1236553192138672
1405,1.174170542444233,0.06293929941525826,True,1.4509259384016024,0.058500539678127246,False,True,True,1.4025445552796083,0.8270245605970613,True,1.1391158400517523,5.7385782474263625,3.2642166009052667,0.9979284909561399,5.057980660068047,2.87707925653126,20.69281043039062,1.7580261817904117,1.240274324319483,True,0.1728791566228849,True,1.4427685918433377,True,2.013965014667104,True,1.1066558361053467
1406,1.2111847193103173,0.08441235835370435,True,1.4390827234762393,0.06051096502950984,False,True,True,1.4378788746095423,0.019894722652496276,True,1.2034463123737669,6.535836772814975,3.5992581646417974,1.003425147116692,5.498128442365623,3.027796497113343,22.375272727814014,1.8158844055759555,1.1939510877207242,True,0.15725976488865828,True,1.3954731446452724,True,1.8885228633369784,True,1.1775317192077637
1407,1.2504873611187894,0.06643528840635608,True,1.505871855352376,0.06269301049567472,False,True,True,1.4181514351358535,1.3992057411659062,True,1.3539129661364664,7.570999529756805,4.222772941238816,1.167348469282204,6.589138086631368,3.6751335023800773,23.215510696656096,1.7928976137503938,1.2094890542762564,True,0.13933451526747487,False,1.3633227569552395,False,1.7614198162011405,False,1.1587433815002441
1408,1.1956583915949675,0.09856028649755977,True,1.3724398467270238,0.06486425977577366,False,True,True,1.4360838497518194,-0.9811875329311341,True,1.2125550989578364,5.9719578092928325,3.3699778045179842,0.9828322013443138,4.889908201904252,2.759376846384505,20.300188105262787,1.772105976866223,1.2290450454345612,True,0.1950579249950654,True,1.5175610101056425,True,2.2090767808608796,True,1.1614503860473633
1409,1.2425427043861899,0.06562695879438617,True,1.4808901420881202,0.062083655990863684,False,True,True,1.423391335143858,0.9261504662793011,True,1.2125940465379048,6.911812563045208,3.861383651322306,1.0546488934808314,6.054892729425837,3.3826530425492813,23.4942807150795,1.7899833808739265,1.1843039366570145,True,0.1687488876150161,True,1.4380965264499133,True,1.9821370244689511,True,1.1315875053405762
1410,1.1559595346130878,0.07335808519369255,True,1.4777969988956439,0.06094277703469526,False,True,True,1.428743450101421,0.8049116102191463,True,1.2203273747178451,6.795512185545527,3.863849740037719,1.0311244162467061,5.791250597248911,3.292838200227163,22.96120279553885,1.758741318309958,1.2409877483363014,True,0.22515545988958352,False,1.6336493220900887,True,2.5104395170501053,False,1.1079432964324951
1411,1.1572100486997943,0.07068123207626732,True,1.484870237125706,0.06858534349536487,False,True,True,1.4345454939629225,0.7337536067918741,True,1.1804659622451552,6.671170208152131,3.7929827791513153,1.0072795084603596,5.736011325490128,3.261285726455388,23.257688264969957,1.7588190077796277,1.2581739173156488,True,0.15734999827012253,True,1.385650311915294,True,1.8872910555101885,True,1.1057054996490479
1412,1.2699458842219051,0.0659995368415706,True,1.5328447520444033,0.06196894459567219,False,True,True,1.4217327249586182,1.7930275852002315,True,1.3245156103201328,6.99812035489725,4.032701316700074,1.1498781185956235,6.127980256967181,3.5312788002695683,21.90096593328491,1.7353430877503604,1.3097020368062615,False,0.17674429653760942,True,1.4416184183834053,True,2.0439257927507146,True,1.1129932403564453
1413,1.356187164909989,0.15188330302696224,True,1.4687000876661411,0.06128788641018041,False,True,True,1.4198237928325255,0.7974870353091001,True,1.3820383331624253,7.031270605302747,3.8064256280562287,1.02208085848942,5.290593430245204,2.86409833314105,21.153854017762725,1.8472108199033175,1.1937235275345073,True,0.2090534776118173,True,1.5861386746825386,True,2.3496655801046398,True,1.05216646194458
1414,1.1817378177234488,0.0668158546547625,True,1.4362917283161014,0.06013056318618266,False,True,True,1.4212477226586682,0.25018900306741504,True,1.1763656041034873,6.577794297878925,3.67585478401757,1.0150766673516853,5.716440871067313,3.194506482247725,23.00763308527725,1.7894597812946367,1.225289728690283,True,0.1810708458666157,True,1.4796993361238813,True,2.0866157643907575,True,1.0953402519226074
1415,1.3554045403198947,0.09934598358492484,True,1.546490482984994,0.06839258500504074,False,True,True,1.4331621984761305,1.6570258968938054,True,1.384171097110063,7.830017191397609,4.285882181391999,1.1192138357694783,6.415363885522478,3.5115496035327043,23.52335499242456,1.826932440045405,1.2088922638925332,True,0.1814567528668392,True,1.4768091340761862,True,2.08865879543724,True,1.1606082916259766
1416,1.263456436201024,0.06702596368841866,True,1.4512437643384326,0.060714213322292786,False,True,True,1.4352052318082233,0.2641643801768621,True,1.5689103261282322,7.313508966955712,3.9917256923296662,1.3543150773773807,6.391264834409513,3.488363268749111,19.592606709173488,1.8321672205605324,1.2047442564016972,True,0.20419065943850795,True,1.5615413122725055,True,2.2993107842857468,True,1.1242015361785889
1417,1.2009935641862908,0.08390301062970647,True,1.4716609425700133,0.06437495324081927,False,True,True,1.4336596558021644,0.5903116795392541,True,1.2117777028719905,6.419755623839254,3.566157096717124,1.0100101208514127,5.3992667840638875,2.9992782727675675,21.83554340271484,1.8001886764183919,1.2413350635176752,True,0.22743750651485023,False,1.653427857604518,False,2.5393092001199413,False,1.1494791507720947
1418,1.3215347523495211,0.06623616502719909,True,1.5501764652600378,0.05835610911832767,False,False,False,1.4345686796057626,1.9810742594208828,True,1.4308152735576887,7.533136646452735,4.405914031441263,1.2461200274106252,6.625236726875489,3.8749095929789132,21.950345222637743,1.7097784007348176,1.2493588525874206,True,0.17953308026023324,True,1.4593859145787365,True,2.0691949545352757,True,1.115311622619629
1419,1.1794538353228297,0.06282978552883786,True,1.4248494873793038,0.058494008437660526,False,True,True,1.438344284273299,-0.23070391745125643,True,1.331134684219941,6.713376150861213,4.116819991651659,1.1560240263604988,5.881049966784891,3.6064155398258855,20.912653998305963,1.6307188957678524,1.2318035929582125,True,0.19636224098201965,True,1.5497757245282835,True,2.2313837393090417,True,1.1824514865875244
1420,1.2593189890867835,0.06500613745492052,True,1.48581331163176,0.06120348213770563,False,True,True,1.4103363355204714,1.2332137563916394,True,1.4079724597912158,6.779728973607252,3.8481188381623634,1.2307893775269023,5.981718617873067,3.3951746725616725,20.04994908010348,1.761829418148857,1.1836676750410824,True,0.20010090096981215,True,1.5310059412569292,True,2.2551389582484282,True,1.1419835090637207
1421,1.1633807909637202,0.06865705463477229,True,1.3999687171727595,0.0625159021165752,False,True,True,1.4331714133037488,-0.5311080062329617,True,1.1842569754044476,5.931346944788595,3.37136638137425,1.0218971474037848,5.1551749062371055,2.9301916631705964,20.615947080422362,1.7593302755694074,1.127930133875162,False,0.19443943718402662,True,1.52824378632945,True,2.207486115101631,True,1.1400649547576904
1422,1.168445609090229,0.07041195385208744,True,1.4412916210678206,0.06396397536621805,False,True,True,1.4356127402511067,0.08878248708276981,True,1.1673253652843971,6.052698796060555,3.4923988120263068,1.0053690292945763,5.250003210661142,3.029244572351893,21.32587313892047,1.7331064182067881,1.221912708982839,True,0.1948966464206976,True,1.526857586957417,True,2.2106644281263423,True,1.180504560470581
1423,1.1907134930062964,0.06984909086227359,True,1.4082825689159137,0.06334324883419482,False,True,True,1.4502915562681862,-0.6631959699799068,True,1.2750920365324068,7.02926851640942,3.908325200962442,1.0896744847640205,6.060042553367712,3.369428408509569,22.79291761095112,1.7985372646775741,1.1804232489710413,True,0.2134481123901909,True,1.5856700888011117,True,2.387512452369167,True,1.1130502223968506
1424,1.1752935842394654,0.07033344592834109,True,1.4233345797809474,0.05934270359437336,False,True,True,1.4422217992266635,-0.3182736596366828,True,1.2182203996860748,5.907136052308956,3.3978320868283363,1.0500444368874489,5.130791396070301,2.951272407138154,19.991958913897363,1.7385014625083777,1.1809610679807996,True,0.1714461604087717,True,1.4440546306246265,True,2.0036009617615145,True,1.1449167728424072
1425,1.353822984181767,0.07328288083347202,False,1.618721334382231,0.0616138139834545,False,False,False,1.4601093842068993,2.5742920283741038,True,1.057139865338673,7.042666118957683,3.936121803843671,0.9216199962465815,6.173265882388708,3.4502170101726546,27.265554985692603,1.7892398838065513,1.2811049568777784,False,0.16482309862488853,True,1.4312324071389517,True,1.9520260575414263,True,1.1247212886810303
1426,1.2633973548442803,0.06668949937176932,True,1.4936826683372801,0.06267634503640886,False,True,True,1.4528312187499681,0.6517841709433009,True,1.2826828935246657,6.783810327938791,3.8461472017436042,1.1181620898841165,5.960567562918918,3.3794017144771713,21.875266394318572,1.7637937323000619,1.193715123115792,True,0.1472112657693635,False,1.3585887423630878,False,1.8108112486817272,False,1.0697925090789795
1427,1.222282447728376,0.06962687903542335,True,1.5044212204394014,0.06379162748575952,False,True,True,1.431761501784475,1.1390165374154568,True,1.1647562323811922,6.3340850327002265,3.6623049986467695,1.0111719143118185,5.535996663022504,3.2008582371108636,22.36384090155412,1.729535097442918,1.2475048901781995,True,0.16526562514409915,True,1.421826963536597,True,1.9523149193480438,True,1.1494076251983643
1428,1.1711948949544504,0.06654151887865206,True,1.430682622149733,0.061487268726011,False,True,True,1.3961048500545807,0.5623566115651008,True,1.1326971460676414,5.710179717415237,3.0732086729245705,0.9879233138430965,5.011273749622182,2.697058711264062,20.701027354035247,1.858051413079358,1.198989894544129,True,0.17228541231155775,True,1.4507141426814627,True,2.011784103278502,True,1.1678297519683838
1429,1.2233428943769498,0.06773497093792638,True,1.4670866733046108,0.06247297683164587,False,True,True,1.4286638079433602,0.615031767491947,True,0.9641636951148552,6.947932502828475,3.937739138975854,0.8365224385804865,6.056386831503266,3.432455835959799,29.380795731194254,1.7644471250158857,1.1882224395613623,True,0.18787858483833092,True,1.4969351609758608,True,2.144888513742049,True,1.1412131786346436
1430,1.178980684171103,0.06572278312164592,True,1.482544197143136,0.061025166979559696,False,True,True,1.4327725569501835,0.8155920361450775,True,1.154466816586604,6.448723186100517,3.6533927427939243,1.004798420590501,5.649348463541977,3.200523279197948,22.960539836777357,1.7651327519660178,1.1877897266817705,True,0.18884309663784804,True,1.5035074745212984,True,2.154564338598974,True,1.1641273498535156
1431,1.2033436780292774,0.07253456411027363,True,1.4399941161843242,0.060801297607010425,False,True,True,1.4339512995759383,0.0993863099344308,True,1.4428643683867954,6.551568428622434,3.752546231766128,1.2287529179908334,5.642884581246467,3.2320787766083083,18.943675368159784,1.745899457057176,1.233694307483436,True,0.20890916634781764,True,1.5655964892116896,True,2.341133975082904,True,1.1028861999511719
1432,1.2103354676651743,0.08096163161276171,True,1.4758417355950804,0.06581154814883954,False,True,True,1.4108077413499087,0.988185144924575,True,1.1981488282649169,6.454354254775007,3.599403296650852,1.0079542166127666,5.475802301329131,3.0536936891294726,22.18837235458391,1.7931734020415577,1.1971374157137125,True,0.1632784472511618,True,1.4214175307604053,True,1.9380029269600771,True,1.1144707202911377
1433,1.1734301310321937,0.06381051383718538,True,1.425158241962749,0.059171236460388806,False,True,True,1.4476517593024416,-0.3801427633635884,True,1.212305727444702,6.575722504895531,3.826834457175468,1.0502159086171396,5.738622461816095,3.3396722804603565,22.356864208503513,1.7183190384851341,1.2024392123622867,True,0.20998109152119743,True,1.597716449858983,True,2.3624304000222964,True,1.0928490161895752
1434,1.2235726177369115,0.07742048454191636,True,1.456994137296172,0.06332440361475418,False,True,True,1.432964281115608,0.3794722857044844,True,1.297174896928566,6.918402835592529,3.9510823569792715,1.097966524399665,5.912052866962763,3.376358435795637,22.076428414733556,1.751014585502558,1.2332420371751658,True,0.19843387277712488,True,1.5162457722520413,True,2.2374432307483705,True,1.1651699542999268
1435,1.197613171931144,0.06764357827388014,True,1.5183402078254007,0.06087542110825859,False,True,True,1.4533419006690977,1.067726612366465,True,0.9765047562935464,6.057184239418323,3.4190252871037945,0.8499036246490491,5.296734019451096,2.989783179074194,25.302652167394907,1.7716114186886502,1.2233916298848007,True,0.2174312124684209,True,1.6557328546895649,True,2.4540055493531927,True,1.1051828861236572
1436,1.0086954853853347,0.07303021274875891,False,1.324627151030418,0.06363925523644026,True,True,True,1.410270679317289,-1.3457657222523716,True,0.8351107312134182,5.418215493718153,2.986484277554051,0.7001170463401921,4.561692572033954,2.514374550294174,26.32805806956207,1.8142454438620732,1.1381708897651486,True,0.19070712479202323,True,1.4890754297548896,True,2.166245489674782,True,1.114100456237793
1437,1.3679127781308162,0.11018025746662899,True,1.4878280731867954,0.06413157162958637,False,True,True,1.4054210918647234,1.2849674384722938,True,1.3311472698103608,7.056354039069999,3.9325139765325794,1.0664157640954137,5.7251787032551755,3.190648477108577,21.980861777044257,1.7943621004728905,1.2880052683237937,False,0.22784730891427574,False,1.6570288766498884,False,2.54461147928408,False,1.1037604808807373
1438,1.2791383404829055,0.06267847946801144,True,1.488392154778452,0.0599702084504799,False,True,True,1.4198088861781615,1.1436223146851792,True,1.3522141203964895,6.655557146982994,3.818608051701866,1.1920740797199885,5.915087507430343,3.39376558319143,20.43220528495148,1.7429275424108437,1.262505243839024,True,0.20362525687240163,True,1.5370760334396578,True,2.2872174404658083,True,1.1262848377227783
1439,1.21286482101169,0.0661017855757835,True,1.4409237385263296,0.05901588078593576,False,True,True,1.4185791189504984,0.37862045399068645,True,1.168744484128432,6.039653929035025,3.4699369911935407,1.0241962519944416,5.326547641247285,3.0602390323830537,21.25548429133727,1.740565878966462,1.2405283621640297,True,0.20498102477734137,True,1.556384459123087,True,2.3042212489120737,True,1.1160557270050049
1440,1.1315728560004166,0.11815028978395019,True,1.3018914451324675,0.05739925507738158,True,False,False,1.4217496499021611,-2.088149133784217,True,1.1134990810937861,6.054684120101074,3.687484017115692,0.8477352138559254,4.658504989468553,2.83716909942318,22.309060613775852,1.6419553527548518,1.1671266811624752,True,0.17765715636904922,True,1.452491587263958,True,2.0529842271235466,True,1.1917130947113037
1441,1.1599778826287006,0.08453229858800021,True,1.3881482931514868,0.06253064467087674,False,True,True,1.4271894926520754,-0.6243530625036366,True,1.1252099049338293,6.291504889142618,3.49938843938719,0.9334782318266177,5.261241761260153,2.9263473398784683,22.95247187460792,1.7978869731433362,1.1919986912756309,True,0.1816395923488519,True,1.4848011881552452,True,2.092652042149353,True,1.1624536514282227
1442,1.212634948419815,0.07559452612752966,True,1.4652089171027136,0.06489977899839755,False,True,True,1.4255732947980637,0.610720451076244,True,1.2716606780251405,6.7606311808259125,3.8170573276775586,1.080088204151666,5.794179741796043,3.271398135728736,21.977173716051396,1.771163123960555,1.211594777878969,True,0.19384236137161598,True,1.5355101354277318,True,2.205613458351678,True,1.1199133396148682
1443,1.228695943790874,0.10470632672081673,True,1.4491243118132253,0.06424981868705358,False,True,True,1.437965480191755,0.17367880329472235,True,1.2774457914713193,6.911495926044306,3.8808740812098117,1.0110587165978033,5.537523681383564,3.109374925359574,22.372410559058828,1.7809121814871502,1.1869488779669803,True,0.16306414540557734,True,1.4188183738829168,True,1.935713538896342,True,1.1119146347045898
1444,1.126925511340395,0.07298836054593634,True,1.350134076908706,0.06018833095181376,False,True,True,1.447283397639408,-1.6140889636643823,True,1.1267384205322701,6.161897951367348,3.3975231602610285,0.9615478257343598,5.295249484956473,2.9196739229522115,22.45070066327721,1.8136441344799943,1.1100365052548835,False,0.22778037569519322,False,1.6461014214555256,False,2.5395325205328914,False,1.164902925491333
1445,1.2246016012298189,0.0678726432380996,True,1.5473243491238882,0.06455204829352933,False,True,True,1.427457249492637,1.8569062144425652,True,1.0498603965365794,6.67639133647819,3.777103505684652,0.9125471090533543,5.834941591944778,3.301061491405253,26.01869530959185,1.767595546807236,1.2604744054289996,True,0.1679505076692029,True,1.4339535144711357,True,1.9751209936214806,True,1.183971643447876
1446,1.2870115885388318,0.06638476016064099,True,1.4928557587353222,0.06153248576126331,False,True,True,1.4314496312328409,0.9979464788847919,True,1.4574781378822086,7.960298143112216,4.520040961895935,1.2564037283514307,6.936489133829402,3.938698583015242,22.805151404515097,1.7611119479265211,1.206306278040197,True,0.1747892086834199,True,1.458336567315039,True,2.0326263123140125,True,1.0971603393554688
1447,1.1772396693271765,0.06982303294555982,True,1.4844106834891981,0.060077823151944515,False,True,True,1.4299847135437171,0.9059244674666513,True,1.0740614380710782,6.508376606894528,3.898180180927313,0.9214301358751275,5.618020211118513,3.364902857623797,24.818129401218307,1.6695935808042335,1.246120923455988,True,0.17511100467496288,True,1.4511559342372868,True,2.032983312453011,True,1.116577386856079
1448,1.2081309395011515,0.06515179105115604,True,1.4826807307642327,0.061502599285537606,False,True,True,1.4318655712938924,0.8262278352565426,True,1.2397421476014614,6.04196895813822,3.4523880911831957,1.0838869466584986,5.320870485887091,3.040351585299306,20.114521956465087,1.750083941480498,1.2056559979238959,True,0.18154877795243185,True,1.4660833224425,True,2.0866155308864833,True,0.9765617847442627
1449,1.2205055321588543,0.06577998479509453,True,1.4844876703456802,0.06307702164635035,False,True,True,1.416273680504635,1.0814396124074461,True,1.2405984251727356,6.0051992691960665,3.457192023572656,1.0859351654778264,5.294576025946393,3.048086363926994,19.97915781984683,1.7370164076076702,1.2727086428115058,False,0.18650110236943485,True,1.5213174468358328,True,2.143868870493713,True,1.1828010082244873
1450,1.222711152690894,0.06517413571708498,True,1.505920098328674,0.06184776319794613,False,True,True,1.451851282729771,0.874224269451003,True,1.2319765344487568,6.72838819737661,3.7659263136497763,1.075213857473667,5.914971382056654,3.3106511869897264,22.53227100792141,1.7866489243268653,1.221137783698927,True,0.1864681297046405,True,1.4729063621873864,True,2.1280371112819148,True,1.104797601699829
1451,1.2580143723800394,0.06305561384514584,True,1.5253162722783045,0.05813499156563357,False,True,True,1.44405435168592,1.3978142664842572,True,1.192596181599222,6.862391081181104,3.8632041449667853,1.048561760939261,6.072853404604075,3.4187314839544585,23.694643500983886,1.776346996863171,1.2196902730888148,True,0.23721114723277936,False,1.6839067010262427,False,2.644237242367003,False,1.1489334106445312
1452,1.2980326305459302,0.06541318222197073,True,1.5899155868168207,0.057808719238952755,False,False,False,1.4440759292548162,2.52279689780317,True,1.3219510856480716,7.3750962104201125,4.076536553768727,1.1538040858503718,6.49065340176711,3.58766653277866,23.12239620047723,1.8091573847416853,1.2215740539242634,True,0.1776690649522355,True,1.459384538998655,True,2.0546589866400606,True,1.0452873706817627
1453,1.2474892567487912,0.0631106577729182,True,1.4610747377254625,0.0592692506306302,False,True,True,1.4007959109428954,1.0170337256029889,True,1.2194742323784542,7.35265077513018,4.031574741402282,1.0649549510119634,6.466634783328477,3.545758156027602,24.860053381920594,1.823766455232018,1.1863316436322362,True,0.2073427372546594,True,1.60205700839354,True,2.343077626925611,True,1.0892541408538818
1454,1.1391319541405875,0.06352743010436504,True,1.4116987588567158,0.06117241553347791,False,True,True,1.4315558989964317,-0.32460938425504227,True,1.1169827680648161,5.8757013641682665,3.4463813197129736,0.9706426261645321,5.137489615272294,3.0133846400480153,21.58543136283676,1.704890091691193,1.1875802237845468,True,0.1978467878720001,True,1.5554276840085632,True,2.24550154172174,True,1.1439542770385742
1455,1.2447397778591465,0.06877786698461125,True,1.5015315528018771,0.06383304237583552,False,True,True,1.4448954861239693,0.8872531305095334,True,1.1338950156162269,6.367088020814256,3.5467391777365433,0.9818400880074564,5.5491541605468795,3.091115184865058,23.05937921355245,1.79519488232501,1.1730278203719076,True,0.15280550522716002,True,1.3781435181316206,False,1.8534034014192164,True,1.1147873401641846
1456,1.2607553110013587,0.07038721042445611,True,1.5328313549557129,0.06154964445745151,False,True,True,1.4170366517293127,1.8813220490078963,True,1.288605891880533,6.575193399954717,3.8006596466841516,1.1153887244222018,5.738899620860103,3.317256676514517,21.1114861001543,1.730013737402448,1.1765849544771518,True,0.20113810005187155,True,1.515828184065573,True,2.261410905662531,True,1.1497292518615723
1457,0.9974579295794997,0.06673882605960227,False,1.2397243641314546,0.060920170678556304,True,False,False,1.434149783315845,-3.1914785697215304,True,0.9645570792970019,5.215578594894186,3.0083054473912507,0.8193296048859783,4.45372716384965,2.568875426653428,22.046516713722063,1.7337264071429461,1.1146660023556245,False,0.18480867047529376,True,1.472879114563504,True,2.114294247216282,True,1.1726188659667969
1458,1.0920349447494793,0.08635386920266543,True,1.4259463213862378,0.06464420408343415,False,True,True,1.42870079496072,-0.04260975308671309,True,0.8435902449047484,5.262309976057727,2.9734375104618427,0.7005525198464407,4.389847987478875,2.4804579605882053,25.32081549483549,1.769773185931313,1.1317448826971612,True,0.23190228008502023,False,1.6920162628458235,False,2.59823909859526,False,1.0793962478637695
1459,1.150392021042023,0.08132030385476503,True,1.375404572276333,0.06384590008474736,False,True,True,1.4040996894842628,-0.44944338116998245,True,0.9140595451555334,6.3734758834864556,3.6301584507337115,0.7635443795848643,5.3514857452944256,3.0480606748031853,28.374652740954396,1.7557018433171359,1.1846899116435141,True,0.1446537590966211,False,1.3570427143122714,False,1.7930720535578681,False,1.039308786392212
1460,1.147567628832794,0.0718958608900166,True,1.3955495676189629,0.06292421884332514,False,True,True,1.3950287574383005,0.008276784205445222,True,1.0771697956950512,5.762380549685866,3.209070170586663,0.9216193524234554,4.961375863309749,2.7629905992383508,21.912997142759604,1.7956542684862582,1.1610451234786185,True,0.16379353166682942,True,1.4393190497881072,True,1.9480926415661048,True,1.1317832469940186
1461,1.2143034479224308,0.06515631491041807,True,1.4567864965694335,0.06060855257063887,False,True,True,1.4410363573629814,0.2598666118629939,True,1.1341633755136753,7.144004542653029,4.225635776067757,0.9831158239660047,6.232640267013923,3.686569281193928,25.867294895596473,1.690634243280904,1.1796023921122976,True,0.16196623425747564,True,1.4197536859633206,True,1.9283020998447247,True,1.0901987552642822
1462,1.2855345940878506,0.07297369306169518,True,1.5005816090307529,0.06579068148870001,False,True,True,1.439335108546059,0.930929716774758,True,1.2801726845488408,6.603005580426781,3.602634470084046,1.1072790941354185,5.758569331172264,3.1419056243640378,21.331260986278387,1.8328269590649697,1.2353049299913812,True,0.21784831611173744,True,1.6294114184258763,True,2.4434805267449056,True,1.1585910320281982
1463,1.0982484364300464,0.08474448506960414,True,1.3421121382923735,0.06546431338524264,False,True,True,1.4407513748669774,-1.5067634788153095,True,0.9480705749236097,5.623094612054419,3.2645379071629463,0.781628027140617,4.663193622983953,2.7072587962573493,24.16697399885063,1.7224779653244036,1.1235642254335922,False,0.1814568933099352,True,1.4792847601279422,True,2.0894227743957274,True,1.1517181396484375
1464,1.0550328731132192,0.06409419709349645,False,1.2678735824962128,0.0621691439655833,True,False,False,1.4019271515485419,-2.156271753179371,True,1.0500029328148732,5.45122512577072,3.1388308648246857,0.9050924564532012,4.7259581181778145,2.721220067958212,21.24132056015749,1.7367055953412098,1.127513825530103,True,0.19565393689702115,True,1.5045128874431586,True,2.2112036312927468,True,1.1819946765899658
1465,1.1335924547545047,0.07144780369811493,True,1.4180936066242364,0.06378312301278732,False,True,True,1.4087542383660447,0.1464238158473259,True,1.127445074193628,5.96780783728247,3.334603485789854,0.9588282051072275,5.111451983247189,2.8561016147840785,21.73060582439067,1.7896604087154004,1.1312838734216126,True,0.17470548142485953,True,1.4722530181924902,True,2.0371116083656076,True,1.1389751434326172
1466,1.2194819874621692,0.09244850125876439,True,1.3905287665076351,0.05715191018364764,False,True,True,1.4302018281608129,-0.6941686030387316,True,1.2556512927172239,6.384184679482194,3.767483334677891,1.0361118174116433,5.321393029415479,3.1403006902394277,21.00112274773606,1.6945488837916847,1.1735616427603777,True,0.16240827272650615,True,1.4456815250256418,True,1.9418710588293402,True,1.1780622005462646
1467,1.4062324982823513,0.09132456832672652,False,1.5362632374939966,0.06983290565578719,False,True,True,1.4334502073113125,1.4722719786207816,True,1.5141617831931786,8.513611394954866,4.81221037270316,1.2562525122627393,7.163681438659743,4.049179663789701,23.554750152575856,1.7691685806687873,1.201751302574394,True,0.16857479390327507,True,1.4421747369266917,True,1.9822067603372757,True,1.1251461505889893
1468,1.0614417813366075,0.07226125451181074,True,1.3458926358138776,0.06468212739562149,False,True,True,1.4240505736325355,-1.208339010567989,True,0.8844135542351702,6.193042090969866,3.495000728655466,0.744757600253993,5.239414297739551,2.9568274394627716,28.4646648636537,1.7719716165416486,1.1526372716663373,True,0.1442222328719453,False,1.3570240606093003,False,1.7901889123093269,False,1.125880479812622
1469,1.1393878734869538,0.07138656156705733,True,1.4028597710881536,0.06229505036228548,False,True,True,1.4247984847286888,-0.35217426606042534,True,1.0290589311509486,6.4478943376405855,3.7783882498534114,0.878741050582099,5.538161735056399,3.2452959260467473,25.613779767334275,1.7065197939599621,1.1772206656165296,True,0.20272212594526678,True,1.564257266200179,True,2.288242830412397,True,1.161980152130127
1470,1.190178572648119,0.079038133448527,True,1.4085006847358956,0.06405464931181638,False,True,True,1.4285093957657873,-0.3123693790358568,True,1.0522302953019973,6.49266031280966,3.668936056209081,0.8880459423961353,5.515080844025805,3.1165158789583955,25.248223533384877,1.7696302724660142,1.231646128130589,True,0.18584457965427514,True,1.4879111466244186,True,2.1261471464827815,True,1.1494197845458984
1471,1.2532842645214397,0.0798926378164051,True,1.4826279487194498,0.06446997849081607,False,True,True,1.4086595368596044,1.147331108081297,True,1.1027853742407652,6.56633517740829,3.68070984167749,0.9358630367871373,5.6108917021198845,3.1451431811817017,24.417675760928127,1.7839860950342314,1.1846220123137343,True,0.20455231841646182,True,1.5699366743905128,True,2.3055649707812726,True,1.1316008567810059
1472,1.1692790423486963,0.07066784811502833,True,1.4550516252689814,0.06010530156050899,False,True,True,1.4510241166007747,0.06700754448677228,True,1.118093019375866,5.8366176803691605,3.3411228906502863,0.9629997772059796,5.059873612418785,2.896482256686117,21.421627419664865,1.7469030237415701,1.21138600953182,True,0.23265577783648567,False,1.700724623744247,False,2.6096677319542807,False,1.0257961750030518
1473,1.3665163480004086,0.07436796603017472,False,1.5873520616669274,0.06643204733718491,False,False,False,1.4315054556276983,2.3459551870832533,True,1.245492002751001,8.022198895835162,4.387920463414218,1.0714168922400127,6.95699079859222,3.805281156114891,26.59125103512823,1.8282461960564185,1.272350832667032,True,0.1548364773653338,True,1.3942722256149864,True,1.8714182875815975,True,1.068265676498413
1474,1.1257401491399741,0.06889165984945933,True,1.3785511592405548,0.0590868391433007,False,True,True,1.4372318005841116,-0.9931254098944302,True,1.2455990243985384,6.074442987291707,3.6048224767430757,1.0616436013272217,5.221583850447745,3.0987010443051135,20.133384895714066,1.6850879693748224,1.138530306192263,True,0.16875126458295647,True,1.420565860156081,True,1.9780587609692923,True,1.1383132934570312
1475,1.1449818335454456,0.07209563303234831,True,1.422635947368809,0.061142724629439524,False,True,True,1.433731302261017,-0.1814664779734993,True,1.1616526309389572,5.783382056944583,3.3664182984091635,0.9933027628185521,4.981512328009018,2.899662185489448,20.47105911206481,1.717962993391992,1.1900749087496332,True,0.19058839725441884,True,1.5247138209386981,True,2.1759924407641784,True,1.0591659545898438
1476,1.2278201280421106,0.0671102216242544,True,1.4450120916584333,0.0635640751988431,False,True,True,1.4221648713418984,0.35943605322760497,True,1.2937149619425377,6.566216495479462,3.6005469367714067,1.1232972956907392,5.7483679287041305,3.152084393102142,21.00490851010936,1.823671961729058,1.1924033643975933,True,0.1781163190402712,True,1.4757814551169683,True,2.063156371123768,True,1.1266162395477295
1477,1.2906417478121797,0.0691891835711738,True,1.5420773265138918,0.05999263506049143,False,True,True,1.4595774531235388,1.375166690164005,True,1.1273255737728074,7.157710813308308,4.066379090590132,0.9816062270668667,6.271257009374162,3.562774333830504,26.066026682224333,1.7602172974653838,1.2347887664462753,True,0.19957024119238254,True,1.5376188090652887,True,2.252553210489445,True,1.1443963050842285
1478,1.2615518219711246,0.07350758848363574,True,1.3917553101923705,0.059437912604806915,False,True,True,1.417617488076199,-0.4351124854565777,True,1.309917899538784,6.876708464826444,3.9095572797538662,1.1245989606782103,5.957246446094086,3.3868232643192013,21.7442468086368,1.7589481296100566,1.1901817531636176,True,0.19907004983952775,True,1.534040264737835,True,2.2472689149324254,True,1.116044521331787
1479,1.1146788150190567,0.06941039041399054,True,1.4146703380291221,0.064460255055248,False,True,True,1.462675901443503,-0.7447312048833172,True,1.0674606184969262,5.8458666079599455,3.3016063307122008,0.9167392232449599,5.05094427179722,2.8526531141051463,22.423261762099813,1.7706128539858093,1.1984769099999841,True,0.17666443668822907,True,1.4519347974293038,True,2.045108360524673,True,1.1749913692474365
1480,1.3081353235835986,0.07236265172446195,True,1.5461751516621303,0.06361485382452398,False,False,True,1.418484020452768,2.0072533933912213,True,1.2796436580040302,6.956580674926459,3.892131340467686,1.1055290483283737,6.060151225927946,3.390588798807709,22.48218448044687,1.7873447903971666,1.2552161761746545,True,0.17907226260904352,True,1.4589891782825946,True,2.0654768056641752,True,1.1089434623718262
1481,1.1783761273875963,0.06628196242884549,True,1.430364478573909,0.06101312983127769,False,True,True,1.4337751642557748,-0.055900847756828506,True,1.061075669199959,5.585675086286526,3.219662899405172,0.9296592478080832,4.9198653674577635,2.835880667774954,21.548251710792968,1.7348633260079713,1.2087711625297175,True,0.1858048677198112,True,1.4958979459384798,True,2.128293573117859,True,1.0562119483947754
1482,1.098754003565532,0.0669512911424665,True,1.4001536629944094,0.05976735847628634,False,True,True,1.4516475607862962,-0.8615722545663094,True,1.0521748735810816,5.381304243986171,3.1514284190183455,0.9132863674549929,4.696867422706132,2.7506048357736366,20.927509337979593,1.7075762252795894,1.188270710522264,True,0.17962141195344478,True,1.465609388669307,True,2.0713477464910346,True,1.1206984519958496
1483,1.1935948703882333,0.06923578336366118,True,1.4736744758529272,0.06577224282513135,False,True,True,1.4376398345140597,0.5478700404769952,True,1.080411163898575,6.059930994099191,3.4721956386673836,0.9323756628023967,5.261232587352167,3.0145605389908323,22.978613538905343,1.74527348822573,1.2176364696602637,True,0.22944435525208684,False,1.6264655698946286,False,2.5494932931620635,False,1.2112398147583008
1484,1.1923413293590417,0.07561085417426149,True,1.3897512982863618,0.06490453210781726,False,True,True,1.4079057043954457,-0.2797093749774888,True,1.1442587473036894,6.349305020092029,3.524581581601789,0.9681397333002806,5.41251356470791,3.0045564923990433,22.79750697724717,1.801435113102563,1.133966016067509,True,0.16480420709786953,True,1.4230550387652894,True,1.9493235196990175,True,1.1113789081573486
1485,1.3083901987250866,0.07074857443499075,True,1.5061856148865438,0.06194371780725662,False,True,True,1.4336138522272006,1.171575830904381,True,1.1840488271926195,6.734693168649172,3.8035728525228687,1.0367060941997028,5.9355487137908955,3.3522376427923257,23.412070969282247,1.7706228932047727,1.2303801566917973,True,0.17311978337572953,True,1.4571173933260382,True,2.019987965159429,True,1.1814446449279785
1486,1.287698886433868,0.06738822819174882,True,1.4806284276965518,0.06129375955693101,False,True,True,1.4328614781681377,0.7793117908528205,True,1.3975010354810533,6.428342025980159,3.7234716116168327,1.220404914963932,5.665577109085676,3.2816572988569526,19.14214668238642,1.7264377700435316,1.193304021491786,True,0.17296881555717653,True,1.4502122926859118,True,2.016653986123251,True,1.1333253383636475
1487,1.230968379891694,0.07090942114987392,True,1.4819246259369807,0.05943970550532365,False,True,True,1.442334038340651,0.6660629836529678,True,1.0579647333521933,6.442894443013403,3.5412193495581668,0.9162006513916842,5.6112819884991065,3.0841387406319996,24.92497914226478,1.8193999882603358,1.1615733654683404,True,0.1679944335869092,True,1.4311598895640676,True,1.9746549138648208,True,1.1012492179870605
1488,1.288223066176826,0.06469122609872918,True,1.5030198717206824,0.062006893696604774,False,True,True,1.411723943761271,1.4723512583313039,True,1.4949815902087815,7.300382825708207,4.08845762340389,1.2994771397481932,6.414350397879505,3.5922499421597367,20.43417378490652,1.7856080454198746,1.1728856403346672,True,0.2032375476360312,True,1.5458761249936745,True,2.2860846818510225,True,1.133540391921997
1489,1.1589181716059054,0.07050385668033667,True,1.4178639974446863,0.062099955907285495,False,True,True,1.4242527495381045,-0.10287852865719586,True,1.0573522783840617,6.6544555812416,3.7275624056775,0.9045153992009674,5.727262064190937,3.2081853274551078,25.757662782345193,1.7852029978374366,1.2560089666421317,True,0.2524953376732259,False,1.7569848335237264,False,2.828683819441737,False,1.150303602218628
1490,1.149433307622733,0.06349828585568358,True,1.3597819194046972,0.05872959646479573,False,True,True,1.4435815278317414,-1.4268718579954187,True,0.9480057103041718,5.285792824808875,3.0165792953600787,0.8333080814038255,4.66564076173816,2.6626611726796656,22.7188137471788,1.7522472666106157,1.1782615891272932,True,0.17047889492860285,True,1.4359324953984598,True,1.9942492881426699,True,1.0827245712280273
1491,1.1076213461766284,0.08749558292451283,True,1.28843294049361,0.059703759636570965,True,False,False,1.4338912859410862,-2.4363347690817307,True,0.9150721486730187,6.179883152224851,3.4728939236306946,0.7480952026506195,5.080941724052515,2.85532447865636,27.48336977295279,1.77946211088537,1.103002760627304,False,0.18459507459877045,True,1.480227653991389,True,2.11418068477425,True,1.132331132888794
1492,1.1573275039429143,0.06733525721495193,True,1.420575970921375,0.0591920845818215,False,True,True,1.459858278272719,-0.6636412221138089,True,1.044962076547723,5.920321123258436,3.398976081512149,0.9103964701700694,5.185503896277538,2.9771026515424404,23.175550814270697,1.7417954646578688,1.1599903805997578,True,0.1911244679498023,True,1.5095671280102598,True,2.1746501237835516,True,1.0911967754364014
1493,1.168212434993697,0.07583232012873391,True,1.4318768241915472,0.062247533305026706,False,True,True,1.456246513239297,-0.39149646184906567,True,1.2607264611327766,6.432727282918353,3.698803168869056,1.0632120195788104,5.4750516694229425,3.148141927042181,21.080981149144844,1.739137496436508,1.1883321602596149,True,0.15724466047797986,True,1.4002292908179226,True,1.8896576080720315,True,1.0937368869781494
1494,1.2035320480736187,0.06685795721261568,True,1.4270362468042124,0.06148146780337919,False,True,True,1.4140780526431975,0.21076585553317953,True,1.2512736357095833,7.031040844042611,4.044867393317195,1.0787698928432836,6.110730617232644,3.5154247530694023,23.204836933314457,1.7382623854762407,1.1778372658476135,True,0.20675245461219977,True,1.563321262062586,True,2.3216570097803744,True,1.03309965133667
1495,1.286905034964153,0.1471016878153876,True,1.4750477801198274,0.06882540168607112,False,True,True,1.4408139385674152,0.49740126049043315,True,1.3257542520553875,6.792257989948663,3.6049107049961084,0.9700978113344276,5.05212440562423,2.68135535778501,21.23823078952679,1.8841681655346287,1.2149827868445793,True,0.18758831954505323,True,1.5072143424957118,True,2.1460623047043974,True,1.0693225860595703
1496,1.099972649076792,0.07857734692437757,True,1.3471290672129472,0.06051586380789836,False,True,True,1.4164808662616324,-1.1460102307856928,True,1.0000715266519193,5.742340405008845,3.22105863197642,0.83783869960678,4.8400582025733465,2.714940277498777,23.444298913311354,1.7827494190893953,1.1612675870802829,True,0.18469075523540757,True,1.4598764284720047,True,2.1116189097888785,True,1.0634357929229736
1497,1.2813540136902222,0.08393879719004162,True,1.4233217193841112,0.06063380347532374,False,True,True,1.425627438287609,-0.038026954789933426,True,1.2838868758564908,6.521071117471955,3.564856374833998,1.082966742471644,5.553149343078978,3.0357251867780235,21.00960103447307,1.8292661559964296,1.1981782335392732,True,0.21983958374627793,True,1.6155960227049961,True,2.4551591548912746,True,0.9764831066131592
1498,1.2232401540926545,0.06636580482148008,True,1.4304990678742122,0.061252733561633084,False,True,True,1.4053793032857835,0.4101003029220392,True,1.21689888974263,6.194238183606257,3.4860378121005815,1.0595415005105555,5.432171719522568,3.057156579189568,20.985037337081835,1.776870624324581,1.2274780141071846,True,0.20152583561116316,True,1.5507332269517708,True,2.273220366035359,True,0.9066677093505859
1499,1.2207342533759573,0.07197794090500201,True,1.4632607518026468,0.059027393185943196,False,True,True,1.450560468116556,0.21515914900872202,True,1.2846134234891968,6.175813726788459,3.393597240410835,1.1066800627933788,5.365844803270408,2.9485209435422157,19.886734101361796,1.8198428656315162,1.1790881066075525,True,0.2108376601003139,True,1.5762691093096164,True,2.3613867337036316,True,0.858464241027832
