seed,resp_rate,w1_resp,w1_non,resp_a0,resp_a1,unadj,full_psi,full_se,full_cov,cc_psi,cc_se,cc_cov_truth,cc_cov_resp_sample,cc_cov_resp_pop,resp_eff,shift_most,dist_se,cc_gt_truth,mild_psi,mild_cov,attention,tipping,range,nuis_ok,largest_shift_units,box_ate_cov,box_rr_cov,box_or_cov,box_or_gt_rr,box_rr_asym,secs
1200,0.748,-0.26974338013905313,0.8191851596936399,0.7483838886126305,0.7476118652589241,1.7963103903254265,1.304817683703489,0.08824822740494723,True,1.5174034929432834,0.06251532099910855,False,True,True,1.4427690421251478,True,1.1938585553963619,True,1.2349311714215765,True,0,1.3488439404995245,21.229830962617527,True,6.899381034721223,True,True,True,True,True,0.8166117668151855
1201,0.757,-0.23300082454791307,0.7724287858043559,0.7517766497461928,0.7620689655172413,1.7868312701258815,1.1933765539131502,0.07126353295030816,True,1.4495609975070383,0.0641864839742935,False,True,True,1.4097007420931218,True,0.6210069931526454,True,1.1981984893617792,True,0,1.205906950377207,21.829478973894215,True,6.388690573765915,True,True,True,True,True,0.5373091697692871
1202,0.755,-0.2536095803146797,0.7410396905007668,0.7492416582406471,0.7606330365974283,1.8214101540311098,1.286891552874464,0.0659174673040618,True,1.5270552197391232,0.0621584517415716,False,True,True,1.4282486222832116,True,1.5895923191058134,True,1.2643882836476688,True,0,1.470569847524683,19.479335966209256,True,6.8553213953181045,True,True,True,True,True,0.5864436626434326
1203,0.76325,-0.2693660571355041,0.7842688391579198,0.769723865877712,0.7565922920892495,1.7811278455021327,1.1265570222689567,0.07009099535559993,True,1.4343510791059555,0.06290499922019943,False,True,True,1.4424294514219538,True,-0.12842178548830244,True,1.1976351515668904,True,0,0.9448049875899784,28.650286386512263,True,6.64412957097236,True,True,True,True,True,0.658409595489502
1204,0.755,-0.26232843862598254,0.738711200805365,0.7553455992043759,0.7546505781799899,1.7238089149421292,1.2212409892143798,0.07176952176732376,True,1.447279370448786,0.06515233127844054,False,True,True,1.4360955947633842,True,0.17165580211713252,True,1.2073757394018803,True,0,1.225515299962355,21.11416292573911,True,6.273845581466058,True,True,True,True,True,0.6823256015777588
1205,0.756,-0.24105940824964736,0.7971682041081206,0.760770400405474,0.7513566847557968,1.7581002036474402,1.2058951592549212,0.10626340692298028,True,1.3980683848606628,0.0639859438105537,False,True,True,1.4169534674246826,True,-0.29514423698951553,True,1.2123955992932964,True,0,0.9908816270320541,29.197351668056978,True,7.088375885229634,True,True,True,True,True,0.5325179100036621
1206,0.75,-0.24968275092826636,0.8036298389836202,0.7424395161290323,0.7574404761904762,1.5959463106222205,1.1885312705275055,0.066295621564321,True,1.345899298665168,0.060179547869242934,False,True,True,1.4247144758354395,True,-1.3096671537233822,True,1.1352481742119491,True,0,1.3893169505006424,18.282549042232425,True,6.106460061276496,True,True,True,True,True,0.6654305458068848
1207,0.752,-0.24994380077995376,0.7625503861890618,0.7395079594790159,0.7654385054488843,1.7056492699294044,1.223906653754883,0.06635599227476116,True,1.4880118332004106,0.06130562184817309,False,True,True,1.4249494207019582,True,1.0286562732310287,True,1.2027397459015987,True,0,1.266132195649606,21.667046175271633,True,6.638105424812872,True,True,True,True,True,0.6890316009521484
1208,0.75825,-0.26799773156678847,0.8102754998670285,0.7699339766378872,0.7469226981782373,1.755470172724579,1.0336484491196802,0.06241886798764906,False,1.3332637299843095,0.05741737877034584,False,True,True,1.4411979584101096,True,-1.8798181097313424,True,1.1285280088054446,False,0,1.0451794316449385,19.48073598220243,True,4.977449946763122,True,True,True,True,True,0.7286937236785889
1209,0.74025,-0.239974570606699,0.7682791956590522,0.7437161163134549,0.7366818873668188,1.7391082990224151,1.1807247842544046,0.06560687839739124,True,1.4158893818050728,0.061526756787137774,False,True,True,1.4159771135460293,True,-0.0014259120021548584,True,1.1550231826734327,True,0,1.0610304279026859,22.86082784789265,True,5.925676061621111,True,True,True,True,True,0.5993297100067139
1210,0.75075,-0.2772053762933104,0.8106595326821856,0.7485,0.753,1.6437370837726915,1.1991923521073793,0.06760699082625066,True,1.43905940179631,0.0607081879470408,False,True,True,1.4494848386639794,True,-0.17173032535189456,True,1.1533065798561377,True,0,1.0534167528833251,24.033649199684756,True,6.186985503998563,True,True,True,True,True,0.6365034580230713
1211,0.75625,-0.2554556326645536,0.7462387206761321,0.7314906219151036,0.7816616008105369,1.7641854292363488,1.2569556984043353,0.09627547665369937,True,1.4099595953868371,0.05744319450189975,False,True,True,1.4299100693980982,True,-0.3473078784050084,True,1.1741698147514952,True,0,1.5170195799198984,20.94396390616672,True,7.582975997667623,True,True,True,True,True,0.6899130344390869
1212,0.75975,-0.27823722071389534,0.7943147507803278,0.7546798029556651,0.7649746192893401,1.773941016972434,1.1173842259747435,0.06857179116220946,True,1.448037699084265,0.05940937222076331,False,True,True,1.450413498642506,True,-0.039990315827822094,True,1.183040820518963,True,0,1.2625095645126767,19.80846816754834,True,6.052434891798383,True,True,True,True,True,0.6091303825378418
1213,0.75425,-0.24535029409064005,0.8168179652359308,0.7641653905053599,0.7447329740323371,1.7388736367551791,1.1035115637620698,0.07746074614293043,True,1.3857207787506212,0.0654859737257025,False,True,True,1.420815264681576,True,-0.5359084386215758,True,1.1551059535861266,True,0,1.0827352668370642,21.477289689063582,True,5.675610339763164,True,True,True,True,True,0.6788613796234131
1214,0.75475,-0.2724109990529612,0.7581294994012759,0.7509920634920635,0.7585685483870968,1.8160166207246922,1.1455183462912242,0.06796825979763975,True,1.3919851723705094,0.0627981578661654,False,True,True,1.445169899147665,True,-0.8469153966347557,True,1.1766662777185646,True,0,1.0805852181853934,23.468900777865503,True,6.190179960917029,True,True,True,True,True,0.7913007736206055
1215,0.74825,-0.2529822149650308,0.7251093227590774,0.7362804878048781,0.7598425196850394,1.8174281963244452,1.1925131682873984,0.07399151585059227,True,1.465317610443618,0.06111340647650053,False,True,True,1.4276839934685275,True,0.6157996934692483,True,1.1814473019227874,True,0,1.1526792473464427,23.171463166082827,True,6.498423850437286,True,True,True,True,True,0.6493194103240967
1216,0.74875,-0.24812312366334177,0.78900727871235,0.7548291233283804,0.7425542655224634,1.8410469200864774,1.157744330791974,0.08251511080398855,True,1.51205914472468,0.06883083279050436,False,True,True,1.4233108112970074,True,1.289368874815009,True,1.2702729838274947,True,0,1.0274587642951278,23.266609599338295,True,5.848309924037824,True,True,True,True,True,0.6466188430786133
1217,0.7455,-0.2578335328301368,0.7754706436812835,0.7473631341034656,0.7436535589845694,1.6809911780973832,1.1629222531718666,0.07088093383999768,True,1.407470380041027,0.06378523893317385,False,True,True,1.4320501795471232,True,-0.3853524720954286,True,1.194585076079142,True,0,0.9438773758679999,23.23668216889741,True,5.3835914081953575,True,True,True,True,True,0.704653263092041
1218,0.74925,-0.24715223012837362,0.765686445033413,0.7374631268436578,0.7614445574771109,1.724526975831699,1.220951514122742,0.08724926975455644,True,1.402740926515822,0.06014345194909672,False,True,True,1.4224370071155363,True,-0.3274850372137678,True,1.2311652357632805,True,0,1.2641150655926081,21.90672138913861,True,6.7015226011367,True,True,True,True,True,0.6757168769836426
1219,0.7705,-0.2556118265384417,0.7522196791345522,0.7663125948406677,0.7745921898171033,1.733213535326379,1.1715202091125305,0.07920691243909167,True,1.4125535934751263,0.06640678444635448,False,True,True,1.4300506438845975,True,-0.26348287385614666,True,1.175799924235229,True,0,1.0917285311828546,29.607922098063682,True,7.886101896943574,True,True,True,True,True,0.5444173812866211
1220,0.7495,-0.2439669668172662,0.7446180336236646,0.7383512544802867,0.7601367855398143,1.7629557046034097,1.320088600156861,0.12697350858562267,True,1.436009367915426,0.062197081298221525,False,True,True,1.4195702701355397,True,0.2643065789705528,True,1.1983343136180298,True,0,1.3475537085309297,22.334852476333086,True,7.252052604283182,True,True,True,True,True,0.656749963760376
1221,0.755,-0.24490027803749165,0.7594242087049453,0.7555012224938875,0.7544757033248082,1.717678741340883,1.235595543961894,0.0813692419859938,True,1.3646463160248226,0.06191831483939321,False,True,True,1.4204102502337426,True,-0.9006048429057422,True,1.2490428006261174,True,0,1.3007330670147423,20.373630295652184,True,6.401111665778108,True,True,True,True,True,0.6894958019256592
1222,0.74625,-0.2679367869408334,0.7337860038597872,0.7496288965858486,0.7427993936331481,1.7028132066336013,1.1996290091748278,0.07057566338564654,True,1.4574277024522309,0.06558695075953243,False,True,True,1.44114310824675,True,0.2482901555400329,True,1.2487207907242375,True,0,1.1062710047391486,20.98725978192934,True,5.660798932714833,True,True,True,True,True,0.6046161651611328
1223,0.7525,-0.24455782331422035,0.7296435768855735,0.7398901647528707,0.7651477215823735,1.8653758780991794,1.2463343010649544,0.07027636843255329,True,1.507003499249618,0.06633985277966745,False,True,True,1.4201020409827985,True,1.3099434898573366,True,1.2266300184747345,True,0,1.144511927574364,27.117739526359674,True,7.554110811945917,True,True,True,True,True,0.5497391223907471
1224,0.744,-0.2510431683049229,0.7541743777065776,0.7304725168756027,0.7585669781931464,1.8613489567384098,1.1555021791567546,0.0710180850043728,True,1.4457675726841641,0.06301100184968449,False,True,True,1.4259388514744307,True,0.31468665197604273,True,1.1520811984558796,True,0,1.106189251927758,24.31181733024542,True,6.557056104402188,False,False,False,True,True,0.731931209564209
1225,0.75225,-0.2651847255997968,0.7689416687922316,0.7471098265895953,0.7577962577962578,1.7530380883316252,1.1862045822120475,0.0733745430936509,True,1.4259571704966567,0.06455879016079052,False,True,True,1.438666253039817,True,-0.19686060583705284,True,1.2164100537477913,True,0,1.0200478146502943,24.2273880873416,True,6.047741346357383,True,True,True,True,True,0.6147253513336182
1226,0.7445,-0.2378621777354961,0.800541385518642,0.7413360120542442,0.7476356396217023,1.7584389290140556,1.0560118540313812,0.07464815307947624,True,1.3695580096540363,0.06222270735025687,False,True,True,1.4140759599619466,True,-0.715461480281065,True,1.2493946243747691,True,0,1.0755763726314953,19.842480219959295,True,5.210545763041622,True,True,True,True,True,0.5875160694122314
1227,0.75175,-0.284035715919821,0.7413501611481924,0.7613353263577479,0.7420973406924235,1.7207567144224245,1.2545291805759806,0.06333614182319806,True,1.4538270452340407,0.05954509651140645,False,True,True,1.455632144327839,True,-0.03031482354642838,True,1.1954549555286944,True,0,1.217794780589889,20.598199117574726,True,6.084264782802484,True,True,True,True,True,0.7330296039581299
1228,0.74375,-0.24000036834519828,0.7720653883875833,0.7423728813559322,0.7452196382428941,1.7355112802212633,1.2607230482200402,0.06519559034037635,True,1.4874686876772205,0.0617727085027364,False,True,True,1.4160003315106784,True,1.1569568163483754,True,1.207386982893326,True,0,1.024680002745332,25.352600436546332,True,6.356143610690259,True,True,True,True,True,0.6793713569641113
1229,0.753,-0.2773792018025124,0.7520552022864826,0.7493746873436719,0.7566216891554223,1.7541214108799716,1.1995369735169565,0.0706388697808993,True,1.4700696211704927,0.061878217948800114,False,True,True,1.4496412816222608,True,0.3301378130368086,True,1.1851448771247834,True,0,1.0732245023440987,26.04391733855759,True,6.824755914247908,True,True,True,True,True,0.5430986881256104
1230,0.7435,-0.2295313606487719,0.7770238958279643,0.7520120724346077,0.7350894632206759,1.6882992308804166,1.2897464943485786,0.11340732413407141,True,1.412784315237442,0.06523450745302592,False,True,True,1.4065782245838947,True,0.09513508871077402,True,1.1768458093186414,True,0,1.2081221531375366,21.254404399864598,True,6.231148041934036,True,True,True,True,True,0.686255693435669
1231,0.7555,-0.23860373864360898,0.767722187042674,0.7665,0.7445,1.7082240421288906,1.218597360841944,0.06603751259293972,True,1.4436555375037454,0.060466617720853516,False,True,True,1.414743364779248,True,0.47815098337352996,True,1.2265192324264511,True,0,1.253522706419649,20.251316133304844,True,6.146466698755589,True,True,True,True,True,0.7160871028900146
1232,0.75525,-0.25506708165685366,0.7628199509629364,0.7571059431524548,0.7535108958837773,1.7525498821004095,1.1337894224890943,0.06469560127872082,True,1.415848085747461,0.06303083917969504,False,True,True,1.4295603734911684,True,-0.21754886849300897,True,1.1776892874122276,True,0,1.1327212318894035,20.960813982041653,True,5.781955976453358,True,True,True,True,True,0.6785836219787598
1233,0.7575,-0.2351268439631284,0.7770576615313213,0.7567293042153377,0.758247168882324,1.6877560449761715,1.096983464462628,0.07066934332695621,True,1.363281370522354,0.06290716912809609,False,True,True,1.4116141595668155,True,-0.7683192506412533,True,1.127651487428381,True,0,1.1483610922868408,20.683410049133414,True,5.780072165904563,True,True,True,True,True,0.6001484394073486
1234,0.7555,-0.25882197678207985,0.7720629331902602,0.7435271128480704,0.7680491551459293,1.7223325219992216,1.065662474088271,0.07535405685261203,True,1.3579190656147468,0.06654886109024662,False,True,True,1.4329397791038716,True,-1.12730274057417,True,1.1527812906318882,True,0,1.19524237392596,20.12665732330119,True,5.841234281813921,False,False,False,True,True,0.6688191890716553
1235,0.752,-0.2447839824416688,0.7072257970590742,0.7374556512924481,0.7661568820917612,1.8607796761500754,1.3034177063442272,0.06916215462756065,True,1.5143785764068323,0.06222129646460489,False,True,True,1.420305584197502,True,1.5119098693619217,True,1.2093878078394635,True,0,1.4533517003036072,19.972483862824003,True,6.953435728746068,True,True,True,True,True,0.6528728008270264
1236,0.7435,-0.26683810190193297,0.7892476683588895,0.7421289355322339,0.7448724362181091,1.860548035021282,1.2777792598376523,0.06791487394128393,True,1.525538287688431,0.0639268591960338,False,True,True,1.4401542917117396,True,1.3356513529760397,True,1.2517551316453577,True,0,1.021863136871667,24.522672767564515,True,6.131886010045144,True,True,True,True,True,0.7262845039367676
1237,0.751,-0.24667034554940823,0.7763585570798311,0.742827868852459,0.7587890625,1.795608810903503,0.9952341416860215,0.12121080426291471,True,1.4027463639479354,0.0791570822476425,False,True,True,1.4220033109944674,True,-0.2432750993308062,True,1.2306081943713536,True,0,0.8391982302804031,25.310061280038944,True,5.23347869112205,True,True,True,True,True,0.738774299621582
1238,0.7645,-0.24544095453449377,0.7656359332756865,0.7518463810930576,0.7775520568816658,1.7206925960144128,1.1714584208479064,0.06389485085066536,True,1.4053215018913827,0.062091729147891975,False,True,True,1.4208968590810445,True,-0.2508443137823378,True,1.2315999097338297,True,0,1.265491606814586,21.42769230382634,True,6.561665240233553,True,True,True,True,True,0.7541120052337646
1239,0.75275,-0.24253278199920483,0.78751279146879,0.7548970366649924,0.750622200099552,1.6271276743492036,1.148093741499272,0.06622336448173329,True,1.3267745521102756,0.058812764837593345,False,True,True,1.4182795037992841,True,-1.5558688992379797,True,1.2020096820843618,True,0,0.9837289601666336,23.852800964371358,True,5.750698391848714,True,True,True,True,True,0.6815836429595947
1240,0.75525,-0.26254776986695555,0.7350798977577648,0.7392578125,0.7720286885245902,1.6794465025561558,1.033443707401371,0.08313267265342897,False,1.3798072073915304,0.06428402290857284,False,True,True,1.43629299288026,True,-0.8786908928998691,True,1.191067289441615,True,0,1.114933492205068,20.490547208559228,True,5.567945235965412,True,True,True,True,True,0.7666301727294922
1241,0.7505,-0.27481181847359293,0.7723053103021758,0.752376188094047,0.7486256871564217,1.6190799285833364,1.1039436291392994,0.0733648644925574,True,1.315079348414927,0.06237429634786249,True,False,True,1.4473306366262335,True,-2.1202850525758055,True,1.121578069882583,False,0,0.9766292390854314,23.1710275248957,True,5.547575873584946,True,True,True,True,True,0.7289133071899414
1242,0.7575,-0.2666627473910585,0.7819470809201938,0.7519064565327911,0.7629119527791441,1.7375840398396811,1.2166951747810564,0.07174183031587687,True,1.4432270435577874,0.06195934339965339,False,True,True,1.4399964726519527,True,0.05214017335523839,True,1.2155910853854859,True,0,1.3119787296692667,21.10358833197346,True,6.683881236182857,True,True,True,True,True,0.7197942733764648
1243,0.75675,-0.2251546659146091,0.7670276299050007,0.7471321695760599,0.7664160401002507,1.8263734999897816,1.2117023333594992,0.07136565295540348,True,1.420325453387342,0.062239017198012586,False,True,True,1.402639199323148,True,0.28416666683417285,True,1.2188713237224864,True,0,1.1641304663650882,23.765026414186984,True,6.727521451484386,True,True,True,True,True,0.7136111259460449
1244,0.74575,-0.23054395377678383,0.7690971537697494,0.7352198079838302,0.7560613557644731,1.9298463371947345,1.1694504913747765,0.07005884500270236,True,1.4898943747120883,0.06144357690710011,False,True,True,1.4074895583991054,True,1.341146145146713,True,1.2503724811320143,True,0,1.1315401456962824,22.587592999006283,True,6.224533917084162,True,True,True,True,True,0.5824460983276367
1245,0.75475,-0.2394748217659384,0.7768848754507678,0.7573200992555831,0.7521410579345088,1.7227011920968098,1.1721331924674079,0.08000689212084454,True,1.4173142117238144,0.06521871217657983,False,True,True,1.4155273395893446,True,0.02739815115686213,True,1.2165132220209203,True,0,1.0954652980806932,21.59499758371104,True,5.77058884141025,True,True,True,True,True,0.6497507095336914
1246,0.758,-0.27048759907068054,0.7679994715082014,0.7561349693251533,0.7597847358121331,1.8669512796931924,1.1713095425077733,0.06897331272628811,True,1.4363683642016913,0.06111571825390899,False,True,True,1.4434388391636126,True,-0.11568995937422412,True,1.1759257621132913,True,0,1.32309158657418,19.800759816255074,True,6.320701284757197,True,True,True,True,True,0.5956711769104004
1247,0.75125,-0.2320817258650426,0.7829337777532697,0.748753738783649,0.7537612838515546,1.8213096414304801,1.1654494951701826,0.06636443448177823,True,1.47007076883949,0.061695215458045995,False,True,True,1.4088735532785386,True,0.9919280629235638,True,1.2060837587717543,True,0,1.1577591574929174,23.015249725016588,True,6.4815342218547665,True,True,True,True,True,0.6637656688690186
1248,0.75775,-0.2569547646405608,0.7741787438012844,0.7557557557557557,0.7597402597402597,1.8057635070490217,1.2023743937313989,0.06890815293256299,True,1.3959926458361593,0.05989463230630654,False,True,True,1.4312592881765047,True,-0.5888114006608905,True,1.2037792266011962,True,0,1.1392769772690623,23.37072921062271,True,6.4820939603227,True,True,True,True,True,0.6444971561431885
1249,0.74125,-0.2441292043175416,0.7822651637893878,0.743161094224924,0.7393879565646594,1.7619330857928985,1.307562618407798,0.09526327943005952,True,1.4430036742397045,0.06093270901180534,False,True,True,1.4197162838857873,True,0.3821820945037165,True,1.1530131408397883,True,0,1.2395432185151105,20.2816798470869,True,6.091261926804071,True,True,True,True,True,0.7198705673217773
1250,0.7605,-0.2670606457412238,0.8004949004336983,0.7643794147325933,0.7566897918731417,1.8233572765880373,1.1449462841436782,0.06367702371077515,True,1.4487218992536706,0.06053181167461384,False,True,True,1.4403545811671012,True,0.13823009513654538,True,1.1823236555465668,True,0,1.0537609728009747,25.282277742741805,True,6.510451554505929,True,True,True,True,True,0.6757042407989502
1251,0.7535,-0.2492803979295734,0.7461521629413836,0.750126968004063,0.7567700640078779,1.6456535995542558,1.1540615690006069,0.07438019381964943,True,1.3573707366790824,0.06357565795956285,False,True,True,1.4243523581366158,True,-1.0535733896790638,True,1.192915610095054,True,0,1.0609157733873213,24.248558374445707,True,6.284736530919373,True,True,True,True,True,0.6853461265563965
1252,0.76175,-0.24980307007029615,0.7314586554844922,0.7519025875190258,0.7713159191720059,1.7038099838446699,1.1380142267383464,0.06669813593157417,True,1.3916537038182482,0.061994428435117835,False,True,True,1.4248227630632666,True,-0.535032906702778,True,1.2057476764893111,True,0,1.2711135984591588,21.4053812088054,True,6.582085349433365,True,True,True,True,True,0.7488136291503906
1253,0.75675,-0.27086796101238514,0.7858102798283702,0.7414898865318205,0.7724277749619868,1.6956356670244606,1.0280368338026207,0.07259546313944154,False,1.344004373360702,0.060368272603269206,False,True,True,1.4437811649111465,True,-1.6528018319517235,True,1.10376299164948,False,0,1.0325922141432746,21.581428820180655,True,5.450660271911354,True,True,True,True,True,0.5879154205322266
1254,0.7505,-0.24251159185162122,0.77600216546227,0.7575452716297787,0.7435387673956262,1.7466188338651218,1.2251078141684917,0.06666770751888697,True,1.4569579683783946,0.06438664692011113,False,True,True,1.418260432666459,True,0.6010180303371029,True,1.235687742723463,True,0,0.9553900076029375,28.0802622264144,True,6.5822064310822075,True,True,True,True,True,0.704735517501831
1255,0.75775,-0.25447269139444284,0.7912123960909615,0.7675331044629721,0.747577766445691,1.8551251539855926,1.218656795296234,0.0734078719690863,True,1.5001134845172985,0.06431953510165597,False,True,True,1.4290254222549985,True,1.105232837114673,True,1.2623019921377483,True,0,1.1023349464395626,23.695930278986825,True,6.369769901475306,True,True,True,True,True,0.7555155754089355
1256,0.73475,-0.26500524975222495,0.7448755450083347,0.7159261108337494,0.7536304456685028,1.7090740144121985,1.0923407175026785,0.09332317943252348,True,1.3714146923322186,0.0697505386980349,False,True,True,1.4385047247770024,True,-0.9618568357619579,True,1.2119183888217155,True,0,1.0720624808594825,20.704629609684172,True,5.420004152614716,True,True,True,True,True,0.6814029216766357
1257,0.74625,-0.2645812478954991,0.8216955931371026,0.7362797474502185,0.75682637815559,1.6416681000893596,1.0938005544020093,0.06820900001164998,True,1.3827904643178475,0.06145564078660204,False,True,True,1.438123123105949,True,-0.9003674533349696,True,1.1171370957854267,False,0,1.1222440360089936,21.912781034718165,True,5.991485230261675,True,True,True,True,True,0.5761492252349854
1258,0.759,-0.23419675577981153,0.7182211345736541,0.7587052476704267,0.7593064762876084,1.6143653151760353,1.1286884049712715,0.06360783687524435,True,1.3595725319156071,0.06093519695122348,False,True,True,1.4107770802018302,True,-0.8403115251635371,True,1.1558832473900424,True,0,1.178016284345503,20.740848031909472,True,5.937587726543103,True,True,True,True,True,0.695192813873291
1259,0.745,-0.24547490650560716,0.7961391125279855,0.7439024390243902,0.7460629921259843,1.6274733321370367,1.0149969722910537,0.06680247185771755,False,1.308630897130745,0.0644673280507693,True,True,True,1.4209274158550462,True,-1.741913650211554,True,1.1953875876688012,True,0,0.8288567638712487,24.101674599087957,True,4.923935722355902,True,True,True,True,True,0.5594818592071533
1260,0.759,-0.22401431613277867,0.7858984508884745,0.7564167086059386,0.7615499254843517,1.823957585440484,1.2907517892265046,0.0656193158721371,True,1.501589975377023,0.058650399551073956,False,True,True,1.4016128845195008,True,1.7046276175912507,True,1.2194875628816517,True,0,1.1464035425381478,26.06273572545293,True,7.271588671788809,True,True,True,True,True,0.6460411548614502
1261,0.74325,-0.2641256040084152,0.7522426618475111,0.7344689378757515,0.751996007984032,1.7529824986773404,1.1763520957356377,0.08351684351473478,True,1.421032850259353,0.06169212854473536,False,True,True,1.4377130436075738,True,-0.27037798405878216,True,1.2172503705462887,True,0,1.2355789392409255,19.966001036944842,True,5.978444893784547,True,True,True,True,True,0.587533712387085
1262,0.7535,-0.2497044439802802,0.7501748501352326,0.7463365336028297,0.76051459673429,1.6122018735330121,1.111612064479509,0.06636246901829407,True,1.3675704000467235,0.06018370363205491,False,True,True,1.424733999582252,True,-0.9498185735628653,True,1.12606866817868,False,0,1.2218786591279465,19.598677990569893,True,5.8072860810064535,True,True,True,True,True,0.604663610458374
1263,0.75625,-0.2627957949648522,0.7788098168312185,0.7561837455830389,0.7563150074294205,1.8149784272418437,1.2062704369374586,0.07383994238067482,True,1.4698218757246,0.06591884223757333,False,True,True,1.436516215468367,True,0.5052525063501331,True,1.2299006592774195,True,0,1.3947290623270767,18.463808202205172,True,6.189186530883793,True,True,True,True,True,0.7307894229888916
1264,0.74925,-0.2695386984933495,0.8026475491943669,0.7495059288537549,0.7489878542510121,1.751769620915548,1.1350609506187568,0.07991039017003722,True,1.3921567039925633,0.0682359973658994,False,True,True,1.4425848286440144,True,-0.7390252447112656,True,1.1948453608219207,True,0,1.0804864497886357,21.615588592254813,True,5.70085194121832,True,True,True,True,True,0.5881454944610596
1265,0.752,-0.23747583468288783,0.7785563856605076,0.7477832512315271,0.7563451776649747,1.82947759409904,1.2492705535195476,0.06329245495080635,True,1.4874247013058823,0.058799345181242454,False,True,True,1.413728251214599,True,1.2533549457757092,True,1.2247050826925083,True,0,1.3713363022743235,19.543954494444826,True,6.449606361951396,True,True,True,True,True,0.5506289005279541
1266,0.75,-0.2425340786180427,0.76595237569355,0.7370259481037924,0.7630260521042084,1.6977945431175694,1.1286043193319113,0.07417934234521127,True,1.3627991595735987,0.06103366525734159,False,True,True,1.4182806707562383,True,-0.909031285417779,True,1.17004667786244,True,0,1.0318433154120727,24.63843982685115,True,6.218427827309306,True,True,True,True,True,0.6165540218353271
1267,0.74575,-0.26362526049676777,0.729489329859241,0.7415730337078652,0.7501280081925243,1.7561207070988016,1.1473122366865296,0.07824836140333957,True,1.3962661977903772,0.06778837491084978,False,True,True,1.4372627344470907,True,-0.6047723774265003,True,1.1613466674860866,True,0,1.0728097836622226,22.93806189806658,True,6.008657810579091,True,True,True,True,True,0.6807572841644287
1268,0.749,-0.2575625167546221,0.7466547148463627,0.7442099845599588,0.7535245503159942,1.88591561591574,1.2624747058330217,0.06676507434083379,True,1.541238678840611,0.060705432921961934,False,True,True,1.4318062650791599,True,1.8026790765519893,True,1.281001976691277,False,0,1.19618323780732,24.024483316439134,True,6.977650630960856,True,True,True,True,True,0.6032156944274902
1269,0.76225,-0.2488029436429781,0.7501018254398356,0.745839636913767,0.7783837382250868,1.72390644886743,1.2448299471831588,0.063765628872386,True,1.4376209178085204,0.06056658653476445,False,True,True,1.42392264927868,True,0.2261687394579802,True,1.197152793041664,True,0,1.334103526526575,23.345800498016168,True,7.510002502392403,True,True,True,True,True,0.6350204944610596
1270,0.7565,-0.2638642308842632,0.7729334556636267,0.7375992063492064,0.7757056451612904,1.7219347314304028,1.1707623929400865,0.08475852918250865,True,1.4005204988104176,0.06057482850385143,False,True,True,1.4374778077958368,True,-0.6101100060575386,True,1.1488517417429334,True,0,1.3952904239714874,20.804084571305133,True,6.976253598805758,True,True,True,True,True,0.6137080192565918
1271,0.75125,-0.25010136325379095,0.7588864827470017,0.7382989431303473,0.764033780427223,1.746965076131496,1.1826067432456122,0.06172945339067876,True,1.4354892879533638,0.059827723813245845,False,True,True,1.4250912269284117,True,0.1738000438962042,True,1.1624400445661942,True,0,1.2480633315142173,20.51404177355841,True,6.200776607762423,True,True,True,True,True,0.6283285617828369
1272,0.75,-0.2440624910397316,0.7724549799281363,0.7422110552763819,0.7577114427860696,1.8312029845723372,1.203970822185096,0.06635893321640865,True,1.4666534159667584,0.06065021492386493,False,True,True,1.4196562419357586,True,0.7748888291656675,True,1.3012973779642099,False,0,1.3124499999999995,20.28490333623602,True,6.426739262731284,True,True,True,True,True,0.6177709102630615
1273,0.7585,-0.2865857021203345,0.7653885962991887,0.7464373464373464,0.7709923664122137,1.6930959355458184,1.2492338442760709,0.06900944831117227,True,1.5373151938712009,0.06048613970079128,False,True,True,1.4579271319083011,True,1.3125000596105352,True,1.2102394185421237,True,0,1.5415059385263246,18.956022736278243,True,6.963826818907326,True,True,True,True,True,0.6426417827606201
1274,0.753,-0.2531263322363059,0.7764183909729966,0.7398496240601504,0.7660847880299252,1.8732060515497804,1.28755432771504,0.07089239708060353,True,1.506847939612893,0.0613371627189542,False,True,True,1.427813699012675,True,1.2885212992709087,True,1.2484949724189875,True,0,1.3125894778908092,21.332287674519293,True,6.759244675660639,True,True,True,True,True,0.6724569797515869
1275,0.7545,-0.23854057835299008,0.7793018748995703,0.7400596421471173,0.7691146881287726,1.7281046453180986,1.143989122634885,0.07938995177696005,True,1.4342697857103843,0.06853523434720252,False,True,True,1.4146865205176913,True,0.2857401069570049,True,1.19353591894566,True,0,1.0682322675093712,25.648779751539404,True,6.6913881674829705,True,True,True,True,True,0.5589828491210938
1276,0.74775,-0.2420642639609566,0.8133957514380095,0.7562852744997435,0.7396392003900536,1.6722911868394632,1.0882710396308668,0.0702895265950499,True,1.3600114026591372,0.05907204506257774,False,True,True,1.417857837564861,True,-0.9792522815901215,True,1.184796090510617,True,0,0.9178145357820047,22.589538096786697,True,5.094163018799249,True,True,True,True,True,0.5279691219329834
1277,0.75625,-0.2379312376060731,0.7725412974094783,0.7464503042596349,0.7657790927021696,1.6435785231488773,1.0141420937437526,0.06229037454691669,False,1.2606687488343697,0.05678950126363161,True,False,False,1.414138113845466,True,-2.7024249482074456,True,1.1762569856203713,True,0,0.9736690624134817,22.7110058606224,True,5.421591567870062,True,True,True,True,True,0.6171884536743164
1278,0.7545,-0.21905273111534254,0.7963456040931371,0.7713414634146342,0.7381889763779528,1.7707319357205957,1.2387659814984724,0.0635434510093191,True,1.4647853539557514,0.06062656939799616,False,True,True,1.3971474580038081,True,1.1156477535108367,True,1.2200470627225644,True,0,1.1671963202615632,21.644922790536206,True,6.142609262459334,True,True,True,True,True,0.5004763603210449
1279,0.74825,-0.23225223593593175,0.7575910379293772,0.7388022143935581,0.7575757575757576,1.6366337972161003,1.050181366472862,0.06865207423556617,False,1.3464155678514096,0.06417988679467419,False,True,True,1.4090270123423385,True,-0.9755617782754422,True,1.1984133111303423,True,0,0.8887871922849657,25.463344351798405,True,5.5665639817641726,True,True,True,True,True,0.7044367790222168
1280,0.75375,-0.28825880973255064,0.7804156124727367,0.7544554455445545,0.753030303030303,1.860071261726258,1.2827330426565846,0.09164354829308285,True,1.4692402421156776,0.06443754997579712,False,True,True,1.4594329287592955,True,0.15219873133081133,True,1.1738523744911797,True,0,1.439074236219417,20.011926214613517,True,6.9043178322751855,False,False,False,True,True,0.5915496349334717
1281,0.74775,-0.22642891266332013,0.7870725429881892,0.7392392392392393,0.7562437562437563,1.711943053639343,1.1365201824036475,0.07197628932483366,True,1.401354386894406,0.06184357298484391,False,True,True,1.4037860213969882,True,-0.039319114100636245,True,1.1733971034851693,True,0,1.0332760943523494,22.693914419315508,True,5.735264777191887,True,True,True,True,True,0.6087348461151123
1282,0.75325,-0.24771483297144026,0.6991868675488768,0.7449974345818369,0.7610921501706485,1.7071305358486237,1.2479556939854115,0.06682137054876952,True,1.4910840091737292,0.06504484473233328,False,True,True,1.4229433496742963,True,1.0475950827439018,True,1.1931282061374668,True,0,1.097159322625413,28.791106293766685,True,7.7048454707819305,True,True,True,True,True,0.55019211769104
1283,0.74325,-0.27051300800689765,0.8046262572738248,0.740813326800588,0.7457886676875957,1.8697986209290154,1.2111692154333447,0.06394063065322396,True,1.51023951996162,0.062422428688279616,False,True,True,1.443461707206208,True,1.0697727428851278,True,1.212549964283953,True,0,1.3226850890744863,18.75045842530832,True,5.983717842347636,True,True,True,True,True,0.590839147567749
1284,0.7455,-0.28386268782579305,0.7716610020240371,0.7291462217860648,0.762487257900102,1.6918787707604421,1.1676621288213194,0.0692522411304499,True,1.4300536311044547,0.0628363954292946,False,True,True,1.4554764190432137,True,-0.4045869876060196,True,1.1407585311291828,True,0,1.1266266790991963,25.710121421430593,True,7.055825867998182,True,True,True,True,True,0.632359504699707
1285,0.757,-0.24952777613121854,0.7957776201622593,0.7451660882498761,0.7690368129097327,1.748671966525162,1.2811696476686176,0.07807934486875052,True,1.5237911996542772,0.06768695671212874,False,True,True,1.4245749985180969,True,1.465809750586732,True,1.2431189545263273,True,0,1.1253602530006266,28.13684137279867,True,7.713571157211537,True,True,True,True,True,0.5936932563781738
1286,0.752,-0.2810795635488337,0.7571577296941344,0.7528367044893932,0.7511403953370501,1.8097569471299417,1.3355370006090226,0.06673930902343325,False,1.5632138151799226,0.05993337497760795,False,True,False,1.4529716071939502,True,1.8394126482475017,True,1.2103081500195645,True,0,1.439234669599515,20.274785182891108,True,6.995723229300234,True,True,True,True,True,0.542494535446167
1287,0.74775,-0.24657897680531515,0.7687134690237601,0.7501261988894498,0.745418524021793,1.6975294468590654,1.2286654249960327,0.06885681958371519,True,1.4716690811487196,0.06642905970411118,False,True,True,1.4219210791247834,True,0.7488891495005977,True,1.251001636467887,True,0,1.0701302109269994,25.025673099974785,True,6.539893614002215,True,True,True,True,True,0.5458736419677734
1288,0.7555,-0.25677282625089604,0.7449396591071988,0.7512768130745658,0.7595494613124388,1.7553451749129227,1.131364359739009,0.0693151583251038,True,1.3842317097086074,0.06002828906075172,False,True,True,1.4310955436258064,True,-0.7806958127653836,True,1.1682887365018542,True,0,1.1314780360301007,21.478989350967744,True,5.918724341948964,True,False,True,True,True,0.5110735893249512
1289,0.749,-0.2503772202257976,0.772283032548145,0.740796772566818,0.7570649479424888,1.6784746029114919,1.2205759189964496,0.06797960847096601,True,1.497817246867047,0.061192909658380916,False,True,True,1.425339498203218,True,1.1844141595561894,True,1.1972369413875747,True,0,1.0542796892247182,25.863011720363247,True,6.663128027141338,True,True,True,True,True,0.7152698040008545
1290,0.75625,-0.25026962222656907,0.724322910909327,0.7366565961732124,0.7755710029791459,1.6659446008088816,1.2104289953924294,0.07781260427646744,True,1.4059480824906372,0.06450278183593919,False,True,True,1.425242660003912,True,-0.299127835483903,True,1.1485967076896546,True,0,1.1636872409118608,26.405169860620767,True,7.472214866982704,True,True,True,True,True,0.6732978820800781
1291,0.7555,-0.2364756017783131,0.790884556476185,0.7584128578603717,0.7526132404181185,1.8137333411926182,1.3688817516585765,0.06257431436634268,False,1.5868607991558386,0.05824257418421873,False,False,False,1.412828041600482,True,2.988067749287636,True,1.2838661435495735,False,0,1.638638435638678,18.32433762188084,True,7.113207706325988,True,True,True,True,True,0.600785493850708
1292,0.756,-0.2347166585295432,0.7675401027038196,0.7412518482010843,0.7711821410451547,1.7514360029901996,1.1041092970169772,0.07195891071759807,True,1.406613546845138,0.06344823327181706,False,True,True,1.4112449926765889,True,-0.07299566264689283,True,1.2045757168355173,True,0,0.9129136766385846,28.89836036788707,True,6.483249118031696,True,True,True,True,True,0.5944230556488037
1293,0.75775,-0.22926110850414225,0.7657542156255606,0.7622699386503068,0.7534246575342466,1.754387126979353,1.2788481668877685,0.09351238019617149,True,1.471516830096393,0.06511500445452376,False,True,True,1.406334997653728,True,1.0010263070501342,True,1.2222704374257967,True,0,1.318424344198675,21.80327411586035,True,6.937077590551723,True,True,True,True,True,0.6166822910308838
1294,0.74675,-0.2782876415282974,0.7958073619558717,0.7523620089507708,0.7410759175465058,1.6514991930989475,1.1130556492389423,0.07382750945571943,True,1.33944033027836,0.062497517319697944,False,True,True,1.4504588773754674,True,-1.776367315988033,True,1.1679198418267216,True,0,1.0156750000000005,23.007940426775654,True,5.719746257600087,True,True,True,True,True,0.5862369537353516
1295,0.74175,-0.2736652973463258,0.7705045291628394,0.7348370927318296,0.7486284289276808,1.719433859468385,1.1260583301776121,0.06524720265692835,True,1.406418074404543,0.06002238245358805,False,True,True,1.446298767611693,True,-0.6644303604240893,True,1.2053353951523624,True,0,0.926451334860259,25.75163885602122,True,5.8599973368556695,True,True,True,True,True,0.5868146419525146
1296,0.748,-0.2362812394314777,0.7879821226282733,0.733201581027668,0.7631578947368421,1.8251648317214206,1.2773205718716278,0.09990139571306007,True,1.4620702134388377,0.06634118163885816,False,True,True,1.4126531154883297,True,0.7448932432274132,True,1.135612672153356,True,0,1.23899475290498,24.72559004023161,True,7.422831114015691,True,True,True,True,True,0.503643274307251
1297,0.75275,-0.2616905671115904,0.7497047562021233,0.7555555555555555,0.7498734177215189,1.8671554162485229,1.2654275225808098,0.09541166078760928,True,1.5096295384645466,0.07759344929544214,False,True,True,1.4355215104004315,True,0.9550809860500457,True,1.2589931407173236,True,0,1.118254918620836,22.84352270175202,True,6.224888590012904,True,True,True,True,True,0.5294716358184814
1298,0.761,-0.23810096312890694,0.8015929111081543,0.7769535113748763,0.7446916076845298,1.7584656795520932,1.1720949455325573,0.06928986118468679,True,1.4196630905113508,0.06324537783424489,False,True,True,1.4142908668160163,True,0.08494255041710831,True,1.2341248983290292,True,0,1.122216916053624,22.121190891308835,True,6.048330765384404,True,True,True,True,True,0.4451117515563965
1299,0.74775,-0.2482475703708969,0.792216954689461,0.7429406037000974,0.7528263103802673,1.7533215708004906,1.1070735899557045,0.07842221074865764,True,1.4554512253959604,0.07323991644248663,False,True,True,1.4234228133338072,True,0.4373081458565603,True,1.2015057086731897,True,0,1.062846271655409,21.67554367005237,True,5.627620301768053,True,True,True,True,True,0.5390827655792236
1300,0.7445,-0.2464655597127044,0.7305487252317047,0.7404655770183259,0.7486118122160526,1.8262162127210204,1.2457560771777123,0.0717239070586237,True,1.4528045523715747,0.06241114403940345,False,True,True,1.421819003741434,True,0.4964746137417042,True,1.1418327531845374,True,0,1.2727099833965259,20.57899801551191,True,6.335410709262283,True,True,True,True,True,0.5845527648925781
1301,0.74325,-0.2744193754725423,0.7766859794065197,0.7525773195876289,0.7335710646968925,1.6434435493796467,1.103407493825366,0.0703874063395834,True,1.4477155344940882,0.06024486340854661,False,True,True,1.446977437925288,True,0.012251609963738174,True,1.1945123216125617,True,0,0.9896571908847336,20.588100964174103,True,4.992337142523511,True,True,True,True,True,0.5572531223297119
1302,0.757,-0.2228122289039408,0.7455905169721894,0.7507462686567165,0.7633165829145728,1.6140903707547782,1.246947775786247,0.06824001953329725,True,1.4344479815558457,0.06133910680228683,False,True,True,1.4005310060135467,True,0.5529421165460224,True,1.2198531030379915,True,0,1.2622602127224147,22.574404591996412,True,6.8962849369604475,True,True,True,True,True,0.6053028106689453
1303,0.762,-0.2767937939689751,0.7558374458113968,0.7527363184079602,0.7713567839195979,1.7611698758584484,1.2994816616900595,0.06339235008098681,True,1.4991880324416318,0.059119498760440314,False,True,True,1.4491144145720776,True,0.8469898919890856,True,1.2486793766577406,True,0,1.5489309215352904,19.174193199268903,True,7.074743097616692,True,True,True,True,True,0.6129317283630371
1304,0.7565,-0.24421913090100578,0.7434782833791583,0.7535452322738386,0.7595907928388747,1.6391685592049767,1.1577144631038716,0.07494205631386279,True,1.309455579505156,0.06027493518092505,True,True,False,1.4197972178109053,True,-1.830638854683808,True,1.2258927050618236,True,0,1.2150253705111278,21.237980138908355,True,6.259818333274087,True,True,True,True,True,0.5722987651824951
1305,0.75025,-0.2560935385470285,0.802015672045865,0.7465994962216624,0.7538461538461538,1.7425011729174442,1.1803433750323975,0.06709814119428054,True,1.4268586447288978,0.06402961642777251,False,True,True,1.4304841846923255,True,-0.05662285932194307,True,1.1586104248489426,True,0,1.1629134910188546,21.275435438032282,True,6.0168009883143485,True,True,True,True,True,0.5598659515380859
1306,0.7575,-0.2536159705440988,0.7691907810935031,0.7539840637450199,0.7610441767068273,1.6824036810581262,1.1582890376136454,0.07830906498514346,True,1.353098177083115,0.06194198454890467,False,True,True,1.4282543734896889,True,-1.213332071193752,True,1.184778419129723,True,0,1.412523465671221,17.636060431612123,True,5.981256275668747,True,True,True,True,True,0.6314878463745117
1307,0.7545,-0.2594555892100237,0.7721742800310479,0.7486146095717884,0.7602977667493797,1.788522881031328,1.1636321140172265,0.07891226207425923,True,1.4150342342107671,0.06564531842677902,False,True,True,1.4335100302890214,True,-0.2814487997169544,True,1.1761915581210323,True,0,1.0563007386245888,24.35330459319208,True,6.2856664186345546,True,True,True,True,True,0.5951519012451172
1308,0.7585,-0.2351233159893129,0.7531169696861415,0.7580160320641283,0.7589820359281437,1.7971896960383684,1.319670571676931,0.06272988044523205,True,1.5378186376394045,0.05880253330788554,False,False,True,1.4116109843903815,True,2.146296190815615,True,1.2099791180487525,True,0,1.335471609843061,23.50323755180153,True,7.567853657315063,True,True,True,True,True,0.6088523864746094
1309,0.753,-0.2803984321776308,0.793900200153621,0.7468043264503441,0.7594099694811801,1.7358541350472239,1.1186633263629475,0.06577474628578799,True,1.4428350579233478,0.061778930277124035,False,True,True,1.4523585889598676,True,-0.1541550006418007,True,1.1909542294794806,True,0,1.1508025094652357,20.854389359200383,True,5.839585633144716,True,True,True,True,True,0.7111916542053223
1310,0.7525,-0.27470857048266273,0.8175513746091281,0.7489156626506024,0.7563636363636363,1.7205223305206945,1.1977444128550123,0.06337879142308339,True,1.4256998629399462,0.05647990428976596,False,True,True,1.4472377134343963,True,-0.38133652606689583,True,1.1598523568866552,True,0,1.0833332931196828,23.337102474601537,True,6.170331619326721,True,True,True,True,True,0.5220601558685303
1311,0.746,-0.26176601223398227,0.8083209225891647,0.7477174435367612,0.7441375716519021,1.7725995032323736,1.3876192483084462,0.11509468285186113,True,1.5318423202703015,0.06221047590917614,False,True,True,1.435589411010584,True,1.547213839036394,True,1.198836864035238,True,0,1.2846302274288632,22.157228442206105,True,6.8809985309824,True,True,True,True,True,0.6443803310394287
1312,0.74725,-0.23567505247948126,0.7436450432632183,0.7581863979848866,0.7364764267990075,1.8024321975096524,1.3533224231462397,0.07401358071028333,False,1.5009004380731263,0.06135256839842986,False,True,True,1.4121075472315332,True,1.447256295204514,True,1.197248588505815,True,0,1.3922052800360938,21.34444173919693,True,7.14283681467232,True,True,True,True,True,0.607205867767334
1313,0.7455,-0.24728666901183224,0.7787343946240872,0.7312095569935291,0.7599196383726771,1.7594973257946518,1.0804537132363223,0.0712826875952702,True,1.4010886937725302,0.067192462402069,False,True,True,1.422558002110649,True,-0.31951959446953815,True,1.1835355167224377,True,0,0.9911948263349319,23.431423445647336,True,5.690281374719528,True,True,True,True,True,0.7123444080352783
1314,0.74475,-0.22481081590032326,0.7586616866685699,0.7347560975609756,0.7544291338582677,1.7067986692790909,1.0435185174442356,0.06765359075926476,False,1.3331657541196702,0.06012254585559419,False,True,True,1.4023297343102907,True,-1.1503834244934101,True,1.1432294746038298,True,0,0.8973849385326581,24.383843911094402,True,5.3804566710758035,True,True,True,True,True,0.612605094909668
1315,0.7475,-0.24316268157333532,0.7395664835896831,0.7389312977099237,0.7557739557739558,1.8355046571575813,1.270276134444421,0.07233751563545132,True,1.4995679600973544,0.06474062107109205,False,True,True,1.4188464134160017,True,1.2468454170792072,True,1.2641921719105524,True,0,1.2959008613652423,21.69641506565563,True,6.793080228553272,True,True,True,True,True,0.6026430130004883
1316,0.752,-0.27335210937949445,0.7703933187469222,0.7430167597765364,0.7607090103397341,1.7516852478044056,1.20288588804919,0.06734322787862297,True,1.461209526304944,0.06396683554429038,False,True,True,1.446016898441545,True,0.23750788567428555,True,1.203188368833347,True,0,1.1846750136420447,22.039192664297627,True,6.342936879422688,True,True,True,True,True,0.6336407661437988
1317,0.7545,-0.26204493065802276,0.7720013808226647,0.7414221780208852,0.7677224736048266,1.831882978188143,1.2652010824405482,0.08342139430802348,True,1.4409599618275484,0.059556536118934564,False,True,True,1.4358404375922202,True,0.08596074535134865,True,1.1906259400536743,True,0,1.1875,27.054338750028897,True,7.80382977428247,False,True,False,True,True,0.5653655529022217
1318,0.73675,-0.2565822041463951,0.7841793766320029,0.7296890672016049,0.7437686939182453,1.7127834222717353,1.1950373333283533,0.10224328367592216,True,1.3965350648206303,0.06588103811073995,False,True,True,1.4309239837317553,True,-0.5219850794293869,True,1.1763827022127318,True,0,1.1827122372838021,20.599197479758907,True,5.91923055396531,True,True,True,True,True,0.6922364234924316
1319,0.74425,-0.25283424881669614,0.7620247911083622,0.7440537745604964,0.744433688286544,1.6381534089374774,0.9695970852679552,0.06822438455463677,False,1.3217549359554601,0.06433470022107259,True,True,True,1.4275508239350265,True,-1.6444607282853767,True,1.1596072063383138,True,0,0.6742905777904445,35.959363044780645,True,6.004991633114432,True,True,True,True,True,0.5611262321472168
1320,0.756,-0.2427285762895305,0.7880519594565375,0.7434982151963284,0.7680235409514468,1.717534826499019,1.14195908713192,0.07380970435104614,True,1.4023571199509468,0.06522891264096793,False,True,True,1.4184557186605773,True,-0.2468015801250615,True,1.160956312444616,True,0,1.0883778336240364,23.665008236846877,True,6.284779062282211,True,True,True,True,True,0.547764778137207
1321,0.7415,-0.26427874048118855,0.7734774232425853,0.7414730598121602,0.7415275670207385,1.7681896229201841,1.2175199107640222,0.06715591613257034,True,1.4949962956062437,0.060700726408718625,False,True,True,1.4378508664330694,True,0.9414290825515783,True,1.214462554250871,True,0,1.138311291414324,22.361350404886874,True,6.197149605794641,True,True,True,True,True,0.7319130897521973
1322,0.74825,-0.2606383243015169,0.7481959791955523,0.743424317617866,0.7531486146095718,1.9923998471253501,1.3362754663768228,0.07118616439079226,True,1.5797877549686923,0.0616053713106131,False,False,False,1.434574491871365,True,2.3571526314672275,True,1.237416187393292,True,0,1.4034092986692934,21.218833150843274,True,7.153530956597284,True,True,True,True,True,0.521613597869873
1323,0.75975,-0.24967771237897063,0.7006391350286097,0.7518910741301059,0.7674764501735251,1.6378429304388817,1.1296315682089102,0.07210633466450753,True,1.366003409398,0.06483300597522794,False,True,True,1.4247099411410735,True,-0.9055037763558995,True,1.1590392667676952,True,0,1.1023048990296356,23.913145245694537,True,6.427993417691915,True,True,True,True,True,0.7106316089630127
1324,0.752,-0.26579160518056894,0.7263739850132898,0.7417153996101364,0.7628336755646817,1.7971024977225678,1.3348267932423155,0.06920379660059715,True,1.607329077818068,0.06234761429106637,False,False,False,1.439212444662512,True,2.696440514479235,True,1.2377749235221522,True,0,1.3064527209386219,26.660906095085718,True,8.410830521523707,True,True,True,True,True,0.6140608787536621
1325,0.74425,-0.27226485926419575,0.7551977421295125,0.7328502415458937,0.7564766839378239,1.7393964068775425,1.2626614988573754,0.08020594237273115,True,1.4454117016781811,0.06344711781215973,False,True,True,1.445038373337776,True,0.005884086673729011,True,1.2143494658814342,True,0,1.3681385373254906,21.657349821505566,True,7.131605465686689,False,False,False,True,True,0.6225345134735107
1326,0.7495,-0.24828072202990825,0.7650817861467005,0.7476214321482223,0.7513729405891163,1.7712449138554476,1.1230734743948594,0.06376743411270826,True,1.3503402207021313,0.059487300535054674,False,True,True,1.4234526498269178,True,-1.2290426438446764,True,1.1661983194826995,True,0,1.2453467997639633,19.04132104325645,True,5.743865035850687,True,True,True,True,True,0.7211654186248779
1327,0.75375,-0.27350144858591824,0.7601282487444719,0.7477788746298124,0.7598784194528876,1.861633793474297,1.2363720047261693,0.08337855473417359,True,1.4904731145299934,0.06406701430033111,False,True,True,1.4461513037273264,True,0.6918039069980196,True,1.2105237915673133,True,0,1.1824568400526867,24.387090899214,True,7.006262582118781,True,True,True,True,True,0.7378439903259277
1328,0.75125,-0.27790711910519106,0.8208919914461857,0.7541729893778453,0.7483934750370737,1.6999632890496037,1.2404049621620936,0.18081766566259058,True,1.3512150103789193,0.06598397932930666,False,True,True,1.4501164071946722,True,-1.4988698441808883,True,1.1728174020087268,True,0,1.355709544475861,19.765093515192426,True,6.45368792786812,True,True,True,True,True,0.6409726142883301
1329,0.75275,-0.24908713125920115,0.7116005208656091,0.7359137677609016,0.7702909647779479,1.7764821114687326,1.310717436896754,0.14853560396562868,True,1.429796448798275,0.06678692569253376,False,True,True,1.424178418133281,True,0.08411871944604347,True,1.149775489399113,True,0,1.5790108663816786,19.969863675593274,True,7.49769041471143,True,True,True,True,True,0.6274495124816895
1330,0.742,-0.2646417168531192,0.7766160228691863,0.7388753056234719,0.7452685421994885,1.829199042259611,1.287855593149847,0.07147303092173649,True,1.5276442571393436,0.06221993561069662,False,True,True,1.4381775451678074,True,1.437910712915547,True,1.2154415336435325,True,0,0.9640532407629221,28.325887956574014,True,6.697730836191621,False,False,False,True,True,0.646226167678833
1331,0.75075,-0.25614307607087633,0.7445908253988154,0.7372410308236483,0.7639782285997031,1.7364085697077827,1.190238479202711,0.07095418256757098,True,1.4193843544390954,0.06488510306068009,False,True,True,1.4305287684637888,True,-0.17175612735439882,True,1.237355914529984,True,0,1.0794194135298896,23.553628889279462,True,6.206140284491218,True,True,True,True,True,0.7254073619842529
1332,0.768,-0.2518631179135506,0.7994117169345356,0.7680872150644202,0.7679112008072654,1.9821132042112914,1.388280085715298,0.07210673185986506,False,1.573222243073246,0.05846012537541267,False,False,False,1.4266768061221955,True,2.5067588550312125,True,1.223944341386177,True,0,1.4626809591020693,23.961552336639144,True,8.391305083866015,True,True,True,True,True,0.5869691371917725
1333,0.7465,-0.26190128365343746,0.7519989339886244,0.7398543184183143,0.7526467757459095,1.7006652788848635,1.2510358361623715,0.07226315974605121,True,1.4567003611156617,0.06180748956567286,False,True,True,1.435711155288094,True,0.3395900072153223,True,1.1932054721988858,True,0,1.0724293015153157,24.735460557724682,True,6.477297480133632,True,True,True,True,True,0.7656207084655762
1334,0.7385,-0.2534905258196,0.7282794655329035,0.7338590438639724,0.7432775240994419,1.7847360719916576,1.289420533102028,0.07081142432864794,True,1.5055465276984716,0.06428129692985447,False,True,True,1.42814147323764,True,1.204161368201673,True,1.20540530448482,True,0,1.1872886700021923,21.781123212216936,True,6.281714608647229,True,True,True,True,True,0.671522855758667
1335,0.7485,-0.25019278583456456,0.7743357155949193,0.7462311557788944,0.7507462686567165,1.6779246313185812,1.1092087781543876,0.0640412578543016,True,1.4041924637289784,0.06018887902447305,False,True,True,1.425173507251108,True,-0.3485867133959849,True,1.1838954568262097,True,0,1.0854039335623082,21.32440326672728,True,5.648439493663378,True,True,True,True,True,0.5554659366607666
1336,0.7465,-0.2693022992843312,0.7344741124125387,0.7490079365079365,0.7439516129032258,1.9280549505767026,1.304312230946299,0.06741756744313064,True,1.5500343111835166,0.06008915298927085,False,True,False,1.4423720693558981,True,1.791708427756371,True,1.2142519075886509,True,0,1.396819473774213,19.05679285688978,True,6.3967973213959635,True,True,True,True,True,0.5453953742980957
1337,0.7545,-0.2563467287316625,0.7493530466629083,0.7573872472783826,0.7518107194591984,1.8821012652242308,1.2491316653268265,0.07427700131539193,True,1.5360804746716903,0.06027552008214521,False,True,True,1.430712055858496,True,1.7481129763724168,True,1.2530234545968426,True,0,1.3201193600928227,20.120041468014414,True,6.409190704986275,True,True,True,True,True,0.5260436534881592
1338,0.7395,-0.2363655278955803,0.7518773190392364,0.7332657200811359,0.7455621301775148,1.6878605033454386,1.0958760542903305,0.07690281078725743,True,1.3807670151359814,0.06620286899411833,False,True,True,1.4127289751060221,True,-0.48278813978409757,True,1.1354011283989227,True,0,1.0014903475383676,22.407177043226728,True,5.4957829402677705,True,False,True,True,True,0.6578404903411865
1339,0.756,-0.22466437323662183,0.739362490185532,0.7448621553884712,0.7670822942643392,1.7513376045877964,1.2357087605806418,0.06673204221421139,True,1.4484731065268477,0.06489778999252485,False,True,True,1.4021979359129597,True,0.7130469407235301,True,1.2011019939821461,True,0,1.3180116366759187,22.1368716354766,True,7.041164370439255,True,True,True,True,True,0.4985775947570801
1340,0.74975,-0.27914635193468634,0.7837480269983554,0.7464717741935484,0.7529761904761905,1.7849307068835774,1.1710245053154216,0.06487884766531098,True,1.437731202627284,0.06072195101759822,False,True,True,1.4512317167412179,True,-0.22233333889455012,True,1.2004172068845402,True,0,1.1384754994722062,21.166675515687324,True,5.866863603628583,True,True,True,True,True,0.6951050758361816
1341,0.7565,-0.26031368388366355,0.785694342166464,0.7582748244734202,0.7547357926221336,1.789782454906141,1.1761082578968147,0.08874887207738764,True,1.3947550527905919,0.06404538551435161,False,True,True,1.434282315495297,True,-0.6171758103610403,True,1.2114107701575316,True,0,1.1200270990897516,22.338143287797486,True,6.096332858098808,True,True,True,True,True,0.7234058380126953
1342,0.75675,-0.25981729037383494,0.7808524501088293,0.7501234567901235,0.7635443037974684,1.87340113784331,1.2845956845552369,0.06758000932470022,True,1.555123352870329,0.06437141970106604,False,True,False,1.4338355613364515,True,1.8841869900823216,True,1.202544106298679,True,0,1.420263583019691,21.544670189930276,True,7.343728357195156,True,True,True,True,True,0.5743505954742432
1343,0.75325,-0.2650421164306192,0.7709586941103854,0.7482826300294406,0.7584097859327217,1.731516449449192,1.0960568281156766,0.06640943193328942,True,1.3693076112775988,0.06314794402745798,False,True,True,1.438537904787557,True,-1.0963190421505336,True,1.226130355262903,True,0,1.2023189748449437,18.958276059654736,True,5.532841443626801,True,True,True,True,True,0.5185527801513672
1344,0.74875,-0.24507074626875083,0.7849841474312204,0.7353233830845771,0.7623115577889448,1.6270515478856562,1.1250375442073541,0.0782293675424539,True,1.4462196936293474,0.06805539408598907,False,True,True,1.4205636716418757,True,0.3769873399756521,True,1.1536152166773335,True,0,1.0366346815272767,23.671683660364103,True,6.000971606448028,True,True,True,True,True,0.6072795391082764
1345,0.76125,-0.25457324187867264,0.7682837278360778,0.7628140703517587,0.7597014925373134,1.7922152752147,1.2662165463186468,0.06791457938907103,True,1.502070825420856,0.05987575669419494,False,True,True,1.429115917690805,True,1.2184381752811146,True,1.2505767154645522,True,0,1.274363036319312,22.718237529033814,True,7.002490577244253,True,True,True,True,True,0.5901246070861816
1346,0.754,-0.2812051185587765,0.7300273638805025,0.7459379615952733,0.7623158963941087,1.6725147155092097,1.17203360255751,0.0701147638617556,True,1.3827610879820005,0.059821670541648185,False,True,True,1.4530846067028989,True,-1.1755525729081526,True,1.21378236950767,True,0,1.3000182355656307,20.197684328381804,True,6.342578521759694,True,True,True,True,True,0.5931017398834229
1347,0.76025,-0.23467040607616094,0.8075137437901939,0.7589945786101527,0.7615423642820903,1.8393828484876433,1.1870755958517643,0.06704705241276439,True,1.4777360557070327,0.061110571079711254,False,True,True,1.4112033654685447,True,1.088726370298589,True,1.2137316712379362,True,0,1.1654092927350264,24.500517551935886,True,6.94293254037754,True,True,True,True,True,0.6351685523986816
1348,0.75325,-0.2763891624049384,0.7901217771667266,0.7547911547911548,0.7516539440203562,1.6577172186960858,1.1709642002476415,0.06562575138421609,True,1.387467307710775,0.05991406794880185,False,True,True,1.4487502461644444,True,-1.0228472302370983,True,1.1829502432646637,True,0,1.2554020816421767,19.36663974253601,True,5.886218923832104,True,True,True,True,True,0.5333602428436279
1349,0.7415,-0.232052135460799,0.780951074533485,0.7177009155645981,0.7645034414945919,1.7460164949085246,1.2282552557663555,0.07721044657598632,True,1.4460496418226012,0.06402402096783913,False,True,True,1.4088469219147193,True,0.5810744052856316,True,1.1503495525396645,True,0,1.3851855592511904,19.114747256270853,True,6.366872101981933,True,True,True,True,True,0.4978034496307373
1350,0.746,-0.23853468816409662,0.7988972552055136,0.7443415637860082,0.747568093385214,1.7038348072771854,1.0847268160480752,0.06471860088699383,True,1.4006565952786434,0.06165184630589322,False,True,True,1.414681219347687,True,-0.2274810068048683,True,1.1719818553749264,True,0,0.9338511461491555,25.781724046849085,True,5.912049583929269,True,True,True,True,True,0.5509548187255859
1351,0.7575,-0.23875979942230355,0.7622257646395979,0.7416582406471183,0.7729970326409495,1.7674493372679863,1.2776018681374268,0.06886875263425188,True,1.4950787412475315,0.05973993065691418,False,True,True,1.4148838194800732,True,1.3424006503793395,True,1.2601528020583102,True,0,1.3374528486971489,23.588563659081043,True,7.60579860568569,True,True,True,True,True,0.5143489837646484
1352,0.7505,-0.24880545005516674,0.8234120878284104,0.7459218981710332,0.7551846231664138,1.7373958945937498,1.1565648290823665,0.06912558448127759,True,1.4438365043421595,0.06351487758647704,False,True,True,1.4239249050496499,True,0.3134950431951869,True,1.2070024428513293,True,0,1.1505832210139277,22.220226204664957,True,6.22092064425803,True,True,True,True,True,0.582481861114502
1353,0.75425,-0.24561060377265773,0.7651556798809253,0.75,0.758399209486166,1.7343954701227138,1.138843755187909,0.07621920460886325,True,1.4282926240234373,0.06269994910875575,False,True,True,1.421049543395392,True,0.11551972100458656,True,1.1611132233272554,True,0,1.0522919185314394,23.36755982384817,True,6.009377897476816,True,True,True,True,True,0.6058826446533203
1354,0.76175,-0.2629102124530825,0.7182555610108223,0.7425793244626407,0.7800586510263929,1.777023302996137,1.191637911663857,0.06285992518667899,True,1.4175953629142244,0.05888536939534036,False,True,True,1.4366191912077741,True,-0.32306544883549854,True,1.162304404062288,True,0,1.3442937232598924,21.046680714065708,True,6.818438877196391,True,True,True,True,True,0.6051952838897705
1355,0.76325,-0.22500254115364487,0.7580183225546783,0.7584982242516489,0.7678659438146871,1.7070580384764171,1.1722633141876415,0.0709386595400048,True,1.4024341582011397,0.06482136237837681,False,True,True,1.4025022870382806,True,-0.0010510244561542767,True,1.1533556870920287,True,0,1.1686502322883405,23.794600441189658,True,6.760617394285924,True,True,True,True,True,0.5550100803375244
1356,0.75275,-0.2603041333515916,0.7997373195992786,0.763895720609936,0.7412302999491611,1.6623609180676218,1.1477406492807913,0.0659039444347128,True,1.4022310685598838,0.058474326900537124,False,True,True,1.4342737200164324,True,-0.5479781154394832,True,1.2609695064549726,True,0,0.9338958521534063,25.563165197738304,True,5.862202176934846,True,True,True,True,True,0.5042846202850342
1357,0.75475,-0.24190924267182637,0.767312974697069,0.7513980681240467,0.7579931136251845,1.6313379178868201,1.1568325709081582,0.07722009691612701,True,1.4176434861867764,0.0641048004457243,False,True,True,1.4177183184046438,True,-0.0011673418737302482,True,1.201266256260076,True,0,1.0391782120644766,26.028905576669906,True,6.614032392390331,True,True,True,True,True,0.5524063110351562
1358,0.76025,-0.2777914590048308,0.7590326325942219,0.7535,0.767,1.7314039341013947,1.2112550084860048,0.06351078990543568,True,1.4765577477304948,0.0600936759951017,False,True,True,1.4500123131043474,True,0.4417342455187977,True,1.1987058436045641,True,0,1.2696755077869535,22.148918971867566,True,6.803509905728725,True,True,True,True,True,0.5632731914520264
1359,0.76725,-0.27034764689152857,0.8097909781907708,0.7656484727090636,0.7688467299051422,1.8679868668054005,1.2778753909372855,0.06608455117941264,True,1.5493332792878167,0.05996719514180477,False,True,False,1.4433128822023755,True,1.7679732532884713,True,1.2632427799980503,True,0,1.4465177058735827,21.314970042270275,True,7.3888017375580635,True,True,True,True,True,0.5727865695953369
1360,0.7515,-0.25340258202521293,0.7433681887772805,0.7425692695214106,0.7602977667493797,1.6885892145321135,1.2067605883927215,0.06830246531333085,True,1.4441001197455352,0.05950058293072727,False,True,True,1.4280623238226917,True,0.26954014789258907,True,1.1709187124833766,True,0,1.1078076838869486,28.202781969274703,True,7.61705456589924,True,True,True,True,True,0.6819031238555908
1361,0.74925,-0.25967965385965264,0.7686790025776115,0.7530487804878049,0.7455708661417323,1.789443990715149,1.1684088660170238,0.0755076310030623,True,1.4531089783831097,0.05964756459453785,False,True,True,1.4337116884736871,True,0.3251983553943602,True,1.1614411011192063,True,0,1.1639206454622577,21.24143671809573,True,6.012106225092518,True,True,True,True,True,0.48624730110168457
1362,0.74675,-0.27873906788608116,0.7407554820998967,0.7457800511508952,0.747677261613692,1.8251408480956623,1.3223379629372791,0.06949318403738583,True,1.5279732222853086,0.06512503583178471,False,True,True,1.450865161097473,True,1.1840002881073661,True,1.2615824429562088,True,0,1.2171030056271395,22.73267920150039,True,6.711155626577716,True,True,True,True,True,0.673389196395874
1363,0.75025,-0.2606095801197415,0.803121816738688,0.7280040221216691,0.7722526106414719,1.8637877441456796,1.2215978889204864,0.07125723122161293,True,1.4826879920313272,0.06358389440813514,False,True,True,1.4345486221077672,True,0.7571000545289158,True,1.195042204869831,True,0,1.21292848210915,24.893996563896003,True,7.325497937192053,False,False,False,True,True,0.6059756278991699
1364,0.749,-0.25532592155355793,0.7755869582830393,0.7403508771929824,0.7576059850374065,1.8241004998406078,1.2356816070992476,0.06826039559230206,True,1.4797463675614442,0.061145055276680044,False,True,True,1.4297933293982021,True,0.8169595715827818,True,1.2157590417525344,True,0,1.2952738611958692,21.361861372245006,True,6.685312134113317,True,True,True,True,True,0.6588237285614014
1365,0.75375,-0.25204643310804353,0.7864536675525764,0.7429699062654169,0.7648251393816523,1.8595686893000178,1.337398357866151,0.06908407127892226,False,1.5524995894587137,0.06493491208544012,False,True,True,1.426841789797239,True,1.9351346698696776,True,1.1944777151577193,True,0,1.3442947874644406,22.693419782151192,True,7.351934090519025,True,True,True,True,True,0.6456048488616943
1366,0.739,-0.2686430410951405,0.7351197656962504,0.730009871668312,0.74822695035461,1.6297446862840974,1.3114334904108933,0.13925412231810644,True,1.4391921079691445,0.06099222643202254,False,True,True,1.4417787369856263,True,-0.04240915880263257,True,1.2123757094150922,True,0,1.3022267609030933,20.835373095027936,True,6.553196406863743,True,True,True,True,True,0.6268894672393799
1367,0.745,-0.28130616751261833,0.7703787074184201,0.7345924453280318,0.755533199195171,1.8675557497862163,1.1541754053287856,0.06541859225921921,True,1.4495355834875845,0.06309323798616054,False,True,True,1.4531755507613564,True,-0.05769187618125322,True,1.2226153377510414,True,0,1.0741294271713846,23.268001130424558,True,6.102234867395996,True,True,True,True,True,0.5588316917419434
1368,0.74725,-0.25825704624247053,0.7845505545726813,0.7504950495049505,0.7439393939393939,1.8074582715360796,1.1762966180528167,0.07889840256713582,True,1.4030819774475274,0.06257720167949048,False,True,True,1.4324313416182237,True,-0.4690104923677902,True,1.2155856832671645,True,0,1.0288986225911623,25.619394492536554,True,6.4483460668022055,True,True,True,True,True,0.45014023780822754
1369,0.749,-0.2643187950080965,0.74528187714887,0.7416173570019724,0.7565922920892495,1.8730436312399463,1.3366892337952,0.06656165160277203,False,1.5393181587421176,0.06048647082987599,False,True,True,1.4378869155072869,True,1.6769244732448665,True,1.2594580760172116,True,0,1.4404300488104342,21.410687550406482,True,7.39329733289197,True,True,True,True,True,0.5269858837127686
1370,0.74875,-0.2634784880736674,0.7744232995026371,0.7478216299333675,0.7496339677891655,1.7995523600667513,1.1518935813687288,0.0734850877632374,True,1.462229489038802,0.0630668132427897,False,True,True,1.4371306392663008,True,0.3979723801149981,True,1.2183013686101976,True,0,1.0468249999999995,22.561807616372203,True,5.773357921751476,True,True,True,True,True,0.5632889270782471
1371,0.755,-0.24408524241214768,0.7418208214575686,0.7416020671834626,0.7675544794188862,1.7812488604500727,1.186684605461088,0.06498978701544593,True,1.4504682728274378,0.05922994794627712,False,True,True,1.4196767181709329,True,0.5198646246394406,True,1.2010448878156674,True,0,1.2409829825436576,20.800366171830106,True,6.253851502621431,True,True,True,True,True,0.516796350479126
1372,0.751,-0.24448144280376477,0.8102880098069977,0.7481865284974093,0.7536231884057971,1.728754481535295,1.1224298374485742,0.0675488396558063,True,1.4155411750723477,0.060257481419265305,False,True,True,1.4200332985233883,True,-0.07454880863315436,True,1.1244506036307247,False,0,1.1367103878562959,20.451500383575045,True,5.660302786152456,False,False,False,True,True,0.5687341690063477
1373,0.7535,-0.23056681017500494,0.7831357909381844,0.7566191446028513,0.75049115913556,1.7194634469482697,1.1320043874608914,0.06843559370257526,True,1.4299970511872495,0.06263348006308886,False,True,True,1.4075101291575045,True,0.35902399175480254,True,1.2037333211498924,True,0,0.9318758042706557,24.58192507459856,True,5.625419315871508,False,False,False,True,True,0.5275862216949463
1374,0.75375,-0.2662302546061464,0.74243443891733,0.7365032194155523,0.7713276123170116,1.9139804622008105,1.4155293177809363,0.08791182418433642,False,1.5622661911635876,0.05841617385425529,False,False,False,1.4396072291455315,True,2.0997431691449444,True,1.2232514611439322,True,0,1.6840292583165792,21.892701899496345,True,8.708450521284119,True,True,True,True,True,0.5440900325775146
1375,0.755,-0.26693149487238166,0.749267109959452,0.7494959677419355,0.7604166666666666,1.7776209129064389,1.274044246854647,0.06788421365748562,True,1.5113937001869975,0.061159401988055674,False,True,True,1.4402383453851433,True,1.163440983542493,True,1.221862966159728,True,0,1.4645731563595092,18.553038366016896,True,6.504949269097176,True,True,True,True,True,0.5777273178100586
1376,0.746,-0.22968828232391633,0.7479764664325699,0.7442094662638469,0.7477656405163853,1.698459559959518,1.2917868908344352,0.08600013092155837,True,1.4574075643105566,0.06394732631382183,False,True,True,1.4067194540915247,True,0.7926540973782048,True,1.2080674658597528,True,0,1.4947865852137976,18.87928686545664,True,6.744075679065791,True,True,True,True,True,0.524442195892334
1377,0.7505,-0.27441656913803314,0.7802919541595964,0.7524050632911392,0.748641975308642,1.9230430833989673,1.2993125515388644,0.06527509313639503,True,1.586120240944312,0.057739118088395165,False,False,False,1.4469749122242297,True,2.4098970217567075,True,1.2689908689154574,True,0,1.2932286757164668,23.397060213073082,True,7.311445912571303,True,True,True,True,True,0.48417019844055176
1378,0.75325,-0.24417710046619565,0.7739209821422671,0.7333671914677501,0.7725258493353028,1.8397664351654548,1.2182591728502645,0.0595267104020594,True,1.4314255182872455,0.05637259680093635,False,True,True,1.419759390419576,True,0.20694678850550563,True,1.1773087434524854,True,0,1.1397454878161872,24.81567605689397,True,6.8855466214101115,False,False,False,True,True,0.5394086837768555
1379,0.75675,-0.2274651987783417,0.7860557232427039,0.7453164556962025,0.7679012345679013,1.7117674802842104,1.0326186693707127,0.07012886789903061,False,1.3276746041709668,0.06249948989288975,False,True,True,1.4047186789005073,True,-1.2327152567417252,True,1.1964635401707728,True,0,0.9391156606572283,25.95251994634905,True,5.98356604667279,True,True,True,True,True,0.5416266918182373
1380,0.759,-0.26160431944744883,0.7792368473971213,0.7411116675012519,0.7768347478781827,1.7206643792906386,1.204030323978427,0.09546855243041588,True,1.4258126571880916,0.06181234838375842,False,True,True,1.435443887502704,True,-0.1558140172060362,True,1.2404022582211531,True,0,1.3196769193338471,21.56072739252581,True,6.865974816888077,True,True,True,True,True,0.5935089588165283
1381,0.753,-0.2785428479764095,0.7961232989058062,0.7492639842983317,0.7568807339449541,1.7535779656867605,1.0774047440881676,0.07738220596616238,True,1.3593361564496445,0.061256047973829164,False,True,True,1.4506885631787685,True,-1.4913206083447164,True,1.1522364482187932,True,0,1.0361720724005148,23.40534806189241,True,5.930920290001009,False,True,False,True,True,0.5349106788635254
1382,0.75375,-0.2428630198526007,0.7425939911812396,0.7509842519685039,0.7566056910569106,1.7329101209680464,1.1742797193401229,0.07013928211007273,True,1.39172875314226,0.06146146648012908,False,True,True,1.4185767178673405,True,-0.43682597019972974,True,1.1558634069002953,True,0,1.2635905761343063,20.21605129677133,True,6.181924014174615,True,True,True,True,True,0.6702351570129395
1383,0.75775,-0.26073297572639115,0.716545045602897,0.745881178232651,0.7696544817225839,1.636691068999434,1.0174592069672062,0.06901285282059666,False,1.2706064701265047,0.06315765560167443,True,False,False,1.434659678153752,True,-2.597518962101846,True,1.1429569166635525,True,0,1.1218927835198502,20.844278750764847,True,5.697637218935504,True,False,True,True,True,0.6256475448608398
1384,0.754,-0.2280643941873736,0.793715431096983,0.7524497163486333,0.7554585152838428,1.639655431648731,1.1797975887814565,0.06116603154682598,True,1.412556584944569,0.058460573458229984,False,True,True,1.405257954768636,True,0.12484705065624924,True,1.170563883759834,True,0,1.2070800138337006,20.054526599231288,True,5.874603993876513,True,True,True,True,True,0.642387866973877
1385,0.75975,-0.22202725034370424,0.706359894716087,0.7453027139874739,0.7730326295585412,1.6712971520740045,1.143532060824377,0.06625848979842579,True,1.3665910110430355,0.06344384400692396,False,True,True,1.3998245253093338,True,-0.5238256727109936,True,1.1928578235079674,True,0,1.1081797145336898,24.585300050393137,True,6.642158766020389,True,True,True,True,True,0.6168472766876221
1386,0.7655,-0.2555226848524559,0.7852540262691825,0.75,0.7811871227364185,1.8628041150897983,1.1683969021670095,0.07216650917582453,True,1.470054059364032,0.06122932585901262,False,True,True,1.42997041636721,True,0.6546477922869701,True,1.2289537136624762,True,0,1.467927980800597,19.107047583142478,True,6.713243571279799,True,True,True,True,True,0.6301617622375488
1387,0.753,-0.24104703766324148,0.7155239390338103,0.7473893585280955,0.7586726998491704,1.7094902722707743,1.3337739760731089,0.0649222052570878,False,1.51323522214283,0.05768798914448977,False,True,True,1.4169423338969174,True,1.6692016774016871,True,1.2386657385458606,True,0,1.4846444470831017,18.680581464992652,True,6.631735455297998,True,True,True,True,True,0.6342453956604004
1388,0.75525,-0.257236213069531,0.7132193856839064,0.7545860188398612,0.7559253656076651,1.89095760395638,1.2467220612913623,0.06675560146792141,True,1.521290633613555,0.06286474517940814,False,True,True,1.431512591762578,True,1.4281143046832006,True,1.2457629060757898,True,0,1.1538104114996324,24.779161103607297,True,6.9557575086409384,True,True,True,True,True,0.5452406406402588
1389,0.75675,-0.24344167585338408,0.7706213340211135,0.7585863613738179,0.7548970366649924,1.8392654400056785,1.2880282821805598,0.06389616278488766,True,1.5004138870207677,0.058471799869269314,False,True,True,1.419097508268046,True,1.3906939573354706,True,1.1953958823014699,True,0,1.1365936978032345,24.415585555832745,True,6.7567734983805305,False,False,False,True,True,0.6427514553070068
1390,0.754,-0.255158348063304,0.8150603266609775,0.7530927835051546,0.7548543689320388,1.706408463898908,1.0895691779434111,0.07045344688481837,True,1.3722247491389958,0.06404719752112431,False,True,True,1.4296425132569734,True,-0.8964914366321781,True,1.1572091658048114,True,0,0.8845103402279269,25.91153316818243,True,5.63815586405051,True,True,True,True,True,0.6235196590423584
1391,0.7565,-0.2490764874085764,0.823384652790498,0.7518834756403817,0.7610751617720258,1.593448760994493,1.0751208707493132,0.0829232097945772,True,1.3600596113910393,0.06267656443837925,False,True,True,1.4241688386677187,True,-1.022858030766966,True,1.2034101071834238,True,0,0.9438183538583601,25.225885708343725,True,5.844107848366616,True,True,True,True,True,0.6408898830413818
1392,0.76125,-0.24008693273273995,0.7704848865498104,0.7409326424870466,0.7801932367149759,1.7042863190281679,1.14765433503997,0.06332066376390601,True,1.4062039762136243,0.05943722494734987,False,True,True,1.4160782394594658,True,-0.16612927764693314,True,1.225604276010121,True,0,1.2362652179968376,23.729750471696615,True,7.1091352239846435,True,True,True,True,True,0.5761103630065918
1393,0.75825,-0.24553628691803894,0.7775368872243794,0.7456230690010298,0.7701652089407192,1.810193787917278,1.2880110018135573,0.06372747135681159,True,1.4998660116597808,0.060849970640793845,False,True,True,1.420982658226235,True,1.2963581182184232,True,1.212533877867437,True,0,1.3970320666579783,21.625994453015863,True,7.260221573814651,True,True,True,True,True,0.6011409759521484
1394,0.75725,-0.26536651072797685,0.7468232078049702,0.7503692762186115,0.7643473844591163,1.7028006805415201,1.215696920279171,0.06685527853874673,True,1.475756341487348,0.06304055603209949,False,True,True,1.4388298596551792,True,0.585757552857978,True,1.2416277993688873,True,0,1.251770710590009,20.94316972806007,True,6.3481216460227134,True,True,True,True,True,0.6060731410980225
1395,0.75125,-0.25291794796128453,0.7479327418167285,0.7589945786101527,0.7432775240994419,1.6573742346125864,1.1741036355526533,0.07127073439290277,True,1.375413980688279,0.05991708430614782,False,True,True,1.427626153165156,True,-0.8714070966821007,True,1.2212193916871372,True,0,0.9236690845566854,24.89075904898993,True,5.647677894626162,True,True,True,True,True,0.5456647872924805
1396,0.7395,-0.2577784528629028,0.7651066795513328,0.7421638018200202,0.7368941641938674,1.6644066969939786,1.121640441014112,0.07102657561213237,True,1.3842692166817545,0.06300302318517974,False,True,True,1.4320006075766125,True,-0.7576047700848411,True,1.219840956168633,True,0,1.0713519155413882,20.40519265221316,True,5.338241759762076,True,True,True,True,True,0.6289024353027344
1397,0.7505,-0.2350594288726635,0.7652743075730066,0.7451851851851852,0.7559493670886076,1.8630359605066769,1.2568616138542457,0.06302366962768588,True,1.4652394035058087,0.057007516280743804,False,True,True,1.411553485985397,True,0.9417340207565901,True,1.2727313813661767,True,0,1.2202443847195505,22.66282567549931,True,6.7067765877860515,True,True,True,True,True,0.6781623363494873
1398,0.74125,-0.2612448627342778,0.760596528579159,0.7343671835917959,0.7481259370314842,1.7586671750576894,1.1951093594893085,0.0647640202795001,True,1.4193864920259274,0.0596833279929069,False,True,True,1.43512037646085,True,-0.2636227731267354,True,1.2341922052433318,True,0,1.0505083759832992,22.426396723975568,True,5.758001944506189,True,True,True,True,True,0.6143560409545898
1399,0.7505,-0.2687021777437704,0.7944002161533363,0.7355250245338567,0.7660550458715596,1.835453044336128,1.2424443785541381,0.0668115324508618,True,1.5245301573818166,0.06301262465797056,False,True,True,1.4418319599693936,True,1.3124068051649138,True,1.2384130537037548,True,0,1.386107475822414,20.82246559621349,True,6.9399570935646695,True,True,True,True,True,0.6373460292816162
1400,0.74575,-0.2695286304502718,0.8483001343310697,0.761223482979773,0.7298530157121136,1.742763926639755,1.1186220114764935,0.06725911168827226,True,1.3891515549842564,0.05794517256047991,False,True,True,1.4425757674052448,True,-0.9219786577600974,True,1.190293327132983,True,0,1.0809146145167772,20.59657474720898,True,5.4341505465722975,True,True,True,True,True,0.598541259765625
1401,0.7675,-0.27920012536290806,0.7282636517489088,0.7663125948406677,0.768660405338606,1.7818744315429464,1.1763207353896992,0.06643905376761033,True,1.4414900058602287,0.06122555422560348,False,True,True,1.4512801128266173,True,-0.15990230044001047,True,1.2235611265340436,True,0,1.1758376423884314,24.139111643547807,True,6.898353871489152,False,False,False,True,True,0.6084907054901123
1402,0.75025,-0.27893300437838847,0.7382703284456984,0.7294538029606943,0.7702106810387065,1.8143463763199712,1.0766537287906253,0.07794001827482916,True,1.4169807109792203,0.0719088461374729,False,True,True,1.4510397039405496,True,-0.4736412109327477,True,1.2100024808076122,True,0,1.1268860165199703,21.980680557922224,True,6.0336445464819475,True,True,True,True,True,0.7715849876403809
1403,0.75775,-0.2630218594236526,0.7698324845547605,0.7544731610337972,0.7610663983903421,1.7822280814940858,1.2315796112048603,0.06838757293742581,True,1.4064831649625087,0.05938162018223309,False,True,True,1.4367196734812873,True,-0.5091896857308265,True,1.2241928070790777,True,0,1.1215329640554885,27.851909458430054,True,7.610805585996063,True,True,True,True,True,0.6322743892669678
1404,0.757,-0.23823634175689437,0.7789353975724191,0.7585858585858586,0.7554455445544555,1.9172928281532502,1.3247069450860467,0.06231646669016857,False,1.5509366616295683,0.05758422293811061,False,False,False,1.4144127075812045,True,2.3708569306404415,True,1.23521691556549,True,0,1.375629390507617,21.72254498488615,True,7.189320365293113,True,True,True,True,True,0.5828025341033936
1405,0.74725,-0.22504950586623168,0.8447550869773668,0.7466598150051388,0.747809152872444,1.7314876837379916,1.174170542444233,0.06293929941525826,True,1.4509259384016024,0.058500539678127246,False,True,True,1.4025445552796083,True,0.8270245605970613,True,1.240274324319483,True,0,1.1391158400517523,20.69281043039062,True,5.7385782474263625,True,True,True,True,True,0.5889313220977783
1406,0.75175,-0.2643098606772693,0.7963401982721225,0.7507389162561576,0.7527918781725889,1.810179045954835,1.2111847193103173,0.08441235835370435,True,1.4390827234762393,0.06051096502950984,False,True,True,1.4378788746095423,True,0.019894722652496276,True,1.1939510877207242,True,0,1.2034463123737669,22.375272727814014,True,6.535836772814975,True,True,True,True,True,0.6041111946105957
1407,0.76325,-0.2423904834842818,0.7691099816900138,0.7523905385002516,0.7739692001987084,1.7412301513629374,1.2504873611187894,0.06643528840635608,True,1.505871855352376,0.06269301049567472,False,True,True,1.4181514351358535,True,1.3992057411659062,True,1.2094890542762564,True,0,1.3539129661364664,23.215510696656096,True,7.570999529756805,False,False,False,True,True,0.5324125289916992
1408,0.7425,-0.26231538861313264,0.7539908427130274,0.7421104536489151,0.7429006085192698,1.7206814398417583,1.1956583915949675,0.09856028649755977,True,1.3724398467270238,0.06486425977577366,False,True,True,1.4360838497518194,True,-0.9811875329311341,True,1.2290450454345612,True,0,1.2125550989578364,20.300188105262787,True,5.9719578092928325,True,True,True,True,True,0.5536561012268066
1409,0.753,-0.2482125946042867,0.8237900021720097,0.7443721860930466,0.7616191904047976,1.704198149680086,1.2425427043861899,0.06562695879438617,True,1.4808901420881202,0.062083655990863684,False,True,True,1.423391335143858,True,0.9261504662793011,True,1.1843039366570145,True,0,1.2125940465379048,23.4942807150795,True,6.911812563045208,True,True,True,True,True,0.6055173873901367
1410,0.748,-0.2541593890015791,0.7887092324793794,0.7258064516129032,0.7698412698412699,1.8423243441204933,1.1559595346130878,0.07335808519369255,True,1.4777969988956439,0.06094277703469526,False,True,True,1.428743450101421,True,0.8049116102191463,True,1.2409877483363014,True,0,1.2203273747178451,22.96120279553885,True,6.795512185545527,False,True,False,True,True,0.5942509174346924
1411,0.76225,-0.2606061044032473,0.8105392621206045,0.7516113039167079,0.773071104387292,1.8141695127086952,1.1572100486997943,0.07068123207626732,True,1.484870237125706,0.06858534349536487,False,True,True,1.4345454939629225,True,0.7337536067918741,True,1.2581739173156488,True,0,1.1804659622451552,23.257688264969957,True,6.671170208152131,True,True,True,True,True,0.5659363269805908
1412,0.749,-0.24636969439846482,0.7808250840375918,0.7392875580795044,0.7581192438196801,1.8539304767644986,1.2699458842219051,0.0659995368415706,True,1.5328447520444033,0.06196894459567219,False,True,True,1.4217327249586182,True,1.7930275852002315,True,1.3097020368062615,False,0,1.3245156103201328,21.90096593328491,True,6.99812035489725,True,True,True,True,True,0.5899851322174072
1413,0.7435,-0.2442486587028062,0.8078420208210214,0.731079717457114,0.7556987115956393,1.8621859673167611,1.356187164909989,0.15188330302696224,True,1.4687000876661411,0.06128788641018041,False,True,True,1.4198237928325255,True,0.7974870353091001,True,1.1937235275345073,True,0,1.3820383331624253,21.153854017762725,True,7.031270605302747,True,True,True,True,True,0.6771752834320068
1414,0.7545,-0.24583080295407556,0.7266112117415502,0.7444331983805668,0.7643280632411067,1.7801295513079511,1.1817378177234488,0.0668158546547625,True,1.4362917283161014,0.06013056318618266,False,True,True,1.4212477226586682,True,0.25018900306741504,True,1.225289728690283,True,0,1.1763656041034873,23.00763308527725,True,6.577794297878925,True,True,True,True,True,0.569282054901123
1415,0.74725,-0.2590691094179226,0.7640894171648631,0.7465415019762845,0.7479757085020243,1.8283785271185367,1.3554045403198947,0.09934598358492484,True,1.546490482984994,0.06839258500504074,False,True,True,1.4331621984761305,True,1.6570258968938054,True,1.2088922638925332,True,0,1.384171097110063,23.52335499242456,True,7.830017191397609,True,True,True,True,True,0.584808349609375
1416,0.768,-0.2613391464535815,0.7773436036004923,0.7634896621280888,0.7724343083787804,1.8170345844627998,1.263456436201024,0.06702596368841866,True,1.4512437643384326,0.060714213322292786,False,True,True,1.4352052318082233,True,0.2641643801768621,True,1.2047442564016972,True,0,1.5689103261282322,19.592606709173488,True,7.313508966955712,True,True,True,True,True,0.5356869697570801
1417,0.75375,-0.2596218397801825,0.8192818735329773,0.7469818913480886,0.7604373757455268,1.7145772200525529,1.2009935641862908,0.08390301062970647,True,1.4716609425700133,0.06437495324081927,False,True,True,1.4336596558021644,True,0.5903116795392541,True,1.2413350635176752,True,0,1.2117777028719905,21.83554340271484,True,6.419755623839254,False,False,False,True,True,0.656632661819458
1418,0.7605,-0.26063186622862533,0.7846980666732477,0.7587253414264037,0.7622343054869006,1.9082461708917486,1.3215347523495211,0.06623616502719909,True,1.5501764652600378,0.05835610911832767,False,False,False,1.4345686796057626,True,1.9810742594208828,True,1.2493588525874206,True,0,1.4308152735576887,21.950345222637743,True,7.533136646452735,True,True,True,True,True,0.625767707824707
1419,0.76575,-0.2648269825258877,0.7528366165819977,0.762278978388998,0.7693482688391039,1.7295148330792547,1.1794538353228297,0.06282978552883786,True,1.4248494873793038,0.058494008437660526,False,True,True,1.438344284273299,True,-0.23070391745125643,True,1.2318035929582125,True,0,1.331134684219941,20.912653998305963,True,6.713376150861213,True,True,True,True,True,0.5977568626403809
1420,0.745,-0.2337070394671906,0.7352880360791193,0.7251256281407035,0.7646766169154229,1.6707178910560372,1.2593189890867835,0.06500613745492052,True,1.48581331163176,0.06120348213770563,False,True,True,1.4103363355204714,True,1.2332137563916394,True,1.1836676750410824,True,0,1.4079724597912158,20.04994908010348,True,6.779728973607252,True,True,True,True,True,0.6037189960479736
1421,0.751,-0.2590793481152761,0.7639552964719788,0.7420159680638723,0.7600200400801603,1.7322322365518117,1.1633807909637202,0.06865705463477229,True,1.3999687171727595,0.0625159021165752,False,True,True,1.4331714133037488,True,-0.5311080062329617,True,1.127930133875162,False,0,1.1842569754044476,20.615947080422362,True,5.931346944788595,True,True,True,True,True,0.5776731967926025
1422,0.753,-0.2617919336123407,0.7575362937759907,0.7512315270935961,0.7548223350253808,1.8238269421172004,1.168445609090229,0.07041195385208744,True,1.4412916210678206,0.06396397536621805,False,True,True,1.4356127402511067,True,0.08878248708276981,True,1.221912708982839,True,0,1.1673253652843971,21.32587313892047,True,6.052698796060555,True,True,True,True,True,0.655787467956543
1423,0.75875,-0.2781017291868735,0.7598947845844094,0.7449245184799583,0.7715247715247715,1.7552479921856639,1.1907134930062964,0.06984909086227359,True,1.4082825689159137,0.06334324883419482,False,True,True,1.4502915562681862,True,-0.6631959699799068,True,1.1804232489710413,True,0,1.2750920365324068,22.79291761095112,True,7.02926851640942,True,True,True,True,True,0.6317086219787598
1424,0.74125,-0.2691353324740707,0.8215489347879048,0.7295534370296036,0.7528649725959143,1.7429230505966713,1.1752935842394654,0.07033344592834109,True,1.4233345797809474,0.05934270359437336,False,True,True,1.4422217992266635,True,-0.3182736596366828,True,1.1809610679807996,True,0,1.2182203996860748,19.991958913897363,True,5.907136052308956,True,True,True,True,True,0.6536402702331543
1425,0.748,-0.2890104268965551,0.7780360712527058,0.7527693856998993,0.7432969215491559,1.883638305950859,1.353822984181767,0.07328288083347202,False,1.618721334382231,0.0616138139834545,False,False,False,1.4601093842068993,True,2.5742920283741038,True,1.2811049568777784,False,0,1.057139865338673,27.265554985692603,True,7.042666118957683,True,True,True,True,True,0.6112756729125977
1426,0.74875,-0.28092357638885346,0.7498653290660992,0.7409024745269287,0.7570912841670965,1.821213350162079,1.2633973548442803,0.06668949937176932,True,1.4936826683372801,0.06267634503640886,False,True,True,1.4528312187499681,True,0.6517841709433009,True,1.193715123115792,True,0,1.2826828935246657,21.875266394318572,True,6.783810327938791,False,False,False,True,True,0.5665283203125
1427,0.75475,-0.2575127797605278,0.7565889731200296,0.7493645144890696,0.7599606492867683,1.8057600125885924,1.222282447728376,0.06962687903542335,True,1.5044212204394014,0.06379162748575952,False,True,True,1.431761501784475,True,1.1390165374154568,True,1.2475048901781995,True,0,1.1647562323811922,22.36384090155412,True,6.3340850327002265,True,True,True,True,True,0.6021277904510498
1428,0.745,-0.21789427783842322,0.7946316070878013,0.735249621785174,0.7545860188398612,1.7290008229531497,1.1711948949544504,0.06654151887865206,True,1.430682622149733,0.061487268726011,False,True,True,1.3961048500545807,True,0.5623566115651008,True,1.198989894544129,True,0,1.1326971460676414,20.701027354035247,True,5.710179717415237,True,True,True,True,True,0.5788173675537109
1429,0.74625,-0.25407089771484465,0.8106568454125691,0.731290808638875,0.7610751617720258,1.7833200369616204,1.2233428943769498,0.06773497093792638,True,1.4670866733046108,0.06247297683164587,False,True,True,1.4286638079433602,True,0.615031767491947,True,1.1882224395613623,True,0,0.9641636951148552,29.380795731194254,True,6.947932502828475,True,True,True,True,True,0.581364631652832
1430,0.7605,-0.258636174389093,0.7412557709150535,0.7538847117794486,0.7670822942643392,1.8408843741316296,1.178980684171103,0.06572278312164592,True,1.482544197143136,0.061025166979559696,False,True,True,1.4327725569501835,True,0.8155920361450775,True,1.1877897266817705,True,0,1.154466816586604,22.960539836777357,True,6.448723186100517,True,True,True,True,True,0.6430554389953613
1431,0.75025,-0.2599458884177095,0.7744107735861414,0.7355982274741507,0.7653631284916201,1.74403539466736,1.2033436780292774,0.07253456411027363,True,1.4399941161843242,0.060801297607010425,False,True,True,1.4339512995759383,True,0.0993863099344308,True,1.233694307483436,True,0,1.4428643683867954,18.943675368159784,True,6.551568428622434,True,True,True,True,True,0.5399050712585449
1432,0.75025,-0.2342308237221208,0.7786296346806072,0.7400398406374502,0.7605421686746988,1.670174701907441,1.2103354676651743,0.08096163161276171,True,1.4758417355950804,0.06581154814883954,False,True,True,1.4108077413499087,True,0.988185144924575,True,1.1971374157137125,True,0,1.1981488282649169,22.18837235458391,True,6.454354254775007,True,True,True,True,True,0.593134880065918
1433,0.75925,-0.2751686214471578,0.7730190356209088,0.7581764122893955,0.760343087790111,1.6474272552142057,1.1734301310321937,0.06381051383718538,True,1.425158241962749,0.059171236460388806,False,True,True,1.4476517593024416,True,-0.3801427633635884,True,1.2024392123622867,True,0,1.212305727444702,22.356864208503513,True,6.575722504895531,True,True,True,True,True,0.5908825397491455
1434,0.75675,-0.2588492012395644,0.7984273330571944,0.7437848807711821,0.7693445046821095,1.80943654202476,1.2235726177369115,0.07742048454191636,True,1.456994137296172,0.06332440361475418,False,True,True,1.432964281115608,True,0.3794722857044844,True,1.2332420371751658,True,0,1.297174896928566,22.076428414733556,True,6.918402835592529,True,True,True,True,True,0.6015274524688721
1435,0.7405,-0.2814910007434421,0.7870357047911885,0.7349457058242843,0.7462006079027356,1.8018640038502147,1.197613171931144,0.06764357827388014,True,1.5183402078254007,0.06087542110825859,False,True,True,1.4533419006690977,True,1.067726612366465,True,1.2233916298848007,True,0,0.9765047562935464,25.302652167394907,True,6.057184239418323,True,True,True,True,True,0.5748896598815918
1436,0.754,-0.2336340881303211,0.7801834844025083,0.7514851485148515,0.7565656565656566,1.6749823862240387,1.0086954853853347,0.07303021274875891,False,1.324627151030418,0.06363925523644026,True,True,True,1.410270679317289,True,-1.3457657222523716,True,1.1381708897651486,True,0,0.8351107312134182,26.32805806956207,True,5.418215493718153,True,True,True,True,True,0.4908432960510254
1437,0.7355,-0.22824565762747023,0.7332734383551662,0.7239294710327456,0.7468982630272953,1.7440356408440916,1.3679127781308162,0.11018025746662899,True,1.4878280731867954,0.06413157162958637,False,True,True,1.4054210918647234,True,1.2849674384722938,True,1.2880052683237937,False,0,1.3311472698103608,21.980861777044257,True,7.056354039069999,False,False,False,True,True,0.5563161373138428
1438,0.7555,-0.2442320957535127,0.7377915478329727,0.7512562814070352,0.7597014925373134,1.8118621446031418,1.2791383404829055,0.06267847946801144,True,1.488392154778452,0.0599702084504799,False,True,True,1.4198088861781615,True,1.1436223146851792,True,1.262505243839024,True,0,1.3522141203964895,20.43220528495148,True,6.655557146982994,True,True,True,True,True,0.5458815097808838
1439,0.7525,-0.24286568772277603,0.7583952020363811,0.7503729487817007,0.7546505781799899,1.760118991127182,1.21286482101169,0.0661017855757835,True,1.4409237385263296,0.05901588078593576,False,True,True,1.4185791189504984,True,0.37862045399068645,True,1.2405283621640297,True,0,1.168744484128432,21.25548429133727,True,6.039653929035025,True,True,True,True,True,0.6095607280731201
1440,0.75175,-0.24638849989129002,0.7469026313013196,0.7432498772704959,0.760570555272542,1.5504273350947728,1.1315728560004166,0.11815028978395019,True,1.3018914451324675,0.05739925507738158,True,False,False,1.4217496499021611,True,-2.088149133784217,True,1.1671266811624752,True,0,1.1134990810937861,22.309060613775852,True,6.054684120101074,True,True,True,True,True,0.6245315074920654
1441,0.75425,-0.25243276961341715,0.7890106528316864,0.752970297029703,0.7555555555555555,1.7336610100946312,1.1599778826287006,0.08453229858800021,True,1.3881482931514868,0.06253064467087674,False,True,True,1.4271894926520754,True,-0.6243530625036366,True,1.1919986912756309,True,0,1.1252099049338293,22.95247187460792,True,6.291504889142618,True,True,True,True,True,0.6050255298614502
1442,0.7585,-0.25063699422007113,0.7972576801972412,0.7476166583040642,0.7693074240159442,1.7898227317296405,1.212634948419815,0.07559452612752966,True,1.4652089171027136,0.06489977899839755,False,True,True,1.4255732947980637,True,0.610720451076244,True,1.211594777878969,True,0,1.2716606780251405,21.977173716051396,True,6.7606311808259125,True,True,True,True,True,0.622230052947998
1443,0.75175,-0.26440608910194996,0.7754498039761775,0.751375687843922,0.7521239380309845,1.884207455949042,1.228695943790874,0.10470632672081673,True,1.4491243118132253,0.06424981868705358,False,True,True,1.437965480191755,True,0.17367880329472235,True,1.1869488779669803,True,0,1.2774457914713193,22.372410559058828,True,6.911495926044306,True,True,True,True,True,0.6272048950195312
1444,0.758,-0.27475933071045333,0.7732569322189197,0.7432835820895523,0.7728643216080402,1.722546484169651,1.126925511340395,0.07298836054593634,True,1.350134076908706,0.06018833095181376,False,True,True,1.447283397639408,True,-1.6140889636643823,True,1.1100365052548835,False,0,1.1267384205322701,22.45070066327721,True,6.161897951367348,False,False,False,True,True,0.6107921600341797
1445,0.7475,-0.25273027721404095,0.7814486299227148,0.7350823045267489,0.7592412451361867,1.8857351577977908,1.2246016012298189,0.0678726432380996,True,1.5473243491238882,0.06455204829352933,False,True,True,1.427457249492637,True,1.8569062144425652,True,1.2604744054289996,True,0,1.0498603965365794,26.01869530959185,True,6.67639133647819,True,True,True,True,True,0.5882110595703125
1446,0.76275,-0.2571662569253786,0.774952151314107,0.7514910536779325,0.7741448692152918,1.8110793563770156,1.2870115885388318,0.06638476016064099,True,1.4928557587353222,0.06153248576126331,False,True,True,1.4314496312328409,True,0.9979464788847919,True,1.206306278040197,True,0,1.4574781378822086,22.805151404515097,True,7.960298143112216,True,True,True,True,True,0.49866414070129395
1447,0.74825,-0.2555385706041304,0.7829961099606748,0.7359437751004017,0.7604581673306773,1.7949286001619476,1.1772396693271765,0.06982303294555982,True,1.4844106834891981,0.060077823151944515,False,True,True,1.4299847135437171,True,0.9059244674666513,True,1.246120923455988,True,0,1.0740614380710782,24.818129401218307,True,6.508376606894528,True,True,True,True,True,0.6569972038269043
1448,0.746,-0.2576284125487693,0.783129806628536,0.7427860696517413,0.7492462311557789,1.778765204664069,1.2081309395011515,0.06515179105115604,True,1.4826807307642327,0.061502599285537606,False,True,True,1.4318655712938924,True,0.8262278352565426,True,1.2056559979238959,True,0,1.2397421476014614,20.114521956465087,True,6.04196895813822,True,True,True,True,True,0.6180095672607422
1449,0.74175,-0.24030408944959472,0.7483270849900487,0.734744094488189,0.7489837398373984,1.792023871872547,1.2205055321588543,0.06577998479509453,True,1.4844876703456802,0.06307702164635035,False,True,True,1.416273680504635,True,1.0814396124074461,True,1.2727086428115058,False,0,1.2405984251727356,19.97915781984683,True,6.0051992691960665,True,True,True,True,True,0.6088314056396484
1450,0.75425,-0.27983475858863455,0.7099977973166763,0.745676500508647,0.7625368731563422,1.909643623309475,1.222711152690894,0.06517413571708498,True,1.505920098328674,0.06184776319794613,False,True,True,1.451851282729771,True,0.874224269451003,True,1.221137783698927,True,0,1.2319765344487568,22.53227100792141,True,6.72838819737661,True,True,True,True,True,0.6572668552398682
1451,0.75225,-0.2711715018732442,0.7660727543703811,0.7424395161290323,0.7619047619047619,1.7947769687965707,1.2580143723800394,0.06305561384514584,True,1.5253162722783045,0.05813499156563357,False,True,True,1.44405435168592,True,1.3978142664842572,True,1.2196902730888148,True,0,1.192596181599222,23.694643500983886,True,6.862391081181104,False,False,False,True,True,0.6718504428863525
1452,0.75175,-0.27119547694979584,0.7468828114908473,0.7397051347229283,0.76340383669454,1.9450368407414729,1.2980326305459302,0.06541318222197073,True,1.5899155868168207,0.057808719238952755,False,False,False,1.4440759292548162,True,2.52279689780317,True,1.2215740539242634,True,0,1.3219510856480716,23.12239620047723,True,7.3750962104201125,True,True,True,True,True,0.5980288982391357
1453,0.76375,-0.2231065677143282,0.7565926195887563,0.7620689655172413,0.7654822335025381,1.7686738704287717,1.2474892567487912,0.0631106577729182,True,1.4610747377254625,0.0592692506306302,False,True,True,1.4007959109428954,True,1.0170337256029889,True,1.1863316436322362,True,0,1.2194742323784542,24.860053381920594,True,7.35265077513018,True,True,True,True,True,0.5751516819000244
1454,0.74625,-0.2572843322182574,0.7237774008112741,0.7479757085020243,0.7445652173913043,1.7447759101814446,1.1391319541405875,0.06352743010436504,True,1.4116987588567158,0.06117241553347791,False,True,True,1.4315558989964317,True,-0.32460938425504227,True,1.1875802237845468,True,0,1.1169827680648161,21.58543136283676,True,5.8757013641682665,True,True,True,True,True,0.6577708721160889
1455,0.743,-0.27210609569329924,0.7888826150818741,0.7482621648460774,0.7376636455186304,1.755840622770305,1.2447397778591465,0.06877786698461125,True,1.5015315528018771,0.06383304237583552,False,True,True,1.4448954861239693,True,0.8872531305095334,True,1.1730278203719076,True,0,1.1338950156162269,23.05937921355245,True,6.367088020814256,True,False,True,True,True,0.605879545211792
1456,0.7515,-0.2411518352547919,0.769662366453523,0.7462082912032356,0.7566765578635015,1.8021540432438379,1.2607553110013587,0.07038721042445611,True,1.5328313549557129,0.06154964445745151,False,True,True,1.4170366517293127,True,1.8813220490078963,True,1.1765849544771518,True,0,1.288605891880533,21.1114861001543,True,6.575193399954717,True,True,True,True,True,0.5193920135498047
1457,0.75575,-0.2601664259064945,0.8012395683945107,0.756811301715439,0.7547076313181368,1.577220718005297,0.9974579295794997,0.06673882605960227,False,1.2397243641314546,0.060920170678556304,True,False,False,1.434149783315845,True,-3.1914785697215304,True,1.1146660023556245,False,0,0.9645570792970019,22.046516713722063,True,5.215578594894186,True,True,True,True,True,0.5445296764373779
1458,0.7395,-0.2541119944007998,0.8383928654303014,0.7299343765774862,0.7488855869242199,1.7382874137578463,1.0920349447494793,0.08635386920266543,True,1.4259463213862378,0.06464420408343415,False,True,True,1.42870079496072,True,-0.04260975308671309,True,1.1317448826971612,True,0,0.8435902449047484,25.32081549483549,True,5.262309976057727,False,False,False,True,True,0.6006772518157959
1459,0.7465,-0.22677743276029202,0.7743063411936872,0.7374556512924481,0.7553034040453873,1.6378728930132433,1.150392021042023,0.08132030385476503,True,1.375404572276333,0.06384590008474736,False,True,True,1.4040996894842628,True,-0.44944338116998245,True,1.1846899116435141,True,0,0.9140595451555334,28.374652740954396,True,6.3734758834864556,False,False,False,True,True,0.6330945491790771
1460,0.74825,-0.21669861937588952,0.7576830969900279,0.7459989674754776,0.7503635482307319,1.7318666465626258,1.147567628832794,0.0718958608900166,True,1.3955495676189629,0.06292421884332514,False,True,True,1.3950287574383005,True,0.008276784205445222,True,1.1610451234786185,True,0,1.0771697956950512,21.912997142759604,True,5.762380549685866,True,True,True,True,True,0.5620684623718262
1461,0.75575,-0.2678181748477572,0.7388272567591124,0.7426286856571714,0.7688844422211105,1.7882009926099964,1.2143034479224308,0.06515631491041807,True,1.4567864965694335,0.06060855257063887,False,True,True,1.4410363573629814,True,0.2598666118629939,True,1.1796023921122976,True,0,1.1341633755136753,25.867294895596473,True,7.144004542653029,True,True,True,True,True,0.6405858993530273
1462,0.75425,-0.2659278983845103,0.7431360372865167,0.7565953210552514,0.7518834756403817,1.7900192043307206,1.2855345940878506,0.07297369306169518,True,1.5005816090307529,0.06579068148870001,False,True,True,1.439335108546059,True,0.930929716774758,True,1.2353049299913812,True,0,1.2801726845488408,21.331260986278387,True,6.603005580426781,True,True,True,True,True,0.595674991607666
1463,0.743,-0.26750152762997503,0.7088893206515142,0.7436535589845694,0.742340532395781,1.638470807888053,1.0982484364300464,0.08474448506960414,True,1.3421121382923735,0.06546431338524264,False,True,True,1.4407513748669774,True,-1.5067634788153095,True,1.1235642254335922,False,0,0.9480705749236097,24.16697399885063,True,5.623094612054419,True,True,True,True,True,0.6260960102081299
1464,0.748,-0.22436350172060215,0.7472762400448376,0.7467532467532467,0.7492492492492493,1.6342948339226073,1.0550328731132192,0.06409419709349645,False,1.2678735824962128,0.0621691439655833,True,False,False,1.4019271515485419,True,-2.156271753179371,True,1.127513825530103,True,0,1.0500029328148732,21.24132056015749,True,5.45122512577072,True,True,True,True,True,0.5179071426391602
1465,0.751,-0.23194915374005004,0.7917095695977707,0.751375687843922,0.750624687656172,1.7475905076867613,1.1335924547545047,0.07144780369811493,True,1.4180936066242364,0.06378312301278732,False,True,True,1.4087542383660447,True,0.1464238158473259,True,1.1312838734216126,True,0,1.127445074193628,21.73060582439067,True,5.96780783728247,True,True,True,True,True,0.5251762866973877
1466,0.7525,-0.25577980906757003,0.7388152974947105,0.7415955845459107,0.763328350772297,1.7207545613602337,1.2194819874621692,0.09244850125876439,True,1.3905287665076351,0.05715191018364764,False,True,True,1.4302018281608129,True,-0.6941686030387316,True,1.1735616427603777,True,0,1.2556512927172239,21.00112274773606,True,6.384184679482194,True,True,True,True,True,0.5672962665557861
1467,0.7655,-0.2593891192347916,0.7893014075061124,0.7623914154317833,0.7684777288301518,1.8440804080947018,1.4062324982823513,0.09132456832672652,False,1.5362632374939966,0.06983290565578719,False,True,True,1.4334502073113125,True,1.4722719786207816,True,1.201751302574394,True,0,1.5141617831931786,23.554750152575856,True,8.513611394954866,True,True,True,True,True,0.4827840328216553
1468,0.75325,-0.2489450818139285,0.7532600106453825,0.7401215805471124,0.7660414610069102,1.6542546774755171,1.0614417813366075,0.07226125451181074,True,1.3458926358138776,0.06468212739562149,False,True,True,1.4240505736325355,True,-1.208339010567989,True,1.1526372716663373,True,0,0.8844135542351702,28.4646648636537,True,6.193042090969866,False,False,False,True,True,0.5431997776031494
1469,0.75475,-0.24977609414298754,0.7380036976710767,0.7420460107684778,0.768012263668881,1.7522136014334644,1.1393878734869538,0.07138656156705733,True,1.4028597710881536,0.06229505036228548,False,True,True,1.4247984847286888,True,-0.35217426606042534,True,1.1772206656165296,True,0,1.0290589311509486,25.613779767334275,True,6.4478943376405855,True,True,True,True,True,0.5236325263977051
1470,0.75175,-0.2538993286286527,0.7419487285252101,0.7473997028231798,0.7561837455830389,1.7904132802105135,1.190178572648119,0.079038133448527,True,1.4085006847358956,0.06405464931181638,False,True,True,1.4285093957657873,True,-0.3123693790358568,True,1.231646128130589,True,0,1.0522302953019973,25.248223533384877,True,6.49266031280966,True,True,True,True,True,0.5001325607299805
1471,0.74275,-0.231843929844005,0.7557043889944478,0.7393015248401378,0.746314184036604,1.7999669604425856,1.2532842645214397,0.0798926378164051,True,1.4826279487194498,0.06446997849081607,False,True,True,1.4086595368596044,True,1.147331108081297,True,1.1846220123137343,True,0,1.1027853742407652,24.417675760928127,True,6.56633517740829,True,True,True,True,True,0.558539867401123
1472,0.75275,-0.27891568511197173,0.7874876295617378,0.7624691358024691,0.7427848101265823,1.8070645186938208,1.1692790423486963,0.07066784811502833,True,1.4550516252689814,0.06010530156050899,False,True,True,1.4510241166007747,True,0.06700754448677228,True,1.21138600953182,True,0,1.118093019375866,21.421627419664865,True,5.8366176803691605,False,False,False,True,True,0.48131346702575684
1473,0.75375,-0.2572282840307761,0.7751187312961751,0.744888023369036,0.763103802672148,1.8238377176937917,1.3665163480004086,0.07436796603017472,False,1.5873520616669274,0.06643204733718491,False,False,False,1.4315054556276983,True,2.3459551870832533,True,1.272350832667032,True,0,1.245492002751001,26.59125103512823,True,8.022198895835162,True,True,True,True,True,0.5434863567352295
1474,0.756,-0.26359088953790205,0.7821122729943736,0.7621335896203748,0.7493486190724336,1.624180242239438,1.1257401491399741,0.06889165984945933,True,1.3785511592405548,0.0590868391433007,False,True,True,1.4372318005841116,True,-0.9931254098944302,True,1.138530306192263,True,0,1.2455990243985384,20.133384895714066,True,6.074442987291707,True,True,True,True,True,0.5355508327484131
1475,0.75275,-0.2597014469566856,0.8000883162428877,0.7522211253701876,0.7532928064842959,1.7179557313099523,1.1449818335454456,0.07209563303234831,True,1.422635947368809,0.061142724629439524,False,True,True,1.433731302261017,True,-0.1814664779734993,True,1.1900749087496332,True,0,1.1616526309389572,20.47105911206481,True,5.783382056944583,True,True,True,True,True,0.4977855682373047
1476,0.75225,-0.24684985704655388,0.7299458191524192,0.7456960157402853,0.759023894255211,1.740216755518702,1.2278201280421106,0.0671102216242544,True,1.4450120916584333,0.0635640751988431,False,True,True,1.4221648713418984,True,0.35943605322760497,True,1.1924033643975933,True,0,1.2937149619425377,21.00490851010936,True,6.566216495479462,True,True,True,True,True,0.574859619140625
1477,0.7575,-0.28841939235948794,0.7833538265222119,0.7564229249011858,0.7586032388663968,1.8222194459492953,1.2906417478121797,0.0691891835711738,True,1.5420773265138918,0.05999263506049143,False,True,True,1.4595774531235388,True,1.375166690164005,True,1.2347887664462753,True,0,1.1273255737728074,26.066026682224333,True,7.157710813308308,True,True,True,True,True,0.47409653663635254
1478,0.7595,-0.24179720897355467,0.7353718753871473,0.7568238213399504,0.7622166246851385,1.7602141048594309,1.2615518219711246,0.07350758848363574,True,1.3917553101923705,0.059437912604806915,False,True,True,1.417617488076199,True,-0.4351124854565777,True,1.1901817531636176,True,0,1.309917899538784,21.7442468086368,True,6.876708464826444,True,True,True,True,True,0.5687673091888428
1479,0.7515,-0.29186211271500295,0.7930609585222625,0.7441975308641975,0.7589873417721519,1.7330326426775031,1.1146788150190567,0.06941039041399054,True,1.4146703380291221,0.064460255055248,False,True,True,1.462675901443503,True,-0.7447312048833172,True,1.1984769099999841,True,0,1.0674606184969262,22.423261762099813,True,5.8458666079599455,True,True,True,True,True,0.5223422050476074
1480,0.75625,-0.24276002272529762,0.7780112299912082,0.7608040201005025,0.7517412935323383,1.7620138066902766,1.3081353235835986,0.07236265172446195,True,1.5461751516621303,0.06361485382452398,False,False,True,1.418484020452768,True,2.0072533933912213,True,1.2552161761746545,True,0,1.2796436580040302,22.48218448044687,True,6.956580674926459,True,True,True,True,True,0.4605979919433594
1481,0.75175,-0.2597501825064167,0.7869785582924287,0.7586034912718205,0.7448621553884712,1.7527279970280327,1.1783761273875963,0.06628196242884549,True,1.430364478573909,0.06101312983127769,False,True,True,1.4337751642557748,True,-0.055900847756828506,True,1.2087711625297175,True,0,1.061075669199959,21.548251710792968,True,5.585675086286526,True,True,True,True,True,0.4886147975921631
1482,0.75375,-0.27960840087366234,0.7802128089449307,0.7567430025445293,0.7508599508599508,1.7458785990655303,1.098754003565532,0.0669512911424665,True,1.4001536629944094,0.05976735847628634,False,True,True,1.4516475607862962,True,-0.8615722545663094,True,1.188270710522264,True,0,1.0521748735810816,20.927509337979593,True,5.381304243986171,True,True,True,True,True,0.47200679779052734
1483,0.7495,-0.2640442605711774,0.8080549111906615,0.7580971659919028,0.741106719367589,1.7476114068926414,1.1935948703882333,0.06923578336366118,True,1.4736744758529272,0.06577224282513135,False,True,True,1.4376398345140597,True,0.5478700404769952,True,1.2176364696602637,True,0,1.080411163898575,22.978613538905343,True,6.059930994099191,False,False,False,True,True,0.5444521903991699
1484,0.73875,-0.23100633821716185,0.7741761179997314,0.7290715372907154,0.748151798915722,1.6497933746794848,1.1923413293590417,0.07561085417426149,True,1.3897512982863618,0.06490453210781726,False,True,True,1.4079057043954457,True,-0.2797093749774888,True,1.133966016067509,True,0,1.1442587473036894,22.79750697724717,True,6.349305020092029,True,True,True,True,True,0.513909101486206
1485,0.7575,-0.2595709469191117,0.7599427459102529,0.7597434632461766,0.7551951343132286,1.815598316265119,1.3083901987250866,0.07074857443499075,True,1.5061856148865438,0.06194371780725662,False,True,True,1.4336138522272006,True,1.171575830904381,True,1.2303801566917973,True,0,1.1840488271926195,23.412070969282247,True,6.734693168649172,True,True,True,True,True,0.5221250057220459
1486,0.756,-0.2587349757423753,0.7672395613182994,0.7664233576642335,0.744987146529563,1.7437069783126957,1.287698886433868,0.06738822819174882,True,1.4806284276965518,0.06129375955693101,False,True,True,1.4328614781681377,True,0.7793117908528205,True,1.193304021491786,True,0,1.3975010354810533,19.14214668238642,True,6.428342025980159,True,True,True,True,True,0.5286622047424316
1487,0.7505,-0.26926004260072345,0.776802765813005,0.7523714428357464,0.7486229344016024,1.8362318944717078,1.230968379891694,0.07090942114987392,True,1.4819246259369807,0.05943970550532365,False,True,True,1.442334038340651,True,0.6660629836529678,True,1.1615733654683404,True,0,1.0579647333521933,24.92497914226478,True,6.442894443013403,True,True,True,True,True,0.4759559631347656
1488,0.7565,-0.2352488264014122,0.7537265393470565,0.7507462686567165,0.7623115577889448,1.8399278477691756,1.288223066176826,0.06469122609872918,True,1.5030198717206824,0.062006893696604774,False,True,True,1.411723943761271,True,1.4723512583313039,True,1.1728856403346672,True,0,1.4949815902087815,20.43417378490652,True,7.300382825708207,True,True,True,True,True,0.5690104961395264
1489,0.754,-0.24916972170900534,0.7453557715615383,0.7420477137176938,0.7660965794768612,1.722704617997745,1.1589181716059054,0.07050385668033667,True,1.4178639974446863,0.062099955907285495,False,True,True,1.4242527495381045,True,-0.10287852865719586,True,1.2560089666421317,True,0,1.0573522783840617,25.757662782345193,True,6.6544555812416,False,False,False,True,True,0.5731005668640137
1490,0.7495,-0.2706461420352681,0.7980069488103071,0.7645275391611925,0.7347847600197922,1.6260834088772107,1.149433307622733,0.06349828585568358,True,1.3597819194046972,0.05872959646479573,False,True,True,1.4435815278317414,True,-1.4268718579954187,True,1.1782615891272932,True,0,0.9480057103041718,22.7188137471788,True,5.285792824808875,True,True,True,True,True,0.5012648105621338
1491,0.74825,-0.25987920660120667,0.793356751973101,0.7453294001966568,0.7512716174974567,1.6446949187544109,1.1076213461766284,0.08749558292451283,True,1.28843294049361,0.059703759636570965,True,False,False,1.4338912859410862,True,-2.4363347690817307,True,1.103002760627304,False,0,0.9150721486730187,27.48336977295279,True,6.179883152224851,True,True,True,True,True,0.5043430328369141
1492,0.7555,-0.28873142030302124,0.7702750856548486,0.7468734367183592,0.7641179410294853,1.660516608739796,1.1573275039429143,0.06733525721495193,True,1.420575970921375,0.0591920845818215,False,True,True,1.459858278272719,True,-0.6636412221138089,True,1.1599903805997578,True,0,1.044962076547723,23.175550814270697,True,5.920321123258436,True,True,True,True,True,0.49677586555480957
1493,0.7525,-0.2847183480436631,0.7613862029831688,0.7460159362549801,0.7590361445783133,1.784675964795523,1.168212434993697,0.07583232012873391,True,1.4318768241915472,0.062247533305026706,False,True,True,1.456246513239297,True,-0.39149646184906567,True,1.1883321602596149,True,0,1.2607264611327766,21.080981149144844,True,6.432727282918353,True,True,True,True,True,0.4945492744445801
1494,0.75775,-0.2378645029368861,0.7158728276288607,0.7470737913486005,0.768058968058968,1.7536585661060604,1.2035320480736187,0.06685795721261568,True,1.4270362468042124,0.06148146780337919,False,True,True,1.4140780526431975,True,0.21076585553317953,True,1.1778372658476135,True,0,1.2512736357095833,23.204836933314457,True,7.031040844042611,True,True,True,True,True,0.44438767433166504
1495,0.74425,-0.26757104285268357,0.749995034701516,0.7359635811836115,0.7523479980227386,1.8900745012285416,1.286905034964153,0.1471016878153876,True,1.4750477801198274,0.06882540168607112,False,True,True,1.4408139385674152,True,0.49740126049043315,True,1.2149827868445793,True,0,1.3257542520553875,21.23823078952679,True,6.792257989948663,True,True,True,True,True,0.5522286891937256
1496,0.74925,-0.24053429584625816,0.7845270985105935,0.7438349270256668,0.754595131644312,1.7021671100774596,1.099972649076792,0.07857734692437757,True,1.3471290672129472,0.06051586380789836,False,True,True,1.4164808662616324,True,-1.1460102307856928,True,1.1612675870802829,True,0,1.0000715266519193,23.444298913311354,True,5.742340405008845,True,True,True,True,True,0.5610144138336182
1497,0.74825,-0.2506971536528992,0.7667346256950796,0.7501246882793018,0.7463659147869675,1.6721515570145804,1.2813540136902222,0.08393879719004162,True,1.4233217193841112,0.06063380347532374,False,True,True,1.425627438287609,True,-0.038026954789933426,True,1.1981782335392732,True,0,1.2838868758564908,21.00960103447307,True,6.521071117471955,True,True,True,True,True,0.5511209964752197
1498,0.74625,-0.22819922587309285,0.7471100077603546,0.7416338582677166,0.7510162601626016,1.7032651967666246,1.2232401540926545,0.06636580482148008,True,1.4304990678742122,0.061252733561633084,False,True,True,1.4053793032857835,True,0.4101003029220392,True,1.2274780141071846,True,0,1.21689888974263,20.985037337081835,True,6.194238183606257,True,True,True,True,True,0.4794576168060303
1499,0.74475,-0.2784005201295065,0.7934927127239224,0.7424616905585764,0.7470915528578654,1.8362295079435786,1.2207342533759573,0.07197794090500201,True,1.4632607518026468,0.059027393185943196,False,True,True,1.450560468116556,True,0.21515914900872202,True,1.1790881066075525,True,0,1.2846134234891968,19.886734101361796,True,6.175813726788459,True,True,True,True,True,0.539548397064209
