seed,truth,c_psi,c_pse,c_plugin_covers,c_selected,c_gap10,c_first_step,c_risk_rises,p_psi,p_se,p_covers,p_below,p_above,p_ni_psi,p_ni_se,p_ni_covers,wp_psi,wp_se,wp_covers,wc_psi,wc_pse,wc_plugin_covers,wc_selected,ols,hc0,seconds
5000,1.0,0.9162982439812299,0.04504186788916057,True,social_support,-0.0001642360180618141,social_support,True,0.8845278880767554,0.08441315519555129,True,0.11,0.097,0.9588141524932748,0.047291234658015706,True,0.40394784815375073,0.3571275575968577,True,0.9471228188389108,0.09224526990099899,True,social_support|baseline_readiness,0.916476637304369,0.05483969810436171,1.379122200072743
5001,1.0,1.0273775481616856,0.04635616779316058,True,,0.00013084559799825257,social_support,True,0.9873045294254001,0.06322019152490907,True,0.1405,0.117,1.0097224605741741,0.0492737069421079,True,1.2759386559634647,0.24375969785476703,True,1.025150641964574,0.09107047070068192,True,baseline_readiness|social_support,1.0273775481616916,0.05829482267004644,1.3633842000272125
5002,1.0,0.9638856693219867,0.04523323436976709,True,,0.028529457489834265,social_support,True,0.8683709921992607,0.06900329355559795,True,0.0715,0.1085,0.9729175082251393,0.04649863514455581,True,0.8121785373893899,0.3176497680352073,True,0.9718290424748659,0.08914456703534768,True,social_support|baseline_readiness,0.9638856693220067,0.05540464230022278,1.3544354001060128
5003,1.0,1.0209918276028769,0.04481745230096633,True,,9.988898495905119e-05,social_support,True,1.0444001851875728,0.05679210452556513,True,0.0815,0.096,1.023575921554288,0.0474455497225143,True,1.0684986596550734,0.20449366109807401,True,1.0148513711816896,0.08941923568979804,True,baseline_readiness|social_support,1.020991827602884,0.05405198086453575,1.3740133999381214
5004,1.0,1.0190015829115089,0.0452143919191365,True,social_support|baseline_readiness,-0.0008858522608212738,social_support,True,0.9902300598631217,0.06333451112955586,True,0.1065,0.104,0.9761528379787404,0.04522047746011797,True,1.1353370373086322,0.23112040448781765,True,1.077153947166081,0.10714597546122388,True,queue_lottery_draw|social_support|baseline_readiness,1.0199765428289853,0.05302590037602494,1.3536550999851897
5005,1.0,0.8854693558961008,0.04608291532032259,False,social_support|baseline_readiness,-0.00043730992316604045,social_support,True,0.8616943754186079,0.05774695379017102,False,0.071,0.093,0.933578294437021,0.04615392954754848,True,0.757394535390373,0.22597606309568896,True,0.9244200647480977,0.08948587543703125,True,social_support|baseline_readiness,0.8839637949112915,0.05318599716593288,1.2860429000575095
5006,1.0,0.981077662604197,0.04588410554564582,True,social_support,-0.002470068780633383,social_support,True,1.0042923520988212,0.06416446641274941,True,0.087,0.093,0.9813158544505516,0.04775224620628129,True,1.1991173364274534,0.19375633090010735,True,1.0422522090154434,0.12815078934109467,True,baseline_readiness|social_support|queue_lottery_draw,0.981065774406164,0.05518312973321753,1.330216099973768
5007,1.0,0.9350462808816589,0.04533713286012428,True,,0.0018721520201649966,social_support,True,0.9551100970426378,0.0580576974299501,True,0.09,0.0965,0.981848816257644,0.04637602080906968,True,1.2131932096887035,0.16296355018846312,True,0.9986225982514119,0.09079328741629444,True,social_support|baseline_readiness,0.9350462808816679,0.05490824879649651,1.3353701999876648
5008,1.0,0.9383659428441903,0.04511537822030192,True,,0.002971653481916192,social_support,True,1.017562991645739,0.05906005548121673,True,0.0965,0.092,0.934681595475335,0.04650809667000429,True,1.341974570773925,0.14578695925713353,False,0.9158469727895845,0.09569631769829083,True,social_support|baseline_readiness,0.9383659428441953,0.054147633177477755,1.3275176999159157
5009,1.0,1.0165632209517703,0.04479291050888915,True,social_support,-0.0005174356374890721,social_support,True,1.001932956247369,0.05839905769280115,True,0.112,0.1035,0.9759609779201142,0.04736964019868258,True,1.390101267319127,0.1830775181194543,False,0.9778808190558369,0.09031127438980255,True,baseline_readiness|social_support,1.0165804922178383,0.05456073996268566,1.356861500069499
5010,1.0,0.8787125329500304,0.0444267629637827,False,social_support,-0.00010891619816177922,social_support,True,0.8530038125762434,0.05376446642676052,False,0.0875,0.082,0.8881773726112671,0.045913474319621186,False,1.2038410326820725,0.15587502168551687,True,0.8944124238983775,0.09001860968702766,True,social_support|baseline_readiness,0.8787029154507116,0.05238470520329717,1.379532599938102
5011,1.0,1.036136193509374,0.04496185280614322,True,social_support,-8.999586333047205e-06,social_support,True,1.0332774706117436,0.05618029834197662,True,0.1245,0.1365,1.0115865133784643,0.04739716434422206,True,1.6633391461396372,0.19040296501234572,False,1.0197657601286814,0.09013706009876041,True,social_support|baseline_readiness,1.0360994975193392,0.055690999955431746,1.2930048999842256
5012,1.0,0.9166540990465835,0.04435021008605623,True,social_support,-3.223156561737994e-05,social_support,True,0.9192587692116948,0.05295032108141473,True,0.0785,0.0995,0.9710273954641421,0.04541655788409075,True,1.0907125231720582,0.1838173277260761,True,0.9788666216592383,0.08815024432845829,True,social_support|baseline_readiness,0.9166540772810551,0.05231918146228131,0.8844450999749824
5013,1.0,1.044337993160472,0.045242599702335635,True,,0.0012287095664778036,social_support,True,1.0456655023429848,0.06267446560658703,True,0.111,0.109,1.0265211475664875,0.046332988109554926,True,1.09644320430521,0.3358670650406888,True,1.0373982350705053,0.09420670132849139,True,baseline_readiness|social_support,1.044337993160483,0.05457113156448171,0.8962472999701276
5014,1.0,1.005549852455425,0.04479487759386515,True,,0.006351711647878844,social_support,True,0.9689129922833654,0.061998429658781454,True,0.1045,0.0925,1.012820018846537,0.047169729750086965,True,0.9003995410125815,0.312507740550603,True,0.9899447714018373,0.09271933297778398,True,baseline_readiness|social_support,1.0055498524554307,0.053851505126414075,0.9234546999214217
5015,1.0,1.0026665205753043,0.04447470343164227,True,social_support,-0.00010425927793367151,social_support,True,1.0383649878835033,0.0595444978490641,True,0.0825,0.095,0.9827731604791995,0.04580800815226749,True,1.1964063310243265,0.16072106379898185,True,0.9852634501922872,0.08933177622215306,True,social_support|baseline_readiness,1.0027000024129047,0.05335526184203461,0.847649100003764
5016,1.0,1.0028257900086017,0.04385219782652592,True,,0.0021105719265310796,social_support,True,1.041161247127397,0.05833345657301765,True,0.069,0.084,0.9797245275551717,0.04513139294475603,True,1.0965614492170488,0.18247666834295684,True,0.9674095763224196,0.08951052652967754,True,baseline_readiness|social_support,1.0028257900086253,0.05166914086657514,0.8368319999426603
5017,1.0,0.9409539823812355,0.044704258247566415,True,,0.0009507528980066127,social_support,True,0.9617170450567688,0.06920417651562813,True,0.114,0.1,0.9216755375621507,0.04672313865973327,True,1.0851391337424292,0.1890590634203014,True,0.9228945890944146,0.09105766241311745,True,social_support|baseline_readiness,0.9409539823812549,0.05479468897416717,0.8695132000138983
5018,1.0,1.0846087250350935,0.04396335853547335,True,,0.00026106512708690133,social_support,True,1.081101970660019,0.05643477316953183,True,0.11,0.1005,1.0536082428515525,0.0455014031033816,True,1.2638709095835141,0.22912490759311568,True,1.080699978524518,0.08841854727674789,True,baseline_readiness|social_support,1.0846087250351102,0.05352757113891838,0.8995293999323621
5019,1.0,0.9797947646167317,0.045146240578938006,True,social_support,-0.002354390092209613,social_support,True,1.0207628731099732,0.06979919508080257,True,0.1105,0.114,0.9922999224233838,0.046714292811641245,True,1.426252464737266,0.1678812104288387,False,0.9985412033883678,0.08784615937676296,True,social_support|baseline_readiness,0.9797956910303397,0.057431188355068136,0.8416459000436589
5020,1.0,0.9178131144509017,0.04745534600280789,True,social_support|baseline_readiness,-0.0035404862238674895,social_support,True,0.9222062599158032,0.06251910514974679,True,0.091,0.085,0.9684262513861855,0.04745889754282141,True,0.971201358359883,0.23710011054115934,True,0.9807398735026828,0.08877204087196129,True,social_support|baseline_readiness,0.9201678670412121,0.0554669056115221,0.912445200025104
5021,1.0,1.0054196553082602,0.0461035616192654,True,social_support|baseline_readiness,-0.0005083280098094889,social_support,True,1.0179880859606951,0.05784322863046685,True,0.106,0.111,1.0078513215803389,0.046103531889263395,True,1.0529557790482984,0.2558383199711078,True,1.0093752727036214,0.09089245993518714,True,baseline_readiness|social_support,1.0023517750388171,0.05454389513063096,0.8964502000017092
5022,1.0,1.0947967287410632,0.04406306391576775,False,,0.002658525592170946,social_support,True,1.0582121355187923,0.05783887825695239,True,0.103,0.1145,1.065880156939042,0.04557460406606404,True,1.0022988829399118,0.24901654000471957,True,1.0515188099077066,0.0927422572188679,True,social_support|baseline_readiness,1.0947967287410476,0.05300249122040225,0.7728060999652371
5023,1.0,0.9886502467532468,0.044414164685169795,True,social_support,-0.0007553674112639186,social_support,True,0.9483234349659956,0.06298313783839715,True,0.061,0.0845,0.99864953748301,0.045124339219311936,True,0.8267730114975256,0.23383293129121602,True,1.0015316570929638,0.08848374952205731,True,baseline_readiness|social_support,0.9887233077224069,0.05218982317667888,0.8274284000508487
5024,1.0,0.9065266190792891,0.04566704604198735,False,,0.00014948454011065593,social_support,True,0.9021041034186219,0.059064666812319346,True,0.0995,0.086,0.9586522919468172,0.04750734593957103,True,1.0133730728428607,0.18034444615825837,True,0.9829442811712393,0.09085821037462054,True,social_support|baseline_readiness,0.9065266190792984,0.05378199132320698,0.8746225999202579
5025,1.0,0.9553924524455519,0.04378729314276181,True,,0.00034367129955281683,social_support,True,0.9320563265913515,0.07046479355197283,True,0.102,0.1,0.9795673968281838,0.04554280767625157,True,0.8230182108945946,0.25416829428143917,True,0.9942121672614233,0.08925390911577,True,baseline_readiness|social_support,0.9553924524455746,0.053040671971599555,0.8657917000818998
5026,1.0,0.9779095736537847,0.045489974016898124,True,social_support|baseline_readiness,-0.0006726675538040183,social_support,True,0.9803568883503252,0.06030232763310836,True,0.101,0.1035,0.9826919611848783,0.04548646255523565,True,1.288835675395681,0.16841363109213284,True,0.9809672231902752,0.09202042352282971,True,social_support|baseline_readiness,0.9811349837006601,0.05493572278404494,0.8692037999862805
5027,1.0,0.9693258042093447,0.04401658354553832,True,,3.429477871197406e-05,social_support,True,0.9567691010983711,0.05319553447095002,True,0.0895,0.0865,1.0050990730918692,0.044779981678231676,True,0.9135195547321936,0.2402918318928678,True,1.0022832101747898,0.08953888672163321,True,social_support|baseline_readiness,0.9693258042093676,0.05155119012533786,0.9055764999939129
5028,1.0,0.9988584574321305,0.050349240856648415,True,queue_lottery_draw|social_support,0.0065364446693800815,queue_lottery_draw,True,0.9401014881432093,0.05809243318026753,True,0.0805,0.084,0.9610623528936115,0.04640561405845358,True,1.0230108144658718,0.2232093836181659,True,0.9716694835811314,0.08961063394342685,True,social_support|baseline_readiness,0.9277516859726344,0.052573368574381704,0.8542210999876261
5029,1.0,0.956750688661204,0.045852445568347056,True,social_support,-0.0006289481668657615,social_support,True,0.9531149854009985,0.06043403482015564,True,0.1145,0.087,0.9413730330099285,0.04757638518978039,True,0.9336489766785362,0.25100617692804916,True,0.9434096749111555,0.08942328843599416,True,social_support|baseline_readiness,0.956798153218327,0.05505091164752011,0.8395428999792784
5030,1.0,1.044934865372977,0.044134633628937776,True,social_support,-0.0012465591435395496,social_support,True,1.0788984696837427,0.05912408027730954,True,0.0875,0.109,1.0448402659009521,0.0467796036158828,True,1.1709214821467067,0.2011681170501042,True,1.0507433243418451,0.08834019421525818,True,social_support|baseline_readiness,1.0448557352050398,0.05326127788883605,0.8569248999701813
5031,1.0,0.9522621542194855,0.044998425038534955,True,,0.0037068797074439885,baseline_readiness,False,1.0323179016590303,0.05328931836698175,True,0.1045,0.0775,0.9927249362922949,0.04674453352982449,True,0.7245680275288631,0.3995180372967775,True,0.9890698406954684,0.08958346536816449,True,social_support|baseline_readiness,0.9522621542195021,0.05317914995948368,0.8514508000807837
5032,1.0,1.050177138488125,0.044483831217233274,True,social_support,-8.296541643559863e-05,social_support,True,1.1025052732261795,0.0698958129934774,True,0.1045,0.0945,1.0688428302568027,0.04617434889902229,True,1.0691920106900688,0.29070594883542317,True,1.0916541503524226,0.08499597998268553,True,social_support|baseline_readiness,1.050177138944874,0.05493036635004855,0.8411017999751493
5033,1.0,0.8958913223684902,0.04358559416577211,False,social_support,-0.0008056960329341223,social_support,True,0.9033369925932144,0.06085050543839829,True,0.107,0.09,0.9298637213066954,0.04517791629339434,True,1.01451768015189,0.193374099401778,True,0.9428671195686722,0.08988545262096767,True,social_support|baseline_readiness,0.8958894660883834,0.05369229851063519,0.9050093999831006
5034,1.0,1.0029798562745516,0.0459375716300728,True,,0.0004378597216643243,social_support,True,0.9983318850672114,0.07062791767320266,True,0.1205,0.0885,0.9311542838384849,0.04724332884317478,True,1.104436698662547,0.28267695525541175,True,0.9225131009164868,0.09203885868347049,True,baseline_readiness|social_support,1.0029798562745675,0.05458441748956915,0.9278582000406459
5035,1.0,0.9678741749884052,0.04494055049558521,True,,0.019773337715955464,social_support,True,0.9077137661401522,0.06559510232356458,True,0.079,0.101,1.006118713155213,0.046898287243949906,True,0.8797496241370905,0.2916070322834621,True,1.0041910841114317,0.09215996712528049,True,social_support|baseline_readiness,0.9678741749884239,0.05367098380443022,0.8717072000727057
5036,1.0,1.0395889719934546,0.04476017058947758,True,,0.0003389311313348742,social_support,True,1.0208895841889405,0.0601288400489563,True,0.1245,0.089,1.027722454987257,0.047233488909561416,True,0.9887050026357441,0.2992572020841987,True,1.0454611479102343,0.13000237142554477,True,baseline_readiness|social_support|queue_lottery_draw,1.039588971993464,0.05492974210211083,0.922551800031215
5037,1.0,1.0748577178155352,0.04720658250115037,True,social_support|baseline_readiness,-2.0913398488531243e-05,social_support,True,1.0542547315324649,0.06701542456629166,True,0.0765,0.098,1.0580450224161624,0.04721398921897491,True,1.052668692206044,0.2992989488683008,True,1.0616249936170485,0.08805391453668722,True,social_support|baseline_readiness,1.0667968185180021,0.054801345317883526,0.8876637000357732
5038,1.0,1.003701910769892,0.04570240677636702,True,,0.0067973160656791265,social_support,True,1.0134305438005957,0.06537256654961696,True,0.089,0.117,0.9907307982341733,0.048903402956230725,True,1.4327914331446596,0.15740410564690394,False,1.0174723714007716,0.0904706651910208,True,baseline_readiness|social_support,1.0037019107699094,0.057932031818423046,0.9066093000583351
5039,1.0,1.1080765492122102,0.04506959399783177,False,social_support,-0.00026692360462021725,social_support,True,1.155306981304537,0.06126099810721519,False,0.093,0.1025,1.0738752320538596,0.04696464167646825,True,1.298917944127303,0.26713189032442264,True,1.0829642637674788,0.08946822420334323,True,baseline_readiness|social_support,1.1080841657806366,0.05563240260186803,0.8800668000476435
5040,1.0,1.0572180995386198,0.0437900663868081,True,,0.056205186048090994,social_support,True,1.1108591230089941,0.0857855793996248,True,0.0835,0.1135,1.0659289715664393,0.04593869799108247,True,1.33107945625872,0.17056181417221736,True,1.0561306928864367,0.08959947267321695,True,baseline_readiness|social_support,1.0572180995386242,0.05379631146012951,0.8376309999730438
5041,1.0,1.0237553096475922,0.04389667303921465,True,,0.019104059412705432,social_support,True,1.016860888472885,0.05919362705816555,True,0.063,0.077,1.02718574980747,0.04508984769934814,True,1.109965522986095,0.17779063204280415,True,1.0335377303474227,0.08791959710535077,True,baseline_readiness|social_support,1.0237553096476055,0.051792489586471056,0.8807774999877438
5042,1.0,1.0445759856831647,0.04442005569110483,True,,0.0008104091981122608,social_support,True,1.0897719738078036,0.07648523855982631,True,0.111,0.115,1.0060874669930573,0.04647543154699548,True,1.4065384702737493,0.22198012010783708,True,1.0235904821544024,0.09074367459489709,True,baseline_readiness|social_support,1.0445759856831849,0.05561839374994246,0.857167899957858
5043,1.0,1.0125846461801853,0.04431575846891113,True,social_support,-0.0003256285861663599,social_support,True,0.9919603375635307,0.059894453637972765,True,0.085,0.105,1.0237595996491153,0.045678868427285864,True,1.1963558834506485,0.19349592341311214,True,1.0397734131806122,0.08911573752598181,True,social_support|baseline_readiness,1.0125669397154375,0.054258858781942386,0.8425624000374228
5044,1.0,1.0051597209626901,0.04537172342965344,True,social_support,-0.00014607857987325445,social_support,True,1.0471289235432488,0.05651527105101522,True,0.1105,0.097,1.013191954991743,0.046173539793648286,True,1.594759512734685,0.14481107831848752,False,1.03029737027711,0.08487046540635475,True,social_support|baseline_readiness,1.005098655223176,0.05411370499993269,0.8689526000525802
5045,1.0,1.0043190658305103,0.046068157376467925,True,,0.00037007520214427103,social_support,True,1.0915673556084748,0.07362691153729994,True,0.1055,0.1065,0.998681277785279,0.048210411081573784,True,0.929816289681344,0.3379946714954752,True,1.0002153739697262,0.09004973926305133,True,baseline_readiness|social_support,1.0043190658305103,0.05511687283750901,0.8933328000130132
5046,1.0,0.9578777469690984,0.04459629818860161,True,,0.0002139799282163679,social_support,True,0.9939450841765094,0.06552476145346704,True,0.093,0.0935,0.9826528903046511,0.04698212794362036,True,1.1185709003465671,0.19962714595383077,True,0.9821630403515647,0.09051099071412502,True,social_support|baseline_readiness,0.9578777469691108,0.05381224620295695,0.8573148000286892
5047,1.0,0.9834759723818155,0.0436676997729448,True,social_support,-0.0005693318359538679,social_support,True,0.9853044690079903,0.0564946175135902,True,0.1095,0.106,1.0002546270472048,0.04547602879132947,True,1.0720545698019464,0.19978514792856178,True,1.01122628781706,0.0901855324540162,True,baseline_readiness|social_support,0.9834855160523817,0.052951114755401124,0.9112444999627769
5048,1.0,1.0352705057723721,0.04331763616612139,True,,0.0009136628853854134,social_support,True,1.0590953761055848,0.05298753176383453,True,0.079,0.077,1.0441776493268633,0.0451434757818691,True,0.9333764876063327,0.21777452904193353,True,1.0387587740437516,0.09065330357009274,True,baseline_readiness|social_support,1.0352705057723945,0.050581833602815936,0.8866540000308305
5049,1.0,0.9666394448128647,0.0441132511798857,True,,0.0003617199248378,social_support,True,0.9894383951598237,0.05493453654874532,True,0.104,0.088,0.9575095733184212,0.04592471389642142,True,1.2183276049529204,0.17302449274025083,True,0.948635626710663,0.09511425867948295,True,social_support|baseline_readiness,0.9666394448128711,0.05266307177129914,0.887133099953644
5050,1.0,0.9695751000497221,0.04457825411082277,True,,0.0014950736219709881,social_support,True,0.9440894729392589,0.06562456320633141,True,0.1195,0.101,0.9969522717615584,0.04686438422603149,True,1.222598845101654,0.2730755974248401,True,1.0077371228622187,0.09301034961408568,True,baseline_readiness|social_support,0.9695751000497191,0.05455344310153173,0.8846325000049546
5051,1.0,1.024172193181567,0.045452328917439284,True,,0.0005258346104186629,social_support,True,1.0432415116030989,0.06852231531444639,True,0.092,0.0975,1.0329318213845833,0.0467377693921411,True,0.8659775456229434,0.227702687520338,True,1.027626611667376,0.09081476692898476,True,social_support|baseline_readiness,1.0241721931815913,0.05490570565024101,0.8599001999245957
5052,1.0,0.9201235407758361,0.04399911864870603,True,,0.0001507909355948911,social_support,True,0.9083714472377846,0.054846344353472666,True,0.079,0.102,0.9778592514427868,0.0451775365950165,True,0.9102772898797991,0.18878768677254706,True,0.9655892470933577,0.09322694117296365,True,baseline_readiness|social_support,0.9201235407758606,0.05241216188713395,0.863631600048393
5053,1.0,1.0191143479869111,0.04438443292967435,True,,0.001936731711724704,social_support,True,0.9915062329846382,0.058804015122510316,True,0.126,0.115,0.9784351442714879,0.04758692910449597,True,1.3784717174417849,0.20167463191997012,True,0.9751833251124906,0.098779057827439,True,baseline_readiness|social_support,1.0191143479869114,0.05407577231496054,0.8927720999345183
5054,1.0,0.9050469334297573,0.045322363147962834,False,,0.00015977650701870516,social_support,True,0.9294566061665858,0.055391201208615834,True,0.085,0.102,0.9353778978786897,0.04736643491463414,True,1.2156803584814742,0.15983446749046973,True,0.9372172755113694,0.08805129267611263,True,social_support|baseline_readiness,0.9050469334297615,0.05447813482143226,0.8956560000078753
5055,1.0,0.9426405884025627,0.04498339033682532,True,,9.058781198323373e-05,social_support,True,0.9143949616770246,0.07537593910295898,True,0.1035,0.1025,0.9513852149115147,0.04712136178695965,True,1.3400950176860629,0.18063603230582634,True,0.9701644341571548,0.09309947334441154,True,social_support|baseline_readiness,0.9426405884025751,0.05616756063539603,0.9000935000367463
5056,1.0,1.010099123326776,0.04567397977236217,True,,0.00022259861924212032,social_support,True,0.9951146917822787,0.06333625009613943,True,0.1065,0.1085,1.0001917572707413,0.047032972942760626,True,1.2799252940210686,0.1806663923458155,True,0.9848021155379799,0.09327884476507116,True,social_support|baseline_readiness,1.0100991233267886,0.055481030579889214,0.8386535999597982
5057,1.0,0.9503221398440694,0.04362688794888674,True,,0.0033166861604394526,baseline_readiness,True,0.9025750734581188,0.05704116305375511,True,0.086,0.0755,1.0067774737630144,0.04618380626507634,True,1.121214111342898,0.1823795390847961,True,1.02531337904211,0.08584073664225376,True,social_support|baseline_readiness,0.9503221398440799,0.052220369833433866,0.8429536999901757
5058,1.0,0.9686248750702235,0.045616913925099756,True,,0.0010459543890437573,social_support,True,0.9495745225165172,0.06002045021484701,True,0.1045,0.0965,0.9587272014022332,0.047229265634773664,True,1.0387601400258388,0.24885495403524507,True,0.9633895350082686,0.09116192836673775,True,baseline_readiness|social_support,0.9686248750702341,0.05505010168534442,0.922939500072971
5059,1.0,0.9693446625900263,0.0439059714046166,True,,0.00019413073520002655,social_support,True,0.985997080622293,0.05547125180494958,True,0.0925,0.115,0.9208522631509483,0.0467052211547876,True,1.1696931094712286,0.18289032483407852,True,0.9582052374268109,0.09138707734466779,True,baseline_readiness,0.9693446625900335,0.05190121024894162,0.8569508000509813
5060,1.0,0.972152629556463,0.04397577133572783,True,,0.0025472224853162473,social_support,True,0.986075499143361,0.05521672808197853,True,0.085,0.0965,0.9644819623419811,0.04649981756680595,True,1.0035494874609787,0.2665994022502516,True,0.9743147941508393,0.09060921747015355,True,social_support|baseline_readiness,0.9721526295564782,0.05145009799083608,0.9083489999175072
5061,1.0,1.0430781662374522,0.04365860840287981,True,social_support,-9.356936099536028e-05,social_support,True,1.0812894490266833,0.07426046130584546,True,0.1285,0.0975,1.039615295212412,0.04654986642169723,True,0.9646148574737595,0.3661468768029934,True,1.0496414795312377,0.08940565617718749,True,baseline_readiness|social_support,1.042904498438012,0.05251163264535106,0.9152725000167266
5062,1.0,1.1150107038970853,0.04448283994328888,False,social_support,-3.444286670806207e-05,social_support,True,1.1236926146308157,0.059992966474172155,False,0.085,0.0745,1.088442826001264,0.04544153889321806,True,1.3406994106558439,0.16078378659211096,False,1.0739049322729546,0.09152669772922746,True,baseline_readiness|social_support,1.1148931651798166,0.0513711198606091,0.9183594000060111
5063,1.0,0.9783903486316516,0.04508314731182212,True,,0.00041897090870968157,social_support,True,1.0288585803021526,0.055161440648238795,True,0.0805,0.0925,0.9267032379109135,0.04827021540137085,True,1.1258826646507176,0.2189690223783513,True,0.9192454959205041,0.09109982637702305,True,social_support|baseline_readiness,0.978390348631677,0.054468607811577016,0.8591678999364376
5064,1.0,0.9943044219062943,0.044590637310580626,True,baseline_readiness|social_support,0.0012397196209512629,baseline_readiness,True,0.9262399657903032,0.06043833309447811,True,0.095,0.082,0.9834344230625398,0.04459258566213793,True,1.1927091963273961,0.1661551769483184,True,1.00025867130404,0.08640166577373218,True,social_support|baseline_readiness,0.9984674083674427,0.05259032061336355,0.8379287000279874
5065,1.0,0.9757513193838119,0.043794506330242775,True,social_support,-0.0004814585156438511,social_support,True,0.9880992176610891,0.05536180247510425,True,0.082,0.081,0.9618837838568962,0.044520321813145525,True,1.013270398004601,0.1879257900436092,True,0.9606474088396987,0.09154301650573642,True,baseline_readiness|social_support,0.9757955005733528,0.05169904139888741,0.9042460001073778
5066,1.0,1.0572531050083054,0.04435003718814095,True,social_support,-2.215496363078273e-05,social_support,True,1.1387166911101267,0.06646793266714991,False,0.113,0.0935,1.042788600905631,0.04568884180436374,True,1.2377864969284769,0.19203496922376093,True,1.0541067553663623,0.08638274733663916,True,social_support|baseline_readiness,1.0572448311574103,0.053128896640085334,0.8942992000374943
5067,1.0,0.9751073356680612,0.04466805830374221,True,,0.0008178422777298522,social_support,True,1.0037967452708172,0.0589074781785362,True,0.074,0.075,1.0008724628619958,0.0463113676576959,True,1.0440492513312016,0.1913697242693457,True,1.010776846016097,0.090470520402962,True,baseline_readiness|social_support,0.9751073356680705,0.05193291041619544,0.8589148999890313
5068,1.0,1.0026395820916614,0.045653670607041875,True,social_support|baseline_readiness,0.004520353727582638,social_support,True,1.0450485376742242,0.05531684189463183,True,0.099,0.078,0.9698401277450844,0.045696882177308044,True,1.139851146100922,0.2247222791623138,True,0.9710033323634238,0.09230873008207514,True,baseline_readiness|social_support,1.0039578421383344,0.050715107807464535,0.9033419999759644
5069,1.0,1.0097152780191865,0.04496359039223725,True,,0.049120259743547834,social_support,True,0.9445958168344828,0.07019328217302194,True,0.0965,0.0855,1.0041718282222187,0.046358310352549364,True,0.5430144845322822,0.368416818495409,True,1.7560508527259706,0.08639005116644552,False,,1.0097152780192071,0.054106218920549794,0.9284002999775112
5070,1.0,1.063329896616299,0.044202246389860554,True,,0.0002006783885128982,social_support,True,1.0206415139433516,0.06860660278949185,True,0.1195,0.097,1.0034526882823296,0.046015730077355384,True,1.0933424455147172,0.29177243467177943,True,1.0094182530507099,0.08812918386849898,True,social_support|baseline_readiness,1.0633298966163205,0.05492273311408375,0.8636436000233516
5071,1.0,1.1215800383082069,0.04507287522006746,False,,0.0008880201096017615,social_support,True,1.1185293350628678,0.058710250802161724,False,0.084,0.1025,1.0924499323623151,0.04666798440945067,False,1.3658596383019035,0.16104958721557228,False,1.1011328378194274,0.08630592234036057,True,baseline_readiness|social_support,1.1215800383082175,0.055136161501733456,0.9238597000949085
5072,1.0,1.0717530495734362,0.04311011137778586,True,,0.0001468463116172103,social_support,True,1.0678403526318394,0.06106164071220124,True,0.1035,0.1115,1.05597076629976,0.04531173781070436,True,1.1866037784979764,0.21586261791553824,True,1.0536716399335069,0.08909413614626835,True,social_support|baseline_readiness,1.0717530495734577,0.05319506789233373,0.904160000034608
5073,1.0,0.9160346171934045,0.04486951502594166,True,,0.0002460022110728488,social_support,True,0.956478583011762,0.05833330219490718,True,0.104,0.1055,0.9308788543585338,0.04797760798024803,True,1.2536371920085247,0.1856292507411883,True,0.929009972796487,0.09173772198592933,True,social_support|baseline_readiness,0.9160346171934121,0.054472367912901436,0.8694200000027195
5074,1.0,0.9751853561524788,0.04381279403075354,True,social_support,-0.0008317057361493241,social_support,True,0.9728603257473408,0.05415619034462659,True,0.102,0.1,0.973796602084152,0.04685185917417747,True,1.1641245465433911,0.21986837114953012,True,0.9895909727996529,0.08967221470101713,True,baseline_readiness|social_support,0.9751350876241376,0.05340883685200669,0.8945439999224618
5075,1.0,1.01611674812417,0.045440344839559055,True,,0.00025747909496054433,social_support,True,0.9533937699219194,0.05609121086985342,True,0.1045,0.0995,1.022022148865776,0.047478483723812664,True,1.3339429249651829,0.1778284797889847,True,1.019583377537325,0.09229783134841338,True,social_support|baseline_readiness,1.016116748124179,0.05382165770400754,0.8899171000812203
5076,1.0,0.9953776411526578,0.04475607632566505,True,social_support,-0.0012100845623503886,social_support,True,1.068964458553394,0.05751757477150931,True,0.11,0.088,0.9995831847730922,0.04696599489456272,True,1.268681506833566,0.18218837007526648,True,0.9941693484511483,0.09077032325860666,True,baseline_readiness|social_support,0.9953894927018494,0.05445395479499099,0.9298143000341952
5077,1.0,0.9944032518210016,0.04529338340301899,True,social_support,-2.003696018171297e-05,social_support,True,1.0462856467018677,0.07872368768191915,True,0.0855,0.1095,1.0147582666507489,0.047449034686319655,True,0.9088262624164914,0.23546944680063478,True,1.0012499665068877,0.08982721253059564,True,social_support|baseline_readiness,0.995132789454845,0.054848922199413244,0.9295793001074344
5078,1.0,0.9602876795544812,0.044742599800042755,True,,0.0012159542978302795,social_support,True,0.9321037841468619,0.06135454639348759,True,0.082,0.112,0.9560314263274374,0.04739249121656169,True,1.1818322149507394,0.1961948113679336,True,0.9423576312822769,0.09195034126213815,True,baseline_readiness|social_support,0.9602876795544926,0.054001696712184875,0.9078456000424922
5079,1.0,0.9586067681317177,0.04360581705872576,True,social_support,-0.00120843442791152,social_support,True,0.9096612476099447,0.06590583271144478,True,0.098,0.0795,0.9861357503296503,0.04438457474052071,True,0.9402234823713478,0.20407463940870418,True,0.9941769101644079,0.09216881783617599,True,social_support|baseline_readiness,0.9586577720852866,0.05420278713502026,0.8459615000756457
5080,1.0,1.0087095569206785,0.0438699933830338,True,,0.00011590258495353112,social_support,True,0.9876814407094783,0.055827714413052114,True,0.0955,0.1015,1.0365750229285584,0.045285520771719524,True,1.0654915592375673,0.2334574482351831,True,1.047387678202515,0.08779045210573423,True,baseline_readiness|social_support,1.0087095569206928,0.05193989891323042,0.8645954000530764
5081,1.0,0.9811869705510368,0.04432141741504328,True,,4.4539757581674166e-05,social_support,True,0.9764115861837666,0.06133779584356638,True,0.0975,0.1025,0.977966277342785,0.046550836731485946,True,0.986805690508359,0.20760199193076473,True,0.9958165124513307,0.09038467118936186,True,baseline_readiness|social_support,0.9811869705510486,0.053327574706504045,0.9090119999600574
5082,1.0,0.9038619290486875,0.04560974106813882,False,social_support,-0.0002762692684781243,social_support,True,0.9019465509383975,0.061022961174153074,True,0.0805,0.088,0.9497677992955406,0.046782130422702385,True,0.8279698081960628,0.2581866305334878,True,0.9605986148980556,0.0885110794367508,True,social_support|baseline_readiness,0.9038620158185771,0.054579582221961034,0.9160243000369519
5083,1.0,0.9957039558385307,0.044501925265312055,True,social_support,-0.0008097613512303425,social_support,True,0.9825708392418315,0.061484476681557335,True,0.1015,0.0945,1.0141777453157783,0.045859150024195106,True,1.3266339361558468,0.15801907998708714,False,1.021166546300116,0.08741685580079311,True,social_support|baseline_readiness,0.9957116621134235,0.05420309148816916,0.951696400064975
5084,1.0,1.0625148729831804,0.043775050974539535,True,social_support,-8.191835686144344e-05,social_support,True,1.0073061318954584,0.06954313699936222,True,0.117,0.101,1.0229900033621262,0.044773182008081495,True,1.0306558892964355,0.24634411870622377,True,1.0273983287347737,0.08866090889466265,True,baseline_readiness|social_support,1.0625062035831674,0.054205332248798574,0.8731958999997005
5085,1.0,1.0732166907740854,0.045635241954628626,True,social_support|baseline_readiness,-0.00083940440807595,social_support,True,1.1295306430982686,0.07275848941313937,True,0.115,0.1115,1.0641273952404933,0.04563769337571211,True,1.0889901521086516,0.2982954381419025,True,1.0668323211846344,0.0907637895303162,True,baseline_readiness|social_support,1.0763323158020541,0.05553740825372121,0.9091613000491634
5086,1.0,1.0013680263203757,0.044417579708823214,True,social_support,-0.0034237317409671064,social_support,True,1.0175465818031364,0.06372113581574289,True,0.093,0.111,1.0001090544487667,0.046127910217569755,True,0.9890536912750748,0.26348052583644127,True,0.990097784629224,0.08990412148518964,True,social_support|baseline_readiness,1.0013849625710818,0.053243154555020246,0.9021482999669388
5087,1.0,1.024898512745457,0.04596828332202531,True,,0.000439178682149155,social_support,True,1.1151966245032139,0.06981559960124524,True,0.0975,0.0995,1.0109045919846424,0.04754142564781993,True,1.5581873761525362,0.153876319351734,False,1.006043964375956,0.09049047851401008,True,social_support|baseline_readiness,1.0248985127454664,0.05595939137649103,0.8610836999723688
5088,1.0,1.0128220624687783,0.04497690829696179,True,,0.00011008185432892503,social_support,True,0.9765838343201618,0.06131491788059841,True,0.1075,0.0885,1.0301666795737268,0.04629937312501127,True,1.0757510671058281,0.2912795636605395,True,1.0376227091428898,0.09197274165564763,True,baseline_readiness|social_support,1.012822062468788,0.053848252601108,0.9090559999458492
5089,1.0,0.9855587589108444,0.04449623147945729,True,,0.00017078291672589785,social_support,True,0.9646489047274324,0.056322379310569895,True,0.0795,0.0815,0.94579544702243,0.04737273871213447,True,1.1295440231613125,0.19401540784737384,True,1.0260139605708944,0.10968574802434915,True,social_support|baseline_readiness|queue_lottery_draw,0.9855587589108656,0.05324953363188166,0.8687382999341935
5090,1.0,0.971147323305037,0.04579213914937697,True,social_support,-0.0020531284041327424,social_support,True,0.8804404829779839,0.05662275611068311,False,0.0885,0.0775,0.982593296033873,0.048107471392727336,True,1.0412278281110459,0.1752268849731697,True,0.9714505255073611,0.09093437140759886,True,social_support|baseline_readiness,0.9710463491598397,0.053953661560755393,0.8939893000060692
5091,1.0,1.0118403198983879,0.04419582957935965,True,,0.00026674785746916285,social_support,True,1.0174269873470865,0.05632984456344973,True,0.0985,0.0945,1.0070329637444966,0.04659935802958938,True,1.2768069266466247,0.20222376757874502,True,0.9980300277198387,0.09245752264407921,True,baseline_readiness|social_support,1.0118403198983943,0.05208886012233761,0.8763081000652164
5092,1.0,1.1130118810718974,0.04436977507345037,False,,0.00020135715091562645,social_support,True,1.116601253198905,0.06126957630071588,True,0.11,0.1015,1.0581166321586335,0.046844842518781356,True,1.2506427126568291,0.25356552331710897,True,1.054685660065735,0.09742455753320396,True,baseline_readiness|social_support,1.1130118810719007,0.05400810150884063,0.8937931000255048
5093,1.0,0.8886419444526554,0.044863926718392046,False,,0.012816874160808567,baseline_readiness,True,0.916476464139413,0.06324946234654108,True,0.0915,0.098,0.9392378663052457,0.04689071272400412,True,0.9009379991986772,0.21602581773241727,True,0.9371689412021745,0.09488345057487661,True,social_support|baseline_readiness,0.8886419444526674,0.05473425393215587,0.8753183000953868
5094,1.0,1.0151435233012773,0.044107861735493505,True,,0.0007115940311459568,social_support,True,1.0680543615383997,0.06874542555675385,True,0.0935,0.105,1.040608843193072,0.04622397491708967,True,1.2076496371241512,0.19058866069176802,True,1.0363927772670456,0.09064937278660105,True,social_support|baseline_readiness,1.015143523301254,0.053862286368891524,0.8973947999766096
5095,1.0,1.0140043272318586,0.051517660178968576,True,queue_lottery_draw,-0.007494345152617932,queue_lottery_draw,False,1.0035186543844825,0.05808368181764625,True,0.0915,0.099,0.9786177817992756,0.044929649586189495,True,0.9948749821832665,0.22724326316403828,True,0.9836017603198245,0.09015853303499095,True,baseline_readiness|social_support,1.0324568606816875,0.052505284984302875,0.8716023999731988
5096,1.0,1.0054610663664012,0.044402568364517524,True,,0.0013233179887652824,social_support,True,0.928721750908487,0.05951387859881032,True,0.1085,0.121,0.9964363633055063,0.045473862657404066,True,0.7418720566529252,0.2757393471956202,True,1.0082150897383304,0.08804003183669165,True,baseline_readiness|social_support,1.0054610663664223,0.05282963146259126,0.8621484000468627
5097,1.0,1.101142108107204,0.056604339437143804,True,social_support|baseline_readiness|queue_lottery_draw,-0.00038387485978219615,social_support,True,1.1011321547865018,0.0566031912099352,True,0.0855,0.0685,1.016109243856056,0.04508521400381847,True,1.043195909604228,0.20502291049029242,True,1.0276214300599429,0.08893138323485252,True,social_support|baseline_readiness,1.0212084091210718,0.051655416099215826,0.9153142999857664
5098,1.0,1.004613665426754,0.04562337220102129,True,social_support,-0.0006246406864320875,social_support,True,1.0105716018115467,0.0604561956316497,True,0.096,0.0935,1.017440284986784,0.04824541764761978,True,1.183577591803231,0.21333347094160687,True,1.0218357537472411,0.09274819674666608,True,baseline_readiness|social_support,1.0046112163975651,0.05518890646368924,0.9471539000514895
5099,1.0,0.9504534385970962,0.04454154607080606,True,social_support,-0.00013473600350533133,social_support,True,0.8968473490149599,0.06727654978719813,True,0.061,0.0795,0.9715795228091418,0.04592798839113643,True,1.0094824470796224,0.19521894869374176,True,0.9681480195517803,0.09016104825981917,True,social_support|baseline_readiness,0.9504273061958706,0.05289937665432037,0.9018778000026941
5100,1.0,1.0463916360387466,0.04389936978654287,True,,0.00039222133900640443,social_support,True,0.965958094030717,0.06568726567338191,True,0.086,0.077,1.016913395650305,0.045851837590384636,True,1.246232279664228,0.1973934691471724,True,1.0319484197766144,0.09139379685032213,True,baseline_readiness|social_support,1.0463916360387524,0.053472516800200806,0.8563223999226466
5101,1.0,0.9924276071896456,0.045131478330857254,True,,0.0003931761703546144,social_support,True,0.9725551504940622,0.06829857896754433,True,0.1005,0.0925,1.005616082416344,0.046902189830431075,True,0.8986986652035015,0.23001809183648714,True,1.0140097222351845,0.08826813240956943,True,social_support|baseline_readiness,0.9924276071896526,0.05411950270719453,0.8816724999342114
5102,1.0,1.0060802557862705,0.046088945766886484,True,social_support|baseline_readiness,-0.0005927810478265627,social_support,True,1.0453120869972807,0.05852933914651467,True,0.082,0.0925,1.0122376170969025,0.04608701120725622,True,1.4439602415862323,0.1470549788655543,False,1.2156921967741179,0.10347391114136927,False,baseline_readiness|social_support|queue_lottery_draw,1.0050190507546104,0.05418163330334362,0.8675987999886274
5103,1.0,1.0335212159485052,0.047088659582186165,True,baseline_readiness|social_support,0.0033609642364034187,baseline_readiness,True,0.9714045633555908,0.06360435016504679,True,0.114,0.115,1.0134870159729719,0.04708219227598584,True,1.1334244020928812,0.21485560837403675,True,1.0130780533094454,0.08877782590351643,True,social_support|baseline_readiness,1.0295725910707976,0.05587901179426367,0.9179125999798998
5104,1.0,1.0494096253479142,0.04503834196001878,True,,0.16190338494727552,social_support,True,1.0797727387634202,0.07339991699507269,True,0.0965,0.086,1.036476927978535,0.04749043116098217,True,1.1235027267930344,0.201111959568888,True,1.0484963537151148,0.0887428182393708,True,social_support|baseline_readiness,1.0494096253479277,0.05240523024839949,0.8531926000723615
5105,1.0,1.0254191247533087,0.04441868052177099,True,social_support,-0.0008283677689728819,social_support,True,1.0328578783256304,0.07358799421168254,True,0.093,0.0755,1.0321892682231038,0.04555003051313891,True,1.0144391916681814,0.2354590175772879,True,1.046947404784393,0.08948339317264488,True,baseline_readiness|social_support,1.025533733409024,0.05276492789265175,0.882409599958919
5106,1.0,1.0994981010194218,0.04365770539037834,False,social_support,-0.00010417253929695391,social_support,True,1.0997413265095985,0.056381151150307715,True,0.115,0.0985,1.0678878911622027,0.0451766663961914,True,1.6397430697850413,0.15150789329610814,False,1.0918124565163936,0.08597176035311009,True,social_support|baseline_readiness,1.0995283918918288,0.053131653314885265,0.9442449000198394
5107,1.0,0.9546196145800443,0.045417271961028204,True,,0.0011768492733690294,social_support,True,0.8932579597358761,0.06830784381793041,True,0.0975,0.1035,0.9411104217948494,0.04846769026497845,True,0.9555670042147897,0.2917671507668024,True,0.9491249797988373,0.09251106508016267,True,social_support|baseline_readiness,0.9546196145800396,0.05533890975602935,0.8777895999373868
5108,1.0,0.999665589362639,0.046633732221278874,True,social_support|baseline_readiness,0.0005402167053860651,social_support,True,1.0454898264786514,0.06769306552849293,True,0.082,0.112,0.9746815646948658,0.0466635768116436,True,1.1182757575903397,0.2042346412390196,True,0.9785480350254866,0.0904647954971781,True,baseline_readiness|social_support,1.0017916497036188,0.05412989130285527,0.9045913000591099
5109,1.0,0.9323159691625849,0.04495645985632039,True,,0.0005676739762900951,social_support,True,0.9408548953975049,0.05781576187010088,True,0.099,0.1115,0.9994851619539912,0.04848773143321277,True,1.3270235871660279,0.15397585381178275,False,0.9853312966218816,0.09003276549897296,True,social_support|baseline_readiness,0.9323159691626124,0.05507802136242147,0.8607120999367908
5110,1.0,0.9831790592582382,0.045402435160703025,True,,0.0025982046007131387,social_support,True,1.03667630498255,0.0596228407498635,True,0.124,0.121,0.9699464271594477,0.04799659348592764,True,1.350621114167552,0.1989455091480668,True,0.9773090861113403,0.08982231364505786,True,baseline_readiness|social_support,0.9831790592582501,0.0573312514284681,0.8784258000086993
5111,1.0,1.0882555491732593,0.04331763987093433,False,,0.00048067177380950454,social_support,True,1.1263767939811085,0.053428891738618305,False,0.093,0.1005,1.0607935639298676,0.0449875095468557,True,1.4060484388420385,0.16944776958215402,False,1.063691634141803,0.08931560074660372,True,social_support|baseline_readiness,1.0882555491732675,0.05162473046913894,0.8788430000422522
5112,1.0,1.044999497727352,0.04595648068959206,True,social_support|baseline_readiness,-0.0003098250428905658,social_support,True,1.0746088434393612,0.06161272920590318,True,0.093,0.0945,1.0380560160183456,0.04595466824329823,True,1.021008774492162,0.2634735829632403,True,1.0566231460853848,0.08726782813674909,True,baseline_readiness|social_support,1.0522567905464428,0.05272284122633302,0.9529468000400811
5113,1.0,0.9701716065255165,0.044825171064877996,True,,0.0007665072176887833,social_support,True,0.9745015837605178,0.07182761849757036,True,0.0875,0.0815,0.9821195650654538,0.04754297519409453,True,0.835380144267847,0.29009722941115634,True,0.983199398902311,0.09415497188054156,True,baseline_readiness|social_support,0.9701716065255411,0.05384606867895955,0.9159013000316918
5114,1.0,0.9867262417269624,0.04547328567629993,True,,0.0002725313198039814,social_support,True,0.9778433927016911,0.07152378598025597,True,0.075,0.084,0.9881897429469583,0.047249906217033996,True,0.7140066976923785,0.2667149973604271,True,0.9852866131238698,0.0919011828200076,True,social_support|baseline_readiness,0.9867262417269717,0.05417644872233533,0.9012685000197962
5115,1.0,0.9975031088079895,0.04548208019201845,True,,0.07439512326568742,social_support,True,0.9875620352001097,0.073165852589845,True,0.0885,0.085,1.0234277292623593,0.04760072334835634,True,0.9649990107701266,0.21497487028550152,True,1.025050637131613,0.09279636996157752,True,baseline_readiness|social_support,0.9975031088079934,0.052971762283913475,0.884606400039047
5116,1.0,1.0630394724158492,0.044258683259567506,True,,0.0021811913829932195,baseline_readiness,True,1.065147109901111,0.05578071415547407,True,0.069,0.074,1.037711594234265,0.04570243188068855,True,1.229258503194321,0.19947821670519392,True,1.0239246558686816,0.09077743174394458,True,social_support|baseline_readiness,1.0630394724158545,0.05068591881306972,0.8571472000330687
5117,1.0,0.8967725761453592,0.044666552451481344,False,,0.00012022135846390114,social_support,True,0.8552851360012723,0.05997872660836924,False,0.1055,0.0915,0.9489381163789236,0.04653176616927014,True,1.0096836908748714,0.20259895706547848,True,0.9581016232161836,0.08932944865932094,True,baseline_readiness|social_support,0.896772576145377,0.054422801499005975,0.8916786999907345
5118,1.0,1.103082423309067,0.04464171156646166,False,,0.0006240417399308029,social_support,True,1.1654136839046636,0.07468656811419312,False,0.1,0.073,1.1028997225645198,0.04600237740547426,False,1.26042255633552,0.18037010021771455,True,1.1107890313275288,0.08941380444704368,True,social_support|baseline_readiness,1.1030824233090575,0.055092176580213065,0.8861657000379637
5119,1.0,1.0974375571701147,0.0438553523475775,False,social_support,-0.00036787893136125405,social_support,True,1.1457895679685695,0.05680746248389331,False,0.0735,0.0705,1.0635677285029665,0.04677339439251512,True,1.1255871913188535,0.2503733254323692,True,1.060957514171042,0.09039757943793857,True,social_support|baseline_readiness,1.0974458209545646,0.05094373949573729,0.9075943999923766
5120,1.0,0.9377670464423034,0.04467288352415811,True,,0.0022929388337038503,social_support,True,0.9962750014755628,0.06353272473321496,True,0.0925,0.0795,0.9611314573500076,0.048065661699559406,True,1.033510803436583,0.1701780027268908,True,0.9702334544880553,0.09042208048255602,True,baseline_readiness|social_support,0.9377670464423042,0.053835334848784784,0.8750669999280944
5121,1.0,1.131185607303207,0.044163340865927415,False,,0.006195541758743595,social_support,True,1.1559595080152634,0.06314809811284525,False,0.1,0.0995,1.133902424366909,0.046274611428775,False,0.9414932727373443,0.26106471419105676,True,1.12655207054144,0.09269469802139135,True,baseline_readiness|social_support,1.1311856073032256,0.0540597007042355,0.8840596999507397
5122,1.0,0.9868355455532356,0.04411404057915934,True,,0.0071598450877354836,baseline_readiness,True,1.0145491409765894,0.050961993091130336,True,0.0785,0.0825,1.0100030732945904,0.04601436986782619,True,1.3040496771025063,0.16892910069114475,True,1.0173618307740981,0.0892161658729803,True,social_support|baseline_readiness,0.9868355455532422,0.051460359899910914,0.8254023999907076
5123,1.0,0.9783377692578717,0.045979628579112634,True,baseline_readiness|social_support,-0.0007030410174326818,baseline_readiness,True,0.9775495865380925,0.06286092819864751,True,0.096,0.095,0.9974774038860069,0.045982378445309835,True,0.8794258158455768,0.21423860316862067,True,0.9336535993680567,0.1099431344475928,True,baseline_readiness|social_support|queue_lottery_draw,0.9693678900887378,0.05384613278970942,0.8614218999864534
5124,1.0,1.0211163639821996,0.045585268136360955,True,baseline_readiness,-0.00040747503725935275,baseline_readiness,True,1.0129754942020184,0.05978924434448837,True,0.0795,0.082,1.0102600032373787,0.045582489695088164,True,0.9695633671185119,0.2335948436107897,True,1.0174827430437001,0.0919584132086987,True,baseline_readiness|social_support,1.0170511130953717,0.05172365391047133,0.8754810999380425
5125,1.0,1.0334153575476954,0.04397640402328915,True,social_support,-0.0014052107067570319,social_support,True,1.05232216064804,0.06256565988734136,True,0.1105,0.104,0.9982518087513236,0.04544674027390686,True,1.2417713038300406,0.22195655475579604,True,1.1201596511694938,0.10929959939699199,True,social_support|baseline_readiness|queue_lottery_draw,1.0335322168099093,0.05401130290203644,0.9227270999690518
5126,1.0,0.977887191757316,0.04470016504275034,True,,0.0001630344989704824,social_support,True,0.9736866888354325,0.05815041576122572,True,0.0835,0.092,1.0110657746157585,0.04654914417564624,True,1.1031190341867323,0.18094666629458864,True,1.0072473548145964,0.08985358659773778,True,social_support|baseline_readiness,0.9778871917573376,0.05259420127668307,0.9356773999752477
5127,1.0,0.9856249711002367,0.044291877099945816,True,,0.017563919803394334,queue_lottery_draw,True,0.9414083444306974,0.06620841667784301,True,0.096,0.1,0.9596701595147724,0.0463308658654144,True,0.892330638148942,0.27353935947382046,True,0.9586776039066011,0.09200579820145552,True,social_support|baseline_readiness,0.9856249711002493,0.053072144605024026,0.8818175999913365
5128,1.0,0.9587737442254456,0.04529416056528288,True,,0.00014095161811589207,social_support,True,0.962572410875117,0.06979394655750465,True,0.096,0.0865,0.9603671216942267,0.04822304351880902,True,0.608758014093959,0.32934768125576613,True,0.9721655096907004,0.0917405728639753,True,baseline_readiness|social_support,0.9587737442254635,0.05324884488093804,0.9216845999471843
5129,1.0,0.9379676958872359,0.04499137205394959,True,social_support,-0.0010102799101190385,social_support,True,0.973473279738806,0.06223842388940259,True,0.1005,0.075,0.9298864523941979,0.0465693363506776,True,0.8906224164509157,0.25335481736612997,True,0.9436333652730875,0.08977455186314208,True,baseline_readiness|social_support,0.937924457871381,0.05316731783383757,0.9162786999950185
5130,1.0,1.008291340188764,0.04555449222973592,True,,0.009499592752308494,social_support,True,1.0546499714814235,0.08894134221586537,True,0.1,0.1055,1.0296258690603222,0.04771542785105058,True,0.6243244855833642,0.3596871296271231,True,1.0376851913629903,0.08897407675390595,True,social_support|baseline_readiness,1.0082913401887756,0.05483664277655987,0.8699931999435648
5131,1.0,0.9606133944280055,0.044859131427862284,True,social_support,-0.0003165753140255134,social_support,True,0.9775131133886672,0.06263111217633263,True,0.1005,0.1,0.9625069004110783,0.046724302147128895,True,1.0175450153642824,0.2089559558684813,True,0.9650415641074658,0.09433947936605001,True,social_support|baseline_readiness,0.9606099371676218,0.054400945987219326,0.9704990999307483
5132,1.0,0.9470690039103262,0.0447867666400908,True,,1.4312793707560445e-05,social_support,True,0.9116384129314262,0.07288076075087059,True,0.0715,0.0735,0.9277029246318671,0.045553371545476715,True,0.9125688660322019,0.22430890909945614,True,0.9238003352050537,0.09273153518978212,True,baseline_readiness|social_support,0.947069003910342,0.05281262326494878,0.8921408000169322
5133,1.0,0.9523123025167466,0.04369477455342907,True,,0.018534674955018815,social_support,True,0.9923647852471074,0.05361745822929233,True,0.1005,0.092,0.9418267060835265,0.046591187496231846,True,1.3870485160516206,0.17322788615434082,False,1.1480142668499944,0.11217667294976552,True,social_support|baseline_readiness|queue_lottery_draw,0.9523123025167352,0.05219179786288579,0.8880923000397161
5134,1.0,1.0768003081091775,0.04435246587806762,True,,0.019793593729161785,social_support,True,1.074152954641038,0.07811854046000133,True,0.0875,0.094,1.0590856449768324,0.0456778563089324,True,0.9937245975907555,0.2257050232631743,True,0.9682057006679989,0.13322003102448213,True,social_support|baseline_readiness|queue_lottery_draw,1.0768003081091975,0.05376093797298931,0.9276622000616044
5135,1.0,0.9756608343493589,0.043861113152588234,True,,0.0006031995028088488,social_support,True,1.0190434315271018,0.05422343966460064,True,0.089,0.092,0.9995300350379229,0.04620447601105886,True,0.9719526227219675,0.18229862048480228,True,1.0020260171923596,0.08964318334862555,True,social_support|baseline_readiness,0.9756608343493712,0.05244404205924746,0.8630772000178695
5136,1.0,0.8833508367324742,0.04471364236185781,False,social_support,-0.0001141354803584349,social_support,True,0.8730812857532598,0.060417155796692205,False,0.1255,0.1035,0.9489359957061178,0.046969565382527355,True,1.2805806076331896,0.19057719137906448,True,0.9437172690093777,0.09303280960472698,True,social_support|baseline_readiness,0.8833863699792731,0.05428498539154477,0.9434505000244826
5137,1.0,0.9666456095377076,0.0449200569754089,True,,0.0014815435762951523,social_support,True,0.9890486303154313,0.06284332129716744,True,0.095,0.0945,0.9816592809211296,0.04690202296419403,True,1.1197173132032838,0.17627964099559107,True,0.9768896606042061,0.0901256329089611,True,baseline_readiness|social_support,0.9666456095377202,0.05391968197710957,0.9247417999431491
5138,1.0,1.026905417923611,0.045019407210552156,True,,0.00020098603518459157,social_support,True,0.9468053108645776,0.0727226255113085,True,0.098,0.0985,1.020967809333307,0.047472403878052474,True,1.1696922404263854,0.1961067061485486,True,1.0202924777341489,0.08895897876735974,True,baseline_readiness|social_support,1.026905417923629,0.055818941152594184,0.9129570999648422
5139,1.0,1.0862025019136965,0.04607505294160226,True,,0.024860677708197443,social_support,True,1.097907384952725,0.06291809905373069,True,0.0965,0.0895,1.0529708405916873,0.04833692867391354,True,1.394997177400102,0.19404617592415904,False,1.0528278854936848,0.09393296648124956,True,baseline_readiness|social_support,1.0862025019137054,0.05660615332597162,0.9572746999328956
5140,1.0,1.0041637954188933,0.04441960418446344,True,social_support,-0.0001979077413825081,social_support,True,0.9843273993466899,0.05596808309006288,True,0.1315,0.1135,0.9864940326761785,0.04673937590191904,True,1.2368090259667401,0.26687787264702384,True,0.9839951005029095,0.09237619422045995,True,baseline_readiness|social_support,1.004160559913729,0.053813152130060646,0.8932874000165612
5141,1.0,0.8916848500099289,0.047748077600838754,False,social_support|baseline_readiness,-0.0005368629769373356,social_support,True,0.9301866890852006,0.07488537097209784,True,0.0955,0.098,0.9106270998921767,0.047740844371424354,True,0.9823429408829918,0.1682128759308661,True,0.8949955565865548,0.09466302888416642,True,social_support|baseline_readiness,0.8966859704135296,0.056016656613815094,0.9328278000466526
5142,1.0,1.003053865890976,0.04470965045838646,True,,0.0006628051295205495,social_support,True,0.940449945328923,0.06658789128325872,True,0.101,0.105,1.0220933600404496,0.047032849812406685,True,1.1693152538763891,0.29864865038249755,True,1.026819429089932,0.08980590804336565,True,social_support|baseline_readiness,1.0030538658909791,0.053544669412770356,0.9199332999996841
5143,1.0,0.9488700766814171,0.04448932642738001,True,social_support,-0.0004242961780587251,social_support,True,0.8998008477013137,0.07209055410378122,True,0.09,0.1025,1.0012255796499614,0.046249825403881284,True,1.0775382822956936,0.23588623331136607,True,1.0011056583077669,0.09145250478375479,True,baseline_readiness|social_support,0.948950862693714,0.05431156259470853,0.9538352000527084
5144,1.0,1.0776817727393815,0.04417420596420701,True,,0.00036487961491804555,social_support,True,1.0939866255065291,0.05506211388796528,True,0.1115,0.1075,1.0880978799703058,0.04646497647538393,True,1.4656651158785503,0.21573809150879839,False,1.093972385761618,0.09206663011065719,True,baseline_readiness|social_support,1.0776817727393908,0.05353325294614718,0.8920915999915451
5145,1.0,1.1361466698919398,0.046449701645382147,False,social_support|baseline_readiness,0.0017922381036248325,social_support,True,1.1494879991604325,0.06677901756795859,False,0.1065,0.1015,1.0883801198292171,0.04646741990099812,True,1.2262089173620059,0.21979181591888444,True,1.243170007410225,0.12121547114881277,False,social_support|baseline_readiness|queue_lottery_draw,1.130674319677387,0.05394458922913317,0.9170320000266656
5146,1.0,1.0710519012156228,0.04474357693296968,True,social_support,-0.001638651987604156,social_support,True,1.0834735460241431,0.0563498681849449,True,0.091,0.0645,1.077806083067368,0.04619097477798231,True,1.075850030215584,0.2388736792279972,True,1.0821094886485563,0.08895469957741854,True,social_support|baseline_readiness,1.0710510625246785,0.05252266381539839,0.9031092999503016
5147,1.0,0.8545272596419177,0.04470089250171957,False,social_support,-2.974917293485646e-05,social_support,True,0.7947878681379072,0.06649135816524465,False,0.075,0.101,0.8551236678635032,0.045945413749385856,False,0.6496222334463694,0.3205112489162141,True,0.856736113993574,0.08795287645273275,True,social_support|baseline_readiness,0.8544590431255072,0.052961924292732575,0.8992744000861421
5148,1.0,0.9729621322967852,0.04401389566624567,True,,1.048479139864611e-05,social_support,True,1.0331974677011633,0.06607994743641467,True,0.094,0.116,0.9934704171955967,0.047016168100630605,True,1.2508853937250002,0.18335862456179094,True,0.9883653990028288,0.09226364965124101,True,baseline_readiness|social_support,0.9729621322968022,0.053937850471009914,0.9854920998914167
5149,1.0,0.9427100540849849,0.0454345022580724,True,,0.0006697939284121546,social_support,True,0.92996083681242,0.06004100667458673,True,0.099,0.0945,0.9326270570664484,0.04745572228767716,True,1.1840256338549178,0.16425263474935242,True,0.9533305292497358,0.08783167424191952,True,social_support|baseline_readiness,0.9427100540849912,0.054849624366993796,0.9379984999541193
5150,1.0,0.9851516019247738,0.04663425100295441,True,social_support|baseline_readiness,-1.0629902659431423e-05,social_support,True,1.0193634964731,0.06488866817819175,True,0.074,0.0935,0.9994642479958928,0.04662808714416789,True,1.0994357500580145,0.17116296219488136,True,1.0009417140573125,0.08898967588848686,True,social_support|baseline_readiness,0.9846535983648714,0.05392879360710595,0.9486024000216275
5151,1.0,0.8961665800347538,0.04448840942325053,False,social_support,-0.0025405177896535847,social_support,True,0.918314356745775,0.06506396620610944,True,0.087,0.103,0.9644056175402121,0.04844885393446251,True,0.9201558533383603,0.25819694450553615,True,0.9643563054932325,0.09172306393150419,True,baseline_readiness|social_support,0.896163419666799,0.05365851867824928,0.909187400015071
5152,1.0,1.0527988164402655,0.04481039307435758,True,,0.03365840724943858,baseline_readiness,True,1.0711951991431754,0.06830182761911995,True,0.106,0.0885,0.9992224545757293,0.045842318143647726,True,0.9702624955801766,0.25461805706933466,True,1.0048950754966992,0.09122061294178396,True,baseline_readiness|social_support,1.052798816440263,0.053298046406225694,0.89655770000536
5153,1.0,1.0579282145543456,0.043811865019780766,True,,0.00018398461856605763,social_support,True,1.0119324441057815,0.05683173132116961,True,0.1285,0.121,1.041253357414184,0.045003565056934994,True,1.5410048593085173,0.19165531392429683,False,1.036422233294103,0.09195470678120854,True,baseline_readiness|social_support,1.0579282145543534,0.054407023940721284,0.9458036000141874
5154,1.0,1.016066600537687,0.045168250920059515,True,social_support,-0.00017524744583496954,social_support,True,1.0042908322404958,0.06642730676225932,True,0.08,0.077,0.9795889137578211,0.04841965060044395,True,0.9805552062408891,0.22072968992142744,True,0.9778884546527327,0.09236422529944309,True,social_support|baseline_readiness,1.0160669724981255,0.05475319640489982,0.8838530000066385
5155,1.0,0.9865234645438209,0.04534216323706091,True,social_support,-0.00037373575678323334,social_support,True,0.9905180738048867,0.06980834290478063,True,0.0895,0.1195,1.0092783260339306,0.04680304277621015,True,1.014896894373573,0.2261257724250364,True,1.0067937603294623,0.08905508221686287,True,social_support|baseline_readiness,0.9865812672118601,0.056088480406104,0.8834956999635324
5156,1.0,0.9764445113832494,0.04613156990070546,True,baseline_readiness,-0.004218464665255439,baseline_readiness,True,1.0041253709898743,0.06473713159757895,True,0.124,0.1305,1.020112365539419,0.0461448980062324,True,1.008472892504335,0.2515999580598112,True,1.0270251986793582,0.09183110964789111,True,social_support|baseline_readiness,0.9837356765992064,0.05520651079537432,0.860944600077346
5157,1.0,1.078873010460338,0.04393470601039217,True,,7.472833910249221e-05,social_support,True,1.0680740712017747,0.06061149158576154,True,0.101,0.0845,1.0550149125606678,0.04573970463850197,True,1.1592075681436997,0.220663408356449,True,1.072480025712627,0.09121198058634222,True,baseline_readiness|social_support,1.0788730104603435,0.053371885454790796,0.9409410000080243
5158,1.0,1.0075143805081346,0.04447669167644152,True,,0.0007996345403267213,social_support,True,1.0492241643162448,0.0690407643433536,True,0.1145,0.1045,1.0197259371326064,0.04613607818824936,True,1.1416429473730174,0.1708782929210998,True,1.0243037445977767,0.09092683894192671,True,baseline_readiness|social_support,1.0075143805081546,0.05560001016293498,0.9283285000128672
5159,1.0,1.129006738274994,0.04471387746632623,False,,0.00034957815637337575,social_support,True,1.1219869273465106,0.061245404952218696,False,0.0655,0.0965,1.1298696856669974,0.045448646989705424,False,1.2287376266384864,0.17876451374169558,True,1.140292691966318,0.08831783474887955,True,baseline_readiness|social_support,1.129006738274998,0.05368211642193918,0.9258948999922723
5160,1.0,0.9455180990137617,0.04599248444948007,True,social_support,-0.0011060907489834904,social_support,True,0.9323598975044418,0.07414623244166091,True,0.084,0.0855,0.998683250467759,0.04835791403070311,True,0.7406759364798763,0.26766919963388913,True,1.0048668837346248,0.0921143146351189,True,social_support|baseline_readiness,0.9455314828464719,0.05662985953041907,0.9227499000262469
5161,1.0,0.9874248533719006,0.044450273174836,True,social_support,-0.00015366185853249448,social_support,True,0.9209738379821545,0.0685971826263982,True,0.1075,0.104,0.9314700304814223,0.04730488158780598,True,1.1275210006969656,0.18157796688820546,True,0.9393928055556816,0.09086791976213048,True,baseline_readiness|social_support,0.987431249551868,0.05533852550468019,0.9535917999455705
5162,1.0,0.9346237415160757,0.04427711183185928,True,,0.0008141169239221924,social_support,True,0.9128917186519231,0.05782085511233977,True,0.093,0.1065,0.9719418901001539,0.045591301698055114,True,1.230774524237637,0.16347989022604945,True,0.9810698870527353,0.08815486858924897,True,baseline_readiness|social_support,0.934623741516072,0.05315629706728877,0.9532425999641418
5163,1.0,0.9124651559863359,0.04631698737919109,True,social_support|baseline_readiness,0.0009857710238172501,social_support,True,0.8662386842823327,0.05847961230210789,False,0.0935,0.0985,0.9220302175262267,0.0463225579420266,True,0.8410762665413652,0.2258077726454276,True,0.925859817516621,0.09003535424711312,True,baseline_readiness|social_support,0.9143649429521578,0.052383603900054726,0.9231708999723196
5164,1.0,1.0088299628166546,0.04449509329085914,True,,0.00011783659519881695,social_support,True,1.0050272236257147,0.05664531131351878,True,0.091,0.0985,1.0161547828551454,0.045612752554752944,True,1.0217917395518978,0.19477748330452294,True,1.015156286512258,0.0915746689798885,True,baseline_readiness|social_support,1.008829962816663,0.05374349903372163,0.9553284000139683
5165,1.0,1.0072036102653066,0.04489454512493118,True,,0.000539786804563569,social_support,True,1.0399894808114865,0.059488349279240516,True,0.1245,0.0915,1.0072159245773171,0.046813705143162646,True,1.038849043909997,0.2720670461927153,True,0.9993979697515165,0.09253566600034577,True,social_support|baseline_readiness,1.007203610265324,0.05380667789092827,0.930393600021489
5166,1.0,0.9918113770258166,0.0451436452078159,True,,0.0028050098319711836,social_support,True,1.029480355821335,0.06221450758782349,True,0.0995,0.1075,0.9936357687388447,0.04772951282150254,True,1.121900453937195,0.2848901800362017,True,1.0154433283385642,0.09121483710337792,True,social_support|baseline_readiness,0.9918113770258299,0.05608808361755397,0.9340877999784425
5167,1.0,0.9997045842672646,0.04397984969284828,True,,0.014273789025798678,social_support,True,0.9871496145584518,0.05160955784571368,True,0.0925,0.0635,1.001603657029372,0.045039604781509875,True,1.1792478936491215,0.1606650890414011,True,0.9816738234590102,0.09512425725489455,True,social_support|baseline_readiness,0.9997045842672783,0.049778842778019035,0.9060013999696821
5168,1.0,0.9905073225760557,0.045231921219736224,True,social_support|baseline_readiness,0.00031943835785863683,social_support,True,1.0048425601893842,0.05769709381134512,True,0.0835,0.1015,0.9606988600334878,0.045257407680586594,True,1.3997734473811805,0.15784572301201524,False,1.1971524405717329,0.1143692503966332,True,baseline_readiness|social_support|queue_lottery_draw,0.9957429444656954,0.05285691457611863,0.8954135999083519
5169,1.0,1.0107777772367545,0.04493378883485072,True,,0.004684164961317627,baseline_readiness,True,1.0706877590132133,0.06409008897233284,True,0.093,0.102,1.0005940023689337,0.046164134282554295,True,1.3403985248646173,0.18746855347227467,True,1.003519641620021,0.08950288965296874,True,baseline_readiness|social_support,1.010777777236759,0.054482877845853435,0.859768700087443
5170,1.0,0.9999823319206479,0.04462001781721799,True,social_support,-0.0006827220526375299,social_support,True,1.0131839183704916,0.05477388602803305,True,0.0835,0.094,0.9651405193094068,0.04520869279035707,True,1.313275465493713,0.14264457138992798,False,0.9677879406116007,0.09099107740766796,True,baseline_readiness|social_support,0.9999853444471574,0.052313237540904375,0.9332148999674246
5171,1.0,1.0094298419920134,0.04402193652911804,True,,8.415119127480608e-05,social_support,True,0.9728039322546653,0.06084403739657782,True,0.0715,0.1045,0.9940148141339172,0.04577114531496342,True,1.2620948716074603,0.14428236978224293,True,0.9942598404102736,0.08728149143237676,True,social_support|baseline_readiness,1.0094298419920198,0.05498948315961888,0.9371665000217035
5172,1.0,0.8682697662015558,0.04489269915774408,False,,2.6043608176706812e-05,social_support,True,0.8522590186141746,0.06720294401637832,False,0.107,0.0935,0.9656209539790981,0.047538626293957546,True,1.0083441811602873,0.1817788556626938,True,0.943771523362846,0.09626887303211225,True,baseline_readiness|social_support,0.8682697662015748,0.054742830037178544,0.9106037999736145
5173,1.0,0.9498356507464525,0.04487083342294127,True,,0.00019606878385847182,social_support,True,1.0655789304172818,0.09709832944519106,True,0.1095,0.116,0.9607258178663315,0.04810452738431016,True,1.0535447573948054,0.24346002192351585,True,0.979396392201377,0.09155858056591097,True,baseline_readiness|social_support,0.9498356507464623,0.05622832053238774,0.9619242999469861
5174,1.0,0.9977086744670887,0.04646983087350639,True,,0.0004487141679776485,social_support,True,0.9906099807073223,0.07308211043676074,True,0.1075,0.092,1.0184191506928004,0.04876534884238079,True,1.1078606082825706,0.19512218717998817,True,1.0268940597932896,0.08994704043053214,True,baseline_readiness|social_support,0.9977086744671083,0.05682365382004681,0.8956066999817267
5175,1.0,1.0550511895466474,0.044270163494162025,True,social_support,-0.00019672161604233906,social_support,True,1.0000565032668502,0.06239097381595575,True,0.098,0.0965,1.0821924084838555,0.046133820394732995,True,0.9653228429198819,0.22188937517259444,True,1.083116743226203,0.08685699907887358,True,social_support|baseline_readiness,1.055117397829869,0.05333412332739373,0.8689566999673843
5176,1.0,0.9800008092800516,0.045283356596041636,True,,0.00021198282690093606,social_support,True,0.9353240899515263,0.07988608665431107,True,0.107,0.117,0.9902468217086595,0.04996576948319736,True,0.8994009579816905,0.2712066482300891,True,0.973132196954169,0.09392114403127436,True,baseline_readiness,0.9800008092800627,0.057144533586623664,0.9442059999564663
5177,1.0,0.997301745680138,0.045827923963429266,True,,0.00045710595977510593,social_support,True,0.9718624340816122,0.054104281133254266,True,0.113,0.0955,1.0027130553339019,0.04856259934878356,True,1.2647787245126791,0.2227141946161957,True,0.9890903018495975,0.09465778576072384,True,baseline_readiness|social_support,0.9973017456801468,0.05407076890742338,0.9305394999682903
5178,1.0,1.0063101978037272,0.04473942001341894,True,,0.0005532283898697088,social_support,True,1.0509441521402008,0.05771390634743416,True,0.085,0.098,1.0150602759645004,0.04710245051524059,True,1.2576773014274243,0.17764386995706838,True,1.0318083778613714,0.09015548441127151,True,baseline_readiness|social_support,1.0063101978037414,0.0540331151546083,0.8908413000172004
5179,1.0,0.9990247447467666,0.04432661591665352,True,social_support,-0.00019344070071625197,social_support,True,0.9632989757020499,0.06118665488206487,True,0.08,0.083,0.9868481511292434,0.04576353966306811,True,1.18145198812118,0.18510190961908665,True,0.9960812092305327,0.0886818300203254,True,social_support|baseline_readiness,0.9990419574389504,0.05514393111136768,0.8752244000788778
5180,1.0,0.9013561156753066,0.04748085216385633,False,social_support|baseline_readiness,-0.0015040127648990875,social_support,True,0.8683056418315915,0.05841666838447085,False,0.069,0.074,0.9104619937077951,0.04748149168730224,True,0.9568213008553417,0.16445876982681992,True,0.9047960185832511,0.09095110344463685,True,social_support|baseline_readiness,0.9047377216582624,0.053705837034305696,0.9024722999893129
5181,1.0,1.0781995004040947,0.04509223748123866,True,,0.0005296869129365334,social_support,True,1.0635401842346675,0.06990163688415361,True,0.0875,0.0945,1.0696822360882483,0.04696582025032317,True,1.2499440216057378,0.22201185160173814,True,1.0726174407507414,0.09000334437496203,True,social_support|baseline_readiness,1.0781995004041083,0.05369409208824966,0.8983636000193655
5182,1.0,0.9703275461449816,0.04502912484758558,True,,0.0001181706647663816,social_support,True,1.0728098316932204,0.07004344675168321,True,0.1365,0.1135,1.0071626004096534,0.047051282206494155,True,0.8216256086863847,0.3930086412369487,True,1.0069216365086713,0.08934262963944074,True,social_support|baseline_readiness,0.9703275461449868,0.05792048796870893,0.9013825999572873
5183,1.0,0.9588485786880849,0.043743239870890425,True,,0.0006480915419233568,social_support,True,0.9539113706638647,0.06504740357834986,True,0.115,0.1025,0.9186191627054793,0.04590547921850867,True,0.9768032529606259,0.3088042677256741,True,0.9027052196357309,0.0956818381426,True,baseline_readiness|social_support,0.9588485786880925,0.053467694676623524,0.9345622000982985
5184,1.0,0.9205692431859327,0.047587767431986096,True,social_support|baseline_readiness,-0.00010178105463776177,social_support,True,0.8387307890592738,0.062004185365529894,False,0.118,0.094,0.9449932358823447,0.04760240484509892,True,1.157517811727942,0.17442937242642526,True,0.9337019564449672,0.0937965106859756,True,baseline_readiness|social_support,0.9235900952768983,0.055573103002493,0.9175036000087857
5185,1.0,0.9276628006830911,0.04351106624919296,True,social_support,-0.0017303184481178846,social_support,True,0.8363401686044614,0.06744703590992616,False,0.115,0.1005,0.9117004887629667,0.046459982173936154,True,0.7981588978150626,0.3349173880610754,True,0.9006558268245859,0.0940881231975823,True,social_support|baseline_readiness,0.9276914953345686,0.05397988478018748,0.9001183999935165
5186,1.0,0.8906103753696836,0.04435827020253228,False,,0.0002445220637214973,social_support,True,0.8736038211706247,0.07089252853771727,True,0.1175,0.113,0.9105987850661906,0.04802776691526668,True,0.9969314574905888,0.24621892162657724,True,0.902160440652637,0.09274974742827502,True,social_support|baseline_readiness,0.890610375369691,0.05545936923412231,0.8859740000916645
5187,1.0,0.9851910895154519,0.04486448230072124,True,social_support,-0.0003923173395667945,social_support,True,0.9394660099843528,0.05694882350575176,True,0.089,0.0805,0.9824248779880667,0.04707107278488664,True,1.1313698549961464,0.19708582876206848,True,0.9734991585700029,0.09454200412890798,True,social_support|baseline_readiness,0.9851940074768802,0.05347936912114613,0.9244130000006407
5188,1.0,1.005851978865217,0.04607040876371022,True,social_support,-0.00016663089322310753,social_support,True,0.9847196458830294,0.06478762506193238,True,0.081,0.097,0.9936407640512901,0.047265653465352976,True,1.0095727220149122,0.20702623130223183,True,0.9931814951793848,0.09239776402534994,True,social_support|baseline_readiness,1.005846908019436,0.05468595423859953,0.9578086000401527
5189,1.0,1.0540097085717233,0.04575143031668225,True,social_support,-0.00015267379610683918,social_support,True,1.077924107600494,0.06665866748345739,True,0.097,0.088,1.0654769936203496,0.047998558280434374,True,1.131336633563532,0.2743077602806534,True,1.0635550892761885,0.09300166538430163,True,social_support|baseline_readiness,1.0540095718027773,0.05588448261139109,0.9462020999053493
5190,1.0,0.9790944105404599,0.04560304744196234,True,social_support|baseline_readiness,-0.0001990760986911866,social_support,True,0.9812504164492081,0.07685940932915154,True,0.088,0.1005,0.9819241062953692,0.04560327118472205,True,0.6948549153428416,0.2878430330495212,True,0.9902943753687449,0.09102354921790026,True,baseline_readiness|social_support,0.9837350443261776,0.05279395541083568,0.8913087999681011
5191,1.0,0.9857420612435064,0.04414958796516541,True,,0.0003432688898890035,social_support,True,0.9643214396621302,0.06436920434433793,True,0.103,0.1205,1.0211598727997235,0.04662001316404226,True,0.6215652636001064,0.37675860164536,True,1.0096246241812472,0.09361317953475955,True,social_support|baseline_readiness,0.9857420612435203,0.054602518428587224,0.9257009000284597
5192,1.0,0.9462885089426675,0.04330875088078603,True,,0.0016478665524504166,social_support,True,0.9762906968964734,0.0651279469046213,True,0.08,0.0915,0.9458869955812964,0.044948415971038,True,1.255827782260673,0.1599485706747733,True,0.9451624490448619,0.08702367173283528,True,social_support|baseline_readiness,0.9462885089426684,0.05205101525609737,0.9332115000579506
5193,1.0,1.0024930818281668,0.0443377556060563,True,social_support,-0.00028173306758372263,social_support,True,0.9940754607795963,0.05115061860875319,True,0.0845,0.0755,1.0059906054494487,0.04598604947549737,True,1.1694982434201848,0.19813467045993702,True,1.0080744475579928,0.09139618375502614,True,social_support|baseline_readiness,1.0025684137450277,0.05131132202777596,0.946986100054346
5194,1.0,0.9113337935838559,0.04483800208563925,False,social_support,-0.0007273180866267381,social_support,True,0.9000064483754403,0.07556686446047158,True,0.074,0.0985,0.9021041880757381,0.04648086625226581,False,0.5336871777434584,0.3243816088275124,True,0.9125457323212354,0.08806207901415736,True,baseline_readiness|social_support,0.9112301695960554,0.053625186308571694,0.9257218000711873
5195,1.0,0.9980133351973153,0.04460992969752665,True,,0.00043391310476526,social_support,True,0.9820988172862268,0.06686698544315485,True,0.0825,0.0835,1.0176617804076928,0.045726496102095116,True,1.1680442649668672,0.17993860126107702,True,1.0212890065077715,0.08725554231208187,True,baseline_readiness|social_support,0.9980133351973343,0.05362179774668272,0.9048001000192016
5196,1.0,1.1129309538355987,0.05340324530334875,False,social_support|baseline_readiness|queue_lottery_draw,0.0009784732701847432,social_support,True,1.1139183901235392,0.053354394909148804,False,0.0755,0.1,1.0591832792142255,0.046037375315205464,True,1.3559411975919573,0.16138041568325415,False,1.232016063543577,0.10118416543878705,False,baseline_readiness|social_support|queue_lottery_draw,1.0568440624911455,0.053101032577696515,0.9429044999415055
5197,1.0,0.9585400949831197,0.04421087945151719,True,,0.004003129374461345,social_support,True,0.9428602163091054,0.06779771982284001,True,0.1035,0.114,0.9672127477268884,0.04668727224565708,True,0.7035518607863948,0.31727833305721015,True,0.9692999820818883,0.09108629413253755,True,baseline_readiness|social_support,0.9585400949831365,0.053334212602388506,0.865637099952437
5198,1.0,1.0257212567827079,0.045988785937035814,True,,0.0015462286182419405,social_support,True,1.0430479157370065,0.06072624898955688,True,0.089,0.0775,1.0349748373314034,0.04895763867089466,True,1.3607850367966159,0.18323922504323373,False,1.0261049734534546,0.09487384329678443,True,social_support|baseline_readiness,1.0257212567827132,0.05475902085849861,0.8913874999852851
5199,1.0,1.0116169602231875,0.04498310360949781,True,,0.004435249417341858,social_support,True,0.9678445388574234,0.07251778754590672,True,0.1175,0.104,0.94124764762156,0.048455097711569875,True,1.0395015790887796,0.32176117220594913,True,0.9268254035325532,0.08893668373414677,True,baseline_readiness|social_support,1.0116169602232012,0.056742859731224275,0.8951788999838755
5200,1.0,1.0746872899699396,0.04511891661665062,True,,0.002718675683335725,social_support,True,1.0828163004861415,0.05966315882982049,True,0.103,0.0935,1.0731927933379062,0.04603554083818611,True,0.9797284065942874,0.25049327835702945,True,1.0786272759713462,0.08868699579280676,True,social_support|baseline_readiness,1.0746872899699589,0.053828505589589314,0.90765820001252
5201,1.0,0.9944792709714065,0.04432157412965644,True,social_support,-0.0013375390325398584,social_support,True,0.9973182923455404,0.05449155063335762,True,0.1,0.0925,0.9831188843699167,0.04573419069303506,True,1.2549071599659183,0.17999868743110561,True,1.0203430807149811,0.11988481565731698,True,social_support|baseline_readiness|queue_lottery_draw,0.9944657871743822,0.052236556151412095,0.8938578000525013
5202,1.0,0.9658986327799559,0.04506990213788759,True,,0.0004479158615442458,social_support,True,0.9995233569145581,0.05513450629493354,True,0.098,0.087,0.9820714779684617,0.046029648550235586,True,1.240525228679712,0.16149272427204012,True,0.9932143800203425,0.08971931461824036,True,social_support|baseline_readiness,0.9658986327799771,0.05387014727742633,0.9020312000066042
5203,1.0,0.9548150159297245,0.04476366474348402,True,,0.00034125681625063464,social_support,True,0.9662613184751492,0.08043805624558997,True,0.1505,0.1125,0.9897736178593282,0.047105032515478054,True,1.3733798038668223,0.21326729777765338,True,0.9956578073653136,0.08719339433855067,True,social_support|baseline_readiness,0.9548150159297135,0.05655487411148546,0.8951277000596747
5204,1.0,0.9075664211888278,0.04255685919939858,False,,0.0017801349872197392,social_support,True,0.9082433274052432,0.06539998770896699,True,0.0885,0.104,0.8975593157117,0.04343339240149481,False,0.7302380221859491,0.2163153749291265,True,0.9028134649874562,0.08898685964091839,True,baseline_readiness|social_support,0.9075664211888401,0.05154943114767395,0.907200500019826
5205,1.0,0.9669879609832781,0.0449195043910762,True,,0.00031594303373072563,social_support,True,0.9957319202536664,0.06779388453236107,True,0.082,0.0875,0.9726108238848789,0.04597879330529945,True,1.087012121518048,0.17367935451792846,True,0.961354233222257,0.08974923494845163,True,baseline_readiness|social_support,0.9669879609832942,0.05389669290475495,0.9570339000783861
5206,1.0,1.02811872379431,0.04421462715900962,True,,0.0006337458940590679,social_support,True,0.9958941433967118,0.05493660433246733,True,0.108,0.1005,1.0412386472445556,0.045709406911291516,True,1.2552240295184003,0.22541077778194357,True,1.0444885660285899,0.08984416827957321,True,baseline_readiness|social_support,1.028118723794324,0.05250843414221942,0.9288668999215588
5207,1.0,0.9400047847117482,0.04429258423972072,True,,0.0004559195235671609,social_support,True,0.9504091962525503,0.07030846488853444,True,0.097,0.1065,0.9740737294500526,0.046160945390411635,True,1.0229134161803473,0.2403029269377016,True,0.9669449738615244,0.09080129275464531,True,social_support|baseline_readiness,0.9400047847117795,0.054946458526093374,0.8481279999250546
5208,1.0,1.00252364298632,0.04409014915672484,True,social_support,-0.00027559426660150876,social_support,True,1.1020767218718455,0.07206519244775875,True,0.1165,0.138,0.9881678563981132,0.046837701867436486,True,1.2160743155313545,0.2320259518511686,True,0.9902130787660286,0.08979058881366252,True,social_support|baseline_readiness,1.0025482013005627,0.054172096623524416,0.9316485000308603
5209,1.0,0.9723975249924557,0.04373575779242818,True,,0.00016379733123894624,social_support,True,0.9393173541481411,0.06277938074662852,True,0.088,0.105,0.937628649738195,0.04632866718013308,True,1.0063263237305353,0.18671695139826522,True,0.9337584794499164,0.09158185751300416,True,social_support|baseline_readiness,0.9723975249924652,0.0526207623198007,0.9693356000352651
5210,1.0,1.078569001861445,0.046128541397026365,True,,0.005375298901052261,social_support,True,1.1018666872832583,0.06275564924751738,True,0.1015,0.0755,1.059977621514623,0.04800634075176199,True,1.2210009943565105,0.18040423108644743,True,1.048871979846297,0.09421982377121177,True,baseline_readiness|social_support,1.078569001861473,0.055324435653577426,0.9020617000060156
5211,1.0,0.9213638807756032,0.04522916908052389,True,,0.0002711840239726371,social_support,True,0.9080208250685498,0.07549077190475625,True,0.1015,0.099,0.9533536996899334,0.047269102148335546,True,0.6562634331727669,0.2863377014623994,True,0.9564969776424369,0.09014056353671973,True,social_support|baseline_readiness,0.9213638807756275,0.05531796893019268,0.9203586999792606
5212,1.0,1.1062027567510793,0.04436203960186932,False,,0.0010874805158760381,social_support,True,1.057527136295264,0.08536449652343393,True,0.1255,0.1065,1.1168434751166356,0.04647102877417034,False,1.049770194459102,0.2581490816461912,True,1.1108875092902046,0.09032569849212384,True,baseline_readiness|social_support,1.106202756751101,0.054364340568004134,0.89307450002525
5213,1.0,1.0618399268013239,0.044398955802186835,True,social_support,-0.0016630660752712245,social_support,True,1.0995247145619702,0.06753157090062412,True,0.0895,0.101,1.0557146672019946,0.04610878313979257,True,0.9982465115811894,0.2721362149860259,True,1.0665014599513405,0.08990620256835867,True,baseline_readiness|social_support,1.0618587385765645,0.054303865288357615,0.932398600038141
5214,1.0,1.0683483424849283,0.0441003470631903,True,,0.0005616609406970952,social_support,True,1.1372853734375512,0.05888591284806359,False,0.1055,0.1265,1.0481496260867424,0.04535606133359699,True,1.1260818088985867,0.2570209538220316,True,1.048895575612388,0.0900614582807607,True,social_support|baseline_readiness,1.0683483424849483,0.053538868691913696,0.9133902000030503
5215,1.0,0.976527354499495,0.04474950067179148,True,,0.0002896551299569339,social_support,True,0.9580517520327891,0.06679045307370896,True,0.1115,0.105,0.9613146788644319,0.04599059352267506,True,0.8251743178124373,0.29375425228060603,True,0.9603733437173515,0.0908708268132834,True,social_support|baseline_readiness,0.9765273544995001,0.054330082103164985,0.9277919000014663
5216,1.0,0.9235098711979253,0.046985638886903165,True,social_support|baseline_readiness,-0.0025018423032694415,social_support,True,0.8587375917058455,0.059725493341180234,False,0.0975,0.1165,0.9469341367767582,0.04698951248952796,True,0.766855498092609,0.36876093500944584,True,0.9581313399368148,0.09119891357840595,True,baseline_readiness|social_support,0.9315285592476197,0.05374401147520401,0.9418998999753967
5217,1.0,1.1305059862724653,0.0445915179360322,False,,0.0001562203736353851,social_support,True,1.1306422573005113,0.05535740301360148,False,0.109,0.1045,1.089235622288724,0.04721099567314854,True,1.3817424709038453,0.17673296334261981,False,1.0844858419722838,0.08898754720484603,True,baseline_readiness|social_support,1.130505986272483,0.05328071467429968,0.9417976000113413
5218,1.0,1.04537896760537,0.04412164410944731,True,,0.00021886836875317783,social_support,True,1.110010986500467,0.06653857125375529,True,0.0965,0.1135,1.0459154271437396,0.04614609539354967,True,1.2150699394154993,0.19121514642022072,True,1.0336575015926326,0.09239867787220889,True,baseline_readiness|social_support,1.045378967605366,0.05393308254849946,0.933345100027509
5219,1.0,1.0576276764642836,0.04452937905177941,True,,0.0003279638124871198,social_support,True,1.0839930835940936,0.06082352016992593,True,0.0955,0.104,1.0362564059547423,0.04572432844528204,True,1.2941618554935586,0.20989514830863448,True,1.0374776036585505,0.09246016072706105,True,baseline_readiness|social_support,1.0576276764643031,0.05358781694380834,0.8535394000355154
5220,1.0,1.0858765484991013,0.045449774536160746,True,,0.0001420448295013088,social_support,True,1.0227941603264479,0.06394808956458492,True,0.0905,0.088,1.0687667829103635,0.04709415713994558,True,1.0733421276782384,0.2877255985136741,True,1.0655656827723259,0.09185886794278902,True,baseline_readiness|social_support,1.0858765484991149,0.055360528463221294,0.9255571000976488
5221,1.0,0.989015081353402,0.04342025930369951,True,social_support,-4.431517948866315e-05,social_support,True,0.9905747329155062,0.06216168634074493,True,0.096,0.086,0.9974977350894176,0.04727973569629148,True,1.1088920112635368,0.20241434339539205,True,0.9870988168914665,0.09269597075483707,True,baseline_readiness|social_support,0.9890093865291334,0.05302055953256193,0.9177942000096664
5222,1.0,0.9352943475290064,0.04503347771301779,True,,0.00046478625534973617,queue_lottery_draw,True,0.9080348635620396,0.06168439404166814,True,0.066,0.08,0.9589312090824318,0.046831178221235635,True,0.9824703836152133,0.27102680924009304,True,0.9580179795136183,0.09183670935664465,True,social_support|baseline_readiness,0.9352943475290133,0.05340441170151604,0.853781700017862
5223,1.0,1.030475066155756,0.04368758999654683,True,social_support,-0.0002303914383077199,social_support,True,0.974359250358145,0.0701346783405865,True,0.096,0.0785,1.009595633277674,0.0458136507825657,True,0.8052064984058901,0.26054823260744275,True,1.0249135502203313,0.08960600627171704,True,baseline_readiness|social_support,1.030521460459328,0.05263412940201024,0.9001923999749124
5224,1.0,1.0422094646761064,0.04526813514210742,True,,0.00024960165492871056,social_support,True,1.0690422800383377,0.06202522508011267,True,0.0995,0.0975,1.0252236746753105,0.04733364792421505,True,1.0444691561963562,0.2729172812917469,True,1.0478946871138042,0.09152112108551948,True,social_support|baseline_readiness,1.042209464676118,0.0544589939244377,0.8949247000273317
5225,1.0,1.1346597077347347,0.04451662033606241,False,social_support,-0.00011975407513808989,social_support,True,1.1913909323023857,0.06073029580578792,False,0.111,0.1135,1.1722913637063486,0.04618445533691408,False,1.1815419644709442,0.30791602578327903,True,1.1918229607248152,0.08875057134030581,False,baseline_readiness|social_support,1.134651337938291,0.05481560190807483,0.8103213000576943
5226,1.0,1.059643605715625,0.0452767051701795,True,,0.0003314336889950198,social_support,True,1.0119669424734565,0.0852707715807767,True,0.0995,0.092,1.0591730061050157,0.04717852530468877,True,0.9567618731674842,0.32613486742244924,True,1.059498720288752,0.08888793746092015,True,baseline_readiness|social_support,1.0596436057156338,0.05617779416031882,0.9266706000780687
5227,1.0,1.0256554199934556,0.044675277427680835,True,,0.0005300163719894613,social_support,True,1.0409706192647867,0.06150040481078485,True,0.0915,0.0865,0.9875787917647569,0.046298266778908456,True,0.7662843886988798,0.3854631956697417,True,0.9669058360243258,0.0979473178424093,True,baseline_readiness|social_support,1.0256554199934764,0.05412657632686221,0.9342729999916628
5228,1.0,1.077101893341774,0.04489856725536301,True,social_support,-0.0007427682377878497,social_support,True,1.0056793563082889,0.08016329914463487,True,0.0995,0.093,1.048884774877331,0.04785722263996186,True,1.0072083362762454,0.2611714587184141,True,1.0400476435593387,0.09442351079258884,True,baseline_readiness|social_support,1.0771100159160343,0.05437052206207871,0.9836439999053255
5229,1.0,1.0279085806780672,0.04591543995415685,True,,0.011211542785412476,social_support,True,1.0776083814401494,0.06289805514269685,True,0.0955,0.0965,0.998753825894926,0.04755496282017869,True,0.9847701109992383,0.23703482129927567,True,0.9886155683685929,0.09291938168516871,True,baseline_readiness|social_support,1.027908580678074,0.055332344530323235,0.8994968999177217
5230,1.0,1.0280029404903053,0.04554921418544022,True,,0.00048762007207692193,social_support,True,1.0262961946035427,0.0751841550016386,True,0.0935,0.092,0.9863279171738359,0.049062838016493866,True,0.9071729354053486,0.25001419418308124,True,0.9658798102836557,0.09820958101553737,True,baseline_readiness|social_support,1.0280029404903304,0.05714111927067147,0.9609716000268236
5231,1.0,0.9724016218867305,0.04509718716689256,True,,0.0005680798594438485,social_support,True,0.9970168548754852,0.06190456832804224,True,0.114,0.1075,1.00031641757006,0.048261522369716744,True,1.1899252256371962,0.1869863999018979,True,1.0096268354014402,0.08727501305971824,True,social_support|baseline_readiness,0.9724016218867325,0.056109258237156144,0.9346388999838382
5232,1.0,0.9859038705884691,0.0448415938912844,True,social_support,-0.001044034347578382,social_support,True,1.0111924184832,0.06545393625283485,True,0.1215,0.105,0.9592850030616091,0.04713744019300438,True,1.0784544651571601,0.276462291296682,True,0.9509865035217487,0.09056745501476224,True,baseline_readiness|social_support,0.985874782715305,0.05644886195244891,0.9539151999633759
5233,1.0,0.957987463645815,0.045834315667698945,True,,0.001534196099639118,social_support,True,0.9613661934433605,0.056755976093582496,True,0.0975,0.094,0.9456340456069647,0.04737007396958856,True,1.1479410436015236,0.1698518786432151,True,0.9551654904253026,0.09004737269784951,True,social_support|baseline_readiness,0.9579874636458372,0.056202606262075065,0.8850143000017852
5234,1.0,0.974729638549867,0.04450167341845093,True,,0.004323272725864413,baseline_readiness,True,1.0348605591220477,0.058378637295423884,True,0.089,0.1155,0.9690504569224353,0.046402018471957664,True,1.1024211714939265,0.21119571088828737,True,0.975949996801818,0.09002296680124235,True,social_support|baseline_readiness,0.9747296385498847,0.052921444612399865,0.8806864999933168
5235,1.0,0.988228253298872,0.04466835060009122,True,social_support,-0.000422001933737981,social_support,True,0.9559181303815811,0.06820983551937174,True,0.093,0.12,0.9990522345085414,0.04606433355400685,True,1.3560502417455107,0.17276914245498734,False,1.0143186225443441,0.08801604393131429,True,baseline_readiness|social_support,0.9881293914670121,0.05550133029204855,0.9200911999214441
5236,1.0,0.9750229123218979,0.04531049840149967,True,,0.00029225372173691255,social_support,True,0.9623197013395068,0.08117607946393687,True,0.095,0.0915,0.9677567001083534,0.04636990555141744,True,1.1048500864438604,0.2278761597257499,True,0.9763899046686654,0.08948400261075595,True,social_support|baseline_readiness,0.9750229123219171,0.05613108135388534,0.9161306000314653
5237,1.0,0.9797088983887757,0.043919231904999335,True,,7.026432865497867e-05,social_support,True,0.9960523988863107,0.056854550624586886,True,0.0955,0.115,0.9831829190008644,0.046391288986026034,True,1.0113134224734148,0.23899395407137744,True,0.9666889489769684,0.09360285404050175,True,social_support|baseline_readiness,0.9797088983887697,0.05429447879703623,0.9409988999832422
5238,1.0,0.9621051103594627,0.047422766987992374,True,social_support|baseline_readiness,-0.0008598148498819569,social_support,True,0.9683552360036236,0.06603544523279453,True,0.0895,0.098,0.9259936748841372,0.04743944537851785,True,1.0446303441482,0.19432091035702453,True,0.9309037569364297,0.08875866422188855,True,social_support|baseline_readiness,0.9636212174876752,0.05529754220600317,0.9562078999588266
5239,1.0,1.0284796102483043,0.04509811694855891,True,,0.00037050435621655,social_support,True,1.0411683463246415,0.0910721097323384,True,0.09,0.077,1.0124505351669075,0.04756952970305731,True,1.1171024178995639,0.3211056151267151,True,1.0162881454931205,0.08988742120575084,True,social_support|baseline_readiness,1.028479610248317,0.055295299151390344,0.9189205999718979
5240,1.0,1.0711988526473293,0.0450370358138339,True,,0.003540256810497411,queue_lottery_draw,True,1.0124012310790176,0.06045637101047287,True,0.098,0.1235,1.0393708918377411,0.04576641549773167,True,1.0984115156093999,0.2516582429239918,True,1.0465939336824996,0.08605409486395249,True,social_support|baseline_readiness,1.0711988526473422,0.05342758081879846,0.87432629999239
5241,1.0,0.9835607813364913,0.04408757587206296,True,,0.0015676453193824713,social_support,True,0.9513990576809354,0.05724155626152491,True,0.1085,0.116,0.9710983652781937,0.04610718963726753,True,1.325827886442214,0.2208869709782673,True,0.9732759003044466,0.09297069191456837,True,baseline_readiness|social_support,0.9835607813365095,0.054008155858872045,0.9641282999655232
5242,1.0,0.9619353682566107,0.043885463548401824,True,,0.0009776014499278673,baseline_readiness,True,0.9489960921339683,0.06403020575198286,True,0.1005,0.091,0.9966911657055589,0.04451433616466129,True,1.1879962408485938,0.17379696108321027,True,0.9982866424685969,0.08846106744661016,True,social_support|baseline_readiness,0.9619353682566182,0.05369151755248528,0.9264490000205114
5243,1.0,0.972938019519852,0.04391831896663317,True,,0.0008767061799508369,social_support,True,0.9718111241657121,0.06510882671948823,True,0.0825,0.104,0.974101054514213,0.04534398149107878,True,1.0597945108836488,0.2169300234959232,True,0.9738528078452714,0.09073991204405032,True,social_support|baseline_readiness,0.972938019519881,0.05289741777719274,0.9294655999401584
5244,1.0,1.0180406098692056,0.04451778693199033,True,social_support,-2.1225865581619985e-05,social_support,True,1.000457327116283,0.05754299904559474,True,0.1005,0.0855,1.0015988937464362,0.04731196800267098,True,1.195755033959602,0.17786799739375878,True,1.0399863684899515,0.11280712563995166,True,baseline_readiness|social_support|queue_lottery_draw,1.0180585949352616,0.05392277515323806,0.9064672000240535
5245,1.0,0.9706381704179037,0.04479779833998669,True,social_support,-0.0005131218941096805,social_support,True,0.9823320142326832,0.061923120014240204,True,0.1215,0.093,0.9844622049354695,0.046725611934895814,True,1.3677449490454228,0.17411535226123798,False,0.9945606520298202,0.088654698363664,True,baseline_readiness|social_support,0.970640628543464,0.05514192664941059,0.9075860000448301
5246,1.0,1.0454626206150543,0.044599631651727846,True,,0.000757183133649697,social_support,True,1.0690632128006474,0.06399356909981795,True,0.0915,0.09,1.0181557738689828,0.04656948127178705,True,1.1259085498059254,0.1953903534344447,True,1.0130828637735556,0.0934997179185385,True,baseline_readiness|social_support,1.0454626206150794,0.05357867267588445,0.908361200010404
5247,1.0,0.9831400142305082,0.04467948134976289,True,social_support,-0.0002065232175683107,social_support,True,1.051062093688809,0.06932246515751293,True,0.1435,0.103,0.983639900276834,0.04575610465257296,True,1.2933170619489178,0.1922895941101543,True,0.9784718157689223,0.08966586228370269,True,social_support|baseline_readiness,0.9829846264321467,0.05609685875146384,0.9450199999846518
5248,1.0,0.9798092635226087,0.04569949677607554,True,,0.001894942501296626,social_support,True,0.9956864291875647,0.05765752424272081,True,0.0895,0.0845,1.0066572338367843,0.047264724886119984,True,1.1308852370223623,0.19563333512460207,True,1.0085491964192108,0.09183639369307382,True,baseline_readiness|social_support,0.9798092635226204,0.05407136670667309,0.9268810999346897
5249,1.0,1.1111704954908315,0.04460298838364393,False,social_support,-0.0005217310996208369,social_support,True,1.1310756261919848,0.06752129507182461,True,0.13,0.1125,1.1226687611967145,0.047898672659974745,False,1.4868120244819902,0.21474585078787156,False,1.1248054065173692,0.09172223898815379,True,social_support|baseline_readiness,1.111173649520039,0.05763057227557026,0.9696243000216782
5250,1.0,0.980099177929051,0.04446986256641598,True,,0.014511323861542635,social_support,True,1.0481189112242821,0.05524378679460683,True,0.0995,0.0725,1.0041387902570298,0.04570725036879388,True,0.9222120650522108,0.26789075319109623,True,1.006990231542622,0.09196086625495661,True,social_support|baseline_readiness,0.9800991779290643,0.05415987870575057,0.8953843000344932
5251,1.0,0.9649579548323897,0.04479934516389914,True,,0.0036803938462135477,social_support,True,1.003218060555963,0.05916948771201875,True,0.0905,0.091,1.0029909655934153,0.04674194054156074,True,1.2837035278047144,0.1735429288778662,True,0.9989473529072812,0.09187522707252116,True,baseline_readiness|social_support,0.9649579548323981,0.053516755667427154,0.9106121000368148
5252,1.0,1.0240617687544151,0.04468164140024158,True,social_support,-0.00018291709757445318,social_support,True,1.0273323384429223,0.05657840071146412,True,0.1165,0.1,0.9990278262496836,0.046207955725058245,True,1.4070875504918317,0.1482089580570042,False,1.1592168127479654,0.10747555532476481,True,baseline_readiness|social_support|queue_lottery_draw,1.0241202723663758,0.054712876394408236,0.888547100010328
5253,1.0,0.9907354824890644,0.045471031978794534,True,,0.00014284358415750376,social_support,True,0.9866284409818773,0.0749175222732449,True,0.096,0.095,0.938395870165979,0.04825018184166092,True,1.1248029025734891,0.17079979985824909,True,0.9371837532875649,0.09348662619860755,True,baseline_readiness|social_support,0.9907354824890515,0.05687542249392096,0.9652391000417992
5254,1.0,1.0498175250236914,0.04521895671909356,True,social_support,-0.00032276352449134293,social_support,True,1.0291652156345146,0.05718116165644303,True,0.0925,0.065,1.0250858585058629,0.04620834451205932,True,1.1708441825142928,0.25210787786102123,True,1.036765132268124,0.08961933547742684,True,baseline_readiness|social_support,1.0498075782950789,0.05307596428012382,0.9123661000048742
5255,1.0,0.9999482828253862,0.044865295823186546,True,,0.0003951935366828252,social_support,True,0.9687231979225001,0.0700792429428871,True,0.112,0.098,1.018294150576615,0.046080138894492806,True,0.9389783676690221,0.24632787893287533,True,1.0211141418811762,0.08924971033971554,True,social_support|baseline_readiness,0.999948282825398,0.0559383302133899,0.8971538000041619
5256,1.0,1.042226846718649,0.048071576382880704,True,social_support|baseline_readiness,2.18967011607063e-05,social_support,True,1.0865348946658668,0.07994782020823812,True,0.0825,0.0975,1.0172982027772948,0.0480971348353533,True,1.1183100027154784,0.22180904709806426,True,1.131039146282163,0.1171895001361423,True,social_support|baseline_readiness|queue_lottery_draw,1.0413879829668362,0.055727624064385486,0.8769460000330582
5257,1.0,1.0176551115148367,0.04504366161296264,True,social_support,-0.0004612715842391424,social_support,True,0.9512279483087677,0.06566324348104742,True,0.076,0.084,1.0248915807696473,0.04721592346216658,True,0.8762891220032064,0.24634358509223356,True,1.0247661746524181,0.08965698001184826,True,social_support|baseline_readiness,1.0176658523697266,0.053978921263790204,0.9445882000727579
5258,1.0,1.0331694691874378,0.04450273593807505,True,,0.00019351660376099034,social_support,True,0.9963641201339031,0.07345902531554975,True,0.083,0.076,1.0281537653324289,0.04597937939391901,True,0.977640428974917,0.3800460645455893,True,1.0183277938360351,0.09124144102791272,True,baseline_readiness|social_support,1.0331694691874485,0.05352653382830524,0.9139449999202043
5259,1.0,0.9817560426704035,0.04434701338114996,True,,0.0009201025200775703,social_support,True,0.9526151074808511,0.05870439656764321,True,0.0755,0.1015,0.9804810356260022,0.04572795444972882,True,1.0890041656923644,0.1722748074183852,True,0.9967020456316701,0.08790796212629969,True,baseline_readiness|social_support,0.9817560426704154,0.052849782505204494,0.9280690000159666
5260,1.0,1.0752126776367845,0.046033826838430866,True,,0.034220774763990214,social_support,True,1.0502568289139451,0.06797409104558669,True,0.094,0.0885,1.0382302741269798,0.04773830739756462,True,1.000318840116568,0.24488344858453331,True,1.0461955513838148,0.0904588979172086,True,social_support|baseline_readiness,1.0752126776367996,0.054219544729144704,0.9385528999846429
5261,1.0,1.0419133892689567,0.04465009031028858,True,social_support,-0.000909997061233625,social_support,True,1.0156366227068943,0.05814533842357082,True,0.093,0.1245,1.0738834404943285,0.04707901711038929,True,1.3311620065787078,0.20584879431801173,True,1.0769280516023996,0.09122872585455015,True,baseline_readiness|social_support,1.0418729871905525,0.05468700234799413,0.8818383000325412
5262,1.0,0.9521839535147802,0.04459423202666739,True,,0.00021520502464156266,social_support,True,0.928151157471968,0.05646143783856833,True,0.0865,0.0955,0.9325415015212825,0.04591272996679834,True,1.1699473889253402,0.15875661737076424,True,0.9325204618967063,0.08457395180992579,True,social_support|baseline_readiness,0.9521839535147734,0.05350489575106827,0.9369592999573797
5263,1.0,0.9346706044866627,0.04484950089808121,True,,0.0008100898423863967,social_support,True,0.953728504487842,0.05536603626107825,True,0.111,0.093,0.9349673339002782,0.047895940438988316,True,1.256553733278197,0.17329397006041633,True,0.9360360950331267,0.08923737141181096,True,baseline_readiness|social_support,0.9346706044866725,0.05353578244833958,0.9009485000278801
5264,1.0,1.018710014006541,0.04472298248865684,True,social_support,-0.0006964811220555589,social_support,True,1.0376537708002456,0.06983131598158161,True,0.1005,0.081,1.0075704638341507,0.047071761557786244,True,1.0504682094872029,0.2464241946646706,True,1.0159252085807795,0.0941076824145532,True,social_support|baseline_readiness,1.0186965014773957,0.055681795468653573,0.8762892000377178
5265,1.0,1.02195909764187,0.0456976253305531,True,,0.0004882561880403813,social_support,True,1.0304186112155092,0.07182494685102722,True,0.1145,0.1315,1.0165738012734458,0.04869558004666473,True,1.0485671586039307,0.24275621427105493,True,1.0288403237859811,0.08965944507301732,True,social_support|baseline_readiness,1.0219590976419006,0.05811771040947264,0.9227230999385938
5266,1.0,1.0707096937006093,0.04308288284732463,True,,0.0022472412410428078,social_support,True,1.0722508358486185,0.056371287262210794,True,0.082,0.086,1.0315962762071775,0.045529432570504534,True,1.3644900793349353,0.17619477462328767,False,1.1550927081883218,0.10772100369899093,True,baseline_readiness|social_support|queue_lottery_draw,1.0707096937006175,0.053120991697903096,0.9060247000306845
5267,1.0,0.9486348698524365,0.04409235425548952,True,,0.004776834334910163,social_support,True,0.9999231769107381,0.08815352236233798,True,0.1075,0.0835,0.9635501713451765,0.0450271838998909,True,0.6536630233059749,0.29749676413757853,True,0.9632389789583206,0.09053052831029966,True,social_support|baseline_readiness,0.9486348698524473,0.05301326427797282,0.9067016000626609
5268,1.0,0.9990579636711896,0.04476619335916708,True,social_support,-0.0007149870862477314,social_support,True,0.950433691613872,0.0637953491194098,True,0.1235,0.134,0.9977722549577971,0.04633026880895561,True,1.5545029445469063,0.17908857500233039,False,0.9798031987259557,0.09482073276195976,True,baseline_readiness|social_support,0.9991058101181433,0.05689663218534226,0.8852902000071481
5269,1.0,0.9226946531437024,0.047351759470224394,True,social_support|baseline_readiness,0.0010226779420570153,social_support,True,0.9612181326454026,0.06058266722318215,True,0.099,0.1105,0.8908498167857658,0.047360510652551466,False,1.3830067156587615,0.1628589308331322,False,1.1422517144309554,0.10787021083187193,True,social_support|baseline_readiness|queue_lottery_draw,0.9152000631163172,0.05433331812765489,0.9510599999921396
5270,1.0,0.9367691747150851,0.04560265056765092,True,,0.02220414667659476,social_support,True,0.8773836504389891,0.06384379958106232,True,0.0845,0.0785,0.9677708672174158,0.046642830912571646,True,1.0685025126693637,0.24641432186210466,True,0.9754177018825897,0.08840904327646772,True,social_support|baseline_readiness,0.936769174715077,0.05362819008251898,0.9308182999957353
5271,1.0,1.05309689183926,0.04716910290950768,True,social_support|baseline_readiness,7.442458975503996e-05,social_support,True,1.0207487815790108,0.06419159626555081,True,0.0945,0.097,1.051061949530959,0.04716801764244644,True,1.3326487657026724,0.15932715044799808,False,1.0422868414070503,0.09252459034729481,True,baseline_readiness|social_support,1.0541058313489573,0.055126650309472766,0.9471241000574082
5272,1.0,1.0499281440791322,0.04455107952796434,True,,0.00012407107410350449,social_support,True,1.0384321659721958,0.07271002155649722,True,0.094,0.0735,1.0473050825958854,0.046745986200507114,True,0.9631239122235686,0.2884203576362107,True,1.0406447446596534,0.0907481714484717,True,baseline_readiness|social_support,1.0499281440791417,0.05444752806924841,0.967340899980627
5273,1.0,1.0264760200776992,0.04538902440273193,True,social_support,-3.8712171692267816e-05,social_support,True,1.0633557961201106,0.06816883864898765,True,0.095,0.092,1.0303384613020348,0.0480835231472857,True,1.3925049838964108,0.1559332819145985,False,1.0163492778345455,0.09269602121508669,True,baseline_readiness|social_support,1.0265393677760914,0.05632340758505732,0.9603399999905378
5274,1.0,1.0487782761724254,0.04438216500598041,True,,9.982785529505378e-05,social_support,True,1.0021297900131785,0.051169257389104494,True,0.0895,0.089,1.0436916580024567,0.04612728946372738,True,1.3358994261480803,0.15182835294183686,False,1.0517872503413,0.08977930316556046,True,social_support|baseline_readiness,1.04877827617243,0.05082631865930779,0.9365289000561461
5275,1.0,1.03600204583583,0.0442145559991039,True,,0.00020668168007986765,social_support,True,1.0258862771597628,0.0626336979196902,True,0.11,0.111,1.0193180187370778,0.04568779260122321,True,0.9561320467927805,0.2744491283315289,True,1.026042703301819,0.08876354314041106,True,social_support|baseline_readiness,1.036002045835841,0.05320978619345662,0.9393046000041068
5276,1.0,0.9403773481125567,0.04508516050869545,True,,4.978470228689247e-05,social_support,True,0.9284505270563561,0.08996588822762655,True,0.1135,0.1195,0.9892922453848979,0.04723829580539776,True,0.7350694917975233,0.29903923860275017,True,0.9853877279411483,0.09705665046056378,True,baseline_readiness|social_support,0.940377348112573,0.05750311659916683,0.9803210000973195
5277,1.0,1.030987765108304,0.04445137825473406,True,,0.00028694829818931566,social_support,True,1.0750258377190607,0.05968878048506755,True,0.099,0.1045,1.000523512414136,0.04628220049573652,True,0.8568490358343399,0.27403370944485117,True,1.0048361466952458,0.08857799510999088,True,baseline_readiness|social_support,1.0309877651083121,0.0536028843114275,0.9520574999041855
5278,1.0,1.0595060735060897,0.04754142847850437,True,social_support|baseline_readiness,7.01825363327302e-05,social_support,True,1.0837649954482407,0.06812423288447067,True,0.101,0.114,1.0131954460285397,0.04757743896007332,True,1.2167784355470197,0.19757620979776447,True,1.0165585074912444,0.08940048481832871,True,baseline_readiness|social_support,1.053346172498958,0.05627947078903909,0.9352578000398353
5279,1.0,1.008438817177363,0.04541338848522357,True,,0.001096217154796797,social_support,True,0.9862496064060119,0.05845549375009467,True,0.1085,0.101,1.038792682807074,0.048063839701687795,True,0.9619208142336697,0.2627659771166849,True,1.0431361022408672,0.09207066307311351,True,social_support|baseline_readiness,1.0084388171773804,0.05470142191237655,0.9345383000327274
5280,1.0,0.9211223834717736,0.04567098099263975,True,,0.036656397962911313,queue_lottery_draw,True,0.917222617619915,0.05951869204531801,True,0.1175,0.1085,0.9588748887386876,0.04700482788611711,True,1.0114200930929695,0.25896946349886657,True,0.9777995138387318,0.08816171597619357,True,social_support|baseline_readiness,0.9211223834717812,0.05618894277672434,0.9466680000768974
5281,1.0,0.9970383583505481,0.045096375123434604,True,,0.009196693134724043,social_support,True,0.9914479637089414,0.07607340011151072,True,0.088,0.094,1.027574092395185,0.04769900761717582,True,1.033220072082337,0.2029412134538324,True,1.0292085507268023,0.08981284182946614,True,social_support|baseline_readiness,0.9970383583505714,0.055166781460171684,0.9044922000030056
5282,1.0,1.0096953892107627,0.044563753548047806,True,,1.4516868217739898e-05,social_support,True,1.0066916044815348,0.056906603384117564,True,0.0855,0.091,0.9932449531742975,0.046254431508452654,True,1.4002591589451134,0.15398256129566368,False,0.9814243377042027,0.09200088816269508,True,baseline_readiness|social_support,1.0096953892107698,0.052241275275941905,0.9355501000536606
5283,1.0,0.9528597901631188,0.04482144062646634,True,social_support,-0.0008613017775722653,social_support,True,0.924183202113872,0.05619562712946264,True,0.093,0.084,0.9460292927103923,0.0469928063679022,True,1.1084631005031753,0.20565571540234925,True,0.9367565887364531,0.08928453729200946,True,baseline_readiness|social_support,0.9530529134404093,0.05377480471783415,0.931828000000678
5284,1.0,0.8909664988288528,0.04531840547200195,False,,0.0005191959997636886,baseline_readiness,True,0.8680609744138127,0.06836699073585192,True,0.109,0.0925,0.9240909302199891,0.04631856755003896,True,0.9505746249677194,0.24431804773662147,True,0.9316972604744821,0.08914150490032532,True,baseline_readiness|social_support,0.8909664988288646,0.05527138957222796,0.9414110999787226
5285,1.0,0.9195143949335532,0.044408274342252786,True,social_support,-0.0004275793425199126,social_support,True,0.8456511546371566,0.06704717282750744,False,0.0925,0.0955,0.9562504055296439,0.04639969493603306,True,1.0368616886103073,0.1567913927736718,True,0.9562192151529565,0.08935958051718233,True,social_support|baseline_readiness,0.9194877759780694,0.05497643884989354,0.9173056000145152
5286,1.0,0.9771972101006416,0.045743870383065134,True,,0.0022499423809838603,social_support,True,0.9783070732196393,0.08408292688969198,True,0.0965,0.0845,0.9864202664000247,0.04762470896599713,True,0.8118117517961871,0.26389704954546545,True,0.996895169487866,0.08869763194347498,True,social_support|baseline_readiness,0.9771972101006581,0.05500195560777597,0.8952830999623984
5287,1.0,0.9566766894447116,0.04494208039413396,True,,0.0004283328144856213,social_support,True,1.025126690367409,0.05798838165909752,True,0.1085,0.0815,0.9716637681626447,0.046092921406529985,True,1.0507907765786975,0.168860426812875,True,0.976409493494266,0.08866423383408989,True,baseline_readiness|social_support,0.9566766894447236,0.05369593314991284,0.9134961999952793
5288,1.0,1.0341247934653857,0.04469885784466534,True,social_support,-1.5132481635760087e-05,social_support,True,1.0627521980202081,0.06530054949189654,True,0.105,0.086,1.0014374570299702,0.0465417492053653,True,1.2026922771289643,0.17735261062888696,True,1.0017767376515399,0.09072793256593072,True,baseline_readiness|social_support,1.0341108107476875,0.05375114298977354,0.8856042999541387
5289,1.0,1.0745690100096652,0.04372801081863238,True,social_support,-0.0002792623245229109,social_support,True,1.1654903188798467,0.08430723131867753,False,0.0985,0.086,1.0459875401643424,0.046778113564329704,True,0.822316223172945,0.27535026375127375,True,1.0475848260850997,0.09192674279977076,True,baseline_readiness|social_support,1.074583955724023,0.05330622932463471,0.8883745999773964
5290,1.0,1.0294073520502636,0.04462971769515608,True,social_support,-0.00012145263175344923,social_support,True,1.0550412528231952,0.05900972520846171,True,0.094,0.0905,1.0101109768984762,0.04592118925085054,True,1.3427500061708877,0.16137824380843752,False,1.0129180605387265,0.09158198768928803,True,baseline_readiness|social_support,1.0292743087159177,0.05399707993622742,0.9401090999599546
5291,1.0,0.9320985800879259,0.044131915530480216,True,social_support,-0.0005101093979664739,social_support,True,0.925477216129355,0.07132203362283052,True,0.0915,0.0945,0.9687713345797483,0.04614816050781971,True,0.8003475175271455,0.282329912776503,True,0.9618316272987198,0.09061978931141496,True,baseline_readiness|social_support,0.9320788557772042,0.05514839911881617,0.9594299000455067
5292,1.0,0.9802463593747013,0.0450265260284464,True,social_support|baseline_readiness,0.00020950619672710502,social_support,True,0.9328071860997559,0.061439159140516085,True,0.0935,0.0885,0.9532728771929632,0.045028121223601655,True,1.1922164661990573,0.16583553370317622,True,0.9449998222876655,0.11751469107597567,True,social_support|baseline_readiness|queue_lottery_draw,0.9849314789706306,0.05239221402992752,0.922955600079149
5293,1.0,1.0920239560153426,0.044161046785347845,False,social_support,-0.000626296405537019,social_support,True,1.0495307719555065,0.07143571905810955,True,0.1175,0.113,1.060279543756051,0.04524274400922303,True,0.6654090769738092,0.3872659225515593,True,1.0549126095931671,0.0904425533912672,True,social_support|baseline_readiness,1.092069142604619,0.05369406516373442,0.9420733000151813
5294,1.0,0.9796173419465963,0.045165764652137695,True,social_support,-0.001199402949727535,social_support,True,0.9341150719414221,0.06047609234202971,True,0.0815,0.0985,1.020072870235094,0.046644512358535346,True,0.9713619952865633,0.22678309793687834,True,1.0300338354372314,0.08982221326721133,True,baseline_readiness|social_support,0.9796199794121885,0.053649100613875345,0.9147648999933153
5295,1.0,1.1032895813693964,0.04570478777804279,False,,0.0003143181581100052,social_support,True,1.1660242310400621,0.05523239110406665,False,0.091,0.0805,1.0497045318223108,0.047243898170503416,True,1.4135666164280802,0.14603118507751567,False,1.0606759671740238,0.08730174956703558,True,social_support|baseline_readiness,1.1032895813694197,0.05382574140180128,0.8978070999728516
5296,1.0,1.0409224101145162,0.04401347150154867,True,,0.0013143833019899631,social_support,True,1.0222584436721263,0.07085056564556616,True,0.112,0.1165,1.0531635921062745,0.0463081519598701,True,1.2828171906904615,0.20666900117478684,True,1.0593178074971308,0.08934700981349322,True,social_support|baseline_readiness,1.0409224101145025,0.05524304755893374,0.8920657000271603
5297,1.0,0.9302825176746258,0.045390884288959175,True,,0.000833006957683402,social_support,True,0.9953593513986423,0.056436906922846614,True,0.101,0.091,0.9505559985744361,0.047305871769057734,True,1.3226613849831461,0.15263442317836834,False,0.959928600938706,0.0844861631562832,True,social_support|baseline_readiness,0.930282517674626,0.05439798121326241,0.9208566999295726
5298,1.0,0.9337311089570205,0.04505908977569344,True,baseline_readiness,-0.0059398947276925185,baseline_readiness,True,0.9268688168671232,0.05964305785511123,True,0.105,0.1045,0.9745408248372996,0.04506920207180282,True,0.9963859953773517,0.2424072479646923,True,0.9834535946958537,0.09094582196469517,True,social_support|baseline_readiness,0.9378087069370331,0.05215413804492987,0.9264297999907285
5299,1.0,1.0399781588942145,0.04340167029727295,True,,0.012655233521758014,social_support,True,1.0708128258640965,0.05896759822329851,True,0.0865,0.094,1.0627761507606674,0.04404714735972473,True,1.213684531423654,0.15671238787193412,True,1.0651974292022899,0.08765639773806344,True,social_support|baseline_readiness,1.039978158894219,0.05192626847197939,0.9143468000693247
5300,1.0,0.897918076628234,0.044515569070561416,False,,0.0013309431578214515,social_support,True,0.9251023456408647,0.07553856927163148,True,0.1095,0.103,0.9112313707893649,0.04742820148470629,True,1.0665160812744108,0.23329635387319303,True,0.9090513887799063,0.09241835164712282,True,social_support|baseline_readiness,0.897918076628233,0.0549584175222159,0.944556099944748
5301,1.0,1.032625670568304,0.04584610617170797,True,social_support|baseline_readiness,0.0005292185201728472,social_support,True,1.0745099822218254,0.07489416652895302,True,0.099,0.096,1.0362967371796512,0.04584524322515245,True,1.3389270298288196,0.16969424174856781,False,1.0563012274836103,0.08857489744381251,True,social_support|baseline_readiness,1.0355007681040145,0.05458698563932928,0.9619741000933573
5302,1.0,0.9421370610162264,0.04427334069432545,True,social_support,-0.001639280933864562,social_support,True,0.9443064189275941,0.05780528857318715,True,0.0915,0.101,0.969362846212841,0.04647314912680668,True,1.1264352318689694,0.18027505584912032,True,0.9869973411861249,0.09052195641227515,True,social_support|baseline_readiness,0.9421932475399418,0.05362940123771992,0.9577200999483466
5303,1.0,1.040822397391398,0.055695491555903004,True,queue_lottery_draw,-0.0001982058230058925,queue_lottery_draw,True,1.0431219607736715,0.06487600071646264,True,0.075,0.1025,1.0065962490728055,0.04797367701581699,True,1.1681087900857952,0.2279611178720243,True,1.0035709168169882,0.09310133240525384,True,social_support|baseline_readiness,0.9793608295935187,0.054672408652965014,0.9004975000862032
5304,1.0,0.932062669714061,0.04595998371921884,True,,0.0002664541497443551,social_support,True,0.9206242288260381,0.06151108252054264,True,0.1005,0.1215,0.9423964805289695,0.0483388705021958,True,1.202391358166294,0.23071177003003557,True,0.9653091527082499,0.0890205185267012,True,baseline_readiness|social_support,0.9320626697140842,0.05622973280488735,0.9429990999633446
5305,1.0,0.9210362572296289,0.04528718822064687,True,social_support|baseline_readiness,-0.00029216791416519783,social_support,True,0.8581738722214913,0.05506721184900968,False,0.11,0.0825,0.8889348674994005,0.04535096907014147,False,1.2928165069443096,0.1971960429280961,True,0.8636616353931318,0.09857861473611439,True,baseline_readiness|social_support,0.9314248308739211,0.05170751526695543,0.9601328000426292
5306,1.0,1.1074538792202349,0.04591762271941648,False,baseline_readiness,-0.0003596931067839648,baseline_readiness,True,1.0530781576299726,0.06655788239047852,True,0.1055,0.1185,1.0906929897645155,0.045976940548409624,False,1.153955540328937,0.31230350657981865,True,1.1145497796737391,0.09065343224253697,True,baseline_readiness|social_support,1.1133685721598103,0.054778305698968584,0.9346465000417084
5307,1.0,0.9048860233170415,0.04578520189948762,False,,0.000421620553594515,social_support,True,0.9050487773910184,0.06293634140893901,True,0.118,0.112,0.930323364695795,0.048187978826274104,True,1.4038565964931446,0.17744873283146018,False,0.9460389929832422,0.08879422665426975,True,baseline_readiness|social_support,0.9048860233170635,0.05739696657852211,0.9807689998997375
5308,1.0,1.022835128926263,0.04424708828964011,True,,0.0003735462769309805,social_support,True,1.0187173362989241,0.05356787729600947,True,0.087,0.083,0.9945114425824055,0.045713416430052445,True,1.363396061415488,0.17656766588046882,False,1.0930680791953882,0.0942890846738162,True,social_support|queue_lottery_draw|baseline_readiness,1.022835128926284,0.053179214349184975,0.8936872999183834
5309,1.0,0.9688111009913142,0.044505327958637805,True,,0.0014046365251507709,baseline_readiness,True,1.0205970876282866,0.06155192403253846,True,0.092,0.106,0.9841904603775441,0.04609529076961365,True,1.10696320087961,0.17606642001040956,True,0.9928086406379427,0.08955391382257606,True,social_support|baseline_readiness,0.9688111009913214,0.05358356031914968,0.9096438999986276
5310,1.0,1.0568827813040507,0.04340329893967078,True,social_support,-0.0001001319777520493,social_support,True,1.0927309865876291,0.06689553158921671,True,0.07,0.0925,1.067427765636097,0.04453041859719275,True,1.0530016601027619,0.19877151286514624,True,1.0656713750326408,0.08970228128719118,True,social_support|baseline_readiness,1.0568974948632448,0.05197495816246586,0.9340383999515325
5311,1.0,0.9381119251531073,0.05288139434241459,True,queue_lottery_draw,-0.00872935632723415,queue_lottery_draw,True,0.9513746947530075,0.05350292973664975,True,0.0885,0.0885,0.9462335923194951,0.047012852697890295,True,1.3052532291379593,0.1581359107905995,True,0.9490675849533644,0.08813126340923114,True,social_support|baseline_readiness,0.925156718194414,0.051825765547050366,0.8289289999520406
5312,1.0,1.1269342075037596,0.043966881507241935,False,social_support,-0.0018646663068642155,social_support,True,1.1171324644496554,0.06969746160323759,True,0.0985,0.1045,1.133104183886794,0.045502375612929365,False,1.1342780437225184,0.28203849941369946,True,1.1479753145927456,0.09035692249214267,True,social_support|baseline_readiness,1.1269360147101897,0.05375902724960418,0.9203367000445724
5313,1.0,1.0783508108036468,0.04467251482615038,True,social_support,-9.230734112364303e-05,social_support,True,1.0850806951568728,0.06342583191029874,True,0.097,0.0815,1.005803974263061,0.04677081932162376,True,0.8514191140759638,0.28348963269327687,True,1.014403363861923,0.0920912677927674,True,social_support|baseline_readiness,1.0783499979582825,0.05418672270638349,0.8863007000181824
5314,1.0,1.0345964246701649,0.04442964988211427,True,,0.014757982764981747,baseline_readiness,True,0.9576389574781595,0.06117395263794443,True,0.087,0.1005,1.0091981397345309,0.048029741069287944,True,1.1931610315564112,0.2126451880886014,True,1.0147958042329617,0.08872370987031628,True,social_support|baseline_readiness,1.0345964246701773,0.054690582671372584,0.8988735999446362
5315,1.0,1.0008523948711612,0.04537160644936438,True,social_support,-0.0032496041423950572,social_support,True,1.0601801480241126,0.06199391626932588,True,0.0955,0.1,0.9709766662484942,0.04687955840540151,True,1.3487809644664972,0.1892632932942217,True,1.1732462694761414,0.1279386545111061,True,social_support|baseline_readiness|queue_lottery_draw,1.0008505115819686,0.054013974416654946,0.9084259000374004
5316,1.0,1.1006406525427301,0.04367073324453114,False,,1.7630432777693272e-05,social_support,True,1.0945460985814779,0.05807340186797977,True,0.1,0.104,1.0629648140250871,0.045676062838969626,True,1.357804274728747,0.17002769586938005,False,1.0614419877825612,0.08979353396488562,True,baseline_readiness|social_support,1.1006406525427535,0.05266373146980401,0.9278679999988526
5317,1.0,1.0028610563340195,0.04535448251205983,True,social_support,-9.655693855847858e-05,social_support,True,1.0131992461331276,0.061937421822097945,True,0.09,0.081,0.9905090728603302,0.046623816456138,True,1.2880321176868967,0.1551103839142797,True,0.9944310593787024,0.09062879182933618,True,baseline_readiness|social_support,1.0028467906569296,0.05399246606077341,0.952710899990052
5318,1.0,1.0065400801746707,0.04401115118453226,True,,0.0001487126786825499,social_support,True,0.9433356082456017,0.07107883004962634,True,0.0855,0.0945,1.010464325810174,0.04556729931898131,True,0.7867332813293502,0.35270178352126663,True,1.014908836298524,0.08874868897496148,True,social_support|baseline_readiness,1.006540080174676,0.05414121722234068,0.9157677000621334
5319,1.0,0.8808184674969551,0.04420591902794698,False,,0.0010671883313051467,social_support,True,0.8314826677652868,0.06526657822403722,False,0.1365,0.107,0.9317619886145311,0.04622105876985056,True,1.2783514915072298,0.19129988872975612,True,0.9209814579773719,0.09280765213215368,True,baseline_readiness|social_support,0.880818467496975,0.05425758326980952,0.9598296999465674
5320,1.0,1.0542379324270608,0.045446732751080736,True,social_support,-0.0021362183641366883,social_support,True,1.0734772022348051,0.056755285968852494,True,0.0915,0.092,1.0937459130412994,0.04701927947169199,False,1.4687302506472937,0.15256285631486338,False,1.0884515167796416,0.08811722462481697,True,social_support|baseline_readiness,1.0545268982285712,0.05398713540074644,0.9041381999850273
5321,1.0,0.9582351068865895,0.04489295233092549,True,,0.00011976581538686304,social_support,True,0.9292210928542021,0.062108976469949596,True,0.094,0.083,0.9877379537496189,0.04695616768162413,True,0.9515376557690719,0.2416762742387488,True,0.9903674998303985,0.09003441837511886,True,social_support|baseline_readiness,0.9582351068865936,0.053709145741296815,0.9495267999591306
5322,1.0,0.9946141692501798,0.04677915145350081,True,social_support|baseline_readiness,-2.4219682286386046e-05,social_support,True,0.9808901547963658,0.0685436837089903,True,0.1085,0.119,1.020915312105452,0.04680197257652795,True,1.313305636298398,0.2042781523836963,True,1.027422951313962,0.09100072584426702,True,baseline_readiness|social_support,0.9895282475474461,0.05607063403945943,0.9398463999386877
5323,1.0,0.9865428515791747,0.04474684197075795,True,social_support,-0.002064845850465069,social_support,True,0.971797572941505,0.0850131707047496,True,0.0995,0.1085,0.9963292811487375,0.046415734549757795,True,0.926850873896475,0.24867811116011754,True,1.0069223694559786,0.08809938241258315,True,baseline_readiness|social_support,0.9865923013280082,0.05575173852523835,0.9186399000464007
5324,1.0,1.0224868329172585,0.04469743911660471,True,,0.0006165420401540445,social_support,True,0.9926264954744382,0.06255208281063197,True,0.078,0.0905,1.0101961546801135,0.04719295606791682,True,1.0304951302856196,0.3579880000582105,True,1.0024154610832,0.09396425466062244,True,baseline_readiness|social_support,1.022486832917264,0.05246649453228662,0.9236663000192493
5325,1.0,1.1024802240528542,0.04420221187338519,False,social_support,-0.0004432241727450048,social_support,True,1.1025921037881417,0.058877403599913836,True,0.1105,0.082,1.1045432604869898,0.04566087990109477,False,1.26171122895816,0.17234161753149854,True,1.1221984935754328,0.08856240075844007,True,baseline_readiness|social_support,1.101773978962869,0.05254538648283721,0.9540139000164345
5326,1.0,1.160288433314205,0.048119993868830875,False,social_support|baseline_readiness,9.471012669415302e-05,social_support,True,1.1049309300461438,0.058978460873396664,True,0.0955,0.095,1.125043564796089,0.04812010482668515,False,1.412838491519432,0.1893078517483929,False,1.1297700812078717,0.08795782390833976,True,social_support|baseline_readiness,1.1531942143779768,0.05444075890603138,0.8550016999943182
5327,1.0,0.9929242765739964,0.0450977313606276,True,,0.0006091992381680456,social_support,True,1.0199047610334369,0.06443059175243,True,0.0915,0.0985,0.9710639315127443,0.04786829806554074,True,1.2182875504751052,0.18759757085579015,True,0.9810923849757368,0.09222580418899938,True,baseline_readiness|social_support,0.9929242765740066,0.05465674147643415,0.9504942999919876
5328,1.0,0.9926176931742515,0.04792400008703023,True,baseline_readiness|social_support,-0.0003362926686518719,baseline_readiness,True,0.9569525500517027,0.05765881139228263,True,0.0955,0.1045,0.9524295176018083,0.047866709176853046,True,1.1905158163374068,0.1896889945896835,True,0.9497637997319845,0.09187288456026754,True,social_support|baseline_readiness,0.9913764785577642,0.05448371934886013,0.8390604000305757
5329,1.0,0.9739521823435154,0.04457894734911008,True,social_support,-0.00015403342751518778,social_support,True,0.9824764632997316,0.05592498076759729,True,0.096,0.1075,0.9769548992132986,0.04643624298335404,True,1.3820822870308107,0.19613561662051082,True,0.9889487112130159,0.09056487248646813,True,baseline_readiness|social_support,0.9739719218096995,0.05430311735330935,0.9376208001049235
5330,1.0,0.9901632659420742,0.04583828393251323,True,social_support|baseline_readiness,0.0011813275732261985,social_support,True,0.9545674057804374,0.061347561209990936,True,0.1155,0.0985,0.9916273061242936,0.04583917411996437,True,0.9477921615823279,0.2648218844288795,True,0.9959571522126114,0.08755512566091805,True,baseline_readiness|social_support,0.9793556812606147,0.05346230183437891,0.9489420999307185
5331,1.0,1.0673912801175882,0.04931899551523134,True,queue_lottery_draw|social_support,-0.0034703589851474703,queue_lottery_draw,True,1.045168736257664,0.05833156374546362,True,0.0985,0.095,1.0754375616556542,0.048128233262402405,True,1.279455105526235,0.201095992329186,True,1.0876678200572183,0.09185493086948518,True,baseline_readiness|social_support,1.0627339400268245,0.05471705973273666,0.9182824000017717
5332,1.0,0.9173651886033032,0.042843571925229716,True,,0.00954379621240431,baseline_readiness,True,0.9327467014975731,0.05214695199954833,True,0.109,0.095,0.9274065075961951,0.044254997691783926,True,1.3032925083282045,0.15134347922635297,False,0.9366132505974497,0.08771398638236412,True,social_support|baseline_readiness,0.9173651886033155,0.051790700947512765,0.9163878000108525
5333,1.0,1.0032805921594354,0.04557302816123641,True,,0.0005254612162541861,social_support,True,0.9663327853714435,0.059288584018689076,True,0.095,0.096,0.9526454768468421,0.046768320766868356,True,1.0819282235831347,0.18917884079292022,True,0.9552047336821161,0.08763791225260216,True,baseline_readiness|social_support,1.0032805921594452,0.053991094904885926,0.9493311999831349
5334,1.0,1.0466270343540847,0.04558014047639218,True,social_support,-0.0008161123748884336,social_support,True,1.0119296964450513,0.06623573697985508,True,0.126,0.128,1.0348812448180624,0.04787743069650415,True,1.0116753291514802,0.2542361344231069,True,1.0304272034392585,0.0948134393476199,True,social_support|baseline_readiness,1.0466309772911513,0.056064010302488566,0.9212944000028074
5335,1.0,1.0285481666030505,0.045457409250230923,True,social_support|baseline_readiness,-0.001276077647110796,social_support,True,1.0331603016745377,0.05542083990403217,True,0.1235,0.1065,0.9837812288797406,0.045502523904445445,True,1.4662609625866427,0.18240245450750167,False,0.9883613872373957,0.09002869304797856,True,social_support|baseline_readiness,1.0338217663773182,0.05298915643835754,0.9305402999743819
5336,1.0,0.9483008831415815,0.04500155367415113,True,,0.0005634638558724703,social_support,True,0.9599003366478527,0.07300966542761293,True,0.0795,0.0615,0.9787980942747103,0.04635265066663321,True,0.7935040973826241,0.2055797311367948,True,0.9703510943614763,0.09339464880852119,True,social_support|baseline_readiness,0.9483008831415968,0.05332272236415278,0.9127337000099942
5337,1.0,1.066173582981567,0.04321514682713627,True,,0.0024431537303017947,social_support,True,1.0991443050834846,0.0817977116215392,True,0.097,0.09,1.0381359403865862,0.04485748483994572,True,1.1967514928230978,0.2588176690903379,True,1.042229701895038,0.08818316937959013,True,baseline_readiness|social_support,1.066173582981572,0.05238816946763512,0.9175814000191167
5338,1.0,0.9177986470081951,0.04433651695056494,True,social_support,-1.409230577475995e-05,social_support,True,0.896546485062546,0.059226506914501854,True,0.0595,0.079,0.918888123774979,0.045632274212331694,True,1.004484220093403,0.1768159175752047,True,0.9204691143410031,0.09154551188969015,True,baseline_readiness|social_support,0.9177978774427775,0.05315970540316996,0.910573200089857
5339,1.0,0.9885524256730355,0.045826045770182997,True,social_support|baseline_readiness,0.003864481083478921,social_support,True,0.997092142101291,0.06816181910031552,True,0.122,0.091,0.9745555000770914,0.045836623399079804,True,0.9361803369898247,0.2479987112150297,True,0.9737633844480365,0.08904464752095906,True,social_support|baseline_readiness,0.9890244082834387,0.053094551966966164,0.9185170000419021
5340,1.0,1.0218946497301964,0.045329624338022866,True,,0.00553315989182579,social_support,True,0.9591018411578284,0.07868108777353489,True,0.0865,0.0785,1.0170202471444605,0.04724671235535564,True,0.602637975398751,0.36573983407075833,True,1.0216745014417883,0.08588252196896187,True,social_support|baseline_readiness,1.0218946497301908,0.05550585562803608,0.9076496000634506
5341,1.0,1.0708713231877032,0.04428736145773843,True,social_support,-0.00010506044202340803,social_support,True,1.027798966281159,0.06420801391700988,True,0.0725,0.077,1.0393127427076143,0.045287705079761445,True,1.0118139116874223,0.20674323595875455,True,1.044927291957417,0.11223143318607266,True,social_support|baseline_readiness|queue_lottery_draw,1.0708711463866567,0.05342846809218957,0.9078863000031561
5342,1.0,0.9999035650402053,0.044665048109846714,True,,0.0003665618765049672,social_support,True,1.0399168554325116,0.05436347636524206,True,0.105,0.083,0.9441008615819323,0.04566055564115567,True,1.3121691529240864,0.19710328367036925,True,0.9502705777106161,0.09008312631550922,True,baseline_readiness|social_support,0.9999035650402094,0.05318712532977835,0.9049177999841049
5343,1.0,0.9328241727805479,0.043872527130796195,True,,0.0013507314618719235,social_support,True,0.9834727458565402,0.06301002701805877,True,0.088,0.0905,0.9729544500238871,0.04527049286001439,True,0.9085606549547409,0.246214434886908,True,0.9715880212882642,0.08945472757440949,True,baseline_readiness|social_support,0.9328241727805714,0.051353889165234534,0.8620481999823824
5344,1.0,1.0197716932170486,0.04462580300656994,True,,0.0014504837026967365,social_support,True,0.9865673304040764,0.060918004835881785,True,0.11,0.085,1.0179471088222476,0.046604701984978104,True,1.1165573559420878,0.22879729758348605,True,1.0303100935277152,0.09018159298343612,True,social_support|baseline_readiness,1.0197716932170637,0.054057702890967146,0.9057074999436736
5345,1.0,1.0225712795282849,0.04497199927587967,True,,0.04323260274065266,social_support,True,0.9528059887178446,0.05979096794379115,True,0.106,0.1045,1.0089438786085483,0.04677731180438431,True,0.9971652674266652,0.2887998537128854,True,0.9989891620726515,0.09432598829067367,True,baseline_readiness|social_support,1.022571279528299,0.05527393037727347,0.902702399995178
5346,1.0,1.0329113209669027,0.04786401395869561,True,social_support|baseline_readiness,0.0006849256789909219,social_support,True,1.0274239443349236,0.07293450690648595,True,0.103,0.106,1.0096001099733098,0.047895298839800406,True,0.8653620329563858,0.2885313121960334,True,1.0065666482657807,0.09103300459820846,True,baseline_readiness|social_support,1.033812715623161,0.05640845835687073,0.9175901999697089
5347,1.0,0.9133499509228008,0.04506242794583125,True,,0.002221850441229911,social_support,True,0.8582757082085415,0.07455849200867082,True,0.106,0.099,0.9119553323211185,0.04725378290693558,True,0.7105771579448548,0.3135795652969597,True,0.9021861102676927,0.09110782906038992,True,baseline_readiness|social_support,0.9133499509228191,0.05589211474783997,0.929474400007166
5348,1.0,0.9678289243460814,0.04513129428942838,True,,0.00038675207569216496,social_support,True,0.9995322941743753,0.0559636243900983,True,0.0985,0.0915,0.9855736004568478,0.04596781125546238,True,1.2614140385642194,0.18047009413210416,True,1.1281458609851487,0.10915381041180285,True,social_support|baseline_readiness|queue_lottery_draw,0.9678289243460855,0.052919961528674335,0.9162254999391735
5349,1.0,1.0254021723234055,0.04428684809963011,True,,0.00042812007937698127,social_support,True,1.0054426087073618,0.06622949418324318,True,0.1215,0.0955,1.0762793595628222,0.048026429217250526,True,1.11719627914078,0.21957476794413605,True,1.0638479179955649,0.08974576169229954,True,baseline_readiness,1.0254021723234203,0.05478137044095459,0.922465099953115
5350,1.0,1.0286628561455178,0.04636575505356844,True,social_support|baseline_readiness,0.0037578268852289654,social_support,True,1.0833924362415508,0.06177865588225278,True,0.1135,0.1025,1.033239672064802,0.046357394832501626,True,1.4321493636879388,0.19743314986064073,False,1.039778709618746,0.0900686930885972,True,baseline_readiness|social_support,1.0322819907856409,0.0521979196860875,0.8841470999177545
5351,1.0,1.0784164659379012,0.044686609215897614,True,social_support,-0.0003594622553571014,social_support,True,1.0402093530096777,0.06331886278469329,True,0.074,0.0805,1.0956131049741973,0.046033450346613235,False,0.8021912482028428,0.2807720166310728,True,1.0961790684084376,0.08928138648006269,True,baseline_readiness|social_support,1.0784194838122452,0.05164798467784693,0.8862307999515906
5352,1.0,1.0478453604779054,0.04598892114148796,True,,0.0003103523027272459,social_support,True,0.9955192231957217,0.06931174105760388,True,0.093,0.074,1.006976758547778,0.048753496384112534,True,1.1279414334596363,0.18277796080557948,True,0.991883557748816,0.09236893796310007,True,baseline_readiness|social_support,1.0478453604779248,0.057845314401319,0.9067094000056386
5353,1.0,1.0491542731668266,0.04423189541674863,True,social_support,-1.3351821210427772e-05,social_support,True,1.0825112791178746,0.058865847050918935,True,0.068,0.073,1.0311030200992262,0.04613298580546005,True,1.1898085766823723,0.1561278644530027,True,1.005727831074931,0.09136015463253966,True,baseline_readiness|social_support,1.049151785333875,0.05188766079026493,0.9649075999623165
5354,1.0,1.078135366842894,0.04418365214949125,True,social_support,-0.0004877191244325729,social_support,True,1.0850516130685852,0.06540244369022592,True,0.085,0.092,1.0607804022253193,0.0467424518954184,True,1.194379402692791,0.18308097889347688,True,1.052405521435333,0.0902341122519939,True,baseline_readiness|social_support,1.0781461913299848,0.05421821876653238,0.9763110999483615
5355,1.0,1.0399424014806977,0.044148609337145754,True,,0.0001237473639079667,social_support,True,1.0632210401821625,0.061007378421230544,True,0.076,0.0895,1.0425405890396362,0.04611908948628147,True,0.9451865076713649,0.2137258449546223,True,1.0461289709474844,0.08934145900471777,True,baseline_readiness|social_support,1.039942401480704,0.05257637663947124,0.967821600032039
5356,1.0,0.9800722611796605,0.04597559576950426,True,,0.0023738280822467317,social_support,True,0.9276242093201135,0.060371001342945325,True,0.101,0.099,1.0481024313075495,0.04796195018204766,True,1.0724386922795452,0.1967419764754513,True,1.0499058381988489,0.09210088033365325,True,social_support|baseline_readiness,0.980072261179671,0.05578947486188802,0.9044673000462353
5357,1.0,1.0913572994826752,0.04547798658668577,False,baseline_readiness,-0.0039564840976371585,baseline_readiness,True,1.1284808323883182,0.06257009726188087,False,0.112,0.085,1.0649846414537123,0.045451876371434434,True,1.4845349349255774,0.16930407431219036,False,1.0625897127914437,0.09066867783517717,True,baseline_readiness|social_support,1.0833801071293387,0.0537557294426737,0.89639290003106
5358,1.0,1.0774216147407902,0.046428691013562645,True,social_support|baseline_readiness,-0.0002640520993315576,social_support,True,1.0393934964785159,0.06285835297403208,True,0.1105,0.114,1.0882841817250302,0.046437302849988094,True,1.2957620743008245,0.20210356189649006,True,1.1007550101911754,0.08729196940421072,True,social_support|baseline_readiness,1.0745332792555264,0.05417831778652099,0.8729133000597358
5359,1.0,0.9981957748490508,0.04541143880750896,True,,0.04682038346602191,social_support,True,1.0189636637300605,0.06419129638525044,True,0.0885,0.087,0.9736914717310338,0.047177576134353125,True,1.4346052668612992,0.16065879697410623,False,0.9801903090201785,0.09047476000127025,True,baseline_readiness|social_support,0.9981957748490643,0.05543657907875031,0.8851921999594197
5360,1.0,0.9921137385928968,0.04499681105429779,True,,3.837357330560565e-06,social_support,True,0.9251220868115362,0.0701145650819771,True,0.125,0.1145,1.0525596757572275,0.047463980614829336,True,1.0838468242312485,0.26913864471862275,True,1.054848273832865,0.09167799672231441,True,social_support|baseline_readiness,0.9921137385929064,0.05598703173322862,0.9536033000331372
5361,1.0,0.9879236413395961,0.04442225868107956,True,,0.0022985440517588884,queue_lottery_draw,True,0.922356377487016,0.0596319778603356,True,0.1115,0.118,1.0372030297242012,0.047696432537190435,True,0.9402732106384102,0.2441055338682209,True,1.0390541976721066,0.0914316435818816,True,baseline_readiness|social_support,0.987923641339615,0.05476380631639902,0.9322703001089394
5362,1.0,0.9555883134030926,0.04384298640515858,True,,0.0002807388363113006,social_support,True,0.9642791231577402,0.06844325612393747,True,0.11,0.1375,0.9546619485320967,0.04674404709306326,True,0.8712629371444278,0.33460811993313583,True,0.9610497446657067,0.0895236960179328,True,baseline_readiness|social_support,0.9555883134031071,0.055631801319358326,0.9503651999402791
5363,1.0,0.9136627114678323,0.04424749482251745,True,social_support,-9.611880712157017e-05,social_support,True,0.9397591086038829,0.09171823334300687,True,0.119,0.1275,0.9295145654963726,0.046012086189793494,True,1.1456234951273931,0.2340130205750092,True,0.931226526350162,0.09203685251481175,True,baseline_readiness|social_support,0.9136462239782231,0.05645769492492463,0.9192200000397861
5364,1.0,1.0243972804183028,0.045335563977822964,True,social_support,-0.0002287385035808498,social_support,True,1.048341332856137,0.07017140254786901,True,0.092,0.0685,1.052979863289828,0.049346271174577565,True,1.0326510301940266,0.19608363153101832,True,1.0554111852481867,0.09602585821292378,True,social_support|baseline_readiness,1.0243944432860266,0.05489217783941179,0.9692595000378788
5365,1.0,1.088562431922637,0.0444704951576344,False,social_support,-0.001993382881777528,social_support,True,1.0392454089064722,0.05716839037648475,True,0.0765,0.087,1.0537207151902384,0.04585255834512334,True,1.2579821835444387,0.16696069281910678,True,1.1593991298175383,0.10704555013850046,True,queue_lottery_draw|baseline_readiness,1.0885624402252565,0.05418127592127546,0.9509054999798536
5366,1.0,0.9375315705353469,0.044013390102490044,True,social_support,-0.0003684547765478996,social_support,True,0.9380995727628467,0.06615765847052972,True,0.0895,0.0915,0.9528437182083298,0.04498443012718565,True,0.8421814032358119,0.21943121791640002,True,0.9334131497118358,0.0887745115952818,True,baseline_readiness|social_support,0.9375190824928643,0.05170257705081702,0.893491999944672
5367,1.0,0.985945988007782,0.04489289017269694,True,,0.0025903559308240176,social_support,True,0.9955660316793575,0.07362213467874465,True,0.1285,0.0845,0.954443558679993,0.046355989667488245,True,1.1622206844801743,0.20121838930859215,True,0.9629051951724196,0.09035170700629336,True,baseline_readiness|social_support,0.9859459880077925,0.05477165316698766,0.9344209000701085
5368,1.0,0.9740355290198474,0.04429871363857377,True,,0.0005424016033490631,social_support,True,0.8883269904358154,0.0620164859671172,True,0.0955,0.118,1.0171047315774355,0.04674629824590161,True,1.0708542447020277,0.24265437691953542,True,1.0228125100652405,0.09151944937652227,True,social_support|baseline_readiness,0.9740355290198759,0.055255911150675394,0.9094523000530899
5369,1.0,0.9813993213316232,0.04369991168299139,True,social_support,-0.0004306988511242338,social_support,True,0.985563522582273,0.049128611183219706,True,0.103,0.0955,0.9631717106301478,0.04571134648916772,True,1.3534592463849149,0.15755205003633074,False,1.1199318783069396,0.10950823481610365,True,social_support|baseline_readiness|queue_lottery_draw,0.9813078211405909,0.0516002402742058,0.9384093000553548
5370,1.0,1.0547117809200244,0.044175367702337466,True,,0.0033549550751938995,social_support,True,1.0770027938104327,0.053393503842391915,True,0.091,0.115,1.034890061513995,0.0459068598744773,True,1.3925953816917935,0.17067151396400532,False,1.0269829992693367,0.08874830153079116,True,social_support|baseline_readiness,1.054711780920047,0.052651461712032735,0.8881337000057101
5371,1.0,0.9200197678387028,0.04387307811246707,True,social_support,-0.00025918862472096293,social_support,True,0.930648793264395,0.05939573464588209,True,0.1055,0.1025,0.9117646188234985,0.0467996328521314,True,0.9488811654776603,0.2702902881113886,True,0.898295392768553,0.0934278782878917,True,baseline_readiness|social_support,0.9199882948269738,0.052882281004157365,0.9748069000197574
5372,1.0,0.9866555074598066,0.04483410017082503,True,social_support,-7.048483047711329e-05,social_support,True,0.9897563808402602,0.05467239539455212,True,0.1105,0.113,0.9653710296833021,0.04736701345545489,True,1.2669589403566177,0.19033074446599538,True,0.9516713439269837,0.09326395142817873,True,baseline_readiness|social_support,0.9866671093450055,0.05314148719025194,0.9333407999947667
5373,1.0,1.0156434243046746,0.045926179391261486,True,baseline_readiness,-0.0018775023948203184,baseline_readiness,True,0.986590441535754,0.05668677643961014,True,0.102,0.083,0.9955588801880514,0.046034538957307386,True,1.2012546345075739,0.2763656981694707,True,1.00164423123946,0.09201097794913532,True,baseline_readiness|social_support,1.0167521574495588,0.05321231133122667,0.9377207999350503
5374,1.0,1.0517272356038168,0.045314691031574816,True,,0.0010246003749188048,social_support,True,1.0276954461690655,0.05626734529914553,True,0.103,0.0915,1.0077256715101737,0.04753527149244099,True,1.293107532399145,0.2809631827191823,True,1.004143785939026,0.0907027880850118,True,social_support|baseline_readiness,1.0517272356038259,0.054323493999131604,0.9177977000363171
5375,1.0,0.9672411902720753,0.04456533888878428,True,,1.1554157213211624e-06,social_support,True,0.9499553097665973,0.06086331284907788,True,0.0865,0.09,0.9830028794774556,0.04589901448715186,True,0.9320692661803515,0.21208356781612306,True,0.9827678713039145,0.09112953023219028,True,baseline_readiness|social_support,0.9672411902720929,0.05394442125295058,0.9384322999976575
5376,1.0,0.9363642376743205,0.04556096729754736,True,social_support|baseline_readiness,0.0006430788978333268,social_support,True,0.9170100004595523,0.07870586340621198,True,0.103,0.0985,0.9383083528363643,0.045560386764356635,True,0.7866304887644998,0.2814946552844554,True,0.9593597073547255,0.087920488337897,True,baseline_readiness|social_support,0.9372739078202503,0.05299667239318596,0.9040004999842495
5377,1.0,1.0986146559503842,0.04502504921967677,False,,0.00013359223045661395,social_support,True,1.134570730214746,0.07944814484977794,True,0.1175,0.0935,1.0559590469954931,0.046853136983735784,True,1.115989732667724,0.2489469141271896,True,1.053281484636914,0.09094809248155075,True,social_support|baseline_readiness,1.0986146559504077,0.055227275690134005,0.9017655999632552
5378,1.0,0.9572951920331775,0.044191267412811756,True,,0.0001541428915095011,social_support,True,0.9127816637675931,0.06304542438457462,True,0.1125,0.107,0.9582536860248415,0.045805585715688796,True,1.131496544788941,0.20565710897452377,True,0.9735106474056454,0.08797177321735346,True,social_support|baseline_readiness,0.9572951920331955,0.05432730032575049,0.9268394999671727
5379,1.0,0.9396487126597345,0.04537010587828079,True,,0.0009605042104023909,social_support,True,0.9090221445965314,0.06176910212461869,True,0.087,0.0885,0.9119708080799284,0.047588129796181586,True,0.9999808881402806,0.2948305265530666,True,0.9097194952227831,0.09565812328324055,True,baseline_readiness|social_support,0.9396487126597346,0.054702303327391934,0.9441229000221938
5380,1.0,0.9762933906691084,0.0445947232438094,True,,0.001335019324164577,social_support,True,0.9950860684782813,0.07316353781412817,True,0.1035,0.099,0.9589083335682362,0.04844506119897661,True,0.9331270985766483,0.2566044465081654,True,0.9609844294184114,0.0899972234127255,True,social_support|baseline_readiness,0.9762933906691275,0.05440513248390543,0.952057300019078
5381,1.0,1.0212872501898391,0.04507721380790883,True,,0.002169446439703293,social_support,True,1.078023660600658,0.06125863590950367,True,0.1045,0.1055,1.0233677231071039,0.04649425321950236,True,1.0187298797491373,0.23768029876115757,True,1.0151491741889418,0.09245930358262623,True,social_support|baseline_readiness,1.0212872501898405,0.0539649773817432,0.9333447000244632
5382,1.0,1.0649059069595654,0.04463920381943379,True,social_support,-5.796819772374562e-05,social_support,True,1.110558852943064,0.059271956542527496,True,0.0775,0.111,1.0518382163605386,0.04598754384230787,True,1.4109350537409355,0.15387503892484097,False,1.062628029368568,0.08686443745162004,True,social_support|baseline_readiness,1.0648903409339057,0.05444215735866727,0.9480749999638647
5383,1.0,0.9862774193241906,0.04797827905694272,True,social_support|baseline_readiness,0.0007700567275614745,social_support,True,1.0143315677338018,0.059782172184390144,True,0.089,0.079,0.9990123687087453,0.04796223680080374,True,1.0910309631650523,0.20075968416280182,True,0.982551724507109,0.09413379006307437,True,baseline_readiness|social_support,0.9891804707291925,0.055658764236264334,0.9585685000056401
5384,1.0,1.0054163619633862,0.04371561968165632,True,,0.05301683180225325,queue_lottery_draw,True,0.9939603656354145,0.058270352442908104,True,0.1075,0.0885,0.9911643208745756,0.04620502053327737,True,1.1433881562583703,0.19744458183305183,True,0.9838592993696856,0.09046273230688648,True,social_support|baseline_readiness,1.0054163619633938,0.053048053078202345,0.8905520000262186
5385,1.0,1.0543662832100331,0.044512935750785056,True,,0.00017461041851341008,social_support,True,1.0196707256255146,0.0626976149925439,True,0.0985,0.0925,1.0126061819140666,0.04627551552642405,True,1.1597169749065435,0.23972631743452305,True,1.0217783267121967,0.08808528968022214,True,social_support|baseline_readiness,1.0543662832100429,0.05375829804266444,0.9441516000078991
5386,1.0,0.9957858239298282,0.045560177799552695,True,,0.0017651953450315006,social_support,True,1.0283530545540387,0.05649167334201883,True,0.09,0.0945,0.9952815800976621,0.04736036384331896,True,1.4500536048082928,0.14578742198671968,False,0.9950666800427718,0.09147995403421084,True,baseline_readiness|social_support,0.9957858239298437,0.05520835996975356,0.9322008000453934
5387,1.0,0.9804430873321207,0.04456140388832968,True,,0.010449740261943674,baseline_readiness,True,1.0094257692415978,0.057364848392831125,True,0.0785,0.088,1.0242249496535514,0.047305366301644815,True,1.0475912852154214,0.2062193998320955,True,1.0358376977930064,0.08768940382444021,True,social_support|baseline_readiness,0.98044308733213,0.053761229698744785,0.8981107999570668
5388,1.0,1.0551545800486606,0.044100254604537675,True,,9.505483787553004e-05,social_support,True,1.0211768200067386,0.057825334699665054,True,0.113,0.1025,1.0506213132586846,0.0459863894457022,True,1.4017770582556737,0.1864325146031504,False,1.058352648917236,0.08783890094333449,True,baseline_readiness|social_support,1.0551545800486717,0.05370133441541052,0.9666757999220863
5389,1.0,0.9544771500989531,0.04464504759422298,True,social_support,-0.00013140937239075612,social_support,True,0.9294342451233725,0.06002481759230717,True,0.0955,0.092,0.9844980536358005,0.04622188207127368,True,1.0525881736471716,0.22878033552960525,True,0.9925087289374367,0.09098376460666871,True,baseline_readiness|social_support,0.9545654077823814,0.05384566417319688,0.9562295000068843
5390,1.0,1.0646115427544878,0.044641822792160585,True,,0.00044875423943757653,social_support,True,1.0105901176698506,0.07756438287067849,True,0.0865,0.078,1.0665040934424166,0.04712057507352658,True,1.0287825963468673,0.28385206181340855,True,1.0834547879797365,0.08834683246971328,True,social_support|baseline_readiness,1.0646115427544915,0.054214393991692554,0.8896720999618992
5391,1.0,0.9800335025672595,0.04580249820341313,True,,0.011647307351573488,social_support,True,0.9903144965375077,0.052306647595034485,True,0.07,0.068,0.9819929911301726,0.047254180525004574,True,1.1724445861857815,0.14298728177720202,True,0.9779180634130298,0.09255883424089803,True,baseline_readiness|social_support,0.9800335025672746,0.053125048127429485,0.932947100023739
5392,1.0,0.9922286305052963,0.04510943207120462,True,,0.0010932134314396436,social_support,True,1.0461596640041217,0.05860789011182994,True,0.096,0.1015,0.9213125824535806,0.048226968669038306,True,1.4063967324030857,0.16287124819614887,False,0.9302525291295083,0.0900599945811105,True,social_support|baseline_readiness,0.9922286305053183,0.05484852005122386,0.9597094999626279
5393,1.0,0.9433676102890767,0.04515248286657393,True,,0.001100553501142798,social_support,True,0.9344770559208601,0.06161546362069583,True,0.1145,0.11,0.9672719636962026,0.0469023232921193,True,1.1127957389581384,0.18782441914463704,True,0.9652166122358223,0.08920822876790513,True,social_support|baseline_readiness,0.9433676102890898,0.05483023023330761,0.9000660000601783
5394,1.0,1.0701311258616706,0.04634267519471723,True,,0.009709171361413027,social_support,True,1.1517488076608993,0.05652440112397072,False,0.084,0.084,1.1060105369045998,0.047807910878515866,False,1.405519373388831,0.16031874162242132,False,1.115295048963189,0.0923031934146235,True,baseline_readiness|social_support,1.070131125861684,0.05525169543776511,0.9549456000095233
5395,1.0,1.0371436844988926,0.04569336495217279,True,social_support|baseline_readiness,-0.000255622801316413,social_support,True,1.071520467295985,0.061068768621328054,True,0.102,0.091,1.0496718457475576,0.04569435691117066,True,1.3048299332984867,0.17194905791779366,True,1.0490296655207014,0.08906367165921225,True,baseline_readiness|social_support,1.034335263386452,0.05353897198760415,0.949298599967733
5396,1.0,1.038299193688126,0.04733717506605418,True,social_support|baseline_readiness,-0.00011478036156820082,social_support,True,1.126839870919889,0.09260814521437342,True,0.113,0.115,0.9942975717682812,0.047415558679456904,True,0.8129300457083704,0.3641415256698137,True,0.9961735261112306,0.0912205151084515,True,baseline_readiness|social_support,1.0429280510033436,0.05580623738493009,0.8415317001054063
5397,1.0,1.0826224467062846,0.045094506786481935,True,social_support,-0.0013078685991967376,social_support,True,1.0607640740850237,0.07234159974999527,True,0.1075,0.1085,1.0813750600588696,0.046274581385711375,True,0.8792511247726689,0.3071381918644156,True,1.0972848053141535,0.0904127228103158,True,baseline_readiness|social_support,1.082622426729708,0.05395374289376922,0.8896068000467494
5398,1.0,0.9992333689076524,0.04418755892334836,True,,0.00016400837215346797,social_support,True,1.0338804671790853,0.056372181367545904,True,0.113,0.105,0.9757186364568328,0.04678026773530974,True,1.2641190816893735,0.18714852977335614,True,0.9662087160729034,0.09663523841191432,True,baseline_readiness|social_support,0.9992333689076531,0.053807051104497294,0.9543184000067413
5399,1.0,0.9978667048549246,0.04510231892362893,True,social_support,-0.0009747515321691935,social_support,True,1.0039535989532886,0.056351279510846175,True,0.0905,0.096,1.0372685713144967,0.046834377028694855,True,1.1580103341360826,0.2085142013102786,True,1.0330139051252725,0.09082347755151754,True,social_support|baseline_readiness,0.997872902863155,0.05448419014590236,0.8236796000273898
5400,1.0,0.9462009189988582,0.04521091629421097,True,,0.004164191125257233,social_support,True,0.9060759706193946,0.07012512878991228,True,0.08,0.084,0.9576443092696338,0.04697290273606011,True,1.0882752310351367,0.212756839939537,True,0.9736314629541184,0.08766460009523135,True,baseline_readiness|social_support,0.9462009189988483,0.05366622974665143,0.8914050000021234
5401,1.0,1.0670347742446402,0.044029780879173065,True,social_support,-0.0001538036286179434,social_support,True,1.0604452329830147,0.0733914638422358,True,0.0995,0.0925,1.0155410804287932,0.04541151561239464,True,1.0407683203683407,0.24063907119175573,True,1.0177387186918447,0.09136345084432405,True,social_support|baseline_readiness,1.0670374751952263,0.053765338016718955,0.931089699966833
5402,1.0,0.9957678439583261,0.04522077036586152,True,,0.00675006658545918,social_support,True,0.9904141396165905,0.0765567077902813,True,0.0965,0.094,1.0196297827556773,0.04727387823414663,True,1.0057955569039339,0.2597528263693454,True,1.0259234181308128,0.08987383560082103,True,social_support|baseline_readiness,0.9957678439583406,0.05498813067171385,0.9408796000061557
5403,1.0,1.0272859967715844,0.04481084785245492,True,,0.0021234203264866025,social_support,True,1.059138618779181,0.06640067226215682,True,0.11,0.1125,1.0215175095155364,0.0465368144303724,True,0.9670445805160833,0.29979320606101784,True,1.0260340276651845,0.09333562165032021,True,baseline_readiness|social_support,1.027285996771598,0.054884852696544695,0.9117046999745071
5404,1.0,0.9829947689908582,0.045364567270623615,True,,0.002722073473937492,social_support,True,0.9846397352669232,0.06575165430910059,True,0.1035,0.0925,0.968247140172311,0.0474639645305336,True,1.050586271278611,0.24405633684911002,True,0.9649519938386272,0.09295441566944561,True,social_support|baseline_readiness,0.982994768990872,0.054481671792556065,0.9199583999579772
5405,1.0,1.0608130334995345,0.0442157717113245,True,,0.0008186296876990795,social_support,True,1.035618779310007,0.05802778608085379,True,0.105,0.1015,1.0178839108624664,0.044946376793989266,True,1.254604217897549,0.17896476016618848,True,1.0243759299778044,0.08940436338314088,True,baseline_readiness|social_support,1.060813033499553,0.05311436453545567,0.9160097999265417
5406,1.0,0.9463288332511233,0.04432664711549101,True,social_support,-0.0005274008717774947,social_support,True,0.9576860711927653,0.06737035094852042,True,0.109,0.13,0.9142379056571786,0.04576700313560738,True,1.4543695899580054,0.1570383022267399,False,0.8958480600594099,0.09247256531404827,True,social_support|baseline_readiness,0.9464262081344197,0.055182480222486674,0.911481799907051
5407,1.0,1.0339201396873887,0.04480563382808048,True,social_support,-0.0024642344625807056,social_support,True,1.0386650063632465,0.05584532400201714,True,0.084,0.083,0.9859396545309856,0.04594416185440738,True,1.191425931214678,0.1739344767087033,True,0.9900487807415382,0.08972736383928082,True,social_support|baseline_readiness,1.033915922177946,0.05319988514767024,0.8951056000078097
5408,1.0,1.0190991300481695,0.04430461981041567,True,,0.007900721611257211,social_support,True,0.9532073607652772,0.05547781376450292,True,0.089,0.0915,1.005638454180453,0.04611884425325018,True,1.1021598245870876,0.22400145930782775,True,1.0124429988001593,0.08681288973854581,True,baseline_readiness|social_support,1.0190991300481893,0.05277786953330703,0.9287270000204444
5409,1.0,0.9868099722426081,0.04540325324320515,True,,0.0021889095767635425,social_support,True,0.924519438056253,0.08179715961502437,True,0.1065,0.0965,0.9942599286707315,0.04659512460149915,True,0.98061031214225,0.27931263413149626,True,0.9970340432302295,0.09098656520147155,True,baseline_readiness|social_support,0.9868099722426273,0.05529354710130961,0.9388863000785932
5410,1.0,1.0405124550728018,0.045269228153710685,True,,0.00031971862520752126,social_support,True,1.020899767584981,0.06405705968175067,True,0.1105,0.0975,1.0710974226649947,0.04764274503116869,True,0.8807799422002208,0.2726354567305084,True,1.095080133972252,0.09007928293295724,True,baseline_readiness|social_support,1.040512455072811,0.05347413978535308,0.8969272000249475
5411,1.0,0.9996715311483849,0.04527592466401347,True,,0.00032456861175589324,social_support,True,0.96896386498936,0.06600857014793365,True,0.1115,0.095,0.95129596895622,0.04818052896473413,True,0.8366238600716703,0.32946223298853383,True,0.9430843750311946,0.0905783719520876,True,baseline_readiness|social_support,0.9996715311484042,0.056019822813999386,0.9133099999744445
5412,1.0,1.050363931125871,0.043721442124709395,True,,0.024391934712392427,social_support,True,1.0876756497041922,0.06983444075140607,True,0.104,0.1105,1.0194562307430317,0.04659371585211481,True,1.163992890722517,0.22796650940590216,True,1.0184240054732885,0.08915422218956592,True,baseline_readiness|social_support,1.050363931125872,0.05362104671049993,0.8673747999127954
5413,1.0,0.9511404888377974,0.04560312689263337,True,social_support|baseline_readiness,-0.0007901225488735619,social_support,True,0.9881450105110653,0.06927169182567701,True,0.101,0.1105,0.9253645250480454,0.045601282168761255,True,1.12924760878953,0.1884393033098675,True,0.9251530618863679,0.08933421292028978,True,social_support|baseline_readiness,0.9449774799994798,0.054412406799971016,0.9301589999813586
5414,1.0,1.0545689089330326,0.045502638213587264,True,,0.00019084619400011604,social_support,True,1.0480935802431166,0.06706376812999847,True,0.0915,0.098,1.0341197894383998,0.04724441003470151,True,1.1300342610575114,0.19649064044466333,True,1.0456231663613027,0.09042807514682603,True,baseline_readiness|social_support,1.0545689089330483,0.05474762203201192,0.9493477999931201
5415,1.0,0.9652379712019691,0.04479826757098372,True,,0.000691106579463252,social_support,True,0.9400487987783606,0.06159297437286521,True,0.0695,0.0665,0.9577082978250231,0.047364233929113625,True,1.085080529838248,0.16602321640167422,True,0.9575695223745153,0.08887889049506699,True,baseline_readiness|social_support,0.9652379712019769,0.053602296725161105,0.9614812999498099
5416,1.0,1.0529225561826137,0.04393985390331969,True,,0.004153729571874543,social_support,True,1.0902203972138298,0.060218871492682874,True,0.1035,0.088,1.051553764722805,0.045732646494427154,True,1.3098375185126072,0.21301865214105392,True,1.0589138052198488,0.08822445134836482,True,baseline_readiness|social_support,1.0529225561826212,0.05331742027942805,0.9401046999264508
5417,1.0,1.0759902386958362,0.04364611478338181,True,social_support,-7.444496688702174e-05,social_support,True,1.04020270797794,0.0717057645891466,True,0.1075,0.1065,1.0727544451388202,0.04569626654181614,True,0.8000232952567483,0.38426839442241517,True,1.063218478947523,0.0900623945962411,True,baseline_readiness|social_support,1.0759311194647094,0.053403474331035955,0.96464250003919
5418,1.0,0.9886696045544052,0.0450469731169062,True,,6.854173560277843e-06,social_support,True,0.9754870988003487,0.06312887032709048,True,0.1055,0.1,0.971874772862377,0.04821087355988214,True,1.0325909143603558,0.2604502859109937,True,0.9758670638245595,0.09267385516969875,True,social_support|baseline_readiness,0.9886696045544096,0.05474983984427832,0.9191085000056773
5419,1.0,0.9937686211184817,0.0463714279563494,True,,0.0009581425828804058,social_support,True,1.0606368599445533,0.07476569490345947,True,0.084,0.101,0.977016849886758,0.04834898628406185,True,1.1878537548952306,0.17427083112368966,True,0.9653212668835023,0.09916091357294814,True,baseline_readiness|social_support,0.9937686211184884,0.05339682039849196,0.9887835000408813
5420,1.0,0.9856050268724276,0.04379835441872881,True,,6.820239391380767e-05,social_support,True,0.9726386039271281,0.0672602944226863,True,0.089,0.095,0.9573160960425483,0.045986267072852006,True,1.0790151188028678,0.24940609548811252,True,0.9634139862655533,0.09025971035401546,True,baseline_readiness|social_support,0.9856050268724329,0.054718614216593235,0.9640765000367537
5421,1.0,1.0796457039825287,0.044506415705723196,True,,0.013376005176715111,social_support,True,1.1611799134854064,0.05214610246151835,False,0.095,0.097,1.0744565369466164,0.04626369192793938,True,1.4994770725715412,0.1576755883152051,False,1.2745960940642047,0.10687012243993677,False,baseline_readiness|social_support|queue_lottery_draw,1.0796457039825453,0.05233169484196516,0.9222967000678182
5422,1.0,1.1134127974358032,0.046972661164684106,False,social_support|baseline_readiness,0.000794033014952511,social_support,True,1.0561772734328116,0.06217195006611118,True,0.084,0.1,1.040599620355932,0.04700383662523501,True,1.1111481799382785,0.2009548665895951,True,1.0516142404455213,0.08815982055273472,True,social_support|baseline_readiness,1.117632393540083,0.05544902219009837,0.8849979999940842
5423,1.0,0.9067459908411095,0.04590127776998688,False,social_support|baseline_readiness,0.0024387022863621155,social_support,True,0.8550275282675601,0.057653622241252984,False,0.1025,0.106,0.9662802343282202,0.045993768694077265,True,0.8483183151204292,0.2158098037572375,True,0.9619186980999551,0.08646914540992329,True,social_support|baseline_readiness,0.8952261274866912,0.054904586809234594,0.9498835999984294
5424,1.0,0.9594815592712981,0.04550769457558876,True,social_support|baseline_readiness,0.0015066936928587182,social_support,True,0.9182850927471184,0.06532663668335088,True,0.1025,0.086,1.0123327545396859,0.04555385599159326,True,1.0741089816146547,0.21239359081103007,True,1.0291451070852236,0.08960776786013518,True,baseline_readiness|social_support,0.9661920024334985,0.05401679663648111,0.8733236000407487
5425,1.0,1.007484963671338,0.045863355759368944,True,,0.0012333334345946412,social_support,True,0.9596120463408568,0.07633022294329378,True,0.091,0.0865,0.9776697065021546,0.047579568986795384,True,1.1036430475849266,0.20391057900612802,True,0.9706171492692173,0.08816605546584423,True,social_support|baseline_readiness,1.0074849636713543,0.05605666832657215,0.917240200098604
5426,1.0,0.9345205790569839,0.044092424611176635,True,social_support,-0.002678665863895091,social_support,True,0.9174214524312819,0.055267756733218106,True,0.088,0.0945,0.9995149410237762,0.045721875333624803,True,0.8037492284806067,0.21871531654988255,True,0.992804725314776,0.09133546928969191,True,social_support|baseline_readiness,0.9345374974709163,0.05263067060397961,0.9205398000776768
5427,1.0,0.9383107490847962,0.0436924696817759,True,,0.0015352357821258877,social_support,True,0.9657241676107248,0.06196445562750707,True,0.09,0.115,0.9440046251868411,0.04621134642583696,True,1.0662784395337932,0.19760601524885674,True,0.94256990001037,0.12750912103795925,True,social_support|baseline_readiness|queue_lottery_draw,0.9383107490848108,0.052367792094428524,0.9268966000527143
5428,1.0,0.9952817509153961,0.04451356976535789,True,social_support,-0.0002844812778253214,social_support,True,0.9598042419428123,0.053387564486702184,True,0.11,0.0675,0.9955383496179102,0.04764451297932749,True,1.3035777478675565,0.1625604210486756,True,0.981052675254257,0.09134078588708107,True,baseline_readiness|social_support,0.9953905777379198,0.05357774397900845,0.9548398999031633
5429,1.0,1.1158803831718118,0.04417604862291042,False,,0.0005308497540461588,baseline_readiness,True,1.081497344829747,0.08329468208222252,True,0.1095,0.095,1.076737941933053,0.04589200910372367,True,1.3632017034910178,0.2999480723775725,True,1.0818639802903895,0.08785375180025129,True,social_support|baseline_readiness,1.1158803831718274,0.05276263278895911,0.9030358999734744
5430,1.0,1.0084467287275807,0.04549303816084339,True,,0.0004242663541749181,social_support,True,1.0204376932002668,0.07481208503292747,True,0.098,0.102,1.0229582774689399,0.04737842059978577,True,0.8406431820502968,0.23790911910078696,True,1.0255316507020449,0.09197735996980018,True,social_support|baseline_readiness,1.0084467287275927,0.05679583702785402,0.9285600999137387
5431,1.0,0.8808003447218047,0.044429425231426824,False,,0.0038398923224223225,social_support,True,0.9712303223234111,0.06952290294430682,True,0.111,0.1195,0.9140760960947006,0.04616036482147304,True,0.8674938722860427,0.26181473671984123,True,0.898538438269393,0.09324640493280512,True,social_support|baseline_readiness,0.880800344721826,0.05509540584218002,0.9573743999935687
5432,1.0,0.9876873294579636,0.04500415476439678,True,,0.0035382988212884214,social_support,True,0.9554442388676863,0.06330756883741376,True,0.104,0.0925,1.0210860656425549,0.04572473749740288,True,1.0923595468465117,0.20665335497698042,True,1.0337439734083458,0.08856486062093268,True,baseline_readiness|social_support,0.9876873294579709,0.053700783243785966,0.9278860000194982
5433,1.0,0.9229308901945987,0.04491794302349436,True,social_support,-0.0022755867658075246,social_support,True,0.9149606750788094,0.05550671165409895,True,0.082,0.0865,0.9676433733656004,0.04548803405299814,True,1.0481337002509705,0.1949468726230507,True,0.9755576932770689,0.08938732519924265,True,baseline_readiness|social_support,0.9229303478036259,0.05323483938071619,0.8934913999401033
5434,1.0,0.9703672977636736,0.04482515976436413,True,,0.0035550656001497316,social_support,True,0.95015418273936,0.056180734930064015,True,0.0845,0.089,0.966490438440044,0.04767997950246342,True,1.1884908267968268,0.16270394603653654,True,0.9679951379562393,0.09150068289672392,True,baseline_readiness|social_support,0.970367297763691,0.0545676546666118,0.9346560999983922
5435,1.0,1.0955068015196163,0.04423604766857189,False,,1.4302375269892309e-05,social_support,True,1.1766234224760075,0.0877517324943588,False,0.102,0.1095,1.1051695700849078,0.04645435288240094,False,1.100844134168522,0.27640508098697303,True,1.127778959544521,0.08560003071823216,True,social_support|baseline_readiness,1.0955068015196279,0.05502071764843356,0.9306787999812514
5436,1.0,1.0300259823984552,0.04611319348070458,True,social_support,-9.857473079666335e-05,social_support,True,0.9995779216280753,0.06362129657225508,True,0.131,0.118,1.0484392774858424,0.04833501963042767,True,1.5395659071370915,0.17181314106961654,False,1.0644239151666677,0.08843463726782083,True,baseline_readiness|social_support,1.0300609190106689,0.0573931165296786,0.8986891000531614
5437,1.0,1.041899758893477,0.04683104062573812,True,social_support|baseline_readiness,0.001167742448664022,social_support,True,1.0390230344354707,0.06048989897145414,True,0.0895,0.0945,1.0651287188343779,0.04686063644963094,True,1.0190515960335704,0.25332957961414465,True,1.0860874050009488,0.0848990166882757,True,baseline_readiness|social_support,1.0344162859558865,0.05418889306691997,0.9301310000009835
5438,1.0,1.0068866244993409,0.0446331001140044,True,,0.00011879661911518014,social_support,True,0.9847270550977054,0.06999975266341688,True,0.0985,0.1035,1.0234118192025392,0.046352500740440276,True,0.8933544622221067,0.2321653353005249,True,1.03247745708655,0.08714613700989794,True,social_support|baseline_readiness,1.0068866244993446,0.05508348887630855,0.907681200071238
5439,1.0,0.9986406004671894,0.04401569411489605,True,,0.0007281511434529264,social_support,True,0.9780697630222662,0.058574294549206034,True,0.0945,0.0785,1.0054063349565385,0.04567801098822202,True,0.8538403450944962,0.28530628087844023,True,1.0104749413226717,0.08645422207712807,True,social_support|baseline_readiness,0.9986406004671866,0.052760059660173116,0.8485933999763802
5440,1.0,1.037116008019437,0.044912544197362424,True,,0.0010656367192165561,social_support,True,1.1188570308194716,0.06528789711815979,True,0.09,0.0945,1.0370233002247802,0.046325376664662174,True,0.9020895011467822,0.32477569520034305,True,1.0378986989361978,0.08998495050031691,True,baseline_readiness|social_support,1.037116008019438,0.05478293107091904,0.8762847000034526
5441,1.0,0.9399228660787076,0.04477751216719166,True,,0.0014466500736070032,social_support,True,0.9795898383686675,0.05820894938193179,True,0.083,0.0965,0.9630512931692345,0.04620137262560888,True,1.3330249776194196,0.16389184173589724,False,0.9682289797228034,0.09326469864815397,True,baseline_readiness|social_support,0.9399228660787223,0.05416039049746328,0.9120205999352038
5442,1.0,1.0759182030741807,0.0442810913725227,True,social_support,-0.0007061648511097474,social_support,True,1.087010820787356,0.06530998114494486,True,0.12,0.0995,1.0755543716258373,0.04812604782642854,True,0.9440545000566029,0.26507525446402785,True,1.077209965408781,0.0899876538104544,True,social_support|baseline_readiness,1.0759160964104002,0.05304185770697662,0.9059583999915048
5443,1.0,0.9608785392431713,0.04511247697147155,True,social_support,-0.0009446556020442642,social_support,True,0.9892738455922665,0.07322657881983098,True,0.0925,0.0995,0.9943055058771599,0.04694651251064196,True,0.991885429902128,0.26911617779587477,True,1.0120198597829502,0.08912219420128943,True,social_support|baseline_readiness,0.96087921791726,0.05427599973293343,0.8966789999976754
5444,1.0,0.9692404173407774,0.04686459363090653,True,social_support|baseline_readiness,-0.0007148925410813689,social_support,True,0.9137121736356107,0.050768934204419,True,0.0785,0.0875,0.9652112526574903,0.046864199779130346,True,1.3546411477703135,0.1414451625221837,False,0.9746705177366337,0.08662103166758875,True,social_support|baseline_readiness,0.9614890823465605,0.05281636831002868,0.9437243000138551
5445,1.0,1.0613323447733132,0.045155220831117476,True,social_support,-0.0006615592897336597,social_support,True,1.0241322280846965,0.06109249933799774,True,0.1145,0.091,1.0344972767531122,0.046731701365581836,True,1.0960602015656435,0.23833194613111192,True,1.044927675720243,0.08851703067941609,True,social_support|baseline_readiness,1.0614159926344686,0.053677841142792455,0.9362102999584749
5446,1.0,1.04263513312334,0.04323560086112352,True,social_support,-6.975523626095992e-05,social_support,True,1.0826346485066967,0.053186499420533204,True,0.078,0.1085,1.050694674993397,0.045090399755363664,True,0.9629900197734416,0.24860396454879555,True,1.0456537656440483,0.08850996264362615,True,social_support|baseline_readiness,1.0426961655694225,0.051834265955702306,0.8837866999674588
5447,1.0,0.9905582836223994,0.04592609131450273,True,baseline_readiness|social_support,-0.005068660388891644,baseline_readiness,True,1.0488597806509259,0.06559132227853295,True,0.077,0.0825,1.0205503249048469,0.04592258714149878,True,0.9967918092863938,0.230347909557373,True,1.0295198518621358,0.08763511930132657,True,baseline_readiness|social_support,0.994810666688144,0.051275335442799,0.9396692999871448
5448,1.0,0.9416895979755848,0.04450043159604509,True,,0.0002573088301334181,social_support,True,0.9037206249815488,0.0534405284212968,True,0.093,0.066,0.9163812552725836,0.046224691358368555,True,1.0191861903257218,0.19434458903874954,True,0.9132939617378965,0.09503782195798385,True,baseline_readiness|social_support,0.9416895979755892,0.05194414453927914,0.9230150000657886
5449,1.0,1.0180405620084358,0.045462764734673984,True,,0.02572189949177961,queue_lottery_draw,True,1.035630818403645,0.06310702886249724,True,0.098,0.092,1.0747448430243993,0.049119453770997336,True,0.830960635048207,0.28287244114391696,True,1.0691847897135613,0.09069620854737741,True,social_support|baseline_readiness,1.018040562008459,0.05607802754590714,0.8579249000176787
5450,1.0,1.0583808866747586,0.046526585327146895,True,social_support|baseline_readiness,0.000713480429812563,social_support,True,1.0887468839669134,0.06992561979751348,True,0.101,0.0905,1.0395731376494606,0.04655614067470601,True,0.9961338104705458,0.291002878492568,True,1.0423361925590213,0.08909511419350231,True,baseline_readiness|social_support,1.0640280960617956,0.0524387900918018,0.8953845000360161
5451,1.0,1.0503272915811424,0.04438590612947881,True,,0.01946287240077549,social_support,True,1.0895601301461273,0.07519066542046468,True,0.0835,0.107,1.0518049954649116,0.046499177736503625,True,0.6495189837383613,0.32651665956279635,True,1.048077660107337,0.0869781004029633,True,social_support|baseline_readiness,1.0503272915811515,0.05369653293882408,0.8986564000369981
5452,1.0,1.0221665619353397,0.04491463418463373,True,,0.0005812309344221944,social_support,True,1.0133100800884116,0.06231047926589926,True,0.0855,0.088,1.0136200877040125,0.046451897768362706,True,1.1263506817517785,0.2352781750778694,True,1.0217280690295305,0.09120228169751948,True,baseline_readiness|social_support,1.022166561935346,0.05299464969053235,0.9308689000317827
5453,1.0,0.841030871477084,0.04397986433026042,False,,0.0014128979172829403,social_support,True,0.8409592584577222,0.05962415597591092,False,0.1025,0.09,0.888999500735063,0.045681683192728924,False,1.0219633495800415,0.23680343836101264,True,0.8720553201902461,0.09178110301785636,True,social_support|baseline_readiness,0.8410308714771004,0.051952185140778956,0.9448290000436828
5454,1.0,1.023248203790286,0.044884051825138466,True,social_support,-0.001077684587209582,social_support,True,1.0733785530719617,0.07012184881916798,True,0.1015,0.1035,1.0302069059562924,0.04708824285284817,True,1.3817666369233585,0.22491306175789533,True,1.0303637700023356,0.09065291506081641,True,social_support|baseline_readiness,1.0232202413283795,0.05412741956446181,0.8922188000287861
5455,1.0,0.9335203041295222,0.04390381971720375,True,social_support,-0.0010234400280459965,social_support,True,1.0031138098595778,0.053091436005722054,True,0.08,0.0745,0.9666795829247471,0.045000515556767935,True,1.080064375717809,0.18460740294753336,True,0.9718602896636768,0.08649848370504055,True,baseline_readiness|social_support,0.9336815567511964,0.050745366995142704,0.9394677000818774
5456,1.0,1.0178883143567872,0.04696174921123876,True,social_support|baseline_readiness,0.0011317858011086201,social_support,True,0.9945465257329985,0.06510726971312158,True,0.107,0.108,0.9838828329556624,0.04697377221952638,True,1.2309735775354247,0.2765910320876578,True,0.9947740309167319,0.09136092302829257,True,baseline_readiness|social_support,1.0173425882519593,0.055480932704459134,0.9466846000868827
5457,1.0,1.0207141641062072,0.0444677470421456,True,,0.0013306436997790883,social_support,True,1.0220871593692133,0.06430921914307379,True,0.101,0.098,1.014365165098125,0.046642221384975646,True,0.8932318479314041,0.3481082858546761,True,1.0187641343700027,0.09334407718926613,True,social_support|baseline_readiness,1.0207141641062203,0.053702888749073474,0.9214500000234693
5458,1.0,0.920941980086362,0.044142288483473124,True,social_support,-0.00015039147848394663,social_support,True,0.9563389862831687,0.06446455345221579,True,0.084,0.1005,0.9717375953960277,0.04600560281313567,True,1.1064062958999632,0.1837892383580594,True,0.9878293656550811,0.0878703473989828,True,baseline_readiness|social_support,0.9209408239432567,0.052910909986210584,0.9593276999657974
5459,1.0,0.9370498088664664,0.0433643610039568,True,,0.0007461580399024115,social_support,True,0.9635016764471305,0.05430878096523634,True,0.098,0.1035,0.9916758483843039,0.044195941292848984,True,1.2707134226144379,0.17388311848877008,True,0.9910289393902597,0.0909403948784471,True,baseline_readiness|social_support,0.9370498088664901,0.05172342945949478,0.9499431999865919
5460,1.0,0.9509336159557608,0.04486364225782245,True,,0.01693375551323051,social_support,True,0.9699068763451413,0.07998234698478622,True,0.111,0.108,0.9399287385634677,0.04718597451660732,True,0.6444972137268283,0.31373095941355494,True,0.9335927523131863,0.09200849014670444,True,social_support|baseline_readiness,0.9509336159557734,0.05493543426419849,0.930775300017558
5461,1.0,0.9695224006533251,0.044133109479043975,True,,0.0014582608253288498,social_support,True,1.0191144537456345,0.056991064383466954,True,0.1105,0.1045,1.00539494712103,0.04607544941203859,True,1.073074249687811,0.23990579479800375,True,1.0028656412610675,0.09194482248263573,True,baseline_readiness|social_support,0.9695224006533677,0.05297346856122577,0.9317042999900877
5462,1.0,0.9450499479939648,0.04483115811390486,True,,0.002038750657765931,social_support,True,0.946884569197491,0.06623346761717536,True,0.086,0.097,0.9856565225822378,0.0459962661329492,True,1.149179776344122,0.16047872948722408,True,0.9994071435434595,0.08584176258920913,True,baseline_readiness|social_support,0.9450499479939727,0.054477238839296345,0.9151172999991104
5463,1.0,1.0689840644302933,0.04480923996756298,True,social_support,-1.63080380106706e-05,social_support,True,0.9487015111340014,0.05862505169725807,True,0.1195,0.129,1.0483221232416555,0.045754441148415516,True,1.435192577500065,0.2061943250586884,False,1.0453795919561013,0.09189215519899535,True,baseline_readiness|social_support,1.0689659861077532,0.055444905970587696,0.8782652000663802
5464,1.0,0.9675820256151779,0.04489558600722146,True,,0.0005448062568742529,social_support,True,0.9059207025120085,0.06565831067633193,True,0.0715,0.07,1.0071665067923206,0.04645933875867702,True,0.695075073994044,0.25822743067390647,True,1.0128485557922702,0.0921040872207628,True,social_support|baseline_readiness,0.9675820256151861,0.05350372934280153,0.9178317000623792
5465,1.0,1.0305660717562048,0.04290788113520701,True,social_support,-1.8712114959740234e-05,social_support,True,1.0558441266603444,0.05223446632544843,True,0.083,0.072,1.0583599868321008,0.04517053692675648,True,1.3328048325374815,0.1614166349650517,False,1.0608642883715933,0.08970952299295183,True,baseline_readiness|social_support,1.0305631954508203,0.05104940690807221,0.9733381000114605
5466,1.0,1.0457395401307692,0.0440752418394917,True,social_support,-4.237674601803576e-05,social_support,True,1.0310342523094995,0.0638248758210181,True,0.077,0.086,1.0685597827951425,0.04578950854831415,True,0.9927860375918061,0.24910989983357798,True,1.065077133935568,0.09027550681113461,True,social_support|baseline_readiness,1.0457266909909524,0.05408452246361784,0.8873200999805704
5467,1.0,1.0403331733976675,0.04496737033968573,True,,0.0014016871308974999,social_support,True,1.0413804993064024,0.06898043136160506,True,0.1045,0.088,1.0367794370975818,0.04723316412702574,True,0.9920324214082503,0.28040891405147655,True,1.033291906002317,0.0910241859916584,True,social_support|baseline_readiness,1.0403331733976822,0.0542757964708201,0.9329522999469191
5468,1.0,1.0039914730975672,0.04483337907723757,True,,0.00249359548383854,baseline_readiness,True,1.039209618461488,0.05574933040003374,True,0.104,0.092,1.0252802005389952,0.047909362828827975,True,1.4993946390081576,0.15815559494091264,False,1.0361447260546275,0.09100147316796182,True,baseline_readiness|social_support,1.0039914730975792,0.05358679120058746,0.8910599000519142
5469,1.0,1.090327482051489,0.04588044240563868,False,social_support|baseline_readiness,-0.00021796061402490352,social_support,True,1.113177549217486,0.05526903708163123,False,0.085,0.0795,1.0845627383482093,0.0458802716343638,True,1.1060271729570874,0.20148456146475277,True,1.0751819890737488,0.09082147401923359,True,baseline_readiness|social_support,1.097637487257563,0.05264236023074872,0.906773200025782
5470,1.0,1.0463278715432505,0.04507624148733473,True,,0.005174758746531616,social_support,True,0.9877759039623417,0.061893055888280826,True,0.1205,0.1075,1.0263347058585992,0.047054095638713996,True,0.9250851882668267,0.3023288542569706,True,1.0401590397369767,0.0887107728565882,True,baseline_readiness|social_support,1.046327871543263,0.05487816800835094,0.9043415000196546
5471,1.0,0.9493932527623216,0.04358244564081752,True,,0.045553324271152995,social_support,True,0.8888014018714754,0.06252190590256149,True,0.091,0.076,0.9631992056622429,0.04575137429280235,True,1.0614358671729816,0.19732279235790534,True,0.9659326901698257,0.09139747993488219,True,baseline_readiness|social_support,0.9493932527623202,0.05407639349227387,0.92826720001176
5472,1.0,1.0126323989097066,0.04420795866104141,True,social_support,-0.0005084212570007907,social_support,True,1.0466137892560439,0.05626957289594693,True,0.0905,0.101,1.0190910424619455,0.046664029370988375,True,1.266330141463393,0.17028410426951124,True,1.010479343807071,0.09257347639628619,True,baseline_readiness|social_support,1.012746927736523,0.05327633770866817,0.8985401000827551
5473,1.0,0.9823586869453674,0.0448310416069637,True,social_support,-0.0003380476901853058,social_support,True,0.9514362407379447,0.058313534090690976,True,0.106,0.106,1.0180757250094448,0.047139852126503484,True,1.3615842952002937,0.1629995214684097,False,1.0298888539678412,0.08646208597146386,True,social_support|baseline_readiness,0.9823359548852536,0.05546716220808438,0.9377397999633104
5474,1.0,1.1136069750320592,0.045622022908252735,False,,0.002676537259144851,social_support,True,1.131424650505097,0.06100386476638816,False,0.0955,0.078,1.0950705809892247,0.047930106029039785,False,0.682680349263888,0.29921543722245875,True,1.0913012533918225,0.09259249021737534,True,baseline_readiness|social_support,1.1136069750320687,0.054766308829143746,0.9308513000141829
5475,1.0,1.0235054263314747,0.04323501352255533,True,,0.0004036819726129792,social_support,True,1.0409107200457035,0.05828928269581945,True,0.1085,0.1195,0.9841437507469428,0.04470854191099859,True,1.3909736698684732,0.16782371797928014,False,0.9827020562071243,0.09195295563251345,True,social_support|baseline_readiness,1.0235054263314838,0.051542935851838896,0.9243128000525758
5476,1.0,0.9653966075278742,0.046037066849310936,True,,0.00022035548530485727,social_support,True,0.8904609360175108,0.08065609003165253,True,0.088,0.085,0.980286830204749,0.04813068501739247,True,0.8675408793225079,0.3246899937695902,True,0.9965290636162675,0.09153529438429758,True,baseline_readiness|social_support,0.9653966075278777,0.05557147101482158,0.9339775000698864
5477,1.0,0.9626342100253548,0.04361300208008866,True,,0.001349877727895965,social_support,True,1.0091905273390007,0.059793978278788774,True,0.1,0.0865,0.9806828820058308,0.045321016152190974,True,1.0413027373054198,0.19001663420367965,True,0.9877562377620713,0.09121631889414188,True,baseline_readiness|social_support,0.9626342100253708,0.05217818808085467,0.9432236000429839
5478,1.0,0.9896959390135729,0.045423427637104725,True,social_support,-0.0003662353241953298,social_support,True,0.9714064701125138,0.06265482168782414,True,0.1005,0.1045,0.9736717929273208,0.04617178401553431,True,1.2616674105614023,0.16516442363431236,True,0.9848716832777685,0.08814781059040341,True,social_support|baseline_readiness,0.9900257578744998,0.054696453901128095,0.835731300059706
5479,1.0,1.020244259734648,0.044494188148656286,True,social_support,-0.00044776194469431374,social_support,True,1.0600101008978398,0.06538269699150108,True,0.0865,0.12,1.0376070679213936,0.04706559423969421,True,1.2964624721541083,0.16637649073504387,True,0.9998566979877221,0.09926796243670574,True,baseline_readiness|social_support,1.0202248750108374,0.053252782536496714,0.95193099998869
5480,1.0,0.9638549520600794,0.044279203692926976,True,social_support,-6.416950055498916e-05,social_support,True,0.956315315204796,0.06259205641463252,True,0.1035,0.0705,1.037286819673059,0.04575298297589576,True,1.0293043399533865,0.1957712829972692,True,1.050003031706326,0.09139445857670735,True,social_support|baseline_readiness,0.9638420683282437,0.053742795558224636,0.9159842999652028
5481,1.0,1.0006848310276224,0.04430371714291932,True,,0.00709457201036745,social_support,True,1.033404185405157,0.07470268362396966,True,0.1025,0.0975,0.978696431961945,0.04626734392676217,True,0.6873657153986128,0.26747022876487037,True,0.973762640292256,0.09089609917966869,True,baseline_readiness|social_support,1.0006848310276175,0.053095584388993707,0.8558847999665886
5482,1.0,0.948091767352596,0.04586402777646175,True,social_support|baseline_readiness,0.001582469574301193,social_support,True,1.0368755528411748,0.06863065732631493,True,0.082,0.087,0.9574924626397338,0.04586437353508614,True,1.0332335488087125,0.23246708530693555,True,0.9637477099794949,0.08772331834860149,True,social_support|baseline_readiness,0.9466429037755815,0.05332029767608402,0.9417922000866383
5483,1.0,0.9988202197852133,0.0444289531933561,True,social_support|baseline_readiness,0.001439259646708102,social_support,True,1.0262391637863801,0.05236998104597174,True,0.0755,0.0925,1.0160902281819166,0.04443830721729686,True,1.4444329037975767,0.13024077422929095,False,1.1635745978643963,0.10228303484112734,True,social_support|baseline_readiness|queue_lottery_draw,1.0014054768414038,0.051567926375453335,0.916136399959214
5484,1.0,0.9952529844989464,0.04425732060607698,True,,0.00034197140406355686,social_support,True,1.0191945619931964,0.056601713417323285,True,0.108,0.1,0.9784595434476695,0.04589123272299154,True,1.1683213672171255,0.19522810357850523,True,0.9796117455159183,0.09107351025230459,True,social_support|baseline_readiness,0.9952529844989529,0.053933080409536927,0.8603316999506205
5485,1.0,0.9717732914671672,0.04457337647673828,True,social_support,-0.00016851675925178,social_support,True,0.9917185650567392,0.06228777252313171,True,0.1,0.09,1.019480218426507,0.046737673284739746,True,0.9541587347704634,0.18697707493021734,True,1.0303439797240361,0.0874956415804841,True,baseline_readiness|social_support,0.9717698011676049,0.05357482247678076,0.9982918000314385
5486,1.0,1.0254517856719667,0.04323437362475023,True,social_support,-0.001075992235893608,social_support,True,1.0327855298609308,0.055926372412177884,True,0.0975,0.1,1.02884302468131,0.04417559641147589,True,1.1951797951596614,0.1862114516887595,True,1.0404584545709554,0.0889655009521224,True,social_support|baseline_readiness,1.025451647228195,0.05111012999548458,0.9655651999637485
5487,1.0,1.0604894750171263,0.044685130729372365,True,,0.0002295333299437985,social_support,True,1.1547681357178095,0.061700854253578546,False,0.094,0.088,1.0735783260750118,0.045914679750573076,True,1.371151544918242,0.15272309631274272,False,1.081653191750256,0.08811128095245588,True,baseline_readiness|social_support,1.0604894750171412,0.05419083139882673,0.9071934999665245
5488,1.0,1.0017387126328345,0.044346586043060125,True,social_support,-8.006614342992435e-05,social_support,True,0.9299318313083964,0.06890756653541914,True,0.0885,0.0955,0.9474443807822498,0.046546848775226815,True,0.9016284287400377,0.27377617213297756,True,0.9396481582006604,0.09382567848957063,True,baseline_readiness|social_support,1.0017051222179358,0.053782828455966165,0.9176651999587193
5489,1.0,0.9901935074488317,0.04621558762179077,True,,9.901250872612621e-05,social_support,True,0.9766330321373042,0.056784432938845976,True,0.083,0.106,1.0199792721175136,0.048680061334538643,True,1.2817521024400114,0.19767795619730666,True,1.0238860940171992,0.08966584589811193,True,social_support|baseline_readiness,0.9901935074488516,0.05544985654511668,0.9064577999524772
5490,1.0,0.9644558021077607,0.04356836266373073,True,,0.00036577445915231266,social_support,True,0.974231096270141,0.06714600746187642,True,0.109,0.1,0.9374625834650011,0.04705246407908053,True,1.2156748954723173,0.1756171275493311,True,0.9331242314998355,0.08965798662103347,True,social_support|baseline_readiness,0.9644558021077637,0.05464901583940624,0.9076605000300333
5491,1.0,0.9785892301415267,0.045804410135344586,True,,0.001635252851484914,social_support,True,1.0058479429297176,0.06340941016291625,True,0.086,0.1045,0.9816745560573806,0.047868158285219474,True,1.312725081881489,0.17543965427784391,True,0.9968893564547477,0.09099040273035132,True,baseline_readiness|social_support,0.9785892301415328,0.05533783303620563,0.8809218999231234
5492,1.0,1.0470179948436917,0.04473642009599439,True,,6.911301941414649e-05,social_support,True,1.0534257441594086,0.0649418413700015,True,0.095,0.0805,1.0209214106811044,0.0463288030357689,True,1.1520911839128978,0.20579455041112277,True,1.0306374458019694,0.09057889747000304,True,baseline_readiness|social_support,1.0470179948436937,0.05308571252789709,0.9872437999583781
5493,1.0,1.0415845845012361,0.04535327662519131,True,,0.00016674004487082783,social_support,True,1.0454524869225006,0.06398094037002026,True,0.087,0.087,1.0344917636669195,0.04722182621340648,True,0.8605621703834638,0.2955395404059433,True,1.039006314415465,0.09133755436747172,True,social_support|baseline_readiness,1.0415845845012424,0.05521881659152384,0.9410383999347687
5494,1.0,1.0176817847202142,0.04537796058893901,True,,0.014794689621900226,social_support,True,1.0771227467699735,0.06221103838201825,True,0.122,0.0745,1.006998772498284,0.046450496426742066,True,1.1080285566169163,0.21735090147705094,True,1.006646314031707,0.09321977785152842,True,social_support|baseline_readiness,1.017681784720225,0.05476445821996443,0.9098835000768304
5495,1.0,0.9364656479532284,0.045891780474163486,True,social_support,-0.0015100069843327901,social_support,True,1.00624595953307,0.09163661918658714,True,0.094,0.0905,0.9226884092748768,0.04790865606943579,True,0.974213970932748,0.23701043575984637,True,0.9339180121009962,0.09082019062819284,True,baseline_readiness|social_support,0.9364609654103304,0.05676203499564128,0.9215021999552846
5496,1.0,0.979145968950934,0.044324331455142765,True,social_support,-0.00019760310156513583,social_support,True,0.9465285671045636,0.06190281795449538,True,0.096,0.106,0.9929300087004854,0.04669819683493197,True,1.0185678689037208,0.2766187909687783,True,1.0039886286039579,0.0906308720850893,True,baseline_readiness|social_support,0.9791471153822272,0.0539176941958015,1.014031899976544
5497,1.0,1.0374460610329266,0.04461763770975017,True,,0.008597058165818794,social_support,True,1.1424265476569433,0.06257424326363364,False,0.1145,0.107,1.0718490827187364,0.046782636468794984,True,1.2434742304303612,0.22374786035823557,True,1.0789377570111465,0.08825397583325283,True,baseline_readiness|social_support,1.0374460610329408,0.05388682224609848,0.9293566000415012
5498,1.0,0.9600934917147537,0.045217888730769415,True,social_support,-8.357332041519783e-06,social_support,True,0.9320084875152367,0.05802505869227703,True,0.108,0.114,0.9582324547346663,0.04681294091162414,True,1.0461664822666004,0.21440027453705957,True,0.9610820071115206,0.08623716148926629,True,social_support|baseline_readiness,0.960093544632637,0.05413171163838239,0.9223493000026792
5499,1.0,0.9607342199090793,0.046215467242838294,True,,0.0008465872898240079,social_support,True,0.9214448288806507,0.07405916505181268,True,0.1235,0.0825,1.0030490115123167,0.04890238257149328,True,0.9758876177986834,0.2462244939803362,True,0.9936372216316268,0.09202325435074978,True,baseline_readiness|social_support,0.9607342199091016,0.05652592806091385,0.9431130000157282
5500,1.0,0.9633703845202293,0.04603769877794694,True,,0.018505548933780425,social_support,True,0.8702302281552752,0.06942860155267991,True,0.0795,0.083,0.9675715963483787,0.046787314298177396,True,1.061031533953335,0.2630886005361206,True,0.9815293410490729,0.08887951442225307,True,baseline_readiness|social_support,0.9633703845202312,0.055370666240295574,0.9338251000735909
5501,1.0,1.026847130607841,0.04508046320597256,True,social_support,-0.00470465799027231,social_support,True,1.0487122523912762,0.05994802697703119,True,0.0945,0.097,1.011641432058662,0.04755506890374919,True,0.9890776755988765,0.2877934374894297,True,1.00987384581026,0.09087473987618515,True,social_support|baseline_readiness,1.0268723624207226,0.05404420512797108,0.9218362000538036
5502,1.0,1.0272981596181316,0.04621849756677537,True,,0.010671111485279106,social_support,True,0.9805629196191502,0.07025931417692445,True,0.102,0.081,0.9833159837561032,0.049150728088135,True,0.954149983376069,0.20487685558372762,True,0.9928370684704625,0.09019307393681311,True,baseline_readiness|social_support,1.027298159618143,0.05580208006481759,0.8918758000945672
5503,1.0,1.0830109594304331,0.04477407664515015,True,,0.0016356997326987255,social_support,True,1.0990669599816714,0.06121602842548092,True,0.101,0.092,1.0406085797153533,0.047355901325828384,True,1.3640367123395654,0.15757680841760263,False,1.0502387678127574,0.08934571416271564,True,social_support|baseline_readiness,1.0830109594304458,0.05392986689244319,0.947259199921973
5504,1.0,1.0500688575097321,0.04425247224282708,True,social_support,-0.00017820409325608466,social_support,True,0.9890361064908869,0.06567664340168744,True,0.0815,0.09,1.0685872200870437,0.04647008710808328,True,1.3596083843927487,0.16936492824609156,False,1.0719237559500125,0.08853223949811366,True,baseline_readiness|social_support,1.049947616386964,0.05408930561734569,0.9073799999896437
5505,1.0,1.0158265351325917,0.04368024318118566,True,social_support,-0.0010771991861480146,social_support,True,0.9917696191866541,0.05742734716395537,True,0.088,0.0785,1.0341390824603822,0.04554411906805267,True,1.0523940318244678,0.1895560079519623,True,1.0280808793936962,0.09206772531948972,True,social_support|baseline_readiness,1.015825878293837,0.05083393873511517,0.9369831999065354
5506,1.0,0.9599135093554491,0.04429683308567295,True,,0.0002813715213205725,social_support,True,0.9302026052549228,0.05657638178521716,True,0.091,0.121,0.9468070938188626,0.04661702684631222,True,0.9959109124761276,0.22171154096811588,True,0.9446001981956246,0.09193873549836254,True,social_support|baseline_readiness,0.95991350935545,0.05350436011902901,0.9007970000384375
5507,1.0,1.007800342370049,0.04585953893687403,True,baseline_readiness,-0.005295130150507532,baseline_readiness,True,1.006221652928982,0.054114892952353194,True,0.089,0.0855,1.0285054149831137,0.04592239438116384,True,1.0548868875875652,0.22447358240843082,True,1.022860074806783,0.09073688352340142,True,baseline_readiness|social_support,1.0088270648744375,0.05176617050669916,0.9522217999910936
5508,1.0,1.0032828850070157,0.04455093004022117,True,,0.0029867256563500533,social_support,True,0.9661563741786081,0.05699385640884734,True,0.1025,0.112,1.036084632112607,0.0460808474926039,True,1.0174206237623153,0.24895841768337484,True,1.0344195265077374,0.09038941134333259,True,social_support|baseline_readiness,1.0032828850070266,0.05367363884122892,0.8807912999764085
5509,1.0,1.0042101180668512,0.0469197056419301,True,social_support|baseline_readiness,-0.005634695075309892,social_support,True,0.9211719341521424,0.09125412862396144,True,0.1,0.1195,0.9868930185729878,0.046917902572435034,True,1.2012669056617706,0.2578387475507398,True,0.9688968262517579,0.09175202900109705,True,baseline_readiness|social_support,1.0081326479287875,0.05572266815171723,0.8710652999579906
5510,1.0,0.9959017120931202,0.044774462595026814,True,,6.683771276438932e-05,social_support,True,0.9589960463406444,0.05390946393459948,True,0.0805,0.08,1.0101914979377127,0.04721586163126124,True,1.2919288714592674,0.1378942463711006,False,1.0224064371005783,0.09160291306045912,True,social_support|baseline_readiness,0.9959017120931374,0.05240246310311455,0.9188257000641897
5511,1.0,1.0022512565506991,0.04360021286647653,True,,0.010814613446152421,social_support,True,0.9209772913769448,0.05982442411252492,True,0.0835,0.087,1.0057620198356534,0.045243916644257795,True,1.1979191449897788,0.16810854766075228,True,0.9916076622421004,0.08958411155446636,True,social_support|baseline_readiness,1.0022512565507105,0.052442047332363004,0.9239662999752909
5512,1.0,1.076617930650533,0.04643491730626063,True,,0.0032652951171803224,social_support,True,1.12679102919077,0.07530603352286885,True,0.096,0.0945,1.0715759830312723,0.04774427475332488,True,1.4300325646835472,0.15805308010214417,False,1.0749683976980744,0.09389816991232162,True,baseline_readiness|social_support,1.0766179306505528,0.056476807564163616,0.9365061999997124
5513,1.0,0.8620404763224344,0.045910537472088585,False,baseline_readiness|social_support,0.00033968803113815227,baseline_readiness,True,0.8609279715497382,0.09241930237777088,True,0.0995,0.0745,0.8960242106609192,0.04593711305061066,False,0.6376571142198562,0.24149781299539608,True,0.9111436581265782,0.09020301790766953,True,baseline_readiness|social_support,0.8621453276124694,0.054033058943791186,0.9645620000083
5514,1.0,1.0536940036202376,0.045626092338056756,True,baseline_readiness|social_support,0.0001327491778839729,baseline_readiness,True,1.005583518687668,0.06998299599191417,True,0.102,0.0705,1.009669342600994,0.0456546421567791,True,0.8154801576474402,0.3063351413953699,True,1.009400460814193,0.08753927432533294,True,social_support|baseline_readiness,1.0546199385250985,0.054244894509737976,0.9292218000628054
5515,1.0,0.9391257941852437,0.046042238570556934,True,social_support|baseline_readiness,0.0009121011361150622,social_support,True,0.9662141918907983,0.05481885732230294,True,0.11,0.096,0.987035326412518,0.046065735586807356,True,1.0002396435703735,0.27096720349176545,True,0.9795220771527741,0.09222598020697612,True,baseline_readiness|social_support,0.9369801430347677,0.05201847692683932,0.9439300999511033
5516,1.0,1.0161509884418605,0.044149247183176366,True,,0.000246074428244647,social_support,True,1.0351504819257291,0.05941991320962369,True,0.0955,0.0975,1.0288907259136677,0.04526627758914538,True,1.0695702689812088,0.2368531332105991,True,1.0330592145989854,0.08749437314050773,True,social_support|baseline_readiness,1.0161509884418856,0.05351388634063135,0.8957468000007793
5517,1.0,1.0266603752495271,0.043876223511950536,True,social_support,-0.0005152893865751906,social_support,True,1.0104376434746252,0.07529413436403226,True,0.102,0.1035,1.0590283890897805,0.046227709966688395,True,1.1270724251423239,0.2816873652596878,True,1.072199768409932,0.08528110581089317,True,social_support|baseline_readiness,1.0265878667665,0.05317475362210626,0.9280069000087678
5518,1.0,0.8802424742816646,0.04399386140618399,False,social_support,-0.0016276801749057768,social_support,True,0.9226861352993848,0.06334729606102911,True,0.1125,0.0895,0.9294030449191115,0.04607988463988533,True,1.2439481700252002,0.1670923273263071,True,0.9310260700572616,0.08920166659817773,True,social_support|baseline_readiness,0.8803824526336209,0.054934377168752616,0.9356805999996141
5519,1.0,1.0130411340301524,0.04392300295069323,True,,0.0003385511765738869,social_support,True,0.9761909397698816,0.06900700942711835,True,0.1015,0.081,1.0532374642483218,0.045561502171730925,True,0.8893810320517428,0.2690921150108694,True,1.0620775958152242,0.08879007768807154,True,baseline_readiness|social_support,1.0130411340301588,0.052020236773470244,0.9322659999597818
5520,1.0,0.9754081995781199,0.04484578040136872,True,,0.0004681663188339513,social_support,True,0.9512601252535144,0.05514684224984816,True,0.101,0.094,0.9430452545773212,0.04677614229021919,True,1.1138703837160653,0.1766054232655112,True,0.9473152203865746,0.08898410909584276,True,social_support|baseline_readiness,0.9754081995781353,0.05431686398004269,0.9296000999165699
5521,1.0,0.9514956455465846,0.04449560570312904,True,social_support,-0.000357855260427975,social_support,True,0.8840746711883753,0.06114987140433477,True,0.118,0.106,0.9983781859700235,0.048923250257304075,True,0.8395927790346782,0.2474260304489682,True,0.9659725055307777,0.09489458049222202,True,social_support|baseline_readiness,0.9514450242907054,0.05408386342596054,0.9318100999807939
5522,1.0,1.0680429636294775,0.04598528540002052,True,social_support|baseline_readiness,0.00023046683507921273,social_support,True,1.0496126711432432,0.061126797363905375,True,0.1165,0.1175,1.0267266950998883,0.04598680446539018,True,1.422295954784613,0.18780725306498958,False,1.0181654065160768,0.09348593902669976,True,social_support|baseline_readiness,1.0658462440379814,0.054176699933948816,0.9711553999222815
5523,1.0,0.9345905254076033,0.04588392507820608,True,,0.00034935543758329857,social_support,True,0.9239393189911754,0.05592593196062041,True,0.0915,0.081,0.9314274535367962,0.047603337216601434,True,1.1584575098511845,0.17140710660965316,True,0.9426302086067371,0.09024783813693002,True,baseline_readiness|social_support,0.9345905254076318,0.055081442477832865,0.9308154999744147
5524,1.0,0.9503701723795572,0.04441603732372158,True,,0.00015811162024181868,social_support,True,0.9096822845609595,0.05470850096512642,True,0.0825,0.1145,0.9725187928872743,0.048108438099828274,True,1.331586467624057,0.23276671458801854,True,0.9678278797916168,0.09454325571848285,True,social_support|baseline_readiness,0.9503701723795778,0.05289972016513871,0.9175859000533819
5525,1.0,1.0049866485344081,0.04589613308265283,True,social_support|baseline_readiness,0.00021750810483567307,social_support,True,1.0041738594249465,0.05802081331725339,True,0.0815,0.0905,1.0381095192025307,0.04591960085408554,True,1.274665712882148,0.1662684255998905,True,1.0369034999827214,0.09380474759521336,True,baseline_readiness|social_support,1.0096612316656752,0.053169644209338174,0.886297499993816
5526,1.0,1.0398888031767128,0.04477824803684012,True,,0.001869032824855843,social_support,True,1.0308196399855059,0.05609107925340307,True,0.0825,0.081,1.0273866746485065,0.04642519121606934,True,1.1255317158565106,0.20390428106141234,True,1.0123593226937053,0.092553272049143,True,baseline_readiness|social_support,1.039888803176726,0.05328532574641982,0.9745181000325829
5527,1.0,0.8823445598885588,0.05926695222330672,False,queue_lottery_draw|social_support,-0.0007691666785927254,queue_lottery_draw,True,0.8843870989605234,0.06178578439741064,True,0.1325,0.106,0.9988648749591674,0.046221712028453245,True,1.0292644945572689,0.29453268026740925,True,1.0144040343941314,0.08876990008777318,True,social_support|baseline_readiness,0.986421951100529,0.05585779815559862,0.9106224999995902
5528,1.0,0.971906222946033,0.04432410103529133,True,,0.007072779335415724,social_support,True,0.9547255847873448,0.06705088427570403,True,0.0995,0.1105,0.9588298296457555,0.04706296014477648,True,0.8054866927256129,0.2562149088550314,True,0.9637923880490542,0.09278421723903559,True,baseline_readiness|social_support,0.9719062229460257,0.05495233444983855,0.9621010000118986
5529,1.0,1.0156219595790361,0.04368296919416979,True,,5.538419761208502e-05,social_support,True,1.0155692195066237,0.0641599569234986,True,0.1095,0.1085,0.9926221435658846,0.045199188513211086,True,1.0451142223806205,0.2625318997899158,True,0.9934796329701615,0.0859477205302655,True,social_support|baseline_readiness,1.015621959579051,0.05273085616341929,0.9251813000300899
5530,1.0,0.973783744544345,0.04602262468350592,True,,3.8560601899995106e-05,social_support,True,0.9554007279102367,0.05954932147094566,True,0.116,0.107,1.0191682251307164,0.04752053577902166,True,0.998194712445077,0.2974239573188787,True,1.0455992940883156,0.08653377130970925,True,social_support|baseline_readiness,0.9737837445443442,0.05468443594452338,0.9427361999405548
5531,1.0,0.9689045854772891,0.0445927623057074,True,,0.001984808098785429,social_support,True,0.9376576154103294,0.05665382906906869,True,0.111,0.11,0.946643256907456,0.04623357827993041,True,0.9958203030445405,0.32927872818415044,True,0.9499050100173477,0.09248076908756185,True,baseline_readiness|social_support,0.9689045854773024,0.0546920214079454,0.9363278999226168
5532,1.0,1.031175574859637,0.04422257305059759,True,,0.0011815161073984726,social_support,True,1.083205033066798,0.06447401795427354,True,0.109,0.1085,1.0388789829099234,0.04677974061878487,True,1.1855340889660695,0.2010568964597895,True,1.0280973839269067,0.09390971716640543,True,social_support|baseline_readiness,1.0311755748596556,0.05363053415962347,0.9438250000821427
5533,1.0,1.055278413547662,0.04450118040095185,True,,0.002358359727767656,social_support,True,1.0916128484519596,0.05761189550176059,True,0.099,0.089,1.015950454990025,0.047373765290028964,True,1.562668840661101,0.16584276843998888,False,1.020053155271175,0.09172002997787239,True,baseline_readiness|social_support,1.0552784135476578,0.052707110281111885,0.9670694000087678
5534,1.0,1.1391898031968657,0.05443956208840987,False,queue_lottery_draw,-0.009480712237550648,queue_lottery_draw,True,1.1609381619373254,0.061792467031059034,False,0.115,0.133,1.0836089036616838,0.04769584424116398,True,1.3016288788812451,0.23227237906991602,True,1.0764840617459097,0.08958231681606278,True,social_support|baseline_readiness,1.0531543692217928,0.05526085712241277,0.9464004000183195
5535,1.0,1.0665008292157734,0.04482303060883886,True,,0.006269533537186511,baseline_readiness,True,1.016332311536109,0.055804989580221266,True,0.0855,0.075,1.045155756861383,0.04608455554328726,True,1.2823497699135686,0.16448685195387625,True,1.0390521047322467,0.09056980659067371,True,social_support|baseline_readiness,1.0665008292157805,0.05328930813236784,0.8391864000586793
5536,1.0,0.9298743108811386,0.04440900776109972,True,social_support,-5.314193987171478e-05,social_support,True,0.959523611409859,0.05473087823180416,True,0.1095,0.1065,0.9699255230478999,0.04683488727192015,True,1.0887350606952317,0.21770760494810354,True,0.96577217347626,0.08874155833420445,True,social_support|baseline_readiness,0.9298633401246115,0.0533931430963643,0.9431248999899253
5537,1.0,1.0111759163456084,0.04511301851224044,True,social_support,-1.8839400810932716e-05,social_support,True,1.0564865202767668,0.06260444888644613,True,0.097,0.084,0.9958413015894085,0.04689915857328321,True,0.9663667573986375,0.27792313437931687,True,1.0044672797236327,0.0936341966408186,True,social_support|baseline_readiness,1.0111655641163473,0.053566230046182654,0.9268651000456885
5538,1.0,1.1016153698237108,0.04618080803017772,False,social_support|baseline_readiness,0.00047563537512562704,social_support,True,1.0594657896280233,0.05585068723386948,True,0.0955,0.0875,1.0628518598392895,0.04620705351738976,True,1.3978603687469047,0.20216238954484186,False,1.065599451485089,0.09100498404882139,True,social_support|baseline_readiness,1.1060615269078566,0.05372088585214291,0.9194249999709427
5539,1.0,1.0486607205179603,0.045400875397459274,True,,0.0007868030827795636,social_support,True,1.0102484039888717,0.06785281975326812,True,0.1,0.0965,1.0358944195875552,0.047150443008429514,True,1.2735339065280162,0.2327430231768256,True,1.0298702905890484,0.0927140835370471,True,baseline_readiness|social_support,1.0486607205179705,0.05597124728309939,0.8754368999507278
5540,1.0,0.9727663305525597,0.043673476575117165,True,,0.0015844737246375473,social_support,True,0.9686253132760232,0.05509404618233204,True,0.12,0.1075,0.9421493213020187,0.046227469303528,True,1.539491382274697,0.15808994118436762,False,0.9502527038988478,0.09034802259322723,True,baseline_readiness|social_support,0.9727663305525672,0.05372705788838868,0.9370824000798166
5541,1.0,0.9951439155461814,0.0445928302969969,True,baseline_readiness|social_support,-0.003528757282739825,baseline_readiness,True,1.01327342179609,0.049303778603746504,True,0.0955,0.1205,0.9887120076157271,0.044595284922530815,True,1.4258749206653194,0.22437080368674392,True,0.997631880982087,0.0867351041391984,True,baseline_readiness|social_support,0.9961925233749932,0.05170520190260634,0.9048845999641344
5542,1.0,1.0036496305664342,0.04444843243345965,True,,7.560933099881595e-05,social_support,True,1.007336182964138,0.05252760268848859,True,0.106,0.078,1.0078044994578685,0.04651411194733264,True,1.4148825153070723,0.166652608825232,False,1.1834459502015449,0.10716997709595333,True,social_support|baseline_readiness|queue_lottery_draw,1.0036496305664375,0.053024104807095254,0.9522896000416949
5543,1.0,1.0632701521497743,0.04420383558348101,True,,7.435654075038656e-05,social_support,True,1.0756551481572496,0.06307125948018771,True,0.099,0.092,1.0589484711397739,0.047062353795680106,True,1.4328273122349648,0.16587773361185026,False,1.0613913278544336,0.08900957873327667,True,social_support|baseline_readiness,1.0632701521497776,0.05423987821357978,0.9301390000618994
5544,1.0,0.961577593181709,0.04457246621046019,True,social_support|baseline_readiness,0.0002607174869533324,social_support,True,0.9431685515975462,0.05546744898403776,True,0.09,0.083,0.9266856305960861,0.044550893990597064,True,1.1252869411671138,0.16230131812276682,True,0.9881011336827209,0.11034185171144292,True,baseline_readiness|queue_lottery_draw|social_support,0.960678637899674,0.05295009195425252,0.9357515000738204
5545,1.0,0.9210192568112272,0.04691215005847878,True,,0.014543433061674271,queue_lottery_draw,True,0.932333319779676,0.06075618283366726,True,0.1025,0.1025,0.9535163986812359,0.04882519541356461,True,1.3426545858801207,0.14888590235974575,False,0.9670376919049284,0.08967990751873589,True,baseline_readiness|social_support,0.9210192568112433,0.056144927637861164,0.9007674999302253
5546,1.0,0.9817256184139624,0.044848668660126365,True,,6.261299060028591e-05,social_support,True,0.9920878214475063,0.05722869269463424,True,0.07,0.09,1.0225177217367942,0.046434202160286056,True,0.7867644696526553,0.2827325905608346,True,0.9994937522955886,0.09518889406544982,True,social_support|baseline_readiness,0.9817256184139805,0.052591225479630674,0.9235844999784604
5547,1.0,1.0100123293719463,0.04616293523495941,True,social_support|baseline_readiness,0.00014377312425484234,social_support,True,1.0424697631900726,0.061788623389185074,True,0.0995,0.092,0.9917772834734221,0.046162181041163985,True,1.637610590375461,0.1431609522883608,False,1.3195673131325474,0.10814347041464227,False,social_support|baseline_readiness|queue_lottery_draw,1.0127472009399427,0.05419682199496946,0.9246318000368774
5548,1.0,1.0322782660037089,0.04438332052661766,True,,0.007455344928672503,baseline_readiness,True,1.0042294698673189,0.057177780629665984,True,0.105,0.0935,1.0767602333063293,0.046355338067995584,True,1.4046889450875428,0.15706823082719854,False,1.0875794632151716,0.08574075852906328,True,social_support|baseline_readiness,1.032278266003727,0.05369951041023729,0.8773524999851361
5549,1.0,1.0150449770798349,0.04468930486088849,True,social_support,-0.00029950928618660555,social_support,True,1.039813239956732,0.07832558479757125,True,0.1195,0.1015,0.9698835788717969,0.04719042606627654,True,0.8941484748903777,0.22794391207450349,True,0.9595063908655844,0.09089209387964053,True,baseline_readiness|social_support,1.0150555972411603,0.055962630937217976,0.9330704000312835
5550,1.0,1.0630329906630822,0.04493814079089558,True,,0.00013662234958200514,social_support,True,1.046676717556183,0.058745965800430414,True,0.089,0.0955,1.0323991281916682,0.04730852038744745,True,1.0164497058288993,0.2265816730571691,True,1.042632012592812,0.09050939721459947,True,baseline_readiness|social_support,1.0630329906630651,0.053402973785011874,0.9458217000355944
5551,1.0,1.0951841926619266,0.045151789526225866,False,,0.0005527197222399138,baseline_readiness,True,1.1014056204971785,0.06369224457312797,True,0.086,0.1095,1.0695105460421435,0.04635724718657426,True,1.077101654901508,0.2505210848945574,True,1.073715660534832,0.09293306859728702,True,social_support|baseline_readiness,1.0951841926619441,0.05386541479915253,0.8480160000035539
5552,1.0,1.0578597365167364,0.04430273129188212,True,,0.0006234052070963614,social_support,True,1.0656449867902837,0.05564903464683066,True,0.1005,0.104,1.021739740077361,0.04557187769808025,True,1.3906688259296485,0.19884298841225848,False,1.0163937510013947,0.08864217111462588,True,baseline_readiness|social_support,1.0578597365167535,0.05383111896273138,0.8795820000814274
5553,1.0,1.0226046491466834,0.04573647175673259,True,social_support|baseline_readiness,0.00037400332440729045,social_support,True,0.9546549744676681,0.05347893312530868,True,0.09,0.081,1.0610712311388875,0.04580680029563092,True,0.8691294219847229,0.2829765833131914,True,1.0568609331986867,0.09099615392489324,True,baseline_readiness|social_support,1.0211836685645133,0.05171876481356614,0.9226048999698833
5554,1.0,1.023312328170382,0.0441798781824822,True,social_support,-0.00010184846259875258,social_support,True,0.936871878690252,0.0618718515620133,True,0.092,0.089,1.0038004607999669,0.04582214133753924,True,1.1024845692513068,0.19451502767793935,True,1.0152755280528418,0.08783266862920627,True,social_support|baseline_readiness,1.0232741240142833,0.052473121589773845,0.9343592999503016
5555,1.0,0.9465891116798159,0.04793508558520027,True,social_support|baseline_readiness,0.0007341795955646546,social_support,True,0.8913524800878432,0.06399147959374614,True,0.108,0.1215,0.94982566155534,0.04793666227539185,True,1.2312386063502956,0.20591264820248267,True,0.9550803582675355,0.09388447812155151,True,baseline_readiness|social_support,0.9477989629074961,0.05558263994816526,0.9066004999913275
5556,1.0,1.0169201956036038,0.045174281970426965,True,,0.0117970788669437,social_support,True,1.0194488910546324,0.06707770097244074,True,0.1055,0.105,1.053851806196243,0.04645231510368961,True,1.2162566268824624,0.17176626475155424,True,1.0653012223043057,0.08915733878453345,True,social_support|baseline_readiness,1.0169201956036111,0.055731976606449206,0.9201227999292314
5557,1.0,1.072199266018435,0.045938318128684756,True,social_support|baseline_readiness,0.00010678775545525099,social_support,True,1.0503842193462547,0.06509264796318207,True,0.109,0.1155,1.0614111409759739,0.04594628660574332,True,1.0626049561379212,0.2681494893094485,True,1.0794889177914158,0.08823806091149038,True,social_support|baseline_readiness,1.0682882332588948,0.054098099348432786,0.8864843000192195
5558,1.0,0.8561100134568123,0.04447183304021037,False,social_support,-0.0001783108363548891,social_support,True,0.8534726031359385,0.07407249522447883,False,0.0985,0.113,0.8562819941668932,0.0473067395614,False,0.87970704568814,0.2675225665583873,True,0.8439459486124709,0.09532113722591777,True,baseline_readiness|social_support,0.8561057151013498,0.05408977630183657,0.9302680999971926
5559,1.0,0.9412048950450919,0.04544668014806096,True,,0.0016856738581267905,social_support,True,0.9672934727706939,0.065898671673035,True,0.074,0.074,0.9572050328729915,0.046496901157651684,True,0.8978461591518212,0.2850776335642059,True,0.9627829656558075,0.09023374444971304,True,baseline_readiness|social_support,0.9412048950451027,0.054119045841943055,0.9289910999359563
5560,1.0,0.9242990012948191,0.04499957395599547,True,,0.00041237798543747317,social_support,True,0.9195183402676284,0.06164197847547421,True,0.0935,0.1085,0.9930500718654008,0.04748099654291562,True,1.4139043579604553,0.16499699973695214,False,0.9896617212782586,0.09542477792518234,True,social_support|baseline_readiness,0.9242990012948316,0.05510375412561141,0.9286590999690816
5561,1.0,0.9949820425720788,0.04419972801020128,True,,0.015342409420491698,social_support,True,0.9700265290970679,0.06174079392917109,True,0.087,0.093,1.0280118176993207,0.04699678211747233,True,1.2493118276563822,0.16627634279264517,True,1.0260274694138765,0.09198561218128051,True,social_support|baseline_readiness,0.9949820425720971,0.05440197358091317,0.9581116000190377
5562,1.0,1.0965740983203633,0.04444636758834617,False,social_support,-8.676718548894513e-05,social_support,True,1.0900294686468188,0.06713736946172467,True,0.1205,0.1015,1.0509760311242435,0.0475267174092472,True,1.017047474160035,0.3075404861214037,True,1.0641940333575333,0.09103792862863296,True,baseline_readiness|social_support,1.0965795178783533,0.05432014458480404,0.9492490000557154
5563,1.0,1.096582113695873,0.043689197367067514,False,,2.678163132419087e-05,social_support,True,1.049873233927003,0.06810759804549514,True,0.1095,0.1115,1.0684402114401428,0.04591844053318975,True,1.1338076707792069,0.23695067735106976,True,1.0689486823727066,0.09267397895683722,True,baseline_readiness|social_support,1.0965821136958724,0.053787758904470816,0.9971807999536395
5564,1.0,0.9759182035012925,0.04611147100579006,True,,0.00349973370189538,social_support,True,0.946060300783415,0.06707069275429182,True,0.1095,0.0935,0.9733152104383905,0.04724824897139661,True,1.0672002170201291,0.20282871976835481,True,0.9820381873623149,0.0870623153894316,True,social_support|baseline_readiness,0.9759182035012995,0.05728062965546399,0.8628261999692768
5565,1.0,1.0154936888929864,0.044462385541417154,True,social_support,-8.49465271510752e-05,social_support,True,1.0212933722686677,0.06433991152966428,True,0.09,0.1025,1.0172889148279183,0.04573754276229239,True,1.1200799585001076,0.26884445186172556,True,1.014261454727822,0.09086234119465555,True,social_support|baseline_readiness,1.015474632015653,0.05411794522028053,0.9671874999767169
5566,1.0,0.9982288762359123,0.04413038813032545,True,,0.0023892370212976743,social_support,True,1.0107996869655589,0.061837971323287715,True,0.0785,0.077,0.9596214557648564,0.04568793185365232,True,1.0299534135242845,0.21248512340245668,True,0.9715500357759215,0.08851995365981795,True,social_support|baseline_readiness,0.9982288762359203,0.05249389570182064,0.9055447999853641
5567,1.0,1.0532626930405862,0.04698405413156587,True,social_support|baseline_readiness,-0.0001260955626838367,social_support,True,1.0622367745770458,0.06632486891032546,True,0.099,0.107,1.0375236562576426,0.04696455673955052,True,1.1494633407236143,0.22193596101988786,True,1.039298453989197,0.09047206168439431,True,baseline_readiness|social_support,1.054929584871656,0.053792806603513266,0.9505903000244871
5568,1.0,1.0210467522154287,0.0435687536955743,True,social_support,-0.00018647219988920938,social_support,True,0.9722687645283055,0.07331197244766811,True,0.1005,0.0885,0.9858488289522896,0.04548402583775918,True,1.2905665962618778,0.23264858126640928,True,1.2139264617858379,0.11266937684912452,True,baseline_readiness|social_support|queue_lottery_draw,1.020983985321803,0.052560517046510394,0.9575865000952035
5569,1.0,1.0179777646109451,0.04622466036649808,True,,0.0005728857408939803,social_support,True,1.0910678208437858,0.06118458478404558,True,0.079,0.0955,1.0331900677932604,0.047664698590068576,True,1.3206209225644465,0.1590643298706523,False,1.1262775131953864,0.11080807882021572,True,social_support|baseline_readiness|queue_lottery_draw,1.017977764610964,0.05605797931849408,0.9170260999817401
5570,1.0,0.869453872977151,0.0457670928342554,False,social_support,-0.0010197281489343624,social_support,True,0.8046504035540268,0.06051700413410785,False,0.086,0.0985,0.8670001392028112,0.046855912591830466,False,1.0724862736092349,0.1567156971817199,True,0.8786726431795316,0.08743821755064186,True,baseline_readiness|social_support,0.8694319323194465,0.055094500856676325,0.936399900005199
5571,1.0,0.9746978003256155,0.04481372777816141,True,,0.00020964720449256902,social_support,True,0.9790407585767212,0.0724860136749885,True,0.0915,0.0955,1.0099261957722008,0.047001499117121835,True,1.0354461845374796,0.1921360714273432,True,1.0170264345963131,0.08759950752398842,True,social_support|baseline_readiness,0.9746978003256465,0.05516876531567116,0.9413076000055298
5572,1.0,0.9343612229455694,0.04471354039251326,True,,0.00014891282453799448,social_support,True,0.9236857859537873,0.05835088578295421,True,0.072,0.09,0.9222351349000614,0.04749829007053322,True,0.972423893604257,0.18692157874547444,True,0.9223942920770914,0.11767018134841349,True,social_support|baseline_readiness|queue_lottery_draw,0.9343612229455798,0.05317893745760547,0.8847241000039503
5573,1.0,0.9856283804462223,0.04439145290697761,True,social_support,-0.00021973669780273042,social_support,True,0.9969759007187211,0.07242143596454503,True,0.099,0.101,1.0221035998811063,0.04721953744848926,True,0.9423776722588891,0.22931100154262743,True,1.029814547178529,0.08713403677151176,True,social_support|baseline_readiness,0.9859559398103077,0.05556448920866281,0.9189249000046402
5574,1.0,0.9717688899383637,0.04502947794413837,True,,0.0003218327286029776,social_support,True,1.0095795776779037,0.07258087814133356,True,0.1205,0.1015,0.9912876799166263,0.04696575880359856,True,1.0409762140664445,0.2588411709969361,True,0.988919505408509,0.09200376753173059,True,baseline_readiness,0.9717688899383689,0.054100273370212684,0.9328808999853209
5575,1.0,0.9920575455140249,0.045612398054809586,True,,0.00040928714155086254,social_support,True,0.9814489161618808,0.058697023052287814,True,0.0725,0.0935,0.9727945635955424,0.0469628962304621,True,1.1850600140423926,0.15331601932346445,True,1.095018857349519,0.114675868213569,True,social_support|baseline_readiness|queue_lottery_draw,0.9920575455140407,0.053890699186800985,0.8903225000249222
5576,1.0,0.9202358990561657,0.04459725514482787,True,social_support,-0.00019131705552943856,social_support,True,1.02059309595526,0.053911564279176656,True,0.0985,0.1075,0.9403898487861596,0.04639705946907037,True,1.4915714992758102,0.15693790909489944,False,0.9571891579644466,0.08840753626834094,True,baseline_readiness,0.9202370604397173,0.053993620137813995,0.8986711000325158
5577,1.0,0.9652466961277564,0.045667104112138944,True,social_support|baseline_readiness,-0.00011581928598491942,social_support,True,0.9131610927249909,0.06808193775276082,True,0.115,0.1035,0.9498762454309791,0.0456722771840693,True,1.0269948735109184,0.22516011831331106,True,0.9522864643867027,0.08888973291274037,True,social_support|baseline_readiness,0.9640791658246878,0.05487527976714639,0.9357698999810964
5578,1.0,1.087736046750046,0.045468040933313324,True,,0.0026909524190230627,social_support,True,1.0965744786156468,0.05950742675013676,True,0.092,0.085,1.104964286607181,0.04749545016161447,False,1.4549481387663525,0.16043475527991805,False,1.099887317641977,0.08901680023691709,True,social_support|baseline_readiness,1.087736046750055,0.05552361113471505,0.9244126999983564
5579,1.0,1.039334368332001,0.044495065612333184,True,,0.00036062842143724794,social_support,True,1.0824542887284272,0.06152889644291983,True,0.093,0.0705,1.013343026419927,0.04600426079021786,True,1.3712538944886408,0.1721063631045048,False,1.0058227677617646,0.09433697442328162,True,social_support|baseline_readiness,1.0393343683320138,0.05371408500442668,0.8846006999956444
5580,1.0,0.9823524599024052,0.04406046187694349,True,,0.000755392959431056,social_support,True,0.9869069613458636,0.06599995260880213,True,0.102,0.1125,0.979634989428448,0.04527618704579252,True,1.0267691047691152,0.1945093094456453,True,0.9655907194770124,0.09388765071110056,True,baseline_readiness|social_support,0.9823524599024235,0.05397066065173318,0.9286777999950573
5581,1.0,0.998022333641959,0.045224266245959724,True,,0.0062646507593520084,social_support,True,1.0364181692348156,0.0593437032913834,True,0.0865,0.111,1.0055260662018506,0.04764347802350746,True,1.1548103201393944,0.19133599548163796,True,0.9960530902772303,0.09225462206041574,True,social_support|baseline_readiness,0.9980223336419816,0.054203865157348194,0.8748540000524372
5582,1.0,1.0439187205059355,0.047201040900396084,True,social_support|baseline_readiness,-0.0005317320086231092,social_support,True,0.9954365281263629,0.06207968042150816,True,0.097,0.103,1.0213945612918522,0.04719606372946379,True,1.3292698568626016,0.20224743286591387,True,1.0192195152950578,0.09081459459833255,True,baseline_readiness|social_support,1.035089464651421,0.05347393999772538,0.8894932999974117
5583,1.0,1.0512356966757181,0.046121796508519525,True,,0.00040676332218048117,social_support,True,1.113541752052557,0.05906713793306133,True,0.083,0.094,1.031155281910193,0.04849596924048608,True,1.1368112486940167,0.2243792229486546,True,1.0340297593819048,0.0924482358749552,True,social_support|baseline_readiness,1.0512356966757388,0.05423168464834755,0.9093105000210926
5584,1.0,1.022087493273197,0.045338610096643014,True,social_support,-0.00014087915012162,social_support,True,0.9927722652311283,0.0641475562121874,True,0.1015,0.086,0.9923254741089613,0.047008340697139626,True,1.1381680510983019,0.22894696429150854,True,1.0133043127506143,0.09224452276895224,True,baseline_readiness|social_support,1.0221662006271373,0.055516255797773306,0.9491707999259233
5585,1.0,0.9421700589725319,0.0443930971175174,True,social_support,-2.9881825495792214e-05,social_support,True,0.9440300197220867,0.07146737106658192,True,0.0895,0.0945,0.9789206574474754,0.04613528058516371,True,0.780882850493815,0.24422117055008155,True,0.9816386420045363,0.09051554915869722,True,social_support|baseline_readiness,0.9421708708447254,0.053445891713501475,0.9393593999557197
5586,1.0,0.9819464133980197,0.045195729065493837,True,,0.004203135651560608,social_support,True,1.009600770243181,0.06332715641818715,True,0.1075,0.1135,0.9913609744548983,0.048418472572611865,True,1.313079716892762,0.16916390541468035,True,0.9829213521613984,0.09141306401330164,True,social_support|baseline_readiness,0.9819464133980292,0.05566420150042953,0.9158935999730602
5587,1.0,1.046263515893623,0.04414744317864014,True,,0.0005814564361656949,social_support,True,1.0820935114092245,0.05718748992204703,True,0.1365,0.0905,1.0580871812333668,0.046044766929366696,True,1.2708319005292903,0.18228086602766588,True,1.0701164421478546,0.09048391934434336,True,social_support|baseline_readiness,1.046263515893628,0.053513530605521734,0.9055930000031367
5588,1.0,1.0672028968393301,0.047421854088117256,True,social_support|baseline_readiness,0.0020567169234722016,social_support,True,1.0926901115833954,0.0626140981436211,True,0.1105,0.093,1.1292881315330239,0.04746294410208637,False,1.1457266703009084,0.2913181817944235,True,1.1316521133857325,0.08976121190955813,True,baseline_readiness|social_support,1.059619157728581,0.054873853673364774,0.8937638999195769
5589,1.0,1.081547088095672,0.04610886502951122,True,social_support|baseline_readiness,-4.574728695327934e-05,social_support,True,1.127888198825146,0.08078619666991442,True,0.089,0.0995,1.0745077107538012,0.04611280301028896,True,1.348082856536593,0.18860232543732922,True,1.0850711620187583,0.08811625737967081,True,social_support|baseline_readiness,1.080932510784916,0.05582095297595243,0.9020128999836743
5590,1.0,0.9886754536611082,0.044752118499479895,True,,0.00019705181802809335,social_support,True,1.0113743111104958,0.0652921031999669,True,0.075,0.098,1.0294889543943997,0.047221558818006354,True,1.4451146697139057,0.15216402390904965,False,1.0227910701522522,0.09225378619398608,True,baseline_readiness|social_support,0.9886754536611213,0.05453462452378938,0.9176837999839336
5591,1.0,1.0007301609972354,0.04449686097569456,True,,0.001674547134952853,social_support,True,0.9672414331610544,0.06561919913017944,True,0.128,0.0995,1.0514662110864617,0.04648696492159295,True,1.115511526454481,0.22094295022708346,True,1.0598973735979627,0.08713136901651568,True,social_support|baseline_readiness,1.0007301609972237,0.05560005365847781,0.9020762000000104
5592,1.0,1.0444217681568182,0.0442072791628388,True,social_support,-0.001309270478238922,social_support,True,0.9961880623299603,0.06337990340594934,True,0.1195,0.105,1.0384132351342978,0.04715677739520883,True,1.1547398504120239,0.2284898434393836,True,1.02671975909093,0.09234878443080866,True,social_support|baseline_readiness,1.044418874318912,0.05391250903279652,0.8989472000394017
5593,1.0,1.057230338733888,0.04604385423024609,True,,0.0010253074011128405,social_support,True,0.9297020379320161,0.06488516190637078,True,0.0855,0.107,1.0261413378407513,0.0481837712562074,True,1.187274546500787,0.20085727712257995,True,1.022199650527293,0.09189132867168699,True,social_support|baseline_readiness,1.0572303387338993,0.055680021675943894,0.8615820000413805
5594,1.0,1.002708015567133,0.04679071512063133,True,social_support|baseline_readiness,0.0003383629725073334,social_support,True,0.9773838944244905,0.061356389462078116,True,0.096,0.1,1.0193238085545044,0.04678649048474752,True,0.9935375901225246,0.2524940796494306,True,1.0142111893394687,0.09208801058213988,True,baseline_readiness|social_support,1.0032271525485628,0.05444678993502954,0.8457577000372112
5595,1.0,1.0122354218122362,0.04522789113148634,True,,0.00012608889688081604,social_support,True,0.9707939770006551,0.05745350366505675,True,0.097,0.0925,0.9992433663004836,0.046998401598149636,True,1.1202872515810542,0.21064526948169449,True,1.0059525731055707,0.09211885686332826,True,baseline_readiness|social_support,1.0122354218122507,0.05340974881344254,0.8851266000419855
5596,1.0,0.9587138435104678,0.04503150867643062,True,,0.0003264318968412283,social_support,True,0.8968190517703616,0.061657689067391566,True,0.126,0.115,0.9540183026881263,0.04739157394896953,True,0.9491466908128712,0.2264745663827175,True,0.9446760629330713,0.09329478555443818,True,baseline_readiness|social_support,0.9587138435104803,0.0557332177993215,0.7990693000610918
5597,1.0,0.9102028112297781,0.04578014073757518,False,social_support,-0.00039529349248024204,social_support,True,0.8687524262185733,0.06511938900036357,False,0.0915,0.106,0.9564096424192973,0.047115549311267144,True,0.9443775930420922,0.1956007085246827,True,0.9528039533678879,0.09162463722932077,True,baseline_readiness|social_support,0.910224271525024,0.05673227067380257,0.8254809000063688
5598,1.0,0.9451327205499748,0.04469658964920972,True,,0.00044373717327594875,social_support,True,1.0042620520289036,0.058684940114546474,True,0.094,0.103,0.9531580861105872,0.04698492127829344,True,1.1577354137272637,0.19430485322484828,True,0.9441866102136034,0.09158327506249395,True,baseline_readiness|social_support,0.9451327205499831,0.05477661841738804,0.8023114000679925
5599,1.0,1.0964034016281157,0.04444714017054423,False,,0.00260415889141008,social_support,True,1.0547254963681718,0.06214976588331237,True,0.08,0.0635,1.0843639017421758,0.046253871461568515,True,0.921251062958685,0.23057016519963108,True,1.0865335848720499,0.08877801476316807,True,social_support|baseline_readiness,1.0964034016281312,0.053345052815483386,0.7631079000420868
