seed,truth,c_psi,c_pse,c_sel,c_path,c_gap10,c_cvrisk,c_train_rises,p_psi,p_se,wp_psi,wp_se,wc_psi,wc_pse,wc_sel,ols,hc0,plain_auc,p_below,p_above,c_below,c_above,c_ess_t
0,1.0,0.9858484494075116,0.04418562125625897,W3,;W3;W3|W1;W3|W1|W2,-0.002517090494026597,7.190344;7.187827;7.193012;7.252764,True,1.0328209136774034,0.06059625362717257,1.12317320982251,0.19362715984977935,0.9538753807047958,0.09079007762436042,W1|W3,0.9858444882788876,0.054738163622734225,0.832185958694513,0.096,0.0895,0.0,0.0,0.9999293498420163
1,1.0,1.0642258226926922,0.04476291022746125,,;W3;W3|W1;W3|W1|W2,0.0007811385240925617,7.436535;7.437316;7.444405;7.473327,True,1.0775033538676757,0.06472953791781476,1.2758329256574041,0.21096884428091195,1.08862435409223,0.08956464503897484,W1|W3,1.0642258226926957,0.05306991765421082,0.8264938264938265,0.089,0.095,0.0,0.0,1.0000000000000007
2,1.0,1.0636822283168332,0.04621120356152967,,;W3;W3|W1;W3|W1|W2,0.0006227420523874372,8.477557;8.478180;8.479175;8.493123,True,1.1096939090901385,0.05788746634788203,1.4584373603080354,0.18747276449772118,1.3335405191922076,0.09977173047756296,W2|W1,1.063682228316845,0.05593243504538053,0.8352098259979529,0.0995,0.104,0.0,0.0,1.000000000000001
3,1.0,0.9780308486029791,0.04495617027879436,,;W3;W3|W1;W3|W1|W2,7.000642842047711e-05,5.768798;5.768868;5.769473;5.773685,True,1.059519782938561,0.060237671017920096,1.3597106796413534,0.19123493562240454,0.9530491499019236,0.09447057971896135,W1|W3,0.9780308486029955,0.05521577136650529,0.8452321227760805,0.129,0.104,0.0,0.0,1.0000000000000004
4,1.0,0.9634129075614505,0.04481241415794156,,;W3;W3|W1;W3|W1|W2,0.00027250024773017856,6.946874;6.947147;6.947321;7.022755,True,1.004821055993739,0.06963961646976814,0.9583120328540531,0.21666457244670026,0.9401848905811823,0.09075599881341724,W1|W3,0.9634129075614672,0.05241158407411015,0.8236646146940477,0.069,0.094,0.0,0.0,1.0000000000000002
5,1.0,1.0216532625827452,0.044786063402403604,W3,;W3;W3|W1;W3|W1|W2,-0.0006471150847549012,8.945681;8.945034;8.948824;8.991594,True,1.0172814814381335,0.05895676534579884,1.083032522755803,0.24104927505992907,1.0183876795540012,0.08943666318142587,W1|W3,1.0214686542257074,0.053685086347534924,0.8336538721185264,0.1115,0.087,0.0,0.0,0.9976939522532874
6,1.0,1.0036848423453602,0.04613929572455715,,;W3;W3|W1;W3|W1|W2,0.00016878431859357335,7.915440;7.915609;7.929566;7.936667,True,1.0309683806031453,0.05664196506493708,1.351424721034599,0.17811900143163653,0.9987022803927044,0.09557296745756019,W1|W3,1.0036848423453715,0.05535420383549421,0.8338003408054528,0.104,0.0925,0.0,0.0,1.0000000000000009
7,1.0,0.9482061383263743,0.04535939451294746,W3,;W3;W3|W1;W3|W1|W2,-0.00011492832620696447,7.255475;7.255360;7.259625;7.269675,True,0.9408082463013057,0.054059080652932696,1.2623476663081485,0.15048881991319696,0.9930616675044114,0.08895063368613257,W1|W3,0.9480784464412028,0.05298521941944477,0.8218195500158106,0.0885,0.079,0.0,0.0,0.9986198222756841
8,1.0,0.9072782746855353,0.04237520833045053,W3,;W3;W3|W1;W3|W1|W2,-0.00025213209335728237,7.363909;7.363656;7.367970;7.379314,True,0.9234384574658926,0.06223058146836419,1.00723936724515,0.2474524651710867,1.7244841803720647,0.08568018049527547,W3,0.9072812951715152,0.05249122613581259,0.8408486842171125,0.1255,0.095,0.0,0.0,0.9999358386994375
9,1.0,1.0204024843745938,0.043407667864385525,,;W2;W2|W3;W2|W3|W1,0.007844178890183962,5.688450;5.696294;5.730983;5.752744,True,1.0353409994164302,0.06386988516260468,1.246261973957012,0.19827330112217303,1.0253039031931672,0.08966381552087468,W3|W1,1.020402484374617,0.05402317449233546,0.8412993651974607,0.113,0.1085,0.0,0.0,0.9999999999999997
10,1.0,0.9997300766723677,0.04375160019977928,,;W3;W3|W1;W3|W1|W2,0.0008781646719810965,6.944864;6.945742;6.945566;6.962624,True,1.0069261595948644,0.05546056877048553,1.2333743686953875,0.2089279483454111,0.9777081509008082,0.08972976811159286,W3|W1,0.9997300766723832,0.053396424860229254,0.841370191562374,0.1005,0.1075,0.0,0.0,0.9999999999999997
11,1.0,1.0144599616816368,0.0438835407906782,,;W3;W3|W1;W3|W1|W2,0.0003029819566071623,5.955106;5.955409;5.960425;6.001371,True,0.9847216986372622,0.07853516004217437,0.882099430130313,0.3145331924411207,1.0075875310692906,0.0900512194654387,W1|W3,1.0144599616816439,0.05394144206865897,0.8443917567026811,0.108,0.1085,0.0,0.0,1.0
12,1.0,0.9474690903003734,0.04546190320169385,,;W3;W3|W1;W3|W1|W2,0.00022073962897461996,6.945491;6.945712;6.948909;6.992368,True,0.9129099344642798,0.07147570800505014,0.6055391171555546,0.33229680319769794,0.9756844452405515,0.08864504859578899,W3|W1,0.9474690903003827,0.05458218073541156,0.8257445405034238,0.0795,0.0965,0.0,0.0,0.9999999999999991
13,1.0,1.0779497388432049,0.04466252246484721,W3,;W3;W3|W1;W3|W1|W2,-0.00035755269257187194,6.667219;6.666861;6.666933;6.681407,True,1.0861116558151087,0.062401944609034976,0.9130562666669032,0.39917156736551845,1.067620975308684,0.08885972297548338,W1|W3,1.078126719144231,0.054934476167229795,0.8454452405322416,0.1025,0.1125,0.0,0.0,0.9991718513756496
14,1.0,0.9738304000621558,0.044852527097012956,W3,;W3;W3|W1;W3|W1|W2,-0.0003380131286512267,6.210428;6.210090;6.218432;6.242915,True,1.0254641355614744,0.06562833157817415,1.0863633784860458,0.18648190097431502,1.039192284598742,0.090309596032696,W3|W1,0.9738228217873958,0.05408070509166667,0.8345233099544407,0.085,0.1095,0.0,0.0,0.9999969923795015
15,1.0,0.9557052606632964,0.04521935040412526,,;W3;W3|W1;W3|W1|W2,0.027667252964338473,7.589282;7.616950;7.615015;7.621287,True,0.9245675083597343,0.05548876320952142,0.821262136115686,0.2972638736829779,0.9829418993113376,0.08810357984444833,W1|W3,0.955705260663308,0.05162995952433368,0.8067922039785888,0.0605,0.07,0.0,0.0,1.0000000000000009
16,1.0,1.0517508603597205,0.04427293935654194,,;W3;W3|W1;W3|W1|W2,0.0013640735324598197,5.936854;5.938218;5.939451;5.943065,True,1.0147429579026088,0.05176693068453909,1.245515297682436,0.18016902051032485,1.0744246301604494,0.08688040116731247,W3|W1,1.0517508603597334,0.05261898834092008,0.8383106198894751,0.0995,0.099,0.0,0.0,1.0000000000000002
17,1.0,0.937068146678256,0.04453861792619682,,;W3;W3|W1;W3|W1|W2,0.014132300795107078,5.241823;5.255956;5.259628;5.250976,True,0.9350390585155867,0.05323811992220676,1.199968719109984,0.14448616588285554,0.9357457874536302,0.09299126171419789,W3|W1,0.9370681466782692,0.05284306703482611,0.8321058026450662,0.095,0.084,0.0,0.0,1.0
18,1.0,0.9810712486641511,0.04514029275425354,,;W3;W3|W1;W3|W1|W2,0.000248471941490358,6.117521;6.117770;6.120157;6.136511,True,0.9781910360129297,0.055910297729024463,1.1611937593808346,0.22579550845483884,1.0160515052972043,0.09110422052576002,W1|W3,0.9810712486641615,0.05254258977827547,0.8332138332138332,0.087,0.0905,0.0,0.0,0.9999999999999994
19,1.0,0.9892766613534496,0.045703990753158834,W3,;W3;W3|W1;W3|W1|W2,-0.0002695008032338464,7.778882;7.778612;7.780281;7.824885,True,0.9648751915393621,0.08725038403618743,1.1211651201288446,0.20378970988626186,1.042242690218501,0.08992183227728831,W1|W3,0.9893838996906549,0.05766446593444784,0.8487743597745158,0.1155,0.1105,0.0,0.0,0.9987117730709253
20,1.0,0.9100283485795803,0.044188179121561394,,;W3;W3|W1;W3|W1|W2,0.009209238511167506,6.346210;6.355419;6.360358;6.361850,True,0.9030219307525756,0.057777933096188124,1.0101080635887576,0.19652472183616637,0.9656308953286388,0.08857338383246516,W1|W3,0.9100283485795967,0.05266460046302805,0.8328172817281728,0.095,0.0885,0.0,0.0,1.0
21,1.0,0.8762259821930805,0.04414215911016171,,;W3;W3|W1;W3|W1|W2,0.006433272268055568,5.979839;5.986273;5.984885;6.027186,True,0.8664868526860372,0.0798197233711394,0.6911759795645193,0.24952780810340427,0.9097316209214665,0.09333337648639865,W1|W3,0.8762259821930954,0.05382866083408066,0.8445348445348445,0.107,0.111,0.0,0.0,0.9999999999999994
22,1.0,1.057145052805158,0.04368456208564477,,;W3;W3|W1;W3|W1|W2,0.0006530512402225241,7.443399;7.444052;7.445887;7.459533,True,1.0551867918331665,0.058732322142802926,1.3246901099525403,0.18418391540022253,1.0242874515233829,0.0904855882120157,W3|W1,1.0571450528051716,0.051973924024392874,0.8264066601665042,0.0885,0.0805,0.0,0.0,1.0
23,1.0,0.9057974279638601,0.04419838371727598,,;W3;W3|W1;W3|W1|W2,0.00027526167811764424,7.404830;7.405106;7.406631;7.435093,True,0.8853709108124344,0.06548795696208168,0.9263715120896523,0.2622634413408608,0.9009187930045467,0.09342168947170207,W1|W3,0.9057974279638749,0.05505872577814172,0.8548074807480748,0.126,0.12,0.0,0.0,1.0
24,1.0,0.979318656206808,0.04495418218338684,W3,;W3;W3|W2;W3|W2|W1,-0.0017338039306666886,7.724657;7.722924;7.727423;7.724268,True,0.9801929194904228,0.05438722183737678,1.3200891289370134,0.15651303885399714,0.9934199563168226,0.0905185811625308,W1|W3,0.979507915593823,0.05322717601931051,0.8249928180981924,0.083,0.0895,0.0,0.0,0.9982082607579803
25,1.0,1.047720074050635,0.044156050956516424,W3,;W3;W3|W1;W3|W1|W2,-0.00035850578956519996,6.807266;6.806907;6.811522;6.835519,True,1.100481597479737,0.06293827926736445,1.3151188548891264,0.19596159570076338,1.0536178769651874,0.09041863466583866,W1|W3,1.0477310652565381,0.05604003803375864,0.8546591346462249,0.112,0.1405,0.0,0.0,0.9996617503522862
26,1.0,1.0192909322335848,0.04443307831375834,,;W3;W3|W1;W3|W1|W2,0.0006251408496629196,6.970425;6.971050;6.973942;7.008143,True,0.941540060866355,0.07425778406309201,1.3201631853478042,0.2494238290783538,1.0088097007851002,0.08989664176740554,W3|W1,1.0192909322335961,0.05418792106078169,0.843015955440428,0.104,0.1205,0.0,0.0,1.000000000000001
27,1.0,0.9985420999264796,0.04417005968052072,,;W3;W3|W1;W3|W1|W2,0.0017147337065930301,7.157908;7.159623;7.164945;7.170640,True,0.9763910329500737,0.054783797781520975,1.3812830235975655,0.16448906298614288,0.974229056643602,0.09652069097517185,W1|W3,0.9985420999264863,0.053080697993030695,0.8298178768344178,0.0885,0.104,0.0,0.0,1.0000000000000004
28,1.0,1.0889729419215433,0.04457820427144507,,;W3;W3|W1;W3|W1|W2,6.331745213472573e-05,5.920834;5.920897;5.921987;5.931423,True,1.0643175442307364,0.0613696910963329,1.1773603765168714,0.2352424014997707,1.0706109267791908,0.09383424449886411,W1|W3,1.0889729419215555,0.05278325145970775,0.8320430030087702,0.088,0.1005,0.0,0.0,1.0000000000000004
29,1.0,0.938898358636822,0.04378796334218534,,;W3;W3|W1;W3|W1|W2,0.00031267518246202997,6.952914;6.953226;6.956605;6.971600,True,0.9399411444505971,0.07142407347954208,0.9760489342858661,0.27776575696832967,0.9537259329812805,0.14339681552410477,W3|W1|W2,0.9388983586368294,0.05214462259283359,0.8298359691151218,0.098,0.088,0.0,0.0,1.0000000000000009
30,1.0,0.9407881898320194,0.044229569462963726,,;W3;W3|W1;W3|W1|W2,0.006783959485717972,6.302609;6.309393;6.310137;6.329071,True,0.9353438133642733,0.058347489648934034,1.143821082784164,0.17802428384660837,0.9527320937733867,0.08908531694347616,W1|W3,0.9407881898320389,0.05423218928647282,0.8364945356502816,0.11,0.0955,0.0,0.0,0.9999999999999996
31,1.0,1.0288906457696758,0.04794543288155519,W3|W1,;W3;W3|W1;W3|W1|W2,-0.00046047607892063525,5.455333;5.454872;5.454250;5.463242,True,1.0051954212606586,0.06235188254414036,1.0271081091269636,0.32233526329698753,1.081469499593426,0.08975393014704855,W3|W1,1.016694482462052,0.05560929528705215,0.8430311529379734,0.119,0.0985,0.0005,0.0005,0.8899731718920101
32,1.0,0.979632590262821,0.043959474752164135,W3,;W3;W3|W1;W3|W1|W2,-0.0001484090806949112,7.222694;7.222545;7.224267;7.235343,True,0.9326093885803782,0.060173271587570784,0.8632833834997895,0.2682020361834571,0.9550688090760981,0.09133575264298949,W1|W3,0.9796408843400967,0.05341233336009812,0.8383407183255881,0.1075,0.099,0.0,0.0,0.9999362413874977
33,1.0,1.0740311115270356,0.04362254944617828,W3,;W3;W3|W1;W3|W1|W2,-0.0002566642051533563,5.961310;5.961053;5.962227;5.997241,True,1.0613947143664293,0.06870113943897481,1.091501356564368,0.21603842886835437,1.0916721708035928,0.08465694322971597,W1|W3,1.0740130043741818,0.05363362530465407,0.8400211610368908,0.095,0.105,0.0,0.0,0.9993149613752421
34,1.0,1.0390508216231515,0.04332887685541036,,;W3;W3|W1;W3|W1|W2,5.952988891522182e-05,8.612866;8.612925;8.614483;8.629198,True,1.0296453656571676,0.058222764822239856,1.066374462301876,0.22460242769687228,1.0334789478065862,0.08463174177234971,W3|W1,1.039050821623167,0.05300732153735717,0.8347138106073867,0.107,0.087,0.0,0.0,1.0000000000000002
35,1.0,1.0664893287988784,0.044627193829644585,,;W3;W3|W1;W3|W1|W2,0.0004520248000563498,5.609059;5.609511;5.610469;5.627929,True,1.0441328332561925,0.0607594094359583,0.9574595835657984,0.277539899780644,1.0784986371337095,0.08620376538646807,W3|W1,1.0664893287989097,0.05424784059649018,0.8482665610155316,0.111,0.107,0.0,0.0,1.0000000000000007
36,1.0,0.9086052835041082,0.044923884461860936,,;W3;W3|W1;W3|W1|W2,9.496456236846029e-05,6.353843;6.353938;6.355621;6.376098,True,0.9424148326079687,0.05884400069312916,0.9910786365404666,0.1854454913502442,0.9516910559372538,0.08923940845363945,W3|W1,0.9086052835041132,0.0539036982056665,0.8359760706865911,0.1045,0.0915,0.0,0.0,1.0
37,1.0,1.0364207212419703,0.04409514011777336,,;W3;W3|W1;W3|W1|W2,0.011591440633137218,6.187499;6.199090;6.196506;6.212737,True,1.083358538436044,0.06753574892023811,1.1547138109260489,0.21405540894657385,1.0293092239927202,0.0894838166134931,W3|W1,1.0364207212419774,0.05462752442705,0.8454521089349718,0.109,0.1175,0.0,0.0,0.9999999999999996
38,1.0,1.096775151398219,0.045503353247925246,,;W3;W3|W1;W3|W1|W2,0.004497941792733329,6.963397;6.967895;6.967198;6.985008,True,1.1691593544344816,0.06395684718571491,1.2131328103286254,0.26033605087544565,1.0816466763214383,0.09104950239656867,W3|W1,1.0967751513982396,0.05522662868850203,0.8306465413286286,0.0815,0.1035,0.0,0.0,1.0000000000000009
39,1.0,1.0399535780551177,0.045550887362236524,W3|W1,;W3;W3|W1;W3|W1|W2,0.0004370705588634394,7.751433;7.751870;7.751140;7.758390,True,0.9680777037428968,0.056558243151069866,0.9604051089497131,0.23504397821294742,1.0135538551783545,0.0916322960094247,W3|W1,1.0383595982844653,0.05256168004888051,0.8392803571214285,0.0985,0.1105,0.0,0.0,0.9259268876670711
40,1.0,1.0234475654256536,0.045735805444901904,,;W3;W3|W1;W3|W1|W2,0.004220584560307827,9.086368;9.090588;9.096939;9.110572,True,0.953894455620884,0.06108288749165456,1.272930027464965,0.16803048097090892,1.0135066931448415,0.09110255453489952,W3|W1,1.0234475654256656,0.056758474866554616,0.8373068373068373,0.1045,0.0905,0.0,0.0,0.9999999999999994
41,1.0,1.0463056411514167,0.044761814873073076,,;W3;W3|W1;W3|W1|W2,0.0024970950748066656,6.537600;6.540097;6.540491;6.572499,True,1.0725194262022466,0.06558464094447615,1.3881053841458277,0.19660296790072448,1.0335466938077222,0.08719901101941024,W3|W1,1.0463056411514302,0.05673295261614848,0.8426010650266257,0.106,0.113,0.0,0.0,1.0
42,1.0,1.0264015186046596,0.045619204738463384,,;W3;W3|W1;W3|W1|W2,0.00028927845707826805,5.878750;5.879040;5.882558;5.896776,True,1.0446420533799985,0.06281484101431806,0.9012934422726253,0.34610294412304554,1.049028375110195,0.09201462554134412,W3|W1,1.0264015186046738,0.05457225223071468,0.8390265222091873,0.105,0.1005,0.0,0.0,1.0000000000000004
43,1.0,1.0174827047210424,0.04441437536022759,,;W3;W3|W1;W3|W1|W2,1.7412658524840197e-05,7.069585;7.069602;7.073909;7.135713,True,1.0533628186334107,0.07417582689741858,1.220565203757431,0.24385706865778253,0.9838206682720715,0.08839054995217617,W3|W1,1.0174827047210613,0.05561734847158446,0.8407307284181386,0.103,0.112,0.0,0.0,1.0000000000000004
44,1.0,0.9549679238301123,0.04402372704361067,W3,;W3;W3|W1;W3|W1|W2,-0.00010869332042418023,6.631088;6.630980;6.634284;6.650243,True,0.880844669669614,0.06263270926723136,1.0774146521979704,0.23433038470379655,1.016503578765995,0.09230653144305322,W1|W3,0.9548893760350639,0.05445801221244873,0.8436709544697746,0.104,0.114,0.0,0.0,0.9985220383557396
45,1.0,0.8882556174557803,0.057371614260040546,W1|W2,;W1;W1|W2;W1|W2|W3,-0.00174133966708645,5.661115;5.659373;5.658738;5.665255,True,0.8920542761968167,0.058651921670331605,1.113186590387271,0.15628107230328792,0.9200513544554154,0.08737304540781674,W1|W3,0.8662146854818832,0.053281387836816345,0.826949373433584,0.072,0.1065,0.071,0.1095,0.5696481232779719
46,1.0,1.005333941610251,0.044862569068092564,W3,;W3;W3|W1;W3|W1|W2,-0.00029026527030939775,7.494687;7.494397;7.498055;7.503541,True,1.0632164404787727,0.055278843995454935,1.1447096723961652,0.22613030010102972,1.1453283169144954,0.09063859715153012,W3|W2|W1,1.0053753053421397,0.05457327943626534,0.8438478720350181,0.107,0.1115,0.0,0.0,0.9991027240352021
47,1.0,1.06415734937113,0.04438482033874421,,;W3;W3|W1;W3|W1|W2,0.00023489502889972869,5.940222;5.940457;5.943732;5.991344,True,1.043835149509881,0.07409269426244686,1.2948255542561047,0.2863981397497553,1.0390192011472619,0.08873146760283217,W3|W1,1.06415734937114,0.05290917667146123,0.8355980313585887,0.1085,0.098,0.0,0.0,1.0000000000000004
48,1.0,0.9097787662410901,0.044055619773734636,,;W3;W3|W1;W3|W1|W2,0.00018537528460793595,7.217657;7.217843;7.221246;7.253632,True,0.8756091186872715,0.06374428614496404,1.1058208740805835,0.19666086440041347,0.9639933648150482,0.0891514020029627,W1|W3,0.9097787662411138,0.05368434767587608,0.8401834937669561,0.0895,0.118,0.0,0.0,1.0000000000000009
49,1.0,0.8513580129568715,0.04497810382159747,,;W3;W3|W1;W3|W1|W2,0.00037143664009775534,6.088924;6.089295;6.091041;6.099674,True,0.8925747692371296,0.05905144835996567,0.9128961564048873,0.19115781879499055,0.8967215265689955,0.09164727054009969,W3|W1,0.8513580129568951,0.055253076507491304,0.8322773616573561,0.0825,0.103,0.0,0.0,1.0000000000000004
50,1.0,0.9737358329693808,0.045234037166403986,,;W3;W3|W1;W3|W1|W2,0.0016093065524778183,7.508179;7.509788;7.508961;7.519259,True,0.9689644346446827,0.05903342422358766,1.389691934208076,0.16305412240675818,0.9963942534938425,0.09063085350512375,W1|W3,0.9737358329694075,0.05555460007222266,0.8305073220292881,0.089,0.0935,0.0,0.0,1.0000000000000009
51,1.0,0.8840606092997483,0.04574316933973575,W3,;W3;W3|W1;W3|W1|W2,-0.00015169146638704945,6.410528;6.410376;6.410695;6.431227,True,0.8463207225247673,0.0652701456826726,0.9365256656533106,0.2373244707297257,0.9147527700842907,0.09115160952489426,W1|W3,0.8840680952215687,0.05497542782539524,0.8229600249743853,0.082,0.0815,0.0,0.0,0.9999161431064642
52,1.0,1.0612041044182376,0.04444516581052129,W3,;W3;W3|W1;W3|W1|W2,-4.408841912884043e-05,6.796611;6.796567;6.798438;6.806219,True,1.0523653347472584,0.06119075439799047,1.227306229131858,0.23262106808636562,0.9887044796336004,0.09335793036232846,W3|W1,1.061198328921188,0.05454152391556662,0.8388142477737853,0.0895,0.1115,0.0,0.0,0.9999225079498528
53,1.0,1.0181701663379443,0.0591386130559032,W3|W1|W2,;W3;W3|W1;W3|W1|W2,0.007653953309889161,8.171157;8.178811;8.165619;8.162313,True,1.0181985567101002,0.0591404649038721,1.2295834568068826,0.16504438246701258,1.0919594485687378,0.11256160380190307,W1|W3|W2,0.9698026841161527,0.05403337241929857,0.8212863871577565,0.0705,0.0955,0.0705,0.0955,0.4889447857631709
54,1.0,1.0743412538328572,0.04519946495054248,,;W3;W3|W1;W3|W1|W2,0.00026287414785741703,6.399682;6.399945;6.401693;6.460779,True,1.1201771674459917,0.07916886045323974,1.3666694164204676,0.19063537721651413,1.043287492209095,0.09115616929026404,W3|W1,1.074341253832866,0.05638422395070323,0.8465376537653765,0.1105,0.1175,0.0,0.0,1.0000000000000013
55,1.0,0.9676376918872942,0.044671778084252656,,;W3;W3|W1;W3|W1|W2,0.00011367971854170378,7.679916;7.680030;7.681034;7.688254,True,0.9759203773617973,0.055671874261441844,1.3865877794624244,0.1718298275296651,0.9777206374321811,0.08736668576981663,W3|W1,0.9676376918873161,0.05389353428050927,0.8437323749294997,0.109,0.102,0.0,0.0,0.9999999999999997
56,1.0,1.0709742474763544,0.044538226845201936,W3,;W3;W3|W1;W3|W1|W2,-0.00039948610426776554,6.237518;6.237118;6.242414;6.249299,True,1.1221691717796127,0.06332627285636788,1.3409955539332568,0.16970602290514183,1.1890015382034334,0.11543897241542693,W1|W3|W2,1.07097150766169,0.055174059766844266,0.836013717111086,0.0915,0.1065,0.0,0.0,0.9999513216794881
57,1.0,1.0263746018759583,0.045418033528546745,,;W1;W1|W3;W1|W3|W2,0.004672083522703652,7.944841;7.949513;7.946477;7.974942,True,1.0225142217743437,0.06456428871073086,1.0352700911303956,0.2626554290349271,1.0222963990254401,0.08750746951861767,W1|W3,1.0263746018759694,0.055027564139205926,0.8423936527751105,0.092,0.119,0.0,0.0,1.0000000000000004
58,1.0,0.9004645533724099,0.045063206482338705,W3,;W3;W3|W1;W3|W1|W2,-6.514941014579279e-05,6.464619;6.464554;6.467164;6.478468,True,0.9120955254329962,0.06665192459181062,0.8748270157882798,0.2391049348611359,0.9102916577882523,0.09625315902928977,W3|W1,0.9004011318963071,0.056077397131255445,0.8361663786620586,0.1065,0.0975,0.0,0.0,0.9993924093130303
59,1.0,0.9530455476674944,0.04551329504068564,W3|W1,;W3;W3|W1;W3|W1|W2,-0.00025225601609335513,8.119554;8.119302;8.116520;8.131218,True,0.939783737869643,0.0603262894525105,0.7659669670345753,0.33505334657665203,0.9539527126264541,0.0882210054605955,W1|W3,0.9565455425626996,0.05269358159836624,0.828377709442736,0.094,0.0795,0.0,0.0,0.9241495613952861
60,1.0,0.977569787144063,0.045264701648286845,,;W3;W3|W1;W3|W1|W2,0.0004147386261674768,6.509082;6.509497;6.512001;6.528244,True,1.031733336248001,0.06328043837129937,1.3156534025239792,0.1702254667010539,1.0258228493389079,0.09117351360278589,W1|W3,0.9775697871440691,0.0543396672225249,0.8363789094727369,0.1025,0.1,0.0,0.0,1.0
61,1.0,1.062025241777755,0.04615912945055787,,;W3;W3|W1;W3|W1|W2,0.0011425219114027385,5.643893;5.645035;5.645341;5.658938,True,1.0738662488671957,0.059817212055705074,1.2644571891833858,0.1793508200178088,1.006904807299371,0.09780637951724629,W1|W3,1.0620252417777654,0.05448311071002124,0.8254165416541654,0.086,0.09,0.0,0.0,1.0
62,1.0,1.019511381583773,0.04395191647950615,,;W3;W3|W1;W3|W1|W2,0.00012377821552433943,8.102004;8.102128;8.105591;8.148562,True,1.040648905324675,0.0696753634150042,1.0257793485912472,0.18296266808535447,1.0121836166383054,0.08871629429271934,W3|W1,1.0195113815837877,0.05333072860812904,0.8321182118211821,0.091,0.09,0.0,0.0,1.0000000000000013
63,1.0,1.0443530759608999,0.04401561803220524,,;W3;W3|W1;W3|W1|W2,0.0034197069993089357,7.955821;7.959241;7.956470;7.970994,True,1.0607306464597548,0.05820367737489159,1.1162043604333685,0.26984471190970666,1.0491747691551097,0.09320909288989904,W1|W3,1.044353075960921,0.05278566351037208,0.8286200316820277,0.0845,0.0915,0.0,0.0,0.9999999999999996
64,1.0,1.0905402286212642,0.04802350484198505,W3|W1,;W3;W3|W1;W3|W1|W2,-9.140582428557309e-05,6.812036;6.811945;6.811357;6.845901,True,1.103997716418709,0.06919627434229801,1.3830003812874136,0.2503181934983902,1.062348296694185,0.09417775085531582,W3|W1,1.0856020388937198,0.056405857058429584,0.8454365436543655,0.1085,0.123,0.001,0.0,0.8724052635122672
65,1.0,0.9914439371174742,0.04399736223790201,,;W3;W3|W1;W3|W1|W2,0.003269918333901778,5.226186;5.229456;5.229657;5.239533,True,0.935315279490297,0.06450503144120606,1.3652596119303197,0.1530124929295118,1.0106207086934935,0.08914561642599539,W1|W3,0.9914439371174816,0.05485468955942581,0.8318513799617769,0.096,0.1015,0.0,0.0,1.0000000000000002
66,1.0,1.0209430355720837,0.04463553146320312,W3,;W3;W3|W1;W3|W1|W2,-0.00017149639865010613,6.880786;6.880614;6.881750;6.893003,True,1.053791855149379,0.06289555677393943,1.1688505286017545,0.21992522276564608,0.9911137653835164,0.09525735375355966,W1|W3,1.0210095356010451,0.05443494446737924,0.8404011426925293,0.1085,0.0965,0.0,0.0,0.9995423357124941
67,1.0,0.9311673350567929,0.044628991393129494,W3,;W3;W3|W1;W3|W1|W2,-0.00037368084860656126,7.691229;7.690855;7.693546;7.712947,True,0.9287271520448218,0.05849439627760063,1.0911492454427214,0.23085310325506378,0.9505733103375793,0.08820691644134686,W1|W3,0.9310441600917656,0.05424239242915688,0.8421250640368853,0.0875,0.114,0.0,0.0,0.9996505252376487
68,1.0,0.9417704202669736,0.045080045377175595,,;W3;W3|W1;W3|W1|W2,0.0011859994787517536,4.203066;4.204252;4.204964;4.219046,True,0.912827345683089,0.06337276721471694,0.5912088842833917,0.3263910123486394,0.9885942019251377,0.09173089665948785,W3|W1,0.9417704202669853,0.055060439011597725,0.8396318396318396,0.0955,0.0935,0.0,0.0,1.0000000000000007
69,1.0,0.9293270013517955,0.04496593342748499,W3,;W3;W3|W1;W3|W1|W2,-0.0003053656183400477,7.636716;7.636410;7.640430;7.660842,True,0.8722048307955197,0.07104126579918794,0.8214838198429218,0.22421510961398702,0.9384811981911046,0.08993812635598376,W3|W1,0.9293267892650511,0.054884056661493895,0.836547115696165,0.0995,0.0935,0.0,0.0,0.999996373087384
70,1.0,0.9350118970416595,0.047809180853314676,W3|W1,;W3;W3|W1;W3|W1|W2,0.0007731792247778202,8.303491;8.304264;8.302547;8.328800,True,0.8730574277169892,0.06156203786450258,0.8364281338791119,0.19262001809537047,0.9815077814732369,0.08468917789282093,W3|W1,0.9344026825905225,0.05421191974687541,0.8357841298797154,0.093,0.1015,0.0,0.0,0.9172860471030684
71,1.0,1.0281946139718932,0.0447675325308166,,;W3;W3|W1;W3|W1|W2,0.0006653555744211559,6.903025;6.903690;6.906212;6.927380,True,1.0316392555717244,0.059806825800488204,0.910861195291549,0.26334006444981495,1.0359255801009437,0.08749923794808231,W3|W1,1.028194613971911,0.05215180115561437,0.8141787608847963,0.0825,0.0655,0.0,0.0,1.0000000000000004
72,1.0,1.074289732728154,0.04443053095261502,W3,;W3;W3|W2;W3|W2|W1,-0.0013475228800157169,7.325159;7.323812;7.328118;7.328599,True,1.009504913322463,0.05395225425425835,1.4002054617455275,0.15446799675235612,1.072532710199457,0.08891550860408892,W1|W3,1.0743338591069755,0.05372080549720467,0.8349411050467529,0.097,0.092,0.0,0.0,0.99920986883227
73,1.0,0.9791505627360511,0.04465446929499702,,;W3;W3|W1;W3|W1|W2,0.0002075956385061417,6.480062;6.480270;6.480708;6.504939,True,0.9729770892171047,0.06060482557868459,1.3087998983120688,0.18347728821371123,1.03710171014615,0.09003076649242796,W1|W3,0.97915056273604,0.05332400257614441,0.8323858096452411,0.0925,0.1065,0.0,0.0,1.0
74,1.0,0.9835736697266251,0.04466917339235897,,;W3;W3|W1;W3|W1|W2,0.0005594871954288649,7.680435;7.680994;7.680846;7.698522,True,0.989949862366971,0.07571884405329536,1.0732330471134561,0.31057754444887514,1.0126904728995858,0.08869669165120955,W1|W3,0.9835736697266332,0.05438685274263197,0.8454062896708595,0.094,0.1195,0.0,0.0,1.0
75,1.0,0.9261587518587556,0.04518141428330388,,;W3;W3|W1;W3|W1|W2,4.288621770953682e-05,6.930858;6.930901;6.932167;6.949842,True,0.9338152548366287,0.06691029526302378,0.5700362081138675,0.30388974532037094,0.9272330277769715,0.09047588243235212,W3|W1,0.9261587518587663,0.053014980490270674,0.8189085822015683,0.067,0.086,0.0,0.0,0.9999999999999998
76,1.0,0.9961157402291043,0.046064003567457455,W3,;W3;W3|W1;W3|W1|W2,-0.0003416122373307573,6.587825;6.587484;6.588197;6.605765,True,0.9577729942224378,0.06141659329726107,1.0405109977442992,0.28338974488211627,0.9870147366600341,0.0931481542536309,W1|W3,0.9961203285134996,0.05546362220789077,0.8431350184247467,0.1165,0.1105,0.0,0.0,0.9999904437815191
77,1.0,0.9128158722300531,0.045301888213147186,W3|W1,;W3;W3|W1;W3|W1|W2,-0.0003936381246818499,5.967056;5.966662;5.964148;5.979402,True,0.8976139083239226,0.05324793205994368,1.1052157631869692,0.16309982597493308,0.9180626178842166,0.0924131649030311,W1|W3,0.9186985445655246,0.05118652992908131,0.8108704458503163,0.083,0.0615,0.0,0.0,0.9293152272793624
78,1.0,1.105034663000885,0.0450759527279483,W1,;W1;W1|W3;W1|W3|W2,-0.00022196599227264358,8.002422;8.002200;8.003434;8.042556,True,1.1330935717096573,0.05750449115725533,1.0454613953622556,0.23361190189501496,1.0775910610428356,0.08579236648656255,W3|W1,1.1011771990042345,0.052590697701409846,0.8428602716820063,0.105,0.1,0.0005,0.0,0.9280886148307033
79,1.0,0.9875765878802749,0.04406032322382603,,;W3;W3|W1;W3|W1|W2,0.008232919374462355,6.609617;6.617850;6.617802;6.614523,True,1.0225848543830092,0.055041341953531414,1.1889489114519065,0.17807732744237287,0.9931624804807777,0.11350805133096291,W3|W1|W2,0.9875765878802834,0.05133925902325084,0.8128551378446115,0.0855,0.0655,0.0,0.0,0.9999999999999997
80,1.0,1.0669725705770416,0.04416180013725511,W3,;W3;W3|W1;W3|W1|W2,-0.00011868855979724202,6.663613;6.663494;6.663930;6.676522,True,0.9856561530333267,0.061808635955527894,1.6310438010832886,0.19017677703074867,1.04208526440408,0.09186818345371955,W3|W1,1.0669397067958393,0.054326455204455434,0.8442526579111945,0.1175,0.1165,0.0,0.0,0.9997184447971662
81,1.0,1.1337955657112548,0.044971451714627984,W3,;W3;W3|W1;W3|W1|W2,-3.658211627666219e-05,7.105990;7.105953;7.111609;7.133078,True,1.1989125605797881,0.05597144879752498,1.5631472796705121,0.19379726158645624,1.2627020089495176,0.10587408553551231,W1|W3|W2,1.1338014698293892,0.055551875233759825,0.8505936790902754,0.121,0.121,0.0,0.0,0.9998336342756204
82,1.0,0.9232410318803812,0.04487395697773473,,;W3;W3|W1;W3|W1|W2,0.0008809233106763514,6.542936;6.543817;6.547038;6.574390,True,0.8813751786378634,0.06689788319614598,0.8447216832647467,0.2151287309613343,0.9574271804113759,0.09484142146737506,W3|W1,0.9232410318804013,0.053656483603282026,0.825701936711863,0.0865,0.0845,0.0,0.0,1.0
83,1.0,0.9799031831324889,0.04681118486062033,W3|W1,;W3;W3|W1;W3|W1|W2,0.00028078962845601296,6.240541;6.240822;6.240265;6.254522,True,0.9683731783384728,0.06185419370378115,1.3447938266687511,0.17377681714833265,1.0062874464064349,0.11947462029788411,W2|W1|W3,0.9780357935972877,0.054675282770152184,0.8304378694432678,0.0875,0.1075,0.0,0.0,0.9315617914932159
84,1.0,0.9456874529038449,0.04516972438150966,W1|W3,;W1;W1|W3;W1|W3|W2,0.002005203356246099,6.790861;6.792866;6.790391;6.820025,True,1.0337601281141469,0.06246997276933562,0.8096561992343239,0.289657680193482,0.9659941387001861,0.09004057248557089,W3|W1,0.9542461038077433,0.05338492448207046,0.8440825359473986,0.1105,0.108,0.0,0.0,0.9258783284821359
85,1.0,0.9325075713328751,0.045257522397999586,,;W3;W3|W1;W3|W1|W2,0.016272619035397007,7.391275;7.407548;7.411872;7.415179,True,0.8727752816788611,0.05937655485875422,1.0908894347211973,0.1885373736277333,0.9737246529581598,0.09258792817225242,W1|W3,0.9325075713328703,0.05435673840371751,0.8364809630431005,0.0815,0.1165,0.0,0.0,1.0
86,1.0,1.0433009766052466,0.04522666597974899,,;W3;W3|W2;W3|W2|W1,0.003693642670420161,8.065756;8.069450;8.073958;8.072651,True,1.0326024424538505,0.06006734144627179,1.1742988998455992,0.2350806720702055,0.9946704430999548,0.09186241558756048,W1|W3,1.0433009766052652,0.05482396489187847,0.8343569571918202,0.0995,0.101,0.0,0.0,1.0000000000000004
87,1.0,0.8853734587555493,0.044594225389483905,,;W3;W3|W1;W3|W1|W2,0.0017629737495710174,8.081680;8.083443;8.085631;8.139419,True,0.8504336082919919,0.056158709790986826,0.9863982350422634,0.16414411026060502,0.934206999686546,0.09275657618354373,W1|W3,0.8853734587555626,0.053073225874714934,0.8091870104190433,0.0595,0.074,0.0,0.0,0.9999999999999998
88,1.0,1.0277479222994563,0.04511107338215817,,;W3;W3|W1;W3|W1|W2,0.00021768128815935484,6.270889;6.271106;6.271887;6.275916,True,1.0165528066132934,0.05338370279539791,1.2902796289961584,0.18521311299482637,1.0000066319916925,0.09074475293951621,W1|W3,1.0277479222994708,0.05283133771678245,0.8225996846136517,0.0915,0.076,0.0,0.0,1.0
89,1.0,0.9515620242721293,0.04517902256469795,,;W3;W3|W1;W3|W1|W2,0.0029701543316615897,6.922228;6.925199;6.925093;6.959236,True,0.9545461726340347,0.06784841854725035,0.9083292130315471,0.24432757512515751,0.9829748874311808,0.08914670217075171,W3|W1,0.9515620242721508,0.05483956044125658,0.8301550155015501,0.0865,0.094,0.0,0.0,1.0000000000000013
90,1.0,1.0166125306109188,0.04441756144583894,W3,;W3;W3|W1;W3|W1|W2,-0.00037601856704228,8.807822;8.807446;8.813612;8.994905,True,0.9892498364217753,0.08193022983085524,0.9358444938482514,0.25912395502034424,1.0306476104883469,0.09009974671229833,W3|W1,1.0165576618800456,0.056866233646290336,0.8490997591328784,0.1335,0.0955,0.0,0.0,0.9997000897904591
91,1.0,1.0515983265673041,0.04381368062599038,W3,;W3;W3|W1;W3|W1|W2,-1.002452667631104e-05,6.338361;6.338351;6.338794;6.364203,True,1.0466697043084932,0.06048664473077052,1.0718133976989492,0.21497350687439182,1.0124226471137914,0.09656781968631728,W1|W3,1.0516155815282024,0.05222167458494036,0.8365079793805564,0.099,0.0965,0.0,0.0,0.9995478350059372
92,1.0,0.9580605784153182,0.0450209762336723,W3,;W3;W3|W1;W3|W1|W2,-0.0005066033528926539,6.098585;6.098079;6.100115;6.118735,True,0.9238902589423588,0.06053062554657201,1.0502134212487244,0.2223929966832458,0.9763268121958439,0.09235123911498827,W1|W3,0.9580927144433427,0.05426043274796361,0.8409225908752613,0.093,0.1185,0.0,0.0,0.9998593955104791
93,1.0,0.9379226833960257,0.044916919062294954,W3,;W3;W3|W1;W3|W1|W2,-0.0001458719334230807,8.926600;8.926454;8.931511;8.973958,True,0.9319065444078845,0.062183560954308194,0.9958550422648881,0.20599806408858853,0.9800346671959699,0.09308065562992615,W1|W3,0.9379211593984914,0.054241602008619494,0.8374683498733995,0.1015,0.0875,0.0,0.0,0.9999468320840321
94,1.0,1.022825478925637,0.045891158505629484,W3|W1,;W3;W3|W1;W3|W1|W2,0.0002331721628312522,7.422145;7.422378;7.417841;7.442893,True,0.9758307547149472,0.062374357991742575,0.914883943890924,0.32809582638459434,0.9848201671423327,0.08913578657451994,W1|W3,1.0186827438161445,0.05328882172598611,0.8367052586832037,0.102,0.0935,0.0,0.0,0.9335989322332452
95,1.0,1.0486044458530914,0.045104659307801706,W3|W1,;W3;W3|W1;W3|W1|W2,-8.210632808847151e-05,6.706201;6.706119;6.700983;6.710972,True,1.0783500396674384,0.05357830780063784,1.3900485726267355,0.23281468268383965,1.1555866949445401,0.13297595298108525,W1|W3|W2,1.0516198525028124,0.05245797055463781,0.8429135181864754,0.1005,0.1145,0.0005,0.0005,0.9039777682488636
96,1.0,1.061181665343815,0.044410695779458165,,;W3;W3|W1;W3|W1|W2,0.0002622099712477066,7.336790;7.337052;7.342018;7.365458,True,1.0711306548749624,0.060531585771584184,1.2856947088242416,0.17234088429564362,1.0004111806890224,0.09337348144230101,W1|W3,1.061181665343825,0.05245268096715308,0.8235305882647066,0.0795,0.0835,0.0,0.0,1.0
97,1.0,0.8664671445457933,0.044400000051989685,,;W3;W3|W1;W3|W1|W2,0.03057901446031508,7.028832;7.059411;7.056540;7.055010,True,0.8605372764421226,0.06459401872779677,1.1198360948585295,0.16577897976572184,0.9118507994819715,0.08906573852923877,W3|W1,0.8664671445458084,0.054559609306765885,0.8366969174229356,0.101,0.1045,0.0,0.0,1.0
98,1.0,0.9456013832622167,0.04492950377859467,W3|W1,;W3;W3|W1;W3|W1|W2,-0.00022498974110796155,5.498732;5.498507;5.498078;5.514403,True,0.927438709439885,0.062381445580769794,0.8171304400239214,0.20940349865367983,0.9256001941113051,0.09112458715931483,W1|W3,0.946129990077519,0.05242671079728263,0.8371903117372564,0.0945,0.099,0.0,0.0,0.939547145886875
99,1.0,0.9853649589595281,0.045016998153821666,,;W3;W3|W1;W3|W1|W2,0.00027084141036493037,5.873311;5.873582;5.877669;5.904139,True,0.9332412586693954,0.06825413421571719,0.7434467122434181,0.24196032025761682,1.0336126944856021,0.08907567201596771,W1|W3,0.9853649589595412,0.054893507170069716,0.8351198351198351,0.0955,0.0885,0.0,0.0,0.9999999999999994
100,1.0,1.0267013389713997,0.045217379314005976,,;W3;W3|W1;W3|W1|W2,2.7356925930810405e-05,6.673811;6.673839;6.676111;6.689757,True,0.973054296840256,0.0655156964960374,0.9662692514693927,0.20721200918546442,1.0185217136518776,0.08938863577742286,W3|W1,1.0267013389714121,0.05330435754418872,0.8269692531185093,0.096,0.078,0.0,0.0,0.9999999999999994
101,1.0,1.0418531306588883,0.044479059164715125,,;W3;W3|W1;W3|W1|W2,0.020356585331015253,8.891476;8.911833;8.914613;8.922479,True,1.032678022775913,0.05825417063271046,1.3732565833285977,0.15407663079981235,1.071556551898249,0.08998407747007758,W1|W3,1.041853130658901,0.05566615537468233,0.830388,0.096,0.0935,0.0,0.0,1.0
102,1.0,1.004704825928512,0.04494187972699059,W3,;W3;W3|W1;W3|W1|W2,-0.0005099658425775644,7.998956;7.998446;7.999221;8.027645,True,0.9899324152281022,0.06016066614052577,1.1026130782916657,0.15847312315996223,0.9944172184816961,0.0885932676412838,W1|W3,1.0047105089199817,0.05250688097328677,0.8250274296356084,0.0815,0.085,0.0,0.0,0.9999529065234622
103,1.0,0.994347935516275,0.044654990434428755,,;W1;W1|W3;W1|W3|W2,0.0004326490913415526,5.576979;5.577412;5.577053;5.600458,True,1.008510397557541,0.06310337942087148,1.116568577440226,0.2244692644020567,1.0055938789468768,0.08737995661974853,W1|W3,0.9943479355162846,0.055022813136198924,0.8433174930798892,0.106,0.1125,0.0,0.0,1.0000000000000009
104,1.0,0.9250927069360818,0.045124325991208684,W3,;W3;W3|W1;W3|W1|W2,-0.00014278629953246025,7.523039;7.522896;7.524518;7.550065,True,0.8963229481536269,0.07274566985653173,0.9207177571770985,0.2846530214631948,0.9534685128788747,0.08932300347015192,W1|W3,0.9250909947297428,0.055145783501527934,0.841283795339236,0.1035,0.105,0.0,0.0,0.9997273359176814
105,1.0,0.917719560204097,0.04432040907008369,W3,;W3;W3|W1;W3|W1|W2,-5.281472933127418e-05,5.519726;5.519673;5.543633;5.531464,True,0.8576440208792948,0.05591243052985122,1.0749201659374725,0.19184113199775898,0.953809608825029,0.09515114833390267,W1|W3,0.9177660716500016,0.05329860803888964,0.8321647102865855,0.087,0.102,0.0,0.0,0.9995758747146583
106,1.0,1.1097515413263777,0.04415967517402252,W3,;W3;W3|W1;W3|W1|W2,-0.00016085607950522274,5.641839;5.641679;5.642889;5.650013,True,1.0707286972554364,0.0571770289035377,1.1668545200735954,0.21720735756854656,1.0990072971517213,0.09114028280966598,W3|W1,1.1097502164410957,0.05444327921759674,0.8344982538696469,0.086,0.1055,0.0,0.0,0.9999996509010386
107,1.0,1.0134776735043192,0.04609165160772003,,;W3;W3|W1;W3|W1|W2,9.299234749970964e-05,6.385616;6.385709;6.392518;6.404611,True,1.0074440266030147,0.06349894110195298,1.0944374804818833,0.19918004164538589,1.0339018863488225,0.0868063501489993,W3|W1,1.0134776735043305,0.056345548464519626,0.835179923816267,0.1025,0.0945,0.0,0.0,0.9999999999999999
108,1.0,0.9538224405036761,0.04784293799836472,W3|W1,;W3;W3|W1;W3|W1|W2,0.00015025797825529708,8.217829;8.217979;8.215518;8.221616,True,0.9291433202677215,0.05485347278957138,1.141582626428543,0.240640643846819,1.0095236892098574,0.09426476176612596,W1|W3,0.970863968382077,0.05471524786734355,0.8380106237954215,0.1085,0.0935,0.0,0.001,0.8727009947979228
109,1.0,0.9805323250691165,0.04551060640726882,W3,;W3;W3|W1;W3|W1|W2,-0.002485926965281493,8.523724;8.521238;8.522680;8.569959,True,1.0468187745056283,0.07236470043501883,1.306216219399763,0.21152877921348534,1.0026740511566625,0.08557419182827498,W3|W1,0.9805320588602734,0.05692735018004644,0.8354537489347912,0.102,0.1055,0.0,0.0,0.9999991761432483
110,1.0,1.006116275638707,0.04444657725568729,,;W3;W3|W2;W3|W2|W1,0.009749088262476668,6.869179;6.878928;6.889617;6.879207,True,1.065978377874059,0.05334193580773077,1.3751238440275098,0.1585253056878527,1.0160966366684168,0.0888077227140405,W3|W1,1.0061162756387156,0.05408221294743076,0.8399793798717059,0.1235,0.0885,0.0,0.0,1.0000000000000004
111,1.0,1.0089114642017372,0.04530335274608539,W3|W1,;W3;W3|W1;W3|W1|W2,-0.0005711559151793111,6.679594;6.679023;6.677308;6.711156,True,0.9903609668628388,0.06742251157774971,1.1091623713625915,0.22754483629066416,1.0015360276895338,0.09065373664985449,W3|W1,1.0100898059678487,0.053688602307647514,0.8411193712297564,0.0925,0.1215,0.0,0.0005,0.9270051990392415
112,1.0,1.0120221013984882,0.04490238264875757,W3|W1,;W3;W3|W1;W3|W1|W2,0.00011912395196045367,6.134394;6.134513;6.133855;6.145587,True,1.0017435583308956,0.06157842467794766,1.1334273543327047,0.18991658918853205,0.9987855184161587,0.09118171709003561,W3|W1,1.010439581715592,0.05251068964475325,0.828998740048793,0.0735,0.1105,0.0,0.0,0.9413798425972414
113,1.0,0.96323708367439,0.043357097751352595,,;W3;W3|W1;W3|W1|W2,0.0007895604698271441,4.404825;4.405614;4.404838;4.468324,True,0.9998871859522631,0.10217577163613684,0.747582637920935,0.26492464466474686,0.9240919403689276,0.09366445908066313,W1|W3,0.9632370836744144,0.05369692609423809,0.8444013776055104,0.1065,0.111,0.0,0.0,1.0000000000000009
114,1.0,1.017291413845933,0.045727248002618355,W3|W1,;W3;W3|W1;W3|W1|W2,-0.00046161977433456514,6.832131;6.831669;6.831641;6.844046,True,1.1288202285942548,0.06391240896652613,1.1378826171946128,0.25018158215603775,1.0356344098749823,0.09060274080125821,W1|W3,1.0217752621293568,0.05476863567323721,0.8428602716820063,0.1045,0.109,0.0,0.0,0.9320387615099065
115,1.0,1.0480484036905988,0.045149300819569596,,;W3;W3|W1;W3|W1|W2,0.0014429413736056773,6.385448;6.386891;6.388370;6.437617,True,1.0245949973052777,0.07278823645629733,1.0210801316787854,0.23757662017184478,1.0415593020220268,0.09252182816017471,W1|W3,1.0480484036906235,0.05582025103609183,0.8402599897540983,0.1055,0.097,0.0,0.0,1.000000000000001
116,1.0,0.9793205634029629,0.04726965377772777,W3|W1,;W3;W3|W1;W3|W1|W2,9.33075390188165e-05,7.595861;7.595954;7.592124;7.607421,True,1.0398221337615192,0.06471183858342618,0.8813962927120288,0.2305669302830201,0.9871358293025914,0.09039808160379553,W3|W1,0.9800212161584043,0.05469519710383186,0.8302163729958636,0.1045,0.08,0.0,0.0,0.9295385879455195
117,1.0,1.015054087303002,0.04663101900252615,W3|W1,;W3;W3|W1;W3|W1|W2,-2.787524282865661e-05,5.823732;5.823704;5.820449;5.847794,True,1.028462284890636,0.07184174264941745,1.0469358205389503,0.19823136743160247,1.0061912746079418,0.09240547481977775,W3|W1,1.0175628720548855,0.0550196960497351,0.8431085879772918,0.112,0.107,0.0,0.0,0.9267115410790109
118,1.0,0.9973500303740571,0.046926082688679746,W3|W1,;W3;W3|W1;W3|W1|W2,-0.0002593328539255424,7.078304;7.078045;7.076601;7.110937,True,0.9899028252331782,0.05519103926541841,1.134379279718436,0.20178169965044748,1.0302264106232049,0.08957473445955678,W1|W3,0.9970046321728542,0.05299290783630842,0.8238686881112615,0.084,0.089,0.0,0.0,0.9245278955266825
119,1.0,1.0037249175883356,0.04838645144675711,W3|W1,;W3;W3|W1;W3|W1|W2,0.00048324955894862853,8.097802;8.098286;8.096323;8.177686,True,0.9973290206289567,0.079130676830448,0.7875946074913176,0.29802324408068687,1.0177245449790324,0.09233375461538654,W3|W1,1.0187686587992513,0.05597719568612584,0.8388465004265516,0.0995,0.1,0.0,0.0005,0.9181996546683491
120,1.0,0.9139688266398593,0.04704843579600316,W3|W1,;W3;W3|W1;W3|W1|W2,-0.00038297605928683254,7.376820;7.376437;7.375156;7.417077,True,0.947755855621668,0.06265608412763125,1.1612669877006732,0.19956719617789453,0.9321869466742984,0.08901724177869967,W1|W3,0.9083625987888346,0.05422624369337333,0.8344299660258891,0.0925,0.099,0.0,0.0,0.9307651777036517
121,1.0,0.9458818835558089,0.04617960295252542,W3|W1,;W3;W3|W1;W3|W1|W2,0.001360638144086046,6.332919;6.334280;6.331743;6.340686,True,1.033206299006507,0.05548800425030509,1.3057568379528295,0.21942156701683382,0.9445976765249847,0.09085123676641882,W3|W1,0.9501534166371381,0.05423580105933668,0.8347211662805175,0.119,0.082,0.0,0.0,0.9078128989008752
122,1.0,0.9791476402347742,0.04420642594258502,,;W3;W3|W1;W3|W1|W2,0.002760230846940992,7.820712;7.823472;7.822575;7.830169,True,0.990360056212444,0.05321276541090587,1.0935835649168204,0.19128603431754082,0.9921792403423404,0.08843636144515456,W3|W1,0.9791476402347853,0.05192386834546281,0.81875,0.0825,0.0855,0.0,0.0,1.0
123,1.0,1.0168920481347419,0.04386798826726547,W3,;W3;W3|W1;W3|W1|W2,-5.415446615053554e-05,5.977309;5.977255;5.979450;6.035613,True,1.0705690452968033,0.08561602207759043,1.0503779451935489,0.23499325810218494,1.0265508066869296,0.09118705266905369,W3|W1,1.016892358995864,0.05527824508722577,0.8609378110273869,0.125,0.1285,0.0,0.0,0.99999847546101
124,1.0,1.016371886098327,0.04623090263485197,W3|W1,;W3;W3|W1;W3|W1|W2,-0.0007408872997647364,7.523894;7.523153;7.523075;7.538647,True,0.9843043683368181,0.057082910705229736,1.4781964298130832,0.1516612866325591,0.9786436969516943,0.09021415266457192,W1|W3,1.017333273525122,0.0541193952115912,0.829657879124694,0.087,0.102,0.0,0.0,0.9400846595358453
125,1.0,0.9182789393436188,0.04411855988630966,W3,;W3;W3|W1;W3|W1|W2,-0.00042666565206594953,6.186078;6.185651;6.188761;6.196055,True,0.9056270276814369,0.053914049976508956,1.091174811818586,0.17516093815967224,0.9442066680936213,0.0866810123379559,W3|W1,0.9184245707316859,0.05232487096553983,0.8318227593152064,0.0905,0.0895,0.0,0.0,0.9985908331032939
126,1.0,1.1156662612216297,0.04492900105039942,,;W3;W3|W1;W3|W1|W2,0.004296560661237514,6.594439;6.598736;6.598021;6.605901,True,1.1243658827558998,0.054670774355393394,1.5869918699715646,0.16259069625794662,1.271858406898134,0.10744599758527441,W3|W1|W2,1.115666261221647,0.05418907747353655,0.8355050359481834,0.113,0.092,0.0,0.0,1.0000000000000004
127,1.0,1.0040134692365945,0.04438136927865963,,;W2;W2|W3;W2|W3|W1,0.0048773966324819895,5.574739;5.579616;5.575359;5.586289,True,0.9302382393719276,0.05882198224639504,0.9981689243885453,0.22612750973534623,0.995608878517654,0.08928958638536345,W3|W1,1.004013469236609,0.05245185261424612,0.8192793378510165,0.0775,0.072,0.0,0.0,1.0000000000000002
128,1.0,0.9570285974111472,0.044911773345903426,,;W3;W3|W1;W3|W1|W2,0.0010589512441825377,6.476351;6.477410;6.479828;6.484973,True,0.9276219962238402,0.05423801536930968,0.931257474671044,0.22627168570208925,0.966182256266564,0.09159397468045281,W3|W1,0.9570285974111604,0.05260725296955727,0.8354417197142888,0.1085,0.083,0.0,0.0,1.0000000000000004
129,1.0,0.9860193535111527,0.04517135920032893,W3|W1,;W3;W3|W1;W3|W1|W2,-0.0011760083615088845,6.438186;6.437010;6.435360;6.442903,True,0.9970448103113952,0.05786292314363387,1.1346382565582536,0.17406415861881008,0.98823917869741,0.08977495801076481,W3|W1,0.9902349892565323,0.05299368081443652,0.8298394105686788,0.0955,0.091,0.0,0.0005,0.9298289194189865
130,1.0,1.0859124487732865,0.04381867140848053,,;W3;W3|W1;W3|W1|W2,0.0002003845949580807,7.329646;7.329846;7.331826;7.397824,True,1.065109306238656,0.06409655884422044,0.916612064105241,0.268620937383282,1.0618994347897428,0.0912582698561592,W3|W1,1.0859124487733012,0.052299037989385976,0.8346257908029306,0.1045,0.0985,0.0,0.0,1.0000000000000002
131,1.0,1.0764842502221454,0.043757791528017766,,;W3;W3|W1;W3|W1|W2,0.0057573788036071605,7.473923;7.479680;7.482162;7.497397,True,1.0954771395202645,0.05103337324531552,1.2767472381299543,0.20654557467720758,1.1308065950888233,0.09683862704048439,W2|W3|W1,1.0764842502221597,0.052112111732901735,0.8227405685142128,0.089,0.0875,0.0,0.0,1.0
132,1.0,0.9754822722033163,0.044451887064476246,,;W3;W3|W1;W3|W1|W2,0.008237771101560654,7.758837;7.767074;7.769685;7.777863,True,1.0135116569976286,0.06363428122359277,1.1453678182869134,0.1866255099523919,0.9560308836346258,0.09140626600808548,W1|W3,0.9754822722033202,0.054884766382449254,0.8268887555022009,0.0855,0.0945,0.0,0.0,1.0
133,1.0,0.9559820037700859,0.04397868238644261,W3,;W3;W3|W1;W3|W1|W2,-0.0001691239571357528,6.186247;6.186078;6.187984;6.193611,True,0.9221280628264542,0.05502101690927134,0.857111449959232,0.24759309527948523,0.9612065769046222,0.09139008289126771,W1|W3,0.9559579850728078,0.05168809441785147,0.8386997402561033,0.1125,0.093,0.0,0.0,0.9997639556306316
134,1.0,1.0026211742452518,0.04495150936063761,,;W3;W3|W1;W3|W1|W2,0.007765828485298165,7.480264;7.488030;7.499302;7.512346,True,1.0330445594115398,0.0632737846267107,0.9998200797282106,0.25203942004764396,1.040370897627786,0.08997771047426459,W1|W3,1.0026211742452544,0.05519968963253011,0.836227900668531,0.097,0.102,0.0,0.0,1.0000000000000007
135,1.0,0.9455902878221398,0.043793250976969685,,;W3;W3|W1;W3|W1|W2,0.0010820613686028935,7.115351;7.116433;7.125256;7.138950,True,0.9652433325824384,0.05634459653045203,1.3688173107055615,0.1774901841945122,0.9502486737408459,0.08957837151899015,W1|W3,0.9455902878221599,0.052239954855979,0.8391727070532514,0.103,0.112,0.0,0.0,0.9999999999999996
136,1.0,1.050704487187552,0.04430794045903626,,;W2;W2|W3;W2|W3|W1,0.011252180905872322,6.030629;6.041881;6.037351;6.057317,True,1.0370859815873001,0.06294305562873716,1.0329641689450997,0.3045217604625984,1.0275906091456088,0.08800520777938423,W1|W3,1.0507044871875595,0.05364554580812565,0.844913752055666,0.1135,0.1045,0.0,0.0,1.0000000000000004
137,1.0,1.0100629157210372,0.04426346634503007,,;W3;W3|W1;W3|W1|W2,0.001019256234831012,7.889978;7.890997;7.891239;7.921600,True,1.0535802329287018,0.06929534680011186,0.792406245796259,0.3401915320175684,0.9975049190995128,0.09496521864220195,W1|W3,1.010062915721046,0.05465398800742148,0.8395602460685162,0.1015,0.1055,0.0,0.0,1.0000000000000002
138,1.0,1.0403190352176803,0.043711168944880155,,;W3;W3|W1;W3|W1|W2,0.00019505955579113277,7.070143;7.070338;7.070687;7.109441,True,1.0718969884318912,0.06038495278164807,1.2845097189681816,0.20345355424930128,0.9985691261965451,0.08992356010139656,W3|W1,1.0403190352176916,0.05336109189632896,0.846607,0.1145,0.1105,0.0,0.0,1.0
139,1.0,0.935324551404143,0.04494018620830137,,;W3;W3|W1;W3|W1|W2,0.00012782678916956058,6.474910;6.475038;6.545179;6.507617,True,0.9567491086726215,0.057886134907151214,1.2233217896777946,0.21155434078710436,0.9623517745707286,0.08924362197016791,W3|W1,0.9353245514041544,0.054381734673057576,0.8325654271109417,0.096,0.09,0.0,0.0,1.0000000000000004
140,1.0,1.0839535312921225,0.04470132179649575,,;W3;W3|W1;W3|W1|W2,0.0010685294010297497,6.988886;6.989955;6.991504;7.007901,True,1.1085505864546386,0.057060153751392874,1.2637765597910997,0.1543449750550542,1.0627830951390043,0.08996745056112093,W3|W1,1.0839535312921382,0.05155899118659155,0.8109231537975489,0.073,0.0605,0.0,0.0,1.0000000000000004
141,1.0,1.0183509702209133,0.044288912396762026,,;W3;W3|W2;W3|W2|W1,0.0017907127196137296,6.584708;6.586499;6.589617;6.600513,True,0.9865139912446977,0.060441316799120494,1.3050167129095611,0.19321351937637496,1.0292313297196198,0.08767448468918909,W3|W1,1.01835097022093,0.05193874261491752,0.8390343964978111,0.105,0.1,0.0,0.0,0.9999999999999996
142,1.0,1.0212887885926623,0.044475484752378315,W3,;W3;W3|W1;W3|W1|W2,-1.76233555828631e-05,6.681374;6.681356;6.682323;6.714455,True,1.0807522262459652,0.066653735389716,1.1863311645134014,0.1940799080387924,1.0267312083789464,0.08704295666040442,W1|W3,1.0212748698737273,0.05491566087107495,0.8418522267206477,0.106,0.107,0.0,0.0,0.9999154925318012
143,1.0,1.0742157538215773,0.04419097817677878,W3,;W3;W3|W1;W3|W1|W2,-0.0004675860512177721,6.267842;6.267374;6.270281;6.275865,True,1.0664349883984614,0.05573552377841368,1.1609996433975744,0.17279273415797788,1.0164636831118135,0.08787629949562267,W3|W1,1.074352363885326,0.05307091522311403,0.8240591849469592,0.0755,0.0755,0.0,0.0,0.998822842763167
144,1.0,0.9749970130634987,0.04598533475875898,W3|W1,;W3;W3|W1;W3|W1|W2,0.00040959298353548945,7.135142;7.135552;7.135000;7.154739,True,0.9294475926328355,0.0627766682822567,0.8585896210065354,0.30365394220802167,0.9814008222808119,0.08733616629768749,W3|W1,0.9675122334484085,0.05243458228440191,0.833830908530261,0.103,0.084,0.0,0.0,0.908713189188669
145,1.0,1.009368156888138,0.043814461522142245,,;W3;W3|W1;W3|W1|W2,0.023272423265408904,8.628913;8.652186;8.694678;8.675030,True,1.0494133922261486,0.05417399034550633,1.5286147370746908,0.18390723700146072,1.0078494216972842,0.09019627564257997,W1|W3,1.0093681568881616,0.05331322908639824,0.8494102603099385,0.114,0.1285,0.0,0.0,1.0
146,1.0,0.9913618246511979,0.044955378999941745,,;W3;W3|W1;W3|W1|W2,0.00016054515281371806,7.285293;7.285453;7.286210;7.341110,True,1.0304397346739604,0.09589850726761259,0.8786942171296038,0.2853248908910716,0.9688470062684332,0.09166201367212803,W3|W1,0.991361824651212,0.05517888783949967,0.842218,0.1025,0.1075,0.0,0.0,1.0
147,1.0,0.9499839700953695,0.044516791081661906,W3,;W3;W3|W1;W3|W1|W2,-0.00015879537417529122,7.472249;7.472090;7.472832;7.502941,True,0.9046523174354306,0.06874931941814963,1.000686076821617,0.21795088450803285,0.9074559680596282,0.09288101227980335,W3|W1,0.9499522594753007,0.05579871652660307,0.8455434890226108,0.1215,0.108,0.0,0.0,0.9994934475421152
148,1.0,0.9926916859624713,0.04371209728085539,,;W3;W3|W1;W3|W1|W2,0.007926510039053092,6.172351;6.180278;6.178169;6.215083,True,0.9838655172358204,0.06530920455473525,1.0683116875365728,0.1858522351411091,0.9819093089075214,0.0915578499132009,W3|W1,0.9926916859624857,0.05327704364971723,0.8217606555966704,0.079,0.08,0.0,0.0,1.000000000000001
149,1.0,0.9433937449748746,0.04507929782612933,,;W3;W3|W1;W3|W1|W2,0.00026500099130544186,9.575953;9.576218;9.582854;9.598977,True,0.8624923464289712,0.06361114575735514,0.9982764595611886,0.2048228408354787,0.9668647382106587,0.08900307866554327,W3|W1,0.9433937449749011,0.05464309469964548,0.8314534830813477,0.09,0.0965,0.0,0.0,1.000000000000001
150,1.0,1.01226931826927,0.04508631587933408,W3|W1,;W3;W3|W1;W3|W1|W2,-0.00011933215840365108,6.686560;6.686440;6.685459;6.699057,True,1.0604342387298078,0.05775124441176558,1.3000180800870835,0.1886700954551899,0.9884716456066697,0.08617382368635723,W1|W3,1.008497561954799,0.05365014635664414,0.8419368419368419,0.113,0.1045,0.0,0.0,0.9363533420548023
151,1.0,0.9624969710116426,0.04556449481643951,,;W3;W3|W1;W3|W1|W2,0.0008630199067045652,6.755041;6.755904;6.757222;6.765675,True,0.9602867984462153,0.05903050504946505,1.1676194688556893,0.2001858759589685,0.9930069119600504,0.08569574234787534,W1|W3,0.9624969710116491,0.05456317919922686,0.848081694617264,0.1085,0.116,0.0,0.0,1.0000000000000002
152,1.0,1.0277213754574002,0.04451521915153053,,;W3;W3|W1;W3|W1|W2,0.0005264188422087202,6.167303;6.167829;6.170989;6.181774,True,0.9734037721023964,0.062241168821776716,1.0526932797146014,0.22609634620127994,1.082902162043225,0.09064104314518975,W1|W3,1.0277213754574233,0.05398634892157203,0.8283821838735134,0.1105,0.081,0.0,0.0,1.0000000000000007
153,1.0,0.9853801628178472,0.04440014799408867,,;W3;W3|W1;W3|W1|W2,0.0002494315911167888,9.020565;9.020814;9.031600;9.038837,True,1.0532244672813005,0.07162620567069322,0.963472330107198,0.25726085690084805,0.9855139031517315,0.08696505377487915,W3|W1,0.9853801628178359,0.052799846817726336,0.8359884149172951,0.106,0.0835,0.0,0.0,1.0000000000000004
154,1.0,1.088107020720187,0.04518378954041191,,;W3;W3|W1;W3|W1|W2,0.0025735537002979925,8.049743;8.052316;8.053926;8.086941,True,1.100817611158317,0.07094444367267726,1.1144409111135414,0.19605256055328216,1.076567489939532,0.08670056379957568,W3|W1,1.088107020720194,0.05538452803123213,0.8300840336134454,0.0775,0.097,0.0,0.0,1.0
155,1.0,1.000245600920839,0.043746323291943834,W3,;W3;W3|W1;W3|W1|W2,-0.0021440981054174912,6.809462;6.807318;6.809348;6.829028,True,1.0466266983181765,0.05385115559038308,1.506272029900749,0.15167038117026121,1.1705238364118473,0.11050553965189176,W1|W3|W2,1.0002616312300332,0.05287622808976484,0.8486616953060269,0.111,0.1125,0.0,0.0,0.9996081628454868
156,1.0,0.9825351363858974,0.04526925738964108,W3,;W3;W3|W1;W3|W1|W2,-0.001221535255707451,8.379189;8.377967;8.378176;8.393825,True,1.0337850189194489,0.06829482846375433,0.7951851252811964,0.3093348593939977,0.9874106693648401,0.09326279403593042,W1|W3,0.9825057852012536,0.05584972646625584,0.8448248952493007,0.1175,0.0985,0.0,0.0,0.9992006115774477
157,1.0,1.0007510909044888,0.04402878704600866,,;W3;W3|W1;W3|W1|W2,0.010587646691766928,6.827855;6.838443;6.838972;6.851102,True,1.036664923643186,0.06229608439259138,1.128701624308416,0.24600188477494087,1.041023895610006,0.09026611150433045,W3|W1,1.000751090904497,0.053961015566225914,0.8408712630433391,0.097,0.108,0.0,0.0,1.0000000000000004
158,1.0,1.012517957018159,0.044554857086870334,,;W3;W3|W1;W3|W1|W2,0.00027422867789095307,6.353214;6.353488;6.356505;6.369891,True,0.9566392530396463,0.05803188496134971,1.0741292242024953,0.1884636281114405,1.0403499339396796,0.0894190462476496,W3|W1,1.0125179570181864,0.053410813460275416,0.8224826093739375,0.085,0.0865,0.0,0.0,0.9999999999999999
159,1.0,0.9923147377846456,0.04623356459762878,W3|W1,;W3;W3|W1;W3|W1|W2,-0.0022490050294381447,6.771350;6.769101;6.768023;6.781660,True,1.01076925499119,0.05912592140355036,0.9973036190769253,0.2559169638905601,1.019867386307114,0.0907717208854124,W3|W1,0.9922149324636549,0.05351012484401451,0.8386748674867487,0.109,0.1,0.0005,0.0,0.8947697415653247
160,1.0,1.0430674951223464,0.04560179797178016,,;W3;W3|W1;W3|W1|W2,0.0025983748294677866,7.736290;7.738888;7.741945;7.777550,True,1.0520135117526124,0.06414973829756757,1.128836767357767,0.23357965399473835,1.0525191390612467,0.09192557014343208,W3|W1,1.043067495122342,0.054257724878664385,0.8388340518190297,0.115,0.099,0.0,0.0,1.0000000000000009
161,1.0,0.9644808089396691,0.04571106058087866,,;W3;W3|W1;W3|W1|W2,0.0025499721282580268,6.982830;6.985380;6.983906;6.983399,True,0.9859591598240922,0.05466101983560258,1.2628541968512959,0.18751208466139982,1.022676675895792,0.09409662638089031,W1|W3,0.9644808089396801,0.054632489009450384,0.829071060547875,0.0975,0.0845,0.0,0.0,1.0000000000000004
162,1.0,0.98378985244385,0.04460714239007278,,;W3;W3|W1;W3|W1|W2,0.000397246222314962,5.929374;5.929772;5.932637;5.970226,True,0.9917145040413315,0.06157276528451626,1.2323283816329689,0.19525487091536872,1.0434844385711057,0.08956045274740225,W1|W3,0.9837898524438594,0.055217333513244454,0.827443544733692,0.0855,0.092,0.0,0.0,0.9999999999999999
163,1.0,0.8978904522814368,0.049694940604001904,W2|W3,;W2;W2|W3;W2|W3|W1,0.0017494698881028725,6.311138;6.312887;6.309961;6.316184,False,0.9022637395158537,0.049493659243292944,1.3721303878691566,0.13491255731936885,0.9400891381252707,0.0884198598794539,W1|W3,0.9172599075009684,0.05228690529920789,0.8257732226985443,0.0925,0.08,0.05,0.045,0.644025620106173
164,1.0,1.0509052855663028,0.04535475822885611,W3,;W3;W3|W1;W3|W1|W2,-0.0003168811203853039,7.114896;7.114579;7.122840;7.139684,True,1.0290121475748557,0.06356341330562987,1.0883936163430583,0.20174860678710105,1.091915968336902,0.08855712757345889,W1|W3,1.0509244744926145,0.054255326945096834,0.8361799222948235,0.105,0.0905,0.0,0.0,0.9999466276615517
165,1.0,1.0609988735060627,0.04545532670093489,W1,;W1;W1|W3;W1|W3|W2,-0.0022562549198310577,7.877465;7.875209;7.876006;7.885301,True,1.0395369398666023,0.05904592309543604,1.108886081385602,0.2700662336881869,1.0734463062075938,0.12521224506838044,W3|W1|W2,1.0687556856866762,0.0544387008392117,0.8379056584148117,0.099,0.0945,0.0005,0.0,0.9130031956624303
166,1.0,0.955562392064253,0.045649306907487655,W3,;W3;W3|W1;W3|W1|W2,-0.0003820081105363471,8.521696;8.521314;8.522692;8.569284,True,0.9439743734544214,0.06875252331231763,1.273335096121694,0.18230624219651065,0.9739829581453159,0.09258077218780918,W3|W1,0.955563158936953,0.05522939043252642,0.841080829173067,0.114,0.107,0.0,0.0,0.999987711987742
167,1.0,0.937812634083696,0.04666167021639858,W3|W1,;W3;W3|W1;W3|W1|W2,0.0003384962878403286,8.394428;8.394766;8.394398;8.419433,True,0.9575880507755936,0.06809405290404204,0.9971962962463993,0.18346953138731928,0.952203195187823,0.08886777596301879,W3|W1,0.9383326148487875,0.054602225825299104,0.8333968333968333,0.0915,0.0945,0.0,0.0,0.9353081772169868
168,1.0,1.0240875745215319,0.04314788476899988,,;W3;W3|W1;W3|W1|W2,0.0021558261620171493,5.947006;5.949162;5.951959;5.988156,True,0.9979306420948632,0.06867892364795211,0.9852102619067867,0.3368795306929298,0.9560291709032283,0.1769446086392877,W1|W3|W2,1.024087574521535,0.054448262370226874,0.8358386048247277,0.1125,0.0895,0.0,0.0,1.0000000000000002
169,1.0,0.9988206863297407,0.04746739865692476,W3|W1,;W3;W3|W1;W3|W1|W2,-4.034840829980624e-05,5.324083;5.324042;5.323514;5.355505,True,1.0313414020460414,0.07993197233136896,0.8206961051088373,0.3158467767970242,0.9930950354655391,0.08973518923150398,W3|W1,0.9986779534436647,0.054224894372980115,0.8403397817460317,0.0985,0.1005,0.0005,0.0,0.9109033671623961
170,1.0,1.0531519521981267,0.04517196385041251,,;W3;W3|W1;W3|W1|W2,0.00031885475564941146,5.946716;5.947034;5.951400;5.961545,True,1.0643071657657976,0.06238568994814259,1.2773642250336268,0.2169071570349859,1.04305269347357,0.09011922531505698,W1|W3,1.0531519521981287,0.05614225848239329,0.8347763564217028,0.097,0.097,0.0,0.0,0.9999999999999996
171,1.0,1.0343074308483096,0.04588963575608447,,;W3;W3|W1;W3|W1|W2,0.006380694198835357,6.717882;6.724263;6.721059;6.734116,True,0.9800067333487333,0.05812129238592214,1.3469014000993718,0.1589683337318043,1.058803002707428,0.08959120074179851,W3|W1,1.0343074308483204,0.05548194274637926,0.8202414395566041,0.079,0.0815,0.0,0.0,1.0000000000000002
172,1.0,0.9685223959161182,0.044939061718188,,;W3;W3|W1;W3|W1|W2,0.002495355249360287,6.027385;6.029881;6.029090;6.076081,True,0.9604124226982759,0.08003753445083835,0.9089665977791708,0.22382570297486348,0.955894741088758,0.09326020026867722,W3|W1,0.968522395916133,0.05528719458933341,0.828937004709778,0.1105,0.0705,0.0,0.0,1.0000000000000009
173,1.0,0.9759259223548944,0.05379059847898111,W2,;W2;W2|W3;W2|W3|W1,-2.242684182363064e-06,6.791198;6.791196;6.794336;6.796059,True,0.9810038287616408,0.05512043639426295,1.2485386491648909,0.17267430304442913,0.9527271428626766,0.09332817211519794,W1|W3,0.97317919917704,0.05397746209275973,0.8284849867335791,0.1005,0.0855,0.0345,0.0335,0.7007403749512987
174,1.0,1.0847781823997635,0.043633564122244485,W3,;W3;W3|W1;W3|W1|W2,-0.0014483297914829052,5.329828;5.328380;5.331638;5.355320,True,1.0561122091427746,0.05824642699109079,1.2651452426008192,0.1736034453104892,1.0677781171123675,0.08662806545070949,W3|W1,1.0847677425492332,0.05247945021857118,0.8283984010819505,0.0945,0.076,0.0,0.0,0.9999631804388293
175,1.0,0.9859444314493757,0.046888462168602346,,;W3;W3|W1;W3|W1|W2,0.0004667168362288976,4.943393;4.943860;4.956021;4.959485,True,0.9662293235441082,0.05820106948170407,1.3514600189899797,0.2240343978404711,1.0100091314477482,0.08894870376338058,W1|W3,0.9859444314493885,0.056202397590932304,0.841064,0.1085,0.105,0.0,0.0,1.0
176,1.0,0.8399834845377081,0.04433821436794412,,;W3;W3|W1;W3|W1|W2,0.002113196487994351,7.922266;7.924379;7.922704;7.945152,True,0.8561410413852419,0.06621879518356613,0.7726529397118851,0.27644860039656266,0.891702274308341,0.0893154739803571,W3|W1,0.8399834845377047,0.05623950183596582,0.8526052440990881,0.115,0.1255,0.0,0.0,0.9999999999999993
177,1.0,0.9038479111026212,0.045224332252024005,,;W3;W3|W1;W3|W1|W2,0.0012731490302897441,7.183404;7.184677;7.183855;7.215339,True,0.900362234645515,0.0633931828688434,0.9465909608822376,0.20380190478538332,0.9401287308924405,0.09057940107836458,W3|W1,0.9038479111026437,0.054327047175676525,0.829073242750144,0.087,0.0985,0.0,0.0,1.0000000000000004
178,1.0,0.9875122691690479,0.04670972446605467,W3,;W3;W3|W1;W3|W1|W2,-0.001644494050739631,7.552714;7.551069;7.568915;7.599108,True,0.9461622802317762,0.0644125091994179,1.1438747462925083,0.2186614137536265,1.0071580258266986,0.0922388097137979,W3|W1,0.9875533447955529,0.05624251409186621,0.8291442663082609,0.0995,0.092,0.0,0.0,0.9997601395345482
179,1.0,0.9810097457801631,0.0452823251672398,,;W3;W3|W1;W3|W1|W2,2.5302213754407887e-05,6.368602;6.368627;6.372669;6.388919,True,0.891460878384857,0.061296020136122634,0.898220341301543,0.24425040883295107,0.9545481968543055,0.09151038543977641,W1|W3,0.9810097457801719,0.05432785108693996,0.8289905228676452,0.089,0.0845,0.0,0.0,1.0000000000000002
180,1.0,1.1176030896586164,0.045298162166695875,,;W3;W3|W1;W3|W1|W2,0.0008009863519546911,8.021486;8.022287;8.048587;8.067590,True,1.1005119616977288,0.05687088138895643,1.13646344824264,0.2566349252016183,1.1226059165924411,0.0926642925746422,W3|W1,1.1176030896586195,0.053019440233263916,0.8297283971360535,0.093,0.0865,0.0,0.0,1.0000000000000004
181,1.0,1.0526878256399943,0.04510999725971841,W3,;W3;W3|W1;W3|W1|W2,-0.0013353828170092896,5.865836;5.864500;5.865134;5.891577,True,0.9966326797452341,0.06435254084318995,0.9736942553376517,0.25557874094678484,1.0637205832526686,0.09054464547640276,W1|W3,1.052723997531409,0.054378166696926654,0.8368450600487756,0.0835,0.1095,0.0,0.0,0.9991075145451705
182,1.0,1.075146092229541,0.045401697268747564,W3,;W3;W3|W1;W3|W1|W2,-0.00033025271676656587,8.207824;8.207493;8.209008;8.234709,True,1.0854051972061938,0.056282335257509,1.475706631799482,0.1559133004986488,1.248124782546128,0.10399960719151201,W3|W1|W2,1.0755925164657931,0.05507007977283514,0.8392937327602796,0.118,0.088,0.0,0.0,0.9971455884190075
183,1.0,1.0619548825931346,0.04516111184026025,,;W3;W3|W1;W3|W1|W2,0.03792531430393531,9.067312;9.105237;9.111087;9.107079,True,1.085484168342777,0.05846230536229555,1.0645478662855368,0.2819242286485966,1.0699186738353577,0.08702458338681883,W3|W1,1.0619548825931449,0.05643069959007002,0.8444984498449845,0.1085,0.1115,0.0,0.0,1.0
184,1.0,0.9605960028747897,0.047423527815947546,W3|W1,;W3;W3|W1;W3|W1|W2,-0.00022364334089086668,6.475013;6.474790;6.472674;6.484079,True,1.020669537594679,0.059377965919923004,1.0664638326169336,0.22262046126752105,1.0044270940923659,0.09022011464227679,W1|W3,0.961627725063741,0.05434505868811716,0.8216537907515946,0.065,0.1015,0.0,0.0,0.904883160733866
185,1.0,0.9436414335774973,0.045315756530601665,,;W3;W3|W1;W3|W1|W2,0.04490809357096026,7.930187;7.975096;7.977231;7.989224,True,0.9599488429767077,0.05813965716211149,1.1834891071036229,0.1717008971525719,1.0159558580071315,0.088061918281315,W1|W3,0.9436414335775111,0.05426993480520309,0.8331307991050487,0.0825,0.1025,0.0,0.0,0.9999999999999997
186,1.0,0.9655764628404165,0.045158203366812734,W1,;W1;W1|W3;W1|W3|W2,-0.000836145201909666,7.001261;7.000425;7.000581;7.049748,True,0.9809632527489721,0.07350820438964441,0.9208795704334454,0.2579961334741032,0.9830078576646669,0.08842912139765435,W1|W3,0.9700895844117579,0.05501339503669016,0.8399742390726066,0.099,0.1125,0.0,0.0,0.9370274665848609
187,1.0,0.9733306578969027,0.04537821291826121,,;W3;W3|W1;W3|W1|W2,0.00020305084729255185,6.457193;6.457396;6.462493;6.478620,True,0.9037881838200263,0.0694351453046257,0.8432386688401029,0.2487897136394244,0.9441722573930851,0.09939015488236516,W3|W1,0.973330657896917,0.054783573877027446,0.8279544515900643,0.085,0.0845,0.0,0.0,1.0000000000000004
188,1.0,1.0029331167493851,0.0450746257840857,,;W3;W3|W1;W3|W1|W2,0.0007024232219858817,6.658959;6.659662;6.662245;6.680018,True,1.0585331057538692,0.06373830646544384,1.2143467013285258,0.1829545989361404,1.0648391372876373,0.11110409823665134,W3|W1|W2,1.002933116749398,0.05508327963789295,0.8325552835381465,0.1,0.103,0.0,0.0,1.0000000000000004
189,1.0,1.0305956520177697,0.04326512007216514,,;W3;W3|W1;W3|W1|W2,0.006339484522181138,6.250247;6.256587;6.254193;6.289747,True,1.044773943214743,0.06247846457453355,1.3437667271611495,0.1984262544093247,1.0332712921903884,0.08736365438974908,W1|W3,1.0305956520177848,0.053604988209330275,0.8323555667643432,0.0895,0.095,0.0,0.0,0.9999999999999998
190,1.0,1.059265448656788,0.045912049768338715,W3|W1,;W3;W3|W1;W3|W1|W2,0.00046794410734385394,7.411066;7.411534;7.410856;7.426125,True,1.066589367206908,0.06325952964972012,1.0447158112475916,0.28652576090835447,0.9999971696513633,0.09065554109269744,W3|W1,1.064092309013813,0.053000410554055626,0.8426343348360541,0.102,0.105,0.0,0.0,0.9118585676828671
191,1.0,0.993362522167954,0.04520810310800343,W3,;W3;W3|W1;W3|W1|W2,-8.430203898601718e-05,6.422110;6.422026;6.424898;6.433499,True,0.9729339740330696,0.05957409004028102,0.9859726648639323,0.22524473098983802,0.9704040686812929,0.08997747154030859,W1|W3,0.9931308288397284,0.05465092311123289,0.8331967184402083,0.106,0.088,0.0,0.0,0.9980737334066616
192,1.0,0.9828993925581887,0.044846849319831635,W3,;W3;W3|W1;W3|W1|W2,-9.626406880158811e-05,6.336106;6.336010;6.340042;6.392452,True,1.0240298764845608,0.08236022840267697,1.0287034338623617,0.25318992102055426,0.9847280326744373,0.09198376615705268,W1,0.9829002399540089,0.0554154818720177,0.8440681322440016,0.107,0.105,0.0,0.0,0.9999909213213303
193,1.0,1.0984594333343642,0.04436753896244784,,;W3;W3|W1;W3|W1|W2,0.00022859684697174032,5.351019;5.351248;5.351665;5.357518,True,1.052469093072167,0.05906356890442575,1.3807536111004288,0.16477785153209748,1.0487096344432034,0.09483551822638722,W1|W3,1.0984594333343918,0.054690656545170906,0.8358049881851393,0.088,0.1125,0.0,0.0,0.9999999999999996
194,1.0,0.9595151128389974,0.0444785533529429,,;W3;W3|W1;W3|W1|W2,0.00025342582657295054,7.118092;7.118346;7.119244;7.127836,True,0.9331806262757061,0.05493906545541118,1.1009760319150783,0.1982823901724359,0.9892620762816365,0.09380453079656328,W1|W3,0.9595151128390087,0.053577068130139786,0.8311634666258597,0.098,0.0895,0.0,0.0,1.0000000000000002
195,1.0,1.04807219233223,0.043469343610267566,W3,;W3;W3|W1;W3|W1|W2,-0.00016721751062576118,6.523785;6.523618;6.525553;6.542540,True,0.973491404978944,0.06754276881669605,1.1339663719049933,0.19838485045495313,1.0616690987154775,0.08450366268793259,W1|W3,1.047996617730224,0.052504500319228625,0.8322832283228323,0.0865,0.0965,0.0,0.0,0.9981664764052228
196,1.0,1.0376483067558546,0.04550571167621447,,;W3;W3|W1;W3|W1|W2,0.0009824270127278822,5.818383;5.819366;5.824325;5.845733,True,1.0242315933878514,0.0648643023191531,1.210406817316685,0.21108869450222972,1.0000512571378883,0.13761812147147606,W3|W1|W2,1.037648306755865,0.056214037572161764,0.8350319396778476,0.112,0.0875,0.0,0.0,1.0000000000000007
197,1.0,0.9805132372628907,0.044476562600157116,,;W3;W3|W1;W3|W1|W2,0.0011203110845006137,5.756007;5.757127;5.759522;5.777369,True,0.9935720855149296,0.06164370778642459,0.991969511934003,0.21594354844659264,1.0130717376394367,0.08891230065316567,W3|W1,0.9805132372628991,0.05283488263125352,0.835078031212485,0.096,0.106,0.0,0.0,1.0
198,1.0,0.984205688781099,0.045645937300439476,W3,;W3;W3|W1;W3|W1|W2,-0.0003317660159449787,6.741175;6.740843;6.742063;6.762209,True,0.9518515656410247,0.0695091719022688,1.0961291182343293,0.28829470604567414,1.0087180132561808,0.09405523667638682,W1|W3,0.9842494234741568,0.05669732734312207,0.8502674171357099,0.1185,0.1105,0.0,0.0,0.9998620034904127
199,1.0,1.0324499294571166,0.04599061970298113,W3,;W3;W3|W1;W3|W1|W2,-0.0004705924870282985,5.886448;5.885978;5.887801;5.911272,True,1.027528618896091,0.06083097687258567,1.0880925422793082,0.19727668575037485,0.9804240110668648,0.09275705763723487,W1|W3,1.0324760186141755,0.054852236585717334,0.8269441105769231,0.077,0.095,0.0,0.0,0.999493509099096
200,1.0,1.0770161768308115,0.045137819248868866,,;W3;W3|W1;W3|W1|W2,4.8082855980347006e-05,6.645352;6.645400;6.646197;6.677422,True,1.0370214704751293,0.07271891096089211,0.6422091545400694,0.28283793550436614,1.1325242058815845,0.08817354944230153,W1|W3,1.0770161768308213,0.05497912379759455,0.8560877403846154,0.1295,0.1095,0.0,0.0,0.9999999999999993
201,1.0,0.9472300661268586,0.046487518682374454,W3|W1,;W3;W3|W1;W3|W1|W2,0.0005955786227156423,4.477056;4.477652;4.475706;4.487114,True,0.9109795546149232,0.057328527843703105,0.6994123784896203,0.31091474302306876,0.9840842519709849,0.08944025182794865,W3|W1,0.9480506884630959,0.05388693118864455,0.8288572964817669,0.085,0.1085,0.0,0.0,0.9233819699358272
202,1.0,1.0197923101023594,0.045381273202393595,W3,;W3;W3|W1;W3|W1|W2,-0.0010645400990636489,6.542298;6.541234;6.542511;6.546288,True,0.9814845779587068,0.056576859177252234,1.032103793451228,0.2688158342354985,1.0158160272207142,0.09174926645861001,W1|W3,1.0197938166454699,0.05337557037033062,0.834659,0.1015,0.087,0.0,0.0,0.9999624153094546
203,1.0,1.0406159188831072,0.04453093228838944,,;W3;W3|W1;W3|W1|W2,0.0015209735149213088,7.016850;7.018371;7.024205;7.021162,True,1.0233238072099227,0.05641435498038404,1.3942450643222857,0.1712525881629785,1.05619356325778,0.08681863999834041,W1|W3,1.0406159188831063,0.053909224030804455,0.8376070427450945,0.096,0.1095,0.0,0.0,0.9999999999999999
204,1.0,0.9316608010423892,0.04464741160491607,,;W3;W3|W1;W3|W1|W2,0.05422900716749979,7.482699;7.536928;7.539093;7.568008,True,0.9611580061319905,0.06257243993936572,1.0015730700669578,0.23198723658906903,0.9654071528271088,0.08802301743316501,W1|W3,0.9316608010423967,0.054309563940798125,0.8245476255028468,0.084,0.0835,0.0,0.0,0.9999999999999999
205,1.0,0.9869371348398435,0.04405679376177686,,;W3;W3|W1;W3|W1|W2,0.006506994983711323,7.123310;7.129817;7.125852;7.151930,True,0.9769023272921391,0.06357982641906486,1.106559770340693,0.21071313113382428,0.9592594826509991,0.09145034814153806,W1|W3,0.9869371348398511,0.05390588243815501,0.8353146419439899,0.09,0.1075,0.0,0.0,0.9999999999999993
206,1.0,1.0538483425621834,0.04505049362976338,,;W3;W3|W1;W3|W1|W2,0.011705906408376876,6.588305;6.600011;6.604090;6.662295,True,0.9707059833952734,0.07878573394656681,0.798460275764272,0.23495069837860677,1.0242206830065896,0.08942927132830523,W3|W1,1.0538483425621854,0.053760551404093825,0.8273895928962821,0.1075,0.0695,0.0,0.0,0.9999999999999989
207,1.0,0.9018412675727469,0.0436369672127111,,;W3;W3|W1;W3|W1|W2,0.0002959023218478407,7.378858;7.379154;7.385788;7.418044,True,0.8160020894769862,0.06841051863925811,0.9409594640345172,0.22882586486603163,0.9767161687863345,0.09436631124732592,W1|W3,0.9018412675727582,0.05351949724746666,0.8401030025750644,0.1055,0.111,0.0,0.0,1.0
208,1.0,0.8899256488827468,0.04573775880937866,W1,;W1;W1|W3;W1|W3|W2,-0.0011112318690535972,7.324788;7.323676;7.324278;7.352821,True,0.9103007365596759,0.057817125269873176,0.800258421655667,0.2805079498160607,0.9091951639874984,0.08838662499574662,W3|W1,0.8852918837379327,0.05454012020813017,0.8380442566743082,0.097,0.0975,0.0,0.0,0.9331986934594897
209,1.0,1.0634735092642957,0.042848102405229974,,;W3;W3|W1;W3|W1|W2,6.418648220307688e-05,6.331616;6.331680;6.335041;6.354714,True,1.0452687825154627,0.05954563981386663,1.1446521388959119,0.2688306912079569,1.0804281784905514,0.0924363380080353,W3|W1,1.0634735092643024,0.05210598968023791,0.8445024046947803,0.099,0.1145,0.0,0.0,1.0000000000000002
210,1.0,1.019646344968384,0.056761147500037426,W2|W1,;W2;W2|W1;W2|W1|W3,-0.012547087717933003,5.417590;5.405043;5.404807;5.409893,False,1.0188627286586154,0.056619481423349896,1.0638302394030401,0.21326395481982033,1.0454245226430092,0.09124490952493336,W3|W1,1.0800196422587633,0.05493240241002044,0.8372765354888194,0.1015,0.0945,0.103,0.095,0.45194034499931235
211,1.0,1.022060501273653,0.045064345810128845,,;W3;W3|W1;W3|W1|W2,0.00086574436832354,6.764414;6.765280;6.765906;6.777276,True,1.025953605105851,0.06165313423576309,1.3190717863624069,0.18197147803666394,1.0238471043403494,0.08728946701039826,W3|W1,1.0220605012736688,0.055884095601746495,0.8309361405446174,0.1025,0.0865,0.0,0.0,1.0000000000000004
212,1.0,1.0415164940092898,0.04266950537002313,,;W3;W3|W1;W3|W1|W2,0.0022874435430582096,5.700758;5.703046;5.705109;5.740193,True,1.0528031674719236,0.07318691731262492,0.9117164789694864,0.3253554571796067,1.0545599043069491,0.08679707518100797,W3|W1,1.0415164940093076,0.05160344395093778,0.8361346429118015,0.103,0.0975,0.0,0.0,1.0000000000000004
213,1.0,0.9630111152325872,0.045418889813253184,W3,;W3;W3|W1;W3|W1|W2,-0.006629290323211023,7.692765;7.686136;7.686424;7.694524,True,0.9851292086818072,0.06358623983812993,0.8679899866978088,0.2072079746945441,0.9315732998691157,0.09269793958495078,W3|W1,0.9630104928018869,0.05492136277208638,0.8405929386614143,0.106,0.0925,0.0,0.0,0.9999997327678666
214,1.0,0.9575347035266288,0.04389393982816312,,;W3;W3|W1;W3|W1|W2,0.0008228095771993793,6.922435;6.923257;6.925879;6.932237,True,0.9282488361641796,0.06688170612365832,0.9860650616040199,0.21409526337752507,0.9608966771992425,0.08671818342171372,W3|W1,0.9575347035266545,0.054388131736137595,0.8303613214452857,0.088,0.09,0.0,0.0,1.0000000000000009
215,1.0,0.9998096860088935,0.045838346650722436,W3,;W3;W3|W1;W3|W1|W2,-7.94677687832035e-06,7.301156;7.301149;7.304553;7.335508,True,1.0190006699292082,0.0700126420143024,1.1373505156801669,0.2734857432175345,1.0190093290134319,0.09207639029344838,W1|W3,0.9998111424777559,0.0546681403762883,0.8388524216387462,0.1055,0.108,0.0,0.0,0.9999788764455778
216,1.0,1.0909092407153669,0.04438668767463144,,;W1;W1|W3;W1|W3|W2,0.002571465029551412,6.356731;6.359303;6.358078;6.392596,True,1.0461283016111484,0.06242215946494864,1.1475082485971615,0.24087002817072173,1.0355763330656582,0.09080145974934256,W1|W3,1.0909092407153873,0.05353494724261376,0.8354154665898618,0.1,0.0995,0.0,0.0,1.0000000000000004
217,1.0,0.8730591844286372,0.04520959769353737,W3,;W3;W3|W1;W3|W1|W2,-0.0003267467740153407,6.343945;6.343619;6.343892;6.354567,True,0.9313077651272234,0.06256031896924705,1.1399779371692271,0.1719089603579991,0.9573469040606006,0.08884152029838543,W3|W1,0.8729501965549962,0.054187780793898944,0.8357191472325093,0.114,0.082,0.0,0.0,0.9990364225430504
218,1.0,1.0371477476502793,0.04558456445674336,,;W3;W3|W1;W3|W1|W2,9.424274967706481e-05,8.431604;8.431698;8.434219;8.442125,True,1.068201027456176,0.053920534479323184,0.9821721793730119,0.2788108004366804,1.0395306287641797,0.08954493592159044,W3|W1,1.0371477476503026,0.0536830091154519,0.8411046904315197,0.105,0.106,0.0,0.0,0.9999999999999996
219,1.0,0.986548585858616,0.04425324459671957,W3,;W3;W3|W1;W3|W1|W2,-6.915987893041375e-05,5.657418;5.657349;5.662632;5.666647,True,1.0203850872057938,0.056947729837777225,1.1550836057440115,0.1970113332232595,0.9460119039752328,0.09729189049831115,W3|W1,0.9865341643757451,0.05313704994868049,0.8343180354492762,0.096,0.1055,0.0,0.0,0.9995890633937528
220,1.0,1.0021474363849612,0.04461372958557918,,;W2;W2|W3;W2|W3|W1,0.018785754450723502,7.142400;7.161186;7.165558;7.176430,True,1.0585100357426562,0.06073808962203924,1.145065186028591,0.25888736558219866,1.0432856788192872,0.09201155889130955,W3|W1,1.0021474363849676,0.05571620516237416,0.8387459384210121,0.1085,0.111,0.0,0.0,0.9999999999999999
221,1.0,0.9949737889250134,0.0443718647747443,,;W3;W3|W1;W3|W1|W2,0.0002383219304329387,6.375513;6.375752;6.381800;6.426926,True,0.9930343210205272,0.07334033570502943,0.7518986087741345,0.3247094395898047,0.9764696021634441,0.09084735981654027,W1|W3,0.9949737889250362,0.05540066506370517,0.843978092142343,0.0885,0.121,0.0,0.0,1.0000000000000007
222,1.0,1.044003941233726,0.046340754386774104,W3|W1,;W3;W3|W1;W3|W1|W2,0.0019238788476894086,8.170171;8.172095;8.169730;8.192964,True,1.0464630089905262,0.06526762944160283,1.2956729839362926,0.2127234635218417,1.055452808258945,0.08932109672401684,W3|W1,1.03929338197218,0.05620212718019753,0.8556473331828782,0.146,0.1045,0.0,0.0,0.8823008854761749
223,1.0,1.0470081691403874,0.04704506331290435,W3|W1,;W3;W3|W1;W3|W1|W2,-0.00015092970876828815,7.521136;7.520985;7.518907;7.532297,True,1.0045920423130141,0.06543749085762661,1.2681712490214234,0.21369664048810977,1.0346123917985306,0.09109079845181237,W1|W3,1.0469703791464806,0.05577539622132061,0.8488120257649147,0.109,0.124,0.0,0.0,0.9257985836667666
224,1.0,1.0186745548559628,0.044001929525204014,,;W3;W3|W1;W3|W1|W2,0.0005834364211585452,7.509592;7.510176;7.513090;7.547246,True,1.0404429369355224,0.06647784295897732,1.3201049614320595,0.16662851550450716,1.0366824338699125,0.08948099281695235,W3|W1,1.018674554855982,0.05451325658523043,0.8242704184337659,0.0845,0.088,0.0,0.0,1.0000000000000004
225,1.0,0.9990965333068428,0.04507979352300079,W3,;W3;W3|W1;W3|W1|W2,-0.00019044388280331503,7.497887;7.497697;7.500576;7.564236,True,0.9947155433824509,0.07918687520464651,1.2912133865818767,0.28408659949512016,0.9779655192783645,0.09041013554007606,W1,0.9990991296660936,0.05586026183856296,0.8385347938440852,0.097,0.108,0.0,0.0,0.9999985544492891
226,1.0,1.0001887922650405,0.044686378179787,,;W3;W3|W1;W3|W1|W2,0.0017484304458648126,6.163955;6.165704;6.172706;6.196463,True,0.9930663620971688,0.06832293992393237,1.22481235801487,0.18228667315996955,1.0423023760039734,0.11925920706966614,W3|W1|W2,1.0001887922650456,0.05472766897145022,0.8358413734619754,0.1095,0.0945,0.0,0.0,1.0000000000000009
227,1.0,1.0236808072799657,0.046742766951495006,W3|W1,;W3;W3|W1;W3|W1|W2,-0.0012096134373509315,6.704434;6.703224;6.701646;6.725095,True,0.9741596764190465,0.05812853946796345,1.1761051195933976,0.2418281167393572,1.0230298466693863,0.08878096673811284,W3|W1,1.016662014801121,0.05515227011782305,0.8348396301643569,0.1155,0.098,0.001,0.0,0.8909410818215974
228,1.0,0.9852892564767717,0.04424952651626334,W3,;W3;W3|W1;W3|W1|W2,-0.0008763943175944533,7.392291;7.391415;7.392309;7.407980,True,0.9750602533492099,0.057925054076863616,0.9293663514411263,0.21205448365391646,0.979251138660249,0.08964116257783593,W1|W3,0.9852987579029925,0.051828388585251656,0.8372200951386471,0.101,0.0915,0.0,0.0,0.9999788827676548
229,1.0,0.9819849765974645,0.044433944490788906,,;W3;W3|W1;W3|W1|W2,0.000512138503911963,5.287980;5.288492;5.291369;5.305119,True,1.067813464575991,0.05906566840004771,1.4540084386355743,0.1729899077552231,1.2055324053235548,0.10044259349314029,W1|W3|W2,0.981984976597472,0.054426887970356295,0.8364533832541321,0.1065,0.1,0.0,0.0,0.9999999999999996
230,1.0,0.9906859014853893,0.043879984799761705,W3,;W3;W3|W1;W3|W1|W2,-0.00012600571597154442,5.658194;5.658068;5.660019;5.672452,True,1.069330976104554,0.05730729305174248,1.3308966615752327,0.18570710100751686,1.0207170818309008,0.08742255187796796,W1|W3,0.9906884770350193,0.05314073067043441,0.829489,0.0945,0.0925,0.0,0.0,0.9999721311099197
231,1.0,0.9553334399301712,0.044826766401407814,W3,;W3;W3|W1;W3|W1|W2,-0.00011772546381827453,8.105989;8.105872;8.106737;8.165829,True,0.9707737809253645,0.0692238730721505,1.2518196077408368,0.24307815501297098,1.0016347454219214,0.08819419343929037,W3|W1,0.9553487139173245,0.057710890320986995,0.8588943432912851,0.137,0.1235,0.0,0.0,0.9997305251871977
232,1.0,1.0301317302353434,0.04492990415879018,W3|W1,;W3;W3|W1;W3|W1|W2,0.00040491256297681133,6.516833;6.517238;6.514151;6.524892,True,1.0131832622669827,0.06151429158531092,1.127189009740619,0.2189777727516634,1.0595034664165732,0.0893549448630837,W1|W3,1.0293344281642218,0.05189189308262859,0.8378117811781178,0.0955,0.1065,0.0,0.0,0.9267674559009945
233,1.0,1.024398401600313,0.04644575578732563,W3|W1,;W3;W3|W1;W3|W1|W2,0.00045107578266190274,7.069897;7.070349;7.069081;7.082105,True,1.019862975821557,0.0668256376961656,0.8611842486296758,0.2876086086750032,1.0643450509197643,0.08972675895325904,W3|W1,1.0291962714254344,0.0561636941739196,0.856208587728956,0.129,0.1215,0.0,0.0,0.9073642410796764
234,1.0,0.9440308068804074,0.04530230507538089,,;W3;W3|W1;W3|W1|W2,8.831470417103304e-05,7.534998;7.535086;7.537594;7.625651,True,0.9058825336110028,0.0816978433108749,0.967377096980714,0.3277824150121737,1.0079557696453856,0.08898942999384511,W3|W1,0.9440308068804132,0.05470972408362817,0.8424363108287594,0.104,0.1105,0.0,0.0,1.0000000000000009
235,1.0,0.9103332267120637,0.04383657182513126,,;W3;W3|W1;W3|W1|W2,8.1609158363527e-05,6.952532;6.952614;6.956041;6.966400,True,0.880683185373741,0.058765222673850134,1.2559190663345048,0.15406001277668652,0.9976117066514982,0.09000723389995659,W1|W3,0.9103332267120658,0.05248975539264032,0.8317644916953093,0.0945,0.088,0.0,0.0,1.0000000000000004
236,1.0,0.9717972683059515,0.04404556048519952,,;W3;W3|W1;W3|W1|W2,0.0026979364443917575,6.948434;6.951132;6.954586;6.970598,True,1.0584408480768754,0.06383512567374726,1.1432402468647147,0.19795775611668404,1.0613312075082817,0.09961748681755052,W1|W3|W2,0.9717972683059652,0.05408911371710805,0.8429568429568429,0.1025,0.108,0.0,0.0,0.9999999999999994
237,1.0,0.9910545168625692,0.04464659021396413,,;W3;W3|W1;W3|W1|W2,0.0008014563947131847,5.569948;5.570750;5.571350;5.578787,True,1.019766121852892,0.06486116174850176,0.9629509409656469,0.2653007896498655,1.1885843019664601,0.10641460913874613,W3|W2|W1,0.9910545168625794,0.05566854596334162,0.8297628297628298,0.0985,0.0835,0.0,0.0,0.9999999999999994
238,1.0,1.0123405176938485,0.04421173053040124,,;W3;W3|W1;W3|W1|W2,0.0005075073489306803,6.713070;6.713578;6.720348;6.790225,True,0.9694464597767274,0.06752614347647821,0.6337628898685925,0.29506118653165836,0.9636439855982285,0.09062588792291322,W3|W1,1.0123405176938618,0.05461400543890837,0.8430028087190321,0.103,0.099,0.0,0.0,0.9999999999999998
239,1.0,0.9869374931802252,0.04576242539428302,,;W3;W3|W1;W3|W1|W2,4.3028189064209243e-05,6.072447;6.072490;6.076642;6.091718,True,0.9530614912197594,0.06268138081249557,1.1825163686602302,0.18649889661437943,0.9712524926870435,0.09280739248966599,W1|W3,0.9869374931802416,0.055257187274178485,0.8442961398117919,0.11,0.1115,0.0,0.0,0.9999999999999998
240,1.0,0.9521982772070544,0.04435397521668409,,;W3;W3|W1;W3|W1|W2,0.0005248066482606006,7.284168;7.284693;7.284729;7.299027,True,0.9768662964513645,0.05617931541816421,1.5368460068444467,0.14481849886400772,1.1733309872022235,0.10294218201353354,W3|W1|W2,0.9521982772070797,0.0552562323214096,0.8442903771615087,0.113,0.1145,0.0,0.0,1.0000000000000009
241,1.0,1.0215925529423795,0.04672975771863026,W3,;W3;W3|W1;W3|W1|W2,-0.00015847062274154666,7.150340;7.150182;7.152455;7.160072,True,1.0692798694704913,0.060893294185289125,0.8495754112960877,0.28852999426938053,0.9720824929708538,0.09261878301966521,W3|W1,1.0216154297215227,0.05620322452639001,0.840948274137869,0.1,0.1035,0.0,0.0,0.999709291856956
242,1.0,0.9569396307145579,0.04399185316324152,,;W3;W3|W1;W3|W1|W2,0.00015523455916000017,5.957516;5.957672;5.957631;5.967068,True,0.981761790734128,0.057987625630261844,1.1343682230642533,0.24009985290018235,0.9465739393128126,0.09321076528324358,W1|W3,0.9569396307145751,0.05314796250161019,0.8344607277325007,0.0975,0.0855,0.0,0.0,0.9999999999999994
243,1.0,1.0038140302926783,0.04587160256979861,W3|W1,;W3;W3|W1;W3|W1|W2,0.00019080170453911194,6.563126;6.563317;6.562376;6.591695,True,1.01893226787226,0.05486379385252236,1.517154366846957,0.13911866108854612,1.028978485310491,0.08951972460425571,W3|W1,1.00017044940879,0.05442284980140068,0.8314069306495033,0.0935,0.0895,0.0,0.0,0.9235544715087202
244,1.0,0.9563716429075338,0.044222832114430365,,;W3;W3|W1;W3|W1|W2,0.0006069359136455788,7.251937;7.252544;7.306473;7.287016,True,0.9659846334049521,0.07093934974753599,1.166332756569616,0.2092883436248045,0.9443438944581123,0.09428662564164511,W3|W1,0.9563716429075458,0.05452693240641067,0.841198874815174,0.099,0.12,0.0,0.0,1.000000000000001
245,1.0,1.0699216090283012,0.0449811113047941,,;W3;W3|W1;W3|W1|W2,3.98007983566373e-05,7.186370;7.186410;7.188754;7.239186,True,1.0309520094644713,0.0693011124326387,1.0416615437602927,0.2637783733699719,1.099312759435505,0.08870492686830961,W1|W3,1.0699216090283183,0.053319145340196675,0.8362409625034066,0.111,0.0785,0.0,0.0,0.9999999999999993
246,1.0,1.047236440800902,0.0449356263685537,,;W3;W3|W1;W3|W1|W2,0.0003600907382397267,7.331412;7.331773;7.332527;7.338072,True,1.0731600459670676,0.05613490907075578,1.5035241077321417,0.1579486365114549,1.030960427287292,0.09100074368649394,W1|W3,1.0472364408009096,0.054363635872349374,0.8320986220040681,0.104,0.083,0.0,0.0,0.9999999999999997
247,1.0,0.9972100185309201,0.044053715771654636,,;W3;W3|W1;W3|W1|W2,0.001474736061363835,6.521380;6.522855;6.521553;6.537490,True,1.083878171422133,0.07006105692689878,1.1471636858671617,0.24193703738784364,1.1676606194411256,0.10778063176133741,W1|W3|W2,0.9972100185309366,0.05284501772190406,0.8298323193292774,0.079,0.0945,0.0,0.0,0.9999999999999997
248,1.0,0.9732182455552959,0.04489803576283384,W3,;W3;W3|W1;W3|W1|W2,-0.00020384549380292327,7.140768;7.140564;7.141428;7.154737,True,0.940202064992717,0.05587889001902924,0.9281530173099213,0.27560861194814285,0.987433948665879,0.09060300496301216,W3|W1,0.9732650531850082,0.054367988808025985,0.8341087832594929,0.092,0.1065,0.0,0.0,0.9997714254889042
249,1.0,0.9306323532588042,0.04459131807108889,W3,;W3;W3|W1;W3|W1|W2,-0.0002286047771971056,6.201358;6.201130;6.205467;6.227907,True,0.9054824298347959,0.06592971306683339,0.9147272584259002,0.2665919956120047,1.0007467678237165,0.09222385636109327,W1|W3,0.9306300748027405,0.054139752968766074,0.8368160039841952,0.099,0.096,0.0,0.0,0.9992252818864841
250,1.0,0.9832909818159306,0.047050835681364665,W1,;W1;W1|W3;W1|W3|W2,-0.0029838055541429043,5.806762;5.803778;5.805647;5.831128,True,0.907516224575392,0.06137395565845309,1.295893405076812,0.15509653077025531,0.9969687572779901,0.08930354615875245,W1|W3,0.9820467451654167,0.05555935575991069,0.8397367431515617,0.109,0.102,0.0,0.0,0.936691034852409
251,1.0,1.031561518407952,0.04416751370070224,,;W1;W1|W3;W1|W3|W2,0.004764973905157177,7.083874;7.088639;7.085269;7.091647,True,1.0495429709913513,0.0571912539990125,1.2405368710256368,0.20258162065515628,1.0498378582560937,0.08949612174020678,W3|W1,1.0315615184079587,0.05305348792358651,0.8293288293288293,0.0965,0.0895,0.0,0.0,0.9999999999999994
252,1.0,1.007717276848852,0.04512173006053296,W3,;W3;W3|W1;W3|W1|W2,-0.00024392413006690816,7.846442;7.846198;7.848043;7.871096,True,1.0124604665516994,0.06794841762114096,0.8873354085464341,0.23268960170793782,0.9805819658891775,0.09295465780735654,W1|W3,1.007722067494131,0.054138203818178646,0.8194908194908195,0.086,0.074,0.0,0.0,0.9999416627804154
253,1.0,1.0444623762998857,0.044218432340194534,,;W2;W2|W3;W2|W3|W1,0.0024167770772560715,5.781028;5.783444;5.796278;5.787235,True,1.0572877405758767,0.05785239197174669,1.4443063105386649,0.1574612932974426,1.09069627139957,0.09041523074405372,W3|W1,1.044462376299908,0.05275106990029994,0.8321724978518792,0.0855,0.092,0.0,0.0,1.0
254,1.0,1.0215575112043618,0.04487707626199247,W3,;W3;W3|W1;W3|W1|W2,-0.0006307610920224249,7.217412;7.216781;7.216921;7.223402,True,0.9878166861934884,0.05541107825168777,1.0387662369857118,0.256818304588352,1.0054376369269316,0.08716792149013632,W1|W3,1.021577298095047,0.0532063984972065,0.8161948967990905,0.0705,0.0785,0.0,0.0,0.9999851823346837
255,1.0,1.0717091282839466,0.04463284952435509,,;W3;W3|W2;W3|W2|W1,0.000451328933178452,5.861432;5.861883;5.864593;5.877474,True,1.0227304786222646,0.05952269200102319,1.2851986874252737,0.19359340655258317,1.036863725532506,0.09104636104220427,W3|W1,1.0717091282839686,0.054160079487065985,0.8403587829621095,0.107,0.099,0.0,0.0,1.0000000000000004
256,1.0,1.078109024028298,0.04575259993813958,W1,;W1;W1|W3;W1|W3|W2,-0.00028876504904662426,7.110572;7.110283;7.110936;7.120401,True,1.0673146409817542,0.0528777549758059,1.0815463364118236,0.3402666825640794,1.0926331637873432,0.08624100262467056,W1|W3,1.079589145985345,0.05215616404746127,0.8168576274983598,0.0705,0.0795,0.0,0.0,0.9457170989507806
257,1.0,1.0964058913041974,0.047226070788938077,W3|W1,;W3;W3|W1;W3|W1|W2,0.0008937877334496136,6.446025;6.446918;6.444938;6.457447,True,1.1473906128373386,0.06084737228496266,1.163337686294792,0.26922015678805594,1.0278362073091365,0.09293536716379168,W3|W1,1.084467105483222,0.054697536417272444,0.8438214782145418,0.0915,0.1205,0.0,0.0005,0.9037378878861121
258,1.0,0.9996609325158812,0.044350279650460296,,;W3;W3|W1;W3|W1|W2,0.0016427470890585383,6.070062;6.071705;6.071239;6.080320,True,1.0060624741662756,0.057888128178236964,1.2942895290249317,0.16702525063074675,1.011507869206518,0.08696142774393265,W3|W1,0.9996609325159008,0.05287367277998431,0.8299864698782289,0.095,0.092,0.0,0.0,1.000000000000001
259,1.0,0.9891116319931187,0.045536415397514275,W3|W1,;W3;W3|W1;W3|W1|W2,0.00021632196928056402,6.706188;6.706404;6.703843;6.724041,True,1.005369877694629,0.06219661524931649,1.364069335609848,0.17702805594604884,1.0089448362974158,0.09208747609827656,W3|W1,0.9935567685867943,0.05370459282029607,0.8415162342954805,0.1055,0.092,0.0005,0.0,0.899515441984168
260,1.0,0.9908629440416377,0.04479701505204805,W3,;W3;W3|W1;W3|W1|W2,-3.2014860619433705e-05,5.888119;5.888087;5.889541;5.898297,True,0.9314599699700632,0.05861765874617567,1.0560698694798856,0.2200462921083255,1.00737460086075,0.09149513186890366,W3|W1,0.9907737175945742,0.05295324572680859,0.8254596726673642,0.0745,0.0955,0.0,0.0,0.9996659438670898
261,1.0,0.9422166093376407,0.05940020588569046,W2,;W2;W2|W3;W2|W3|W1,-0.009555944474584521,7.923510;7.913954;7.918338;7.932594,True,0.9680268191077664,0.07112994952495338,1.0462423191872818,0.197640356936415,0.9946362481165772,0.09419364628407245,W3|W1,0.9672508723878427,0.056104335971992006,0.8180632631243131,0.0665,0.078,0.0385,0.033,0.675513661196671
262,1.0,1.0364419336431023,0.04527940594653977,,;W3;W3|W1;W3|W1|W2,7.67716963157028e-06,4.400133;4.400140;4.403908;4.411212,True,1.0441218521512692,0.06331604116300789,1.027095527525644,0.2713479026915217,1.0064769987735405,0.0913525324551488,W1|W3,1.0364419336431137,0.05568441294725259,0.8475569484971841,0.1145,0.1055,0.0,0.0,1.0000000000000009
263,1.0,1.08324058563645,0.04566793624254355,W3,;W3;W3|W1;W3|W1|W2,-0.0003276991507847882,5.135035;5.134708;5.136202;5.140834,True,1.2093012007053943,0.06363474144719924,1.5403834278901922,0.15615881485102143,1.0451312917932647,0.08971481408725807,W3|W1,1.0832061305509795,0.05594765144747344,0.8329336402762486,0.085,0.1055,0.0,0.0,0.9992164414331943
264,1.0,0.9721071933092001,0.04712241729153141,W3|W1,;W3;W3|W1;W3|W1|W2,0.00010043632420497772,7.111718;7.111819;7.110520;7.121624,True,0.9264143280142949,0.06458669555556679,0.9088012123514373,0.23684746357875028,0.977861752994012,0.09268187929118417,W1|W3,0.9714096226975429,0.055003939174939585,0.8462551985425573,0.107,0.112,0.001,0.0005,0.8865496387798664
265,1.0,0.9671212077123043,0.04438465909886426,W3,;W3;W3|W1;W3|W1|W2,-0.0005268625709371477,5.857552;5.857025;5.880630;5.883548,True,0.9330050900236702,0.07051206734727573,0.8276108202037495,0.29152618336667396,0.9478034692583688,0.09277215177380027,W1|W3,0.9671657493825719,0.0522114740271298,0.8183739198035761,0.0835,0.072,0.0,0.0,0.9993702230823533
266,1.0,0.9806611446537087,0.0454327609904913,,;W3;W3|W1;W3|W1|W2,0.0052863195751946535,7.172677;7.177964;7.183782;7.202275,True,0.962034529224416,0.06246967814275321,1.1509065159540972,0.19869237440788465,0.9397018625424747,0.09793104944772806,W1|W3,0.9806611446537226,0.05535056622520963,0.8329071810174712,0.0745,0.103,0.0,0.0,0.9999999999999993
267,1.0,1.0282416814395698,0.04457727049250039,W3,;W3;W3|W1;W3|W1|W2,-0.00035268895400708544,6.619106;6.618753;6.620387;6.651773,True,1.0812364052730759,0.06839990763149129,1.1487140118514967,0.2511401860909212,1.036577878847293,0.09048511900596856,W1|W3,1.0282270427628735,0.05481942946256342,0.8359056343847637,0.0975,0.1005,0.0,0.0,0.9999291651378988
268,1.0,1.0135067060518834,0.04508389407570843,W3|W1,;W3;W3|W1;W3|W1|W2,0.0017743046977924948,6.658582;6.660356;6.657912;6.667707,True,1.0014571494431224,0.058589519309641375,0.9829828844723685,0.2051856739252491,1.0262876300808337,0.08636972703069852,W3|W1,1.0143533197579184,0.05136341346316521,0.8214882529243933,0.083,0.071,0.0,0.0,0.9449883736224399
269,1.0,0.9929630105731789,0.045581341485789385,,;W2;W2|W3;W2|W3|W1,0.025156928367933595,6.433962;6.459119;6.455828;6.472882,True,0.9316921969843539,0.06660107444835607,0.7516137141077984,0.3019953749820038,0.9928316942377295,0.08982088417801089,W1|W3,0.9929630105731966,0.055196946174040085,0.835335383432635,0.102,0.084,0.0,0.0,1.0000000000000004
270,1.0,1.0213428730290541,0.04704546305138751,W3|W1,;W3;W3|W1;W3|W1|W2,-0.0005893524938596073,8.372582;8.371993;8.370066;8.380499,True,1.0530876263559514,0.05764160562278806,1.268651106606666,0.15364027715985018,1.009612399656867,0.08986090070699201,W3|W1,1.0170940125404584,0.05402610069750788,0.8246144215297938,0.088,0.087,0.0,0.0,0.9205931392129522
271,1.0,1.0410136756768,0.045229662945061554,,;W3;W3|W1;W3|W1|W2,0.0006122368079113372,6.091941;6.092554;6.100733;6.105263,True,1.1015095503570818,0.0600602854187814,1.284020400424607,0.1879581570165124,1.225656951583545,0.11436284024186234,W3|W1|W2,1.0410136756768125,0.05479694215016748,0.8154023478420084,0.076,0.065,0.0,0.0,1.0000000000000004
272,1.0,1.047862323248116,0.04446329384877201,,;W3;W3|W1;W3|W1|W2,0.01251243297318183,6.930499;6.943011;6.939659;6.959591,True,1.0651403231913088,0.0654525427356298,0.9949793180324548,0.1919295311645134,1.0310561829062868,0.08951961067268399,W3|W1,1.0478623232481357,0.052223067579124594,0.8153629302310216,0.078,0.0605,0.0,0.0,0.9999999999999994
273,1.0,1.0563549831269332,0.045526921297747935,,;W3;W3|W1;W3|W1|W2,0.00043443474724647047,6.989577;6.990012;6.990126;7.006247,True,0.9604545969461927,0.057888389666508173,1.0412421817292854,0.23998113446728928,1.0407203268655323,0.08914871244189501,W3|W1,1.0563549831269474,0.054137777342367036,0.8236612346044606,0.073,0.0925,0.0,0.0,0.9999999999999999
274,1.0,0.9804246507692036,0.043367260230414394,W3,;W3;W3|W1;W3|W1|W2,-3.0396837941815136e-05,5.100275;5.100245;5.103389;5.128466,True,1.0712519126622442,0.06544394975594578,0.8517543318995822,0.24054081996725185,1.0351336122647776,0.08918973768729767,W3|W1,0.9803992607275139,0.052690878613462305,0.8404909449008022,0.1105,0.0915,0.0,0.0,0.9997685752065859
275,1.0,0.8902722236510444,0.0450862407492764,,;W3;W3|W1;W3|W1|W2,0.00012755732756009053,7.756878;7.757006;7.757814;7.793670,True,0.8612905801871628,0.07025507840275307,0.7069639905009447,0.30986238870434263,0.92887057925803,0.08912317799132773,W1|W3,0.8902722236510541,0.053450396827260174,0.824452332444183,0.089,0.0775,0.0,0.0,1.0000000000000002
276,1.0,0.9435433449067512,0.04435563496999941,,;W3;W3|W1;W3|W1|W2,0.004766376468516853,6.726184;6.730950;6.733468;6.766957,True,0.8785162003841732,0.07463547600445725,0.9238306780352673,0.2583750028508494,0.9212256958515377,0.08919730305634879,W3|W1,0.9435433449067662,0.05522931030528903,0.8444510059053147,0.117,0.108,0.0,0.0,1.0000000000000004
277,1.0,1.0004487597176301,0.0433472719279126,,;W3;W3|W1;W3|W1|W2,0.01186804726465951,7.280269;7.292137;7.295435;7.296252,True,1.0208048668994005,0.055266080959086646,1.3498221863237483,0.1563746203782419,1.002888276042219,0.08852201276016965,W3|W1,1.0004487597176102,0.051813263703646355,0.8289762604300153,0.0855,0.095,0.0,0.0,0.9999999999999994
278,1.0,1.0448974201053636,0.044626860504500175,W3,;W3;W3|W1;W3|W1|W2,-0.0019784245195690886,9.323061;9.321082;9.328634;9.356174,True,1.0316505349733642,0.06580896197880638,1.2118002770905216,0.2303366178385089,1.0130513885381414,0.08857699694604539,W3|W1,1.0448793080887966,0.05584857970597265,0.8475254599606091,0.11,0.126,0.0,0.0,0.9995345274614015
279,1.0,0.9471439223560563,0.04432986026528861,,;W3;W3|W1;W3|W1|W2,4.518076287407524e-05,6.399224;6.399269;6.404124;6.413723,True,0.901202372653546,0.05961163264684176,0.9649248801642449,0.270818772633468,0.9364917895996165,0.09196271655536951,W1|W3,0.9471439223560744,0.05507031818391129,0.8532257806277044,0.1085,0.1375,0.0,0.0,0.9999999999999998
280,1.0,1.0286417818174913,0.04549372533090252,W3|W1,;W3;W3|W1;W3|W1|W2,-0.0002567951977514582,7.825500;7.825243;7.825150;7.872999,True,0.9846062646008705,0.06165359412447774,0.9649708289432143,0.188875599886894,1.0387959124149702,0.08767030735714207,W1|W3,1.026430887634174,0.052232222886607456,0.8234161265117917,0.0875,0.076,0.0,0.0,0.9496031132802345
281,1.0,1.03482850645539,0.048154467529547086,W3|W1,;W3;W3|W1;W3|W1|W2,0.0009993014307418946,6.359581;6.360580;6.357435;6.374627,True,1.0973827108785177,0.06402986740785337,1.2856627181294444,0.19038717369670488,1.0387087680897567,0.08770873915448398,W3|W1,1.0338004896374866,0.05635786882223052,0.8356594822068613,0.104,0.0985,0.0,0.0,0.9279754364527882
282,1.0,1.0243432084602466,0.04411832853645326,,;W3;W3|W1;W3|W1|W2,0.0007062375243416241,7.061392;7.062099;7.061582;7.087448,True,0.976094990810318,0.06885406326064426,0.6820421506513386,0.31743258120802237,1.0815981225949967,0.09008143628986866,W1|W3,1.0243432084602495,0.05265955686695434,0.8318405163272901,0.0815,0.101,0.0,0.0,0.9999999999999993
283,1.0,1.012839385974229,0.045156143078397944,W3|W1,;W3;W3|W1;W3|W1|W2,-8.459413920824943e-05,7.592344;7.592259;7.591772;7.612588,True,0.950733317874719,0.06822705646713052,0.9838268667176872,0.1914417100594833,1.0195371007171068,0.0881406755263517,W3|W1,1.012337300347937,0.05371943331791503,0.8239387863726043,0.0705,0.0865,0.0,0.0,0.9452183951595109
284,1.0,1.002714526997832,0.046041982408433296,,;W3;W3|W1;W3|W1|W2,6.433088891455441e-05,7.215140;7.215204;7.218996;7.227842,True,1.0002302316849454,0.05758156568193839,1.224199433614837,0.17197031073586494,0.9449577470276237,0.09335699316394135,W1|W3,1.0027145269978415,0.05498572384878794,0.8202784455128205,0.073,0.086,0.0,0.0,1.0
285,1.0,1.1016519863663912,0.044945088880853974,W3,;W3;W3|W1;W3|W1|W2,-0.0007207674494287275,4.893224;4.892503;4.893873;4.925602,True,1.1041139970001248,0.05905302250524679,1.0938369725479433,0.2717695665542439,1.0894543074922773,0.08855638373597902,W1|W3,1.101680880149059,0.05410736260336805,0.8270435627261441,0.079,0.0985,0.0,0.0,0.9996002762557554
286,1.0,0.9634521689595098,0.04424411410499565,,;W3;W3|W1;W3|W1|W2,0.0005334262999632244,6.465577;6.466110;6.467031;6.504926,True,0.9407300261673004,0.08157003090505187,0.9120935754277644,0.26020310707172556,0.93284107955819,0.08949772024987969,W1|W3,0.9634521689595248,0.054927303272904536,0.8446819262038774,0.12,0.0935,0.0,0.0,0.9999999999999996
287,1.0,0.9953855412705337,0.04459031971333609,W3,;W3;W3|W1;W3|W1|W2,-0.0005331357374691592,7.080719;7.080186;7.081287;7.092739,True,1.0374782262055517,0.058801713660736485,1.2841156625268537,0.17408444726453534,1.0284541319483946,0.08895091486979417,W3|W1,0.9953926278911136,0.053719045032281525,0.8422500522688691,0.1105,0.111,0.0,0.0,0.9999947522321941
288,1.0,1.0446337096689917,0.04483433349032828,,;W3;W3|W1;W3|W1|W2,0.012037957195146554,7.504397;7.516435;7.518487;7.526275,True,1.0179042947180803,0.06299018300166571,0.9925765727085895,0.20956258348061615,1.0556820466000283,0.09015395527081146,W3|W1,1.0446337096690061,0.05346129168516703,0.8206552992912143,0.066,0.0805,0.0,0.0,1.0000000000000004
289,1.0,1.0196628639811587,0.04476967618153471,,;W3;W3|W1;W3|W1|W2,0.004765917108888296,6.883519;6.888285;6.890123;6.902046,True,1.0018903478088574,0.06068732609122608,1.2925209531511255,0.172400825680501,1.0082372422099586,0.09097650129364673,W3|W1,1.0196628639811762,0.05413500783330454,0.832099907493062,0.087,0.111,0.0,0.0,1.0
290,1.0,1.0338305165955597,0.044672297425401776,,;W3;W3|W1;W3|W1|W2,0.0009009894000451268,6.481942;6.482843;6.486584;6.495366,True,1.0328038204492063,0.054861092532849855,1.4478702209720746,0.15733596038297287,1.072654506442119,0.08992089118997297,W3|W1,1.0338305165955781,0.05373607271442759,0.8210977469930735,0.087,0.092,0.0,0.0,0.9999999999999994
291,1.0,0.989910150171839,0.04468068392169963,,;W3;W3|W1;W3|W1|W2,0.0002782641951055709,6.143157;6.143435;6.144404;6.163759,True,0.9460532038128815,0.05727520177760245,1.2380559250254648,0.1832881283189284,1.0345154011500846,0.08943606386307172,W1|W3,0.9899101501718595,0.05398297474653697,0.8292299229922993,0.093,0.092,0.0,0.0,1.0
292,1.0,0.9623902885978888,0.04348744626126508,,;W3;W3|W1;W3|W1|W2,0.008054976924275259,6.963530;6.971584;6.997649;7.020578,True,0.9248616089483734,0.06587559428449268,0.77864349664313,0.2624691596922128,0.9428432389411084,0.09151940855003597,W3|W1,0.9623902885979089,0.051814178671553336,0.8216938662633985,0.08,0.078,0.0,0.0,1.0000000000000002
293,1.0,1.0353261378428182,0.05234796193331502,W2,;W2;W2|W3;W2|W3|W1,-1.412024665725653e-05,6.844831;6.844817;6.859389;6.894490,True,1.0859356140431906,0.06920348790858667,0.952900695903544,0.29264669356543876,1.042644025172169,0.09085718168493995,W1|W3,1.0500422063677788,0.053209743741616494,0.8221359137822706,0.0875,0.072,0.046,0.0485,0.6267427201600523
294,1.0,1.0338542061997933,0.04446590742493908,,;W3;W3|W1;W3|W1|W2,0.0004890824398549043,5.583238;5.583727;5.586574;5.599686,True,1.026770884639365,0.05753768640997923,1.2435903267811086,0.18966682184225758,1.0806651253875128,0.09472912988221999,W1|W3,1.033854206199787,0.05359448009267043,0.8298471102150538,0.0805,0.1005,0.0,0.0,0.9999999999999996
295,1.0,0.9557112141194797,0.05391016856052901,W2|W3,;W2;W2|W3;W2|W3|W1,0.003972303901552898,6.115168;6.119140;6.111942;6.126256,True,0.9870493832806485,0.07387989266103634,0.9700839185555953,0.23557530280183916,0.9340843936328461,0.09434946064041323,W1|W3,0.9482048236442426,0.05550329710329692,0.8451556400760685,0.116,0.1,0.06,0.05,0.4354312003759759
296,1.0,0.9542029536291547,0.04500064247294309,W3,;W3;W3|W1;W3|W1|W2,-0.0011263165963093513,5.482846;5.481720;5.481977;5.578810,True,0.9726765179931417,0.0982817622074946,0.7730785757993314,0.3174808518650751,1.0018191307124615,0.09005545696815918,W3|W1,0.9542449710468142,0.05878344628714342,0.8460353702798039,0.1095,0.1155,0.0,0.0,0.9996427109765657
297,1.0,1.0053966409733648,0.04461321914880979,,;W3;W3|W1;W3|W1|W2,0.021047805977074674,7.491539;7.512587;7.514998;7.528817,True,1.0187094096016889,0.06670362121814839,1.1697514973907754,0.21805163520728585,1.012761957613309,0.1382678900181768,W3|W1|W2,1.0053966409733786,0.05501365016283698,0.8464778464778465,0.109,0.116,0.0,0.0,1.0000000000000007
298,1.0,0.9015990427468878,0.04401742955535072,,;W1;W1|W3;W1|W3|W2,0.01224395378848886,5.584911;5.597155;5.600666;5.630650,True,0.7933917309906273,0.07639489034540889,0.8314879464925109,0.31893422993234827,0.9024341655209814,0.09044410025560526,W1|W3,0.9015990427468955,0.0555120884907239,0.8597167554680875,0.1325,0.134,0.0,0.0,0.9999999999999996
299,1.0,1.0214362491538431,0.044511248709924046,,;W1;W1|W3;W1|W3|W2,0.00010630183001936189,8.493186;8.493292;8.493779;8.500126,True,0.9568549450426769,0.05685678031693225,0.9518467677363756,0.2782853875095121,1.0576671995488014,0.09067137796517988,W1|W3,1.0214362491538593,0.053816837796771815,0.8383214368938642,0.1035,0.1035,0.0,0.0,1.0000000000000004
