n,seed,lib_cv_psi,lib_cv_se,lib_cv_recomp_psi,lib_cv_recomp_se,lib_cv_ic_maxdiff,lib_cv_min_gpi,lib_in_psi,lib_in_se,lib_in_recomp_psi,lib_in_recomp_se,lib_in_ic_maxdiff,lib_in_min_gpi,own_cv_psi,own_cv_se,own_in_psi,own_in_se,oracle_psi,oracle_se,eif_se
4000,1001,0.17982952805074343,0.01883942674891984,0.17982952805074343,0.018837071673374804,1.7763568394002505e-15,0.010626363158459329,0.18061194554704274,0.01871706796779325,0.18061194554704274,0.018714728188051904,1.7763568394002505e-15,0.010755983864923924,0.1801353382539413,0.01879336997647382,0.18063787126783265,0.018740364659961435,0.18059461053869275,0.018926949283423252,0.018924425771356466
4000,1002,0.24186432701485572,0.01852017308926784,0.24186432701485572,0.018517857922924746,8.881784197001252e-16,0.008875213986514799,0.24212458614796495,0.018409416387453702,0.24212458614796495,0.018407115066563725,1.7763568394002505e-15,0.007330615520509586,0.24258374847183484,0.018576914606980247,0.24214467575491394,0.018430023704649873,0.24189481269251678,0.018333350966911195,0.018411268675766403
4000,1003,0.18756782876395628,0.0178325976226302,0.18756782876395628,0.017830368408592784,8.881784197001252e-16,0.011450438777626134,0.1886351231358957,0.01768221812601908,0.1886351231358957,0.017680007710593727,8.881784197001252e-16,0.012340883403263267,0.18791883825215272,0.017805387792905046,0.188626208938577,0.01768943925326898,0.18789727082063523,0.018021054987771085,0.01800755772919784
4000,1004,0.18937120652726608,0.01785807279758055,0.18937120652726608,0.017855840398947217,8.881784197001252e-16,0.021631374752285867,0.18820974537158447,0.0177902832693867,0.18820974537158447,0.017788059344974065,8.881784197001252e-16,0.023053720831992332,0.18719266524529748,0.017863559631775536,0.1882108947774403,0.017801487037931992,0.18793388242821651,0.01863954101882109,0.018647366182406155
4000,1005,0.20213876517175472,0.01886817322187411,0.20213876517175472,0.018865814552795346,3.552713678800501e-15,0.01623306462648298,0.20171960703472452,0.01862021427184308,0.20171960703472452,0.018617886599570487,3.552713678800501e-15,0.015582045748508648,0.2023397449004855,0.01875101818472663,0.20175468611971076,0.018648337587376676,0.2030115376465687,0.019295083591915403,0.019958207109838037
4000,1006,0.19208779971421042,0.019430278297392037,0.19208779971421042,0.019427849360786835,8.881784197001252e-16,0.016901394256176185,0.1913973875710706,0.019228808186555413,0.1913973875710706,0.019226404435288252,3.552713678800501e-15,0.016430280936554527,0.19173622362776943,0.019491413120058514,0.19144127192226557,0.019261825119576522,0.19179988340636495,0.019195800411154477,0.01913540691534696
4000,1007,0.17746427695034261,0.01812221785778132,0.17746427695034261,0.01811995243895157,8.881784197001252e-16,0.023422887406598543,0.17976167143223898,0.01798139190542999,0.17976167143223898,0.01797914409094463,1.7763568394002505e-15,0.022978278185146153,0.17880817612448552,0.018080137326499157,0.17978265617556727,0.0179891809920151,0.17943406671246837,0.01822109577756061,0.018292332707231896
4000,1008,0.2280938918521302,0.018907846959098563,0.2280938918521302,0.018905483330492655,1.7763568394002505e-15,0.005029519064593445,0.22784666359481587,0.018716268978603123,0.22784666359481587,0.01871392929874167,1.7763568394002505e-15,0.004585065462699834,0.22782127496931426,0.018862447022783623,0.22789306411937138,0.01873359767485766,0.22864447742810962,0.018492812877107523,0.01869438401728974
4000,1009,0.17199102955426304,0.017994092972845776,0.17199102955426304,0.017991843570627743,1.7763568394002505e-15,0.011527421579872693,0.1719083868393475,0.017916979250732164,0.1719083868393475,0.017914739488331922,8.881784197001252e-16,0.010110506155009472,0.17151145144753122,0.018071459215146198,0.1719201031563703,0.017928899681335243,0.17204746962878986,0.017895291217385652,0.017914210896085858
4000,1010,0.19686258208188306,0.01802187539715102,0.19686258208188306,0.018019622521912877,1.7763568394002505e-15,0.01494197718699554,0.19811189513735034,0.017909123790326945,0.19811189513735034,0.01790688500992063,1.7763568394002505e-15,0.01633578669773001,0.19779026419635637,0.017991364325007614,0.19808232731874126,0.01792634757264358,0.20018847826644637,0.017289424573391627,0.01728482493816072
4000,1011,0.17347029731783553,0.018733997464979696,0.17347029731783553,0.01873165556891892,8.881784197001252e-16,0.007813791827201395,0.17372231910914204,0.01873909385636906,0.17372231910914204,0.018736751323219537,1.7763568394002505e-15,0.008131245957010654,0.1750034015478154,0.018944506563862797,0.1737612156112559,0.01875864878852327,0.17463588568895388,0.01775744911090807,0.017785149855687313
4000,1012,0.16017730063861574,0.01852169609438497,0.16017730063861574,0.018519380737654332,8.881784197001252e-16,0.006475121661019526,0.1614115851677977,0.01841291008355159,0.1614115851677977,0.0184106083259223,8.881784197001252e-16,0.0059275760446216045,0.16060372415914942,0.018459608439971385,0.16143009760013077,0.018426985741538355,0.1625184568216146,0.01842248206402322,0.018561181743859356
4000,1013,0.2221610378398315,0.01915746441716071,0.2221610378398315,0.019155069584422164,3.552713678800501e-15,0.010478766833203819,0.22166466481029468,0.019056993113023987,0.22166466481029468,0.01905461083998349,1.7763568394002505e-15,0.010909722129506343,0.22240744419801456,0.019243601160052366,0.22170554747382776,0.019089173181042054,0.22260068458581084,0.019277388881135855,0.019487928426024818
4000,1014,0.21616736787471058,0.018287763848891348,0.21616736787471058,0.01828547773551922,1.7763568394002505e-15,0.02884522057392592,0.21652721649028828,0.018119074233124307,0.21652721649028828,0.0181168092072722,8.881784197001252e-16,0.02536035675261496,0.21711133061473187,0.01823472119565462,0.21651984723152,0.018132565366967245,0.21997928555039764,0.018921842666891352,0.019079466170640637
4000,1015,0.21315043914347814,0.018107573070114548,0.21315043914347814,0.018105309481997685,1.7763568394002505e-15,0.021536215415049256,0.21190038194133554,0.017934425100120294,0.21190038194133554,0.01793218315685257,8.881784197001252e-16,0.020855423116943304,0.21143670192668867,0.018137979136596618,0.2118863934119773,0.01794678743227193,0.21175022565557838,0.018499790837666546,0.018489782607587678
4000,1016,0.1760957519705017,0.018181953582411592,0.1760957519705017,0.01817968069614952,8.881784197001252e-16,0.006331935817936899,0.1746929064510649,0.018062860143334344,0.1746929064510649,0.018060602144682688,8.881784197001252e-16,0.005780064083240685,0.17515518831230298,0.018198948554738623,0.1746830700656839,0.01807506032240787,0.1735910340262543,0.018232558090826176,0.018300804967151793
4000,1017,0.17990944538785703,0.01928843155317771,0.17990944538785703,0.019286020348523853,8.881784197001252e-16,0.01103875448790537,0.17803823883903847,0.019095049341638443,0.17803823883903847,0.01909266231127201,1.7763568394002505e-15,0.011911585597373934,0.1790409621132269,0.019351491563905608,0.17807872480236187,0.019125042252699963,0.17814423483306702,0.018351564529698886,0.01836896536827796
4000,1018,0.16284722916274585,0.018035511488253393,0.16284722916274585,0.018033256908397313,1.7763568394002505e-15,0.008530737907055039,0.16364033120972232,0.0180017263326077,0.16364033120972232,0.017999475976160056,8.881784197001252e-16,0.008711308867837036,0.16507151477301074,0.018186428449704316,0.16362933104762684,0.018013832733057494,0.1644351907696337,0.017971871022704963,0.01799556782825446
4000,1019,0.16194210279719962,0.01869901356987123,0.16194210279719962,0.01869667604707069,1.7763568394002505e-15,0.010840458154798834,0.16215714939935066,0.018675767670160683,0.16215714939935066,0.01867343305327924,1.7763568394002505e-15,0.00943455909662597,0.16266551684462904,0.0187975502987996,0.16213683921802924,0.0186945643050469,0.16165436561067908,0.018498990785336244,0.018491406326820017
4000,1020,0.2121811775852015,0.019617816184568634,0.2121811775852015,0.019615363804262213,1.7763568394002505e-15,0.01544614669425667,0.21135212927774388,0.019511624128890827,0.21135212927774388,0.019509185023421097,3.552713678800501e-15,0.015986789419729332,0.21184626588047512,0.01981266902046832,0.21142106496827,0.019547143141357283,0.21157686425914374,0.019243983337108653,0.01956552610248496
4000,1021,0.1833783431735138,0.01766162014250403,0.1833783431735138,0.01765941230198756,8.881784197001252e-16,0.005175163782745889,0.18326874061870746,0.017547392854378226,0.18326874061870746,0.01754519929316528,8.881784197001252e-16,0.005838294651859624,0.18470398067423338,0.01764064773175525,0.1832290857901876,0.017556126479757562,0.18310982540260484,0.018216790160645195,0.01821543230249049
4000,1022,0.18029992359339958,0.018277547383134748,0.18029992359339958,0.01827526254690066,8.881784197001252e-16,0.005469393642659876,0.18088857119863921,0.018197836421375624,0.18088857119863921,0.018195561549634583,8.881784197001252e-16,0.004841894743601649,0.18197497865817186,0.01829141543049702,0.18083645209112292,0.01821217347971276,0.17920907972924516,0.018110893205339075,0.018102339114067976
4000,1023,0.1829788512961864,0.01776900466528578,0.1829788512961864,0.017766783400864915,8.881784197001252e-16,0.01917420847830316,0.18360213409056458,0.017684404551324476,0.18360213409056458,0.017682193862578875,8.881784197001252e-16,0.018121396186360703,0.18437604581875744,0.017799618947879594,0.18356037202742354,0.017694384846600356,0.18320370156614402,0.017837127461439478,0.017831237112839623
4000,1024,0.1798444448253126,0.018234103615472782,0.1798444448253126,0.018231824210049107,1.7763568394002505e-15,0.007993623184130758,0.1797184760216154,0.018132441782405802,0.1797184760216154,0.01813017508550559,1.7763568394002505e-15,0.008133516922328245,0.17997348111407147,0.018303254138067184,0.17971016366349019,0.018144760039998223,0.1806311681799086,0.018175419753751677,0.018191020087931487
4000,1025,0.17316519571023575,0.017272760741705733,0.17316519571023575,0.01727060151165271,8.881784197001252e-16,0.023240862152319807,0.1747651711258888,0.017196436814920626,0.1747651711258888,0.017194287125954805,8.881784197001252e-16,0.02516749771219329,0.17553369417679315,0.017264320041447748,0.17475197374062962,0.01719991517564505,0.17330521063009502,0.01773510851065283,0.017890030960096337
4000,1026,0.1916563140962818,0.017569389544549514,0.1916563140962818,0.017567193233578433,1.7763568394002505e-15,0.010107980095690514,0.18981008444570618,0.017494724293942134,0.18981008444570618,0.01749253731671077,1.7763568394002505e-15,0.00968023258102565,0.18983841921416766,0.017623511753467887,0.1897778888993346,0.01750314237829315,0.19053468268304735,0.01752863929283072,0.01756367830231694
4000,1027,0.19209777085151936,0.017458519938641514,0.19209777085151936,0.017456337487237444,1.7763568394002505e-15,0.004701830841943574,0.19180163488565455,0.017427939882420137,0.19180163488565455,0.017425761253762034,1.7763568394002505e-15,0.004530576811989167,0.19239326318356004,0.01757464117357825,0.19175750990565982,0.017435396522821986,0.19243068594271623,0.01760552969361422,0.01759616332840911
4000,1028,0.1968295644277862,0.018182597135672225,0.1968295644277862,0.018180324168960964,1.7763568394002505e-15,0.008460545341247672,0.19479920688006025,0.018080908156923224,0.19479920688006025,0.018078647902128854,8.881784197001252e-16,0.008522857032845407,0.19380269426643376,0.018170761577175443,0.1947746668457767,0.01809743352225512,0.19477626114640734,0.01845321287959391,0.018464738957563606
4000,1029,0.1928617641620307,0.0180722432305425,0.1928617641620307,0.01806998405893163,8.881784197001252e-16,0.009647644831454168,0.19360075423231488,0.01799832866263297,0.19360075423231488,0.017996078730920618,1.7763568394002505e-15,0.011191224442565975,0.1939271158740058,0.018178670059518925,0.1935526433459644,0.018017535291365207,0.1936002069224831,0.018060909483603366,0.018056450165283563
4000,1030,0.16883995291128018,0.01779367669361713,0.16883995291128018,0.01779145234499995,1.7763568394002505e-15,0.016333656903080064,0.16923943261549645,0.017731836165545647,0.16923943261549645,0.017729619547477662,1.7763568394002505e-15,0.014561447716953758,0.16964735262213676,0.017800017205756687,0.16922543648639082,0.0177376910496011,0.16885715819975355,0.018196772300065528,0.018230574326231434
4000,1031,0.19351779846536693,0.017345952492393568,0.19351779846536693,0.017343784112799823,8.881784197001252e-16,0.01947820909991501,0.19368746262360387,0.017287342577992276,0.19368746262360387,0.01728518152509578,8.881784197001252e-16,0.019298431335617688,0.19388659209045905,0.01734727764190467,0.19365836415791526,0.017288971860886244,0.19347511818142987,0.01764095376748248,0.017529127827954197
4000,1032,0.17659092070018217,0.01861825679834044,0.17659092070018217,0.01861592937076733,3.552713678800501e-15,0.021652168843006563,0.17689528942147548,0.01856908218090133,0.17689528942147548,0.018566760900539624,3.552713678800501e-15,0.01924157459806384,0.17688823643703872,0.01870694963996942,0.17693914194135418,0.01859216651817225,0.17801285814271578,0.019481642549290076,0.019350668806906998
4000,1033,0.21264510782709684,0.018025516322259922,0.21264510782709684,0.018023262991877686,8.881784197001252e-16,0.008943038012915447,0.21310211096073234,0.01790731990127045,0.21310211096073234,0.01790508134636436,1.7763568394002505e-15,0.008338916856022623,0.21433324364679718,0.01807923417853718,0.21303518489992207,0.01792270948951145,0.2145918555741711,0.017571955428519873,0.017580718230444804
4000,1034,0.21312957659058512,0.02015369827214572,0.21312957659058512,0.02015117890239125,1.7763568394002505e-15,0.005530629441061641,0.21139794213378338,0.019960155023576807,0.21139794213378338,0.019957659848240657,8.881784197001252e-16,0.00512017137746491,0.21330789793190114,0.020306031133689922,0.21147095177324376,0.020020051667299844,0.21130515682202677,0.01990935381170145,0.02025713717767887
4000,1035,0.15939825674684527,0.01773646538967321,0.15939825674684527,0.01773424819291604,8.881784197001252e-16,0.010069352140537492,0.16006524032638403,0.017677642389528087,0.16006524032638403,0.01767543254610555,8.881784197001252e-16,0.010120515867441357,0.16028786244494314,0.017777194020293246,0.16002219827952474,0.017685854060147735,0.15923907470730292,0.017804722478060354,0.017868086199481565
4000,1036,0.2146941274096289,0.018511708450511002,0.2146941274096289,0.018509394342313887,8.881784197001252e-16,0.01488974311073077,0.21364243956552126,0.018402197466065015,0.21364243956552126,0.018399897047596616,8.881784197001252e-16,0.01691510480983266,0.21369738690137485,0.018487451685925405,0.2136743928463145,0.01842050464736539,0.21343288341621225,0.018846075960154245,0.018853317315871337
4000,1037,0.18995338377540283,0.017515044608436264,0.18995338377540283,0.017512855091006814,8.881784197001252e-16,0.014445797910694197,0.18866892634498494,0.01740331917108082,0.18866892634498494,0.017401143620204004,8.881784197001252e-16,0.016677920331806175,0.18741022494909892,0.01752466021327089,0.18863933547066009,0.017408930819546274,0.19017941829199592,0.017907241958774203,0.01790234865195199
4000,1038,0.2158374148091436,0.018405220493155725,0.2158374148091436,0.01840291969678532,1.7763568394002505e-15,0.012801160219601228,0.21629782382440577,0.018378077935822138,0.21629782382440577,0.01837578053248348,1.7763568394002505e-15,0.011430120922335921,0.21584691028663683,0.01849127068648639,0.21627173927017534,0.018399040096914135,0.21771078440846015,0.01810032314206371,0.0182843058493232
4000,1039,0.18623121312414537,0.018013995678915616,0.18623121312414537,0.018011743788703818,1.7763568394002505e-15,0.007286187267678043,0.18777802648419467,0.01797547065779803,0.18777802648419467,0.017973223583514886,3.552713678800501e-15,0.0076989846671192685,0.1880761480433823,0.01828214891811646,0.18776261085165574,0.017996790019907876,0.18974627215580797,0.017836879804486352,0.01779527824481332
4000,1040,0.176722291317907,0.01797523607965479,0.176722291317907,0.017972989034695745,8.881784197001252e-16,0.013593020926472882,0.17672310335027575,0.01791698351867358,0.17672310335027575,0.01791474375573981,1.7763568394002505e-15,0.011937470149992815,0.17761754094982501,0.018069124085753042,0.1767093093593507,0.017926317237298366,0.17498600091566696,0.018774217214705385,0.01874881096851948
4000,1041,0.1916051847385984,0.01859802797443482,0.1916051847385984,0.01859570307562276,1.7763568394002505e-15,0.006892986663867628,0.19213498101865017,0.018473710649043282,0.19213498101865017,0.018471401290868245,8.881784197001252e-16,0.006994737643305031,0.19088734726808515,0.018493454660225443,0.1922019539071087,0.018492805972176868,0.19153794487499198,0.018592476108653992,0.018601666023023322
4000,1042,0.16119379265650619,0.018701494146914754,0.16119379265650619,0.0186991563140227,8.881784197001252e-16,0.022202343390245433,0.16038258487556561,0.018515740094996604,0.16038258487556561,0.01851342548281243,1.7763568394002505e-15,0.024125473808194107,0.16267979966236995,0.01875796193038793,0.16040098692321447,0.018534707976233175,0.16101677465225467,0.018901443291178807,0.018871601720404224
4000,1043,0.1768750993452095,0.018359521351361402,0.1768750993452095,0.018357226267740792,1.7763568394002505e-15,0.009367407539968417,0.1769395299507745,0.018276569536989525,0.1769395299507745,0.018274284822993855,1.7763568394002505e-15,0.009885823327655356,0.1776398478793383,0.018442793349597832,0.1769280156359742,0.018293308773116603,0.1776103489276149,0.018652598968398427,0.01864899046407499
4000,1044,0.18994059134362,0.018185153383894183,0.18994059134362,0.018182880097631925,1.7763568394002505e-15,0.011650366833681034,0.18960737988729176,0.018154212372539703,0.18960737988729176,0.01815194295414562,8.881784197001252e-16,0.010810327970875788,0.18835322242842678,0.01827801381889834,0.18955419449095323,0.018171440103282466,0.19055833564151864,0.018198818062981827,0.018198610770904136
4000,1045,0.21729634675268095,0.01890110825049386,0.21729634675268095,0.018898745464279183,8.881784197001252e-16,0.009850028082215656,0.21655198533681536,0.018760567274316402,0.21655198533681536,0.018758222056821854,3.552713678800501e-15,0.010335625254145471,0.21778747453820518,0.018922814011106966,0.21656185713345338,0.018782760646009613,0.21880391549947564,0.018848157021899615,0.01904255922843648
4000,1046,0.19561592690037932,0.017776402936231096,0.19561592690037932,0.017774180746968557,8.881784197001252e-16,0.006285686335632129,0.19522672651860729,0.017675432050527656,0.19522672651860729,0.017673222483414765,8.881784197001252e-16,0.006213310891510512,0.19523266579570836,0.017730759586692145,0.1951669296654649,0.017687754248889905,0.19703739651199842,0.01791052559289527,0.017956252019334488
4000,1047,0.17749169723712677,0.018267860402900973,0.17749169723712677,0.01826557677761511,1.7763568394002505e-15,0.009112926738430333,0.17783733965789167,0.018133638875984587,0.17783733965789167,0.018131372029438323,1.7763568394002505e-15,0.010576583103304095,0.17789490559707732,0.018253175663499807,0.17784978426504894,0.01814322813052662,0.1774407510076388,0.01777641574605207,0.017884552759828476
4000,1048,0.1804539049704365,0.01828935782675832,0.1804539049704365,0.018287071514126504,8.881784197001252e-16,0.016015057178365842,0.18089270945381203,0.018243602501110606,0.18089270945381203,0.018241321908252,8.881784197001252e-16,0.016058023453355167,0.18257429098958483,0.018436317366769196,0.18089739707617136,0.018254863900658575,0.18139379301198189,0.01892581643397633,0.018930249945816085
4000,1049,0.18511858512448287,0.017892493178123928,0.18511858512448287,0.017890256476674086,8.881784197001252e-16,0.012350800208280435,0.18543690254059741,0.017794845109743124,0.18543690254059741,0.0177926206150648,8.881784197001252e-16,0.01228095708691952,0.1838515031688669,0.018034073875280842,0.18547175343880684,0.017804544260355878,0.18482908299021755,0.018253481538013965,0.018307303195599724
4000,1050,0.18586197028577278,0.018214390860015514,0.18586197028577278,0.018212113918840294,8.881784197001252e-16,0.0072866825207127265,0.18598807436248155,0.018185681775344055,0.18598807436248155,0.018183408423028735,8.881784197001252e-16,0.006774696204503734,0.18584046751911537,0.018289546979532403,0.18599776724564843,0.018202978666415882,0.18537105227166395,0.018233662530693116,0.018213452099427048
4000,1051,0.1862429569631152,0.017877779047937307,0.1862429569631152,0.017875544185868706,8.881784197001252e-16,0.019013468293004737,0.18816524253696681,0.01775368354723401,0.18816524253696681,0.017751464198072612,8.881784197001252e-16,0.017774213866568647,0.18899766930035483,0.01784065183793825,0.18812908764516484,0.01776124141327748,0.18828389602838297,0.018157921445638752,0.01824821736203102
4000,1052,0.20240168818232646,0.01825282512366657,0.20240168818232646,0.018250543377908088,1.7763568394002505e-15,0.013756364361402396,0.2021764262893626,0.018150890913526768,0.2021764262893626,0.01814862191034101,1.7763568394002505e-15,0.011678911040367466,0.2024160738234988,0.018286625682855526,0.20219506401125192,0.018166392200877794,0.20414943699514415,0.019282306423728097,0.019455522730987513
4000,1053,0.16449594730770656,0.018070314427189507,0.16449594730770656,0.018068055496694126,8.881784197001252e-16,0.010020376322814365,0.1643494728489423,0.01795583771205924,0.1643494728489423,0.017953593092047707,8.881784197001252e-16,0.008798527758826813,0.16459874554414755,0.018006161104367088,0.16431837008340294,0.017967374431155786,0.164742348719858,0.018038523181840092,0.01805107005438993
4000,1054,0.21351211705070944,0.020215678525994957,0.21351211705070944,0.020213151408224477,1.7763568394002505e-15,0.005979885940609524,0.2119461171297844,0.01993976353175458,0.2119461171297844,0.019937270905514233,3.552713678800501e-15,0.005396794813384807,0.2124079290563184,0.020314050251279105,0.2120204295681663,0.020004451645608667,0.21134980586307328,0.01909983438394731,0.019566533807930442
4000,1055,0.18414473585303215,0.018169804283013548,0.18414473585303215,0.01816753291550883,8.881784197001252e-16,0.013753454889243073,0.18411963857550606,0.018083259331250632,0.18411963857550606,0.018080998782541102,1.7763568394002505e-15,0.013980627583169702,0.18347556342443344,0.018149980914577056,0.18410228531423461,0.018090757362677675,0.18534070193875696,0.018238057505706524,0.018236566869378502
4000,1056,0.17395180949062483,0.01835682177231784,0.17395180949062483,0.0183545270261657,1.7763568394002505e-15,0.004420877731067896,0.17630315668041452,0.018254666831409336,0.17630315668041452,0.018252384855423,1.7763568394002505e-15,0.005180314759839056,0.17798336161790823,0.01844502026339813,0.17624620611408853,0.018266597769181717,0.17544853609588668,0.01785810929818696,0.017854042716759104
4000,1057,0.21721198803675146,0.018475778341159092,0.21721198803675146,0.018473468724506382,8.881784197001252e-16,0.010660396807273848,0.21774063764872453,0.01836415838036501,0.21774063764872453,0.018361862717079538,1.7763568394002505e-15,0.012055075780107886,0.21928399064745635,0.018505720660550812,0.2177461670235351,0.01837870141930682,0.21783568035922046,0.018345736016270257,0.018354005135633504
4000,1058,0.18617863759219355,0.018276928500803077,0.18617863759219355,0.018274643741934122,3.552713678800501e-15,0.011083030600767313,0.1858270762798498,0.0182075375214817,0.1858270762798498,0.018205261437027345,1.7763568394002505e-15,0.010929573878716913,0.18518523024194194,0.01831947397540852,0.18581253371580303,0.018222441567352796,0.18592833752379095,0.01847197800253104,0.018444120518569765
4000,1059,0.20523338774690153,0.018180986182229658,0.20523338774690153,0.018178713416900166,8.881784197001252e-16,0.015458956636096217,0.20551518370606653,0.018084435933146535,0.20551518370606653,0.01808217523735257,1.7763568394002505e-15,0.018889217041822504,0.2060415338174859,0.018267802422694848,0.20554550572494412,0.018097265209406063,0.20616302459965025,0.018987161750886824,0.019081690228164434
4000,1060,0.18594572721447417,0.01788922670439995,0.18594572721447417,0.017886990411284845,1.7763568394002505e-15,0.011801798159364763,0.1848693824857514,0.017804221464626836,0.1848693824857514,0.017801995797830886,1.7763568394002505e-15,0.012621699488564618,0.18618848902572938,0.017949830864926904,0.18485675770644877,0.017811404147747085,0.18294211859472626,0.01795248282271247,0.017935450850026093
4000,1061,0.21143635154275275,0.01822635396077268,0.21143635154275275,0.018224075524116395,8.881784197001252e-16,0.009987035251340067,0.2109146071125581,0.018122597141313097,0.2109146071125581,0.018120331675069944,1.7763568394002505e-15,0.010888027328375278,0.2109621909985524,0.018188825815300378,0.21093965055313907,0.018131458987903564,0.21015494410143643,0.018252904381477034,0.018146781732339665
4000,1062,0.19790068424273177,0.017909965601350296,0.19790068424273177,0.01790772671571103,8.881784197001252e-16,0.013042265667356166,0.1989346566169975,0.01788534401692878,0.1989346566169975,0.017883108209179942,1.7763568394002505e-15,0.012579193387048134,0.19957692070358013,0.017981285873654326,0.19890194160456282,0.017892192594246067,0.2006918282536107,0.018137526254218477,0.018110187446576786
4000,1063,0.19735971130674684,0.01796762246606067,0.19735971130674684,0.01796537637286281,8.881784197001252e-16,0.012892698026413641,0.19685514958910533,0.01782442673778577,0.19685514958910533,0.017822198545172807,1.7763568394002505e-15,0.014378029882408097,0.19754317242086578,0.017897147943926276,0.1968346363640619,0.017834281793614175,0.19736816517141004,0.018094983026580143,0.018160090214391734
4000,1064,0.19929654930376023,0.018193225467044,0.19929654930376023,0.018190951171708276,1.7763568394002505e-15,0.015666749411766632,0.19786788545724782,0.018020239686272307,0.19786788545724782,0.0180179870155108,1.7763568394002505e-15,0.014473568601105088,0.1971842013812602,0.018101674198695628,0.19781001304430018,0.018040323953176805,0.199796846142912,0.0184089387816032,0.018536439422505987
4000,1065,0.1788331267118473,0.018329703575293746,0.1788331267118473,0.01832741221912812,3.552713678800501e-15,0.01138070280434199,0.17819167707707578,0.018140341993245733,0.17819167707707578,0.018138074308757437,3.552713678800501e-15,0.013301865063947505,0.17926316733251751,0.018280449838261183,0.17816725908121117,0.018161915547509472,0.1793443999188402,0.018568239265635694,0.018664785704033536
4000,1066,0.17789657907518502,0.018011170909348534,0.17789657907518502,0.018008919372255,1.7763568394002505e-15,0.014587349881961139,0.17908586246652775,0.017952289100847344,0.17908586246652775,0.017950044924439947,1.7763568394002505e-15,0.01732517813076144,0.179229121578534,0.018074478683351776,0.17910631124695087,0.017963968201106826,0.17976661145947065,0.01825915255908526,0.018257588896996226
4000,1067,0.16363823160204877,0.01806164422594109,0.16363823160204877,0.01805938637928861,1.7763568394002505e-15,0.011984112412300752,0.16487816434305996,0.017953582976955307,0.16487816434305996,0.017951338638803285,8.881784197001252e-16,0.011487325215346917,0.16556148550063088,0.018045868209164654,0.16480252200937956,0.01797037307742426,0.1651070816519476,0.017587669211880784,0.017609343333259028
4000,1068,0.150067566682825,0.0184003061556081,0.150067566682825,0.018398005973568287,1.7763568394002505e-15,0.012062272734926917,0.150698654455015,0.018264348768541976,0.150698654455015,0.018262065582237846,1.7763568394002505e-15,0.010192398811114481,0.15197389784122195,0.018464528593689068,0.15068911643257182,0.01827114711249354,0.1508664231991385,0.01791398167397451,0.018006960749811302
4000,1069,0.18907500347676115,0.0174660541037645,0.18907500347676115,0.017463870710530918,1.7763568394002505e-15,0.013783083235523033,0.1886939220647555,0.017431239556412945,0.1886939220647555,0.017429060515269806,1.7763568394002505e-15,0.013995706738666376,0.1883880809984254,0.017498580974496265,0.1886952524656902,0.017440613764035582,0.188583775945024,0.017620705481574083,0.01777476250805554
4000,1070,0.18631435751296505,0.02029559214428566,0.18631435751296505,0.020293055036688493,7.105427357601002e-15,0.01365401231845798,0.18818700796193671,0.0201251684147267,0.18818700796193671,0.020122652611427327,3.552713678800501e-15,0.016095861068143532,0.18885664748185244,0.02052432660597599,0.18827421720286214,0.02018090745731309,0.1896293387919329,0.020761838202177394,0.020711489731331786
4000,1071,0.1787941397559561,0.018345980415971783,0.1787941397559561,0.0183436870250739,1.7763568394002505e-15,0.01590654885876444,0.17793405032957016,0.018180320863477737,0.17793405032957016,0.01817804818131829,1.7763568394002505e-15,0.019733184934766296,0.17782228979352294,0.018188963725502553,0.17793112830353702,0.018196614962051102,0.17774175302492368,0.018143987275844518,0.01816477949144093
4000,1072,0.17846838326286035,0.018409191584905595,0.17846838326286035,0.018406890292117693,8.881784197001252e-16,0.013566824887610542,0.17763057934635412,0.018171054059140795,0.17763057934635412,0.018168782535404295,8.881784197001252e-16,0.014805291425246763,0.17707520063942145,0.01824180947711783,0.17763179930421152,0.018185217287765523,0.17811665167941948,0.018166446524162327,0.018209452493258473
4000,1073,0.19855172655904785,0.01775240591291848,0.19855172655904785,0.017750186723471353,8.881784197001252e-16,0.010937764738561923,0.19781874363613988,0.017707915752938272,0.19781874363613988,0.01770570212510877,8.881784197001252e-16,0.012444504701389154,0.19633152693990036,0.017794847844964143,0.19774876594171298,0.01771616559892899,0.19668821764652245,0.018017868669494685,0.01803211258852455
4000,1074,0.21106031043821233,0.018633225422968386,0.21106031043821233,0.01863089612420024,1.7763568394002505e-15,0.016224150018673333,0.20980585919483108,0.018384321817344226,0.20980585919483108,0.01838202363347159,1.7763568394002505e-15,0.014132486092684847,0.20959491387241252,0.0184826091816725,0.20983003843976644,0.01840146281625756,0.20832347055757416,0.018362247670469643,0.018351856024379953
4000,1075,0.1705607940710709,0.01863528396819011,0.1705607940710709,0.018632954412087732,1.7763568394002505e-15,0.013441859382036134,0.17071334897771817,0.01842846067103611,0.17071334897771817,0.018426156969461878,8.881784197001252e-16,0.013476834346909636,0.17027940403670438,0.018505387190214398,0.17073124581387145,0.018439439685020036,0.1707607525582851,0.018426104413296673,0.018428324876069574
4000,1076,0.16957746300065502,0.017968917683375312,0.16957746300065502,0.017966671428265173,1.7763568394002505e-15,0.005764898537795333,0.16865552788814836,0.01784956532376628,0.16865552788814836,0.017847333988633644,1.7763568394002505e-15,0.006256691453385792,0.16975809975826234,0.017921865029690988,0.1686290646059162,0.017861904855001037,0.1687200203811735,0.01792957116405686,0.01795961858783608
4000,1077,0.20426060486870734,0.019468916591296768,0.20426060486870734,0.019466482824602928,7.105427357601002e-15,0.006821976878902382,0.20477612341948997,0.019240764458345393,0.20477612341948997,0.019238359212450835,7.105427357601002e-15,0.006077946946313927,0.20464956888490698,0.01936316237048477,0.2048070356788974,0.019294913725305864,0.20378770764262472,0.019602193126712866,0.019956424372197672
4000,1078,0.16612790901358127,0.01768291419699865,0.16612790901358127,0.01768070369455899,8.881784197001252e-16,0.016655670338170062,0.16656150425133903,0.017607264793154515,0.16656150425133903,0.017605063747481418,1.7763568394002505e-15,0.014630028981061315,0.1685437280702034,0.017719932083848942,0.1664942157978614,0.017611594535455397,0.1662791043034484,0.017974183774346217,0.017976779775045013
4000,1079,0.18558368181935314,0.018904922627027157,0.18558368181935314,0.018902559363985605,3.552713678800501e-15,0.008489409411372556,0.1853376125354373,0.0188992690242479,0.1853376125354373,0.01889690646795087,3.552713678800501e-15,0.007548086859293239,0.1845120075568108,0.019133544629496537,0.1853509713722316,0.01892655384718586,0.18621807362040976,0.018893986123158686,0.018903269209543022
4000,1080,0.16405993332173502,0.018251251312203468,0.16405993332173502,0.018248969763183718,1.7763568394002505e-15,0.00779566361916325,0.1649053822284946,0.018163084415083994,0.1649053822284946,0.01816081388761527,1.7763568394002505e-15,0.008093815975772745,0.16432183229348857,0.01820832160147158,0.16491573992811775,0.0181698173488841,0.16461030735846643,0.018389671934299856,0.018409954440355196
4000,1081,0.19253911843819854,0.01773561025048739,0.19253911843819854,0.017733393160629305,8.881784197001252e-16,0.012999975185383868,0.19132788408332146,0.01761661980163903,0.19132788408332146,0.017614417586516776,8.881784197001252e-16,0.013260456248466609,0.19171261825294278,0.017711720629744496,0.19125523923168147,0.017620648877092752,0.1910539349521867,0.017767101727069284,0.017762853253654926
4000,1082,0.16331514381966178,0.017760031469037995,0.16331514381966178,0.017757811326336772,8.881784197001252e-16,0.0059155423830401215,0.16288332115662502,0.017679608219793353,0.16288332115662502,0.017677398130626673,8.881784197001252e-16,0.00728692295203773,0.16387527242378913,0.01778586759255726,0.1628472761685238,0.017688084613685557,0.16278883429982527,0.017851384151988618,0.0179259335077899
4000,1083,0.16507668883477677,0.017621738559747722,0.16507668883477677,0.017619535704740712,8.881784197001252e-16,0.0045938315359957795,0.16465757651671553,0.01752512413364116,0.16465757651671553,0.01752293335619231,8.881784197001252e-16,0.003832971741612317,0.165248559669685,0.01762406549947611,0.16463880511694112,0.017523631602302678,0.16430556775687077,0.017479719376943016,0.017540882182336306
4000,1084,0.18607934901428186,0.01924486063940191,0.18607934901428186,0.019242454881452715,3.552713678800501e-15,0.0059235106150207,0.1863612377688872,0.01923371909190418,0.1863612377688872,0.019231314726735473,8.881784197001252e-16,0.006374061295866867,0.1892898957024599,0.019787957224879384,0.18645801513035315,0.019260074896738488,0.1866990829814809,0.018900661856242434,0.018903120601986775
4000,1085,0.17349825947997188,0.017831062259226198,0.17349825947997188,0.017828833237121203,8.881784197001252e-16,0.0071925893383980605,0.17482851371209585,0.01776496912096738,0.17482851371209585,0.017762748361021086,8.881784197001252e-16,0.007819644293893103,0.17428168526418586,0.017844827623847856,0.17481700260528305,0.01777147126473389,0.17440272954904407,0.017812024849174372,0.01780640683702062
4000,1086,0.14280482173763653,0.018125055299773676,0.14280482173763653,0.018122789526241505,1.7763568394002505e-15,0.012992045289679783,0.14387399941958612,0.01805532598877446,0.14387399941958612,0.01805306893195099,8.881784197001252e-16,0.012841688192468743,0.1445056014436436,0.01816772916455288,0.14388949188910505,0.018063216891416965,0.14448560451221837,0.018006030556965914,0.018165182845193563
4000,1087,0.15578621046420782,0.017793517696791085,0.15578621046420782,0.01779129336804975,8.881784197001252e-16,0.004537782846414787,0.1557544878170955,0.01770518217895039,0.1557544878170955,0.017702968892838993,8.881784197001252e-16,0.0053224759032733755,0.15559334550531706,0.017812278148184445,0.15573309489668674,0.01771650299717801,0.1551054769008543,0.017504449300678585,0.017564213682653408
4000,1088,0.23157133803977142,0.01751851239009842,0.23157133803977142,0.017516322439169167,8.881784197001252e-16,0.010266759128058047,0.23176016081876666,0.017410612554128874,0.23176016081876666,0.017408436091522192,8.881784197001252e-16,0.011746385129358054,0.23119395649600305,0.017498092743286627,0.23168403472094495,0.017414623428228353,0.2323515067789313,0.017638439903466266,0.01757365309008061
4000,1089,0.19192078659260592,0.017618265097309134,0.19192078659260592,0.017616062676512067,1.7763568394002505e-15,0.011122427565563512,0.19129378628761495,0.017559867073832773,0.19129378628761495,0.01755767195324493,8.881784197001252e-16,0.011286472504483351,0.19110121543744413,0.017737161198693046,0.19120932888869496,0.017565983853227163,0.19116668540376008,0.017296225310129327,0.017310363921479395
4000,1090,0.21486373031802208,0.018139485536981796,0.21486373031802208,0.018137217959557226,8.881784197001252e-16,0.005222838354196718,0.21525327910972158,0.018106608110086412,0.21525327910972158,0.01810434464259709,8.881784197001252e-16,0.005549208377442132,0.2148298444274218,0.018190358044888295,0.21519610952601032,0.01811998821800997,0.21518227953861407,0.01749457917938919,0.017501444096423773
4000,1091,0.16006218144399775,0.01786844758462285,0.16006218144399775,0.017866213889060078,8.881784197001252e-16,0.014343755153095607,0.1610804165048067,0.017795843465303267,0.1610804165048067,0.017793618845822694,1.7763568394002505e-15,0.013851105078285632,0.16138502294700946,0.017875123757848284,0.16103989684898412,0.017807742876204968,0.1614169281544096,0.017872046786907472,0.017920938198447308
4000,1092,0.20096597831891255,0.018254444186529432,0.20096597831891255,0.018252162238375443,8.881784197001252e-16,0.014373109107466605,0.20163646451466205,0.018117331592688708,0.20163646451466205,0.018115066784680275,1.7763568394002505e-15,0.013329301744236749,0.20201604871389062,0.018257740163276776,0.2016916720269697,0.018129171142272547,0.19837299210683523,0.019888824723736275,0.01899077218802363
4000,1093,0.20627958694358067,0.01845553017740597,0.20627958694358067,0.018453223091931942,8.881784197001252e-16,0.014920813904905643,0.2036141877580112,0.018337603386568965,0.2036141877580112,0.01833531104286521,8.881784197001252e-16,0.014020351349062,0.20303649652787936,0.01853436620487593,0.20364690689750542,0.018351780421197044,0.20180296066881737,0.019121046074852942,0.019054534742056047
4000,1094,0.19615328118197306,0.018919252012684056,0.19615328118197306,0.018916886958357335,3.552713678800501e-15,0.006911528750771395,0.1961211267516269,0.018861129127455644,0.1961211267516269,0.018858771338943717,1.7763568394002505e-15,0.007722177686629764,0.19738234021962364,0.01894608108363456,0.1961248001053913,0.01888474893534886,0.1974013156517785,0.018809554127034632,0.01902749546656688
4000,1095,0.15480833709589437,0.018317467112575012,0.15480833709589437,0.01831517728606284,1.7763568394002505e-15,0.013305387533744377,0.1554646875838051,0.01823995667722988,0.1554646875838051,0.01823767654012775,8.881784197001252e-16,0.013012486722825985,0.1550139120917542,0.018362809618734825,0.1554568648428135,0.018255233635330926,0.1568820436199525,0.01826821757080566,0.01829212895265688
4000,1096,0.1746824966338345,0.017935393018300362,0.1746824966338345,0.017933150954035297,1.7763568394002505e-15,0.009637587568415044,0.17419577336905545,0.0178336044981053,0.17419577336905545,0.01783137515820058,8.881784197001252e-16,0.008755898478742707,0.17374821704535043,0.017974081451942063,0.17419150449758708,0.017842169229132135,0.17264641932361163,0.018185284545418585,0.018203459501125105
4000,1097,0.18978554265956538,0.019138637447135527,0.18978554265956538,0.01913624496791534,3.552713678800501e-15,0.004929905429252393,0.1883216181106802,0.018882324715206112,0.1883216181106802,0.018879964277080108,1.7763568394002505e-15,0.005523649875416429,0.18858236907907733,0.019150754706402706,0.18834780281305719,0.018909455458469945,0.18821039184669103,0.018145741409724258,0.01808641848397587
4000,1098,0.15296835023508504,0.018054510098897966,0.15296835023508504,0.01805225314406711,1.7763568394002505e-15,0.01660369424126022,0.15173284816778543,0.017980459035421784,0.15173284816778543,0.017978211337552463,8.881784197001252e-16,0.014899775691731773,0.15259253326669175,0.01809506981462718,0.1517502752185742,0.01799350601279266,0.15272734070482707,0.019011549488248857,0.019092065402188562
4000,1099,0.1970239536469814,0.01807596462858935,0.1970239536469814,0.018073704991774648,1.7763568394002505e-15,0.01435113105225858,0.1972927987365768,0.018011737648471603,0.1972927987365768,0.01800948604053125,8.881784197001252e-16,0.01549514809904398,0.19869467962605353,0.018108759703283808,0.19730167469226656,0.01802325096278182,0.19683879523770048,0.01793121549039986,0.01788778424735883
4000,1100,0.1717443303970309,0.017888945715659906,0.1717443303970309,0.01788670945767059,1.7763568394002505e-15,0.006464758339266514,0.1716489003045894,0.017821315867943794,0.1716489003045894,0.017819088064213867,8.881784197001252e-16,0.006052245077201801,0.17130492236708345,0.01791102785190702,0.17163245764715118,0.01783067059430692,0.17183460767892822,0.017927518684302396,0.018070451281171813
4000,1101,0.20693994531956028,0.01838582321441261,0.20693994531956028,0.018383524842853608,1.7763568394002505e-15,0.008558778509037584,0.2085427762786634,0.01833166853535669,0.2085427762786634,0.018329376933555706,3.552713678800501e-15,0.0081719091036368,0.20915011143146667,0.018526116807024512,0.20856684227865108,0.018349668312126137,0.20851943826535962,0.01806578246473835,0.017968915633982396
4000,1102,0.18804732602430085,0.017525186344047657,0.18804732602430085,0.017522995558822016,8.881784197001252e-16,0.012234526404137054,0.18867972135635697,0.017441964248324626,0.18867972135635697,0.017439783866511207,8.881784197001252e-16,0.011933896119843383,0.18981630797295235,0.017575597589190646,0.18863245143678986,0.01744707884794259,0.18809313999945654,0.017887657774677757,0.017897840429218503
4000,1103,0.20513867106391698,0.018342277892185132,0.20513867106391698,0.018339984964131646,1.7763568394002505e-15,0.01996639674955179,0.2054362844787413,0.018228466164693393,0.2054362844787413,0.01822618746399511,1.7763568394002505e-15,0.021362790608214024,0.20669227945338742,0.01841483327683179,0.20545543996877463,0.018245626663781045,0.20619333884223134,0.019006488874757848,0.019261788593496715
4000,1104,0.1744454283604716,0.018018308181107435,0.1744454283604716,0.018016055751799168,1.7763568394002505e-15,0.00828579868928997,0.17450264091328432,0.01794478840702947,0.17450264091328432,0.017942545168267404,8.881784197001252e-16,0.008685534775983255,0.17319253128457895,0.01802005966193745,0.17450381821322808,0.017957334731306094,0.17455687141794157,0.017999915484230487,0.017978831806849754
4000,1105,0.19572810296723359,0.018299140171028135,0.19572810296723359,0.018296852635526852,1.7763568394002505e-15,0.004299773936524251,0.19459069769382242,0.018135752109200664,0.19459069769382242,0.01813348499848374,1.3322676295501878e-15,0.00427178461274053,0.1938034675841102,0.018225784294078135,0.19462551502438225,0.018142575585094398,0.19555839023354166,0.017653955950376745,0.01767505526051971
4000,1106,0.2196473655679232,0.01815436700847632,0.2196473655679232,0.01815209757075154,1.7763568394002505e-15,0.01767526471528253,0.21940945100151177,0.018096320491998514,0.21940945100151177,0.018094058310541835,8.881784197001252e-16,0.017635193826542578,0.22046117730158166,0.01823905429797418,0.21939657767541937,0.018106522026285335,0.21995905918197012,0.018064052891587298,0.01806927785712929
4000,1107,0.19938521583707175,0.018948573030208724,0.19938521583707175,0.018946204310525714,1.7763568394002505e-15,0.00946957946025371,0.19828589842261046,0.018801266699717822,0.19828589842261046,0.018798916394477096,1.7763568394002505e-15,0.011252641684536194,0.19890289273678746,0.018955919720687484,0.19831336386944703,0.018823234934915598,0.19923063304448296,0.01822979778900686,0.018257246976603192
4000,1108,0.1763299074287361,0.018605976730664716,0.1763299074287361,0.01860365083819602,1.7763568394002505e-15,0.015182232303938573,0.17602686453137434,0.01846685472112245,0.17602686453137434,0.018464546219991974,1.7763568394002505e-15,0.016609526020749166,0.17620605060453964,0.01856140315671697,0.17610067523805883,0.01848026023627415,0.17667178739599082,0.019190268449586132,0.01922114517648199
4000,1109,0.17710701369125104,0.017747154752865823,0.17710701369125104,0.017744936219854738,8.881784197001252e-16,0.012527621932633948,0.17706643836334873,0.017680426206258232,0.17706643836334873,0.01767821601483685,8.881784197001252e-16,0.011609929131863452,0.17749877881495246,0.017837457906540424,0.17702163770223622,0.017686460366497445,0.1768271725156771,0.01768569679000884,0.017721888960463155
4000,1110,0.19361714043591882,0.01807448394068734,0.19361714043591882,0.018072224488970196,1.7763568394002505e-15,0.013945496898472716,0.19312297052273597,0.017992627421592553,0.19312297052273597,0.01799037820257988,1.7763568394002505e-15,0.013165889975701724,0.19375912381066074,0.018059473151255348,0.19314159000254344,0.017996031939191998,0.19424843897354932,0.017571291553440737,0.017596602659426423
4000,1111,0.2076170973110787,0.01899786567766647,0.2076170973110787,0.01899549079601738,1.7763568394002505e-15,0.009515803921871435,0.20769970600763438,0.018803067383952644,0.20769970600763438,0.018800716853612322,1.7763568394002505e-15,0.009117299915506511,0.20537327430035518,0.018899432976886232,0.2077463684169626,0.018824281768238024,0.20832955118071195,0.019044692677048176,0.019068896334210075
4000,1112,0.17162460745611569,0.017764112115676533,0.17162460745611569,0.017761891462862594,1.7763568394002505e-15,0.014657042210817707,0.17128286512615432,0.017682658353682965,0.17128286512615432,0.017680447883225717,1.7763568394002505e-15,0.013705439844448945,0.17265455822866782,0.017741419171399927,0.171230524095715,0.017691054721650595,0.17063950586686827,0.01795351044649899,0.017993340005504423
4000,1113,0.18925903725201987,0.017964129461381335,0.18925903725201987,0.017961883804836355,1.7763568394002505e-15,0.002540106999837415,0.18992430456225312,0.01790728284433054,0.18992430456225312,0.01790504429405686,1.7763568394002505e-15,0.0026647966405522992,0.18933973233113677,0.018043794881220265,0.18991692087104056,0.017922343119951202,0.1894992018829103,0.01806068491405284,0.018072094371709185
4000,1114,0.19225051485622685,0.018487970373977383,0.19225051485622685,0.018485659233225312,8.881784197001252e-16,0.010666671502879812,0.1919362964599048,0.018270137685793268,0.1919362964599048,0.01826785377582925,8.881784197001252e-16,0.009726385470661885,0.19137235727284213,0.018439271039654193,0.19188272382053756,0.01828200985654819,0.19409342012848108,0.017687745908738516,0.01768377238118154
4000,1115,0.17999357618041634,0.01853937758831562,0.17999357618041634,0.01853706002126009,1.7763568394002505e-15,0.0035998673225655486,0.1797114030733835,0.0184328442449771,0.1797114030733835,0.018430539995421883,3.552713678800501e-15,0.003857835298870607,0.17709419475214633,0.018520945711926463,0.17967238265094226,0.01845266975783409,0.17630661228926187,0.017913551906340447,0.017890075848935334
4000,1116,0.18364697439725886,0.018439158638104535,0.18364697439725886,0.018436853599200834,8.881784197001252e-16,0.012812241695946122,0.18369952884616375,0.018387338560498012,0.18369952884616375,0.01838503999950891,8.881784197001252e-16,0.011758025068388819,0.18396962491251156,0.018537534967364506,0.18370534322370646,0.018408812429912866,0.1833940671413894,0.018788802506691106,0.01873023959572728
4000,1117,0.17554221401204934,0.018078386819102704,0.17554221401204934,0.018076126879495266,1.7763568394002505e-15,0.014633582652381356,0.1744432257126734,0.017964012355599523,0.1744432257126734,0.01796176671369368,8.881784197001252e-16,0.013170713431218352,0.17436621849781136,0.01808270325420246,0.17442677970861498,0.017978318097808445,0.17336450623821537,0.018129799364006265,0.018174312590389458
4000,1118,0.19804286421032324,0.018049050729746142,0.19804286421032324,0.018046794457379084,8.881784197001252e-16,0.01007971359435982,0.19654921791789254,0.017881482515734674,0.19654921791789254,0.017879247190703662,8.881784197001252e-16,0.00867208971183874,0.19656860977544766,0.018086747465482726,0.1965018373352299,0.017889871575791,0.19541760271979747,0.017534639049657665,0.01754261384344603
4000,1119,0.18409548040186946,0.018318880244343257,0.18409548040186946,0.018316590241178567,1.7763568394002505e-15,0.00859781736217905,0.18375800864235003,0.018208886585828015,0.18375800864235003,0.018206610332730078,1.7763568394002505e-15,0.0084894317430639,0.18214357981046997,0.018381727356835194,0.1837770951784582,0.018220320160952902,0.1832680530608477,0.017874430576121744,0.017745444507995034
4000,1120,0.1741136464885611,0.017656498517688062,0.1741136464885611,0.01765429131741471,8.881784197001252e-16,0.009636429709759862,0.1739863817197539,0.01754781168119217,0.1739863817197539,0.0175456180676226,1.7763568394002505e-15,0.010296167524687875,0.1746999449609311,0.017629443150253353,0.17394692806219342,0.017555028013654696,0.17263700859614267,0.017824555039442646,0.017897793388262605
4000,1121,0.12805663490384966,0.018280806072300402,0.12805663490384966,0.01827852082870471,1.7763568394002505e-15,0.0017223929055736541,0.1281897983715775,0.018164942241581168,0.1281897983715775,0.018162671481869615,1.7763568394002505e-15,0.0016795181970635888,0.12635841149750626,0.018224231461637805,0.12820782599147895,0.018182227934253857,0.13009550785225127,0.018060026842757138,0.01818243380774509
4000,1122,0.20535387408639177,0.018618687036805293,0.20535387408639177,0.018616359555449016,1.7763568394002505e-15,0.012368261848670377,0.20608993636454648,0.018501052669522303,0.20608993636454648,0.01849873989338107,1.7763568394002505e-15,0.011955587873330639,0.20578148989069373,0.018751768925235047,0.20608785742192298,0.01851890319627722,0.20644009174044764,0.018268400547175156,0.018292322746459647
4000,1123,0.16439715771612334,0.018294067294181274,0.16439715771612334,0.018291780392829235,8.881784197001252e-16,0.010787802453485634,0.16451628749192787,0.018164750737034916,0.16451628749192787,0.018162480001262932,1.7763568394002505e-15,0.01347094704466917,0.16478746006165534,0.01826420250582572,0.16452656168733265,0.01817484247242193,0.16332748654776896,0.018345158225180732,0.018420250971780436
4000,1124,0.18750383719710767,0.018434671147974264,0.18750383719710767,0.018432366670041896,8.881784197001252e-16,0.0065220083466584165,0.18778618819516713,0.01834989586975112,0.18778618819516713,0.018347601989390918,8.881784197001252e-16,0.006634995494827296,0.18782974204430303,0.018511485371678748,0.1877423274066597,0.01836587440066507,0.18700537203182993,0.01821534694944812,0.018216913810789097
4000,1125,0.19455152396108222,0.018417458941781116,0.19455152396108222,0.018415156615509007,1.7763568394002505e-15,0.013284220854661787,0.1929335858691721,0.018223877627097932,0.1929335858691721,0.0182215995000027,1.7763568394002505e-15,0.013883129870423228,0.1938480691124006,0.018287415912627406,0.19293294532627192,0.018234325820367235,0.1927974050629796,0.01817503313781623,0.018148066872231527
4000,1126,0.19788491507809397,0.018179727105053698,0.19788491507809397,0.018177454497118693,1.7763568394002505e-15,0.014487556925540513,0.19851206455094855,0.018129114353736712,0.19851206455094855,0.018126848072791083,1.7763568394002505e-15,0.015042328980467643,0.19857172560047748,0.018210280831564268,0.19849550831232488,0.018141527049533684,0.19896832848854878,0.018345082763775188,0.01836621794973661
4000,1127,0.1559122551071465,0.018431115105628126,0.1559122551071465,0.018428811072228834,8.881784197001252e-16,0.011985160626303792,0.15582326902501076,0.01835718368138646,0.15582326902501076,0.018354888889992864,8.881784197001252e-16,0.012452605892657611,0.1556415019136751,0.01848903875474119,0.15580445818653027,0.01837474613362034,0.15487904902640598,0.018708840052095603,0.018709488720453988
4000,1128,0.14094424544203804,0.018310325283866162,0.14094424544203804,0.018308036350138376,8.881784197001252e-16,0.013683770640409983,0.1417112655284038,0.018174351224283573,0.1417112655284038,0.018172079288375668,8.881784197001252e-16,0.013707591105576246,0.142705644047053,0.01830764753523295,0.14171454273394146,0.01819387912734171,0.14097934451589383,0.018365610499940965,0.018351351802797955
4000,1129,0.196592232081152,0.018641801499970502,0.196592232081152,0.018639471129125725,1.7763568394002505e-15,0.011510173050283198,0.1947704944545472,0.018419718358340602,0.1947704944545472,0.01841741574962377,1.7763568394002505e-15,0.012875487254375245,0.1958045542269361,0.018592561922768806,0.194787002434054,0.01843677153674647,0.19512384270324085,0.018402543627818332,0.018421495939274442
4000,1130,0.19468103738051612,0.018012167285892666,0.19468103738051612,0.018009915624244283,1.7763568394002505e-15,0.00920346548906036,0.19429817131084337,0.017906619770428418,0.19429817131084337,0.017904381303044156,8.881784197001252e-16,0.009772115134716128,0.1949129143698896,0.018049474748293114,0.1943033424954656,0.0179197822688704,0.19133255675978234,0.018468141375399583,0.01830920526510924
4000,1131,0.19905794534994403,0.01774174843088001,0.19905794534994403,0.017739530573701413,8.881784197001252e-16,0.01935740943688607,0.20005195925626157,0.017657068532055235,0.20005195925626157,0.017654861260525633,8.881784197001252e-16,0.01748596669369002,0.1997739940365405,0.017718109017736093,0.20002232731164965,0.01766377700442718,0.20039624006889717,0.01750558394016478,0.017547915232303687
4000,1132,0.19567295896577575,0.01843116840460118,0.19567295896577575,0.0184288643645391,1.7763568394002505e-15,0.01243256891737144,0.19667645519888438,0.01837748959845255,0.19667645519888438,0.01837519226866066,8.881784197001252e-16,0.013169685665866685,0.19728618598404146,0.018534920148617025,0.19671998043811179,0.018395907745227147,0.1961488380394314,0.018525438141619287,0.01857022015052596
4000,1133,0.16956801891888973,0.018617686395122096,0.16956801891888973,0.018615359038853842,1.7763568394002505e-15,0.013294720191159312,0.169333847993957,0.01847936295581089,0.169333847993957,0.018477052891053343,1.7763568394002505e-15,0.014783229629770774,0.17067895704732683,0.018730209652404527,0.16935159211650802,0.01849454036961866,0.16915194901360298,0.01801661843692766,0.018018219962372052
4000,1134,0.21346700186060963,0.019642761995503955,0.21346700186060963,0.019640306496776252,1.7763568394002505e-15,0.006146474651877124,0.2147188839741862,0.01950268905044683,0.2147188839741862,0.01950025106193172,1.7763568394002505e-15,0.006339206332869365,0.21503188285481462,0.01946526832279793,0.21478129268184265,0.019540281314905247,0.21489558966339767,0.019401683350913235,0.019781963251362427
4000,1135,0.1711549289752084,0.01792420072383425,0.1711549289752084,0.017921960058693447,8.881784197001252e-16,0.007124576891188562,0.17324268004953486,0.017817013873227563,0.17324268004953486,0.01781478660728059,8.881784197001252e-16,0.008955956382902532,0.17299049689973028,0.017921288515362586,0.17319950721954208,0.017821976175246775,0.1742186953678902,0.017427068920602175,0.017473451643395477
4000,1136,0.18085802988271582,0.017935772394906006,0.18085802988271582,0.017933530283215905,1.7763568394002505e-15,0.01000238701693631,0.18093439073652667,0.01782353896483726,0.18093439073652667,0.017821310883202848,8.881784197001252e-16,0.013293978386534946,0.18057754479932164,0.017894531984062968,0.18097579773643102,0.017824227000732783,0.18293443066752968,0.017757337306528523,0.017870386570010843
4000,1137,0.20335046699865716,0.01806675302694086,0.20335046699865716,0.01806449454164834,1.7763568394002505e-15,0.0144013700118875,0.202407738422006,0.01791361468526339,0.202407738422006,0.01791137534346012,1.7763568394002505e-15,0.014490690119835486,0.20207604946848112,0.018023161068844735,0.2024261463311145,0.017928354553089512,0.2022790670435511,0.01799599308435279,0.017998550045676288
4000,1138,0.19031126683825506,0.018447019693873908,0.19031126683825506,0.018444713672276816,1.7763568394002505e-15,0.006479681527961875,0.19090106937662665,0.018344318111117745,0.19090106937662665,0.018342024928020957,8.881784197001252e-16,0.006231517673909757,0.19222268445211405,0.018492906008484168,0.19093837743192515,0.018356981063027893,0.1908963532932998,0.018477918646769717,0.018150119714303997
4000,1139,0.22243078754456347,0.01851855730942097,0.22243078754456347,0.018516242345062977,1.7763568394002505e-15,0.002987359141408301,0.22356358160037954,0.018429112106800205,0.22356358160037954,0.018426808323791413,1.7763568394002505e-15,0.0026962324261782995,0.22344032846125306,0.018548943417622716,0.22353687123809535,0.01844957393347392,0.22374104770718467,0.018013921908340114,0.017993465107326533
4000,1140,0.17720279925464644,0.017513179358730226,0.17720279925464644,0.01751099007447157,1.7763568394002505e-15,0.008526366398034531,0.1772121825649795,0.017438458944356014,0.1772121825649795,0.017436279000732975,1.7763568394002505e-15,0.009063329858521315,0.1776502819537868,0.01749050850759756,0.1771480104596218,0.017449797749847482,0.17755135660812998,0.017637595943225632,0.017641487416497854
4000,1141,0.2310689915791203,0.018372946334795956,0.2310689915791203,0.01837064957294752,1.7763568394002505e-15,0.015244263290756272,0.23133277944398017,0.018258902097803575,0.23133277944398017,0.01825661959237584,3.552713678800501e-15,0.012975749569089937,0.2298377915246569,0.018357174725673858,0.2313811906598946,0.018274681606512213,0.23005032899356082,0.01946326693208233,0.01908269972507019
4000,1142,0.15512379319912994,0.019084386078390258,0.15512379319912994,0.019082000381015055,3.552713678800501e-15,0.004995571502494831,0.15635983342627963,0.019222893965994692,0.15635983342627963,0.019220490954051307,8.881784197001252e-16,0.004493010630342109,0.15590425669378488,0.01943424625814063,0.15638667482207153,0.01925078507100217,0.15721029054997354,0.018846997604743846,0.01875142859768618
4000,1143,0.21212175903652303,0.018225663081633384,0.21212175903652303,0.018223384731342385,1.7763568394002505e-15,0.016625836412816723,0.21166888344472612,0.018140025493118123,0.21166888344472612,0.018137757848194814,1.7763568394002505e-15,0.01708293480018749,0.21176173326433462,0.01822002568329096,0.21168397193908423,0.01815406434758519,0.2142453634994495,0.01824106126569964,0.018346777470729058
4000,1144,0.19465055221374494,0.017661870127333383,0.19465055221374494,0.017659662255566855,1.3322676295501878e-15,0.013210445536778784,0.1948430281288704,0.017590090992395113,0.1948430281288704,0.017587892093581303,8.881784197001252e-16,0.012428490590413893,0.19496457576720655,0.01769994280859815,0.19478092680523895,0.017595251543355176,0.19563620699181838,0.017734174558126037,0.017687067338901342
4000,1145,0.18853890748951546,0.018208166416219564,0.18853890748951546,0.01820589025314845,1.7763568394002505e-15,0.00386940825545703,0.18806829398319336,0.018049660313447242,0.18806829398319336,0.018047403964877463,1.7763568394002505e-15,0.0037807934027564317,0.18829526711491906,0.018126345174683443,0.18802921283464374,0.01806191375783856,0.18753138629486915,0.017804019222319566,0.017827692025016186
4000,1146,0.19348313134412093,0.018105431896484833,0.19348313134412093,0.0181031685760314,8.881784197001252e-16,0.022061022471602413,0.19208096393084123,0.01794227270397503,0.19208096393084123,0.017940029779695502,8.881784197001252e-16,0.02171260368160567,0.19121029974309056,0.018035157766112385,0.1920519943520752,0.01795890000243031,0.19283561465739113,0.01828763254547425,0.018248826186021496
4000,1147,0.21417503794161108,0.018572556240175644,0.21417503794161108,0.018570234525529385,1.7763568394002505e-15,0.006858364053079772,0.2134918839541613,0.01846458775166397,0.2134918839541613,0.018462279533922387,1.7763568394002505e-15,0.006438818959717396,0.21325364852367257,0.01854426740318138,0.21348934669667896,0.01847923263252434,0.21557344349332458,0.01783432500730906,0.01783732264472898
4000,1148,0.1847085395576435,0.018602649252630794,0.1847085395576435,0.01860032377612285,1.7763568394002505e-15,0.00915107418961068,0.18460607021839776,0.018533552895825266,0.18460607021839776,0.018531236056901802,8.881784197001252e-16,0.008874607191391697,0.18554654378873908,0.01867598710129174,0.18465422100378376,0.018541173758260265,0.1869795088236465,0.017766053060365362,0.017803780661886835
4000,1149,0.20778240621357053,0.019471247943801485,0.20778240621357053,0.019468813885670365,3.552713678800501e-15,0.016201821195587336,0.20981336587931027,0.01951112427544643,0.20981336587931027,0.019508685232462283,1.7763568394002505e-15,0.01722805962873846,0.2099041972757656,0.019661488802374668,0.2098721620465317,0.019554577291193278,0.20813564426851888,0.01908099706965523,0.01933503099014844
4000,1150,0.1749906596576608,0.01850650720242704,0.1749906596576608,0.018504193744426575,8.881784197001252e-16,0.01301698849182958,0.17670432055526147,0.018415706086439387,0.17670432055526147,0.01841340397928789,1.7763568394002505e-15,0.011657732652576322,0.17632283771221013,0.018483942443287115,0.1767286757958329,0.018428938527776936,0.1774351538248814,0.018704595165533185,0.018704628457066098
4000,1151,0.18360721848863143,0.01802150874319953,0.18360721848863143,0.01801925591379599,8.881784197001252e-16,0.014133914406851982,0.18432474913874441,0.017897697672488742,0.18432474913874441,0.017895460320436436,1.7763568394002505e-15,0.014942007137936007,0.18489724728196272,0.017959395077337858,0.1843405272352941,0.01790863621156627,0.18499277915984036,0.01800935293996863,0.018040303114125866
4000,1152,0.15063719808044806,0.017826836252597865,0.15063719808044806,0.01782460775877672,1.7763568394002505e-15,0.007440584892696225,0.15057954571145737,0.017718769120144355,0.15057954571145737,0.017716554135559146,1.7763568394002505e-15,0.007901056587563007,0.15020838851375068,0.0179136821426118,0.15054483516622258,0.017729722855351914,0.15081934533218583,0.018141319587710897,0.01817694896643904
4000,1153,0.167042521688417,0.017689531456781163,0.167042521688417,0.017687320127132325,8.881784197001252e-16,0.01763065049633897,0.16664171195609867,0.0175871328520041,0.16664171195609867,0.01758493432298095,1.7763568394002505e-15,0.01739605755781161,0.1650208017550484,0.0177060301819103,0.16662192192359343,0.017593280925938457,0.165307275930748,0.01764700300786226,0.01774959489059039
4000,1154,0.17439900683246706,0.01739085060056618,0.17439900683246706,0.017388676608358102,8.881784197001252e-16,0.011807141693545645,0.17397358972898724,0.017323884436265636,0.17397358972898724,0.017321718815351335,8.881784197001252e-16,0.013217372469387806,0.17348874302088957,0.017403388638938325,0.17395839950023062,0.01732850229935396,0.17273565436946836,0.017688258066805962,0.017739138908525805
4000,1155,0.17669234223304814,0.018785609249038205,0.17669234223304814,0.018783260901101155,8.881784197001252e-16,0.013441278900016111,0.17648760732395158,0.018587233265277597,0.17648760732395158,0.018584909715888522,8.881784197001252e-16,0.011932427234775408,0.1759508969557117,0.018672695506714358,0.17650470117184908,0.018610373148129147,0.1749301612299054,0.01831399204106521,0.018307256010189905
4000,1156,0.19021682415799124,0.018642169852169398,0.19021682415799124,0.018639839435277715,8.881784197001252e-16,0.0031386405701912517,0.18979177216693377,0.018474646621829672,0.18979177216693377,0.018472337146650718,1.7763568394002505e-15,0.0032461880927061085,0.18973755337180337,0.01854742336909636,0.18986399876248589,0.01848657725114349,0.19039442445377885,0.0183941334918139,0.018173061190022693
4000,1157,0.17335938724445465,0.018219489817997373,0.17335938724445465,0.018217212239412563,8.881784197001252e-16,0.01086803407814215,0.17350329736014686,0.0181346266193978,0.17350329736014686,0.018132359649375897,1.7763568394002505e-15,0.011204471807381836,0.1730056345624062,0.018253153780437494,0.17347198853169304,0.01814772068695288,0.17344402716589474,0.018098434808040163,0.018122933782190927
4000,1158,0.16287499120223858,0.017558859377393533,0.16287499120223858,0.01755666438277562,8.881784197001252e-16,0.011343256320259851,0.1645603304517712,0.017465767197212566,0.1645603304517712,0.017463583839844553,8.881784197001252e-16,0.013549928096932737,0.1642367097087803,0.017581987684701293,0.16453328293110392,0.017466704200828836,0.16502307189530274,0.017670722814389174,0.017712368047211463
4000,1159,0.15220314985467398,0.01787992276241601,0.15220314985467398,0.017877687632366343,1.7763568394002505e-15,0.015731835927978863,0.15356517001455866,0.01778016364928983,0.15356517001455866,0.017777940989908772,1.7763568394002505e-15,0.01417490818745981,0.15358366600310136,0.01784995221523872,0.15354511730599452,0.017787137491931882,0.15409139806206185,0.018002778627209802,0.018078662752887147
4000,1160,0.20422108042837755,0.01952419900767145,0.20422108042837755,0.019521758330243617,3.552713678800501e-15,0.0055285277054589995,0.2045695563477457,0.01953102665880914,0.2045695563477457,0.019528585127871565,1.7763568394002505e-15,0.006058673353666306,0.20578362156858288,0.02001202610772562,0.20463966852932275,0.01956981776316039,0.20308106748923355,0.018855286335974584,0.018866226436619362
4000,1161,0.17611035727370533,0.01747843735093999,0.17611035727370533,0.017476252409703755,8.881784197001252e-16,0.0024439187426519215,0.1768284333277934,0.01740962465025132,0.1768284333277934,0.01740744831114034,8.881784197001252e-16,0.0024966750092690754,0.17641224974662628,0.017481373005744295,0.17673878401907095,0.017412579271688742,0.17615877638540073,0.017491592237592474,0.017539244798216676
4000,1162,0.1535537876898354,0.018277250407436326,0.1535537876898354,0.01827496560832653,8.881784197001252e-16,0.018611737022546808,0.15210263444618166,0.018047370826787687,0.15210263444618166,0.018045114764421624,1.7763568394002505e-15,0.016991586440821892,0.1521176960239809,0.018160703640436465,0.15207498761424915,0.01806560089799374,0.15200343999607707,0.01791979154863303,0.017954385138493595
4000,1163,0.18458390973892863,0.018286978233486014,0.18458390973892863,0.01828469221832195,1.7763568394002505e-15,0.013096830912913212,0.18457126663402929,0.018113995311678677,0.18457126663402929,0.018111730920731435,1.7763568394002505e-15,0.013230666220026284,0.1855283477912243,0.018216251635064844,0.18456849168013328,0.018126801219270048,0.18437163657052053,0.01820530032914756,0.018216376907678303
4000,1164,0.2036623576312096,0.01940184113874374,0.2036623576312096,0.019399415757005562,3.552713678800501e-15,0.011627888665354726,0.20330430523292947,0.01917079607837226,0.20330430523292947,0.019168399579071897,8.881784197001252e-16,0.011857707388054273,0.20432223572215918,0.019282568988894275,0.20338455072500045,0.019201512863531504,0.20316689399628451,0.01955216807754034,0.01960612032324213
4000,1165,0.18622779370978193,0.017919006333402782,0.18622779370978193,0.017916766317601366,8.881784197001252e-16,0.020121594263011338,0.1869865156132346,0.017842658861670063,0.1869865156132346,0.017840428389899157,1.7763568394002505e-15,0.021016642830133193,0.18693985095073645,0.017942894496893874,0.1869896594235005,0.017850112454701923,0.186748738344161,0.01784973621165526,0.017965258686412397
4000,1166,0.1923879686816009,0.017960787921859837,0.1923879686816009,0.01795854268303341,8.881784197001252e-16,0.015581487774174195,0.19278671692302135,0.017897270592730077,0.19278671692302135,0.017895033294066078,8.881784197001252e-16,0.014139732642786649,0.19219111828793511,0.017966136219159136,0.19273634046295623,0.017909613613695117,0.19280137849143003,0.01797635134604079,0.017984507026492114
4000,1167,0.209945321456391,0.018467068965640265,0.209945321456391,0.018464760437727545,1.7763568394002505e-15,0.019070563059571985,0.20912198431259915,0.018414974915841247,0.20912198431259915,0.018412672900091787,1.7763568394002505e-15,0.020300854948147543,0.20864991890286866,0.018517773659659658,0.20914034005992843,0.01842709582492011,0.20981030716220167,0.019474511144272733,0.019513991760295026
4000,1168,0.16959883511327267,0.0181369339253432,0.16959883511327267,0.018134666666890016,8.881784197001252e-16,0.007099713600375775,0.16890165681567232,0.018013839521931255,0.16890165681567232,0.0180115876512403,8.881784197001252e-16,0.007086055986538363,0.16890451910676085,0.018166892690022394,0.16892514957327476,0.018029592221402657,0.16791108692446693,0.017908042899850388,0.017917131674818395
4000,1169,0.1736916207566916,0.017912048289696125,0.1736916207566916,0.01790980914370454,8.881784197001252e-16,0.008703186273159668,0.1745113703765639,0.017846027805156928,0.1745113703765639,0.01784379691224176,8.881784197001252e-16,0.008031878157385632,0.17367090459659373,0.017935779989701445,0.1744330512337689,0.017855044377298845,0.17549123472225087,0.01815566847654785,0.018168118184480997
4000,1170,0.17782686511740164,0.017751504734247713,0.17782686511740164,0.017749285657454966,8.881784197001252e-16,0.01232545169251375,0.1773486373763814,0.017676028857494076,0.1773486373763814,0.01767381921577565,8.881784197001252e-16,0.010737552314665439,0.1769994374485186,0.017764738769458638,0.17731554508972314,0.01768496685131375,0.17843537404166493,0.017453403299411287,0.017501102976963705
4000,1171,0.2065228881877036,0.017788189103621628,0.2065228881877036,0.01778596544099607,8.881784197001252e-16,0.016318186631302845,0.20774391969362654,0.017732714900034717,0.20774391969362654,0.017730498172118057,8.881784197001252e-16,0.015262848488709653,0.20764428109463928,0.01780971452509444,0.20771533079999638,0.017736119732812982,0.2074517084147921,0.01791411036718145,0.017902350230400772
4000,1172,0.18512349523898608,0.017751424840960955,0.18512349523898608,0.01774920577415549,8.881784197001252e-16,0.009165789471325993,0.18515417651551064,0.01766438588645782,0.18515417651551064,0.01766217770020175,1.7763568394002505e-15,0.009433156983606075,0.18665311814589536,0.017771286718814835,0.18512502132729847,0.01767480338607604,0.18527495895140272,0.01819160822948218,0.018216384502183897
4000,1173,0.20666857512744075,0.017704716262205527,0.20666857512744075,0.017702503034337364,1.7763568394002505e-15,0.013411668774936438,0.20734605945014978,0.017617034638924063,0.20734605945014978,0.01761483237194391,8.881784197001252e-16,0.01303243041107745,0.20691776823118224,0.017740569805554458,0.20735933937738005,0.01762993606336587,0.20526258071502612,0.018134686635947056,0.018117484136192467
4000,1174,0.16210514692605077,0.017944204709221645,0.16210514692605077,0.01794196154342637,1.7763568394002505e-15,0.016509208528974636,0.16185505521831162,0.017867735456867057,0.16185505521831162,0.017865501850325816,1.7763568394002505e-15,0.018001896739973027,0.16263360101534424,0.01804061404856956,0.16181803442609138,0.017877853951297113,0.16128510080329844,0.01791100214171237,0.01790393667830243
4000,1175,0.1886043630914253,0.018929406054810107,0.1886043630914253,0.018927039731148784,1.7763568394002505e-15,0.007726683918417984,0.18924986612794537,0.018810686993012228,0.18924986612794537,0.01880833551016124,1.7763568394002505e-15,0.008731881735757256,0.18898269362210535,0.018863265780572874,0.18927991752281398,0.018828181000918546,0.18906426879160987,0.019009931520697992,0.019020663046400405
4000,1176,0.23195691104107347,0.018118713456027433,0.23195691104107347,0.018116448475275285,1.7763568394002505e-15,0.022116328210281026,0.231275181557208,0.017984670640904376,0.231275181557208,0.017982422416551458,8.881784197001252e-16,0.025797675027705882,0.231577221579638,0.01809319777985432,0.23123817463509616,0.01799463929045789,0.23196478064151532,0.018135399441311796,0.01808521580346434
4000,1177,0.17444207195116862,0.018422680458213908,0.17444207195116862,0.018420377479211446,1.7763568394002505e-15,0.008645167598242564,0.17361630952530827,0.018321803289586696,0.17361630952530827,0.018319512921018515,1.7763568394002505e-15,0.008537332239403865,0.17299194762805237,0.0184188312442379,0.17365374331120442,0.018337289891394777,0.17389815607686898,0.017799539791184482,0.01787117708951593
4000,1178,0.1797217738582036,0.018706534872233685,0.1797217738582036,0.01870419640921158,8.881784197001252e-16,0.008498795180263696,0.18088621071542027,0.018559679345664448,0.18088621071542027,0.01855735924073062,1.7763568394002505e-15,0.008531368112279478,0.1820015974333518,0.018736002590673168,0.18084751665165538,0.018575055158242232,0.1814258559164758,0.0177801111639482,0.017787302373544485
4000,1179,0.1842689522579608,0.018466412107759726,0.1842689522579608,0.018464103661959375,1.7763568394002505e-15,0.008345846258189085,0.1844085384133511,0.01824919915969281,0.1844085384133511,0.018246917867208157,1.7763568394002505e-15,0.00883492170444347,0.18584299257594888,0.018385259713592415,0.1844203514110147,0.018263940197596383,0.18508131581621456,0.01805308993628935,0.018129659366333376
4000,1180,0.15921723768897883,0.01841089563984628,0.15921723768897883,0.018408594134038198,8.881784197001252e-16,0.010328699253736737,0.1604546783124916,0.01826403076403183,0.1604546783124916,0.01826174761748075,1.7763568394002505e-15,0.011980247275381467,0.1594344575290445,0.018330539580035995,0.16042717961159997,0.018274142195837142,0.15885749703686874,0.01793919485897992,0.018003301851625842
4000,1181,0.20879946446898284,0.01760763130554693,0.20879946446898284,0.01760543021405692,8.881784197001252e-16,0.020704350207284342,0.20857165409657585,0.017494644993889363,0.20857165409657585,0.01749245802657113,8.881784197001252e-16,0.017921700137331898,0.20958786015027914,0.017616175432938575,0.2085590503755022,0.017500425364849692,0.20699784465538784,0.018412683161854234,0.018357621341245692
4000,1182,0.16334789955958506,0.01958594265892018,0.16334789955958506,0.01958349426305351,1.7763568394002505e-15,0.0052839362512816235,0.16242232218639024,0.019362070642602966,0.16242232218639024,0.01935965023248755,3.552713678800501e-15,0.006402857478939804,0.16197327651739596,0.019488488115489283,0.16247914892472592,0.019391904832648913,0.16364757881579933,0.019579402504819772,0.019543294862564044
4000,1183,0.16836336794311718,0.01749621764665859,0.16836336794311718,0.01749403048274647,8.881784197001252e-16,0.016748182264830963,0.16939845973989692,0.017397420892634883,0.16939845973989692,0.01739524607908896,8.881784197001252e-16,0.014405234168639905,0.17096303534289686,0.017557605082436506,0.16933554826964797,0.017408574542736668,0.16889447890720544,0.017630506878065114,0.017635767178889022
4000,1184,0.2160284847527822,0.017779605057332795,0.2160284847527822,0.0177773824677801,8.881784197001252e-16,0.012752944286031367,0.21634118298151883,0.0176575458812498,0.21634118298151883,0.01765533855004782,1.7763568394002505e-15,0.01195311205644801,0.21591508150244704,0.01780499857012388,0.2162864746011579,0.017671117763743954,0.21911554731415572,0.01779342013591248,0.017781598886572464
4000,1185,0.19623303248725815,0.01759476644554226,0.19623303248725815,0.01759256696226027,8.881784197001252e-16,0.012390549892548107,0.1973801479469396,0.017527039938946578,0.1973801479469396,0.01752484892200709,8.881784197001252e-16,0.012180557607560843,0.19662849285758677,0.017608873264665238,0.19736732595825407,0.01753314859222261,0.19638110088247068,0.018044736680247062,0.018094235201522327
4000,1186,0.186940082751184,0.01779871658062303,0.186940082751184,0.017796491601980595,8.881784197001252e-16,0.010724693535518859,0.18690346657803458,0.017701513212194753,0.18690346657803458,0.017699300384732868,8.881784197001252e-16,0.012182497324768856,0.18589275995194227,0.017870077452609705,0.18683550553768485,0.017708978156867422,0.18822199391104483,0.01737923114620374,0.0173354018376039
4000,1187,0.1971741634148404,0.018582460877765865,0.1971741634148404,0.01858013792496252,8.881784197001252e-16,0.00978046360970911,0.19720056217917714,0.018522268242288416,0.19720056217917714,0.018519952814034818,3.552713678800501e-15,0.009302613911493137,0.19699131298211192,0.018701892225449022,0.19720777688357616,0.018544004806593642,0.196808324069621,0.018063093465826408,0.018063861352616766
4000,1188,0.13426942379572188,0.017597983650050237,0.13426942379572188,0.01759578376459255,8.881784197001252e-16,0.009799943296448501,0.13506144439428897,0.017511245358367417,0.13506144439428897,0.01750905631587392,8.881784197001252e-16,0.011182631027915155,0.13561651714730893,0.017629215159879766,0.13504608436561966,0.01752062890882941,0.13582625156942535,0.01791235881450901,0.018088700875324878
4000,1189,0.20462182915699967,0.01979597855387037,0.20462182915699967,0.019793503901875717,3.552713678800501e-15,0.00634918154089923,0.20383206892672617,0.019612529968413485,0.20383206892672617,0.01961007824892539,3.552713678800501e-15,0.006528258203354794,0.20456504958333388,0.01985231958477403,0.20391887147359772,0.01964512057962704,0.2037041611964847,0.018765630657920546,0.018849405978818776
4000,1190,0.18535043242859994,0.017766397516554556,0.18535043242859994,0.017764176578047654,8.881784197001252e-16,0.007695650963039039,0.1846736306756136,0.017663806511986308,0.1846736306756136,0.017661598398156567,8.881784197001252e-16,0.006917745758700892,0.18414715058368603,0.017735641422026285,0.18464013488814623,0.017671226915501485,0.18461942602228343,0.018144734897977424,0.018147215945484102
4000,1191,0.18698837309478594,0.018919801641951443,0.18698837309478594,0.018917436518916773,3.552713678800501e-15,0.01378107035492512,0.18759265316415014,0.018730797660286423,0.18759265316415014,0.01872845616422624,1.7763568394002505e-15,0.012385962636692388,0.18679013836289504,0.018806060763343617,0.18759417609111173,0.01875796776940922,0.18784871078812893,0.019307792862209117,0.01943973457464514
4000,1192,0.17640290903997163,0.01797025212148589,0.17640290903997163,0.01796800569956056,8.881784197001252e-16,0.013321600597980623,0.17652454214107138,0.017867457359217912,0.17652454214107138,0.01786522378744105,8.881784197001252e-16,0.013393213325445404,0.1775547634774986,0.01800854609613177,0.17650626840596662,0.017880549285291855,0.1768010027700706,0.01803667135613137,0.018052352332943
4000,1193,0.17440638321055169,0.01798871696522053,0.17440638321055169,0.017986468235045457,8.881784197001252e-16,0.004097163609037367,0.17375576351329386,0.0178871155775744,0.17375576351329386,0.017884879548366643,1.7763568394002505e-15,0.004079837776976802,0.17311727466253485,0.01798659639170803,0.17375246447759113,0.017898985221219542,0.17372123187085292,0.017816546430098845,0.017879373434127977
4000,1194,0.14862486594902125,0.018651356562892494,0.14862486594902125,0.018649024997590195,1.7763568394002505e-15,0.011848829846198259,0.14859919341944183,0.018447272517197202,0.14859919341944183,0.018444966463995217,1.7763568394002505e-15,0.010161023836809373,0.14829936498622293,0.018684186191206167,0.14864524037077437,0.018462904913607216,0.1500376179882757,0.018677499819032252,0.018729773713880557
4000,1195,0.20619730357308752,0.01845739973701925,0.20619730357308752,0.018455092417835658,3.552713678800501e-15,0.008675270141931837,0.2059881418646467,0.018372494466900122,0.2059881418646467,0.0183701977615387,8.881784197001252e-16,0.008284923329515607,0.20576009696127773,0.01850948103203409,0.20604222910433945,0.018389615388786376,0.20543215932643705,0.01831332688520852,0.01811231815969042
4000,1196,0.22445250871408123,0.019659379162013137,0.22445250871408123,0.019656921586009783,3.552713678800501e-15,0.0073009009073854375,0.22396252484281887,0.019583461240020902,0.22396252484281887,0.01958101315435098,8.881784197001252e-16,0.008974845539660936,0.22435543168174343,0.019860284445890174,0.22405449979164183,0.01963021973348795,0.22429720820551857,0.019559781629283776,0.020090925669314946
4000,1197,0.19966855044854304,0.01820235448424049,0.19966855044854304,0.018200079047706284,1.7763568394002505e-15,0.01689839901885589,0.19900052439034316,0.01805056624711597,0.19900052439034316,0.018048309785297402,1.7763568394002505e-15,0.016856636328251795,0.19979230421472666,0.018131792503671043,0.19896809825386236,0.018065446127865425,0.19902288841289373,0.017975447661307712,0.017960371115108682
4000,1198,0.192628023444381,0.019042872452592355,0.192628023444381,0.01904049194474474,1.7763568394002505e-15,0.004308533235952883,0.19334071058335267,0.018958882477312672,0.19334071058335267,0.01895651246886822,3.552713678800501e-15,0.004504761787037954,0.19401322414655875,0.019140086043867428,0.19335936041965146,0.01899004175285693,0.19370542966302495,0.018844953056139917,0.01887294417727849
4000,1199,0.18232019119500287,0.017945567583473983,0.18232019119500287,0.017943324247308774,1.7763568394002505e-15,0.016771164461604413,0.1830612833418751,0.017902811281334634,0.1830612833418751,0.017900573290041265,8.881784197001252e-16,0.017022293560302444,0.18459490576986953,0.01803304091060943,0.18304738353740801,0.01791173660873022,0.18215231347277444,0.0185848379656791,0.018625353771463765
4000,1200,0.18511488862322534,0.018081821120564237,0.18511488862322534,0.018079560751642278,8.881784197001252e-16,0.008730468397874938,0.18481841220729855,0.017936306039077726,0.18481841220729855,0.017934063860677925,1.7763568394002505e-15,0.009436849899469395,0.1845228018974432,0.018030680219604252,0.18482186236215464,0.017949774254103597,0.1847031733213595,0.018594241258049572,0.01860794429611512
4000,1201,0.1732816025034517,0.01797345212765917,0.1732816025034517,0.01797120530570806,8.881784197001252e-16,0.006635621291242268,0.17313622499976244,0.01784051806640878,0.17313622499976244,0.01783828786225401,1.7763568394002505e-15,0.006868441003244021,0.17286586629945566,0.017978634938594685,0.17312547105129872,0.017851466995777433,0.17313014511623132,0.01797570589536838,0.018034298162800298
4000,1202,0.18293433668041664,0.019110220068682772,0.18293433668041664,0.019107831141856928,1.7763568394002505e-15,0.007871041569983993,0.1828443337227832,0.019064315944807505,0.1828443337227832,0.019061932756355815,8.881784197001252e-16,0.007857845700341459,0.18474856761853148,0.01923709088509434,0.18287626976685373,0.019086511795538687,0.18348795162865783,0.01848498613771723,0.018485835630360326
4000,1203,0.1605990087758175,0.017596779015379406,0.1605990087758175,0.01759457928051046,1.7763568394002505e-15,0.009178773730433364,0.15982094381563555,0.01744907056657156,0.15982094381563555,0.017446889296412835,6.661338147750939e-16,0.00970425992441924,0.15847258891531973,0.017522177544806738,0.15976001078294266,0.017456909061040696,0.1603481051726004,0.01755947192128577,0.01766413393032958
4000,1204,0.188922770260248,0.018769480241200034,0.188922770260248,0.01876713390951499,8.881784197001252e-16,0.00605168521500603,0.1887243049191551,0.018619511956786405,0.1887243049191551,0.018617184372308686,8.881784197001252e-16,0.005234001590448266,0.1897256329614092,0.01874206160102496,0.18872083682688762,0.018641090781969634,0.18861449907994143,0.018096701972989487,0.01808709980498049
4000,1205,0.17203523683607647,0.01835362637616314,0.17203523683607647,0.018351332029460488,1.7763568394002505e-15,0.010266939039941452,0.17267748212587114,0.01825189959547104,0.17267748212587114,0.01824961796541081,1.7763568394002505e-15,0.010631443022314106,0.1731168993797189,0.018378014583080766,0.1726584823420469,0.018268181712656616,0.1736624817645543,0.017717149206102442,0.017824768455417733
4000,1206,0.17259938571442246,0.018063174029780086,0.17259938571442246,0.018060915991890178,8.881784197001252e-16,0.008985640910434571,0.1730061479358384,0.017953690612363134,0.1730061479358384,0.017951446260755847,1.7763568394002505e-15,0.008700340083112629,0.1729368981684859,0.018061440993703846,0.17296564580419305,0.017961783300684094,0.17346597187890073,0.017943261684265136,0.01799296731206801
4000,1207,0.18756058970598394,0.017378891885812008,0.18756058970598394,0.017376719388536715,8.881784197001252e-16,0.01023542183010005,0.1885246381884842,0.017282426671135966,0.1885246381884842,0.017280266232766236,8.881784197001252e-16,0.009509194372783065,0.1881556225088667,0.017361573315381264,0.1884839245718677,0.017285139445068848,0.18771244173454754,0.017646384567433483,0.017768637315785936
4000,1208,0.19331870362231113,0.018348819677246025,0.19331870362231113,0.018346525931418292,1.7763568394002505e-15,0.012443001539490241,0.19385078354642782,0.018169948861377298,0.19385078354642782,0.01816767747579915,8.881784197001252e-16,0.012202188975898288,0.19449658233567663,0.018318773380591676,0.19380255121970547,0.01818643822212395,0.19317440763789007,0.01799992497392554,0.01800200194483776
4000,1209,0.2193016415570112,0.018259373251815838,0.2193016415570112,0.018257090687490176,1.7763568394002505e-15,0.012770529433613276,0.21782873980601974,0.018140943084029772,0.21782873980601974,0.018138675324400434,1.7763568394002505e-15,0.011392811128318686,0.2174135198715449,0.018187838837574254,0.21787142187748065,0.01814996767096435,0.21647293604766987,0.01836177968869734,0.018176192671771573
4000,1210,0.18537802510302803,0.018388675147580982,0.18537802510302803,0.018386376419508053,1.7763568394002505e-15,0.017302230732433435,0.18412416032256157,0.01822553181710342,0.18412416032256157,0.018223253483221513,8.881784197001252e-16,0.01745510028858321,0.1824306959187219,0.018328067160746007,0.18410563493407595,0.01823754603669273,0.18386985584038795,0.018140320253571374,0.018140312360254214
4000,1211,0.1979926631191617,0.01769795394046015,0.1979926631191617,0.017695741557935043,1.7763568394002505e-15,0.019835207107929177,0.19608996249047872,0.01750331497239207,0.19608996249047872,0.017501126921258776,8.881784197001252e-16,0.017402984474168416,0.1952943893627812,0.01765264044738696,0.1960751937264157,0.017511152306239557,0.19574627205593442,0.018290042785725963,0.018314855413811382
4000,1212,0.2117589073493028,0.017888640355353348,0.2117589073493028,0.01788640413553645,1.7763568394002505e-15,0.004593967097340568,0.21410157988819745,0.0176917066693956,0.21410157988819745,0.017689495067828187,8.881784197001252e-16,0.0042642765413598216,0.21346878943832692,0.017811175273645022,0.21403912607057046,0.017700199077832136,0.21414825734320864,0.017850695283594273,0.017851989042151798
4000,1213,0.19618242400534808,0.017995777104534386,0.19618242400534808,0.01799352749178673,1.7763568394002505e-15,0.009769160771892093,0.19625975229169312,0.017911190317467393,0.19625975229169312,0.017908951278729043,1.7763568394002505e-15,0.008435928692686938,0.19623634809090312,0.018000393118553788,0.19619819956760565,0.01792397348558079,0.19599009838145964,0.018114046758195678,0.018115002891854557
4000,1214,0.18572639274974045,0.0182859275797819,0.18572639274974045,0.018283641695957753,3.552713678800501e-15,0.008945556986608927,0.18610227594051043,0.018034283928981317,0.18610227594051043,0.018032029502579736,1.7763568394002505e-15,0.010901721278506558,0.18608107482527203,0.018165847510352696,0.18609079866496875,0.018055389169589067,0.18552349667637313,0.018255565351922933,0.018263523773742827
4000,1215,0.16704325048016727,0.017334880514154834,0.16704325048016727,0.01733271351864488,8.881784197001252e-16,0.012398031044340379,0.16683668738345098,0.01726707164809444,0.16683668738345098,0.017264913129222566,8.881784197001252e-16,0.014425280447466078,0.16740245101282142,0.01735943391013156,0.16678464082481392,0.017276870317085247,0.16621692305242475,0.01750921275537636,0.017596841629119002
4000,1216,0.17244375400950157,0.019003472245790468,0.17244375400950157,0.019001096663276557,3.552713678800501e-15,0.011857120867997596,0.17338986785378246,0.019005054257738917,0.17338986785378246,0.019002678477461152,1.7763568394002505e-15,0.011709792497008053,0.17334533773905936,0.01925539016740194,0.17343748573438755,0.019033877497121376,0.17353626929568816,0.01934189414921772,0.01929382857156812
4000,1217,0.17029527253121018,0.018667552164746706,0.17029527253121018,0.01866521857486763,1.7763568394002505e-15,0.015902470557539336,0.1704514955465719,0.018586959845547073,0.1704514955465719,0.018584636330337603,1.7763568394002505e-15,0.016078705649638914,0.17054225607085777,0.0187879504427357,0.1704873002285911,0.01861620098713073,0.1695360560297875,0.0188192340317181,0.018899154885033017
4000,1218,0.21194878903592684,0.01988052793185894,0.21194878903592684,0.019878042710531417,3.552713678800501e-15,0.012521859376263692,0.21066453214125336,0.019517938916386406,0.21066453214125336,0.019515499021518896,3.552713678800501e-15,0.013447929685239264,0.21086202556055894,0.019874452392265443,0.2106908430257699,0.01955293332565095,0.210508364314904,0.019071216233842007,0.019393048781930537
4000,1219,0.2057094215060296,0.01776339581803671,0.2057094215060296,0.017761175254765574,8.881784197001252e-16,0.02070343504837607,0.20523548251725487,0.017667650507014302,0.20523548251725487,0.01766544191265515,8.881784197001252e-16,0.019747275500986216,0.20336728717592872,0.017755048128841898,0.20517130626153912,0.017678193637445147,0.2047405968805498,0.017549553085219504,0.01756706909040719
4000,1220,0.1719961652629407,0.018083826213284193,0.1719961652629407,0.018081565593709978,8.881784197001252e-16,0.01983140145561934,0.1703153522396597,0.017969906383830947,0.1703153522396597,0.01796766000512552,8.881784197001252e-16,0.019012969733753885,0.17062525947145646,0.018171471683573776,0.17027347282752364,0.01797908390611751,0.1699957013652863,0.017949853279655037,0.017956766044612413
4000,1221,0.18812307105922899,0.01848356198587751,0.18812307105922899,0.0184812513962084,8.881784197001252e-16,0.017402801128516346,0.1883661168960582,0.01843049832386861,0.1883661168960582,0.018428194367571853,1.3322676295501878e-15,0.01789618048351023,0.18883750479253986,0.018613852929046874,0.18835961171985777,0.018442988801460534,0.1879743142006191,0.018900491930218984,0.018906684166047415
4000,1222,0.1622149842554802,0.021004053266122986,0.1622149842554802,0.02100142759535004,1.7763568394002505e-15,0.011825249502368353,0.16314143340894255,0.021399347022177658,0.16314143340894255,0.021396671936596584,7.105427357601002e-15,0.011944103770897614,0.164012288369021,0.022276414109574743,0.163234828285294,0.021472969844180893,0.1642983031678713,0.019917382659104182,0.019989820589369905
4000,1223,0.1675175636410492,0.018002149551430098,0.1675175636410492,0.01799989914207679,1.7763568394002505e-15,0.005239046257622219,0.1678224842501551,0.017928196561668407,0.1678224842501551,0.017925955397016653,8.881784197001252e-16,0.005705724752828411,0.16848531954654133,0.01806180401145458,0.16777830314222109,0.01793834803584485,0.16864172381300052,0.017412843114873195,0.017453207768372475
4000,1224,0.18567910461243103,0.018218828515986805,0.18567910461243103,0.018216551020069912,8.881784197001252e-16,0.009284833652717936,0.18486625546497815,0.018127885480591507,0.18486625546497815,0.018125619353264625,8.881784197001252e-16,0.009708696929801596,0.18319276321992456,0.01822569622493727,0.18483933898244476,0.018137056405576567,0.1846973071679393,0.0177072485994211,0.01774117004333097
4000,1225,0.13351130201947642,0.018186192077553058,0.13351130201947642,0.018183918661445978,1.7763568394002505e-15,0.009417524730422665,0.13422304979807032,0.018096282497697697,0.13422304979807032,0.018094020320990604,1.7763568394002505e-15,0.009105886802895806,0.13574470709511954,0.01821546250618645,0.13421591734674715,0.01810917500429808,0.1355333221439679,0.017837588365330503,0.017995082673200175
4000,1226,0.19631850461970396,0.01790945661452208,0.19631850461970396,0.017907217792510144,8.881784197001252e-16,0.006577014419180177,0.19796498345338898,0.017839478520616032,0.19796498345338898,0.017837248446412605,1.7763568394002505e-15,0.0064655830864002875,0.1983433816729886,0.017960443448923058,0.19791194264214268,0.017853321016556088,0.19804516913667014,0.017958595440365724,0.01795827243289099
4000,1227,0.19664281967886088,0.018563973259439353,0.19664281967886088,0.018561652617732752,8.881784197001252e-16,0.019606746700953127,0.19783944083891214,0.018410279703751118,0.19783944083891214,0.01840797827493986,8.881784197001252e-16,0.017938428430714335,0.1974422906970006,0.01860529024976695,0.19782797542793912,0.018428022490240958,0.19746775292378738,0.018332207827462033,0.01832986316272784
4000,1228,0.19345203128130412,0.017787985389017234,0.19345203128130412,0.017785761751857598,1.7763568394002505e-15,0.010398286776752539,0.1939842028567108,0.017723521014213577,0.1939842028567108,0.01772130543560448,1.7763568394002505e-15,0.00904089173522938,0.1931973380823881,0.017819527646176773,0.19393389078210393,0.01773409363946066,0.19309198699799635,0.01765579961008762,0.01765893020983319
4000,1229,0.16679447594277047,0.017790770315369898,0.16679447594277047,0.017788546330072704,8.881784197001252e-16,0.007698468122614306,0.16805039127710175,0.017694489397889177,0.16805039127710175,0.01769227744845896,1.7763568394002505e-15,0.006931942396814006,0.1661914903531822,0.017800287196107753,0.16802953584653563,0.017705493882383763,0.16834223328860598,0.01754913726540659,0.017639230290970313
4000,1230,0.18267820756986364,0.01859908628408862,0.18267820756986364,0.01859676125297958,1.7763568394002505e-15,0.006200612201821337,0.18204152310492638,0.018416374530114316,0.18204152310492638,0.01841407233940214,8.881784197001252e-16,0.005513985645250984,0.18155111255172546,0.01854179000811767,0.1819908468167764,0.018426830779069654,0.18076303606353328,0.01770262885477577,0.017705836763738655
4000,1231,0.19405662798334627,0.018365601706237425,0.19405662798334627,0.018363305862524944,3.552713678800501e-15,0.009459256651514895,0.19572665067556522,0.01830118594672234,0.19572665067556522,0.01829889815548311,8.881784197001252e-16,0.010450887145476354,0.19550128015172324,0.018412654615780497,0.19577865033616204,0.018305661065293747,0.19391127197862446,0.01847602909349735,0.01833008153545762
4000,1232,0.21233902475471328,0.018060177753380213,0.21233902475471328,0.018057920090048262,8.881784197001252e-16,0.011965697315907405,0.2123369674920626,0.017965452448241857,0.2123369674920626,0.01796320662631318,3.552713678800501e-15,0.012462240946221675,0.2116391958143009,0.018076671686528847,0.21234083865275755,0.017971675742401456,0.21119240954970198,0.01828051155818409,0.018034921751043834
4000,1233,0.20567939072348163,0.017816355295845767,0.20567939072348163,0.01781412811222611,1.7763568394002505e-15,0.009620062276000265,0.20653929232133655,0.017749082323842834,0.20653929232133655,0.017746863549870314,1.7763568394002505e-15,0.009877707819550776,0.2045821040866987,0.017911418122275796,0.20650772376410848,0.01775915272445726,0.20580035710945882,0.017701546978019487,0.01767529862745317
4000,1234,0.15500416316093474,0.017372947615056436,0.15500416316093474,0.017370775860861432,1.7763568394002505e-15,0.015560020672360375,0.15473194027580855,0.017288247291642987,0.15473194027580855,0.017286086125650215,8.881784197001252e-16,0.017119406288689992,0.15452115906854014,0.017405695797393803,0.15467446183148642,0.017298635553806674,0.1564287412392863,0.017312275460229464,0.017351872008833664
4000,1235,0.2439200208113793,0.018678206707114457,0.2439200208113793,0.018675871785334336,8.881784197001252e-16,0.019179880924706717,0.241311329819903,0.018569727748666033,0.241311329819903,0.018567406387603316,1.7763568394002505e-15,0.01987111892123367,0.24120244158120008,0.018604720017042036,0.24131745819251482,0.018584925900233466,0.24287911232034892,0.018472938132632604,0.018752953582262807
4000,1236,0.20244993706259912,0.018912553725313884,0.20244993706259912,0.01891018950832542,1.7763568394002505e-15,0.015566117337934927,0.20489490261731486,0.018750301915041463,0.20489490261731486,0.01874795798079704,1.7763568394002505e-15,0.01674598439761781,0.20427822542852486,0.018838641126968484,0.20492448615925207,0.018769306866717617,0.20609144388132367,0.01859601157416771,0.01860071645137061
4000,1237,0.19593748051188103,0.017822159587567034,0.19593748051188103,0.017819931678365562,8.881784197001252e-16,0.0088079386962162,0.19588514170402865,0.017716143662221236,0.19588514170402865,0.017713929005838784,1.7763568394002505e-15,0.009186166696637705,0.19749982524970167,0.017895058746158498,0.19587258882105457,0.017734930462579974,0.19436785104389404,0.01817586891609284,0.018112669114722597
4000,1238,0.1780578863098159,0.017500659518650485,0.1780578863098159,0.01749847179946966,8.881784197001252e-16,0.01206056504139638,0.1779456592574185,0.01745014991288493,0.1779456592574185,0.01744796850779948,8.881784197001252e-16,0.011950654664518072,0.1778958624773907,0.017563339009277635,0.17790703310752143,0.017460067389842522,0.1778744488615524,0.017761121014435867,0.017796139594921892
4000,1239,0.20947973364763933,0.018917763133057187,0.20947973364763933,0.018915398264852053,1.7763568394002505e-15,0.005090772742459783,0.20851327408932574,0.01876706121873375,0.20851327408932574,0.018764715189445412,3.552713678800501e-15,0.004928346345736308,0.2082000263999499,0.01891927394994235,0.20851291695080182,0.01879729497761308,0.20902897315582702,0.0185899901165076,0.01861441598407705
4000,1240,0.1828080164750076,0.01829288628698447,0.1828080164750076,0.018290599533267556,1.7763568394002505e-15,0.01635287474777268,0.18335534539400788,0.018195408972639295,0.18335534539400788,0.018193134404348308,1.7763568394002505e-15,0.015839235618451273,0.18531425663155582,0.018551500051222584,0.183379938115371,0.01820916905920911,0.1809202130791298,0.01887306730728045,0.018626800249411483
4000,1241,0.1734131805433357,0.018612232636353303,0.1734131805433357,0.01860990596184751,1.7763568394002505e-15,0.013368492180768474,0.1723198473523218,0.018482995139839586,0.1723198473523218,0.01848068462103065,1.3322676295501878e-15,0.012250090375195768,0.17104005400125705,0.018629348697828743,0.17233344578716392,0.01849914500728088,0.17228841865815436,0.018325818880080138,0.018337378241165225
4000,1242,0.15911053798455982,0.01830518429697334,0.15911053798455982,0.018302896005909088,8.881784197001252e-16,0.010552409312713637,0.15872320251603006,0.0181405709420549,0.15872320251603006,0.018138303228946218,3.552713678800501e-15,0.01081188729937582,0.15720684698367865,0.018240722776803064,0.15873480469440981,0.018159605026774703,0.15656848032085952,0.017944370335618298,0.017955401147874556
4000,1243,0.17182056225364645,0.0179621591443501,0.17182056225364645,0.01795991373411014,1.7763568394002505e-15,0.01179112200154629,0.170501646852807,0.017837358683772026,0.170501646852807,0.017835128874564767,1.7763568394002505e-15,0.010920893642266121,0.16977771007506942,0.017936052998727248,0.17048626461461291,0.017850156280164346,0.1701417717409101,0.017947351932856306,0.01799542599830599
4000,1244,0.20603546133051848,0.01820240622815932,0.20603546133051848,0.018200130785156726,1.7763568394002505e-15,0.011170363365599538,0.20607252224312056,0.018155876127080185,0.20607252224312056,0.01815360650070379,8.881784197001252e-16,0.011562203481371526,0.2067562308808772,0.018295297419720337,0.2060044003918392,0.018167381571709437,0.2069750445365226,0.017683015625605807,0.01768706443571998
4000,1245,0.19036640449828196,0.018429095262981213,0.19036640449828196,0.01842679148207803,8.881784197001252e-16,0.018445374402188904,0.1889997015188813,0.01824396138512119,0.1889997015188813,0.018241680747399288,8.881784197001252e-16,0.01823305190564464,0.18953992762059813,0.018349284238819718,0.18899411532930632,0.018263239821158034,0.18834426875373728,0.01860298241085202,0.01860258530516481
4000,1246,0.18180470340304594,0.0182836295429404,0.18180470340304594,0.018281343946388817,8.881784197001252e-16,0.010469575580257115,0.18275048154625234,0.018243352911942325,0.18275048154625234,0.01824107235028432,8.881784197001252e-16,0.010962668469247407,0.18253134917937391,0.018344651943126303,0.18276221276739846,0.01825222287035921,0.18398778747719968,0.01752255720411991,0.017606604823330797
4000,1247,0.20155015335351034,0.01773612974472401,0.20155015335351034,0.017733912589925082,8.881784197001252e-16,0.01358250621311315,0.2012898441063618,0.017664298399505587,0.2012898441063618,0.017662090224186067,8.881784197001252e-16,0.012942111387692997,0.2020970075646315,0.017773991275275763,0.20122498840525732,0.01767065786146394,0.2021952085124501,0.017771694123628962,0.01770863560924745
4000,1248,0.18120618693721008,0.018283234481775098,0.18120618693721008,0.018280948934609246,1.7763568394002505e-15,0.007259141008021136,0.18131531961749836,0.018183680085024485,0.18131531961749836,0.018181406982936094,8.881784197001252e-16,0.007041333767911972,0.18138557200277522,0.018253339991000234,0.18134247746509463,0.018195311112895837,0.18138469612514263,0.01791405250990588,0.01786982531776824
4000,1249,0.16126106459323442,0.018301959897316526,0.16126106459323442,0.018299672009327424,1.7763568394002505e-15,0.007283261481591461,0.1624312004869377,0.018199449805168594,0.1624312004869377,0.018197174731741973,1.7763568394002505e-15,0.008307917152762984,0.16139721523744588,0.01832912425873932,0.16239112231557234,0.018214810159079386,0.16311682513067866,0.01859061777255371,0.018590249367711725
4000,1250,0.18571160485705324,0.018130054258761682,0.18571160485705324,0.018127787860320578,3.552713678800501e-15,0.0048635769067646075,0.18488324794424732,0.017986387876554707,0.18488324794424732,0.017984139437533915,3.552713678800501e-15,0.005277448005922541,0.1849626302604383,0.01809043020909848,0.18487948321615955,0.01799785712283739,0.18534908073273715,0.01807090008079409,0.01807877625820642
4000,1251,0.20547333022664577,0.019173153014332242,0.20547333022664577,0.019170756220396466,1.7763568394002505e-15,0.009585333094088168,0.20556457979471687,0.019085245697644932,0.20556457979471687,0.019082859892810607,1.7763568394002505e-15,0.010272253834147912,0.20696543149813867,0.01927859045609734,0.20563030690235784,0.019101863260335483,0.2053206387047939,0.01810519309075482,0.018031389308965178
4000,1252,0.22119675203326794,0.018245326601500817,0.22119675203326794,0.018243045793116197,1.7763568394002505e-15,0.006042964564779663,0.2215067729731734,0.018228385786906734,0.2215067729731734,0.018226107096256307,8.881784197001252e-16,0.005137532878949336,0.22132372158404567,0.018331381178444628,0.2215233556066517,0.01824070209177823,0.22057471086575448,0.018181569021466032,0.018117289819204088
4000,1253,0.19610273000907852,0.0180152063398752,0.19610273000907852,0.01801295429832132,1.7763568394002505e-15,0.011002109532909532,0.19560738149209156,0.017858314269723185,0.19560738149209156,0.017856081840903947,1.7763568394002505e-15,0.011636418118610044,0.1958332534193971,0.01800100279090202,0.19559252668510924,0.01787588649174927,0.1951993737958776,0.018362895599237487,0.018356104397934673
4000,1254,0.17047192302676067,0.017855741639920025,0.17047192302676067,0.017853509532699614,1.7763568394002505e-15,0.008901643859861428,0.17101935335357282,0.01779914709522597,0.17101935335357282,0.017796922062765844,1.7763568394002505e-15,0.008081365574944162,0.17278823320273107,0.017973921333057988,0.1709801069862833,0.017804625868165273,0.17237945768081708,0.01741608741427877,0.017441306062428757
4000,1255,0.1986174083702159,0.01820833357307049,0.1986174083702159,0.018206057389103466,1.7763568394002505e-15,0.011542212559053914,0.1973555834032929,0.01798378345564599,0.1973555834032929,0.01798153534219816,1.7763568394002505e-15,0.011125541229074233,0.19732823487877987,0.018152909409931712,0.19735146070964116,0.01798891751440718,0.19838801357331792,0.017489311828457105,0.017581097086690152
4000,1256,0.1825647017478063,0.01763514902872362,0.1825647017478063,0.017632944497303203,1.7763568394002505e-15,0.00926133343376677,0.18380746310170648,0.01755095955195935,0.18380746310170648,0.017548765544881342,8.881784197001252e-16,0.009514961135021436,0.18526707877457393,0.01772566318351653,0.18379463051948874,0.017554255496916964,0.18283800960077412,0.01798069724006745,0.018032695373383187
4000,1257,0.1896483889689315,0.01890821418146676,0.1896483889689315,0.018905850506955185,3.552713678800501e-15,0.021742200721665817,0.18800297018216566,0.01865647154932618,0.18800297018216566,0.018654139344610608,8.881784197001252e-16,0.021435065647600077,0.18824523675555982,0.0187671537538362,0.18801166276785808,0.018673031093577545,0.18877446567920325,0.01861192271241783,0.01861898601900495
4000,1258,0.20551409816881538,0.01837384619391181,0.20551409816881538,0.01837154931957395,1.7763568394002505e-15,0.01601244882706849,0.2055915966283321,0.018248876355462122,0.2055915966283321,0.01824659510333052,1.7763568394002505e-15,0.016209406297895575,0.20735546602621535,0.018355083876768215,0.20558491748457947,0.018259555487799527,0.20682352518372982,0.018631074250213066,0.018628006462945157
4000,1259,0.19110792423518125,0.018390341136630385,0.19110792423518125,0.0183880422002958,8.881784197001252e-16,0.014548009298320171,0.19165289787824574,0.01830075978051276,0.19165289787824574,0.018298472042547635,1.7763568394002505e-15,0.013192329688119293,0.19182282136184564,0.018426927390979626,0.19163590746960074,0.018314692001345865,0.19068522814556543,0.018350105484904157,0.018352270477700147
4000,1260,0.1816991914257649,0.017712786510428433,0.1816991914257649,0.017710572273716186,8.881784197001252e-16,0.012753579412145962,0.1813247227587101,0.017603568951242078,0.1813247227587101,0.017601368367578096,8.881784197001252e-16,0.015287414715677409,0.18149921340831981,0.017750107333046758,0.1812800438892423,0.01760861055081982,0.18119250473612164,0.0178657181378264,0.017862282699013677
4000,1261,0.16448197659101943,0.017966664880624813,0.16448197659101943,0.01796441890713262,1.7763568394002505e-15,0.008215952785217988,0.16392781394833006,0.01786144517806268,0.16392781394833006,0.01785921235785544,8.881784197001252e-16,0.00933106537780611,0.16384136231063995,0.01788700036912,0.16389669285704256,0.017866311244336745,0.16371663778013712,0.018029415138656257,0.018035620406397772
4000,1262,0.1950693396332875,0.018044489527699475,0.1950693396332875,0.018042233825518315,8.881784197001252e-16,0.011643519269961213,0.19508109399947615,0.017929505471334126,0.19508109399947615,0.017927264143058435,8.881784197001252e-16,0.010481914858943987,0.19589557582901157,0.018115869160808266,0.1950919482222262,0.01794667013277988,0.19373158661751583,0.01828208790031469,0.0183398281061759
4000,1263,0.17965332360601988,0.017961317769844637,0.17965332360601988,0.017959072464783073,8.881784197001252e-16,0.007074819543029703,0.1795097202078178,0.017792597155686405,0.1795097202078178,0.017790372942019902,1.7763568394002505e-15,0.007637237411255694,0.1808261343057651,0.018076463178827242,0.17948520270002394,0.017809166617284114,0.18238400971946317,0.017661125647011507,0.017668597308244126
4000,1264,0.17961969129372102,0.020753482493205033,0.17961969129372102,0.020750888145736533,1.7763568394002505e-15,0.004841210463787456,0.17867980901615482,0.020007031902343327,0.17867980901615482,0.02000453086703106,7.105427357601002e-15,0.004492767947802741,0.17968920360182616,0.020643926598790947,0.1787349498442543,0.020059529093270065,0.17853451269474008,0.020557150860992808,0.020431705200261746
4000,1265,0.16981371397903972,0.018826046878463402,0.16981371397903972,0.018823693475506716,1.7763568394002505e-15,0.003679903103450854,0.16838559634031502,0.01869141130881229,0.16838559634031502,0.01868907473635378,8.881784197001252e-16,0.004191994943479374,0.16778466467398645,0.018839252976764094,0.16842126626421194,0.018709375936145807,0.16760575998065613,0.018564924038451638,0.01857179487554018
4000,1266,0.17615670317790455,0.019124822315675014,0.17615670317790455,0.019122431563454202,3.552713678800501e-15,0.009263067265683265,0.17684108093144624,0.019099200409361815,0.17684108093144624,0.019096812860079485,3.552713678800501e-15,0.010408228651383756,0.17852006217412014,0.019225127895359618,0.1768230308905812,0.019125635602539576,0.1764771009555502,0.018240446929106105,0.018251928052619607
4000,1267,0.19598498900043615,0.018134000989047636,0.19598498900043615,0.018131734097234408,1.7763568394002505e-15,0.00913834009285885,0.19561654773315534,0.01805761298211077,0.19561654773315534,0.018055355639395268,8.881784197001252e-16,0.009328786781731775,0.19668906011695342,0.01818047751046677,0.19562189275445163,0.018069999437396542,0.19576579316144793,0.018188326687288838,0.01819047114055519
4000,1268,0.19183287379820874,0.01808211617447148,0.19183287379820874,0.018079855768665474,8.881784197001252e-16,0.011766993265368814,0.19241779528408626,0.01798997099581489,0.19241779528408626,0.01798772210887619,1.7763568394002505e-15,0.011236504560324483,0.19302566149894695,0.018125827472173405,0.19239954848384222,0.01800776442889839,0.19205469116865753,0.01822807151536215,0.01820837425289497
4000,1269,0.19309532229170012,0.017777446924182178,0.19309532229170012,0.017775224604412988,8.881784197001252e-16,0.009173521550814401,0.19341213834171694,0.017709163442379695,0.19341213834171694,0.017706949658579264,8.881784197001252e-16,0.010181273079523512,0.19233140219767414,0.017836017501818468,0.19334867297140873,0.017715508467418848,0.19298326525648418,0.01774977866557825,0.01775319705500731
4000,1270,0.18862097112334747,0.01915567455514031,0.18862097112334747,0.019153279946148502,3.552713678800501e-15,0.012326175441276632,0.18763025899391161,0.01885121877918261,0.18763025899391161,0.018848862229541654,1.7763568394002505e-15,0.010228616936589016,0.18730845732911272,0.018917048649831063,0.18766923168883543,0.01887580218761187,0.1854931947955178,0.018713017609642113,0.018641793859346115
4000,1271,0.17937138182366347,0.017943779163097178,0.17937138182366347,0.01794153605049849,1.7763568394002505e-15,0.008362914913619677,0.17873928778447062,0.01789517620185901,0.17873928778447062,0.017892939165010238,8.881784197001252e-16,0.008016632524056566,0.17811087195988717,0.017993490775526495,0.17870033293936471,0.017912105282339382,0.1790284386675446,0.01782563520095099,0.017829628553720896
4000,1272,0.186217477390344,0.01868793020995372,0.186217477390344,0.018685594072659767,8.881784197001252e-16,0.0033828694805700887,0.1867851635847021,0.018648495533765866,0.1867851635847021,0.01864616432611456,1.7763568394002505e-15,0.003998446522594572,0.1880266447424357,0.018773096623751095,0.18680316800304947,0.01867061161137375,0.18481942117096029,0.01829799294344224,0.018298157291785334
4000,1273,0.19687778348836843,0.017949771046935608,0.19687778348836843,0.017947527185304627,1.3322676295501878e-15,0.009562612381540984,0.19728966432252615,0.017844283991596554,0.19728966432252615,0.017842053316671703,1.7763568394002505e-15,0.008682248646514042,0.1961386408564313,0.017901012619869296,0.1972943915215321,0.01785312871994505,0.19731602711866492,0.01814433570392076,0.01807829720197942
4000,1274,0.15913971239868874,0.017918513772386697,0.15913971239868874,0.01791627381815926,1.7763568394002505e-15,0.006710450749481313,0.1587288343166663,0.017751948816728556,0.1587288343166663,0.01774972968442203,8.881784197001252e-16,0.00529782160673885,0.159071298032456,0.01786753375388541,0.15870380615270074,0.01775752758125477,0.15837123342837794,0.01759451164450417,0.01765130835968425
4000,1275,0.19834625656807597,0.018827362862340064,0.19834625656807597,0.01882500929487511,1.7763568394002505e-15,0.00706490428384942,0.19798633517939768,0.018819321510628935,0.19798633517939768,0.018816968948395775,8.881784197001252e-16,0.006934766657118821,0.1983890138286356,0.019069486006340838,0.19799969653953814,0.018857887518151935,0.19612152998250404,0.018831180969751317,0.018777210827610448
4000,1276,0.18778571245327663,0.018286411232569657,0.18778571245327663,0.018284125288285137,8.881784197001252e-16,0.007626329603845138,0.18775463215058358,0.018211205408150875,0.18775463215058358,0.01820892886518203,1.7763568394002505e-15,0.007780044710712067,0.1875764279957962,0.018286961746643807,0.1877662794888179,0.018225355390010137,0.18545562353504907,0.01929424992899981,0.019098546954137968
4000,1277,0.19469264678899229,0.018080983803875066,0.19469264678899229,0.018078723539624236,1.7763568394002505e-15,0.0016524185028576526,0.19436919194260788,0.01790919878412777,0.19436919194260788,0.017906959994346654,1.7763568394002505e-15,0.0018349051601385935,0.19443953871926084,0.018026443772353278,0.19437053804332916,0.01792047946449925,0.1941084929503581,0.017566007454141993,0.017575356450375605
4000,1278,0.17415808669072763,0.020066150408673197,0.17415808669072763,0.020063641983085714,1.7763568394002505e-15,0.009972603688390723,0.17307578197917817,0.019620499169777796,0.17307578197917817,0.01961804645407726,1.7763568394002505e-15,0.008700071337896922,0.172408403361983,0.02025740290391353,0.1731331748896025,0.019653761423459967,0.17437443028362348,0.019589498729088616,0.019614879699080396
4000,1279,0.20473013521070815,0.01893222054473846,0.20473013521070815,0.018929853869243906,1.7763568394002505e-15,0.007129636745483601,0.20406920503870052,0.018756190352115953,0.20406920503870052,0.018753845681770884,8.881784197001252e-16,0.007270879419187525,0.20443474575150938,0.018883843197594407,0.20409367173870635,0.018786458568401294,0.2026990773387694,0.018456755293429248,0.01844457172034848
4000,1280,0.18921076414619858,0.019052316152002896,0.18921076414619858,0.01904993446361907,1.7763568394002505e-15,0.006403831495148943,0.1900037869277098,0.018897660707898348,0.1900037869277098,0.01889529835265343,1.7763568394002505e-15,0.007147500439332743,0.19075404795147427,0.01904746722309802,0.19003729005324477,0.01893154721041615,0.18868667018173912,0.018792221961617304,0.018735912257099058
4000,1281,0.23359088605130118,0.018757727518015178,0.23359088605130118,0.01875538265551236,1.7763568394002505e-15,0.0031112159154831343,0.23310912611668821,0.01865662537607012,0.23310912611668821,0.018654293152125002,1.7763568394002505e-15,0.0035953723091697244,0.23273706199602695,0.01873577161508273,0.2331565619357049,0.01866859074456615,0.23272220550860312,0.018257277524456144,0.018031012626749755
4000,1282,0.1593219558166361,0.018305299236569334,0.1593219558166361,0.01830301093113673,1.7763568394002505e-15,0.009105321209459569,0.1588007938282282,0.018258979748827113,0.1588007938282282,0.018256697233692398,1.7763568394002505e-15,0.010626525010281338,0.15915768749884202,0.01838386477006937,0.15878845824707283,0.018277486530980058,0.15884509368280225,0.01830784218055802,0.018325295328889425
4000,1283,0.17718034646091207,0.017784105886473965,0.17718034646091207,0.017781882734282457,8.881784197001252e-16,0.005990652577635542,0.17771878141263453,0.0177256722991031,0.17771878141263453,0.017723456451566585,8.881784197001252e-16,0.005624755360164215,0.17737366287530754,0.017804034080483443,0.17768100418046995,0.01773489081862107,0.1764609502429223,0.017728316227363143,0.017745281696986148
4000,1284,0.17670606696341956,0.018223720940722447,0.17670606696341956,0.018221442833214238,8.881784197001252e-16,0.011299291919833575,0.18171981494768835,0.01797279036635368,0.18171981494768835,0.01797054362712791,8.881784197001252e-16,0.01705847793359137,0.181368164172593,0.018088275119064454,0.18172005641315658,0.01798708421040276,0.18214812436785993,0.01850645715533416,0.018517213795204393
4000,1285,0.1940674925980288,0.019159720505350718,0.1940674925980288,0.01915732539058352,1.7763568394002505e-15,0.0043030909000837,0.1910553459941135,0.018903071659748322,0.1910553459941135,0.018900708628092143,3.552713678800501e-15,0.004473646572621054,0.19143253683885275,0.018991398948672987,0.19101307896831216,0.018929795725940796,0.19219540935538665,0.018097644059033906,0.018109048089854266
4000,1286,0.1888746169775874,0.017593169055860662,0.1888746169775874,0.01759096977226486,8.881784197001252e-16,0.007387354384104028,0.18915275261353948,0.017564691940656175,0.18915275261353948,0.01756249621692228,8.881784197001252e-16,0.008334439471604872,0.1903134689630065,0.017678029346070934,0.18911652385159977,0.01757284155743997,0.1870295447575424,0.018342202539686433,0.018379240964767573
4000,1287,0.1795276532774509,0.017698918862049842,0.1795276532774509,0.017696706358901994,1.7763568394002505e-15,0.014416045028067677,0.17882728293231648,0.017592954682860363,0.17882728293231648,0.01759075542606286,8.881784197001252e-16,0.013356748327874216,0.17789931815941928,0.01769333399578095,0.17880821695220162,0.017604726777552506,0.17986269549437495,0.01782872838813623,0.017837877291785105
4000,1288,0.180818877894377,0.017732622505946607,0.180818877894377,0.017730405789579934,1.7763568394002505e-15,0.018704584800915313,0.1817525384446434,0.017634467399648017,0.1817525384446434,0.01763226295343656,1.7763568394002505e-15,0.019437253718830767,0.1821896640213274,0.01777084989810132,0.18171044715212248,0.017640512246502756,0.18043789528586018,0.01789346849120861,0.01792832753479078
4000,1289,0.15502360489055117,0.01806606165946801,0.15502360489055117,0.018063803260601825,8.881784197001252e-16,0.009178227593908603,0.15382992113082705,0.01791486913128967,0.15382992113082705,0.017912629632670846,8.881784197001252e-16,0.008713242215242029,0.15460495203622648,0.018062001357295514,0.15377952066575712,0.01792187538447757,0.1523909511830442,0.017794571207161505,0.01790348413872697
4000,1290,0.17986711620962825,0.018695956817194735,0.17986711620962825,0.01869361967651216,1.7763568394002505e-15,0.014424402079055298,0.18050039672817214,0.018579217778430343,0.18050039672817214,0.018576895231039756,8.881784197001252e-16,0.013889453247828957,0.17960904673818334,0.018707960571643176,0.18053146817045262,0.018599897177376628,0.1810180894274802,0.018500650576435722,0.01848207459045796
4000,1291,0.18591497061389423,0.0189233532450649,0.18591497061389423,0.018920987678052083,8.881784197001252e-16,0.008718269255226526,0.1872917689311106,0.018851710519164285,0.1872917689311106,0.018849353908051987,1.7763568394002505e-15,0.00808157133464973,0.18615531539093128,0.019072502825646553,0.18730398658911107,0.018860706429773624,0.18907995171806524,0.018602691324581953,0.018611247881374537
4000,1292,0.20482376629426513,0.018474279449780074,0.20482376629426513,0.0184719700205005,3.552713678800501e-15,0.00869256377134411,0.20386757090166285,0.018392341907084626,0.20386757090166285,0.018390042720638104,1.7763568394002505e-15,0.008214141904305347,0.20429971565056282,0.01850770250956452,0.20390423754591253,0.018409536887828325,0.20536237476313612,0.019594492136901707,0.019636017578709017
4000,1293,0.1699282459639737,0.01821035835093867,0.1699282459639737,0.01820808191385859,1.7763568394002505e-15,0.004906749025400368,0.17096071166965804,0.018106914679320435,0.17096071166965804,0.018104651173507565,8.881784197001252e-16,0.004391711241980956,0.17079460175553512,0.0181921321868641,0.17090820309618426,0.01811881266926954,0.17022239071445994,0.01773004580990709,0.017735313700650398
4000,1294,0.18594919917149705,0.018432023405096483,0.18594919917149705,0.018429719258152663,8.881784197001252e-16,0.021456591950557994,0.18575050514405778,0.01829099516023395,0.18575050514405778,0.018288708642922653,8.881784197001252e-16,0.019525570604449833,0.18643195992138883,0.018382908389450506,0.18578335795201067,0.018304500515790016,0.18604514691802065,0.018610842560079326,0.01860284858062362
4000,1295,0.19693052561517893,0.017497575570048367,0.19693052561517893,0.01749538823638521,8.881784197001252e-16,0.007785145243058059,0.19630793352786174,0.017423614130712695,0.19630793352786174,0.017421436042807353,8.881784197001252e-16,0.007627299864950248,0.19428702547235932,0.01753004156506568,0.19625884827645568,0.017429274264908264,0.19721193723937352,0.017235291924942348,0.017244601614564235
4000,1296,0.18738348614632316,0.018122991290664907,0.18738348614632316,0.018120725775150004,1.7763568394002505e-15,0.009580872959213487,0.18877636513324553,0.018030682090085893,0.18877636513324553,0.01802842811394232,1.7763568394002505e-15,0.008969303216712786,0.18788276490479067,0.018138862177125434,0.1887122793073573,0.018044070624078413,0.18789803944727723,0.01759604518231538,0.017614962603115944
4000,1297,0.19256323848434104,0.01814131997272055,0.19256323848434104,0.018139052165977183,1.7763568394002505e-15,0.0021943606716662155,0.191847538579194,0.018005275069998106,0.191847538579194,0.01800302426993056,8.881784197001252e-16,0.002124975979618112,0.19190693910866008,0.018206396419726458,0.19177468506276246,0.01801790395625052,0.1914156333291106,0.017199748281374872,0.01723902074022713
4000,1298,0.1747219762870259,0.01862765611851644,0.1747219762870259,0.018625327515954866,1.7763568394002505e-15,0.011360807279128781,0.1742212732201478,0.01842614879020882,0.1742212732201478,0.018423845377637756,1.7763568394002505e-15,0.00982820010652957,0.17617704517794297,0.018614115077734375,0.1741973941884734,0.01843826295058952,0.1738970662719802,0.017573039913923425,0.01756013171415353
4000,1299,0.21127129812059747,0.01860661090581584,0.21127129812059747,0.018604284934070292,1.7763568394002505e-15,0.007362587956600892,0.21126927095373654,0.018489590295132047,0.21126927095373654,0.018487278951877174,1.7763568394002505e-15,0.008000504856559459,0.21254093855879524,0.018695075199549858,0.21129409195507376,0.018514784354204093,0.21106658675567774,0.018768774292686755,0.01874478782982525
4000,1300,0.17712751224453577,0.01870514256200164,0.17712751224453577,0.018702804273029196,1.7763568394002505e-15,0.012809767408893195,0.17891065505391684,0.018538133490998837,0.17891065505391684,0.018535816079465188,1.7763568394002505e-15,0.014473673442783837,0.17976866433760363,0.018689994131443323,0.17893169243167462,0.018552527230183923,0.17849489446199857,0.018374506743488034,0.018378023682354108
4000,1301,0.20274875820650712,0.01794003588128902,0.20274875820650712,0.017937793236629807,8.881784197001252e-16,0.010828559234861762,0.20160624857827436,0.017823903293739222,0.20160624857827436,0.017821675166560854,8.881784197001252e-16,0.011340792239810374,0.20197501585944366,0.017931136110009155,0.20154956467641816,0.017833296209592012,0.20194340188078952,0.017611243741081455,0.01760585219193269
4000,1302,0.18133110333678476,0.01796028447699665,0.18133110333678476,0.01795803930110476,1.7763568394002505e-15,0.00907390754833582,0.1811582901538732,0.017814154830745627,0.1811582901538732,0.0178119279222013,8.881784197001252e-16,0.009816680717888165,0.18003979114905655,0.01796128335336001,0.18110928926318337,0.017823166306570586,0.18053904437126267,0.01790272922808306,0.01790474245155025
4000,1303,0.16934025529092994,0.018029546734900908,0.16934025529092994,0.0180272929006856,8.881784197001252e-16,0.0128168614907085,0.17096691402574588,0.017944412693474892,0.17096691402574588,0.01794216950167996,8.881784197001252e-16,0.013158876447240404,0.17070003618991914,0.017961179441615256,0.17097945480100674,0.017959379485956297,0.17174292883422626,0.01909052110524739,0.019085420939984884
4000,1304,0.18155085616346184,0.0200716986949789,0.18155085616346184,0.020069189575812277,1.7763568394002505e-15,0.004688930478612051,0.18010451182756254,0.01965826738179121,0.18010451182756254,0.019655809944769075,3.552713678800501e-15,0.004897735279879055,0.18008445113618976,0.019799008322289403,0.18016823917444558,0.019698039619485047,0.17722516734951854,0.018131555068476374,0.01815935869912539
4000,1305,0.17023037101611194,0.01846781448681409,0.17023037101611194,0.0184655058657054,1.7763568394002505e-15,0.015294448199057942,0.17049507633358824,0.01835414556683313,0.17049507633358824,0.01835185115522759,1.7763568394002505e-15,0.015562252718528086,0.17028357405864802,0.018527528344901234,0.17050538136996568,0.01837605330022472,0.17010872554769102,0.01825867630440154,0.01821630951249793
4000,1306,0.1673793606269996,0.018355320975895113,0.1673793606269996,0.018353026417354253,1.7763568394002505e-15,0.009898655592082771,0.16814731070128353,0.01824450200697733,0.16814731070128353,0.018242221301673467,8.881784197001252e-16,0.010597928995716004,0.16837564036751884,0.018350575197871463,0.16813707443905918,0.018263161473595857,0.167613082631279,0.018314205930121508,0.018300595467369844
4000,1307,0.17720590736877811,0.01789601166850809,0.17720590736877811,0.017893774527219453,8.881784197001252e-16,0.005346446939986702,0.17698062122402108,0.01782712634267303,0.17698062122402108,0.01782489781258836,8.881784197001252e-16,0.006609179267969065,0.1767506222605733,0.018016951840635235,0.17695305497139213,0.017838735238345803,0.1769026786767604,0.017909320501269015,0.017931408058316025
4000,1308,0.18419787258206516,0.017751410600557835,0.18419787258206516,0.017749191535532532,2.6645352591003757e-15,0.017765920530747135,0.18409482885992762,0.01770822352498298,0.18409482885992762,0.017706009858679567,8.881784197001252e-16,0.018528559632461278,0.18302654437942584,0.017784165112514072,0.18404974191729423,0.017719340320176597,0.18447136573835293,0.01842742456723258,0.018426691854662856
4000,1309,0.17178530917678947,0.018000415101829342,0.17178530917678947,0.01799816490929579,3.552713678800501e-15,0.018872500323830237,0.17277194612091723,0.01782913466124546,0.17277194612091723,0.017826905880105277,1.7763568394002505e-15,0.01965553891958968,0.17198177838918294,0.017891890311883974,0.1727495229695945,0.017835050590219614,0.17135198583953976,0.018348832979502197,0.018327831356762286
4000,1310,0.1732340528114844,0.017840781653216287,0.1732340528114844,0.017838551416111105,1.7763568394002505e-15,0.014748110280617044,0.17396635896264245,0.017748672105875437,0.17396635896264245,0.01774645338318337,8.881784197001252e-16,0.01379186265623703,0.17359298455459599,0.017818002675870716,0.17393188138818683,0.017757766484219725,0.17440652124292688,0.018298218659046184,0.018281718884543045
4000,1311,0.19005908654927628,0.021714977282995682,0.19005908654927628,0.02171226274116584,1.7763568394002505e-15,0.008036200850525078,0.18995993873082007,0.021795216401694652,0.18995993873082007,0.02179249182934803,1.7763568394002505e-15,0.009451340595603826,0.19001691501972834,0.021718200226363296,0.19009120460914175,0.021888898214594055,0.1898229693163505,0.021924111835953875,0.02220809518447383
4000,1312,0.16175032503053421,0.01926298794143518,0.16175032503053421,0.019260579917431592,3.552713678800501e-15,0.023701764930586663,0.16304499981630893,0.01936375373034099,0.16304499981630893,0.01936133310982646,3.552713678800501e-15,0.02153675609535455,0.16256173684852265,0.01949792435916164,0.16309574529880705,0.01939979219614792,0.1643873551910932,0.020302927268467538,0.020229773945790976
4000,1313,0.17518102730503576,0.018239466430878135,0.17518102730503576,0.018237186355060633,8.881784197001252e-16,0.007901369929405079,0.17561892591560635,0.018163180634501584,0.17561892591560635,0.01816091009500468,8.881784197001252e-16,0.007395830304248839,0.17676464986467683,0.01839690963216806,0.17560128641332656,0.01817855701705922,0.1743322025790222,0.018202721024226806,0.018180115096400887
4000,1314,0.21528199245604168,0.018487464347010638,0.21528199245604168,0.018485153269515886,3.552713678800501e-15,0.007259411158027569,0.2171596762559892,0.018484900542497365,0.2171596762559892,0.018482589785498212,1.7763568394002505e-15,0.006593367443510496,0.21683422438365707,0.018533827787547516,0.21719490066432484,0.018503641612282018,0.2161813541998589,0.019400122692726923,0.019464555569139133
4000,1315,0.20815908504863562,0.017918839921912854,0.20815908504863562,0.017916599926914176,8.881784197001252e-16,0.011316984525732428,0.20875054893779488,0.017853157065466814,0.20875054893779488,0.017850925281338404,1.7763568394002505e-15,0.011039694962635755,0.2081370379027176,0.01796515609576409,0.2086941395337994,0.01786324392274089,0.20833480041245833,0.017297391517199362,0.017339613743427535
4000,1316,0.19155266116856723,0.017966721875272262,0.19155266116856723,0.017964475894655288,1.7763568394002505e-15,0.01745530567775966,0.19069885654721908,0.017896056841787692,0.19069885654721908,0.017893819694852046,8.881784197001252e-16,0.01551277102508329,0.1909599551346562,0.01797798208666298,0.19066382256073855,0.017909124495239487,0.1931750255010783,0.018077689697163245,0.018155426725938388
4000,1317,0.15916503861461523,0.0184723163753628,0.15916503861461523,0.018470007191482864,8.881784197001252e-16,0.015421302127095013,0.15808124543917745,0.01840208359958706,0.15808124543917745,0.018399783195352865,1.7763568394002505e-15,0.015768336404543597,0.15802954040374573,0.018537235020152358,0.15808325156080916,0.018418919486392932,0.15939337207756116,0.018612118926765106,0.018549150932735306
4000,1318,0.14810265274765438,0.018805238493423866,0.14810265274765438,0.018802887691677896,1.7763568394002505e-15,0.00923917629904736,0.14949309470516536,0.0186580152015545,0.14949309470516536,0.018655682803870335,1.7763568394002505e-15,0.009792008809091812,0.14890225876649993,0.01865486741748184,0.14949441162414728,0.01867545193273213,0.14936699840003215,0.018551728806702483,0.018506879311947437
4000,1319,0.19162687139264273,0.018045741554157668,0.19162687139264273,0.018043485695463417,1.7763568394002505e-15,0.010911965536284336,0.19152830461498438,0.018002511457800522,0.19152830461498438,0.018000261003206095,1.7763568394002505e-15,0.011538544009268311,0.1899949488076128,0.018136351009158266,0.19153238767421588,0.018018928625210404,0.19293495869568267,0.018090167613400505,0.018075181670853143
4000,1320,0.19635286566103594,0.017597853309092266,0.19635286566103594,0.017595653439928215,8.881784197001252e-16,0.008244750448065868,0.19658951747805348,0.017501181778598097,0.19658951747805348,0.0174989939941307,8.881784197001252e-16,0.00788402089894102,0.19690585338645344,0.017556623057671538,0.19650732123015424,0.017507735857113016,0.19872669585304875,0.017521048486233967,0.017498146967474888
4000,1321,0.18614010788584506,0.01780663873584996,0.18614010788584506,0.01780441276687622,8.881784197001252e-16,0.009115262698554607,0.18605477972058737,0.01773109201564293,0.18605477972058737,0.0177288754905995,8.881784197001252e-16,0.00809568204986173,0.18628425211339245,0.017811673834291004,0.18596558679917863,0.0177401871974986,0.1857734398445836,0.017785150241405746,0.01776144260944065
4000,1322,0.19309602668396508,0.019080820419520826,0.19309602668396508,0.01907843516788084,3.552713678800501e-15,0.011417447768160711,0.19295822002329943,0.018961149836172426,0.19295822002329943,0.018958779544290406,1.7763568394002505e-15,0.010935753242688473,0.19301383978865555,0.019177505550308838,0.19300526966506093,0.018992776348878186,0.19303748609791155,0.01841410423338576,0.018450720506032043
4000,1323,0.17850049091888442,0.017692326072771235,0.17850049091888442,0.017690114393773562,8.881784197001252e-16,0.01848905704584458,0.17823953357932976,0.01757050664466576,0.17823953357932976,0.017568310194048434,8.881784197001252e-16,0.018529270584932145,0.17903806529469318,0.017702540918559592,0.17820732468667427,0.01757649576386654,0.17705257703812405,0.017288821225304507,0.01735045896246141
4000,1324,0.19013648284782153,0.017675433536061585,0.19013648284782153,0.01767322396876299,8.881784197001252e-16,0.007915959730686331,0.18961045009387012,0.017625860656557885,0.18961045009387012,0.017623657286256564,8.881784197001252e-16,0.007448539383792587,0.18976420929216775,0.017780354314127916,0.18955784111511975,0.0176313779124092,0.1893288302800028,0.017359942380852516,0.017446487803693646
4000,1325,0.17993055885755777,0.018375587857506318,0.17993055885755777,0.0183732907654469,1.7763568394002505e-15,0.011584910182654494,0.18170139338598412,0.01829984519325985,0.18170139338598412,0.018297557569625277,1.7763568394002505e-15,0.013153149049406617,0.18263556479113607,0.01841825206794116,0.1817046033154771,0.01831247358130518,0.1800544183327541,0.01844568628334669,0.018448741934112438
4000,1326,0.1392536851475772,0.017855795327888214,0.1392536851475772,0.01785356321395639,1.7763568394002505e-15,0.014524303924792434,0.1387987916500702,0.017781905043878585,0.1387987916500702,0.0177796821668096,1.7763568394002505e-15,0.013310162781907203,0.13704277052342229,0.017908693893902636,0.13880697037121204,0.017784737871895547,0.1398492393842734,0.017777818358962902,0.018077016759971375
4000,1327,0.1809157513836172,0.019620671404943668,0.1809157513836172,0.019618218667712392,8.881784197001252e-16,0.011619951866834037,0.17956986796277458,0.01934747439869849,0.17956986796277458,0.019345055813227614,8.881784197001252e-16,0.010898379700838737,0.17926848032499526,0.019450073199313828,0.1795877318584505,0.019388957424426343,0.1788766518619862,0.018377469244084656,0.018367271658160083
4000,1328,0.18089605984799745,0.01899066794592302,0.18089605984799745,0.018988293964046637,1.7763568394002505e-15,0.014796772799684195,0.1815243954905265,0.018830588420827115,0.1815243954905265,0.01882823445014215,1.7763568394002505e-15,0.016157865917027316,0.18373574795662312,0.018988062339132663,0.18156888716471686,0.018853647621792386,0.18084144779278066,0.019006129014976093,0.01902956347094035
4000,1329,0.1770306014301512,0.021512315504543446,0.1770306014301512,0.021509626297019403,1.7763568394002505e-15,0.014439853805413407,0.17632063346656884,0.02073758814567822,0.17632063346656884,0.02073499578512735,7.105427357601002e-15,0.012803421204635927,0.17834697513093067,0.02181794023181851,0.17644305466880933,0.020821160459640192,0.1758687854965129,0.021298702265759608,0.021364078708923553
4000,1330,0.16657786031940874,0.018131887242812113,0.16657786031940874,0.018129620615233683,8.881784197001252e-16,0.012111618393635084,0.16723968584377524,0.01806891039436036,0.16723968584377524,0.018066651639380055,1.7763568394002505e-15,0.01099504613639931,0.1668861174369588,0.01813920319821155,0.16719583174215358,0.01808177861113325,0.1664482019221067,0.017660964248375315,0.017663227769763833
4000,1331,0.2269247862849143,0.018199484478137424,0.2269247862849143,0.018197209400376408,8.881784197001252e-16,0.011278226891929992,0.22678100705642845,0.01802973889322688,0.22678100705642845,0.018027485034990284,8.881784197001252e-16,0.010976272098255056,0.2267407295122214,0.018133993722476358,0.22677190733343994,0.018040414395267625,0.22679665705963659,0.01803346247431945,0.018038389764846854
4000,1332,0.18068582360915425,0.018592956906312595,0.18068582360915425,0.01859063264142367,3.552713678800501e-15,0.013843118758391056,0.1802968647364886,0.018471830312432838,0.1802968647364886,0.018469521189314567,1.3322676295501878e-15,0.014710412366802055,0.18134968539195362,0.01862365707394343,0.18031501737009903,0.018496351585379243,0.18168846360333468,0.019413929585665304,0.01953021373066705
4000,1333,0.18938916612172746,0.01873969598924286,0.18938916612172746,0.018737353380822025,1.7763568394002505e-15,0.015072337274219536,0.18908825559347342,0.018674801489044685,0.18908825559347342,0.018672466992943424,1.7763568394002505e-15,0.014867942889280074,0.18843409622500434,0.018843978949554346,0.18907535091368904,0.01870290119773369,0.18907796584999303,0.018384081419345447,0.018470060012441177
4000,1334,0.1670690320288068,0.019699022859340935,0.1670690320288068,0.019696560327565657,8.881784197001252e-16,0.02417065235856227,0.16674125052492728,0.01964922671184536,0.16674125052492728,0.0196467704049776,3.552713678800501e-15,0.023067060424710375,0.16693096129781582,0.019659325237842785,0.16679721860674357,0.01968261806344705,0.1661509693207902,0.01974615396944224,0.019777557235451947
4000,1335,0.16450443947003057,0.01779070544246933,0.16450443947003057,0.01778848146528176,1.7763568394002505e-15,0.01608016776145615,0.16442274876016078,0.017676774173791376,0.16442274876016078,0.017674564438902588,8.881784197001252e-16,0.01669048003399272,0.16451131356996973,0.017793647893924243,0.1643825121723097,0.017686428719245875,0.16469451203423513,0.01730092850933856,0.017390256602048574
4000,1336,0.19644367250967892,0.019020073465753275,0.19644367250967892,0.019017695807957154,8.881784197001252e-16,0.0018723336750275626,0.1971266963213098,0.019041019058683148,0.1971266963213098,0.019038638782524254,1.7763568394002505e-15,0.0018028157024356035,0.19712992001158064,0.0191605843473081,0.1971752310133164,0.01906818433246079,0.19676987000413887,0.018785247783277375,0.01877725665811451
4000,1337,0.16071909275942609,0.018449931269270026,0.16071909275942609,0.018447624883703256,1.7763568394002505e-15,0.014396266247727812,0.16097488071322053,0.018260276224887063,0.16097488071322053,0.01825799354768271,1.7763568394002505e-15,0.012581659676312687,0.159269830715618,0.018367495974591804,0.16097691537153164,0.018275674203838355,0.16103952811232092,0.01810141137831038,0.018094858306024333
4000,1338,0.1586152717741216,0.018234795076323074,0.1586152717741216,0.018232515584461387,1.7763568394002505e-15,0.013957055775324074,0.15819696624782215,0.018138383305414514,0.15819696624782215,0.018136115865777503,1.7763568394002505e-15,0.013879037261699718,0.15948804877144201,0.01823422699138252,0.15822946447292974,0.018154138980769098,0.15973315386658582,0.018934722394809023,0.018871529721245527
4000,1339,0.16329501440719235,0.01757677212130836,0.16329501440719235,0.017574574887457495,8.881784197001252e-16,0.013131834933274395,0.163121733583247,0.01754148031096429,0.163121733583247,0.017539287488865477,1.7763568394002505e-15,0.013093069201433957,0.16250811276143162,0.017609234865388436,0.16310816509561038,0.017548703901492765,0.16232325881249093,0.018063291002494,0.01819844106367548
4000,1340,0.19270303328141475,0.01765482272762811,0.19270303328141475,0.017652615736841612,8.881784197001252e-16,0.011349297912851518,0.19192788364308455,0.017612648465971124,0.19192788364308455,0.017610446747296858,8.881784197001252e-16,0.010380636801527834,0.1937842000882805,0.01779003040370097,0.19192488038975286,0.017630622438893708,0.19262960649083855,0.01783397998682676,0.017846683528340075
4000,1341,0.17078259592438183,0.018592582093802726,0.17078259592438183,0.018590257875768294,1.7763568394002505e-15,0.007396459079898348,0.1704365747756914,0.018497572394655843,0.1704365747756914,0.01849526005357616,1.7763568394002505e-15,0.009127656030207725,0.17056281862857708,0.018659892066584114,0.17046184918081775,0.018511714325337023,0.17006961533365317,0.018860053488626554,0.018820349235010067
4000,1342,0.19136546670439397,0.017849748603095076,0.19136546670439397,0.017847517245051098,1.7763568394002505e-15,0.020969116293325322,0.19142769471154714,0.017698237939406634,0.19142769471154714,0.01769602552137944,1.7763568394002505e-15,0.019088402643921254,0.19158380319049012,0.017776696086446237,0.19137045267870323,0.01770751791967959,0.1910341233655518,0.01812282398316184,0.01812138850823545
4000,1343,0.18220908272671626,0.01889620963955788,0.18220908272671626,0.018893847465707842,8.881784197001252e-16,0.01539297645611891,0.1820355823487489,0.018774809671817074,0.1820355823487489,0.018772462673911562,3.552713678800501e-15,0.016510037508769514,0.18143267456676715,0.018872055086970922,0.18204227706228232,0.018795535290843244,0.18199276543807924,0.019202282910008847,0.019248673210975755
4000,1344,0.20581352191742547,0.020402618523735046,0.20581352191742547,0.020400068037004195,7.105427357601002e-15,0.005714811271486437,0.20522319282912305,0.02013653856311409,0.20522319282912305,0.020134021338457323,7.105427357601002e-15,0.006424466742997144,0.20511749008286367,0.020281528538446062,0.2053114832308039,0.020193267874170442,0.20561119017612017,0.02040488054399926,0.020480926199599122
4000,1345,0.1819359830614033,0.018406331134303643,0.1819359830614033,0.018404030199094416,1.7763568394002505e-15,0.010356401856907182,0.18247623354420317,0.0183441884934661,0.18247623354420317,0.018341895326572526,1.7763568394002505e-15,0.011151976219106659,0.18227289560769722,0.018459019189640182,0.18252551604479778,0.018360085062622038,0.1827785428275659,0.01814256232231823,0.01816309721522056
4000,1346,0.17771643845674573,0.017671349711645724,0.17771643845674573,0.017669140654857092,1.7763568394002505e-15,0.011750216025415868,0.17707138923471755,0.017564605471475047,0.17707138923471755,0.017562409758550477,1.7763568394002505e-15,0.012865027006396128,0.1775343843212875,0.017672247000653528,0.1770492925900342,0.01756779776644824,0.1767041230279085,0.01781751558484327,0.017850688712306908
4000,1347,0.15923723646622806,0.01800064757140515,0.15923723646622806,0.017998397349811086,8.881784197001252e-16,0.01152984915470531,0.15874726490985896,0.0179469844708924,0.15874726490985896,0.017944740957605194,1.7763568394002505e-15,0.012201951889981306,0.1584638372329884,0.018007274350741738,0.1587666388604933,0.01795879899944513,0.15902845767152635,0.017795346919037492,0.017855112135456874
4000,1348,0.1948368172601676,0.01789876488948139,0.1948368172601676,0.017896527404018623,1.7763568394002505e-15,0.012963591545282033,0.19473011248597322,0.017697400568489983,0.19473011248597322,0.017695188255140697,8.881784197001252e-16,0.014082192332557362,0.1951620190440138,0.017790759014234377,0.1947074676938365,0.017710156347206123,0.19511018410878073,0.0178811519083221,0.017925768709700196
4000,1349,0.15527028212162686,0.01873856307468228,0.15527028212162686,0.01873622060788462,1.7763568394002505e-15,0.008170352512302175,0.1558138439931307,0.018628895602387178,0.1558138439931307,0.01862656684488044,1.7763568394002505e-15,0.007415634658415304,0.1554473622732815,0.018694248969178512,0.15585502543413515,0.018639864641676922,0.1566451803398996,0.018895261266408486,0.018885908979873446
4000,1350,0.18526997298658338,0.017727286153008174,0.18526997298658338,0.01772507010372731,8.881784197001252e-16,0.006467891062403134,0.1855942260745173,0.017601212736291325,0.1855942260745173,0.017599012447172626,8.881784197001252e-16,0.007804117241555219,0.1833899386092815,0.01767885161780357,0.18553059163414298,0.01760793104892659,0.18604608312122395,0.017513940658233987,0.017505187833864764
4000,1351,0.20510891907720202,0.018048454431782747,0.20510891907720202,0.018046198233957596,1.7763568394002505e-15,0.015723906470012462,0.2046366859241488,0.017886030196803175,0.2046366859241488,0.017883794303276496,1.7763568394002505e-15,0.01806022914087015,0.2042918599857726,0.017959604729070818,0.2046269455716071,0.017898728113235205,0.20603974073987086,0.018464564333272714,0.018415150333062357
4000,1352,0.19310293433377174,0.018082512410660695,0.19310293433377174,0.018080251955322077,1.7763568394002505e-15,0.010828257395669462,0.19404093078541645,0.017953876075413745,0.19404093078541645,0.017951631700622125,1.7763568394002505e-15,0.011754754632124914,0.19397366579070546,0.018069317952109337,0.19400299283631278,0.01796273007944851,0.19327812492262214,0.018294768271018683,0.018298404620551212
4000,1353,0.18124064932139644,0.01805015326242656,0.18124064932139644,0.018047896852234305,1.7763568394002505e-15,0.014601835225640588,0.18258889857501281,0.017944711194166775,0.18258889857501281,0.017942467965056916,8.881784197001252e-16,0.017666171502950665,0.183287871723482,0.018098011995588872,0.1825683202745974,0.017951285501536813,0.18225636596010514,0.01872326242055518,0.018709348345557104
4000,1354,0.16819135261857088,0.018877616057317192,0.16819135261857088,0.018875256207810213,1.7763568394002505e-15,0.009563839660149853,0.16803113587101054,0.01869401343371471,0.16803113587101054,0.01869167653597026,8.881784197001252e-16,0.010571171313147111,0.16864176786108925,0.018915538442648438,0.16800451059313543,0.01871873870306544,0.16824915696394432,0.018499091775202134,0.018463478139507827
4000,1355,0.15524475031902313,0.018085921718917725,0.15524475031902313,0.018083660837388934,1.7763568394002505e-15,0.012627595829823215,0.15690047266711504,0.017940841236960395,0.15690047266711504,0.017938598491625428,1.7763568394002505e-15,0.013736377703084364,0.1561637011101794,0.018077145834732022,0.15688409634925826,0.017955312005079018,0.15721425386014887,0.01772451405619302,0.017763544240882875
4000,1356,0.20570600551416862,0.017516122857295223,0.20570600551416862,0.017513933205076243,8.881784197001252e-16,0.018100800520621883,0.2056891001997032,0.01741387947384551,0.2056891001997032,0.01741170260284834,8.881784197001252e-16,0.015535397494673675,0.20644619253600288,0.01752330318727526,0.20566976003687776,0.017422551256045294,0.2049818094416091,0.017628118169728715,0.017592568351671015
4000,1357,0.15578275326781682,0.017530375033169204,0.15578275326781682,0.017528183599316884,1.7763568394002505e-15,0.00737335419747428,0.15645542674617824,0.017460994419790855,0.15645542674617824,0.01745881165905731,8.881784197001252e-16,0.008858755834550258,0.15858978482153074,0.01776578059866572,0.15639814518679906,0.017469892161280132,0.157788579838136,0.0171881620772321,0.01722691656324331
4000,1358,0.17925809274771892,0.018760302979166248,0.17925809274771892,0.018757957794710664,1.7763568394002505e-15,0.005888259811946692,0.1794636954531667,0.018555675206489562,0.1794636954531667,0.018553355602104415,1.7763568394002505e-15,0.007754212005012824,0.1765292334944516,0.018794823045400366,0.1794214429859664,0.01857321357598447,0.179491942988733,0.018019594225643337,0.018018643988304096
4000,1359,0.2110340204508886,0.018289081758544257,0.2110340204508886,0.018286795480423126,1.7763568394002505e-15,0.01196750618543329,0.21095678543080476,0.018081612899113825,0.21095678543080476,0.018079352556221177,1.7763568394002505e-15,0.011221462161558208,0.20894503974434897,0.01825124522936183,0.2109342639373623,0.01809805150015112,0.21211449258006182,0.017644124423263106,0.017555007997960358
4000,1360,0.17843647328814322,0.017873039395717057,0.17843647328814322,0.017870805126142017,8.881784197001252e-16,0.008291075968649825,0.17930235095325298,0.017785658073619023,0.17930235095325298,0.017783434727391998,8.881784197001252e-16,0.008149710685150668,0.17870483360782258,0.017855069041204926,0.1792655010507026,0.01779080748689192,0.1781745215357372,0.017771418875506567,0.017840825969724677
4000,1361,0.21493397339128478,0.018321956731672938,0.21493397339128478,0.018319666343923294,1.7763568394002505e-15,0.012677751001197453,0.21464964512742496,0.018249087216622037,0.21464964512742496,0.018246805938131144,1.7763568394002505e-15,0.011975384802290103,0.21423273410580107,0.018365760212146233,0.21461449564228813,0.01826249196189212,0.21384178449157876,0.018545937098047787,0.018408147577688484
4000,1362,0.17597186529217973,0.01853383118355437,0.17597186529217973,0.01853151430984277,8.881784197001252e-16,0.0032243483255871867,0.1756620043471515,0.018431199946946607,0.1756620043471515,0.018428895902941486,1.7763568394002505e-15,0.0034058073079661993,0.17767913035158284,0.018692649979694807,0.17566113574215125,0.01844332238068549,0.17480892993757097,0.018407890929365543,0.018411173500795262
4000,1363,0.21240307620683418,0.018599080472216905,0.21240307620683418,0.018596755441834395,1.7763568394002505e-15,0.013345292436116882,0.2126804411599994,0.018448468935643236,0.2126804411599994,0.0184461627328796,1.7763568394002505e-15,0.011992234812951488,0.2113790851352601,0.018644458981839043,0.21267904044722202,0.018468693784089083,0.21296817406443336,0.018385258088206582,0.018412539509486407
4000,1364,0.14302097621420162,0.017825355552377884,0.14302097621420162,0.017823127243655836,8.881784197001252e-16,0.00426879530735025,0.14293585928193714,0.017694288126333703,0.14293585928193714,0.017692076202064005,8.881784197001252e-16,0.004358514737573738,0.14361134912594692,0.01780194427753204,0.1428938810626419,0.01770870993459545,0.14264192516925028,0.01725722666231544,0.017379195873312582
4000,1365,0.1855082473024744,0.01914037267163803,0.1855082473024744,0.019137979975501224,3.552713678800501e-15,0.0034402607398914802,0.1855094319608735,0.01902547251937685,0.1855094319608735,0.01902309418665684,8.881784197001252e-16,0.0036578001701654973,0.184597707507816,0.019249053361606733,0.18556833191561273,0.019070257421210577,0.18584141830711431,0.019505231524069182,0.019578400118752285
4000,1366,0.19963210837834466,0.018452884061516923,0.19963210837834466,0.018450577306828055,1.7763568394002505e-15,0.011967721473068191,0.2014948827053939,0.018280422520412693,0.2014948827053939,0.018278137324763983,1.7763568394002505e-15,0.011625819029014101,0.20178692385951508,0.018421132949282444,0.20152321169806048,0.01829402603181027,0.20167636163589492,0.018867271096292295,0.018857609408730477
4000,1367,0.17015183276907647,0.018772889904411547,0.17015183276907647,0.018770543146491958,3.552713678800501e-15,0.006633793223394286,0.1680263194761375,0.018603679233180157,0.1680263194761375,0.018601353627916595,1.7763568394002505e-15,0.006872662454860838,0.16882774957822233,0.018786752796491748,0.16807278176517582,0.018625634630947074,0.16823433543166078,0.019010077430671464,0.01902240270646573
4000,1368,0.2201683765573012,0.018123428010245513,0.2201683765573012,0.01812116244013725,1.7763568394002505e-15,0.02099839343046154,0.21947380765625452,0.01798425144436886,0.21947380765625452,0.017982003272418785,1.7763568394002505e-15,0.020573917169614854,0.22000495095051525,0.018084956844081165,0.21946213406922488,0.017992041343710498,0.2197260650928819,0.01818403481388413,0.018072835663813097
4000,1369,0.171494361873759,0.01755309454901946,0.171494361873759,0.01755090027505014,8.881784197001252e-16,0.009440273481856894,0.17199686061124697,0.017478606665307813,0.17199686061124697,0.017476421702905965,8.881784197001252e-16,0.010761165787570666,0.1724362253765947,0.017585804719463846,0.17197672580937173,0.017477891527860383,0.17059986964771823,0.01829299478567695,0.018307191599142684
4000,1370,0.17665575698824743,0.018078860197023275,0.17665575698824743,0.01807660019823989,1.7763568394002505e-15,0.013213644425502798,0.17719234016970126,0.01794172632030874,0.17719234016970126,0.01793948346433144,1.7763568394002505e-15,0.015064952490891854,0.17721861954257545,0.01807171074101562,0.17716892858959815,0.01795225614142055,0.1772997776913875,0.018338767812070462,0.018342956036916946
4000,1371,0.20685915457839277,0.018061658646429533,0.20685915457839277,0.01805940079797438,8.881784197001252e-16,0.013016455175423535,0.20718955030862368,0.01798955200432034,0.20718955030862368,0.017987303169758856,8.881784197001252e-16,0.013076530177688533,0.20671250377716838,0.018099556404148898,0.20713279954142355,0.018000017911210663,0.20858962297222716,0.018301789798185787,0.01832840393548004
4000,1372,0.21313064273274718,0.019284757465416746,0.21313064273274718,0.019282346720052565,1.7763568394002505e-15,0.009045579505291286,0.21439180568661925,0.019207939834374844,0.21439180568661925,0.019205538691814756,3.552713678800501e-15,0.008898527942449174,0.21433898097171278,0.019246063313046253,0.21440706434043616,0.019239276794553877,0.21421489934698323,0.018439663597239673,0.018542881710035954
4000,1373,0.14311129193100397,0.018156218259167037,0.14311129193100397,0.018153948590021455,8.881784197001252e-16,0.007006785849799337,0.14253218767662612,0.01803898867406731,0.14253218767662612,0.018036733659535835,1.7763568394002505e-15,0.006882912211052767,0.142660411476275,0.01815686357467169,0.14251055816215136,0.018054342692301197,0.14205461179594142,0.017751657719963437,0.017795448111838943
4000,1374,0.23113141589761893,0.017959095270695172,0.23113141589761893,0.017956850243463364,8.881784197001252e-16,0.007691230787966821,0.23025777953358223,0.017898220802476505,0.23025777953358223,0.017895983385028864,8.881784197001252e-16,0.007524595550362552,0.23094425595524332,0.01802231929675372,0.23021986395085903,0.017904464065962272,0.2318550739363906,0.018136516176636308,0.018027872307352952
4000,1375,0.17766974533678442,0.01857656966898752,0.17766974533678442,0.018574247452631303,1.7763568394002505e-15,0.013224743079917651,0.17797397880258226,0.018449077823964623,0.17797397880258226,0.01844677154508519,8.881784197001252e-16,0.015078851463558338,0.1775245519032262,0.01851343399848969,0.17798127770846417,0.018469968859855926,0.1769184735495163,0.018103294382844238,0.01802381436269581
4000,1376,0.1491184386559532,0.019421812333199735,0.1491184386559532,0.019419384454906208,8.881784197001252e-16,0.013781747365538957,0.14955313091910355,0.019220136460184983,0.14955313091910355,0.01921773379295137,3.552713678800501e-15,0.015303693564578585,0.15007267539750935,0.019820496122167516,0.14957649890896596,0.019257880666534333,0.15026206250718005,0.0201371871593949,0.019922672469430792
4000,1377,0.18630715373517742,0.01840400867903821,0.18630715373517742,0.018401708034154036,1.7763568394002505e-15,0.014764408073234628,0.18627527940927463,0.018360264956144567,0.18627527940927463,0.018357969779567548,1.7763568394002505e-15,0.01730401948764976,0.18732803655105273,0.018497583599591277,0.18632545632634773,0.01838188505506257,0.1853698565441642,0.01821587364708463,0.01820945244067221
4000,1378,0.1717877774970784,0.01893931678803307,0.1717877774970784,0.018936949225452655,1.7763568394002505e-15,0.010282816093855285,0.1719350122768113,0.01889085691311706,0.1719350122768113,0.01888849540839965,1.7763568394002505e-15,0.009760712071391432,0.17076966204818694,0.01913070252283349,0.17195546991691585,0.018913896264793475,0.1724550010466171,0.018377908506732387,0.018376734721537967
4000,1379,0.22759867663486077,0.018740536422495138,0.22759867663486077,0.01873819370901358,1.7763568394002505e-15,0.009708645816018659,0.2295227957885561,0.01864041112299919,0.2295227957885561,0.018638080925962395,1.7763568394002505e-15,0.012575462700278874,0.2285165777300447,0.018766914338792223,0.2295165913714063,0.01865925710383929,0.22994123420659113,0.0185534346925673,0.018518551046937334
4000,1380,0.1741917621990674,0.018172305728977448,0.1741917621990674,0.018170034048772436,1.7763568394002505e-15,0.027963471869997716,0.17448591654218187,0.01812328914631851,0.17448591654218187,0.018121023593569326,1.7763568394002505e-15,0.026533703556414413,0.17402832239606908,0.018235341500494016,0.17449366829708973,0.018129138659677694,0.1754420911901215,0.01898983759774768,0.01899217756487457
4000,1381,0.16599369723167878,0.01776307631881393,0.16599369723167878,0.017760855795482696,8.881784197001252e-16,0.009690493082193278,0.16592252935328888,0.01769122877451144,0.16592252935328888,0.01768901723268462,8.881784197001252e-16,0.009233080515190324,0.16717461458638483,0.017837196565194214,0.16588063457334906,0.01770413607088629,0.1668535390821232,0.017844158674831526,0.01784922152536383
4000,1382,0.22625463524889466,0.01882096862276169,0.22625463524889466,0.018818615854626644,1.7763568394002505e-15,0.005639037829457522,0.2258379121137733,0.018622659297912934,0.2258379121137733,0.01862033131999298,1.7763568394002505e-15,0.0050622527816096404,0.2250302070376612,0.018712001804046915,0.22577837056265354,0.018646610390798596,0.2263362234147288,0.017754450803179743,0.01775894474242069
4000,1383,0.20591940354714766,0.018693435625344288,0.20591940354714766,0.018691098799830396,3.552713678800501e-15,0.00659109519690267,0.2061683241649644,0.018551555555422063,0.2061683241649644,0.01854923646602549,8.881784197001252e-16,0.0065508630498076325,0.20642837663161018,0.018747662031184126,0.20614418863077694,0.018575556358833775,0.2066094131526428,0.01787443902409398,0.017879727622031123
4000,1384,0.15314636271034576,0.018215438438261906,0.15314636271034576,0.01821316136613122,8.881784197001252e-16,0.013303740548987036,0.15221325659258234,0.018114321205707003,0.15221325659258234,0.018112056774020464,1.7763568394002505e-15,0.01274514606735045,0.15355961347939479,0.018241908594396793,0.15223640738030814,0.018127542295859334,0.1520648587623621,0.018505797496762618,0.018544227759565723
4000,1385,0.17547228747462545,0.01784767061470858,0.17547228747462545,0.01784543951642938,1.7763568394002505e-15,0.013140831768075378,0.17567500688137677,0.017753556913934335,0.17567500688137677,0.01775133758060309,1.7763568394002505e-15,0.014013785808832628,0.17561978445651,0.017853281604189388,0.17561823973126567,0.017761975387866762,0.17614103174294432,0.017402245786417813,0.01741996402127621
4000,1386,0.1792975401763094,0.018303913958994267,0.1792975401763094,0.018301625826732188,8.881784197001252e-16,0.006851924687676788,0.18081816005566154,0.018144909831033573,0.18081816005566154,0.01814264157552986,8.881784197001252e-16,0.00682792922239712,0.18060801431036205,0.01823716759802068,0.1808044140262728,0.01815982901366578,0.18052518374436405,0.017898837969223994,0.017899447972685535
4000,1387,0.19294138706314645,0.018040334701159226,0.19294138706314645,0.018038079518363847,8.881784197001252e-16,0.017359116129824576,0.19415497958130412,0.01797946799804853,0.19415497958130412,0.017977220424066624,1.7763568394002505e-15,0.015696596389405938,0.19482198070920337,0.018071002393463646,0.19416849488966925,0.017991365396008076,0.19579703412266014,0.01801833049840021,0.017995354343972866
4000,1388,0.17514108281312796,0.017985201260717266,0.17514108281312796,0.017982952970032728,1.7763568394002505e-15,0.002066872873776763,0.17643642854354713,0.017916931521362527,0.17643642854354713,0.01791469176492883,8.881784197001252e-16,0.0020988297213506346,0.17644561042199763,0.018045550472971846,0.1763820706814314,0.01792778832927707,0.17494851827458524,0.01774586736306284,0.0177843559443992
4000,1389,0.15566807121692833,0.017735530479486557,0.15566807121692833,0.017733313399600468,1.7763568394002505e-15,0.017361084521518452,0.15587427355099354,0.01762973456077448,0.15587427355099354,0.01762753070620486,1.7763568394002505e-15,0.01729059012290271,0.1545316321469426,0.01768618229983003,0.15586386243818195,0.01764180779311178,0.1562760459529629,0.017945266206302362,0.017941671412488685
4000,1390,0.23533169776281782,0.019967127707913514,0.23533169776281782,0.01996463166093734,1.7763568394002505e-15,0.010110145493840695,0.23374237353162203,0.019731992558901474,0.23374237353162203,0.01972952590565615,1.7763568394002505e-15,0.010179817324661755,0.23409074736449798,0.01985986328083374,0.23384058417593828,0.019766982941076525,0.2340405142720095,0.01888985640223169,0.019224773397859427
4000,1391,0.1920967786675788,0.01779837684862759,0.1920967786675788,0.017796151912454306,8.881784197001252e-16,0.015151774577272915,0.19263012005918162,0.01775160398269436,0.19263012005918162,0.01774938489349478,8.881784197001252e-16,0.014169172637212547,0.19304076258395902,0.017913039582095846,0.19263703276063926,0.017759826586807487,0.19112070995616415,0.018702885766395408,0.018588909030720798
4000,1392,0.1791801986114267,0.018719901446180926,0.1791801986114267,0.018717561312232643,8.881784197001252e-16,0.006591425526435805,0.17949780974625945,0.018577754548564213,0.17949780974625945,0.01857543218408879,3.552713678800501e-15,0.006956750155738036,0.18024011590624528,0.01871565995009607,0.1795051423761383,0.018600344411265624,0.17961531959773358,0.01877952631603985,0.018770087069456355
4000,1393,0.21342392258399667,0.018636434577222225,0.21342392258399667,0.018634104877284726,1.7763568394002505e-15,0.00933254509517003,0.21304579987529787,0.018397324739075183,0.21304579987529787,0.01839502492973573,1.7763568394002505e-15,0.009092405800581021,0.21228080700310298,0.018612722698714924,0.21300216215551365,0.01841526083950618,0.21363047405868535,0.018218741373587446,0.018228681678757994
4000,1394,0.20693421395791128,0.018867341104059195,0.20693421395791128,0.018864982539001655,8.881784197001252e-16,0.007883753768007066,0.20673074445341272,0.018822022247794,0.20673074445341272,0.0188196693479476,1.7763568394002505e-15,0.008131096474261142,0.2082572275905767,0.018945885873381998,0.20674133136602862,0.018844692139080747,0.20690822728339037,0.018887989326392803,0.01891512895328737
4000,1395,0.203420961781276,0.01856846134011745,0.203420961781276,0.018566140137365694,1.7763568394002505e-15,0.01898592723128348,0.2033983210767245,0.01837258845110605,0.2033983210767245,0.01837029173399587,1.7763568394002505e-15,0.019498215890138212,0.2036382384124386,0.018481332462958383,0.2034359976684419,0.018397868626927612,0.20342220358768004,0.01857788968896332,0.018757436430797636
4000,1396,0.18562481115504542,0.01819985307119456,0.18562481115504542,0.018197577947356533,1.7763568394002505e-15,0.010040639344722045,0.18374683508517325,0.01808469742649422,0.18374683508517325,0.018082436698011545,8.881784197001252e-16,0.010924407571050147,0.18488817242498357,0.018443248558329767,0.18371741331544045,0.018103005148979445,0.18374048501430984,0.017800017663098164,0.01779510914323828
4000,1397,0.18112795911971602,0.017659447695824976,0.18112795911971602,0.01765724012688132,1.7763568394002505e-15,0.019616926679612484,0.18024683921531115,0.017608772039987064,0.18024683921531115,0.017606570805896334,1.7763568394002505e-15,0.02077676402841054,0.17982615642177935,0.017717437334831592,0.18024692561199657,0.01761750752269342,0.1818093800412755,0.018089093313856854,0.018114460303213727
4000,1398,0.1754693105756186,0.018109971969706255,0.1754693105756186,0.018107708081708196,8.881784197001252e-16,0.013034486198794895,0.17635726094291138,0.018071370931255194,0.17635726094291138,0.01806911186868855,1.7763568394002505e-15,0.012394570669363487,0.1768747696712793,0.01824566016801159,0.1763875259649914,0.018081538900125087,0.17666572763374455,0.017922094000795523,0.01795472951205426
4000,1399,0.19395070650360058,0.019658311649302464,0.19395070650360058,0.01965585420674654,8.881784197001252e-16,0.015674503147976866,0.19445932289705697,0.01970182100750908,0.19445932289705697,0.019699358125943426,3.552713678800501e-15,0.018287302567074004,0.19360875505450903,0.019456232810030668,0.19454990803137612,0.0197506334916979,0.19204885101250957,0.020087588924292195,0.020769017947830426
4000,1400,0.21627151223599722,0.01897367818943618,0.21627151223599722,0.018971306331412106,1.7763568394002505e-15,0.013803823599775994,0.21680348394238402,0.01888289351442727,0.21680348394238402,0.01888053300519692,1.7763568394002505e-15,0.01325721731477501,0.21633121580273362,0.018905056625524587,0.21685183888706283,0.01890879335381556,0.21696346312248543,0.018970768780238352,0.019043066830459233
4000,1401,0.21239324711375057,0.018407261855531508,0.21239324711375057,0.018404960803974853,8.881784197001252e-16,0.017538222818811927,0.2127515379472869,0.018407642763271854,0.2127515379472869,0.018405341664098754,1.7763568394002505e-15,0.016610264923166446,0.21262627736667533,0.01851671814946433,0.2127058244810317,0.01842525646040121,0.21340013090355336,0.017858757535023504,0.017867183437653027
4000,1402,0.23011056925098394,0.018658707050041044,0.23011056925098394,0.01865637456587042,1.7763568394002505e-15,0.01367990842228783,0.22954742546183549,0.018478188834194942,0.22954742546183549,0.01847587891621177,8.881784197001252e-16,0.015374731791452927,0.22978149666751463,0.018654461417443518,0.22955173428844722,0.01849316928602374,0.2291748119305606,0.01850275489717975,0.01827656606390321
4000,1403,0.19053150337374447,0.01892138807968931,0.19053150337374447,0.018919022758337525,1.7763568394002505e-15,0.010487432460379295,0.19071718882976035,0.01877048123387415,0.19071718882976035,0.0187681347770572,8.881784197001252e-16,0.009429688837810056,0.19166508252326936,0.019121946488287404,0.19075725903916557,0.01880296424217548,0.190750987274666,0.01863141064731336,0.018584756691942747
4000,1404,0.17073275786328873,0.020067371400931854,0.17073275786328873,0.020064862822710798,1.7763568394002505e-15,0.012000383661853771,0.16975088711964703,0.020052851219261352,0.16975088711964703,0.020050344456176462,7.105427357601002e-15,0.012761891407099433,0.1699242862827144,0.02042485016756125,0.16981495798763363,0.020104995922246578,0.170802147775879,0.020803286218599813,0.020697239402029194
4000,1405,0.1795085443865188,0.01799679553271274,0.1795085443865188,0.01799454579265361,1.7763568394002505e-15,0.008485699300492826,0.178746692888814,0.01785982478239652,0.178746692888814,0.0178575921647514,1.7763568394002505e-15,0.008563544511132344,0.17918875054361738,0.01798979632854838,0.17868414466777072,0.017875247114531763,0.1805739898830468,0.018035420810708514,0.01808155291128682
4000,1406,0.1742820905299985,0.02167216658188732,0.1742820905299985,0.02166945739172961,3.552713678800501e-15,0.017591306083057923,0.17298398291894324,0.02124034013367572,0.17298398291894324,0.02123768492519811,3.552713678800501e-15,0.017811344104583963,0.17265374334776173,0.021423242838920737,0.17310666199035646,0.021324476494525957,0.1745282116853013,0.023195073010356535,0.02266732080896325
4000,1407,0.1574105088766531,0.018445267164612277,0.1574105088766531,0.018442961362095035,8.881784197001252e-16,0.007750607457375338,0.1567421060161331,0.018308667939394764,0.1567421060161331,0.01830637921284799,1.7763568394002505e-15,0.008458425003928982,0.1541225878579181,0.018415229189590973,0.15672767290513334,0.01832527043451318,0.15735634726457826,0.018121780721247628,0.018120291328445965
4000,1408,0.13839100016317302,0.01852729673768221,0.13839100016317302,0.018524980680827394,1.7763568394002505e-15,0.008613706937998889,0.1392714352607281,0.018441042102415296,0.1392714352607281,0.01843873682806384,1.7763568394002505e-15,0.009736243084171552,0.1390195354291236,0.018593127657694036,0.13925231198523352,0.018460105661460637,0.13902128010568648,0.017832465087666612,0.017869874171741535
4000,1409,0.19538861934659607,0.018095318307650956,0.19538861934659607,0.01809305625147515,8.881784197001252e-16,0.004005266064151545,0.19569331698167114,0.018003056384265484,0.19569331698167114,0.01800080586155099,8.881784197001252e-16,0.003982681709125904,0.19597504339529825,0.01806818209672787,0.19572934203560555,0.0180075866361113,0.19465904491094005,0.01827397785671021,0.018247584790672445
4000,1410,0.16754024754005414,0.01814597904498962,0.16754024754005414,0.018143710655825814,1.7763568394002505e-15,0.010275284617041122,0.16795327766389917,0.01803839045736456,0.16795327766389917,0.018036135517614845,8.881784197001252e-16,0.0131908319531725,0.1671037194958841,0.018111825526501847,0.16794145998332305,0.018052285953353776,0.16789799070186556,0.01795259402538848,0.01796356021856008
4000,1411,0.22511042006697468,0.019245867822063188,0.22511042006697468,0.019243461938208292,1.7763568394002505e-15,0.016590597366214935,0.22417066187534695,0.01910016330427256,0.22417066187534695,0.019097775634620843,1.7763568394002505e-15,0.014161811759604645,0.22382392348579327,0.019607769356566704,0.22424433093299107,0.019135453777037393,0.22181308294860042,0.01959727345011998,0.019690896677632994
4000,1412,0.15555599538035253,0.017906857038913506,0.15555599538035253,0.01790461854186883,8.881784197001252e-16,0.005069151562658263,0.1568847623358237,0.01782832904898597,0.1568847623358237,0.01782610036855361,1.7763568394002505e-15,0.005527291069549734,0.15641065363699114,0.01792784753356641,0.15686411901639596,0.017833249497095565,0.15738677484777885,0.017721247819335418,0.017863087421917723
4000,1413,0.17664033762107534,0.0181321871852529,0.17664033762107534,0.01812992052017932,3.552713678800501e-15,0.01118330130138441,0.17661203271274756,0.01805394083316312,0.17661203271274756,0.018051683949494926,8.881784197001252e-16,0.011083222842681163,0.17806146431491077,0.01824238181186656,0.17661832689311274,0.01807135267502072,0.17659158678776044,0.01877791392163702,0.018772514883122655
4000,1414,0.2104768024875297,0.018677090704768737,0.2104768024875297,0.018674755922497628,8.881784197001252e-16,0.009546390987175479,0.20821287348485024,0.018578841404844094,0.20821287348485024,0.018576518904503143,1.7763568394002505e-15,0.010031050874558826,0.20695596870429323,0.018718835841418622,0.20824060571418523,0.018596656761056343,0.2090350113171815,0.018294654713746222,0.018380212213161228
4000,1415,0.18070483586776925,0.01839264111082409,0.18070483586776925,0.018390341886974765,8.881784197001252e-16,0.007272540271197379,0.18036025048089094,0.018422951218108625,0.18036025048089094,0.01842064820525906,8.881784197001252e-16,0.0073243699430944305,0.18063486559309633,0.018598629722586676,0.1803799580129707,0.018447090152555457,0.18043141837956028,0.018132118472248084,0.018135849238183427
4000,1416,0.18246721282277362,0.017973639314231845,0.18246721282277362,0.017971392468880954,8.881784197001252e-16,0.008359945129507816,0.18040267554974854,0.017838017354347552,0.18040267554974854,0.017835787462801327,1.7763568394002505e-15,0.008471767037536639,0.18135252494700005,0.017967617545451793,0.18039249711571875,0.017846969524379835,0.18025901467057848,0.017635406498821386,0.017649393157701077
4000,1417,0.20461373939339883,0.018010415322771728,0.20461373939339883,0.01800816388013242,8.881784197001252e-16,0.012970332842311513,0.20435307852201717,0.017910386592746273,0.20435307852201717,0.017908147654479793,8.881784197001252e-16,0.012931932728210705,0.20338811340302926,0.01802395565342577,0.2043328602292933,0.01792131648413678,0.2041920461057125,0.018022505925320766,0.018028832247803717
4000,1418,0.2266801294254484,0.01900008578692652,0.2266801294254484,0.01899771062774643,3.552713678800501e-15,0.01493543089334823,0.2268713752315102,0.01906769138409634,0.2268713752315102,0.019065307773688363,1.7763568394002505e-15,0.014766054102176584,0.22712787981824034,0.01910747465292595,0.22691106188290688,0.01911219873971483,0.22716080707701614,0.01853686819873101,0.018849003692031945
4000,1419,0.17960284634793217,0.01826046652800568,0.17960284634793217,0.01825818382701195,1.7763568394002505e-15,0.013916402105911085,0.1782982352492518,0.01811979918964643,0.1782982352492518,0.018117534073169097,3.552713678800501e-15,0.015889803923757537,0.17841263873491153,0.01823486972113094,0.17831383849133658,0.018133027513434066,0.17833021955762784,0.019006333645898387,0.01888134114483749
4000,1420,0.19733554406855747,0.018887524310791885,0.19733554406855747,0.018885163222675805,1.7763568394002505e-15,0.0030442454235878793,0.1959100248024328,0.018726043253227968,0.1959100248024328,0.018723702351505812,1.7763568394002505e-15,0.0027039427342454682,0.19598282528156885,0.018861227362228995,0.19591102663594734,0.018743936259203585,0.19587047170724686,0.018311477949202952,0.01829566706851407
4000,1421,0.20114102374608994,0.019142496426104282,0.20114102374608994,0.019140103464481566,1.7763568394002505e-15,0.00828580579255041,0.2000138020263476,0.019048535092220643,0.2000138020263476,0.019046153876498828,1.7763568394002505e-15,0.0074818908829711725,0.20047609465830019,0.01928284385707112,0.20004125975352632,0.019073574429267715,0.19884421795381513,0.01867535050228712,0.018681237944628497
4000,1422,0.19486853531280407,0.018446692030474207,0.19486853531280407,0.0184443860498376,3.552713678800501e-15,0.010246439903864884,0.1957456592046251,0.018283696172448932,0.1957456592046251,0.01828141056756814,8.881784197001252e-16,0.010191291147895364,0.1950348096837985,0.018391078811733578,0.19574457061983613,0.018297897153280653,0.1969633006243534,0.01746776113089213,0.017425849470495174
4000,1423,0.1930556575889027,0.018264005174909,0.1930556575889027,0.018261722031556762,8.881784197001252e-16,0.010085473370787287,0.1938463953783287,0.01820523133851446,0.1938463953783287,0.018202955542350997,1.7763568394002505e-15,0.010073320624210095,0.19188735984357108,0.018326007020563546,0.19388257275270931,0.018217673814558785,0.19454426655939905,0.01857877195174395,0.018558462188570983
4000,1424,0.21288782373067794,0.01856800041830208,0.21288782373067794,0.018565679273169156,8.881784197001252e-16,0.009232920213997792,0.2132251351022736,0.018383934581191492,0.2132251351022736,0.0183816364457264,1.7763568394002505e-15,0.008353305992122749,0.21368438544409368,0.018562751393645785,0.21326389635670323,0.0183912660379285,0.21261789808442355,0.018490804928486787,0.018304502670742573
4000,1425,0.17164072049900037,0.01806132885122617,0.17164072049900037,0.018059071043997996,1.7763568394002505e-15,0.006347582735711689,0.17144590952521443,0.017957898617078194,0.17144590952521443,0.01795565373943744,8.881784197001252e-16,0.006445457595646256,0.17207419758334086,0.01814550539882564,0.17143223286689668,0.017967641357362604,0.1715901717282481,0.01759335278121762,0.017666043420810212
4000,1426,0.16432718161267496,0.01761463589456622,0.16432718161267496,0.01761243392744785,8.881784197001252e-16,0.005977406102389438,0.16553244632172487,0.017534463758465145,0.16553244632172487,0.017532271813490215,8.881784197001252e-16,0.006439905496036187,0.16651565613796826,0.017647656233047464,0.1655526110397066,0.017541091334846208,0.16538325549895672,0.01773663101733567,0.01778405086778473
4000,1427,0.1450128268702604,0.018056015137866886,0.1450128268702604,0.0180537579948944,8.881784197001252e-16,0.009586604676591769,0.14614230621971108,0.01798419605711442,0.14614230621971108,0.017981947892088186,8.881784197001252e-16,0.009437594505933292,0.14549705354641912,0.018078669600906018,0.14611730564793957,0.017992785444283267,0.14544915148035298,0.01753921732479626,0.017640121354136857
4000,1428,0.16545244701214173,0.019923785325458215,0.16545244701214173,0.0199212946966185,8.881784197001252e-16,0.01920631506035881,0.16540815403530196,0.019603157408606037,0.16540815403530196,0.01960070686076115,3.552713678800501e-15,0.018853066787942213,0.16524061873988316,0.01991323281089694,0.16549667003125818,0.01964688164233201,0.16741306503044212,0.020246816088419176,0.020148521483961054
4000,1429,0.17032729700488924,0.018382629457164026,0.17032729700488924,0.018380331484849636,1.7763568394002505e-15,0.004789802039921623,0.1711761355234247,0.018264286503431145,0.1711761355234247,0.01826200332491064,8.881784197001252e-16,0.005326950853061214,0.1710344269122614,0.01838783575956605,0.1711479485552344,0.018276337778150006,0.1710471992668342,0.018482950796086417,0.01849018538195139
4000,1430,0.1881411279765905,0.018191997350550493,0.1881411279765905,0.018189723208738927,1.7763568394002505e-15,0.008287791420718307,0.18768735308642914,0.018112784068133516,0.18768735308642914,0.018110519828601183,8.881784197001252e-16,0.009029908370077866,0.18814381916093775,0.01809771519393189,0.1876944827961904,0.01812261098522374,0.18790946956352178,0.0175669985024652,0.017574541569300463
4000,1431,0.18729357205384928,0.01884409844567742,0.18729357205384928,0.018841742786133785,8.881784197001252e-16,0.014173358039402334,0.18843076556473876,0.01880541495667179,0.18843076556473876,0.018803064132866528,1.7763568394002505e-15,0.015997573799943418,0.18879275946878216,0.01901239399584501,0.18842620192633802,0.01883102809334699,0.18854214475314202,0.01906712724812363,0.019076632740660338
4000,1432,0.20763282023928742,0.018823950192801735,0.20763282023928742,0.01882159705194714,8.881784197001252e-16,0.020216011698691482,0.20888741141858774,0.01877252175337947,0.20888741141858774,0.018770175041481638,3.552713678800501e-15,0.021121014986390112,0.21005876371825394,0.018960543637329044,0.20892996458195484,0.01879503516237675,0.20831234590873166,0.019871192984374654,0.019990064920407842
4000,1433,0.16388067710354692,0.01832632158865231,0.16388067710354692,0.01832403065526144,8.881784197001252e-16,0.01291102225173847,0.16291459896214344,0.01809254176467729,0.16291459896214344,0.018090280055591053,1.7763568394002505e-15,0.011426702841270701,0.1636491601035634,0.018204540035087997,0.1629315472565257,0.0181126610904079,0.16222913990948712,0.018082644961894864,0.018069520885047135
4000,1434,0.20903730849066166,0.017842564062649214,0.20903730849066166,0.017840333602728922,1.7763568394002505e-15,0.009535315812409413,0.20980966881170665,0.01778993225243821,0.20980966881170665,0.017787708371905436,1.7763568394002505e-15,0.010191421251535885,0.209928813993433,0.017937303368796006,0.20974550736891429,0.017799490517181275,0.21151531532442652,0.01784603269185068,0.017902648652317023
4000,1435,0.19763826455946443,0.018397276594928947,0.19763826455946443,0.01839497679160789,1.7763568394002505e-15,0.007205388156514114,0.19775697037113382,0.01834528636556387,0.19775697037113382,0.01834299306142771,1.7763568394002505e-15,0.00720370463176678,0.19867423566475484,0.01847662131758756,0.19777016744138104,0.018360720536144362,0.19836690482979752,0.018337100189608234,0.018394008960602438
4000,1436,0.21751409498709234,0.02129351033220483,0.21751409498709234,0.02129084847703696,7.105427357601002e-15,0.0032316979596139234,0.2167884919211096,0.02087870597061488,0.2167884919211096,0.020876095969233274,8.881784197001252e-16,0.003542955051393326,0.2184951773195699,0.022089534857968322,0.21689716926923125,0.02096045185786597,0.21025187005952567,0.01939638543875461,0.02124674053940694
4000,1437,0.19402019553831262,0.01961252241298861,0.19402019553831262,0.019610070694445,3.552713678800501e-15,0.007404759594079317,0.19286213997015944,0.019415602690943255,0.19286213997015944,0.019413175588903528,1.7763568394002505e-15,0.008958240321552237,0.19220174918244698,0.019811708794219413,0.19293426880197662,0.01944567625410356,0.19201403196360867,0.019368656038769246,0.019335005846719655
4000,1438,0.22639101681731222,0.018768489484602073,0.22639101681731222,0.018766143276769343,1.7763568394002505e-15,0.009121657905525169,0.22693263848163603,0.018667998792727233,0.22693263848163603,0.018665665147016168,1.7763568394002505e-15,0.008284927988292173,0.22707679857790158,0.018872897111143167,0.22696737671959027,0.018687853200426673,0.22777750978067896,0.01903596351856751,0.019291373899959757
4000,1439,0.20266859619550837,0.018324015548425734,0.20266859619550837,0.01832172490330791,1.7763568394002505e-15,0.007299966067416995,0.20300373727369792,0.018267547490291063,0.20300373727369792,0.01826526390412172,8.881784197001252e-16,0.008780898227187313,0.20209737212697226,0.018408804776891313,0.20300260903186373,0.018278046248212,0.20316320203783578,0.018978136614402515,0.01898355245484204
4000,1440,0.20657567099555835,0.01849233822885431,0.20657567099555835,0.01849002654208625,8.881784197001252e-16,0.013920921348331403,0.20710318921970633,0.018468150220121687,0.20710318921970633,0.01846584155704371,1.7763568394002505e-15,0.013002760575110645,0.20694578623481608,0.01865963548932654,0.20713228556332913,0.018481503691672944,0.20773301870328004,0.018795052974907762,0.018781463868447028
4000,1441,0.1773826046100055,0.018260837608900654,0.1773826046100055,0.01825855486151891,8.881784197001252e-16,0.0081225444531574,0.17830248648372077,0.018169952959352035,0.17830248648372077,0.018167681573261613,8.881784197001252e-16,0.007697849963627951,0.17819241270570735,0.01823039514735667,0.17832699490072879,0.01818192375029076,0.18013119755383655,0.018263217503690546,0.018324544403658233
4000,1442,0.18020060593117104,0.018094556692451927,0.18020060593117104,0.018092294731483972,8.881784197001252e-16,0.008738378965674986,0.18076364827518493,0.01804322870685134,0.18076364827518493,0.018040973162282634,1.7763568394002505e-15,0.009834953287349743,0.18058128903497844,0.018209947137547165,0.18070565108213676,0.018058299572707076,0.18090979327850354,0.01809297174470052,0.018093220197593476
4000,1443,0.1915947244184379,0.018727094778019128,0.1915947244184379,0.01872475374484816,1.7763568394002505e-15,0.013106126071893357,0.19255498578532976,0.018664740991492533,0.19255498578532976,0.018662407753032077,1.7763568394002505e-15,0.014637251776291053,0.19285669847808118,0.01879562195088011,0.19256598997452284,0.018686114934184348,0.19280959403149184,0.018307649239967083,0.018325974193425822
4000,1444,0.1629723729809559,0.017145021669946976,0.1629723729809559,0.017142878408276007,1.7763568394002505e-15,0.015287730525643042,0.162682637078643,0.01709349345522378,0.162682637078643,0.017091356634982263,1.7763568394002505e-15,0.014788485709349666,0.1628756156755793,0.017266415060453285,0.16262838092432413,0.01710285672425543,0.16217435888210913,0.0175217481951594,0.01759289080091294
4000,1445,0.22644520204921792,0.01816390273186526,0.22644520204921792,0.018161632102100544,1.7763568394002505e-15,0.00617741319984881,0.2266923152214605,0.018113590310071342,0.2266923152214605,0.018111325969752467,1.7763568394002505e-15,0.006621735961069437,0.22644411170477635,0.018236810113209267,0.22667298476739522,0.01813093022512447,0.2273566977408084,0.017817083163644352,0.017798200336951328
4000,1446,0.16865117560702808,0.01764891342451037,0.16865117560702808,0.017646707172432934,8.881784197001252e-16,0.010844778990189884,0.1688282543646456,0.01761830044886786,0.1688282543646456,0.01761609802365157,1.7763568394002505e-15,0.011582032032235404,0.16869009701413645,0.017670365131924617,0.16883076294617638,0.017629498895570812,0.16987972733981094,0.017958508219312684,0.018019027188860098
4000,1447,0.17550219330461553,0.01765074109101015,0.17550219330461553,0.017648534610460117,1.7763568394002505e-15,0.017201512318589733,0.1756128296376514,0.01759177250230583,0.1756128296376514,0.017589573393290137,1.3322676295501878e-15,0.017175606656720663,0.17689899726367392,0.017725782470881947,0.17558292745990778,0.01760095919001991,0.17453498078148683,0.017822188550425357,0.01783590906937063
4000,1448,0.17514743398126642,0.01884215601780075,0.17514743398126642,0.01883980060107578,2.6645352591003757e-15,0.008986712794251991,0.17474156186860978,0.018704193059065347,0.17474156186860978,0.01870185488878819,3.552713678800501e-15,0.007516081136962019,0.17239463611455424,0.018844210033035356,0.1747744302244718,0.01873228873396887,0.17293714027612878,0.01838156267608006,0.018350368598036695
4000,1449,0.18103884368578288,0.017964213917617922,0.18103884368578288,0.017961968250515253,1.7763568394002505e-15,0.008060970021759437,0.18162177388716505,0.017861997682607034,0.18162177388716505,0.017859764793332407,1.7763568394002505e-15,0.008319080908866697,0.1828454924208024,0.01796118131756734,0.18163716432223598,0.017866138623041396,0.1818560063717113,0.018040783643619652,0.01818027842178734
4000,1450,0.18799695791444693,0.018792124495199496,0.18799695791444693,0.018789775332805767,1.7763568394002505e-15,0.010899415982060658,0.18731828173219645,0.01873083338971823,0.18731828173219645,0.018728491889191585,1.7763568394002505e-15,0.011772608371848856,0.18720070886359552,0.018860772854417982,0.18737148229928924,0.018749540204975428,0.18797766761224527,0.01840795489099373,0.01843842942454825
4000,1451,0.18688014408823145,0.01835000528949485,0.18688014408823145,0.01834771139545632,1.7763568394002505e-15,0.006462462439784248,0.18674794075887358,0.018298172840799487,0.18674794075887358,0.01829588542622204,1.7763568394002505e-15,0.0061901298003218,0.18659484052025638,0.018400989528861697,0.18677468940208442,0.018316840002797565,0.18671153811400665,0.018142172947246984,0.01811142529233894
4000,1452,0.2357176470558881,0.01820544267577599,0.2357176470558881,0.018203166853193717,1.7763568394002505e-15,0.007511066175595562,0.23686043303025006,0.018063176929855467,0.23686043303025006,0.018060918891603026,1.7763568394002505e-15,0.006465091193702266,0.2379403066959045,0.018185627187868134,0.23681720288222802,0.018078917470973132,0.23784176668606288,0.01780476802670233,0.01779034830170859
4000,1453,0.1788455731109912,0.01843370113081759,0.1788455731109912,0.018431396774144942,1.7763568394002505e-15,0.001976697023485161,0.17770861992549208,0.018330685974095196,0.17770861992549208,0.01832839449512205,8.881784197001252e-16,0.0016540308085629253,0.17729583670011828,0.018441132558499204,0.17770733615848722,0.018343880023611397,0.17723282851738398,0.018066928636147877,0.018090115721315157
4000,1454,0.20810622866875933,0.019359753743043995,0.20810622866875933,0.01935733362255913,3.552713678800501e-15,0.00632254451717182,0.20765341879090504,0.01911959905676875,0.20765341879090504,0.019117208957496117,1.7763568394002505e-15,0.006648877993103665,0.20893740753698725,0.019220937396626933,0.2077306070247814,0.019150894678376093,0.20782774029860612,0.01906347947765858,0.019092957236878438
4000,1455,0.19867930376461335,0.018675425838521213,0.19867930376461335,0.018673091264371392,8.881784197001252e-16,0.007916241736702535,0.19790253834072402,0.01860548907892236,0.19790253834072402,0.01860316324741394,8.881784197001252e-16,0.007932324287032439,0.19591644767677502,0.018826356513953375,0.19789858026764556,0.018622897776399295,0.1978127023550636,0.018170301908201746,0.018132420026162402
4000,1456,0.15115163685685146,0.017925713207286198,0.15115163685685146,0.017923472353073146,1.7763568394002505e-15,0.01139956863112994,0.15165111857237756,0.017879196710988705,0.15165111857237756,0.017876961671701146,8.881784197001252e-16,0.01078796485466469,0.1516270578692429,0.017944047592611832,0.1516338656922635,0.017886360250258627,0.15108282941072732,0.017839983972413632,0.01787041413575023
4000,1457,0.20047870247783084,0.018132381276378562,0.20047870247783084,0.018130114587042077,1.7763568394002505e-15,0.00992498490232241,0.2004496586788222,0.01802274627680845,0.2004496586788222,0.018020493292703544,8.881784197001252e-16,0.009737430033607622,0.20021160812611227,0.018104111234868377,0.20045735101008694,0.0180324636267942,0.20176520595911274,0.019052399139340835,0.01904818160965161
4000,1458,0.18625576899904955,0.020253885278895444,0.18625576899904955,0.020251353384982324,1.7763568394002505e-15,0.0052632749765062735,0.18552563630450825,0.020058991362832738,0.18552563630450825,0.02005648383218192,1.7763568394002505e-15,0.005911291107467784,0.18685606450450604,0.020156509215012258,0.1855879037955221,0.020095818869267406,0.1832227831027453,0.01910702141852441,0.019048472479520635
4000,1459,0.2315800151793206,0.018326812643280694,0.2315800151793206,0.01832452164850416,1.7763568394002505e-15,0.016135514748112225,0.23245806643774014,0.018167385477725027,0.23245806643774014,0.018165114412589868,1.7763568394002505e-15,0.01517031019238098,0.23263442818717595,0.018289452302495367,0.23245259525689282,0.018178856213288755,0.23235293230611043,0.01837656736396472,0.018127539235505634
4000,1460,0.14236240737685896,0.018199245747846638,0.14236240737685896,0.01819697069992877,1.7763568394002505e-15,0.018439014755491267,0.1437271870703291,0.018090801229940376,0.1437271870703291,0.01808853973843458,8.881784197001252e-16,0.01934405679044588,0.14427384193771592,0.01822366527273794,0.14369401535659398,0.018105750448865254,0.14379053131037117,0.018384952798332833,0.018355233634814918
4000,1461,0.1646832655013804,0.018215406400666503,0.1646832655013804,0.018213129332540767,8.881784197001252e-16,0.01606457820956247,0.16494087828340015,0.01808886836371001,0.16494087828340015,0.018086607113827594,1.7763568394002505e-15,0.016017565441499796,0.1649806290099568,0.018236367085198654,0.1649506770330481,0.018097216304663526,0.16405574764781028,0.018615351325795147,0.018618626321743922
4000,1462,0.16158347451081717,0.017882873877514166,0.16158347451081717,0.01788063837855206,8.881784197001252e-16,0.020677995426043195,0.16213902486534953,0.017777678268160926,0.16213902486534953,0.017775455919471928,1.7763568394002505e-15,0.02218697420314752,0.16212903241919513,0.017869824375286298,0.16213761095927337,0.017784856994691792,0.16295318645969276,0.017786130081452366,0.017803814849008896
4000,1463,0.21865426791385356,0.01896808431257749,0.21865426791385356,0.018965713153831734,3.552713678800501e-15,0.004643751143663084,0.21803315259097267,0.01889105564439322,0.21803315259097267,0.01888869411483285,8.881784197001252e-16,0.005523914161234075,0.21843666925373517,0.019166413308785817,0.21801603031227113,0.01891585747894871,0.21749020239119826,0.018086554686404858,0.0181950387398865
4000,1464,0.18230237655345882,0.018268851783700545,0.18230237655345882,0.018266568034484336,8.881784197001252e-16,0.017987576988095222,0.18144879553536353,0.018145912977633582,0.18144879553536353,0.01814364459672871,1.7763568394002505e-15,0.016693039605812133,0.1798608487795339,0.018252420017578184,0.18145278152162386,0.018157754229558197,0.18216846393330371,0.018455001316749427,0.01845071584342666
4000,1465,0.1932348846084987,0.018302218619705487,0.1932348846084987,0.01829993069937406,1.7763568394002505e-15,0.012347140403885534,0.19514842548607003,0.018164285267525594,0.19514842548607003,0.018162014589940934,1.7763568394002505e-15,0.013920803090481222,0.1960288806674514,0.018275964428385045,0.19515165319662342,0.018183981372886134,0.1949449635903585,0.018604372235719212,0.018605817713709588
4000,1466,0.17512555341293434,0.018273551787426557,0.17512555341293434,0.018271267450673156,1.7763568394002505e-15,0.0060464334885952445,0.17425646684575624,0.018086241127410543,0.17425646684575624,0.01808398020595319,1.7763568394002505e-15,0.00617219022534607,0.17543639383616122,0.018246306192656495,0.1742434494846356,0.018106182955236548,0.17362929083280015,0.017708130763873845,0.01770733979546746
4000,1467,0.1644273776661916,0.017792341583894238,0.1644273776661916,0.017790117402176203,8.881784197001252e-16,0.00446841538721839,0.16391588970931065,0.017732072151010757,0.16391588970931065,0.017729855503442752,8.881784197001252e-16,0.004553872219532458,0.16236184693286237,0.017822832869510297,0.1638426024173113,0.017740069635851004,0.16533395198064005,0.01753667210681523,0.017502096093766604
4000,1468,0.16637612016533854,0.019289734170976628,0.16637612016533854,0.019287322803485364,1.7763568394002505e-15,0.018943817189399314,0.16732640860588094,0.019125752352749915,0.16732640860588094,0.019123361484267198,1.7763568394002505e-15,0.020201689905301596,0.16756452943869216,0.01938393128033199,0.1673991901935164,0.019151951526352,0.16743343094158053,0.01906368271758337,0.019049402683307258
4000,1469,0.14361034893560076,0.018096182655464362,0.14361034893560076,0.01809392049123833,8.881784197001252e-16,0.016736134282195444,0.14402495467217896,0.018030041427924318,0.14402495467217896,0.018027787531868518,8.881784197001252e-16,0.016220671273117215,0.14356924118951253,0.01811509811506901,0.1440065834637833,0.018040344415973058,0.14409955434836763,0.01818379713238624,0.018228167844412307
4000,1470,0.20175812412031707,0.01836247738920903,0.20175812412031707,0.01836018193606059,1.7763568394002505e-15,0.012630560175889321,0.20405762839451108,0.018290245360812984,0.20405762839451108,0.018287958937232476,1.7763568394002505e-15,0.011277370927302278,0.2034272594562868,0.018458184893514175,0.20407261298205132,0.018292788027982013,0.2026753755304,0.018637183724772997,0.018478169584285546
4000,1471,0.18633182577428192,0.018443391482292647,0.18633182577428192,0.018441085914250352,8.881784197001252e-16,0.005655746163207575,0.18648804276344738,0.01837452024690732,0.18648804276344738,0.018372223288307565,1.7763568394002505e-15,0.006129516864554968,0.18697555594819654,0.01851631841991426,0.1864895046159088,0.01838863398385393,0.18648753697609127,0.01833067540226521,0.018345092646117604
4000,1472,0.20554121246936607,0.01777339629959873,0.20554121246936607,0.017771174486189263,8.881784197001252e-16,0.012739768211339736,0.20483976096567874,0.017710109584860394,0.20483976096567874,0.017707895682784757,8.881784197001252e-16,0.013512907405866182,0.20324717008394438,0.01786378087813524,0.20478843828478538,0.017715839276599143,0.20639007811910243,0.018067307717132563,0.01798818072658511
4000,1473,0.2317166063971416,0.019622702484453133,0.2317166063971416,0.01962024949332105,1.7763568394002505e-15,0.010126186996173032,0.23173751258529035,0.019518512718854658,0.23173751258529035,0.019516072752257356,3.552713678800501e-15,0.010162595370805383,0.23159213011535884,0.01953643845459957,0.23180449896108873,0.019551844283050023,0.231199100338094,0.01935685596528324,0.020440990752974307
4000,1474,0.15483348368969352,0.018290967100608624,0.15483348368969352,0.018288680586805002,8.881784197001252e-16,0.00286870048859241,0.1551808648580545,0.01824136387939317,0.1551808648580545,0.01823908356637977,8.881784197001252e-16,0.0028869524343033415,0.1554462020255296,0.01838731963847506,0.15516005993637116,0.018256998817034326,0.15529587077081974,0.01771117828859298,0.01772235864900531
4000,1475,0.16697210328884043,0.017643675559324966,0.16697210328884043,0.017641469962021605,8.881784197001252e-16,0.014549997720002528,0.16788978972342355,0.01756291390359798,0.16788978972342355,0.01756071840213261,8.881784197001252e-16,0.014857626685678513,0.16742226123200504,0.017630891587425583,0.16786905300831634,0.01757114639430684,0.16690363385306578,0.017839652111496525,0.017907252370363034
4000,1476,0.1922745674284948,0.01771822460483799,0.1922745674284948,0.01771600968832145,8.881784197001252e-16,0.015101673269462317,0.19100494619375913,0.017638373485142994,0.19100494619375913,0.017636168550640333,8.881784197001252e-16,0.013803803640779738,0.19050424909133196,0.017760636620916516,0.19096416767417168,0.01763994707960297,0.19189337290521002,0.01759474598401813,0.01751627256188877
4000,1477,0.1785347177869629,0.017926588752746716,0.1785347177869629,0.01792434778908364,1.7763568394002505e-15,0.012385595235257927,0.1791254415657213,0.017837162461704158,0.1791254415657213,0.01783493267702619,1.7763568394002505e-15,0.01446906120628962,0.17698610610822513,0.017954878922308407,0.1790905212974538,0.017847141926449397,0.1791062822396028,0.018050600513070527,0.01805031525123806
4000,1478,0.1991717300102553,0.018854161312121333,0.1991717300102553,0.018851804394640764,3.552713678800501e-15,0.007540526109842645,0.19887782886678468,0.01876258497941417,0.19887782886678468,0.01876023950969072,8.881784197001252e-16,0.008416970785215656,0.19837509833786698,0.01901101386125026,0.19887071473313883,0.01878847600074159,0.19716882784876089,0.01855321539470904,0.01857106976545654
4000,1479,0.20003772568055256,0.017845666841026328,0.20003772568055256,0.0178434359932345,8.881784197001252e-16,0.010479108274576278,0.19909847920415058,0.017765064073445434,0.19909847920415058,0.01776284330162934,1.7763568394002505e-15,0.01054712878146833,0.19943584669222286,0.017904907819846202,0.19908227645679877,0.017777410898298925,0.19892978085680174,0.017800361361537755,0.017800133231135645
4000,1480,0.17715597634956992,0.0179900748694577,0.17715597634956992,0.017987825969533983,3.552713678800501e-15,0.014350882952938876,0.17609221191488644,0.01787269903728958,0.17609221191488644,0.017870464810262,1.7763568394002505e-15,0.016623648127799835,0.17435875311904075,0.017969351721030563,0.1760700088070427,0.017884789829830945,0.17692333663925386,0.018417720930146785,0.018422766614823307
4000,1481,0.1788996422808451,0.017917465975560744,0.1788996422808451,0.017915226152316093,8.881784197001252e-16,0.016872688183644,0.17920152781724358,0.017791038738547663,0.17920152781724358,0.017788814719695477,8.881784197001252e-16,0.015566694271583999,0.17793255954854065,0.01788342929815986,0.17917980805916767,0.017792858890492074,0.1771653244191559,0.01789338526472709,0.01795477722729225
4000,1482,0.1872733677794305,0.018264768015057255,0.1872733677794305,0.018262484776344037,8.881784197001252e-16,0.00887582479645435,0.18654887723010166,0.018150446026351953,0.18654887723010166,0.01814817707878057,1.7763568394002505e-15,0.008512216811875951,0.18685899154855118,0.018262104168348284,0.1865014619412973,0.018166076585857085,0.1850561997408539,0.017728773709958873,0.017730147150083857
4000,1483,0.18160349137231646,0.019380016623215885,0.18160349137231646,0.019377593969712673,8.881784197001252e-16,0.010413510178027925,0.17950644459087195,0.019050322823065593,0.17950644459087195,0.019047941383863457,1.7763568394002505e-15,0.010319991845931922,0.17905987388172184,0.01916858405217197,0.17954223817398257,0.019079693396716824,0.1801547517263679,0.018859050511508057,0.018801867628196963
4000,1484,0.22675286853107796,0.017951439980335864,0.22675286853107796,0.017949195910075166,1.7763568394002505e-15,0.01668669177135937,0.2284186770601846,0.017840999464878403,0.2284186770601846,0.01783876920054506,1.7763568394002505e-15,0.018703906768793924,0.22773230193375582,0.017958366442946287,0.22842438055935071,0.01785235475092217,0.22679506393737864,0.018639536421817867,0.018511319274002264
4000,1485,0.16485778516259902,0.017799918955195587,0.16485778516259902,0.01779769382624694,8.881784197001252e-16,0.010698523449730027,0.1654789785920121,0.017720069571063094,0.1654789785920121,0.017717854423911363,8.881784197001252e-16,0.011304275798039588,0.16775410292221732,0.017861432887796406,0.1654154666799325,0.017727852442326685,0.16593126540450143,0.017223919867134573,0.01725585772891931
4000,1486,0.17527726157801587,0.01944667058284216,0.17527726157801587,0.019444239597073195,3.552713678800501e-15,0.016003563068510508,0.1731258178099362,0.019229111388274395,0.1731258178099362,0.019226707599104647,1.7763568394002505e-15,0.01522464279217712,0.17300910361124022,0.01926208756280015,0.17318980420431318,0.019264481983950976,0.1731159021114777,0.01913572707733414,0.019109002400436042
4000,1487,0.17437037120013366,0.01858664219979213,0.17437037120013366,0.01858431872429086,8.881784197001252e-16,0.004189717085930858,0.17306167163999076,0.01849453302460564,0.17306167163999076,0.018492221063470964,1.7763568394002505e-15,0.004590357493428514,0.1744849335783233,0.01875381401340284,0.17306402130042586,0.01850881029759764,0.17295421856862714,0.018144005921834586,0.01815058046373793
4000,1488,0.16693801817260034,0.0181969443357922,0.16693801817260034,0.018194669575568825,1.7763568394002505e-15,0.006208739355934616,0.16792996189347187,0.018026836149389415,0.16792996189347187,0.01802458265401848,8.881784197001252e-16,0.007262215670007911,0.16976653060158203,0.018162189095160406,0.1678945599170586,0.01803494733246008,0.16861913584221416,0.01749974516584534,0.017574949837529986
4000,1489,0.2019427088363615,0.01803490218029666,0.2019427088363615,0.018032647676608837,8.881784197001252e-16,0.01316579308379142,0.2035771849974588,0.01794734427388519,0.2035771849974588,0.017945100715619798,8.881784197001252e-16,0.01277539514546633,0.20301497865791623,0.018067813894589665,0.2035188558141373,0.01795955826741149,0.20348099783879403,0.018030608503675393,0.01803356635302854
4000,1490,0.2508707789249661,0.018156157445162854,0.2508707789249661,0.018153887783619496,1.7763568394002505e-15,0.01940909616426408,0.2514447037529276,0.01810761981229756,0.2514447037529276,0.01810535621833756,8.881784197001252e-16,0.022087163676579973,0.2503861375086905,0.018274680969494136,0.25137711939592033,0.018124834213596213,0.25657794372830867,0.018099299583668002,0.018330868109514856
4000,1491,0.16991267650343572,0.018065502288693747,0.16991267650343572,0.018063243959753277,8.881784197001252e-16,0.01600654246919755,0.16939710672356895,0.017962199869487053,0.16939710672356895,0.017959954454156137,1.7763568394002505e-15,0.015350155260546691,0.1704445996218813,0.018108383033779988,0.16938293893802236,0.01797233224441812,0.16961713457840893,0.0185585242262082,0.018573291951573645
4000,1492,0.1841627564719751,0.01787990135401613,0.1841627564719751,0.01787766622664268,1.7763568394002505e-15,0.0061375784123367414,0.18404168582865332,0.017787250851821652,0.18404168582865332,0.017785027306484905,8.881784197001252e-16,0.007385452847874094,0.18421335747936823,0.017905522994727273,0.18402316098976557,0.017796378857680192,0.1840131224997773,0.01815406162612024,0.018159684570022795
4000,1493,0.1907595839394831,0.01774518401582683,0.1907595839394831,0.017742965729173273,8.881784197001252e-16,0.007427094326891114,0.19044246700536732,0.01765233594238208,0.19044246700536732,0.01765012926246317,1.7763568394002505e-15,0.0063542047030537945,0.1905693181196646,0.017770214754667512,0.1904015163276998,0.01766199936816058,0.19115219875563122,0.017592483226649115,0.017592129048320533
4000,1494,0.15611929454875284,0.01786297087347983,0.15611929454875284,0.01786073786254874,8.881784197001252e-16,0.010950143841513979,0.15610523514689784,0.01777929929587749,0.15610523514689784,0.017777076744547364,1.7763568394002505e-15,0.012603299770149961,0.1565633478908628,0.017879139896713674,0.15606893926368942,0.01779028137301223,0.15793886315199046,0.01736104087446937,0.017397559735561792
4000,1495,0.20768144813648964,0.017726941624436027,0.20768144813648964,0.017724725618223927,8.881784197001252e-16,0.014979977653338314,0.20630130501076027,0.017628956858754097,0.20630130501076027,0.01762675310140331,8.881784197001252e-16,0.014649657964222702,0.20752598162771468,0.01775047376879013,0.20624938349493,0.01763480193978979,0.20630481016896218,0.01792782405981917,0.017891527682905327
4000,1496,0.18939407549856146,0.01825196523758057,0.18939407549856146,0.01824968359931457,8.881784197001252e-16,0.006098393684573387,0.1891435155142136,0.018144752917244034,0.1891435155142136,0.018142484681355778,8.881784197001252e-16,0.005952785364872,0.1891228219421679,0.01825901043420466,0.18911242879108703,0.018151392309869695,0.19019591118850487,0.018363936736852774,0.018376902385768987
4000,1497,0.1867537808801557,0.018446601050581626,0.1867537808801557,0.018444295081318215,3.552713678800501e-15,0.013301262512317879,0.18687080920573884,0.018413668105587377,0.18687080920573884,0.01841136625319941,3.552713678800501e-15,0.012775255751681716,0.18641944650145653,0.018591653855140968,0.18685926469277425,0.01843032815453133,0.18638011359257006,0.01849344724186905,0.018512215470802004
4000,1498,0.2219225090259409,0.01788521198963047,0.2219225090259409,0.017882976198386077,8.881784197001252e-16,0.018617774432292147,0.22068751156203487,0.01784275193848885,0.22068751156203487,0.017840521455082612,8.881784197001252e-16,0.01924322400970822,0.2200789515060787,0.01791608126840643,0.2206584851714936,0.017852165717803663,0.22122881364719343,0.01849713853963852,0.018497410530453118
4000,1499,0.2028083496473847,0.018280211576298153,0.2028083496473847,0.01827792640701911,1.7763568394002505e-15,0.013484694830717004,0.20145816182052811,0.018169170685385202,0.20145816182052811,0.018166899397085136,1.7763568394002505e-15,0.01403401559036362,0.2015782463949884,0.01829071485677643,0.20148500482849357,0.018183371908365838,0.19960248997512858,0.0180974127621934,0.017992448946619215
4000,1500,0.2113550897281486,0.018025236329391778,0.2113550897281486,0.01802298303401084,8.881784197001252e-16,0.006900973606959046,0.2111714190658034,0.017952203832167408,0.2111714190658034,0.01794995966641926,1.7763568394002505e-15,0.005839924721387817,0.20963666798082292,0.018151053069643323,0.21112379316661006,0.017961132303227656,0.2113547825824133,0.01744434605021439,0.017398012382410958
4000,1501,0.16452254524895976,0.01822532854101569,0.16452254524895976,0.018223050232544887,1.7763568394002505e-15,0.005257514310949726,0.16558337829318176,0.018203098711432476,0.16558337829318176,0.018200823181864056,3.552713678800501e-15,0.005006343552806861,0.16558387501697525,0.018258997994199635,0.165605573844271,0.01821334301762497,0.1667586426952919,0.01844852683945895,0.018449396774809175
4000,1502,0.15658819574251165,0.01842119924147923,0.15658819574251165,0.018418896447640443,3.552713678800501e-15,0.014869613184419506,0.15699370119098155,0.018306979943867395,0.15699370119098155,0.018304691428333252,8.881784197001252e-16,0.01662171289268284,0.15636226968725347,0.018331919874755756,0.157026990690378,0.018323960440890442,0.15723974451973022,0.018473966833259366,0.018501316938630944
4000,1503,0.1429643789250835,0.018425163839424673,0.1429643789250835,0.018422860549980154,1.7763568394002505e-15,0.019566010495560244,0.14348114284795238,0.018297178844094014,0.14348114284795238,0.018294891553773927,1.7763568394002505e-15,0.018587734295232944,0.14161683666297342,0.018378063279513048,0.14344553115234043,0.018303758453333943,0.1422970931032057,0.018308214329174684,0.018331580985210656
4000,1504,0.18782961169882617,0.018343279735228347,0.18782961169882617,0.018340986681936657,1.7763568394002505e-15,0.0143954588084821,0.18737578482516376,0.01824382661715463,0.18737578482516376,0.018241545996279772,1.7763568394002505e-15,0.01593861745830565,0.18960311034234095,0.01840226710998057,0.1873324979208913,0.018251767052317878,0.1886517958996779,0.01832755507947271,0.018362153702087516
4000,1505,0.1755619896975541,0.01973832560080789,0.1755619896975541,0.019735858155882843,3.552713678800501e-15,0.005398300944399255,0.1756140712028672,0.01960047201588206,0.1756140712028672,0.019598021803732248,3.552713678800501e-15,0.005903457115274228,0.1747503129199171,0.019666525856406544,0.17563137949288443,0.01963177744473651,0.1750320214984814,0.01864398156420195,0.01861592811719823
4000,1506,0.18472966848644973,0.017961419268046435,0.18472966848644973,0.0179591739502968,8.881784197001252e-16,0.014063816153298717,0.18374323099990053,0.017890036545433564,0.18374323099990053,0.017887800151082,1.7763568394002505e-15,0.012081513195307949,0.18538394953789333,0.0181177346406657,0.1837277342283316,0.017904783132519718,0.18376291746568174,0.018277480481198236,0.018292779247456675
4000,1507,0.17238242868732362,0.018113609120298337,0.17238242868732362,0.018111344777628036,8.881784197001252e-16,0.01408786283239807,0.17202387082300719,0.017950782752631952,0.17202387082300719,0.01794853876452985,1.7763568394002505e-15,0.01476358248435493,0.1724493516970082,0.018147730139326614,0.17203848162717844,0.017963299644504768,0.1723737417142857,0.01876901494161888,0.018834629955225158
4000,1508,0.1780929050083641,0.018201290263167115,0.1780929050083641,0.01819901495966886,1.7763568394002505e-15,0.01045920504349501,0.17765153372291925,0.018106717929513814,0.17765153372291925,0.018104454448296208,8.881784197001252e-16,0.010807327991626493,0.17635585460484443,0.01817770064184665,0.17768289743053062,0.018118535233912585,0.1764221130002237,0.018194547769073813,0.018238856582983222
4000,1509,0.18397313828603995,0.018034908538606568,0.18397313828603995,0.018032654034123907,1.7763568394002505e-15,0.008080108824274256,0.18325226885402723,0.01799906610630358,0.18325226885402723,0.017996816082405012,1.7763568394002505e-15,0.007245432498334932,0.18103808474694583,0.01813739644244137,0.1832143231805311,0.018008832022155148,0.18454695073813715,0.017908322214131765,0.01781101445116741
4000,1510,0.18500584829077965,0.018451459963778463,0.18500584829077965,0.018449153387112935,1.7763568394002505e-15,0.012998850757454107,0.18475208683322775,0.018353170204825887,0.18475208683322775,0.018350875915148213,1.7763568394002505e-15,0.011940360379140012,0.1849293691476665,0.018530215956519713,0.18478716889463287,0.018368146510799564,0.1838253048649739,0.018492032123175687,0.018497378821122342
4000,1511,0.16893660980247238,0.01836147648304224,0.16893660980247238,0.018359181155014895,8.881784197001252e-16,0.016005664616704992,0.16698172500077035,0.0182277566930103,0.16698172500077035,0.01822547808100152,8.881784197001252e-16,0.014739886376435987,0.1659421323043811,0.018316835009915808,0.16695552920231854,0.01823294171822648,0.16651042645066128,0.018414054892904024,0.01840693680626923
4000,1512,0.1836872367111949,0.018393387437696373,0.1836872367111949,0.018391088120550358,1.7763568394002505e-15,0.007896099087932143,0.18279794074640315,0.018289869980252962,0.18279794074640315,0.01828758360359796,1.3322676295501878e-15,0.007899999357879748,0.18294330675741122,0.01841885839154049,0.18277411222988688,0.018305774078519996,0.18168682145806492,0.01858256788962432,0.018591231981125368
4000,1513,0.17461881533751655,0.018152501538877774,0.17461881533751655,0.018150232334351268,1.7763568394002505e-15,0.012375605608528325,0.17557974316745634,0.01805716674880784,0.17557974316745634,0.018054909461874994,8.881784197001252e-16,0.01131564511737089,0.17567680787390527,0.018153227915644,0.1755827397495473,0.018070041583618853,0.176296247847245,0.017549101126218252,0.01761510799502655
4000,1514,0.18198233880708314,0.017990836523505846,0.18198233880708314,0.01798858752836943,1.7763568394002505e-15,0.01497262237689945,0.18139979945744278,0.01788400783223478,0.18139979945744278,0.017881772191519475,8.881784197001252e-16,0.01253310402461501,0.18174849799477938,0.018019286234502933,0.18140120601551252,0.01790222397768852,0.1825082958852079,0.018314500550529602,0.01832208642159885
4000,1515,0.1790952141767101,0.018368324386596357,0.1790952141767101,0.018366028202527557,8.881784197001252e-16,0.016143952711827045,0.17942218656223452,0.018198659500505192,0.17942218656223452,0.018196384525872824,3.552713678800501e-15,0.015282157735355446,0.17940662534414697,0.018373442587286352,0.1794168249226818,0.01822109512189307,0.18062045895640372,0.018243057585699243,0.018241338568765638
4000,1516,0.19823058892741952,0.01952179212712641,0.19823058892741952,0.019519351750577448,8.881784197001252e-16,0.0065304255855146145,0.19937400663874305,0.01914963066673413,0.19937400663874305,0.019147236813275594,1.7763568394002505e-15,0.007838909878415868,0.19884441381484042,0.01919683705627306,0.19934898318749644,0.01918842583644918,0.19894820753339482,0.01821939383095637,0.01824080863564465
4000,1517,0.1721493627073622,0.018085094743097472,0.1721493627073622,0.01808283396494712,8.881784197001252e-16,0.010348222867762248,0.1718272770600871,0.017937473357488767,0.1718272770600871,0.01793523103316505,1.7763568394002505e-15,0.010938235319987201,0.17104761250208722,0.018047049612969896,0.17177194125056588,0.01794844823507829,0.1717843344158828,0.01757530000964526,0.017612385175224763
4000,1518,0.2125259429234138,0.01843341990046639,0.2125259429234138,0.01843111557894973,3.552713678800501e-15,0.02035977326393335,0.21212599920396175,0.01832315268672778,0.21212599920396175,0.018320862149474412,8.881784197001252e-16,0.019738502105668524,0.21271322336987952,0.01834577541667049,0.21212686935142538,0.018340946228911238,0.21072202810268154,0.01888365468065351,0.018920717430879606
4000,1519,0.1865199473356386,0.017961852281619103,0.1865199473356386,0.017959606909739387,8.881784197001252e-16,0.024982429619461625,0.18708412329739388,0.017878772423142935,0.18708412329739388,0.017876537436894675,1.7763568394002505e-15,0.02358358016602552,0.18785752104660275,0.01802987444174907,0.1870705770669832,0.01788857560917722,0.18803811328028353,0.01811184840013412,0.01810338378708834
4000,1520,0.18130672569669987,0.018170108148805077,0.18130672569669987,0.01816783674331476,8.881784197001252e-16,0.014496748856322052,0.1828741763734677,0.018076443317734076,0.1828741763734677,0.018074183621079494,8.881784197001252e-16,0.016827240149817103,0.18273843145752794,0.01812680651158785,0.18286095240818206,0.018089635820177544,0.18230712659351306,0.018448623659742477,0.01843782074644807
4000,1521,0.19832212541403904,0.018070368153839455,0.19832212541403904,0.018068109216627826,8.881784197001252e-16,0.002416406574848892,0.1993937291454826,0.017969396821059753,0.1993937291454826,0.01796715050605366,1.7763568394002505e-15,0.0028179104215973615,0.19967670808484445,0.01803741507265808,0.1993686525182406,0.0179845107983362,0.19915968450822746,0.01820244390467717,0.018199831598294067
4000,1522,0.15677013586938565,0.018608169270346517,0.15677013586938565,0.018605843103793228,1.7763568394002505e-15,0.0098379049428162,0.15728845908892247,0.01855397255040015,0.15728845908892247,0.01855165315886032,1.7763568394002505e-15,0.010900579758644701,0.15656763999429146,0.018679850428051904,0.15732262718345946,0.018572049523066875,0.15687538229504994,0.018492123278346956,0.01850094606236162
4000,1523,0.18612061589047452,0.018225306214777342,0.18612061589047452,0.01822302790909749,8.881784197001252e-16,0.00963495791902711,0.1864102307967897,0.018065809343557646,0.1864102307967897,0.018063550976232922,8.881784197001252e-16,0.010309192533322365,0.18634717958475683,0.018160962704483197,0.18639348308733722,0.018077482409203764,0.18627722797339658,0.018386347536498437,0.018383019814398723
4000,1524,0.18776191183628532,0.01886646250069178,0.18776191183628532,0.01886410404546653,1.7763568394002505e-15,0.014685389815402504,0.18627901034225935,0.01869650270104691,0.18627901034225935,0.01869416549212459,1.7763568394002505e-15,0.014646273938950538,0.18611913843032563,0.01885657790825957,0.18632978641037473,0.018711126429599143,0.18632621080986622,0.018307959700981195,0.018327332487191997
4000,1525,0.18154304445434727,0.01798803774585712,0.18154304445434727,0.017985789100589775,8.881784197001252e-16,0.008688565277794224,0.1822485883373441,0.017916328012277757,0.1822485883373441,0.01791408833128741,1.7763568394002505e-15,0.008613978876482168,0.18262619128926677,0.018018248657369725,0.18221307345690896,0.017929621184055423,0.18363507801072748,0.017529283534447646,0.017568072394682294
4000,1526,0.18147652915047469,0.018804909022979256,0.18147652915047469,0.018802558262419666,1.7763568394002505e-15,0.009848099151261749,0.18203921736704215,0.01866757451202238,0.18203921736704215,0.018665240919349714,8.881784197001252e-16,0.00942426497636348,0.18226377477536054,0.018799592396086574,0.18209008391384218,0.018688837988236322,0.18222617799484742,0.018917075116582232,0.018924580999204382
4000,1527,0.19739692848022217,0.017894714995231244,0.19739692848022217,0.0178924780160369,1.7763568394002505e-15,0.006666626239059391,0.19696340391213613,0.017778784276359164,0.19696340391213613,0.017776561789410505,1.7763568394002505e-15,0.0070235242472644534,0.19753760664293574,0.01790438064599643,0.19694382990874332,0.017793793071379543,0.19993184654236285,0.017873067678327772,0.017846907803832007
4000,1528,0.19687381631963374,0.01938122294184118,0.19687381631963374,0.019378800137538718,3.552713678800501e-15,0.01659248581839487,0.19794835324746657,0.01934500832677974,0.19794835324746657,0.01934259004958712,1.7763568394002505e-15,0.018611174084106365,0.198034777092907,0.019487950733493496,0.19804051459467292,0.019379290169846238,0.19413043868314328,0.02005555944150885,0.020051389892130962
4000,1529,0.2013119695529162,0.01760986930250813,0.2013119695529162,0.017607667931251014,1.7763568394002505e-15,0.007710971819977081,0.20119374906102516,0.01751024161170293,0.20119374906102516,0.0175080526946856,1.7763568394002505e-15,0.009602172391370884,0.20072083197930135,0.01760362749829016,0.20115232587853682,0.017518034119727945,0.2019738274727853,0.017946857600822107,0.01782542164043791
4000,1530,0.2022762631617676,0.018323694147377206,0.2022762631617676,0.01832140354243703,1.7763568394002505e-15,0.010862043110331098,0.20119500469241608,0.01823836044191372,0.20119500469241608,0.018236080504353477,1.7763568394002505e-15,0.010999266980920843,0.20114134802506356,0.01832792630467511,0.2011623150146013,0.01825626053079404,0.20249710137323895,0.01815023856039102,0.01814119318021014
4000,1531,0.20301349183665318,0.020101073635894938,0.20301349183665318,0.020098560844631182,7.105427357601002e-15,0.014804875507017092,0.20207370884272224,0.019610509118905713,0.20207370884272224,0.019608057652039594,1.7763568394002505e-15,0.015707588784279806,0.20385861014670237,0.02059616685493571,0.20210487188134552,0.01966587771896055,0.2011147371241987,0.01964191296006493,0.019695522951002187
4000,1532,0.18541480320185516,0.018256413284618127,0.18541480320185516,0.018254131090311487,8.881784197001252e-16,0.015624555461819997,0.18568333582342,0.01816572067943417,0.18568333582342,0.018163449822411804,8.881784197001252e-16,0.017556807945490943,0.18548285394769648,0.018296156926014807,0.18571069033571586,0.018179391270847126,0.1860661238737994,0.018532282939402626,0.018506515543529507
4000,1533,0.17329903467739327,0.01788663839581235,0.17329903467739327,0.017884402426256045,8.881784197001252e-16,0.015678202173529422,0.17361075891458988,0.017806837465897386,0.17361075891458988,0.017804611472080838,8.881784197001252e-16,0.016392765597462056,0.17342620571678913,0.017921372072463047,0.17355113046223958,0.017814618695770282,0.17487336874956788,0.017770236447661545,0.017720567483406613
4000,1534,0.18896499041706427,0.01806773256047996,0.18896499041706427,0.018065473952738092,8.881784197001252e-16,0.007892073268330167,0.18781345302605013,0.017880918332634194,0.18781345302605013,0.017878683078130477,8.881784197001252e-16,0.009100079814611264,0.18887735483608398,0.017946209328095795,0.18777182950396354,0.01788879915764874,0.18815355229737352,0.017998592468074823,0.017996852779410422
4000,1535,0.16699347251147895,0.01840459599362016,0.16699347251147895,0.018402295275317074,1.7763568394002505e-15,0.017289168396687347,0.1665037857910457,0.018253995385004912,0.1665037857910457,0.018251713492954617,1.7763568394002505e-15,0.016742744455895398,0.16553449134088583,0.018318752884544612,0.16648837182472698,0.01826609648071194,0.16662621760018986,0.01853839218549487,0.018535633456760518
4000,1536,0.17728567912363857,0.018571749820690906,0.17728567912363857,0.018569428206853384,1.7763568394002505e-15,0.012958018011442276,0.17522005544128832,0.018286684023256058,0.17522005544128832,0.018284398044870573,1.7763568394002505e-15,0.010349034339968286,0.17492912813048211,0.01844127952810903,0.17520187068068682,0.018304521345158104,0.1733591059709952,0.018148261987300105,0.01814271313894111
4000,1537,0.17112366259988432,0.019125956596706795,0.17112366259988432,0.019123565702691993,1.7763568394002505e-15,0.004692111403401479,0.16980508725216953,0.01880760074104044,0.16980508725216953,0.01880524964399506,1.7763568394002505e-15,0.004278456339321974,0.1680790963060117,0.019038922954825482,0.16984704365058,0.018826110741887225,0.1704249786196978,0.018003922508453885,0.01798300804853708
4000,1538,0.19962015411468653,0.018047795790029613,0.19962015411468653,0.018045539674539826,1.7763568394002505e-15,0.008513712952754635,0.19767350486859603,0.017788325595918936,0.19767350486859603,0.017786101916230777,8.881784197001252e-16,0.007903465806212763,0.19880853684333394,0.017950882651724932,0.19764553541831098,0.017797206047509756,0.19863468511515048,0.017615461231047923,0.01758653224538892
4000,1539,0.1909370819393953,0.018395011880365242,0.1909370819393953,0.018392712360151203,1.7763568394002505e-15,0.012219203554294377,0.19229757911371115,0.018346725777802213,0.19229757911371115,0.01834443229372828,1.7763568394002505e-15,0.011852466876349948,0.19216533911368722,0.018532916166183355,0.1922870999528335,0.018360149478410897,0.19261387325628765,0.018351625852080312,0.018307242521892864
4000,1540,0.17338221103030815,0.018339119076967194,0.17338221103030815,0.01833682654379029,1.7763568394002505e-15,0.008487943464513648,0.1752447551062271,0.018214943198588514,0.1752447551062271,0.018212666188366654,1.7763568394002505e-15,0.009535271925259704,0.17383580682699756,0.01831347550050978,0.17521959410636795,0.018229629562101193,0.17437534927730808,0.018119260284433652,0.01806001081291027
4000,1541,0.18803724214384598,0.018097138646805004,0.18803724214384598,0.018094876363072582,1.7763568394002505e-15,0.006581731221417006,0.18870671515241905,0.01803150822477577,0.18870671515241905,0.0180292541453589,8.881784197001252e-16,0.0073219552635048115,0.18860817795868795,0.018185617797946578,0.18871512172494426,0.018040713994131992,0.18948095644190804,0.017873261208305898,0.017858642668301845
4000,1542,0.2034056086056526,0.018773547077612883,0.2034056086056526,0.01877120023754151,1.7763568394002505e-15,0.0062837464977509964,0.20349711286458239,0.01854163924544952,0.20349711286458239,0.018539321395669172,1.7763568394002505e-15,0.006985793308296083,0.20276622226793828,0.018579444550160383,0.20368223978876004,0.018530353254302124,0.20209498688979705,0.019490494177542967,0.01893465384240198
4000,1543,0.18622409053427458,0.01792389032003772,0.18622409053427458,0.017921649693699818,1.7763568394002505e-15,0.019324296625016328,0.18662733283744204,0.017723302373977654,0.18662733283744204,0.0177210868227003,1.7763568394002505e-15,0.018525640253975777,0.1861607509702004,0.017798314734420426,0.1866477257847307,0.017736243040743557,0.18546491878284627,0.018097357040407647,0.018064481315559613
4000,1544,0.2043934780189784,0.018069099218492413,0.2043934780189784,0.018066840439907618,1.7763568394002505e-15,0.012117064570111686,0.2058886556509235,0.0179882040877328,0.2058886556509235,0.017985955421671418,1.7763568394002505e-15,0.014505510209665552,0.20614529820431327,0.018190032923690584,0.20595067732768185,0.01799818571593605,0.19876809075343665,0.021713774457717643,0.01954819678306434
4000,1545,0.1897675335643047,0.01860074183755064,0.1897675335643047,0.018598416599484482,8.881784197001252e-16,0.012511492888437182,0.18948723904587683,0.018491915925185162,0.18948723904587683,0.018489604291208363,1.7763568394002505e-15,0.011733248387135277,0.19007255017441516,0.018602908266718877,0.1894866200514077,0.018508101107855633,0.19121045401654796,0.018785735514732903,0.018774548668465105
4000,1546,0.178134954886425,0.018087774683735146,0.178134954886425,0.018085513570571275,8.881784197001252e-16,0.01161917766696892,0.17697141379235481,0.01793159145228763,0.17697141379235481,0.017929349863248022,8.881784197001252e-16,0.010825903938200968,0.17620076493194398,0.018036212492626116,0.17699571118521046,0.01794232365136588,0.17851280766596161,0.018655242640187517,0.018663375411193932
4000,1547,0.18373295055922517,0.02006821115593102,0.18373295055922517,0.02006570247273403,1.7763568394002505e-15,0.005856504702017321,0.18536438496998958,0.01992729252621704,0.18536438496998958,0.019924801458949825,3.552713678800501e-15,0.0066050492825948555,0.18562819703471023,0.02002943227013432,0.1854497979651934,0.019971456641825376,0.18380745593901038,0.019961937533584353,0.020096772829684053
4000,1548,0.2188537759045308,0.01773346255579856,0.2188537759045308,0.017731245734419088,8.881784197001252e-16,0.004639469720511104,0.2184559338983727,0.017608232277642046,0.2184559338983727,0.017606031111025825,1.3322676295501878e-15,0.004853725986287619,0.21819565961394755,0.017697320759545762,0.2184163234816613,0.017616463140808992,0.21999485355657017,0.017747827791159014,0.017674781279120703
4000,1549,0.19501735427929756,0.01834207641018128,0.19501735427929756,0.01833978350731462,1.7763568394002505e-15,0.00833384281798499,0.1947984386672298,0.01827022070915009,0.1947984386672298,0.0182679367888075,8.881784197001252e-16,0.008792543670487526,0.19576580348569966,0.018389274713204472,0.19479523647159414,0.01828057927961773,0.19482656932335307,0.018216343867053824,0.01822246095799048
4000,1550,0.17912103381104655,0.019125714810861904,0.17912103381104655,0.019123323947072217,8.881784197001252e-16,0.011865309974726892,0.17939555642753152,0.01900338106498237,0.17939555642753152,0.01900100549386677,3.552713678800501e-15,0.012282231611220835,0.17912931211202976,0.019076163101779085,0.1793982925625437,0.019031583910373278,0.1793531336068352,0.01768668984345889,0.017696855599427453
4000,1551,0.18641912268197663,0.018490519887277904,0.18641912268197663,0.01848820842781675,1.7763568394002505e-15,0.008329218281897725,0.18623118201289335,0.018356775115745527,0.18623118201289335,0.018354480375425822,1.7763568394002505e-15,0.007740997087677474,0.18660252852597542,0.018466580410252578,0.1861910502523042,0.01837371008058052,0.18598549277843884,0.01843094971376479,0.01843333976087857
4000,1552,0.17372030888999568,0.018239105547139856,0.17372030888999568,0.018236825516435635,8.881784197001252e-16,0.0029853155400286283,0.17378008139610213,0.01811622408431392,0.17378008139610213,0.018113959414752686,8.881784197001252e-16,0.003175650260115527,0.17388743371163395,0.01823079722954628,0.17373536853219168,0.018123515878532316,0.17363991230866233,0.0173994549388691,0.017469562533851492
4000,1553,0.17410975956009755,0.01838924322034648,0.17410975956009755,0.018386944421260012,8.881784197001252e-16,0.016485918147209136,0.17365000852690704,0.01813701264420066,0.17365000852690704,0.018134745375907008,8.881784197001252e-16,0.015220288941948682,0.17441883761500893,0.01825284880619918,0.1736476215007815,0.018156157240932936,0.17336092954317622,0.018039117430851268,0.017996897362075
4000,1554,0.15939027849381127,0.019695954779348837,0.15939027849381127,0.019693492631107534,3.552713678800501e-15,0.012564194006754013,0.16029121471299462,0.019514231765121397,0.16029121471299462,0.01951179233367676,1.7763568394002505e-15,0.012706866990271966,0.15953392235741254,0.019571975121781156,0.16030495884782842,0.01955072561848304,0.16078388760715834,0.019065354423312555,0.018975335071481064
4000,1555,0.1969602642612827,0.018199097825341567,0.1969602642612827,0.018196822795915172,1.7763568394002505e-15,0.011644585027614354,0.19577523058369273,0.0180972083234312,0.19577523058369273,0.018094946030988657,1.7763568394002505e-15,0.011469076785855558,0.19587747541878803,0.018209959664329797,0.19572484025783465,0.01810633654778444,0.19673077742597878,0.018113852181060267,0.018122874813149444
4000,1556,0.20893584277956162,0.01823949905437534,0.20893584277956162,0.018237218974479642,8.881784197001252e-16,0.006981284733065689,0.20913491383087746,0.018155588606655414,0.20913491383087746,0.018153319016221314,8.881784197001252e-16,0.006510817556977192,0.2083869684016848,0.018275974508956478,0.20902682779187737,0.01817221887016565,0.2088283537298607,0.01797734779660781,0.01799517135666688
4000,1557,0.20093674173403786,0.01841182575726815,0.20093674173403786,0.018409524135188118,8.881784197001252e-16,0.019580176893349448,0.19952897348384352,0.018333248766193504,0.19952897348384352,0.018330956966851317,1.7763568394002505e-15,0.020079712476748276,0.19957957540446947,0.018432977923967295,0.1995343802204418,0.018346846192741035,0.20047619645919112,0.018959372038346797,0.019028345526400155
4000,1558,0.16277710333748285,0.017744226292361387,0.16277710333748285,0.017742008125430746,8.881784197001252e-16,0.014893444831162755,0.16376997391374598,0.017745217662092402,0.16376997391374598,0.017742999371232797,8.881784197001252e-16,0.01581480245996739,0.1626401993581883,0.017846613916731265,0.16374580174726067,0.01775373753671801,0.1653407110321155,0.017891863991646852,0.018036158197496596
4000,1559,0.18674120271805644,0.01822817712910365,0.18674120271805644,0.018225898464537076,1.7763568394002505e-15,0.01756631981590618,0.18574827792700754,0.018122064348723856,0.18574827792700754,0.01811979894908394,8.881784197001252e-16,0.016784941184569257,0.18483495301742303,0.01821418792038015,0.18576348573685064,0.018133682975535814,0.18664136026306272,0.018783010614345383,0.018783242280229605
4000,1560,0.18878952640698066,0.018396530014998153,0.18878952640698066,0.018394230305005418,1.7763568394002505e-15,0.005665272089261403,0.18929510348969675,0.018271943882164646,0.18929510348969675,0.018269659746411968,8.881784197001252e-16,0.005431590869237227,0.1906579283920568,0.0184272617963797,0.18922745708912436,0.018287106002472475,0.1898639245172486,0.017492882192533178,0.017527680404597932
4000,1561,0.21368428128941397,0.018509873943611813,0.21368428128941397,0.018507560064742395,1.7763568394002505e-15,0.015970219685723177,0.2139288769039424,0.018341740944026196,0.2139288769039424,0.018339448083095428,1.7763568394002505e-15,0.01507432185096693,0.2147808860856789,0.018448432292697766,0.2139371691073635,0.018363134381009096,0.21380301053631412,0.018254784236161302,0.018265142646260217
4000,1562,0.18489940100646074,0.018709463621801488,0.18489940100646074,0.018707124792662802,8.881784197001252e-16,0.01097924790874138,0.18672452030040226,0.018614494926971863,0.18672452030040226,0.01861216796966207,1.7763568394002505e-15,0.01162484186670843,0.18583063471232958,0.018831410865646183,0.1867310580085048,0.018631762460517606,0.18691767337944426,0.018703309606057265,0.01871395946294283
4000,1563,0.15284487842917333,0.018428262015954867,0.15284487842917333,0.018425958339214076,1.7763568394002505e-15,0.01403098006184056,0.15234400244239665,0.018300232917164365,0.15234400244239665,0.018297945245061276,1.7763568394002505e-15,0.014521059449967578,0.15326248676714654,0.018392358970242283,0.1523454613207646,0.018313017759872582,0.1521457526472516,0.01807167201820358,0.018165193526688418
4000,1564,0.13107205305110875,0.017303326526124513,0.13107205305110875,0.017301163475109606,8.881784197001252e-16,0.010635206547906105,0.1307314625535534,0.017204091288041755,0.1307314625535534,0.017201940642206988,8.881784197001252e-16,0.010846149959318456,0.130084195843586,0.0172682195466131,0.13065615263899633,0.017210290249999677,0.13148493232824265,0.017102512111632946,0.017253287312785363
4000,1565,0.14783361697054137,0.01898943404261557,0.14783361697054137,0.01898706021498674,1.7763568394002505e-15,0.01486110244029114,0.1472984558807382,0.018890618034582526,0.1472984558807382,0.018888256559726795,8.881784197001252e-16,0.01355800084607837,0.148996777303192,0.01903018932193307,0.14733683050155227,0.018911024877054077,0.1487818082582677,0.018937087304789203,0.01891818683926358
4000,1566,0.21835909570098488,0.018379260169648737,0.21835909570098488,0.01837696261852161,1.7763568394002505e-15,0.012676601758648997,0.21893981404040797,0.01828033521507926,0.21893981404040797,0.018278050030344405,1.7763568394002505e-15,0.013063586921743784,0.2196487960243143,0.018411009959365537,0.21893175992971775,0.018291495251278142,0.21910939051916822,0.017984868560082367,0.017900866972973013
4000,1567,0.19452671233116464,0.018597966555369393,0.19452671233116464,0.018595641664235194,1.7763568394002505e-15,0.009625308504420086,0.19463486510778538,0.01851542583959735,0.19463486510778538,0.01851311126669755,1.7763568394002505e-15,0.010690134731995211,0.19525338063426695,0.018705631778437988,0.19464311827636577,0.018535025218591187,0.19449008744217622,0.018653950413187254,0.018656239195714786
4000,1568,0.18783514918224392,0.01878991129200416,0.18783514918224392,0.018787562406278126,1.7763568394002505e-15,0.011897908457532686,0.1868413856168744,0.018684697248647294,0.1868413856168744,0.018682361515498767,8.881784197001252e-16,0.010770405115221331,0.1876027808050077,0.01888985396302147,0.1868485834021848,0.018702887758004768,0.18699379114115477,0.01813637160853014,0.018138951832737154
4000,1569,0.1649630416851241,0.01792402358666648,0.1649630416851241,0.017921782943669206,8.881784197001252e-16,0.005981123887607997,0.16543593914373572,0.017846467722468912,0.16543593914373572,0.017844236774560644,8.881784197001252e-16,0.004761768380930164,0.16537438991041037,0.017934593073806786,0.16541883093513676,0.01784573262328,0.16587133196722303,0.01742381972767567,0.017500061174141594
4000,1570,0.19306262605696078,0.01883926467695207,0.19306262605696078,0.018836909621667293,1.7763568394002505e-15,0.016391953935009116,0.19284689387152398,0.018780926947481097,0.19284689387152398,0.018778579184868326,1.7763568394002505e-15,0.017074177056054626,0.1921907794995954,0.018897487737522468,0.1928791782909589,0.018804767131539474,0.1940248252243924,0.019219730922469827,0.019370663577344065
4000,1571,0.17934187546401475,0.018233529868578253,0.17934187546401475,0.01823125053487742,1.7763568394002505e-15,0.013994419320913443,0.17865792095441002,0.01811444244129395,0.17865792095441002,0.018112177994452017,8.881784197001252e-16,0.014010833184555668,0.17828265240378233,0.018227623381961138,0.17864172791731026,0.018124188282410313,0.17810112509413967,0.017778919791334804,0.01777873956813536
4000,1572,0.2045977101712368,0.01898489084739288,0.2045977101712368,0.018982517587698956,1.7763568394002505e-15,0.006737570433771051,0.20418725444618635,0.018945163131764097,0.20418725444618635,0.018942794838345038,1.7763568394002505e-15,0.005487276118477092,0.20464860826371978,0.019376727431347895,0.20419854287192507,0.018972844630792407,0.20539463020422233,0.01900697369175865,0.019174934537487483
4000,1573,0.16856430388529176,0.01823535744793596,0.16856430388529176,0.018233077885773427,1.7763568394002505e-15,0.009383405923430347,0.16812681430032556,0.018107060235690184,0.16812681430032556,0.01810479671168163,1.7763568394002505e-15,0.00905950070380502,0.1676777010394937,0.018177873264057016,0.16811934908014475,0.0181213661315808,0.16843237962074414,0.01794609191359651,0.01795537460763002
4000,1574,0.20199874468270257,0.01812369803439883,0.20199874468270257,0.01812143243053544,8.881784197001252e-16,0.010991482209512057,0.2019154925504832,0.01798819261720125,0.2019154925504832,0.017985943952573774,8.881784197001252e-16,0.011524084362677683,0.20109659887952136,0.018120235655380873,0.20186035325283874,0.017993373906192642,0.20436331239336047,0.0178928005461281,0.017845422281101725
4000,1575,0.18011112332577517,0.017896192116677267,0.18011112332577517,0.017893954952831203,8.881784197001252e-16,0.004996997444593848,0.1803002422700899,0.017751285607758356,0.1803002422700899,0.017749066558358128,8.881784197001252e-16,0.005429002384235499,0.1796752051659264,0.01788205621897192,0.18026086123703317,0.017758956307466576,0.1804204155659006,0.01760222736558878,0.017729966578085583
4000,1576,0.19343865826621226,0.0178412534485977,0.19343865826621226,0.01783902315251441,1.7763568394002505e-15,0.015339267805930559,0.19449305820587798,0.017786735066057782,0.19449305820587798,0.01778451158519828,8.881784197001252e-16,0.01596977975985456,0.1951216367959543,0.017853443786696555,0.19445295657764472,0.017792591132446803,0.19386505286661904,0.017999166005689488,0.01798880970385544
4000,1577,0.17246851398510327,0.01950707342105924,0.17246851398510327,0.019504634884463544,3.552713678800501e-15,0.008465567206238058,0.17286491164015988,0.019461664469272423,0.17286491164015988,0.0194592316091505,3.552713678800501e-15,0.007899195434432441,0.17135324544308222,0.01959925715386972,0.17294183292862259,0.019499701091153433,0.17256862958710484,0.018953385556379206,0.018797409577079652
4000,1578,0.17067761566489215,0.018511255678963712,0.17067761566489215,0.018508941627366573,1.7763568394002505e-15,0.0062514446354712235,0.17121393978272825,0.018430505771945892,0.17121393978272825,0.018428201814718076,8.881784197001252e-16,0.007184894578467539,0.17043017980463332,0.018548475691146336,0.1711935363107152,0.018441340434198934,0.17149435532843332,0.01812451509813886,0.018144794944781082
4000,1579,0.18393549846306273,0.01773583819218841,0.18393549846306273,0.017733621073835828,8.881784197001252e-16,0.014341050942352229,0.1839479014448661,0.017603324717769268,0.1839479014448661,0.017601124164636377,8.881784197001252e-16,0.012354077866072592,0.1842379754666375,0.017656004272865282,0.18387794008452724,0.017609360467497795,0.18656947285316178,0.017527408187443833,0.017522056812301737
4000,1580,0.18999913024622722,0.017970262708822266,0.18999913024622722,0.017968016285573433,8.881784197001252e-16,0.00902166603167959,0.19067160079836715,0.01785418542152572,0.19067160079836715,0.017851953508844765,1.7763568394002505e-15,0.010331360970435455,0.19066234472236904,0.017921411074641017,0.19064110494230324,0.017862979837845083,0.19066459220807747,0.018055302320118264,0.01809201321147776
4000,1581,0.20439007210404625,0.018179088815590543,0.20439007210404625,0.018176816287446704,1.7763568394002505e-15,0.017066069576950456,0.2054721614594307,0.0180381693145132,0.2054721614594307,0.01803591440240807,8.881784197001252e-16,0.016871623610521157,0.20497273406915067,0.01808494192732089,0.20549205005805982,0.018053760527430296,0.20553805463599656,0.01846208724726046,0.01847895801877794
4000,1582,0.17667273169209663,0.018899864756153774,0.17667273169209663,0.0188975021253856,1.7763568394002505e-15,0.007128908876568211,0.1762202893423313,0.018875802534721105,0.1762202893423313,0.01887344291191862,8.881784197001252e-16,0.006858250551952789,0.17588314183407217,0.018996711974589204,0.17622362819016135,0.01890425164538351,0.17629791902718528,0.019007025420122624,0.0190888246345139
4000,1583,0.18379665410725604,0.018442267757036408,0.18379665410725604,0.018439962329468547,1.7763568394002505e-15,0.0066214586886154695,0.1838356495020304,0.018317537906604925,0.1838356495020304,0.01831524807124294,1.7763568394002505e-15,0.007063452962908246,0.1855632107024603,0.01844245268330631,0.1838743652636824,0.01833226455111219,0.1826648400048964,0.017915737376075595,0.017957575860593888
4000,1584,0.21777193933876493,0.018420194597585156,0.21777193933876493,0.018417891929334695,3.552713678800501e-15,0.007930120572438347,0.2172398199076797,0.018351767929235308,0.2172398199076797,0.01834947381485304,1.7763568394002505e-15,0.00740840929901799,0.2172457572005992,0.018573530824629314,0.2172028507051475,0.01836884301999218,0.21686875904163572,0.017787416138271478,0.017736949835320207
4000,1585,0.16388782072566316,0.018357539583282196,0.16388782072566316,0.018355244747398077,1.7763568394002505e-15,0.005438960773068248,0.16715629444775132,0.018241012519825982,0.16715629444775132,0.018238732250735277,8.881784197001252e-16,0.006823193634159341,0.16711648056445738,0.018436111666465495,0.16716024097195958,0.018258409156753266,0.16760916445441731,0.018342746828817688,0.018324403747900245
4000,1586,0.19824329710386257,0.019052058559020254,0.19824329710386257,0.019049676902837563,3.552713678800501e-15,0.015670691905882696,0.19916816310335572,0.018860085454625013,0.19916816310335572,0.018857727796580348,3.552713678800501e-15,0.01498730148920248,0.19879904834447742,0.019035006296365613,0.19923720552963564,0.018884624543144612,0.1975913894917336,0.01866396655852114,0.018685118525886384
4000,1587,0.21889774335651496,0.01828611889740295,0.21889774335651496,0.01828383298966261,1.7763568394002505e-15,0.009438346795476492,0.21889058741927375,0.018211474578099077,0.21889058741927375,0.018209198001481883,8.881784197001252e-16,0.009877786946943117,0.21961105726914232,0.018424441345243806,0.21891428148626896,0.01822973145590924,0.21884828258699257,0.018976092730623225,0.018986627031281598
4000,1588,0.21871809223760763,0.019025896202517708,0.21871809223760763,0.019023517816834,3.552713678800501e-15,0.01606551327776121,0.22031807947721804,0.018996059954533382,0.22031807947721804,0.018993685298613793,1.7763568394002505e-15,0.01618589562915227,0.218846579448988,0.019025027861694868,0.22033553411409468,0.019031028464213395,0.22003311769556583,0.019052673634053024,0.019520012249595656
4000,1589,0.20628709561297265,0.01776341480899256,0.20628709561297265,0.017761194243347406,8.881784197001252e-16,0.005534981225835152,0.20605344130729086,0.017669230185732115,0.20605344130729086,0.01766702139390078,1.3322676295501878e-15,0.005885602586480554,0.205108757886227,0.017757133796286937,0.20602556657292803,0.01767480596610504,0.2062215948622012,0.017538389108985374,0.0174974081162613
4000,1590,0.16844025135240465,0.018458351389195153,0.16844025135240465,0.018456043951047604,8.881784197001252e-16,0.011666289536527062,0.16913373376216312,0.018281945500805242,0.16913373376216312,0.018279660114772087,8.881784197001252e-16,0.012918840627704075,0.16922330995142593,0.018362855156550582,0.16913226528371023,0.018300026431326107,0.16885226171331996,0.018673468594335562,0.018639726882602858
4000,1591,0.15346317732662523,0.018916940268742903,0.15346317732662523,0.01891457550340224,1.7763568394002505e-15,0.007078508916757865,0.15402095637171048,0.01873777499248084,0.15402095637171048,0.01873543262419961,1.7763568394002505e-15,0.007064220273499971,0.15256396304705339,0.018810947958722783,0.1540216706965365,0.01875293610885845,0.15377246708506548,0.01834360046738618,0.018300950757969503
4000,1592,0.185578808591623,0.018001376572506694,0.185578808591623,0.017999126259781794,1.7763568394002505e-15,0.013923998439006189,0.18441677439925935,0.017881006268229457,0.18441677439925935,0.0178787710027331,1.7763568394002505e-15,0.013002927142231162,0.18518142825828549,0.01796377704390271,0.1844170301099754,0.01789255972627065,0.18396225724144288,0.017986009228061737,0.017939372763971135
4000,1593,0.18970550581521506,0.018351600203968324,0.18970550581521506,0.018349306110553028,1.7763568394002505e-15,0.016423218008314786,0.19014139564702204,0.018275383311568884,0.19014139564702204,0.018273098745860653,8.881784197001252e-16,0.015619698278107184,0.18854843785516795,0.018381854397698877,0.19017400034842097,0.018288766031580694,0.19147816221191416,0.018412510338730165,0.018413065836051557
4000,1594,0.2065472208168952,0.018518876005216855,0.2065472208168952,0.018516561001019397,1.7763568394002505e-15,0.017686776350711635,0.20757810764242096,0.018467543093233573,0.20757810764242096,0.0184652345060512,8.881784197001252e-16,0.016988927410744977,0.20704298825760287,0.018654662952842634,0.20759597094212767,0.018483269721095645,0.2090585685083154,0.0188182697440903,0.018744307312329532
4000,1595,0.18467631363341935,0.01875516077644414,0.18467631363341935,0.01875281623480407,8.881784197001252e-16,0.010688438110445122,0.18528043875124717,0.018596512497752727,0.18528043875124717,0.018594187788387093,8.881784197001252e-16,0.010796690761523045,0.1856246557388942,0.01873167846183568,0.18528166448933697,0.018599811400232626,0.18611073252254956,0.018625045057975853,0.018603305951235345
4000,1596,0.20457877544288627,0.01846817245686724,0.20457877544288627,0.018465863791009497,1.7763568394002505e-15,0.01209506839822133,0.20489339758002445,0.0183257695956987,0.20489339758002445,0.018323478731311266,1.7763568394002505e-15,0.011680970110727133,0.20505465242951065,0.018518367722612627,0.20489403153860503,0.018341368989156715,0.20461611223273268,0.01825861415923215,0.018220254181275472
4000,1597,0.18884013171665642,0.017610017651854708,0.18884013171665642,0.017607816262052763,1.7763568394002505e-15,0.010863051192798177,0.18864965514913723,0.017508371538327204,0.18864965514913723,0.01750618285508366,1.7763568394002505e-15,0.012777287731548506,0.1886073186855982,0.01766282260211812,0.1886020204835086,0.01751983962533382,0.1879699500279905,0.017915818782729152,0.017928865598994814
4000,1598,0.16759867744418439,0.018049915659488398,0.16759867744418439,0.018047659278998367,8.881784197001252e-16,0.007365897226693711,0.16898937372940487,0.017943545518218373,0.16898937372940487,0.017941302434827125,1.7763568394002505e-15,0.006344818003774159,0.16959423528708245,0.018032858443164698,0.16893595203906592,0.017954401316050986,0.16949175615780154,0.017842525830419263,0.017875290722063914
4000,1599,0.20556987284025424,0.01921544621583263,0.20556987284025424,0.01921304413491621,1.7763568394002505e-15,0.006112137539375895,0.20619325575518604,0.018923352838069053,0.20619325575518604,0.018920987271107123,1.7763568394002505e-15,0.0070030814522564905,0.20817072152834865,0.019175306424950796,0.20623971066607377,0.018944387616283913,0.2070846448982302,0.0184679978307304,0.018468561987790764
4000,1600,0.18702906111763817,0.01830299217049674,0.18702906111763817,0.018300704153465422,1.7763568394002505e-15,0.008303268266808935,0.18642253615775445,0.018243848986907223,0.18642253615775445,0.01824156836323597,1.7763568394002505e-15,0.007850086195171399,0.18659221158336936,0.018363037309534057,0.18641758929275076,0.018253069772460318,0.1869687984536837,0.018016824349623945,0.018022507289317768
4000,1601,0.17940422445666665,0.01817100791110726,0.17940422445666665,0.018168736393139623,8.881784197001252e-16,0.011822390160241095,0.17832440571556235,0.018085556771099204,0.17832440571556235,0.018083295935191743,1.7763568394002505e-15,0.013017172946487585,0.17714633423104564,0.018183832225600872,0.17833146686756363,0.018089236416772105,0.17952524297062217,0.017930639680013422,0.01798621378469499
4000,1602,0.16433157196892545,0.017968471590247503,0.16433157196892545,0.01796622539090249,8.881784197001252e-16,0.00969875642740298,0.1638727132320401,0.01788114317462038,0.1638727132320401,0.017878907892009657,1.7763568394002505e-15,0.010242605693968933,0.16412063018608958,0.018005881784017904,0.16383755189139004,0.017888768446359983,0.16412337208662725,0.017829619305446034,0.01786698942767643
4000,1603,0.20407188828922934,0.01821505488202336,0.20407188828922934,0.018212777857840198,1.7763568394002505e-15,0.00926053114972631,0.20360622720870863,0.017973784128832535,0.20360622720870863,0.017971537265378684,8.881784197001252e-16,0.008431154633297775,0.2021924836291007,0.018087303486069066,0.20358060802023475,0.01798361372169115,0.20527139173719966,0.01795632039719086,0.01792477419798805
4000,1604,0.21124768822903905,0.017939084131505013,0.21124768822903905,0.01793684160582196,8.881784197001252e-16,0.007588482093990558,0.21039709673499146,0.017744535191277774,0.21039709673499146,0.017742316985732354,8.881784197001252e-16,0.0074128265753315315,0.2090502826448798,0.017885796197851585,0.2103253124617953,0.017755029564148782,0.21031389593023764,0.017680659283430756,0.01771839207155159
4000,1605,0.16462134731298778,0.01807577836487403,0.16462134731298778,0.018073518751343748,3.552713678800501e-15,0.005293165136291085,0.16693180266407426,0.0179410559868359,0.16693180266407426,0.01793881321465552,1.7763568394002505e-15,0.005798504280952852,0.16656252290461204,0.018216233871784532,0.16694762183105988,0.017957118820758185,0.1668255967672358,0.018827168164275217,0.018878042257444314
4000,1606,0.18623659570274886,0.018316222248973116,0.18623659570274886,0.01831393257807862,1.7763568394002505e-15,0.010096935058796478,0.1857523858397122,0.018189397602395466,0.1857523858397122,0.01818712378557273,1.7763568394002505e-15,0.010755065298200198,0.1854560363671085,0.01828767098849604,0.18580698507468568,0.01821209252566956,0.18890890556758994,0.019200548645638842,0.0192192764205149
4000,1607,0.20610298072400818,0.018386315454971987,0.20610298072400818,0.018384017021879067,8.881784197001252e-16,0.010665122883251159,0.20658123080297008,0.01832611793536949,0.20658123080297008,0.018323827027436873,1.7763568394002505e-15,0.011181368793859935,0.20638221318508032,0.01845782876720814,0.20653004811609565,0.018344813871691318,0.20515091880983194,0.017524003072260062,0.01752487129637088
4000,1608,0.2002766644142468,0.01838987625948022,0.2002766644142468,0.018387577381258915,1.7763568394002505e-15,0.009534217804298337,0.200234534592521,0.018268503369088765,0.200234534592521,0.0182662196634271,8.881784197001252e-16,0.011321816240030669,0.20078819051772046,0.018434522564231802,0.20020709900243988,0.018280721394023515,0.2016255881224332,0.01815989883375192,0.0181618667954464
4000,1609,0.17947504592603558,0.018573185349127184,0.17947504592603558,0.018570863555837393,1.7763568394002505e-15,0.006546251997090428,0.17894851385380378,0.018389870513378388,0.17894851385380378,0.01838757163587539,8.881784197001252e-16,0.006137008183157158,0.179704832937911,0.01855358730461595,0.17895635919609104,0.018408573177181607,0.17834983311112396,0.018525973248728875,0.018538455896807922
4000,1610,0.19299842197035472,0.01823325090169637,0.19299842197035472,0.01823097160286858,1.7763568394002505e-15,0.00971672065339421,0.19355616072697696,0.01814031012169304,0.19355616072697696,0.01813804244118894,8.881784197001252e-16,0.009811640405347795,0.19309760578444962,0.01824822610791055,0.19352498008455726,0.01815367995744009,0.194089375242325,0.017960540147663896,0.017967712191150967
4000,1611,0.18797996785643795,0.01915377718237796,0.18797996785643795,0.01915138281057257,3.552713678800501e-15,0.007201245953352318,0.18809461012715517,0.019005742462483235,0.18809461012715517,0.0190033665961745,3.552713678800501e-15,0.00707509637906614,0.18885317751896236,0.01902314710512041,0.188095327971449,0.019040967091504643,0.18655604585048757,0.018186915971870936,0.018171954601734226
4000,1612,0.18403735400573001,0.01834162076686275,0.18403735400573001,0.018339327920955065,3.552713678800501e-15,0.017910254810591674,0.18455997483102737,0.018324346970892042,0.18455997483102737,0.01832205628434382,8.881784197001252e-16,0.018265999182617357,0.18358935581667518,0.018362535578475742,0.18453304547799487,0.01834859549945942,0.18462113145313275,0.01842535357366552,0.01841062882470737
4000,1613,0.20736827122013668,0.018494603389860503,0.20736827122013668,0.01849229141992962,1.7763568394002505e-15,0.015161923896939558,0.20638144657310725,0.018339488314665933,0.20638144657310725,0.018337195735331435,8.881784197001252e-16,0.015241788078868411,0.20631326082885437,0.018389458727002424,0.20647426562152188,0.018345231118414834,0.2028993614459284,0.019270041392110464,0.01853196217296575
4000,1614,0.1696674045324496,0.017934888258283287,0.1696674045324496,0.01793264625711717,1.7763568394002505e-15,0.006812412836949094,0.16859671396892378,0.01779178669661801,0.16859671396892378,0.017789562584265225,1.3322676295501878e-15,0.00813454849111155,0.17042842655155865,0.01793772617555153,0.16857596968303723,0.017803010995904676,0.16791332242257623,0.01766699249735929,0.017719513115066005
4000,1615,0.18547985068090012,0.018175639988357393,0.18547985068090012,0.018173367891343908,8.881784197001252e-16,0.017545764065472504,0.18543786943024582,0.018069421907823402,0.18543786943024582,0.01806716308889992,1.7763568394002505e-15,0.018329818952059252,0.18487631296943274,0.018118610758550868,0.18543456682021908,0.018086595613999917,0.18498045532609086,0.017991367235488217,0.017979427127746767
4000,1616,0.20165403934187243,0.018156208653023524,0.20165403934187243,0.018153938985078784,1.7763568394002505e-15,0.008023518974502989,0.20265589313623306,0.018030535568701565,0.20265589313623306,0.018028281610874313,8.881784197001252e-16,0.0073588427891289445,0.20322557941807218,0.018127325156543275,0.20260043093701602,0.018038972237053953,0.20192786214076563,0.017999306182060457,0.017981949204773508
4000,1617,0.2075752740748491,0.01800393218987997,0.2075752740748491,0.01800168155768293,8.881784197001252e-16,0.016674599827316564,0.20702743223103537,0.017823408061658903,0.20702743223103537,0.017821179996388412,8.881784197001252e-16,0.015149223155351452,0.20721263051132738,0.0179419872827227,0.20695724408019495,0.01783123798332617,0.20878096547363112,0.017736613664192828,0.01769407516476862
4000,1618,0.1880999152377032,0.017912199117467217,0.1880999152377032,0.017909959952620985,8.881784197001252e-16,0.013190725790263555,0.1876005700006158,0.01780459144571558,0.1876005700006158,0.017802365732669103,8.881784197001252e-16,0.013465505512182906,0.18641264405043168,0.01797231755891083,0.18758320397006123,0.01781259985921215,0.18736867986083727,0.017851823075612797,0.01784365201998947
4000,1619,0.2198578655644352,0.017774840867198365,0.2198578655644352,0.01777261887320666,8.881784197001252e-16,0.006313977142041963,0.21963011747460193,0.01770149016360935,0.21963011747460193,0.017699277339028718,8.881784197001252e-16,0.007027012299331127,0.21932605819048956,0.017762328969306792,0.21963159947420252,0.01770658135545936,0.21881392151778484,0.018719436091460373,0.018604915581142873
4000,1620,0.16753376740573572,0.017961327973644907,0.16753376740573572,0.017959082667307783,1.7763568394002505e-15,0.010893710968277697,0.1674410968991798,0.017877308694910783,0.1674410968991798,0.017875073891639986,1.7763568394002505e-15,0.008783281355641739,0.16709872663453545,0.01798807713047495,0.16740361829207423,0.017886953038324098,0.16691919706052738,0.017917908728201017,0.017935506210826527
4000,1621,0.16508596374384898,0.01837465320544806,0.16508596374384898,0.018372356230227455,1.7763568394002505e-15,0.012344638919621072,0.16441835214052763,0.01824022309768896,0.16441835214052763,0.018237942927282192,1.7763568394002505e-15,0.010660979936155413,0.16386932653160508,0.01828795247228554,0.16442505379671718,0.018244742197275888,0.16462507349437405,0.018385489814377817,0.018439733850260293
4000,1622,0.1632249614624906,0.018617587444721903,0.1632249614624906,0.01861526010082323,8.881784197001252e-16,0.006178650907095073,0.16399293042806434,0.018539123116545143,0.16399293042806434,0.01853680558130057,1.7763568394002505e-15,0.0055443228965447,0.16513364967042815,0.018776299696119898,0.16402100544091297,0.01855744862172219,0.16518261074018165,0.018039791467184683,0.018112226451886097
4000,1623,0.1919713408443241,0.023376286260388974,0.1919713408443241,0.023373364041956356,7.105427357601002e-15,0.009182272121893369,0.19358191298099103,0.02447413640485235,0.19358191298099103,0.024471076946573647,1.7763568394002505e-15,0.010863749212915493,0.19548563232488353,0.026207310089671105,0.193759413661524,0.02464438018574425,0.19256233461766598,0.0226169282590597,0.02254957285473282
4000,1624,0.17179063207727918,0.01799550349266296,0.17179063207727918,0.01799325391411893,8.881784197001252e-16,0.005797353705590264,0.17378320622172244,0.017891070244646947,0.17378320622172244,0.017888833721074904,1.7763568394002505e-15,0.006136576546342982,0.17444787444348986,0.01796269128685602,0.17375940645003252,0.017900016088946997,0.17538983647464607,0.017600428301654286,0.017691827485022325
4000,1625,0.2205439657010671,0.018896852707062015,0.2205439657010671,0.018894490452823515,1.7763568394002505e-15,0.008475793922720607,0.22287136297916177,0.018662523998323206,0.22287136297916177,0.018660191037004222,8.881784197001252e-16,0.008622678666069796,0.2230772786331447,0.01874405336045371,0.22286430512493244,0.018675538849047924,0.225039033645675,0.01871522513407398,0.018516488424125243
4000,1626,0.22329316493618284,0.01996505355535007,0.22329316493618284,0.01996255776765917,7.105427357601002e-15,0.01718658877795925,0.22209105570637655,0.019594029053019102,0.22209105570637655,0.019591579646289988,8.881784197001252e-16,0.016030195999831038,0.22099409363118516,0.019670082163093856,0.2221401747157397,0.01965242891797653,0.22144091029527113,0.018692544370110985,0.01929997994102235
4000,1627,0.201444265556584,0.018431951537656498,0.201444265556584,0.018429647399696665,3.552713678800501e-15,0.004646803014593954,0.20130646225031157,0.01833384156577687,0.20130646225031157,0.018331549692330106,8.881784197001252e-16,0.00518916216721144,0.2025578229154229,0.018782288673808132,0.20128665243953214,0.018357297338378167,0.2002777598215948,0.01807938984277127,0.018125865243455854
4000,1628,0.20037998377446842,0.019685256974231683,0.20037998377446842,0.01968279616329961,1.7763568394002505e-15,0.008256334965933254,0.2009473557960781,0.019507004137531102,0.2009473557960781,0.019504565609596396,3.552713678800501e-15,0.008570323146510163,0.19977004224464567,0.019783208068393072,0.20094374189588476,0.019543721219678834,0.2020519911741937,0.0183874400413688,0.018516177186054167
4000,1629,0.19490932498522068,0.01810004913136082,0.19490932498522068,0.018097786483795092,1.7763568394002505e-15,0.00856917888640601,0.1960909481294813,0.018025288835092197,0.1960909481294813,0.018023035533147637,8.881784197001252e-16,0.00944074448088863,0.19638099966943162,0.01806077176936771,0.19606943338555122,0.01803698461671352,0.19323471256653169,0.017548983300812115,0.017547803665572372
4000,1630,0.15689108334965118,0.017775317711606405,0.15689108334965118,0.01777309565800542,8.881784197001252e-16,0.005966954264294645,0.15636313883736647,0.017668379887590922,0.15636313883736647,0.0176661712020535,1.7763568394002505e-15,0.006510892166932502,0.15708533084544046,0.017786244110516554,0.1563252402067397,0.017677008719445393,0.1558018987077916,0.017914417572524058,0.01798560850306473
4000,1631,0.17086082134307295,0.0181437596827106,0.17086082134307295,0.018141491570984415,1.7763568394002505e-15,0.012015815388479628,0.17105837683974262,0.01800980021527348,0.17105837683974262,0.018007548849527415,1.7763568394002505e-15,0.013418767587869366,0.172092089278917,0.01812291841850373,0.17102981155349567,0.018025519295048895,0.17018611774064957,0.018419557532155295,0.01840921666997475
4000,1632,0.19889525832770877,0.017786784744603653,0.19889525832770877,0.017784561257533953,8.881784197001252e-16,0.017243195315080673,0.19930339026258792,0.017754034513452432,0.19930339026258792,0.017751815120417513,1.7763568394002505e-15,0.016863852159609952,0.1996182134209894,0.017825453708676057,0.1992601502380158,0.01775980805637316,0.20055514568106886,0.018307257351845765,0.01829933050084581
4000,1633,0.21773041465871518,0.01887532180471338,0.21773041465871518,0.018872962242005905,1.7763568394002505e-15,0.005827861935629159,0.2176056559681232,0.018754648530503956,0.2176056559681232,0.01875230405289863,1.7763568394002505e-15,0.005738011327561497,0.21626931496926532,0.018937190468320035,0.21761533251776788,0.01877728418927418,0.21869698200454712,0.018157857998604136,0.01818638239735761
4000,1634,0.17672644511027386,0.017827882614416927,0.17672644511027386,0.01782565398979238,1.7763568394002505e-15,0.005529123629162647,0.17727802037227863,0.0177339950372019,0.17727802037227863,0.017731778149258092,1.7763568394002505e-15,0.005007573992619191,0.17739691014137032,0.017837857320402287,0.17722125057214716,0.017744434174343095,0.17709007873517785,0.017902401345807197,0.01790890457880525
4000,1635,0.2002014519722753,0.018300204441891857,0.2002014519722753,0.0182979167733484,8.881784197001252e-16,0.010762775161097016,0.19952341465865597,0.018139727571538537,0.19952341465865597,0.018137459963857756,1.7763568394002505e-15,0.010799589422441044,0.19987821713651016,0.018358086973365367,0.1995306765996307,0.01815287908693193,0.20018682332820975,0.018357472680882995,0.0183528205546571
4000,1636,0.15606508528755003,0.018485099334527175,0.15606508528755003,0.018482788552677466,1.7763568394002505e-15,0.010361092641402867,0.15621315910771255,0.01824830622634922,0.15621315910771255,0.01824602504548821,1.7763568394002505e-15,0.009529890380239225,0.15643341322783272,0.018356974831523216,0.1562253250503074,0.018263929572553933,0.154934417867296,0.01845648677975479,0.01848296789922317
4000,1637,0.21303681293645943,0.01882280479517191,0.21303681293645943,0.018820451797500967,1.7763568394002505e-15,0.015122270407272905,0.2131181509181294,0.01865174393323089,0.2131181509181294,0.018649412319504267,8.881784197001252e-16,0.0191932203509161,0.21289019672452025,0.01876283379634149,0.21316468049847814,0.018670295568568956,0.21293175905936085,0.019428236141356692,0.01965693937547014
4000,1638,0.16142385260778896,0.019645205760793545,0.16142385260778896,0.01964274995657609,8.881784197001252e-16,0.0028930659916065653,0.16049582502873516,0.019228904175772592,0.16049582502873516,0.019226500412506026,3.552713678800501e-15,0.0028575236792457714,0.1608580346169332,0.019337864369623245,0.16052354361268656,0.01926264138520541,0.1608566765794447,0.018856566055465773,0.018875782369492226
4000,1639,0.1744652507533329,0.01828693178224344,0.1744652507533329,0.018284645772886143,1.7763568394002505e-15,0.008015471852654641,0.1740910930102081,0.018162697320778926,0.1740910930102081,0.01816042684170002,8.881784197001252e-16,0.007824029649983041,0.17440024387355396,0.018321063960940354,0.1740841696376884,0.018177318303946987,0.1733112705900019,0.01788337799819901,0.01789384242398624
4000,1640,0.18960310767219285,0.017384892922799336,0.18960310767219285,0.01738271967534753,8.881784197001252e-16,0.015479094298328845,0.19225002965440885,0.01728568791613205,0.19225002965440885,0.017283527070081215,1.7763568394002505e-15,0.017468757980362192,0.19262477039171955,0.017396606146902565,0.19223510615974437,0.017288186011958924,0.19175046519486683,0.017537219800000586,0.017529245783893286
4000,1641,0.19800312587931013,0.017609303537098137,0.19800312587931013,0.017607102236566117,8.881784197001252e-16,0.012134181164325193,0.1985198181497539,0.017500476640706693,0.1985198181497539,0.017498288944387038,1.7763568394002505e-15,0.014458860328985681,0.1979864450297203,0.017586103444074422,0.19848383772488376,0.01751512209875712,0.1989547910268124,0.01783525833419407,0.017855529906244404
4000,1642,0.213565104664503,0.019119915340724294,0.213565104664503,0.019117525201913694,3.552713678800501e-15,0.010274860809631935,0.2152615242512227,0.019015406880015778,0.2152615242512227,0.019013029805579337,3.552713678800501e-15,0.009501672863734397,0.21609845034025876,0.019232491185652945,0.21527931944163442,0.019047110412154292,0.2152767716735926,0.018701694451213922,0.018967351646271256
4000,1643,0.18922022065678734,0.018257576798467814,0.18922022065678734,0.018255294458712858,8.881784197001252e-16,0.013018189062460517,0.1893043975870874,0.018189525436361462,0.1893043975870874,0.018187251603558482,8.881784197001252e-16,0.013550840710666583,0.1883628810027705,0.018216275689898368,0.18927956060320472,0.01820298096874348,0.1899499150414128,0.018672628030758105,0.018690450922096095
4000,1644,0.19021391973065044,0.018970122612821896,0.19021391973065044,0.01896775119927268,3.552713678800501e-15,0.0077290706585773075,0.1896973842085345,0.018777339846448672,0.1896973842085345,0.01877499253225156,3.552713678800501e-15,0.007825083341423171,0.19016341744369725,0.019000476569913764,0.18971535110357834,0.018809213344557985,0.18901854716533323,0.018839005692613646,0.01890154552344764
4000,1645,0.20427155187816004,0.018072496232458737,0.20427155187816004,0.018070237029220653,1.7763568394002505e-15,0.025027002588355652,0.20487453339428685,0.018019726752206554,0.20487453339428685,0.018017474145565815,1.7763568394002505e-15,0.02540731322801002,0.2054284626021743,0.018191775903050284,0.2048357363131456,0.01803207312575384,0.2041680662870739,0.018417336458161335,0.0184055516382225
4000,1646,0.15962424862789748,0.018321249862825625,0.15962424862789748,0.01831895956344011,1.7763568394002505e-15,0.006906087304686101,0.1592113646285035,0.01828380177189313,0.1592113646285035,0.018281516153811586,8.881784197001252e-16,0.007625549182661156,0.15849377710300316,0.018479477324000973,0.15926180207945656,0.0182887220300976,0.1603767308716682,0.017640521917048752,0.017737199985084457
4000,1647,0.15545861352681406,0.0183832477330389,0.15545861352681406,0.01838094968343519,1.7763568394002505e-15,0.012607541292641916,0.15563401806295246,0.01828431417740636,0.15563401806295246,0.018282028495270122,1.7763568394002505e-15,0.01233973369245924,0.1563129446757477,0.018669985599099024,0.15562578819247946,0.018300306282859537,0.15601078967763288,0.017881241985225012,0.01794038491701557
4000,1648,0.21605165146883187,0.017798340373840538,0.21605165146883187,0.01779611544222689,1.7763568394002505e-15,0.008693368485844117,0.21616370504835725,0.017630901444288007,0.21616370504835725,0.01762869744384883,8.881784197001252e-16,0.007921819759398136,0.21710151153600593,0.017702998737418412,0.21608688996961262,0.017640584157571387,0.21973183455777417,0.018054450823778708,0.01802543649841539
4000,1649,0.2181487258962596,0.018459878472908472,0.2181487258962596,0.018457570843863527,1.7763568394002505e-15,0.008363673898249553,0.2187034598648997,0.018402910491884198,0.2187034598648997,0.018400609984282,8.881784197001252e-16,0.008569572647713731,0.21960341792116572,0.01848994157325304,0.21866960921736422,0.018422388781744563,0.21862787599721017,0.017956575217095854,0.01798189027586891
4000,1650,0.20905353804409793,0.018277349884297356,0.20905353804409793,0.018275065072752172,3.552713678800501e-15,0.007043152115920874,0.2080558922165322,0.018127631427188987,0.2080558922165322,0.018125365331620763,8.881784197001252e-16,0.007495294098373234,0.20790692269664884,0.01824462985905808,0.20807699534383484,0.018142794099283356,0.2070824433148068,0.01914594420111024,0.01910469071592866
4000,1651,0.2309237570111926,0.017927729597112873,0.2309237570111926,0.017925488490835337,1.7763568394002505e-15,0.008521282736100463,0.23235514927418421,0.01787104147828767,0.23235514927418421,0.01786880745846792,8.881784197001252e-16,0.007043272967001161,0.23202738374087323,0.01794298390063778,0.23237908630721593,0.017892597029420244,0.22711031325083675,0.0186555916070597,0.01852094316910864
4000,1652,0.17817249377297711,0.017856297274501078,0.17817249377297711,0.017854065097822003,1.7763568394002505e-15,0.013391890419272766,0.17748423881733488,0.01778032757415514,0.17748423881733488,0.017778104894282196,8.881784197001252e-16,0.01388289381931345,0.17721401103507184,0.01784688568059969,0.17739492897612796,0.017787730688792695,0.1760996745758292,0.017468076790878265,0.017489814610691025
4000,1653,0.16936464049381905,0.01855762768449494,0.16936464049381905,0.01855530783603479,1.7763568394002505e-15,0.0077535750982405125,0.16902772426645196,0.01839008263114345,0.16902772426645196,0.018387783727124074,1.7763568394002505e-15,0.008801272020569519,0.16857130184254226,0.018462010135123462,0.1690382729117878,0.018396551140864394,0.16963968375345795,0.018586267831729154,0.018613121624079236
4000,1654,0.18827152465996583,0.01785191496824143,0.18827152465996583,0.01784968333938488,8.881784197001252e-16,0.012413991872386562,0.1888500738565751,0.017757889504161423,0.1888500738565751,0.01775566962922255,8.881784197001252e-16,0.01154510028236779,0.18869208613523597,0.01786326675503923,0.18881766125677113,0.017764088657736245,0.18643739325859665,0.018293228646287067,0.018305094198970414
4000,1655,0.15424786801907103,0.018540906908846484,0.15424786801907103,0.018538589150613936,1.7763568394002505e-15,0.004839702084514282,0.1561477587896586,0.01839377476763517,0.1561477587896586,0.018391475402069885,3.552713678800501e-15,0.005095796191277308,0.15680573802451164,0.0186011579588296,0.15618006320119782,0.018415456425369018,0.15690932769877974,0.018459141630111146,0.018395408487428027
4000,1656,0.20358808287991176,0.01914448616461626,0.20358808287991176,0.019142092954260687,1.7763568394002505e-15,0.012090901170905995,0.20243036023290367,0.018818744855359622,0.20243036023290367,0.018816392365212875,1.7763568394002505e-15,0.011351790314946219,0.20365261736952706,0.019149657562034364,0.20245696123976575,0.01884543028562922,0.202638291413884,0.018643355832201284,0.018778815843703917
4000,1657,0.21347861642912402,0.019063027933760093,0.21347861642912402,0.019060644906319847,8.881784197001252e-16,0.007828823458182536,0.2126589791018521,0.018960880912800845,0.2126589791018521,0.01895851065453634,1.7763568394002505e-15,0.007668205298851533,0.21218517841650475,0.019060631386121647,0.2126417608164493,0.01898327018518776,0.21015145658320433,0.018451625650196528,0.01833922063516668
4000,1658,0.2034453670849466,0.018653246234171653,0.2034453670849466,0.018650914432645677,3.552713678800501e-15,0.009432647357910684,0.2013941496371393,0.01851727378034788,0.2013941496371393,0.01851495897644105,3.552713678800501e-15,0.010503138191607338,0.2016782106003574,0.018717391282880292,0.20140987140770833,0.018547739674302777,0.20143590321757382,0.018452102047814813,0.018461840814376806
4000,1659,0.18726183462088147,0.01975248617784883,0.18726183462088147,0.019750016962741004,3.552713678800501e-15,0.0040434230111198585,0.18577966797949902,0.019296175270725795,0.18577966797949902,0.019293763098046736,8.881784197001252e-16,0.004023379317179601,0.18513001862345824,0.019385445332206718,0.18575183605890444,0.01933514986546304,0.18353161803937423,0.01778066463728007,0.01776767140304574
4000,1660,0.1615811433746287,0.01839796295772941,0.1615811433746287,0.01839566306860764,3.552713678800501e-15,0.010461102107536233,0.16067754858507222,0.01819337147762644,0.16067754858507222,0.018191097164038255,8.881784197001252e-16,0.009401303478973564,0.1593270412240142,0.018320903844234154,0.16067956122191868,0.01820504217725773,0.16151996801166224,0.01876408276181492,0.018737321888699764
4000,1661,0.15551527349967004,0.01793921087335846,0.15551527349967004,0.017936968331831685,1.3322676295501878e-15,0.012146109356230193,0.15657864136937422,0.01786191556140109,0.15657864136937422,0.017859682682392256,8.881784197001252e-16,0.011418143656922107,0.15717349491734073,0.01801460608670529,0.1565894040117759,0.01787832888013352,0.1589282023792833,0.01755823056404268,0.017581569943971607
4000,1662,0.2053949879924009,0.018925067982999314,0.2053949879924009,0.01892270220163086,1.7763568394002505e-15,0.004210861174681921,0.20452222392466407,0.01879413198443091,0.20452222392466407,0.018791782571085346,1.7763568394002505e-15,0.004984858760826876,0.20355591714651755,0.01902898729492426,0.20459232382253623,0.018812414526990454,0.20252063719817281,0.01903767086203745,0.01883348310822028
4000,1663,0.2096036419254299,0.01800973408404167,0.2096036419254299,0.018007482726562527,8.881784197001252e-16,0.021830962810862508,0.20928237238416214,0.017855215672657812,0.20928237238416214,0.01785298363118742,1.7763568394002505e-15,0.017399842528035864,0.20870590857082194,0.01794675654736114,0.20926506477510892,0.017866406853193455,0.20930549688449102,0.01840130849697433,0.018412165860582256
4000,1664,0.18158067861045302,0.018020977399477226,0.18158067861045302,0.018018724636495807,1.7763568394002505e-15,0.007521591565577229,0.18238513371268505,0.01795470297379585,0.18238513371268505,0.017952458495635475,1.7763568394002505e-15,0.006943052680677287,0.18197014903720227,0.018071606404326614,0.18231824196518925,0.017963950090843464,0.18014941384478544,0.01791444893839705,0.01792649035868522
4000,1665,0.15841519634825313,0.01759482138198941,0.15841519634825313,0.01759262189183993,8.881784197001252e-16,0.016998388007461084,0.15921465723695216,0.017507460243136576,0.15921465723695216,0.01750527167381205,8.881784197001252e-16,0.016671726532531468,0.15932319872801748,0.01756838070086024,0.15920145802255403,0.017514043056417235,0.1564374226941766,0.01730977044953939,0.017410010328942023
4000,1666,0.1937470890149427,0.017817707332439883,0.1937470890149427,0.017815479979805086,8.881784197001252e-16,0.011967214719149735,0.19514832342127691,0.017743324988263504,0.19514832342127691,0.01774110693400291,8.881784197001252e-16,0.011794012709894651,0.195496204240521,0.017859358112541544,0.19514554391394417,0.017747181587301323,0.19446441154045868,0.01823031754026496,0.018300887722016337
4000,1667,0.1976128848046373,0.018402202130923636,0.1976128848046373,0.018399901711872092,1.7763568394002505e-15,0.010307640632653636,0.19858243825681604,0.018305793388486587,0.19858243825681604,0.018303505021281138,1.7763568394002505e-15,0.01058697523917992,0.19804531903229078,0.01840041709705932,0.19854060549803015,0.01831576058309121,0.19834661093125955,0.01813528317442396,0.018153783036883798
4000,1668,0.18046129882082657,0.018371226111390214,0.18046129882082657,0.018368929564583143,8.881784197001252e-16,0.008023584533289151,0.1810498230165023,0.018301090909098438,0.1810498230165023,0.018298803129739652,1.7763568394002505e-15,0.009217730078806866,0.18069448249005454,0.01841182124854994,0.1810184113913777,0.018319123061927733,0.1801600718311216,0.018058257683398735,0.018052031663837596
4000,1669,0.1606845797250478,0.01783199130092352,0.1606845797250478,0.01782976216268106,8.881784197001252e-16,0.007591442875400771,0.1616405183672941,0.017695698082742635,0.1616405183672941,0.017693485982217365,1.7763568394002505e-15,0.008005906494750397,0.16240400193709137,0.017810305709025195,0.1615939690048599,0.017702063623313585,0.16140088201158653,0.017251277217850972,0.017317667701806292
4000,1670,0.16983835836288863,0.017904473440430096,0.16983835836288863,0.01790223524135386,8.881784197001252e-16,0.012216913315005866,0.16992325532171865,0.017807292852138567,0.16992325532171865,0.01780506680139518,8.881784197001252e-16,0.012214272611856048,0.16961899292970772,0.017889820827104455,0.16987188175193657,0.01781887576386493,0.16984206059618773,0.01820451667589368,0.018208008505333252
4000,1671,0.18014628006387368,0.017903035466938392,0.18014628006387368,0.017900797447620076,8.881784197001252e-16,0.008629244311297652,0.18110163185584283,0.01778436841685013,0.18110163185584283,0.017782145231840272,8.881784197001252e-16,0.008598242386256491,0.1804867108543156,0.017842394097304985,0.18108465861216527,0.0177863713024276,0.17987013623281384,0.017917255818363977,0.017931879682914945
4000,1672,0.16667608296015984,0.01829799211967898,0.16667608296015984,0.018295704727693086,1.7763568394002505e-15,0.013183494002720083,0.16627124406950256,0.01820917955773113,0.16627124406950256,0.018206903268009417,8.881784197001252e-16,0.011945780726485536,0.16696990960650904,0.01832217502744873,0.16626005166421343,0.01822204107057165,0.16609657443997622,0.018299852605547152,0.018310606697155583
4000,1673,0.17596786724368568,0.018233193904951928,0.17596786724368568,0.018230914613249175,3.552713678800501e-15,0.010007816588512231,0.17584759571337905,0.018020190823867084,0.17584759571337905,0.01801793815921376,8.881784197001252e-16,0.010387068372994414,0.1746604638727292,0.018174927603547195,0.17579847599045267,0.01803350689778517,0.17499871917316978,0.017924519955759336,0.017909690109989242
4000,1674,0.18407659567163476,0.017678610464451433,0.18407659567163476,0.017676400500011964,8.881784197001252e-16,0.013514999819471468,0.18474821290619398,0.017557154918226528,0.18474821290619398,0.017554960136679326,8.881784197001252e-16,0.014312938877767061,0.18588301400344442,0.01764339372443912,0.1847045263237761,0.01756485366829285,0.18435606116133624,0.017787429319687048,0.017825013867533424
4000,1675,0.19976883460963324,0.01851560951723968,0.19976883460963324,0.01851329492137874,3.552713678800501e-15,0.008913399845736707,0.1999072009313676,0.018386145381437805,0.1999072009313676,0.018383846969605405,1.7763568394002505e-15,0.009676838151849308,0.19995984741718148,0.018543497353869683,0.19993051497451825,0.018405965385063856,0.2006448408777322,0.018887056876963376,0.01887283796847665
4000,1676,0.14056234577892435,0.018351748576615076,0.14056234577892435,0.018349454464652044,1.7763568394002505e-15,0.013442498812315658,0.13960691293795602,0.0182191635921388,0.13960691293795602,0.01821688605433477,8.881784197001252e-16,0.014061896765327531,0.13908671736820916,0.018271179570473722,0.1396022550346953,0.01822806800328968,0.13866909956188134,0.018234149289796896,0.01825701462326207
4000,1677,0.1945481323135203,0.018569556562148166,0.1945481323135203,0.018567235222485098,1.7763568394002505e-15,0.008534168053487627,0.19370298347093018,0.018366598385885197,0.19370298347093018,0.018364302417579973,1.7763568394002505e-15,0.00968358465656179,0.19370808011261625,0.018443393951320955,0.1936773753496966,0.018384269067332638,0.19388972837756685,0.018065321865997633,0.018063370898107164
4000,1678,0.18639746206987434,0.01915358355959878,0.18639746206987434,0.01915118921199775,1.7763568394002505e-15,0.016720666240722822,0.18555139914468677,0.01904224259113996,0.18555139914468677,0.01903986216202995,8.881784197001252e-16,0.019936064400059687,0.18520777253909354,0.019205348194315124,0.18559529599964653,0.019075135080679984,0.18289275524438187,0.019048396235818887,0.01907286697543008
4000,1679,0.1933095585958834,0.018429025013877904,0.1933095585958834,0.01842672124175641,1.7763568394002505e-15,0.01021002509203092,0.1934912349770765,0.01837947265279474,0.1934912349770765,0.018377175075105556,1.7763568394002505e-15,0.011129941419548803,0.1947046092107494,0.018505490504213608,0.19349596515749523,0.018383233428127047,0.19368400455713797,0.018316096578725787,0.018268005034570104
4000,1680,0.16073997391705075,0.018362061728257797,0.16073997391705075,0.01835976632707022,1.7763568394002505e-15,0.017455414261405795,0.15902323737995133,0.018264306745726596,0.15902323737995133,0.018262023564675645,1.7763568394002505e-15,0.018113005954576235,0.15943931014995877,0.018388874105485103,0.15901970949845212,0.018269735321077625,0.15914894253566148,0.01879247598592109,0.018747150726176078
4000,1681,0.20137790754982626,0.018135268729143495,0.20137790754982626,0.01813300167885285,8.881784197001252e-16,0.006249994253750903,0.19975313776682846,0.017954555052168985,0.19975313776682846,0.01795231059249997,3.552713678800501e-15,0.005502398254126207,0.20049610683826496,0.018057886437862162,0.1997234263276591,0.017972934696223943,0.20114865126402304,0.018245569087280724,0.01827248677362588
4000,1682,0.1814156670551233,0.01813170590651605,0.1814156670551233,0.018129439301606078,1.7763568394002505e-15,0.010482909776855703,0.18115344435819947,0.018031306511387978,0.18115344435819947,0.018029052457186858,1.7763568394002505e-15,0.010921038069704684,0.18139766788435424,0.018155897010138144,0.18113641080623083,0.018041062356087424,0.18201551996886733,0.01864336445801688,0.018587686387356906
4000,1683,0.1762273994238992,0.018086692066987514,0.1762273994238992,0.018084431089159195,1.7763568394002505e-15,0.007234487770789371,0.17740975024860234,0.018029301741573977,0.17740975024860234,0.018027047937984753,1.7763568394002505e-15,0.007450916639803258,0.1783956785088185,0.018310378974130143,0.17742931703638554,0.01805002907755747,0.177122459209004,0.018376847937132526,0.018379070298676966
4000,1684,0.1760767488649192,0.01877702903155235,0.1760767488649192,0.018774681756209527,1.7763568394002505e-15,0.006354327423349686,0.17496957043631223,0.018727465113943787,0.17496957043631223,0.01872512403447793,1.7763568394002505e-15,0.006607029116524173,0.17443955166293806,0.01876609510661595,0.17494964013112718,0.018749188274091073,0.1725859535195608,0.018006259779691374,0.01800404072781041
4000,1685,0.14945748550225763,0.01774748489903451,0.14945748550225763,0.01774526632475257,1.7763568394002505e-15,0.015237994110048036,0.150008459818962,0.017678781754285052,0.150008459818962,0.017676571768433017,1.7763568394002505e-15,0.015329892569053207,0.15021940135519796,0.017764452845705422,0.14993527734799628,0.017687056112810337,0.14964601893201096,0.017944505669112387,0.01803478456369612
4000,1686,0.17345525810492296,0.0180908797086394,0.17345525810492296,0.018088618207323152,1.7763568394002505e-15,0.014399554642702874,0.17442119727958783,0.01803268588474786,0.17442119727958783,0.0180304316581143,1.7763568394002505e-15,0.014927170487239029,0.17437854707480172,0.018134361899725886,0.17440506676750567,0.018044333299635198,0.17437293145027893,0.0184069788529167,0.018408082119249904
4000,1687,0.19398542287106568,0.018224038999080167,0.19398542287106568,0.01822176085181218,1.7763568394002505e-15,0.01039790592969591,0.1949587572973398,0.018171962799932752,0.1949587572973398,0.01816969116259655,1.7763568394002505e-15,0.009352721489067775,0.19524533630762725,0.018286338259388444,0.19493031059348115,0.018182405861087384,0.19430410547354954,0.018046793836247133,0.01803477327971862
4000,1688,0.17889493499475245,0.018184823179901343,0.17889493499475245,0.018182549934917164,3.552713678800501e-15,0.005186927781569733,0.17890665705930514,0.018044968004868996,0.17890665705930514,0.018042712242874452,1.7763568394002505e-15,0.005419782343807596,0.17828491686684517,0.01808352881203201,0.1788755308363485,0.01805871903983763,0.1791153346418436,0.018526831795211505,0.018519595166863724
4000,1689,0.1874490943313526,0.01768056707040496,0.1874490943313526,0.01767835686137446,1.7763568394002505e-15,0.012969320218550998,0.18731507736192193,0.01758816073443985,0.18731507736192193,0.01758596207692336,8.881784197001252e-16,0.011490753429700877,0.18589038584228246,0.017745865319817433,0.18727442483396078,0.017598676688460286,0.18795532063198117,0.01803026495205,0.018031323634819723
4000,1690,0.1720279227268216,0.01828145618910041,0.1720279227268216,0.018279170864235042,1.7763568394002505e-15,0.011553172297408197,0.17437079312191833,0.01818125455061628,0.17437079312191833,0.018178981751738644,8.881784197001252e-16,0.012149862954812978,0.17577197078799672,0.0183714193021253,0.17432536041730656,0.01819196771099802,0.17514844099665194,0.01787710101448283,0.017879055860660742
4000,1691,0.2090928446731612,0.017598923348693122,0.2090928446731612,0.017596723345765758,1.7763568394002505e-15,0.012708253981427897,0.20864484778242692,0.01751911152621067,0.20864484778242692,0.017516921500384725,8.881784197001252e-16,0.01342337640656949,0.20959791102716074,0.01760359741450121,0.20861573050703258,0.017524115846551894,0.2069046236497989,0.0177655206258098,0.01779910679608234
4000,1692,0.19707195991191923,0.01811299674759866,0.19707195991191923,0.018110732481479732,8.881784197001252e-16,0.013057925002011807,0.19611336286074738,0.01799132632682096,0.19611336286074738,0.017989077270455303,1.7763568394002505e-15,0.010963579513050022,0.19647304919795183,0.018149392253733684,0.1961116220755001,0.018003827867751183,0.19673902684447303,0.017947559068428577,0.017955547063244814
4000,1693,0.2128572611184001,0.018127128026636713,0.2128572611184001,0.018124861993997494,3.552713678800501e-15,0.013803567931729249,0.21179570898405664,0.017866168011112307,0.21179570898405664,0.017863934600514032,8.881784197001252e-16,0.017393306864927138,0.21153474109856513,0.018002821474538945,0.21178280724457582,0.01787850053513345,0.2103589395088462,0.018672934383746554,0.018675613669765966
4000,1694,0.18969288999601436,0.01821871109537944,0.18969288999601436,0.018216433614141044,1.7763568394002505e-15,0.009919827352812667,0.18929064530881407,0.01820181477363266,0.18929064530881407,0.018199539404566503,1.7763568394002505e-15,0.010370614553639213,0.19031772401096198,0.018325184089798875,0.1892884560554151,0.018215893067964693,0.18877550080650618,0.018334229854142542,0.01831705189130472
4000,1695,0.1823642343019119,0.018386517627536205,0.1823642343019119,0.018384219169170136,1.7763568394002505e-15,0.01969770301323098,0.18166612478058985,0.018263186868012336,0.18166612478058985,0.01826090382695485,1.7763568394002505e-15,0.020113957334833468,0.1810595580071016,0.018319735909486667,0.18172245160333028,0.018282065096231363,0.18304161767656707,0.01886816748357567,0.01885775567908103
4000,1696,0.13521668438863826,0.017665363807034526,0.13521668438863826,0.017663155498530737,1.7763568394002505e-15,0.008405916190081117,0.13584758196449792,0.017602321415438167,0.13584758196449792,0.01760012098772591,8.881784197001252e-16,0.007213533235042807,0.1362349646126984,0.017719127807262546,0.13581198639848896,0.017606896182167025,0.13663866341022524,0.017561120646808256,0.017820804952095537
4000,1697,0.19927242151118973,0.01906804463000664,0.19927242151118973,0.019065660975440164,8.881784197001252e-16,0.02293990463465786,0.1989054210823764,0.018903242774352763,0.1989054210823764,0.018900879721305924,8.881784197001252e-16,0.022609226586157043,0.19877241510843685,0.01899654721767285,0.1989014360704462,0.01892795650742629,0.19796959374294454,0.019100902404124792,0.019610393227395766
4000,1698,0.17186562480859818,0.018147587031798626,0.17186562480859818,0.0181453184416239,1.7763568394002505e-15,0.00746076611881802,0.17110975402562562,0.018043460586379952,0.17110975402562562,0.018041205012824496,1.7763568394002505e-15,0.007799309208064805,0.1712446487412681,0.018217557217450813,0.17113156272652147,0.018047782389385637,0.17086699697547014,0.018437975490630754,0.018508240370564182
4000,1699,0.17728498150543587,0.017826909983420597,0.17728498150543587,0.017824681480382524,1.7763568394002505e-15,0.017511646873375683,0.1789143550051533,0.017756662003191055,0.1789143550051533,0.01775444228169939,8.881784197001252e-16,0.017624672407084364,0.17880357283552517,0.017895515489599913,0.17888200376324676,0.017764138503034814,0.1792004425396757,0.018154741254618825,0.018168433950590236
4000,1700,0.17231160388066602,0.019832684472039036,0.17231160388066602,0.019830205231517812,1.7763568394002505e-15,0.005568993564517269,0.17119634666337996,0.01957216119284522,0.17119634666337996,0.01956971451976949,1.7763568394002505e-15,0.005087996532447079,0.17155638730035006,0.01982892912925687,0.17125667205891154,0.019606194720836967,0.1695553674789938,0.01941669208211031,0.019418554949128277
4000,1701,0.17224666180217496,0.01849599283921735,0.17224666180217496,0.01849368069559444,1.7763568394002505e-15,0.005846099624161557,0.1728395728571066,0.018385169890686493,0.1728395728571066,0.018382871600798063,8.881784197001252e-16,0.006932464471934235,0.17274352934117293,0.018528054274699366,0.17286084859699458,0.01839760547790247,0.17382428450668286,0.01921260467800707,0.01920541281555295
4000,1702,0.15005590885156722,0.017973480076456546,0.15005590885156722,0.01797123325101162,1.7763568394002505e-15,0.008905185188595432,0.1510144853242502,0.01785019313121396,0.1510144853242502,0.017847961717600492,1.7763568394002505e-15,0.00984777703993388,0.1502421680627289,0.017957451340837805,0.15098827521070363,0.017860138346919085,0.15010245027981906,0.0180319734816085,0.018160139117503606
4000,1703,0.18929758988180495,0.019041769974982775,0.18929758988180495,0.01903938960495348,1.7763568394002505e-15,0.010617984354660348,0.18919230861081965,0.01894593001551976,0.18919230861081965,0.01894356162623424,1.7763568394002505e-15,0.0094313153796298,0.19205113623495412,0.019244510412077254,0.18922741101207147,0.018963649820249985,0.19046607714731018,0.017799587430307955,0.017867126624976738
4000,1704,0.18424657979506925,0.018780548963009912,0.18424657979506925,0.018778201247648153,1.7763568394002505e-15,0.012098511040619323,0.18561728124597748,0.018669672551405028,0.18561728124597748,0.018667338696461058,1.7763568394002505e-15,0.0131779874387783,0.18660331439170275,0.018810415415710616,0.18569380545658853,0.018687788769427418,0.18780897158597215,0.019535744481370663,0.019620645139426653
4000,1705,0.16998268828734742,0.018263757949544403,0.16998268828734742,0.018261474837097266,8.881784197001252e-16,0.008891833794975983,0.1693703129575131,0.01809585474179184,0.1693703129575131,0.018093592618557575,1.7763568394002505e-15,0.008786791566339467,0.16971774544638496,0.01824686250561766,0.1694353439211883,0.018097648963374447,0.17113771248614884,0.017726829908253673,0.01790033257430288
4000,1706,0.19223690971579538,0.018324166262958946,0.19223690971579538,0.01832187559900063,1.7763568394002505e-15,0.011452291292882527,0.19209812570805007,0.018153501956819383,0.19209812570805007,0.018151232627232818,1.7763568394002505e-15,0.01316242228167346,0.1928650532149918,0.01825517052209841,0.1921097675780229,0.01816719962938582,0.19102367753323168,0.018213650026575257,0.01822752441053998
4000,1707,0.17674169371296428,0.01847249772896456,0.17674169371296428,0.018470188522414006,1.7763568394002505e-15,0.007410146481927121,0.17628854384455372,0.018401648787195527,0.17628854384455372,0.018399348437316273,1.7763568394002505e-15,0.007863935495442002,0.1770758719573124,0.018576937676663085,0.17630408103737544,0.018424722171621107,0.17616277605195563,0.018427437680302364,0.01846090930673552
4000,1708,0.18211263765820235,0.01866301747669912,0.18211263765820235,0.01866068445369148,3.552713678800501e-15,0.005682874469048583,0.1805172511617794,0.018414385368174274,0.1805172511617794,0.018412083426122883,1.7763568394002505e-15,0.006153169801084725,0.18005122404405244,0.018604399024984578,0.18050879722122642,0.01843230109906443,0.17903743957883844,0.018226124480228374,0.018237062144435257
4000,1709,0.1730833720482189,0.017909572609478005,0.1730833720482189,0.01790733377296579,1.7763568394002505e-15,0.009889942850602922,0.1737509201804368,0.01778962728480701,0.1737509201804368,0.017787403442397574,1.7763568394002505e-15,0.01076906470307869,0.17423792083548917,0.017922206989357387,0.1737768994322818,0.017798588264903263,0.1728400888284834,0.01831037265777553,0.018401457022174984
4000,1710,0.23425404151997453,0.017631483548613557,0.23425404151997453,0.017629279475406795,8.881784197001252e-16,0.008241191177035458,0.23501813970168917,0.017532499875719986,0.23501813970168917,0.01753030817624574,8.881784197001252e-16,0.008439252756095488,0.23563514085568693,0.017606647263325444,0.23491277033677338,0.017539638844325394,0.2349302095534176,0.017678668037591327,0.017682038462459592
4000,1711,0.1705275800657266,0.018206859267985574,0.1705275800657266,0.0182045832683182,8.881784197001252e-16,0.021374424319692758,0.17166417890056135,0.018068129668680023,0.17166417890056135,0.018065871011296527,1.7763568394002505e-15,0.020009536476246214,0.1704246560407398,0.018151926148272175,0.17166245250013007,0.018077157677079302,0.17210279855052396,0.01861161906778755,0.01861119981062437
4000,1712,0.16255577567197627,0.017871515571973383,0.16255577567197627,0.017869281492888217,1.7763568394002505e-15,0.007685682169333765,0.1629805682953483,0.017769954593008164,0.1629805682953483,0.01776773320983891,1.7763568394002505e-15,0.008253483640624242,0.16352219957341158,0.01785600083869806,0.16294033540948044,0.01778456487925151,0.162712060875228,0.01827790483819949,0.018291755713010872
4000,1713,0.19637779066277777,0.01906286463606548,0.19637779066277777,0.01906048162903872,8.881784197001252e-16,0.009374878332381292,0.19754251465907147,0.018983242954812192,0.19754251465907147,0.018980869901117716,3.552713678800501e-15,0.009563169406498396,0.19725696338660448,0.019159821039533457,0.19755630728809453,0.01900655053628868,0.19806827396880106,0.018623137099506675,0.01862279379895745
4000,1714,0.19335291681541572,0.01813857460876058,0.19335291681541572,0.018136307145209155,1.7763568394002505e-15,0.007487700045991314,0.1959815955132193,0.017989866420302734,0.1959815955132193,0.017987617546436793,1.7763568394002505e-15,0.00675306749322846,0.1968370185374964,0.01811192349863849,0.19591265275430825,0.018003087938851654,0.19698436226525445,0.01811999021309099,0.018064162221184323
4000,1715,0.2479868676070292,0.019944690232194917,0.2479868676070292,0.01994219699007852,1.7763568394002505e-15,0.014781512798689394,0.2478015825487792,0.019886616778285706,0.2478015825487792,0.019884130795804804,3.552713678800501e-15,0.013966356726002013,0.24820309518728528,0.02007383775069042,0.24791082635334555,0.019946988554265677,0.24732161504949784,0.019888524543619276,0.020912508669115246
4000,1716,0.19164808446717962,0.01815621017254319,0.19164808446717962,0.0181539405044085,8.881784197001252e-16,0.010018322813050403,0.1924583330041269,0.018061417529816427,0.1924583330041269,0.018059159711502733,1.7763568394002505e-15,0.010223229628130175,0.19176037189697764,0.018148999620589194,0.19240988939539444,0.018076521721972893,0.19190200872594892,0.01783802245595843,0.017847165860034833
4000,1717,0.20692075055537112,0.017834192332697747,0.20692075055537112,0.01783196291930911,8.881784197001252e-16,0.020588133942261305,0.2076364182205127,0.017752790523658794,0.2076364182205127,0.017750571286132322,1.7763568394002505e-15,0.01990182451582337,0.20818623812861314,0.017923375701502604,0.20763049757554258,0.017762948685402083,0.207187136505181,0.018157486706788312,0.018158072040380422
4000,1718,0.18319032799408252,0.017772559377593408,0.18319032799408252,0.01777033766880573,8.881784197001252e-16,0.0051799816034181585,0.18215450304629327,0.01766620068307835,0.18215450304629327,0.017663992269958517,1.7763568394002505e-15,0.005951193399461531,0.1808250171286393,0.017818459674088228,0.1820842881330374,0.017676291788713206,0.1824698849967944,0.017856159513867622,0.017873541909882936
4000,1719,0.17266439511468246,0.017961649113829165,0.17266439511468246,0.017959403767347008,8.881784197001252e-16,0.011657940189101112,0.1732745614171422,0.017885736581266562,0.1732745614171422,0.01788350072444412,8.881784197001252e-16,0.01100732031147047,0.17309659368680647,0.01795835402514286,0.17322200746625321,0.017894946610430146,0.17299277766005589,0.017932748765865203,0.017941651868914457
4000,1720,0.18143475292893863,0.018563608220723275,0.18143475292893863,0.018561287624649363,8.881784197001252e-16,0.010004987740375981,0.18131073908748102,0.0185404008809307,0.18131073908748102,0.01853808318595559,3.552713678800501e-15,0.009673240794630807,0.18165283614365813,0.018602868385464696,0.18137941918471767,0.018566264836832966,0.1801698197931616,0.01876686353053733,0.01876521026794042
4000,1721,0.19977724934559388,0.018485594499345157,0.19977724934559388,0.018483283655595976,1.7763568394002505e-15,0.008650629304661022,0.19909031489478912,0.018398164295416086,0.19909031489478912,0.01839586438112553,8.881784197001252e-16,0.009894795883911093,0.19916308864290233,0.018494569961130438,0.1990874574694408,0.01841487050991479,0.19902790912799856,0.01853254527279415,0.018536412956313548
4000,1722,0.22666605982629112,0.017691957073251694,0.22666605982629112,0.017689745440381845,8.881784197001252e-16,0.010139512538785023,0.22696976197915358,0.017579624364011812,0.22696976197915358,0.017577426773608327,1.7763568394002505e-15,0.009801778699565791,0.22658470643236867,0.0176725204252108,0.2269295634250445,0.01758963923522153,0.22941014900463336,0.018257173143466136,0.018271573846279997
4000,1723,0.2195700875425292,0.018786147285053005,0.2195700875425292,0.018783798869857246,1.7763568394002505e-15,0.016846055688896015,0.21793882919507895,0.01873539657330738,0.21793882919507895,0.018733054502347128,3.552713678800501e-15,0.015973789439998942,0.21830510789238478,0.018815630610743,0.2179401350664909,0.018765174568601703,0.21650218007139443,0.018253489590623874,0.018342181777050225
4000,1724,0.21962744599325024,0.017428658630626145,0.21962744599325024,0.0174264799121189,8.881784197001252e-16,0.017848196659473715,0.2200367386419464,0.01735994820568456,0.2200367386419464,0.017357778076517304,8.881784197001252e-16,0.018075230945279526,0.22029585180169492,0.017543454806352207,0.22000936264737608,0.017367772103588284,0.2172806688041118,0.017818352934672196,0.017679005697695878
4000,1725,0.16667625226708072,0.01785574038536967,0.16667625226708072,0.017853508278306084,1.7763568394002505e-15,0.014255736773365562,0.16687274847194372,0.017700750968874107,0.16687274847194372,0.01769853823669859,8.881784197001252e-16,0.01689232554157341,0.1672033925049301,0.017749262378356945,0.1668353346553879,0.017705650726546777,0.16555550794591456,0.01797016851225101,0.01806076185821293
4000,1726,0.2005548677650436,0.017685013181704862,0.2005548677650436,0.017682802416875712,8.881784197001252e-16,0.020875991656203814,0.20087019500147685,0.017650338379325278,0.20087019500147685,0.017648131949117355,1.7763568394002505e-15,0.020249429081483267,0.20019840136398742,0.017766258394933905,0.20085449801333904,0.017652440063355288,0.20001582976297128,0.017906622083086368,0.017905717319325304
4000,1727,0.1817107402856401,0.01752620429796576,0.1817107402856401,0.017524013385487928,8.881784197001252e-16,0.009280394642002168,0.18302636253601362,0.017392983884933863,0.18302636253601362,0.01739080962604857,8.881784197001252e-16,0.009373847423354894,0.18260711310002975,0.017489169580631937,0.18298977223588164,0.017402976013053198,0.18386576177003933,0.017593998762786327,0.01761244582637507
4000,1728,0.2027168265397093,0.018929271168432984,0.2027168265397093,0.01892690486163351,3.552713678800501e-15,0.009207254566678688,0.20211897844220544,0.01884380505831348,0.20211897844220544,0.018841449435445558,1.7763568394002505e-15,0.00956444881344588,0.20290563660492494,0.01901391272291976,0.20217477812140605,0.018870818820508478,0.2028741860522088,0.019368846424946733,0.019457483763408032
4000,1729,0.1761193167586348,0.018361205714193887,0.1761193167586348,0.01835891042001476,1.7763568394002505e-15,0.0070547137402321896,0.1771875120551733,0.0182951406820741,0.1771875120551733,0.018292853646540187,1.7763568394002505e-15,0.006841132225145067,0.1762777910021575,0.018403357057991197,0.17715469846247622,0.01831263413183354,0.17815974861943085,0.017929553788394056,0.017941780592729488
4000,1730,0.18669368830881478,0.018039534974852337,0.18669368830881478,0.018037279892028996,8.881784197001252e-16,0.005127791571799398,0.18798690111798,0.017970498185255087,0.18798690111798,0.01796825173256986,8.881784197001252e-16,0.005493208494885325,0.18834562827134982,0.018054858640059332,0.18790916254656792,0.0179832881548908,0.18933931937467846,0.017416006452066937,0.017412511788896825
4000,1731,0.17426313514731623,0.02041649044500111,0.17426313514731623,0.020413938224171715,7.105427357601002e-15,0.0061672091768273625,0.17601691065492087,0.02080734998801784,0.17601691065492087,0.020804748906691595,7.105427357601002e-15,0.005676650029033606,0.1762570370624374,0.02091032183238989,0.1761109307492989,0.020876382715111715,0.17603419025490402,0.02189215680675592,0.02164381337264648
4000,1732,0.17504029825361617,0.017403980239326627,0.17504029825361617,0.01740180460581112,8.881784197001252e-16,0.009974170591685427,0.1755859139545664,0.017285817681967096,0.1755859139545664,0.017283656819694515,8.881784197001252e-16,0.010399137522964771,0.17596307105303743,0.01737297127874592,0.17558054749050556,0.01729110553015705,0.17681530390053518,0.01740073640331975,0.017553818751055442
4000,1733,0.1902709846250502,0.01912253178046747,0.1902709846250502,0.01912014131458145,3.552713678800501e-15,0.008605457294683016,0.1897955858622894,0.019039720154738527,0.1897955858622894,0.019037340040952772,3.552713678800501e-15,0.009442713088497924,0.18935764096903773,0.01925056945721717,0.18983839091387228,0.019063498132717932,0.1900409412278814,0.018643453424419268,0.01865467659262661
4000,1734,0.21037120334162235,0.018593824766513303,0.21037120334162235,0.018591500393135073,1.7763568394002505e-15,0.013373859090738776,0.21235935444045934,0.018413189318360293,0.21235935444045934,0.01841088752582447,1.7763568394002505e-15,0.013372913244896097,0.2119354960086242,0.018587218575930188,0.21237119425732398,0.018422371718364784,0.21463360205337512,0.019138228424268208,0.019164263860197508
4000,1735,0.19119984319678324,0.018445453699942858,0.19119984319678324,0.018443147874107245,8.881784197001252e-16,0.007624242608413816,0.19244004298904782,0.018253430292251505,0.19244004298904782,0.01825114847084222,8.881784197001252e-16,0.007042844165454316,0.1918611583374611,0.018480109998415015,0.19243093935272632,0.01827755246791479,0.19385526478984727,0.01794327428976403,0.017948010539788534
4000,1736,0.18943515609370293,0.018110652484616564,0.18943515609370293,0.018108388511548824,1.7763568394002505e-15,0.009825536261600177,0.18960157271878808,0.017997402424324512,0.18960157271878808,0.017995152608399186,1.7763568394002505e-15,0.009080876123330684,0.19110301609525238,0.01824211471077888,0.18956932303183655,0.01800708482465645,0.18912307131953782,0.017956849747060438,0.017945247384922088
4000,1737,0.14992424732376447,0.019123093286608037,0.14992424732376447,0.019120702750529368,3.552713678800501e-15,0.010710539081778665,0.15000914028944845,0.01896120216224459,0.15000914028944845,0.018958831863821395,8.881784197001252e-16,0.011430418721869784,0.1491402979702529,0.019235887393198526,0.15001141282610764,0.01898575271047557,0.1502370804955201,0.01899760646877742,0.018884660833693716
4000,1738,0.17853536240779772,0.017881417094750964,0.17853536240779772,0.017879181777898084,8.881784197001252e-16,0.012316243499399387,0.1790804397237155,0.017794044056517442,0.1790804397237155,0.01779181966197703,8.881784197001252e-16,0.013626052922901253,0.1789069741439474,0.017881644578169487,0.17902901927891413,0.017806235987735505,0.17868280355574712,0.018137196171937212,0.01814035584386692
4000,1739,0.20697188958255341,0.01767069752790933,0.20697188958255341,0.017668488552648756,8.881784197001252e-16,0.012873119832449072,0.2077518961977765,0.01756404522722673,0.2077518961977765,0.017561849584337066,3.552713678800501e-15,0.013183493342518428,0.20798437616394255,0.017710850098984505,0.20772324745026433,0.017572453663312823,0.20756175570453378,0.017443734064254774,0.017470133565742625
4000,1740,0.2304774635707677,0.0189392776207117,0.2304774635707677,0.018936910063027508,1.7763568394002505e-15,0.010279968557695815,0.23054476445936184,0.018890185175829532,0.23054476445936184,0.01888782375508453,3.552713678800501e-15,0.00985850806431069,0.23129202251825742,0.01904340151405652,0.23057990940852896,0.018915633181227697,0.23064859318916003,0.019089587518153615,0.019116558421819443
4000,1741,0.19529675920867895,0.018030062653486077,0.19529675920867895,0.01802780875477692,1.7763568394002505e-15,0.0044069926363896825,0.19626195989605438,0.01792933280727185,0.19626195989605438,0.017927091500580514,8.881784197001252e-16,0.004583883987658614,0.19824753207641577,0.018150444380719655,0.19621205668330088,0.01794169852352638,0.1972906644611923,0.01821877380754823,0.01820050791677901
4000,1742,0.19632201489944667,0.017938384230326697,0.19632201489944667,0.017936141792136758,8.881784197001252e-16,0.011298639295324247,0.19688406371371658,0.01786799338396945,0.19688406371371658,0.017865759745185304,8.881784197001252e-16,0.011040807385534212,0.19758537469256893,0.01800474246024277,0.1967783252749717,0.017878704790562052,0.19634341007040967,0.017636588993109662,0.017631999311545514
4000,1743,0.17906670832340166,0.018468004918528073,0.17906670832340166,0.01846569627361393,1.7763568394002505e-15,0.009521010900887,0.1789862276066015,0.018354457726845245,0.1789862276066015,0.018352163276217262,8.881784197001252e-16,0.00968231560080967,0.18008775851441322,0.01843650300906116,0.17897712462364695,0.01836303898083877,0.17918044507724262,0.018046942283550034,0.018065628940970163
4000,1744,0.18106623367585128,0.017637274886314492,0.18106623367585128,0.017635070089145267,8.881784197001252e-16,0.008412603354534538,0.18089984679814436,0.0175332213235832,0.18089984679814436,0.017531029533922333,8.881784197001252e-16,0.00832893961013549,0.1809004545395294,0.017619702746548734,0.1808728594455501,0.017542952427845242,0.18000456720497693,0.017656280456212595,0.017712242414042543
4000,1745,0.21105775747951178,0.018219671611715248,0.21105775747951178,0.018217394010404803,8.881784197001252e-16,0.0073275615712274506,0.21155434507921822,0.018115649993898347,0.21155434507921822,0.018113385396102896,8.881784197001252e-16,0.00687524260303779,0.2105330767575539,0.01823834431482252,0.21154710992532422,0.018125446927715567,0.21256742895307917,0.01791173022947198,0.017922603593576586
4000,1746,0.16600670465496797,0.018114568950275287,0.16600670465496797,0.018112304487618743,1.7763568394002505e-15,0.013821604834699217,0.16470015420116202,0.018014989324406688,0.16470015420116202,0.018012737309981434,1.7763568394002505e-15,0.014803676561808695,0.16319541348632116,0.01813963035457649,0.1647157622030639,0.018026251478795153,0.1642581484671713,0.018141259704377202,0.01818802953916287
4000,1747,0.19194727141252627,0.01851637510709504,0.19194727141252627,0.018514060415529388,8.881784197001252e-16,0.009902310310597765,0.19187352530491553,0.01838275161308066,0.19187352530491553,0.018380453625495823,1.7763568394002505e-15,0.009568026943566878,0.19211960790749733,0.018532370815406787,0.19186017851297832,0.01839715331901809,0.19297075403244995,0.01865804003978479,0.018656726281114245
4000,1748,0.203158599451696,0.019442836821090003,0.203158599451696,0.019440406314571213,3.552713678800501e-15,0.009629693765987846,0.2039079704226156,0.019240732274087687,0.2039079704226156,0.019238327032216417,8.881784197001252e-16,0.008538079906412265,0.2039631190345771,0.0193406418277926,0.20394880161734247,0.019268862993743092,0.20421133970149052,0.019085319084550093,0.019109119249711568
4000,1749,0.17570086924150757,0.0184947727167449,0.17570086924150757,0.01849246072564683,1.7763568394002505e-15,0.00800665079220314,0.17480109295593327,0.01836164963795105,0.17480109295593327,0.018359354288277983,1.7763568394002505e-15,0.007682080922752148,0.17445004113257706,0.018546114422103563,0.1748244526679104,0.018376825660165217,0.1756935946962646,0.018353048661960553,0.018349710786315088
4000,1750,0.19860001595664178,0.018410809557535903,0.19860001595664178,0.018408508062488782,1.7763568394002505e-15,0.015757060239852096,0.19734484477870445,0.0182873930763796,0.19734484477870445,0.018285107009356934,1.7763568394002505e-15,0.017733749575015063,0.19626811075859785,0.018385606555573232,0.19728942517389603,0.01830349620251949,0.19800823792708833,0.01835649720131985,0.018361841977169564
4000,1751,0.19727650348654352,0.018434716349206733,0.19727650348654352,0.018432411865623857,1.7763568394002505e-15,0.012615058332227468,0.19736452959498502,0.01834200211662492,0.19736452959498502,0.01833970922304554,1.7763568394002505e-15,0.012528651642118282,0.1992683574510598,0.018677041841590823,0.1973785719027703,0.018355702259515834,0.19668181245264255,0.017950128288184618,0.017930372689730828
4000,1752,0.20083313980142897,0.018234574510253013,0.20083313980142897,0.018232295045963808,1.7763568394002505e-15,0.006342232791705761,0.20120749994360115,0.01818689586614828,0.20120749994360115,0.018184622362062124,1.3322676295501878e-15,0.005647224587324128,0.1998732803704345,0.01825336180348778,0.20119792570145828,0.018197574719785378,0.20200913736575526,0.018061214088857615,0.018019849549325118
4000,1753,0.18774060921038055,0.018797566014948353,0.18774060921038055,0.018795216172322143,1.7763568394002505e-15,0.006512002569186516,0.1861566630315516,0.018687450917318812,0.1861566630315516,0.018685114839940186,1.7763568394002505e-15,0.008347344897021212,0.18679009807361374,0.018827695987524803,0.18612868956538203,0.01870345416279712,0.18518062196617857,0.018115628830826017,0.018115305844076987
4000,1754,0.18875128594915108,0.018318490102187772,0.18875128594915108,0.018316200147793907,1.7763568394002505e-15,0.01100014730372592,0.18829670054374192,0.018278280798329258,0.18829670054374192,0.018275995870412544,1.7763568394002505e-15,0.010400560434177732,0.19030328902012944,0.01844933742369736,0.18832872506258258,0.01829119696942546,0.1881194171006197,0.018641968556064474,0.018626100365374758
4000,1755,0.1998361045908208,0.022026542348127367,0.1998361045908208,0.022023788858229976,8.881784197001252e-16,0.006426761210178189,0.199092843536891,0.021339100735400355,0.199092843536891,0.021336433181075865,1.7763568394002505e-15,0.005867471482344922,0.19745601672514868,0.020922062565179467,0.19920350701718298,0.02142124662328219,0.19989959186771894,0.0200698196140603,0.020079100596826077
4000,1756,0.19112181379048604,0.018768076501132498,0.19112181379048604,0.018765730344925926,1.7763568394002505e-15,0.0018185245920855964,0.19072894967933401,0.01869145706087315,0.19072894967933401,0.018689120482695273,3.552713678800501e-15,0.002098921081775653,0.19258987322524523,0.018864267601984803,0.19070957035428404,0.018704591715045647,0.1922733846216254,0.018683458787881912,0.01872316092335683
4000,1757,0.19090463704788718,0.018014974243670222,0.19090463704788718,0.018012722231130183,8.881784197001252e-16,0.004271625963323873,0.19088257982977475,0.017953377571343784,0.19088257982977475,0.01795113325886907,1.7763568394002505e-15,0.004453694727048303,0.19065640700843312,0.018054217851237862,0.19090538039355498,0.017962667485030885,0.19191805635960085,0.01773546008039923,0.017699711018982444
4000,1758,0.20397535711642562,0.01938174764758208,0.20397535711642562,0.0193793247776873,1.7763568394002505e-15,0.0012858927776696742,0.2042011360809523,0.019271928538452263,0.2042011360809523,0.01926951939680419,1.7763568394002505e-15,0.0012796195211317093,0.20490429487952383,0.01944549274647938,0.20418202316923578,0.01930759168546808,0.20362498019539615,0.018406195669054503,0.01856853856333931
4000,1759,0.15884041416769534,0.018565214587717125,0.15884041416769534,0.01856289379083479,8.881784197001252e-16,0.00627267479416853,0.15901446729886803,0.018523316713965406,0.15901446729886803,0.018521001154644657,8.881784197001252e-16,0.006152925478518089,0.15896000049401532,0.018682373767171037,0.15899412322124595,0.018550217472900702,0.15748133657278623,0.018136958280197235,0.01813348033073458
4000,1760,0.1592306707832527,0.018161818577288227,0.1592306707832527,0.01815954820805912,8.881784197001252e-16,0.009713372746122311,0.15794031362946737,0.018042460029309856,0.15794031362946737,0.018040204580831855,8.881784197001252e-16,0.009766163839258359,0.1576259646674662,0.018133891734133576,0.15793189415314435,0.01805143710486119,0.15785603728891207,0.017832158233412457,0.01785460802062389
4000,1761,0.17952915844450573,0.018278989424593363,0.17952915844450573,0.018276704408092828,8.881784197001252e-16,0.007150630504920731,0.17928382172888735,0.01821187330657898,0.17928382172888735,0.01820959668011761,8.881784197001252e-16,0.0077580255964624385,0.17963926080236803,0.018290055188564445,0.17924975987168723,0.018224426261301163,0.17874242655821299,0.018193868094209222,0.018208579378903984
4000,1762,0.17467957820081192,0.017927913035511788,0.17467957820081192,0.017925671906303016,1.7763568394002505e-15,0.0094377930652133,0.1743343831170177,0.017867129609827254,0.1743343831170177,0.01786489607902162,1.7763568394002505e-15,0.009764502108465105,0.17466339807254533,0.018026674082090452,0.17429855600230781,0.017876343055659452,0.17447099289698537,0.0179494656027321,0.01797796858133557
4000,1763,0.18948441561296986,0.018032382966895643,0.18948441561296986,0.01803012877812918,1.7763568394002505e-15,0.004304983935820667,0.18775012297687876,0.017879547375338405,0.18775012297687876,0.017877312292215057,8.881784197001252e-16,0.004347719402148396,0.18704912503187704,0.018011143842729144,0.1877123676366353,0.017891472498933938,0.1864424877591585,0.018365626605653974,0.018367972914156303
4000,1764,0.1786389878000474,0.017932559112291427,0.1786389878000474,0.017930317402286757,1.7763568394002505e-15,0.003667569704086846,0.17779706805319934,0.017767681517034114,0.17779706805319934,0.01776546041801712,1.7763568394002505e-15,0.003931353770741076,0.1765710503456973,0.017854329209617676,0.1777779193662437,0.017777394865152014,0.17857101499377398,0.017988659185345916,0.017987898663897654
4000,1765,0.19903516971113894,0.01816233673694734,0.19903516971113894,0.01816006630294423,8.881784197001252e-16,0.013109822362517825,0.1994302666545767,0.018074785214612248,0.1994302666545767,0.01807252572523351,8.881784197001252e-16,0.014177294815472556,0.2001490911651877,0.018182753626131642,0.19943166575932042,0.018086261184212384,0.19873288818128415,0.018144393462572902,0.018130175546590906
4000,1766,0.2028679018965493,0.019085584405308966,0.2028679018965493,0.019083198558133535,1.7763568394002505e-15,0.013509468557425889,0.20399387105102634,0.018916361497166048,0.20399387105102634,0.018913996804176353,1.7763568394002505e-15,0.012933426137903556,0.20509281629884962,0.019218457324041635,0.20405193703821112,0.018935846704288047,0.2043814026031862,0.018416723322773797,0.01846923222051383
4000,1767,0.1680135041570276,0.01857781252729063,0.1680135041570276,0.018575490155567417,8.881784197001252e-16,0.009626185869436803,0.16824231561646574,0.018372882516378898,0.16824231561646574,0.01837058576250826,1.7763568394002505e-15,0.009730036689403688,0.1682958133668085,0.018555395446351514,0.16826610625087018,0.018390367484484516,0.16975998035389572,0.01816170334286022,0.018159929721917722
4000,1768,0.16238776205994182,0.017700040422698085,0.16238776205994182,0.017697827779346392,1.7763568394002505e-15,0.011759947433278765,0.16192676577539056,0.017599669046317566,0.16192676577539056,0.017597468950172168,8.881784197001252e-16,0.011438323666817839,0.16234174535180962,0.017651059400830265,0.16185531964626443,0.01760433910331584,0.16169982613802392,0.017646292911451568,0.01765884459356961
4000,1769,0.17597656059349182,0.01819307639523521,0.17597656059349182,0.018190802118534632,1.7763568394002505e-15,0.016110122353944843,0.1749679353605585,0.01800431429047217,0.1749679353605585,0.01800206361050957,1.7763568394002505e-15,0.016291342743993777,0.1747089112716304,0.018108598199319,0.17496293710235172,0.01801621989051507,0.1755976994780059,0.017748695691575334,0.017805500503082904
4000,1770,0.20943397823823479,0.019188991955524277,0.20943397823823479,0.019186593181597093,3.552713678800501e-15,0.012201481075597034,0.20879729927749252,0.019156992609641293,0.20879729927749252,0.019154597835882373,3.552713678800501e-15,0.012243938471096604,0.20936333820716335,0.019319696220063087,0.20885157459405235,0.019197752439662666,0.20907696031682044,0.019032543478514286,0.019210219560257508
4000,1771,0.18579992645276405,0.017794766505984355,0.18579992645276405,0.017792542021132115,8.881784197001252e-16,0.014012578696097056,0.18543962938307706,0.017779449708578855,0.18543962938307706,0.017777227138445966,8.881784197001252e-16,0.013550381787833132,0.18585564273435362,0.017884851514555586,0.18542283208316307,0.017791354480199476,0.1841859378966661,0.018045795782439266,0.017957167398600423
4000,1772,0.19423330671460615,0.018268777374725407,0.19423330671460615,0.0182664936348109,1.7763568394002505e-15,0.0033233362554839123,0.19486111396507527,0.01806613138133426,0.19486111396507527,0.018063872973752296,1.7763568394002505e-15,0.003039543610827985,0.1952846440898276,0.01822222840832244,0.19481975937301427,0.01808113301389016,0.1953851456076292,0.017901650560474876,0.017898735084212483
4000,1773,0.17807074049705585,0.017743328328678136,0.17807074049705585,0.01774111027399997,1.7763568394002505e-15,0.016355609780836937,0.17856009705338666,0.017654403419157572,0.17856009705338666,0.017652196480787908,1.7763568394002505e-15,0.016119671331659247,0.17935030205325475,0.017824837671975263,0.1785279031455816,0.01766317308524122,0.17756182532821568,0.01788421116534347,0.017853074425950216
4000,1774,0.1822499260875335,0.017968082845558196,0.1822499260875335,0.0179658366948093,1.7763568394002505e-15,0.014081190175005602,0.1817550318827551,0.01784433661322832,0.1817550318827551,0.017842105931725357,1.7763568394002505e-15,0.014296588726148857,0.18201225611105704,0.017916506599782448,0.18177348598115806,0.017859683745425785,0.1802610222480101,0.018150572556811885,0.018155940753813167
4000,1775,0.20579809695564333,0.02007662371590551,0.20579809695564333,0.02007411398107279,8.881784197001252e-16,0.006453678522376486,0.20591398360250374,0.019859444134199655,0.20591398360250374,0.019856961548511576,3.552713678800501e-15,0.006561325032217071,0.2064735698549025,0.019795404658309274,0.2061610801611481,0.019814249527301497,0.20496626919203165,0.019419274718049086,0.018623853444637253
4000,1776,0.17343232610239062,0.01810325460582814,0.17343232610239062,0.018100991557553053,8.881784197001252e-16,0.018911974180478512,0.17408905738830804,0.018011780316859714,0.17408905738830804,0.018009528703585482,1.3322676295501878e-15,0.018485596907314616,0.1744271981315827,0.01809846742440207,0.174077815823951,0.018019659133606737,0.1738407099954733,0.018009088277647436,0.01810741413633564
4000,1777,0.18329654595214662,0.017975536917072422,0.18329654595214662,0.017973289834506346,1.7763568394002505e-15,0.008934629813581481,0.1835568744948577,0.017896631105594283,0.1835568744948577,0.017894393886871175,1.7763568394002505e-15,0.008795988909355424,0.18515662738665822,0.018230336743103533,0.18351327226968656,0.017907580168375552,0.182529106020545,0.018103004642129758,0.018100293264041604
4000,1778,0.17441052912151667,0.01877071491932435,0.17441052912151667,0.01876836843329489,3.552713678800501e-15,0.01772456074685301,0.17363237777472168,0.018583051408116242,0.17363237777472168,0.01858072838149199,8.881784197001252e-16,0.016175876088266296,0.17264336652653361,0.01869102852629194,0.17364255141439444,0.018609780480789227,0.173388009205036,0.01820633575203218,0.018222346042620182
4000,1779,0.16111108053737622,0.01836091446387544,0.16111108053737622,0.01835861920610488,1.7763568394002505e-15,0.01904454984378887,0.16077309249124078,0.018208902602992832,0.16077309249124078,0.01820662634789262,8.881784197001252e-16,0.020948100781201382,0.16172126144251753,0.01842491922447348,0.16078534380780052,0.01822589875052039,0.16056313557650143,0.017929023963294394,0.017944043224356443
4000,1780,0.19310992351303763,0.018340907287132134,0.19310992351303763,0.01833861453041499,1.7763568394002505e-15,0.006608676082107775,0.19317357172403143,0.018312205243604645,0.19317357172403143,0.018309916074867205,8.881784197001252e-16,0.0061067571866637044,0.19291597959161527,0.0184017339084377,0.1931331857614199,0.018328024249086507,0.19307416373613534,0.018178853677201075,0.018164027154831505
4000,1781,0.1735859455941749,0.01827717505337963,0.1735859455941749,0.018274890263689676,1.7763568394002505e-15,0.01820690160958593,0.17401824326489795,0.01827071609306077,0.17401824326489795,0.018268432110791325,3.552713678800501e-15,0.017621387123607838,0.17356307642081475,0.018410875434856554,0.17402497476054196,0.018289621880360585,0.1741689094062071,0.01851779669951587,0.018548409672035575
4000,1782,0.19377352341541526,0.018333262396862098,0.19377352341541526,0.018330970595815968,8.881784197001252e-16,0.006167310827061018,0.19300778593677698,0.018228676848492782,0.19300778593677698,0.01822639812145738,1.7763568394002505e-15,0.006476879128794103,0.19394300670485243,0.018414701815174232,0.1929977332261929,0.01824168668704668,0.19192733119273836,0.017821254479501253,0.017812458474936434
4000,1783,0.19850191369300568,0.018466012712428665,0.19850191369300568,0.01846370431655585,1.7763568394002505e-15,0.0052295679922409214,0.1978647610168182,0.01840416584871309,0.1978647610168182,0.01840186518418148,8.881784197001252e-16,0.005298515675227296,0.19868645064427287,0.018580621833527183,0.1979065732840361,0.01841715759856226,0.19693936641407928,0.018607748733927107,0.01860276310890158
4000,1784,0.19477353243791273,0.017691300561258366,0.19477353243791273,0.017689089010457643,8.881784197001252e-16,0.020233502003292266,0.19456038796267067,0.017611978037420685,0.19456038796267067,0.01760977640255523,8.881784197001252e-16,0.01782180037629,0.19661995899162427,0.017853737174297828,0.1945173374840365,0.017617002280361692,0.19478034005231465,0.01781364526277785,0.01781993964392706
4000,1785,0.21473001380867773,0.018053644173590143,0.21473001380867773,0.01805138732700672,1.7763568394002505e-15,0.013538270190789998,0.2144652254359054,0.017842171771199785,0.2144652254359054,0.01783994136031899,8.881784197001252e-16,0.014290703041713416,0.21549726147392928,0.018000746878259356,0.21449798822747623,0.017848426436517274,0.21212464282538096,0.017994274635733856,0.017657007806738678
4000,1786,0.15340416980597688,0.018030810356679347,0.15340416980597688,0.018028556364501444,1.7763568394002505e-15,0.0016468061372635267,0.154701112401462,0.01795817698587599,0.154701112401462,0.017955932073436962,8.881784197001252e-16,0.0018263592478559411,0.15495987868589461,0.018132184518704086,0.15473547522797187,0.01796878309347968,0.15602996801094882,0.017672015901673787,0.01781402368973696
4000,1787,0.21089536112710655,0.018383589453011332,0.21089536112710655,0.018381291360689958,8.881784197001252e-16,0.013510316707671681,0.2113735726956963,0.018310193789800387,0.2113735726956963,0.01830790487251039,8.881784197001252e-16,0.013885770223232672,0.21106423507618177,0.01836946667721626,0.2113465235115191,0.01832245832278414,0.21056461391160403,0.01796990801190164,0.017957627597638928
4000,1788,0.17687796038935344,0.01761406375066831,0.17687796038935344,0.0176118618550724,8.881784197001252e-16,0.013134969320355745,0.1777059339531396,0.017522900120519283,0.1777059339531396,0.017520709621089446,1.7763568394002505e-15,0.010939288318254992,0.177210779262363,0.017658847129641067,0.17766387973726755,0.017526320040239362,0.1774172185870423,0.017630030417463673,0.01763335497521773
4000,1789,0.20457762422800496,0.01919576950456988,0.20457762422800496,0.01919336988339611,1.7763568394002505e-15,0.0036948545812314254,0.20563068173370913,0.01907860990325275,0.20563068173370913,0.01907622492794457,1.7763568394002505e-15,0.004165961781946552,0.20578599402616826,0.019272098813852317,0.20567841167858025,0.01910444417336729,0.2053907202427574,0.018394354379250587,0.018313436636013626
4000,1790,0.1729121060597243,0.018343989764396402,0.1729121060597243,0.018341696622345516,1.7763568394002505e-15,0.00930816657756937,0.1731763651831058,0.0182389905429161,0.1731763651831058,0.018236710526588307,1.7763568394002505e-15,0.00897976480525512,0.17406650349520497,0.018331155766498224,0.17317693244714083,0.01825233777374233,0.17303951694833697,0.018367021622390192,0.018327523431626632
4000,1791,0.20388141684225508,0.018829154606381175,0.20388141684225508,0.01882680081493422,1.7763568394002505e-15,0.0104489568213953,0.2044414453173729,0.01874986653034928,0.2044414453173729,0.01874752265053134,1.7763568394002505e-15,0.010860426281295894,0.20481788869984002,0.018992730572578633,0.20446956832954188,0.01877176100079481,0.20341758738403803,0.01871640151119068,0.01865964230780923
4000,1792,0.21487432541664886,0.017696417166223933,0.21487432541664886,0.017694204975807613,8.881784197001252e-16,0.017852756992893883,0.21597121245065715,0.017634640479496793,0.21597121245065715,0.017632436011649003,8.881784197001252e-16,0.020339437096487122,0.21670401239404657,0.01776126868156389,0.21594969075688153,0.017642943253624133,0.21546373541395936,0.0178834677385925,0.01789454064000906
4000,1793,0.19473395944236216,0.017999239016932574,0.19473395944236216,0.017996988971418822,1.7763568394002505e-15,0.0038102717854451252,0.19375705228305723,0.017911112262533967,0.19375705228305723,0.017908873233553092,1.7763568394002505e-15,0.0034531314157336414,0.1937484009334695,0.01801106447371356,0.19374867967925263,0.017916959993029943,0.1938858847375221,0.01831520903344602,0.01831213775047163
4000,1794,0.1939878331251607,0.018612146820430237,0.1939878331251607,0.018609820156652104,1.7763568394002505e-15,0.011744373387327705,0.19424051177110901,0.018449472400128,0.19424051177110901,0.018447166071923465,1.7763568394002505e-15,0.011880549575660378,0.19416383002450016,0.01856483989048732,0.1942870264571614,0.018464771945822533,0.1944653915884043,0.019133113535677426,0.01912554310334484
4000,1795,0.1671970336939908,0.018170372236658825,0.1671970336939908,0.01816810079815546,1.7763568394002505e-15,0.003762513893817023,0.16829057046939944,0.018075501026287067,0.16829057046939944,0.018073241447426277,8.881784197001252e-16,0.004689178302116996,0.16889915667905647,0.018188170371976235,0.1682863634436425,0.01808248920254944,0.16844527560513167,0.017726686265120726,0.017876724084378508
4000,1796,0.1755774786261849,0.019028150233768422,0.1755774786261849,0.019025771566313195,3.552713678800501e-15,0.011734402392565627,0.17483737566808416,0.018820055366245782,0.17483737566808416,0.018817702712274932,1.7763568394002505e-15,0.012534286239577482,0.17317244682928074,0.0188406751399498,0.1748592275883375,0.018848737956285416,0.17516479919557593,0.01954795644881406,0.01954011060092875
4000,1797,0.17234371140720273,0.01787830223012316,0.17234371140720273,0.017876067302652697,1.7763568394002505e-15,0.005829834267466324,0.17287487834167636,0.017833079454318584,0.17287487834167636,0.01783085018004844,1.7763568394002505e-15,0.006138688077337912,0.17379223558692986,0.017997831736971778,0.17286079326364467,0.017846959654217863,0.17385965482781662,0.017594515207770993,0.017604715313926707
4000,1798,0.18916378781102156,0.019138403326630284,0.18916378781102156,0.019136010876676986,1.7763568394002505e-15,0.01718258136650863,0.18986523957883833,0.01888029718115947,0.18986523957883833,0.01887793699649106,1.7763568394002505e-15,0.018741782178303978,0.1908777722446684,0.019049220751389328,0.1899165102525216,0.018902825302315768,0.18984530208115974,0.018717684902908954,0.0187313223449367
4000,1799,0.1887885950304753,0.01828284351857035,0.1887885950304753,0.01828055802027796,1.7763568394002505e-15,0.008236974572983318,0.19060729118592784,0.0182425670197313,0.19060729118592784,0.018240286556315963,1.7763568394002505e-15,0.008919757156095599,0.18953523112981008,0.018352662298121845,0.19066266577838198,0.018255589058270957,0.19136017037389047,0.01863335789342993,0.01866272037933651
4000,1800,0.18084373206378446,0.017800241575811972,0.18084373206378446,0.017798016406533224,8.881784197001252e-16,0.0035338950315512044,0.18046264175756677,0.017718973964774155,0.18046264175756677,0.01771675895458177,8.881784197001252e-16,0.003435134701587696,0.18049841153914797,0.017835084266356976,0.18042389412181714,0.017725061154987013,0.18063935968805606,0.017971088590194938,0.018016613628678235
4000,1801,0.22459176761635696,0.01878681383457312,0.22459176761635696,0.018784465336053466,1.7763568394002505e-15,0.010838627033352933,0.2248040634767376,0.01860907790234863,0.2248040634767376,0.01860675162220924,8.881784197001252e-16,0.010102895339766821,0.22584181274376153,0.018834005790434174,0.22476012344744778,0.018635364156790193,0.22713940586742287,0.017749913724471617,0.017821672708402063
4000,1802,0.21126067394238746,0.018641495485454684,0.21126067394238746,0.018639165152864113,1.7763568394002505e-15,0.008520156731901435,0.2112810912313698,0.018601336734269322,0.2112810912313698,0.01859901142183643,1.7763568394002505e-15,0.008063884016771281,0.21258654208202626,0.018763991346313506,0.21127759802247387,0.01861645811059182,0.2117455091463316,0.017730260586190916,0.017640939145874526
4000,1803,0.20489592554331626,0.018019037821056082,0.20489592554331626,0.01801678530053712,1.7763568394002505e-15,0.009200001341793896,0.20540308491282971,0.017858196595749536,0.20540308491282971,0.01785596418164046,1.7763568394002505e-15,0.01190458522831359,0.20404485423705682,0.018006052680440848,0.20539021935056007,0.017873373433418476,0.20720454267828242,0.01831957640049725,0.018449747430130753
4000,1804,0.17843936084937,0.018324196466019987,0.17843936084937,0.018321905798286055,1.7763568394002505e-15,0.009193202410676466,0.17898113756805628,0.018201963223731667,0.17898113756805628,0.018199687836108088,1.7763568394002505e-15,0.009693803257269906,0.17786629121150582,0.018327163802299987,0.1789556903981107,0.018213430236743294,0.17898960527515595,0.01783830991850762,0.017876541962946527
4000,1805,0.15796688770860795,0.017578014102734595,0.15796688770860795,0.01757581671362635,8.881784197001252e-16,0.009678293647663988,0.1570497664786124,0.01754779636673015,0.1570497664786124,0.01754560275507501,1.7763568394002505e-15,0.009483330806860524,0.15695504413417605,0.01761839538041824,0.15699737701991823,0.01755491338888125,0.15839860350317875,0.017559453940420574,0.0175799434047253
4000,1806,0.1793995829213535,0.018926112877376108,0.1793995829213535,0.01892374696538769,1.7763568394002505e-15,0.018226288059847752,0.17865788388822046,0.018781831814932703,0.17865788388822046,0.018779483939204433,8.881784197001252e-16,0.019707922469738168,0.17865360453148432,0.018883547531032174,0.1786833366786913,0.0187983536828455,0.17908519034066778,0.01884623236428587,0.018853592501490064
4000,1807,0.206907097293605,0.01837936261145401,0.206907097293605,0.018377065047520857,1.7763568394002505e-15,0.015802132473819366,0.2059529491286773,0.018199342223472283,0.2059529491286773,0.018197067163494215,1.7763568394002505e-15,0.01708975984934509,0.20561905622289972,0.018234242768498072,0.2059287578710124,0.018214457654846024,0.20771821091076814,0.01853820834753543,0.01860698286784463
4000,1808,0.1854866469833958,0.018627148371504535,0.1854866469833958,0.018624819832415308,1.7763568394002505e-15,0.009429166403430857,0.1848126089431471,0.018578727419678885,0.1848126089431471,0.018576404933586966,1.3322676295501878e-15,0.011023513596818942,0.18516671595394124,0.018711254858765618,0.18484085537607653,0.018594851016187304,0.185083978508907,0.01842703453373332,0.018432947366006775
4000,1809,0.184977833725937,0.018565673559925805,0.184977833725937,0.01856335270566836,1.7763568394002505e-15,0.002593899119030833,0.1848480694753009,0.018485332508152548,0.1848480694753009,0.018483021697154316,8.881784197001252e-16,0.0024014758593740707,0.18354439974060055,0.018586115686694105,0.18482073173013236,0.018499651324747506,0.18519636969362507,0.01819081421844186,0.018193417660897174
4000,1810,0.19842104718351627,0.018257151870054222,0.19842104718351627,0.018254869583418636,8.881784197001252e-16,0.00755690797305415,0.19709357891474316,0.01813889015286032,0.19709357891474316,0.018136622649863415,1.7763568394002505e-15,0.008062542843614741,0.1979881125897167,0.0184211048440694,0.19711051925991036,0.01814920418772832,0.19783770365334957,0.018457708577312087,0.018459422524847925
4000,1811,0.20517094516938572,0.01812857124034293,0.20517094516938572,0.018126305027290717,1.7763568394002505e-15,0.014602725691448425,0.20503331143461434,0.01813905339760315,0.20503331143461434,0.01813678587419938,8.881784197001252e-16,0.014963986083913378,0.20466583960091872,0.01813791678226434,0.20504344458653162,0.0181602459461937,0.20630153432063814,0.018082666802335702,0.01808211907742185
4000,1812,0.17057497752713846,0.018324948153955217,0.17057497752713846,0.01832265739225442,8.881784197001252e-16,0.009335465780476667,0.16926273380838597,0.018167239823523675,0.16926273380838597,0.01816496877659643,1.7763568394002505e-15,0.010310496144249014,0.1705775760090475,0.01836071142080289,0.16922794484637366,0.01818010530145797,0.16763038991697082,0.018165168454611094,0.018172887047415407
4000,1813,0.17355061359271234,0.017078430345119376,0.17355061359271234,0.01707629540788432,1.7763568394002505e-15,0.012530580523056481,0.17431287416392233,0.016913847530724207,0.17431287416392233,0.016911733167626914,8.881784197001252e-16,0.01516217104788332,0.17437192805196056,0.017020412323032922,0.17427511330487505,0.01691999625055581,0.17434458591466429,0.017370011256649012,0.017386517345208612
4000,1814,0.17526859353087615,0.01808855863577784,0.17526859353087615,0.018086297424613835,1.7763568394002505e-15,0.011996876709315209,0.17419405970309026,0.017928094835814534,0.17419405970309026,0.017925853683879302,8.881784197001252e-16,0.01065064220508919,0.17430561735363076,0.018020196525517482,0.17419197371086476,0.01793699176694938,0.1729741073875578,0.017723266461287572,0.01778190058679766
4000,1815,0.2030124163513105,0.01792445788903365,0.2030124163513105,0.01792221719174519,8.881784197001252e-16,0.015403046495766159,0.20251917555827598,0.017811558062313278,0.20251917555827598,0.017809331478385294,1.7763568394002505e-15,0.015441283662048893,0.2024146948935422,0.017865508771929575,0.20247079745559582,0.017821473769380716,0.2047521733447799,0.017772647553003316,0.01777502107864339
4000,1816,0.16289446370965294,0.017734129265022647,0.16289446370965294,0.017731912360299314,8.881784197001252e-16,0.004053904361119882,0.16368317039821656,0.01772663264368678,0.16368317039821656,0.01772441667609969,8.881784197001252e-16,0.004542160957874955,0.16312324557278052,0.01778962246260007,0.16364182607278788,0.017732461117123816,0.1649581959607389,0.017494040482494658,0.01755528589828517
4000,1817,0.14859686171267905,0.01743784855491888,0.14859686171267905,0.01743566868759929,8.881784197001252e-16,0.005922493430508299,0.1491298313022812,0.017344899330629795,0.1491298313022812,0.0173427310826895,1.7763568394002505e-15,0.007111913202751422,0.1488707671185283,0.01744529206514486,0.14909800489394232,0.017351552909623688,0.14989333001694893,0.01738821171046737,0.01751829837729081
4000,1818,0.1889102270333201,0.01759990518202665,0.1889102270333201,0.01759770505636245,1.7763568394002505e-15,0.016506103127740146,0.18955336740354778,0.017494962776982505,0.18955336740354778,0.017492775769938903,8.881784197001252e-16,0.015526117485122821,0.189656159184661,0.01755596886722222,0.1895393099494081,0.017500086491650104,0.1916216569402881,0.01727358250768217,0.01735860132539515
4000,1819,0.18938054295366413,0.01802528845389777,0.18938054295366413,0.01802303515200086,1.7763568394002505e-15,0.015442864212361452,0.1895902425844357,0.017873509044771016,0.1895902425844357,0.017871274716486172,1.7763568394002505e-15,0.016577799345279448,0.18905454846224307,0.017974805956681196,0.1895545858048271,0.017888200293170935,0.18950113200158852,0.01796319561791204,0.01792480173182637
4000,1820,0.1977169680273666,0.018150680262186268,0.1977169680273666,0.018148411285333576,1.7763568394002505e-15,0.010987123837227553,0.19641786541612838,0.018014856573804153,0.19641786541612838,0.018012604575973767,1.7763568394002505e-15,0.01238524272524069,0.19595445659444427,0.018139845475672548,0.19639286241573123,0.018029933637598698,0.1971687150600191,0.018151490707401127,0.01815610779084545
4000,1821,0.20816962729635952,0.018217606966460093,0.20816962729635952,0.018215329623246436,8.881784197001252e-16,0.007488611882913735,0.2081240516485408,0.018133765986926884,0.2081240516485408,0.018131499124490757,1.7763568394002505e-15,0.008655699224999742,0.20804362624703637,0.018214796920482983,0.2080984941359192,0.018146012942297618,0.20767903310032704,0.01820258244142578,0.01820660117797223
4000,1822,0.19943272588225552,0.0180936085231656,0.19943272588225552,0.018091346680726216,8.881784197001252e-16,0.009557570842254597,0.19890357377300577,0.018012666657792668,0.19890357377300577,0.018010414933718893,8.881784197001252e-16,0.008490640438339999,0.19918879670667777,0.018091215604529094,0.1989102223748171,0.018025172587724674,0.2003032476967157,0.018574191321665517,0.01863007302935016
4000,1823,0.16294613145728737,0.018032765099169918,0.16294613145728737,0.018030510862633933,8.881784197001252e-16,0.00415161923225028,0.1622808206566112,0.017936529531985417,0.1622808206566112,0.017934287325647266,1.7763568394002505e-15,0.004200052225666756,0.1621618598599066,0.018056913487741664,0.1622642369562065,0.017945322241980245,0.16321564192534493,0.018057468916646963,0.01805767903625368
4000,1824,0.17333120036838934,0.017425478861461934,0.17333120036838934,0.01742330054045068,8.881784197001252e-16,0.01425966997340443,0.1741584180440537,0.017321455241980966,0.1741584180440537,0.017319289924734933,1.7763568394002505e-15,0.016305865028219763,0.17351070867141172,0.01741926701826986,0.17412938865393418,0.017326191074039925,0.17423102098828658,0.017727377975621603,0.017777613901870166
4000,1825,0.18188618166630394,0.017897578178593086,0.18188618166630394,0.017895340841478452,1.7763568394002505e-15,0.0065948656555365175,0.18227209048451182,0.017722187375414106,0.18227209048451182,0.017719971963520282,8.881784197001252e-16,0.006784038256784578,0.18302589692609395,0.017810634934175663,0.18224183677147426,0.017736825183403016,0.18349424488608723,0.01759546689635514,0.017604813348861485
4000,1826,0.18807720553560303,0.018244317023974797,0.18807720553560303,0.018242036341795255,1.7763568394002505e-15,0.0038372397215427866,0.1884540882030219,0.018224474905098223,0.1884540882030219,0.018222196703338578,1.7763568394002505e-15,0.004277724545112,0.18910664369513863,0.018372961233577113,0.18842628888095508,0.018237867837051367,0.1882875686040253,0.018481756299967858,0.018475106023632826
4000,1827,0.1693505961877047,0.01792762630796994,0.1693505961877047,0.017925385214604354,1.7763568394002505e-15,0.010997299538299107,0.16914174636171841,0.017905003237402912,0.16914174636171841,0.017902764972097914,1.7763568394002505e-15,0.011050066724899815,0.16779201647723097,0.01805502333554379,0.1691190199349607,0.017915031578893105,0.17015566855772363,0.018186535046371143,0.018195117703177582
4000,1828,0.15719168346395168,0.01827118491190063,0.15719168346395168,0.01826890087102517,1.7763568394002505e-15,0.0036375178671776737,0.15970225811109606,0.018158759548718054,0.15970225811109606,0.01815648956189142,8.881784197001252e-16,0.0037633812217023914,0.15920901437721457,0.018244637571867624,0.15968023730425362,0.018172965205390555,0.15898922279800498,0.018053914569166826,0.018101585222305688
4000,1829,0.19578062825385462,0.018113930129205525,0.19578062825385462,0.018111665746406602,1.7763568394002505e-15,0.0107041720497571,0.19614492392420507,0.017992665684157177,0.19614492392420507,0.017990416460361383,8.881784197001252e-16,0.01115371416078768,0.19524273822159116,0.018061171245176432,0.19612780528157314,0.018003199918597463,0.19590585618833167,0.018318175377787415,0.018324280500807914
4000,1830,0.20445775902044006,0.01838554958990729,0.20445775902044006,0.018383251252553492,3.552713678800501e-15,0.012054111554781895,0.20474345730708327,0.018250914601043743,0.20474345730708327,0.018248633094115518,3.552713678800501e-15,0.012297636679496276,0.20550107095598796,0.018356676422776105,0.20473496351086007,0.018267564782392942,0.20427229502188543,0.017973732915874157,0.017995510173413727
4000,1831,0.21794833263254715,0.019283681682138377,0.21794833263254715,0.01928127107125551,8.881784197001252e-16,0.015178486925496708,0.2171225309565199,0.018850948612307225,0.2171225309565199,0.01884859209643924,8.881784197001252e-16,0.015262257527871389,0.2179730537159541,0.01918846548325831,0.21716187297066603,0.018880373230211488,0.2174080814727158,0.019019108304270803,0.01916733148325211
4000,1832,0.1842857408891974,0.018375233837338616,0.1842857408891974,0.01837293678953449,8.881784197001252e-16,0.009697539304769126,0.1846457771665168,0.018269329970734938,0.1846457771665168,0.018267046161741612,8.881784197001252e-16,0.009905614803533799,0.18386301945080824,0.01836684141882306,0.18463670056923281,0.018281704117794607,0.185816655291838,0.01913711951067759,0.019138988285438894
4000,1833,0.16299010386256524,0.01789646047493401,0.16299010386256524,0.01789422327754107,1.7763568394002505e-15,0.0037431158138072043,0.16258013551766276,0.01780295839134667,0.16258013551766276,0.01780073288244475,1.7763568394002505e-15,0.004291127489085087,0.16383993365424737,0.018025982126806655,0.1625856771303465,0.017809861769877106,0.16348375517774427,0.017999551749047705,0.018013847156887523
4000,1834,0.19026959565793616,0.01793151629310944,0.19026959565793616,0.017929274713465317,8.881784197001252e-16,0.012186471681258694,0.1912484474969654,0.017835397234681742,0.1912484474969654,0.01783316767067095,8.881784197001252e-16,0.01085907699162999,0.1915441650295957,0.01804653232731686,0.19122222833673624,0.017845454698759623,0.1916000510507404,0.018265684418625774,0.01824371558992124
4000,1835,0.1896924633237861,0.017601764802225365,0.1896924633237861,0.017599564444094107,1.7763568394002505e-15,0.024006524700455143,0.18961059238422429,0.017472664039155376,0.18961059238422429,0.01747047981962823,1.7763568394002505e-15,0.021889676051408416,0.18917056711240487,0.017572157461168098,0.18959211966356604,0.01748125735019705,0.18820692439767583,0.018004287329583844,0.01804751016372448
4000,1836,0.18239695279035767,0.018333644466584025,0.18239695279035767,0.0183313526177762,8.881784197001252e-16,0.0064222654464510896,0.18238833990918607,0.018287761779171886,0.18238833990918607,0.01828547566605849,1.7763568394002505e-15,0.006429792280553014,0.18201246895838086,0.018314931445668193,0.1823569196106251,0.018311117388723718,0.18015268203806845,0.01745697074903987,0.017455506302954768
4000,1837,0.19445659927728742,0.017810351519810374,0.19445659927728742,0.01780812508670963,8.881784197001252e-16,0.012334097470552353,0.19322436581992597,0.017708729870933332,0.19322436581992597,0.01770651614133272,8.881784197001252e-16,0.010659968997864824,0.19237142299842747,0.017783884641720305,0.1932199916439286,0.01772128223242719,0.19192229549371448,0.01822938434416142,0.018197577358686053
4000,1838,0.19251576808123416,0.017606604369065186,0.19251576808123416,0.017604403405950264,1.7763568394002505e-15,0.009549695525964068,0.19264262420354367,0.017501915688905956,0.19264262420354367,0.01749972781269403,1.7763568394002505e-15,0.008854698096026396,0.19339911807164095,0.017607731980813675,0.19260589408571577,0.01751393965701821,0.19262373883547368,0.01813690389914467,0.01811168634278701
4000,1839,0.22031236682197725,0.018075696753097694,0.22031236682197725,0.018073437149769524,1.7763568394002505e-15,0.013755495924240765,0.22057978966529085,0.01787911740349182,0.22057978966529085,0.017876882374118316,1.7763568394002505e-15,0.012567254179969435,0.2211261725653199,0.01801564440982493,0.2205492591067087,0.017887570461919265,0.22119615976137347,0.017989066532081405,0.017829447562923036
4000,1840,0.19038672907612159,0.017765418608510355,0.19038672907612159,0.017763197792374605,1.7763568394002505e-15,0.01547295778632727,0.19027841768548792,0.01765336932491496,0.19027841768548792,0.017651162515815156,1.7763568394002505e-15,0.01566023795564041,0.1900746183210637,0.017742917124306364,0.19025976954727558,0.017662648257115977,0.19060582595231973,0.017980661896471458,0.01795614025411435
4000,1841,0.17030989907847494,0.018077164646518512,0.17030989907847494,0.01807490485969219,1.7763568394002505e-15,0.0149481960683436,0.16852647752947764,0.01783008929556556,0.16852647752947764,0.01782786039508863,1.7763568394002505e-15,0.017240931664049493,0.16776875304907174,0.017932430200372385,0.16851981747233785,0.017850944416617304,0.16929666421645967,0.01800390314758584,0.018019738277138417
4000,1842,0.15375456396108528,0.018721139374208218,0.15375456396108528,0.018718799085509257,8.881784197001252e-16,0.009268313102375608,0.15338171962330338,0.01857698214000232,0.15338171962330338,0.018574659872084,8.881784197001252e-16,0.00897050865446056,0.1523700663792707,0.018689083566497514,0.15341025114131773,0.018596792358241472,0.1534603001838571,0.018991664869507596,0.01906581786282637
4000,1843,0.17455369808985738,0.0183837771840561,0.17455369808985738,0.01838147906826688,1.7763568394002505e-15,0.010150623179890024,0.1735452086751082,0.018285409745829987,0.1735452086751082,0.01828312392673914,1.7763568394002505e-15,0.009478109316859681,0.17417546724779254,0.018480856932512,0.17354558828669825,0.018303020453246114,0.17347865597092887,0.017964331788913216,0.01797911294019057
4000,1844,0.18817438633173394,0.018037547947565697,0.18817438633173394,0.01803529311313629,1.7763568394002505e-15,0.011595195251919432,0.18875539003745734,0.01794004442933597,0.18875539003745734,0.017937801783608185,1.7763568394002505e-15,0.011035995521468852,0.18920226700288423,0.01804701949024601,0.18878467279804073,0.017955555137447548,0.18745534422582721,0.017690361385981502,0.01769732163628604
4000,1845,0.16134052362633494,0.01894009231447188,0.16134052362633494,0.0189377246549446,8.881784197001252e-16,0.015300679151583518,0.16057316699957425,0.018819016599432643,0.16057316699957425,0.018816664075315764,8.881784197001252e-16,0.015485642542369294,0.16117342926661865,0.019064252255114978,0.1605898395569781,0.018839937725482134,0.1608280137362586,0.01848669480142205,0.018468556180965476
4000,1846,0.16111430067984484,0.01825386533371376,0.16111430067984484,0.01825158345792089,1.3322676295501878e-15,0.006737457954195721,0.16091995386175018,0.018178277377899944,0.16091995386175018,0.01817600495119216,8.881784197001252e-16,0.00698994582494826,0.1602977535878639,0.018248991661157284,0.16093477469563783,0.018190224289763128,0.15948140244431602,0.017922380499787113,0.01793509873219871
4000,1847,0.16758115593351375,0.0179733346888334,0.16758115593351375,0.017971087881563066,8.881784197001252e-16,0.01091803542445355,0.16775015097936358,0.01785238504174372,0.16775015097936358,0.017850153354124307,8.881784197001252e-16,0.011170308006140805,0.16692005326381154,0.017948114050631632,0.16773335684041557,0.017863472518938613,0.16742790744837782,0.01845126472650133,0.018455482273348547
4000,1848,0.17446026909723666,0.018356933677630673,0.17446026909723666,0.018354638917489497,1.7763568394002505e-15,0.005462853267267774,0.1745606197999225,0.0182840681284352,0.1745606197999225,0.018281782477057005,8.881784197001252e-16,0.00526689540991279,0.17531349473084062,0.018399671702433524,0.1745785853291863,0.018290093723626367,0.17398665281497327,0.018192514038451946,0.018208418566599986
4000,1849,0.1841309818213298,0.017948769005023353,0.1841309818213298,0.01794652526865544,8.881784197001252e-16,0.013879349962602636,0.1835857478133343,0.017932818906461645,0.1835857478133343,0.017930577163980676,8.881784197001252e-16,0.01178075744571227,0.18581917926447344,0.018118382542569738,0.183568279180797,0.017944250068559695,0.18243090523595773,0.018093020033878218,0.01808677547924017
4000,1850,0.16399492248208847,0.017961521415517982,0.16399492248208847,0.017959276084999115,8.881784197001252e-16,0.023636861791806883,0.16356709663914126,0.017844657514972342,0.16356709663914126,0.017842426793354155,1.7763568394002505e-15,0.02477802560249977,0.16387101490566564,0.01796325036544793,0.1635672138139032,0.017850234965286982,0.16423558678197608,0.018610943908253068,0.018569541785478424
4000,1851,0.16218825584125174,0.018464737938999498,0.16218825584125174,0.018462429702483324,1.7763568394002505e-15,0.008789759600552728,0.16253421469389684,0.018376219547704083,0.16253421469389684,0.018373922376678457,8.881784197001252e-16,0.009393133939477565,0.1619399344573338,0.018479197822449108,0.16255351443946692,0.01838993365772408,0.16201007785917426,0.017994588344892107,0.018036422373553792
4000,1852,0.22753014345457434,0.01889403648655359,0.22753014345457434,0.018891674584364655,1.7763568394002505e-15,0.00542125761837431,0.22764997153163663,0.018772335152549068,0.22764997153163663,0.0187699884639778,8.881784197001252e-16,0.006510347064380123,0.22694741041803007,0.01903601534130521,0.2277083093236253,0.0187947147269388,0.22711532303586973,0.018700977862103382,0.018848531136345294
4000,1853,0.16233363657028288,0.01790356639906467,0.16233363657028288,0.017901328313375688,8.881784197001252e-16,0.010480855921494413,0.16207473198517974,0.017776092427096574,0.16207473198517974,0.017773870276650106,8.881784197001252e-16,0.010589887021878595,0.16218478965476057,0.017899007055000995,0.16204491996198167,0.017789851715919854,0.16163987504034588,0.017651628031156573,0.017650368653992967
4000,1854,0.173467301950551,0.018124297529018486,0.173467301950551,0.018122031850213584,8.881784197001252e-16,0.011977765873490386,0.17425832809543046,0.018041748022638002,0.17425832809543046,0.018039492663166398,1.7763568394002505e-15,0.011759340805937048,0.1741637603034501,0.018079774326640572,0.17424774054495584,0.018053607688792307,0.1732827717568743,0.017777170471108595,0.017806035151737187
4000,1855,0.16406909976755807,0.017745313189958107,0.16406909976755807,0.017743094887156773,8.881784197001252e-16,0.013938403281921611,0.16510581143902453,0.01762613564095406,0.16510581143902453,0.017623932236277538,8.881784197001252e-16,0.01352340725147607,0.16401038548427355,0.01771258747821895,0.16509019360438648,0.017631836246023883,0.16513272572391108,0.01839137939682645,0.01846898630457784
4000,1856,0.18249266977555323,0.018229819135260953,0.18249266977555323,0.018227540265430782,8.881784197001252e-16,0.007376618537634782,0.18252847624938795,0.018118022373084647,0.18252847624938795,0.018115757478723266,1.7763568394002505e-15,0.00697377585996677,0.18329649106216084,0.01824573376166317,0.18251997189856883,0.018125503575897595,0.1825817742958113,0.018047470422275665,0.018044114714212803
4000,1857,0.21325289697974037,0.018115488032154008,0.21325289697974037,0.018113223454605046,8.881784197001252e-16,0.014738437911359545,0.21311268240105619,0.018031208934121634,0.21311268240105619,0.018028954892118438,8.881784197001252e-16,0.013648692594391153,0.21141289059823587,0.018134201952087373,0.2130901247260591,0.018047289630443164,0.21277402960929798,0.017750543932794093,0.017754848847198985
4000,1858,0.21268221219176459,0.017978607526175153,0.21268221219176459,0.01797636005975895,8.881784197001252e-16,0.009326175550707678,0.21332993542813394,0.017885564704942774,0.21332993542813394,0.017883328869606214,1.7763568394002505e-15,0.01023532552283897,0.21282024344176204,0.017985694695484323,0.2132997965834656,0.01789657358610989,0.21337026364706224,0.01791566462534047,0.017889732241711347
4000,1859,0.17494521832214815,0.01878169173769644,0.17494521832214815,0.018779343879478914,1.7763568394002505e-15,0.017101059594690226,0.17479453248919102,0.01869486288430712,0.17479453248919102,0.01869252588037471,1.7763568394002505e-15,0.016938519035388584,0.17408629466179187,0.01906138327876936,0.17484451022376374,0.0187092072081118,0.17436279903663915,0.01893562635527205,0.01894634410406894
4000,1860,0.18561360492353307,0.018361331445012327,0.18561360492353307,0.018359036135115865,1.7763568394002505e-15,0.003747813933515092,0.1849347224814032,0.018272805049395904,0.1849347224814032,0.018270520805990592,1.7763568394002505e-15,0.003738650840510771,0.18556583080076433,0.01831754754904974,0.18498328690621152,0.018288000270604243,0.18496783925135474,0.018382088731391678,0.018397889667762523
4000,1861,0.2050190629329363,0.01831028126783587,0.2050190629329363,0.018307992339610436,1.7763568394002505e-15,0.006040704335767434,0.2044249251826728,0.018191715846097446,0.2044249251826728,0.018189441739476134,8.881784197001252e-16,0.0071538184809835925,0.20660686400935158,0.018443387605621576,0.2043957233657489,0.018209194104934254,0.20824131792927497,0.01856431655763118,0.018545398474492842
4000,1862,0.20440008889222927,0.01832847728926281,0.20440008889222927,0.01832618608639252,1.7763568394002505e-15,0.012876854307132835,0.20623703049825381,0.018244436971994706,0.20623703049825381,0.018242156274820724,1.7763568394002505e-15,0.01299791698554983,0.20494727415631908,0.018362763183337877,0.2061562886840912,0.018253638262244753,0.20930079204375052,0.018323914388249568,0.0183420468368342
4000,1863,0.19646693672786641,0.018135626087972416,0.19646693672786641,0.018133358993009125,1.7763568394002505e-15,0.006278686798033634,0.1981946905122609,0.018039642821495522,0.1981946905122609,0.01803738772519051,1.7763568394002505e-15,0.007331715445332038,0.19755151308796515,0.01812179010049866,0.19817574760362594,0.018048608501453397,0.19822312366667683,0.01766216634166891,0.017624259043596508
4000,1864,0.1981502817692149,0.017802987010186747,0.1981502817692149,0.01780076149770725,1.7763568394002505e-15,0.0020805879882933977,0.1986820487841915,0.01771389581261929,0.1986820487841915,0.017711681437235602,8.881784197001252e-16,0.0019124053214128326,0.19879887360881815,0.01777567416287477,0.1986886813239328,0.01772183437783661,0.19912466295340397,0.01773256516341848,0.017724980763792253
4000,1865,0.17469067746003186,0.01789046100913325,0.17469067746003186,0.017888224561720404,8.881784197001252e-16,0.006175136247762729,0.17567208600218687,0.017802866350766215,0.17567208600218687,0.01780064085337009,8.881784197001252e-16,0.006775616779455479,0.17565184727603578,0.017860396166507225,0.1756314729325364,0.01781315056238399,0.1763610399952717,0.017671921840197873,0.017659688767204054
4000,1866,0.21488249602546322,0.018959950263142716,0.21488249602546322,0.018957580121216695,8.881784197001252e-16,0.016197157196317504,0.21534165155693885,0.01891103197169777,0.21534165155693885,0.0189086679449404,1.7763568394002505e-15,0.016699173688823635,0.21421882926320918,0.01902293742827452,0.21540774113600397,0.018932413971537002,0.2140075722069968,0.018968505334622836,0.01897154103614404
4000,1867,0.18215501636740578,0.01793443001549118,0.18215501636740578,0.01793218807160899,1.7763568394002505e-15,0.010035792949825923,0.18260857191991198,0.017801171538936438,0.18260857191991198,0.017798946253405033,1.7763568394002505e-15,0.008606918101461629,0.18251311047298124,0.01791754980040306,0.1825712952068571,0.017809310230268823,0.18397515779535434,0.01754042732854483,0.017515734844470086
4000,1868,0.18693348533049237,0.01853378253377467,0.18693348533049237,0.018531465666144668,1.7763568394002505e-15,0.005813148125896665,0.18774525165054312,0.018361910734740704,0.18774525165054312,0.0183596153524285,8.881784197001252e-16,0.005773665668504492,0.18797919239928024,0.018437950780146553,0.18778211240803128,0.0183766727184723,0.1883942459570906,0.01825924692549886,0.01835734432076825
4000,1869,0.21367754514548876,0.019355540257392063,0.21367754514548876,0.019353120663625826,1.3322676295501878e-15,0.0014493693739558169,0.21404560777308995,0.019262089527848063,0.21404560777308995,0.019259681616153195,1.7763568394002505e-15,0.0018163111111928532,0.2141175263978507,0.019539655152214078,0.21408888167301265,0.019293938755067942,0.21375453657366045,0.018616010686400526,0.018733644156076788
4000,1870,0.17376418021964346,0.018139974823917365,0.17376418021964346,0.018137707185328103,8.881784197001252e-16,0.017650497837171705,0.17313755355541482,0.018000027185041005,0.17313755355541482,0.01799777704100008,8.881784197001252e-16,0.016096325583581587,0.17395681905043608,0.018147862916468308,0.17308199619431291,0.018012175579118907,0.1722616179211205,0.01816600903619606,0.018166876209437407
4000,1871,0.2076380676330435,0.018170674892548533,0.2076380676330435,0.01816840341621082,8.881784197001252e-16,0.023679261731839707,0.2075289375125357,0.01808262324302603,0.2075289375125357,0.018080362773832497,8.881784197001252e-16,0.02420560579954917,0.20677262686540387,0.01819531321142842,0.207515257396377,0.018095297740644514,0.20889235820089264,0.01853133049537553,0.01854991085712
4000,1872,0.18677513293462128,0.01853049777345815,0.18677513293462128,0.018528181316448858,8.881784197001252e-16,0.001456857354042716,0.18458841171688672,0.018427449700935464,0.18458841171688672,0.018425146125740397,8.881784197001252e-16,0.0017244870622861181,0.18444487458638548,0.018573184353829417,0.1845924990393456,0.018444901517804257,0.18328498373134156,0.01794766962884502,0.017946375004547013
4000,1873,0.17653008045396001,0.018173062797882073,0.17653008045396001,0.018170791023037536,1.7763568394002505e-15,0.019741583711112735,0.17654451177172475,0.018117743993818873,0.17654451177172475,0.018115479134257078,8.881784197001252e-16,0.020375012487638525,0.1766947814110132,0.018281319867585234,0.1765654865540447,0.018134041498992604,0.1775119431806168,0.01860344127909877,0.018568680184926585
4000,1874,0.1863298226339135,0.017803111466238253,0.1863298226339135,0.017800885938200776,1.7763568394002505e-15,0.009437638854088798,0.18702534736671556,0.017715988670201115,0.18702534736671556,0.017713774033193873,1.7763568394002505e-15,0.009330236652615065,0.18811715164040482,0.017799250692785554,0.1869971896334267,0.01772540629331655,0.18770473072148613,0.01791202082093026,0.017875573809830646
4000,1875,0.18027005386354117,0.01848478622904169,0.18027005386354117,0.018482475486332615,1.7763568394002505e-15,0.004978635882520019,0.18035874772937144,0.01839207537670459,0.18035874772937144,0.01838977622357645,1.7763568394002505e-15,0.004648702635006547,0.18025307762413928,0.01848643879928127,0.18039437568330802,0.018412726292160606,0.179284446718176,0.018094551956523704,0.018096421137610258
4000,1876,0.14747039976747806,0.01890349913351099,0.14747039976747806,0.01890113604841725,8.881784197001252e-16,0.01568160429196365,0.14682548008002638,0.018714806098454575,0.14682548008002638,0.01871246660146457,1.7763568394002505e-15,0.013623115204274667,0.1467714678378605,0.019060695855060133,0.14686338243863184,0.018735433916418562,0.14555242830420434,0.017991234765878418,0.01802364672310474
4000,1877,0.1485972058247938,0.01812323314531158,0.1485972058247938,0.018120967599562957,1.7763568394002505e-15,0.015950118288863814,0.14884045230352172,0.017975950865828136,0.14884045230352172,0.017973703731515234,8.881784197001252e-16,0.017482626524773438,0.14951460892603258,0.018045730304691907,0.14882156597454804,0.01799140100319506,0.15001254264967395,0.01754861264661273,0.0175758484436032
4000,1878,0.17869426218838808,0.0178971862234912,0.17869426218838808,0.017894948935374015,1.7763568394002505e-15,0.0039044975410993657,0.1803775852882421,0.017834585322696273,0.1803775852882421,0.017832355860180824,1.7763568394002505e-15,0.0034723087704070415,0.18061121520922868,0.01800283679123392,0.18038441925527238,0.017844046638941614,0.17950116206444577,0.01808552943090178,0.018121588612445755
4000,1879,0.18721160210462756,0.018553778333563222,0.18721160210462756,0.01855145896630201,1.7763568394002505e-15,0.020925205117164843,0.1875143891310745,0.0184868479295368,0.1875143891310745,0.01848453692909905,8.881784197001252e-16,0.020590669687108147,0.18739308916817332,0.018590777124142956,0.18757712545562044,0.01850305813381139,0.18737349624185562,0.01893669697704876,0.018934706766877914
4000,1880,0.1753301368659831,0.018097092541729982,0.1753301368659831,0.018094830263761054,1.7763568394002505e-15,0.007783043599874056,0.17567268809668207,0.01802151560063786,0.17567268809668207,0.01801926277037709,1.7763568394002505e-15,0.007496495402786767,0.1739069865358357,0.01815264718445804,0.17565113109073327,0.0180307610584375,0.17404406897491043,0.017862655965174577,0.01787924406865907
4000,1881,0.20230215143885738,0.019125554182421588,0.20230215143885738,0.019123163338711717,3.552713678800501e-15,0.004150379692841704,0.1994510244201949,0.018772082730026163,0.1994510244201949,0.01876973607300968,3.552713678800501e-15,0.0036128790213092975,0.19930826538935875,0.01889731830078265,0.1994662028204351,0.01879939870408204,0.19924824891254816,0.01829715790861606,0.018306635190606498
4000,1882,0.19724276145569164,0.01853276835273109,0.19724276145569164,0.018530451611881646,8.881784197001252e-16,0.007853090066257154,0.19727488362380213,0.01844703360074457,0.19727488362380213,0.018444727577409014,3.552713678800501e-15,0.008220052278446,0.196414953420683,0.018598030841829875,0.1972765488912674,0.01846481045085335,0.1976158053890299,0.01833649463879149,0.018313231058795874
4000,1883,0.16566196356152024,0.017767966856280924,0.16566196356152024,0.017765745721594298,8.881784197001252e-16,0.008472028219502398,0.16511790363724588,0.017631558073882305,0.16511790363724588,0.0176293539913593,1.7763568394002505e-15,0.008758055351527218,0.16397674072691004,0.01769194778262386,0.16504453142049702,0.01764015333255799,0.16594186597989735,0.01790344681868388,0.017921148518165012
4000,1884,0.19385977293277795,0.018478052266468384,0.19385977293277795,0.018475742365557244,8.881784197001252e-16,0.0060271738832402165,0.1931942281400701,0.018190568067083673,0.1931942281400701,0.018188294103943712,1.7763568394002505e-15,0.005663366228638056,0.1935202866146823,0.01832868148418097,0.19316509307016283,0.01820588867506075,0.19296334331094256,0.01797801275090753,0.017979280465267065
4000,1885,0.18981320835582388,0.018202451814596572,0.18981320835582388,0.018200176365895316,3.552713678800501e-15,0.005778105051595369,0.18896573314127596,0.018125663754216263,0.18896573314127596,0.018123397904622533,8.881784197001252e-16,0.00676298590696919,0.19204501336794694,0.018386862849293025,0.18893937913394082,0.018144114270858033,0.18890208802437958,0.0184941010488388,0.018503584540352152
4000,1886,0.18508152465069977,0.017886015245426445,0.18508152465069977,0.017883779353768805,8.881784197001252e-16,0.006813798384979295,0.1837339013422125,0.017751000697374373,0.1837339013422125,0.017748781683590172,8.881784197001252e-16,0.007587333012373961,0.18470653071112592,0.0178634140710491,0.18368169523634453,0.01775824258291758,0.18381530105469895,0.0175922856711512,0.01760836329726993
4000,1887,0.17866485151498757,0.018403025892810322,0.17866485151498757,0.01840072537078211,1.7763568394002505e-15,0.008732038769822807,0.1797244399297489,0.018342644657616456,0.1797244399297489,0.01834035168371443,8.881784197001252e-16,0.009136196404261875,0.1814777377498749,0.01861708292836649,0.17971228430506142,0.018357637988990844,0.17919515734763863,0.018201830608364854,0.018201156405099173
4000,1888,0.20539422034368593,0.01792870685238145,0.20539422034368593,0.01792646562393937,8.881784197001252e-16,0.009827701005316734,0.20551203008986296,0.017855843790455187,0.20551203008986296,0.01785361167046516,8.881784197001252e-16,0.009774528779413568,0.2070570000856624,0.017962838349364987,0.205521316854353,0.01785690582160152,0.20535290054329491,0.018255214174423804,0.01811626651376435
4000,1889,0.22762174457576045,0.018665287073141672,0.22762174457576045,0.018662953766416742,8.881784197001252e-16,0.01332823247135986,0.22753384696383028,0.018555747305609747,0.22753384696383028,0.018553427692211646,1.7763568394002505e-15,0.01432799214382584,0.22644059793254723,0.018706410864682964,0.22760050882136906,0.01857475173243219,0.22529322412380615,0.018768876015527677,0.018660862091696446
4000,1890,0.1404061732221631,0.0177662485138805,0.1404061732221631,0.017764027594000094,1.7763568394002505e-15,0.004396950449582552,0.1395819409763902,0.01764620410312453,0.1395819409763902,0.017643998189733435,8.881784197001252e-16,0.004259326436589146,0.13680504666137688,0.017751948155994703,0.13955830903913446,0.017652803028419727,0.1396835104703646,0.01759653764559566,0.017677156208462948
4000,1891,0.17770508606803953,0.01908019831008576,0.17770508606803953,0.019077813136214317,3.552713678800501e-15,0.009417422206738756,0.1779530758416295,0.01897337118665592,0.1779530758416295,0.018970999367009595,8.881784197001252e-16,0.010086635174896358,0.17752417401524218,0.01935338369102918,0.17798273663610892,0.019006236236071516,0.1790093883497254,0.01938563912756157,0.01930044116358501
4000,1892,0.16320794577989878,0.01847901222068734,0.16320794577989878,0.018476702199774424,1.7763568394002505e-15,0.015080906760520891,0.1634158809536343,0.018425353635161207,0.1634158809536343,0.018423050321990743,1.7763568394002505e-15,0.01680860218301254,0.16419527025622133,0.018549153857222226,0.16344506126338765,0.018446520086897986,0.16490503105982002,0.018962001467849078,0.01893266956733896
4000,1893,0.19125439684746376,0.0193139343258345,0.19125439684746376,0.019311519933134794,8.881784197001252e-16,0.0063170163332116345,0.1914177349348679,0.01909444426008151,0.1914177349348679,0.019092057305355004,1.7763568394002505e-15,0.006932734465996123,0.19225196152184465,0.019155736828219486,0.1914667470529573,0.019126648516212645,0.19339029057895207,0.019602978270363804,0.020184291082725556
4000,1894,0.18587977823533852,0.018454908861500793,0.18587977823533852,0.01845260185369611,1.7763568394002505e-15,0.01107993866360329,0.1858983466206376,0.018333863793825945,0.1858983466206376,0.0183315719176005,1.3322676295501878e-15,0.011296348727248726,0.18351160149457563,0.01846092874487249,0.18589321768731382,0.018347687421460045,0.18767116348069462,0.018164515929135944,0.018159799501719816
4000,1895,0.20043248099825722,0.01841091451716184,0.20043248099825722,0.01840861300899395,3.552713678800501e-15,0.009899137875394075,0.2014016674970855,0.018237084569760736,0.2014016674970855,0.01823480479169448,1.7763568394002505e-15,0.009313434341576618,0.20166428267024028,0.018421499608124708,0.20137966721432377,0.018247931026000804,0.201792292053804,0.018348022068172504,0.018301804780554095
4000,1896,0.18510258336883761,0.018640868633548476,0.18510258336883761,0.01863853837931929,1.7763568394002505e-15,0.018621441025516987,0.18493862428350677,0.01854072532443069,0.18493862428350677,0.018538407588897615,8.881784197001252e-16,0.01953291658041473,0.1835030972388213,0.018719575550559656,0.18494490281032705,0.01855091225006547,0.18584525516922656,0.019306640666155454,0.019298940595112567
4000,1897,0.19050209299525583,0.017767301832983976,0.19050209299525583,0.017765080781430454,8.881784197001252e-16,0.011980751580184306,0.19036541316178374,0.01760119223422849,0.19036541316178374,0.01759899194767271,8.881784197001252e-16,0.009583058979272772,0.190907086924697,0.0176998444604541,0.1903060816742116,0.017609258480804323,0.1895891570028464,0.017856403835318856,0.017850310186795896
4000,1898,0.2075332305852589,0.0193898807332403,0.2075332305852589,0.019387456846646264,1.7763568394002505e-15,0.017742963283193764,0.20826554975898132,0.019218262417842677,0.20826554975898132,0.019215859984879003,1.7763568394002505e-15,0.017959287669775118,0.20835690333901508,0.019442457985175146,0.20827928353951786,0.019260080030980307,0.20841012807732529,0.018607321923524524,0.01885068065321708
4000,1899,0.1745646504554389,0.01770443010767847,0.1745646504554389,0.017702216915581857,8.881784197001252e-16,0.008558879378836233,0.17652135945085073,0.017599300985502272,0.17652135945085073,0.01759710093536735,8.881784197001252e-16,0.008131454313066349,0.17612105333204936,0.017643414133782682,0.176489907418588,0.017607868024562517,0.17626759179058005,0.01745564213251445,0.01749194405175125
4000,1900,0.1967004318684264,0.01897744837350119,0.1967004318684264,0.01897507604417465,1.7763568394002505e-15,0.010037085802625053,0.1955427425403105,0.01869864053698011,0.1955427425403105,0.018696303060811596,1.7763568394002505e-15,0.009075829270214369,0.196475061795304,0.01881727643976527,0.19558528331601482,0.018716275059653825,0.1941013518626991,0.01868992359800348,0.018705739715204252
4000,1901,0.15943091570297868,0.01978256416455647,0.15943091570297868,0.0197800911894653,7.105427357601002e-15,0.017790673435854578,0.15845000751079902,0.019413435153677102,0.15845000751079902,0.019411008322596467,8.881784197001252e-16,0.017605743996137,0.15833700867421646,0.020015609332031746,0.15849550852325128,0.019452033368467327,0.1587376561271005,0.01980213587168208,0.01987118484885265
4000,1902,0.19491828339187156,0.01761046367300771,0.19491828339187156,0.017608262227449635,1.7763568394002505e-15,0.012289331437208612,0.1953042770144109,0.017504464874130335,0.1953042770144109,0.01750227667925034,8.881784197001252e-16,0.011822925822441967,0.19452615968753517,0.017616731059775008,0.19527216114210444,0.017510114767319403,0.19621530517325875,0.01792610002137886,0.017873411888465546
4000,1903,0.1695326037432453,0.017702972535896255,0.1695326037432453,0.017700759526007505,8.881784197001252e-16,0.00474066966905479,0.1689027056542733,0.01761053571096291,0.1689027056542733,0.01760833425639953,8.881784197001252e-16,0.004408058925688471,0.16800475422389405,0.017701401059389398,0.16889279889242453,0.01761991352966191,0.16916700139580176,0.017568640220202658,0.01765325306162346
4000,1904,0.19319124055163506,0.018297152627173553,0.19319124055163506,0.01829486534013078,8.881784197001252e-16,0.004344111706383689,0.19384515555611287,0.018127225721940917,0.19384515555611287,0.018124959677089016,8.881784197001252e-16,0.0040803171059652504,0.19385245638305448,0.018197507905632588,0.19380751599215384,0.01814743448743326,0.19479660486192218,0.017648759228948097,0.01764864627614671
4000,1905,0.15921936334178066,0.0178476399180108,0.15921936334178066,0.017845408823568935,8.881784197001252e-16,0.010278543302229975,0.15951957699567032,0.017793821709951675,0.15951957699567032,0.017791597343206317,1.7763568394002505e-15,0.010761627521190528,0.15856899230076843,0.017861832959341944,0.15947926401373858,0.017802185378764525,0.1597549154694104,0.017508626943482937,0.017554652787985053
4000,1906,0.17965155044226827,0.018245905688062065,0.17965155044226827,0.018243624807287098,1.7763568394002505e-15,0.009285644768900776,0.17934574347011828,0.018127036129917902,0.17934574347011828,0.018124770108766487,1.7763568394002505e-15,0.010144569333725418,0.17756190399510957,0.01819443689038796,0.17930435944311168,0.01814256368197925,0.17974422123817024,0.017766895224108955,0.017762743985409994
4000,1907,0.1840909920601576,0.019404264868186267,0.1840909920601576,0.01940183918346297,3.552713678800501e-15,0.01275714609917763,0.18272259683577796,0.019180522852317857,0.18272259683577796,0.01917812513709475,3.552713678800501e-15,0.01212316381889483,0.1817350829919236,0.019436569851866904,0.1827360539575532,0.01921051078218417,0.1823693372638085,0.01851293714042034,0.01852026286906206
4000,1908,0.1857517122205919,0.019045036218063808,0.1857517122205919,0.019042655439728606,3.552713678800501e-15,0.00940231747290983,0.1846992077986649,0.01891232860226882,0.1846992077986649,0.018909964413422495,1.7763568394002505e-15,0.009279025897625994,0.1845127208422399,0.019050335457322015,0.18468390464874235,0.0189347297159972,0.185305349992622,0.01764813574127709,0.01765697736165249
4000,1909,0.213544490268813,0.018001773004884165,0.213544490268813,0.01799952264260212,1.7763568394002505e-15,0.015138443051015159,0.21349006875932908,0.01789633571292598,0.21349006875932908,0.017894098531129263,8.881784197001252e-16,0.014302298490384831,0.213398204261595,0.017958237902607654,0.21346555994933875,0.017904512164105175,0.21503019798423478,0.018655799984877597,0.018671234790152355
4000,1910,0.19765236992048518,0.018133484289715954,0.19765236992048518,0.018131217462494187,8.881784197001252e-16,0.009110519367122899,0.19874309579152794,0.0180368675227397,0.19874309579152794,0.018034612773368715,8.881784197001252e-16,0.01018480766452556,0.19966521097685153,0.018209092191017157,0.19869866728793406,0.01805042250985086,0.19603864352269063,0.01789756224362239,0.017906934991759573
4000,1911,0.18427917031653573,0.01862361415397164,0.18427917031653573,0.01862128605668722,1.7763568394002505e-15,0.014650628073673724,0.18462024577430358,0.018460313383346805,0.18462024577430358,0.01845800569993466,1.7763568394002505e-15,0.01782715078851685,0.185182177426007,0.01860053261791491,0.18461939659198123,0.01846945983126232,0.18488373623136267,0.01918456916160316,0.019213787238230348
4000,1912,0.19352947486196853,0.0181815949569159,0.19352947486196853,0.018179322115484817,1.7763568394002505e-15,0.014372265101359957,0.19242494544800404,0.018042157571422236,0.19242494544800404,0.01803990216075383,8.881784197001252e-16,0.015440754128459144,0.19264960946996723,0.018122567649025378,0.19240057929254062,0.018053791325063996,0.19330046805147766,0.017826470538485538,0.017815079898734522
4000,1913,0.17158163881051486,0.01838917517642501,0.17158163881051486,0.018386876385844568,1.7763568394002505e-15,0.01577146046518617,0.17143568858311048,0.01828819141374117,0.17143568858311048,0.018285905246920094,1.7763568394002505e-15,0.01590566758740374,0.17305152723145428,0.018406290482294883,0.17144360514797324,0.018308279168388914,0.17188054385270674,0.018009463760407244,0.018012775481515454
4000,1914,0.15603777369249655,0.01852056727662369,0.15603777369249655,0.018518252061004093,8.881784197001252e-16,0.008017320994618393,0.1569044418848925,0.018392465712631968,0.1569044418848925,0.018390166510708787,1.3322676295501878e-15,0.008091497220719404,0.15707957396560052,0.01848633668606162,0.156886071153157,0.018407163876425024,0.15397249264437185,0.01820312494876784,0.018183595571135254
4000,1915,0.17230787034321654,0.01804823578528448,0.17230787034321654,0.018045979614791846,8.881784197001252e-16,0.020722236706135145,0.1711828142987492,0.01788653085308625,0.1711828142987492,0.01788429489697362,1.7763568394002505e-15,0.01715137628985713,0.1717799001658999,0.018011188925248948,0.17113564469929798,0.017895487530476192,0.17237919449877187,0.018736198367509387,0.018736083805777227
4000,1916,0.15459291472818137,0.018024703379709194,0.15459291472818137,0.01802245015095113,3.552713678800501e-15,0.00935985504020974,0.15418672292733415,0.01783996446556111,0.15418672292733415,0.017837734330610772,8.881784197001252e-16,0.011230057756036107,0.1546682889215572,0.01792936120756863,0.15413612341736843,0.01785276963051855,0.1540055980649791,0.01740731171188589,0.017461063345483707
4000,1917,0.19638150700178258,0.019127665419589816,0.19638150700178258,0.0191252743119588,1.7763568394002505e-15,0.008956386351891965,0.1964672452882602,0.019049445463919,0.1964672452882602,0.01904706413439361,8.881784197001252e-16,0.009265008933343104,0.19686284120505032,0.01923197035246298,0.19655247364562228,0.019083276591560956,0.19514176412722894,0.01854536159661713,0.018529991006847938
4000,1918,0.20186979265088867,0.01839342116666561,0.20186979265088867,0.01839112184530321,8.881784197001252e-16,0.014572484684952624,0.20106443060548335,0.018262708293196955,0.20106443060548335,0.018260425311965065,1.7763568394002505e-15,0.01428808922486926,0.2020876745992321,0.018531298293406277,0.2010305231502199,0.018274336402936346,0.19974214827563003,0.018599448887614604,0.018551314161624987
4000,1919,0.18265700734139967,0.018385142907348648,0.18265700734139967,0.018382844620833342,8.881784197001252e-16,0.011922337817319767,0.1833860066673123,0.01831884513283598,0.1833860066673123,0.018316555134060504,1.3322676295501878e-15,0.012393803468526378,0.18347830219178896,0.018399876245361144,0.18339168677263928,0.01833694961741024,0.18378627606656128,0.018526102544118024,0.018564672713523286
4000,1920,0.15890590289600615,0.018888608216480113,0.15890590289600615,0.018886246992867353,1.7763568394002505e-15,0.009004151124075653,0.15864040072424562,0.018744952831359282,0.15864040072424562,0.018742609565792108,8.881784197001252e-16,0.008399737970807529,0.15866050286577826,0.018927411613373173,0.15862908827269567,0.018764724040813755,0.1572355840146447,0.017900763934953493,0.01790631932655975
4000,1921,0.11975098915279342,0.01816751181482477,0.11975098915279342,0.01816524073389649,1.7763568394002505e-15,0.008782427594158121,0.11926233789716795,0.017996409684314763,0.11926233789716795,0.017994159992489697,1.7763568394002505e-15,0.008574265614088456,0.1188300329145407,0.018099283827120952,0.11927385740830093,0.018006476594090094,0.12412473889813297,0.017689067158655234,0.017895686449133117
4000,1922,0.19682003412544186,0.01842081623982477,0.19682003412544186,0.018418513493864176,8.881784197001252e-16,0.010898808493478228,0.19705260443300077,0.018350319090164754,0.19705260443300077,0.018348025156898696,1.7763568394002505e-15,0.010252433165634948,0.19697191288286026,0.018534570020884756,0.19698738583879738,0.018361763771596037,0.19873924465041354,0.018173017515794466,0.018156536249381617
4000,1923,0.2042400898568425,0.018142644446133054,0.2042400898568425,0.018140376473820156,8.881784197001252e-16,0.008238958417658098,0.20399731931370912,0.018100187301265662,0.20399731931370912,0.018097924636427613,1.7763568394002505e-15,0.008548592507641702,0.2040080143958637,0.018178644511692484,0.20398147523744858,0.01810239515696154,0.20471275873032985,0.01784254069450903,0.017853310732861952
4000,1924,0.19852892988710785,0.02236990814939637,0.19852892988710785,0.022367111736090933,7.105427357601002e-15,0.009504347019070408,0.19902483153333073,0.02223093201463852,0.19902483153333073,0.02222815297443582,7.105427357601002e-15,0.008548346511119506,0.2029401725568537,0.0238203484614415,0.1991507204607263,0.022340611989057884,0.19764157334587196,0.02182851904372202,0.022930941003065357
4000,1925,0.18427449087330555,0.017739621730772277,0.18427449087330555,0.017737404139447806,1.7763568394002505e-15,0.009127749670389328,0.18519030966237304,0.017581201651539754,0.18519030966237304,0.017579003863963,1.7763568394002505e-15,0.0068569663172060235,0.18427173839679756,0.017623216245217923,0.18523362413765365,0.01758261490610184,0.18544939948782402,0.01778007128092811,0.017979152391742984
4000,1926,0.22230751507134833,0.017884879728950007,0.22230751507134833,0.017882643979240796,8.881784197001252e-16,0.007710197191644163,0.2206092219105945,0.017808122724108352,0.2206092219105945,0.017805896569624485,1.7763568394002505e-15,0.008276614310728613,0.22104293157090332,0.017948487091670826,0.22058247769160466,0.01781403815871225,0.22088227717546205,0.018124480549527852,0.018100413868595372
4000,1927,0.17592747533849867,0.017893305706825766,0.17592747533849867,0.017891068903803486,1.7763568394002505e-15,0.011743219734286202,0.1758251551946754,0.01781374107184535,0.1758251551946754,0.01781151421502412,1.7763568394002505e-15,0.012650713391961011,0.17698676043092748,0.017944479498008255,0.1757929960086866,0.0178196568393994,0.17597298045165216,0.017864919630144766,0.017844599385331963
4000,1928,0.17695778446318938,0.01812806612470983,0.17695778446318938,0.018125799974801023,8.881784197001252e-16,0.009698591083671536,0.17583793333540754,0.017992547667378924,0.17583793333540754,0.017990298458336152,1.7763568394002505e-15,0.011384344667333898,0.1764767674013793,0.01807645729044368,0.1758304090169039,0.018002034917101645,0.17589014258222896,0.018308904693399113,0.018311207120434683
4000,1929,0.20570179309284387,0.018272310235710732,0.20570179309284387,0.018270026054160997,3.552713678800501e-15,0.005489607516699862,0.20632922783261276,0.01822604856697051,0.20632922783261276,0.018223770168490833,3.552713678800501e-15,0.0071285354181933715,0.20484230362422684,0.01828698916753759,0.20629985645465193,0.01824844870283804,0.2067462491578877,0.017878395395331585,0.01790195897271273
4000,1930,0.2005285060331229,0.017804649847135368,0.2005285060331229,0.01780242412678826,1.7763568394002505e-15,0.016750384017851748,0.2016082398546804,0.01768188835192993,0.2016082398546804,0.017679677977728916,8.881784197001252e-16,0.018769757045350003,0.20160342014327348,0.017781717473087204,0.20154115707442039,0.017687987154671646,0.20067330609782363,0.017992273538816987,0.017979642728617677
4000,1931,0.1961695114606667,0.017961148746393065,0.1961695114606667,0.01795890346246075,8.881784197001252e-16,0.009401542238794651,0.19589576588674884,0.017853784575343895,0.19589576588674884,0.017851552712771845,1.7763568394002505e-15,0.010377510221451572,0.1963939851333712,0.01800848579367818,0.19587203399697073,0.01786492566957425,0.19635453135534942,0.018394203235447028,0.0183946231720509
4000,1932,0.17427247285819042,0.017557673019335734,0.17427247285819042,0.01755547817302185,8.881784197001252e-16,0.008600484443698231,0.1750924961302916,0.01751814151201829,0.1750924961302916,0.0175159516074517,1.7763568394002505e-15,0.009563325908334929,0.17460783855616957,0.017609128548978142,0.17504087716196465,0.017526533208559146,0.1747749597489882,0.017785855440163468,0.01782760697315683
4000,1933,0.19247279385309368,0.017514926951704757,0.19247279385309368,0.01751273744898332,8.881784197001252e-16,0.007828586430303323,0.19196237972993202,0.01746128689848797,0.19196237972993202,0.0174591041011923,8.881784197001252e-16,0.007031761168630628,0.19229411366571064,0.01758233084050596,0.19193015176230427,0.017471806666874118,0.19198214507219474,0.01805240710117247,0.018015825434894477
4000,1934,0.17288437305341547,0.018888624637146034,0.17288437305341547,0.018886263411480562,8.881784197001252e-16,0.011284128606892613,0.17285422270997786,0.018741331433692558,0.17285422270997786,0.018738988620828394,8.881784197001252e-16,0.011893252115064904,0.1718627995102514,0.018977634470436152,0.17291467574487657,0.018767603822452877,0.1728561393301099,0.01875561164819643,0.018748256184681733
4000,1935,0.1343771319293126,0.01798566307773251,0.1343771319293126,0.017983414729317235,8.881784197001252e-16,0.007301289327192258,0.134173067512999,0.017949936189674318,0.134173067512999,0.0179476923073992,1.7763568394002505e-15,0.007166855576740425,0.13584417003696708,0.01805753399510566,0.13413469423168678,0.017961241523446452,0.13345297608853923,0.017910523624761362,0.017899172756860815
4000,1936,0.18136776108329467,0.019763998385261352,0.18136776108329467,0.01976152773103765,3.552713678800501e-15,0.00841071526921033,0.1816482536930082,0.019213786401333813,0.1816482536930082,0.019211384527907174,1.7763568394002505e-15,0.006342332383205673,0.18267000071311656,0.019499654635416357,0.18172213130009762,0.019227065488269048,0.18144324495351621,0.019013211205068214,0.018847568743691596
4000,1937,0.17776893117900489,0.01875130969387936,0.17776893117900489,0.018748965633654704,1.7763568394002505e-15,0.017544119912842267,0.17830158534436152,0.018736672242373676,0.17830158534436152,0.018734330011944827,1.7763568394002505e-15,0.019946339434239714,0.17954891445288423,0.018854391034949677,0.1783511187340796,0.018756668950143753,0.17845914095745102,0.018808605068838653,0.018735923176884967
4000,1938,0.1501763296855328,0.017653150894523496,0.1501763296855328,0.0176509441127292,1.7763568394002505e-15,0.00873964906868679,0.1508022747685001,0.017556207907022683,0.1508022747685001,0.017554013243859287,1.7763568394002505e-15,0.008963374599113009,0.15005793790575844,0.01765839029895714,0.15076802999349426,0.017563069188381325,0.1512186873745437,0.017222772154810457,0.017303156193464456
4000,1939,0.19025898983289197,0.01855592164396606,0.19025898983289197,0.018553602008774307,1.7763568394002505e-15,0.005210043970024637,0.19005917610552941,0.01851860902796516,0.19005917610552941,0.018516294057141947,1.7763568394002505e-15,0.005959173853842956,0.1904785733296006,0.018638721775607388,0.19007702016443673,0.018541896598238395,0.19119279679128337,0.018442838370215917,0.01844134520927673
4000,1940,0.19917733489552109,0.018551411350799473,0.19917733489552109,0.0185490922794296,1.7763568394002505e-15,0.010828571032735953,0.19994969865430012,0.0184457608250663,0.19994969865430012,0.018443454960837644,8.881784197001252e-16,0.010033179067757277,0.20005318499056368,0.0184755667443441,0.19999321965588246,0.018457915114154486,0.20151608367838403,0.019515145190326613,0.019527707618569083
4000,1941,0.1608984532222168,0.01833013779107625,0.1608984532222168,0.018327846380630262,1.7763568394002505e-15,0.01864234169175193,0.16020683607943048,0.018226451532590424,0.16020683607943048,0.018224173083736892,1.7763568394002505e-15,0.01808183031471164,0.16232824173650262,0.018441060962226783,0.16022343433100178,0.018235813285784976,0.16218741022621602,0.018684030126364812,0.01873265058259214
4000,1942,0.18625758270091963,0.018571055492951894,0.18625758270091963,0.018568733965910765,1.7763568394002505e-15,0.004193038953207627,0.1846657937159819,0.0183806271674002,0.1846657937159819,0.018378329445387677,1.7763568394002505e-15,0.004689928541803572,0.18502857607657658,0.018569394376738046,0.1846505461686131,0.018397646766691925,0.185043106566311,0.01805101911563744,0.018070925706929763
4000,1943,0.1482027224683165,0.01774746371808415,0.1482027224683165,0.017745245146449998,8.881784197001252e-16,0.006066930447969494,0.14943959849695104,0.017697828678776315,0.14943959849695104,0.01769561631190989,8.881784197001252e-16,0.006888112310175489,0.14944746561998612,0.017777744272238143,0.14944152239548075,0.017712165238254713,0.14891880129427176,0.018362797747469926,0.018395418942870397
4000,1944,0.21224122535533635,0.018471151332266605,0.21224122535533635,0.018468842294026164,1.7763568394002505e-15,0.014194766224687485,0.21251548462347358,0.018357312773501198,0.21251548462347358,0.018355017965970076,1.7763568394002505e-15,0.015304062304830458,0.21267749671311453,0.01852433872957052,0.2124768577363947,0.018386319054436145,0.21369499212192078,0.017848737103969243,0.017998818929252737
4000,1945,0.1686217015326683,0.018573722041933825,0.1686217015326683,0.018571400181553236,1.7763568394002505e-15,0.008768903031148016,0.16901451399607065,0.018462890064782037,0.16901451399607065,0.018460582059264576,8.881784197001252e-16,0.009316254353359348,0.16975102880347687,0.018549552019382666,0.16898060047600133,0.018476039949572375,0.1678903344962045,0.01811455936819689,0.018115150292198536
4000,1946,0.1543644627225596,0.017352105011928104,0.1543644627225596,0.017349935863221345,8.881784197001252e-16,0.01790980264985215,0.15522067053516353,0.01727384637262805,0.15522067053516353,0.017271687006862674,8.881784197001252e-16,0.018500710237437427,0.15389845099406246,0.017360633635293075,0.15516985966173896,0.017278765509014582,0.15413140407706566,0.017514689563745682,0.017633145818048757
4000,1947,0.19235422613254527,0.018567827311489277,0.19235422613254527,0.01856550618799605,3.552713678800501e-15,0.009411928816644035,0.1926400060879639,0.01858288324480901,0.1926400060879639,0.018580560239206487,3.552713678800501e-15,0.008645423997302852,0.19230092315205138,0.01858275719129989,0.19273168270071683,0.018598607601797743,0.1903236521408731,0.019108287433873442,0.018850122329826993
4000,1948,0.16726744622594858,0.01861999052994691,0.16726744622594858,0.0186176628856438,8.881784197001252e-16,0.006354038042858135,0.16824335232132592,0.018522943118580798,0.16824335232132592,0.018520627605962393,1.7763568394002505e-15,0.006630490086699878,0.16924057623264332,0.018574323785247815,0.16823478054895852,0.018544391062462497,0.16828971080866895,0.017812861771745448,0.017807631293134354
4000,1949,0.18901256418847856,0.018150750604721606,0.18901256418847856,0.01814848161907555,1.7763568394002505e-15,0.01795069662626546,0.19050879289784006,0.017985696328974173,0.19050879289784006,0.017983447976402233,1.7763568394002505e-15,0.016293821005526746,0.19107239531420822,0.01812782411327486,0.19048021959737454,0.017996690254884203,0.19030043672083907,0.018078688853839456,0.018075835997505597
4000,1950,0.15668571917512852,0.017894179513787977,0.15668571917512852,0.017891942601532995,1.7763568394002505e-15,0.0059610936269817675,0.1572519166869112,0.017799680848067188,0.1572519166869112,0.01779745574888379,1.7763568394002505e-15,0.006204769065881537,0.15689298299817922,0.017879119530878305,0.15724703077880398,0.017809765155473847,0.1582597046317908,0.018098317501891652,0.01819760616366473
4000,1951,0.19516932625394773,0.018447890427087776,0.19516932625394773,0.01844558429664223,1.7763568394002505e-15,0.00645318031308208,0.1956287530017522,0.018355896515383704,0.1956287530017522,0.018353601884895914,8.881784197001252e-16,0.0076216300861650715,0.19458199851105362,0.018391091151781676,0.1956630466960489,0.018361838650240554,0.1965497543760104,0.01818929503861288,0.018199812250697386
4000,1952,0.18679954015160166,0.018433370585108445,0.18679954015160166,0.018431066269756595,8.881784197001252e-16,0.012957159184500947,0.1857783930966871,0.018369210175769517,0.1857783930966871,0.018366913880970153,8.881784197001252e-16,0.013457555587406729,0.1846030885471504,0.01848537558100677,0.18573866223609053,0.01838055961435635,0.18680953065498862,0.018031353816777073,0.01801294820808516
4000,1953,0.18818472523724122,0.019306093648452524,0.18818472523724122,0.019303680235898752,1.7763568394002505e-15,0.009589000815770146,0.18763229746397603,0.01922155629735917,0.18763229746397603,0.019219153452634818,1.7763568394002505e-15,0.010623183317050377,0.18866637406976838,0.01944167510006679,0.18767394283497302,0.019243744256374613,0.1859993521408531,0.01882498436433781,0.01880389507763766
4000,1954,0.16198082104714184,0.01903160788469239,0.16198082104714184,0.01902922878500378,8.881784197001252e-16,0.006074606980986466,0.16365742776541548,0.019040410003774686,0.16365742776541548,0.019038029803752413,3.552713678800501e-15,0.006382483604656134,0.16467515007468858,0.019245677354523046,0.16365515695821659,0.019063967682775813,0.16138742424151542,0.017847935267747493,0.017820204435568525
4000,1955,0.2119138162474422,0.017907693663317424,0.2119138162474422,0.017905455061688162,1.7763568394002505e-15,0.025857911532437036,0.2128242428825065,0.017802832322831745,0.2128242428825065,0.017800606829689376,8.881784197001252e-16,0.026167965662804858,0.2114768344992854,0.017907083073303316,0.21279466671497999,0.017809701687796622,0.21247363748669712,0.018077546139435456,0.01802916147984306
4000,1956,0.18736879973599868,0.018411593480524457,0.18736879973599868,0.018409291887480833,1.7763568394002505e-15,0.00424033483169379,0.1871706583236833,0.018282801489128513,0.1871706583236833,0.018280515996090128,8.881784197001252e-16,0.0044292585743800905,0.18813039877982707,0.018445657614271704,0.18714418720894538,0.018299013325468308,0.1864718396565817,0.018364875361409023,0.018339776485885907
4000,1957,0.1848690753872722,0.018391712740113874,0.1848690753872722,0.018389413632318143,8.881784197001252e-16,0.01735783906529366,0.18502297076675694,0.018360730337287055,0.18502297076675694,0.018358435102533755,8.881784197001252e-16,0.01709612135271996,0.18468192609315143,0.018446000554946697,0.18500666947730193,0.018367371731258287,0.18588540235991918,0.018678050308528663,0.01866711328210799
4000,1958,0.19442001674361825,0.022317341228001455,0.19442001674361825,0.022314551385971926,7.105427357601002e-15,0.006859743388175665,0.1931039537461301,0.021514953747303896,0.1931039537461301,0.02151226420997889,7.105427357601002e-15,0.008152214180967713,0.19493549625885653,0.02295804744496131,0.1932507158885508,0.021616007517477977,0.19153344076696954,0.02025937690271456,0.020731363693364455
4000,1959,0.18954039710060505,0.01770372175796671,0.18954039710060505,0.017701508654419346,8.881784197001252e-16,0.010311180229172243,0.18874756003329068,0.017578179596879746,0.18874756003329068,0.01757598218708344,8.881784197001252e-16,0.009534657146248494,0.18849915007196277,0.017668937123832686,0.18872524941914404,0.01758823925453889,0.18539798102835753,0.017574289027762695,0.01759872338850903
4000,1960,0.16818791866504673,0.018700321815621448,0.16818791866504673,0.018697984129279966,1.7763568394002505e-15,0.010565932756438945,0.16699810601823395,0.0185828012525389,0.16699810601823395,0.018580478257186048,1.7763568394002505e-15,0.009217322109654494,0.1675131713009091,0.018746779774334796,0.16702043345349932,0.018606130611745042,0.16623995680491938,0.018236665853044013,0.01823471900421738
4000,1961,0.21617009514973817,0.01876529404641171,0.21617009514973817,0.018762948238033723,8.881784197001252e-16,0.009581419934189083,0.21575111724817714,0.018683672687617215,0.21575111724817714,0.018681337082546823,8.881784197001252e-16,0.009356981822254305,0.21570629358514887,0.01878755313812462,0.21576779464131313,0.018703819283492018,0.21618296990686509,0.018664633718396748,0.018688166802144576
4000,1962,0.2047384948372727,0.017956146442756712,0.2047384948372727,0.017953901784151436,8.881784197001252e-16,0.010619466174126551,0.20501342321416943,0.01788018025383179,0.20501342321416943,0.01787794509159369,8.881784197001252e-16,0.012206945465397181,0.20496927039832835,0.01797773891595687,0.20500213598352862,0.017886328116131157,0.2070288151650182,0.01823436247501778,0.01827413140639222
4000,1963,0.19193069107339722,0.018524117176408363,0.19193069107339722,0.018521801517023557,1.7763568394002505e-15,0.006492453095330053,0.19264823681411203,0.018402299873073635,0.19264823681411203,0.018399999441803563,8.881784197001252e-16,0.0075426434891585105,0.19316970876872314,0.018598856193419163,0.19266513546271852,0.018425131176296714,0.1935657071389958,0.01823902456610028,0.0182039764978655
4000,1964,0.2011873365457929,0.018295670957649515,0.2011873365457929,0.018293383855827013,1.7763568394002505e-15,0.0025857489839746107,0.20130251331213433,0.01820010719911087,0.20130251331213433,0.01819783204350487,1.7763568394002505e-15,0.002551364436760017,0.2007362686373207,0.018406746481588517,0.20127558976469379,0.018215911145186104,0.20140733220715135,0.018021865191167212,0.018004691079096177
4000,1965,0.1919411215090277,0.01835783270863761,0.1919411215090277,0.018355537836110533,1.7763568394002505e-15,0.007888467976417448,0.19084698869232525,0.01817044147757,0.19084698869232525,0.01816817003041098,1.7763568394002505e-15,0.007760554151830167,0.190682686749721,0.018227586501448508,0.1908401136062602,0.018188740611948907,0.19053610076140498,0.017961795273006616,0.017987679676155024
4000,1966,0.18576404018759812,0.019386056156282815,0.18576404018759812,0.019383632747790782,8.881784197001252e-16,0.010097225418047126,0.18609258365096937,0.019481163227547303,0.18609258365096937,0.01947872792992824,8.881784197001252e-16,0.010417142192215158,0.18541718631961635,0.019766089031883295,0.18611989585727057,0.019517103786051735,0.185769695197401,0.019561145366062738,0.019757417834655632
4000,1967,0.19445063593808887,0.018299708505574566,0.19445063593808887,0.01829742089902702,8.881784197001252e-16,0.005237485627649648,0.19505486777521197,0.018236374762661885,0.19505486777521197,0.018234095073327062,1.7763568394002505e-15,0.005478976815600595,0.1946119836293443,0.01833930984169879,0.19508467540413865,0.01824727581259317,0.1955949148205277,0.01761837413355974,0.017690228712526096
4000,1968,0.17663194452692793,0.018380258314489997,0.17663194452692793,0.018377960638586967,1.7763568394002505e-15,0.002305105234279473,0.1768446878204356,0.018256277867477997,0.1768446878204356,0.01825399569009956,1.7763568394002505e-15,0.002079135237613433,0.17806219869387768,0.018359585672417033,0.17679346053991463,0.018269266439522314,0.17777816087172832,0.01745650855883263,0.01746047609104041
4000,1969,0.1756939388634221,0.01841606645036562,0.1756939388634221,0.01841376429816582,1.7763568394002505e-15,0.014043500940626138,0.17514748951841352,0.018343159472912495,0.17514748951841352,0.01834086643465453,1.3322676295501878e-15,0.014208152262397997,0.17359215830408542,0.018472595855405304,0.17515206597870375,0.018356829369306864,0.17565991337945047,0.018280332911132555,0.018281815185558402
4000,1970,0.15716286451838607,0.019044086301861444,0.15716286451838607,0.019041705642273185,3.552713678800501e-15,0.008213352675911105,0.15800881792460592,0.018813533368593052,0.15800881792460592,0.018811181529922873,1.7763568394002505e-15,0.008953707233974815,0.1597655787039594,0.019139996407751537,0.15803934883326143,0.018831156427077944,0.1592143443831195,0.01811145534864979,0.018187089963292265
4000,1971,0.1882626992288603,0.018059354883227068,0.1882626992288603,0.018057097322760316,1.7763568394002505e-15,0.007160613592126292,0.18756839978865197,0.01788814794726607,0.18756839978865197,0.017885911789004037,8.881784197001252e-16,0.007352919381964618,0.18771778741231465,0.017976847989831433,0.18752982993573852,0.017897319351359207,0.18762837846298647,0.01815757977580822,0.018149921411857492
4000,1972,0.19032752672823494,0.01764179144057447,0.19032752672823494,0.01763958607880067,1.3322676295501878e-15,0.00724340827913418,0.1900707295474025,0.017597415264284495,0.1900707295474025,0.017595215449879468,8.881784197001252e-16,0.006941395715019056,0.19140148449770245,0.01772911267186094,0.19006308575746134,0.017604168766588962,0.18865125247367742,0.01794138245867659,0.017959780580446363
4000,1973,0.19890869810394896,0.018431539491655217,0.19890869810394896,0.01842923540520436,3.552713678800501e-15,0.012768920782322314,0.19847857156658238,0.018338369225250218,0.19847857156658238,0.01833607678581064,1.7763568394002505e-15,0.011442425878163812,0.19699769493769448,0.018519615870019553,0.19850475873068146,0.01834817545250151,0.19887298141195864,0.01865518576144178,0.0186633283555195
4000,1974,0.17913955002365523,0.018539470994916863,0.17913955002365523,0.018537153416184775,1.7763568394002505e-15,0.0067353383405120955,0.17840533959072674,0.018464263719161433,0.17840533959072674,0.018461955541926443,8.881784197001252e-16,0.006625591985325773,0.1794540869832295,0.01870702046131396,0.17842199472469855,0.018486300123604377,0.1790013018628024,0.01898388760481517,0.018995007163800995
4000,1975,0.19434084235964305,0.018574757442838413,0.19434084235964305,0.018572435453024626,1.7763568394002505e-15,0.01909862333099626,0.19323948211098307,0.01832805667697955,0.19323948211098307,0.018325765526689086,1.7763568394002505e-15,0.01601740315951189,0.19426882030745196,0.018564271231069823,0.19321897880612843,0.0183495149443281,0.1926078937455934,0.01831517812594465,0.018305657794352864
4000,1976,0.15804595257992826,0.01827485566954814,0.15804595257992826,0.018272571169799284,8.881784197001252e-16,0.010054080629612031,0.15779872144402823,0.018173969117689488,0.15779872144402823,0.01817169722954789,1.7763568394002505e-15,0.009290140615395964,0.1579635734400498,0.01839539634616085,0.15778881140886608,0.018191362216623406,0.15817530475414798,0.018076817101263642,0.01808870456825755
4000,1977,0.18736243474103298,0.018684426991759654,0.18736243474103298,0.01868209129239535,3.552713678800501e-15,0.004504419931385368,0.18815699838735755,0.018545637988608855,0.18815699838735755,0.01854331963895437,1.7763568394002505e-15,0.004879413317111156,0.18849683106445086,0.018654765667465614,0.18818156690612275,0.01856643542760832,0.1880710391057327,0.018817510275523662,0.018804574960898025
4000,1978,0.18827071125062178,0.01991666479763098,0.18827071125062178,0.01991417505891288,3.552713678800501e-15,0.011939444966795193,0.18708970112852602,0.019527467229388817,0.18708970112852602,0.019525026143407734,1.7763568394002505e-15,0.012262576892128113,0.18783227776630462,0.019681190672463628,0.1871666169434465,0.019573802614467343,0.18665975688557102,0.019357567400927936,0.019462832853419133
4000,1979,0.1859786408587178,0.01838996254837693,0.1859786408587178,0.018387663659368836,1.7763568394002505e-15,0.00952066223455871,0.18812594821868062,0.018293820133710524,0.18812594821868062,0.01829153326325547,1.7763568394002505e-15,0.009192945108157406,0.18781303582834885,0.018468365061312792,0.1881188582434622,0.018309869180736335,0.18926412773997897,0.017753071454783075,0.01780772602440813
4000,1980,0.1637655125495565,0.018135029161637974,0.1637655125495565,0.01813276214129514,8.881784197001252e-16,0.005049760749117296,0.16329484167446812,0.01799014137720325,0.16329484167446812,0.01798789246896555,8.881784197001252e-16,0.004721551871868108,0.16310302483737127,0.01812121431156658,0.1632611681413932,0.017998384138658986,0.1633167590063509,0.01785227340265102,0.0179259832289387
4000,1981,0.1626650302730568,0.018922877268217085,0.1626650302730568,0.018920511760705097,8.881784197001252e-16,0.012649214690336572,0.16494362004602614,0.019111389665578977,0.16494362004602614,0.019109000592544383,1.7763568394002505e-15,0.012308681941882789,0.16432794214628593,0.019046834552922123,0.16495860462929474,0.019139125781599996,0.16381837644157482,0.01908070555722537,0.019004788452608973
4000,1982,0.1788264279439295,0.01783681865576441,0.1788264279439295,0.01783458891406487,1.7763568394002505e-15,0.011038575292553249,0.1809562055992549,0.01782946150726887,0.1809562055992549,0.017827232685270384,1.7763568394002505e-15,0.010162679921253456,0.18083242684294365,0.01793151096095895,0.18090059131483927,0.01783998491655196,0.1817548417883244,0.017509608126184954,0.01753492330697409
4000,1983,0.1725399549715757,0.01763524286129589,0.1725399549715757,0.01763303831814567,1.7763568394002505e-15,0.005458624995687191,0.17349165381980147,0.017577843595345147,0.17349165381980147,0.01757564622755165,8.881784197001252e-16,0.004736925521576113,0.17241742278891747,0.017621762706903604,0.17344368802531507,0.01758959357013185,0.1732960295462061,0.01800701766882178,0.018027717055449113
4000,1984,0.19924284445135126,0.01749436562152366,0.19924284445135126,0.01749217868912915,8.881784197001252e-16,0.028222844013280287,0.19947176688860896,0.017397056352709314,0.19947176688860896,0.01739488158473373,8.881784197001252e-16,0.029732475659072645,0.1986378804145591,0.017538953661371655,0.19947673261271265,0.017399725347335974,0.199037920531133,0.018307132322549394,0.01831076165370019
4000,1985,0.22197805626944145,0.018826966480616145,0.22197805626944145,0.018824612962702006,3.552713678800501e-15,0.006980891248967618,0.22094542115705068,0.018724740898722763,0.22094542115705068,0.018722400159805096,8.881784197001252e-16,0.007205613950691669,0.22044928599754016,0.018796376145782955,0.22094888006243324,0.01874956545569589,0.2222233676198973,0.018217354738562227,0.018396498410847197
4000,1986,0.16058256854963526,0.017711323015807988,0.16058256854963526,0.017709108962044,1.7763568394002505e-15,0.010178472838893159,0.1601623637947266,0.01760698978358203,0.1601623637947266,0.01760478877228728,1.7763568394002505e-15,0.009989201117038278,0.16024786675535113,0.017704885111372574,0.16013805861391833,0.017612787166047857,0.16109204608826555,0.017853636861213964,0.01792420110623398
4000,1987,0.14752601753452438,0.018270269914977256,0.14752601753452438,0.018267985988483556,8.881784197001252e-16,0.005423590910150571,0.1495656698683877,0.01826665250830809,0.1495656698683877,0.01826436903401849,1.7763568394002505e-15,0.0048694208933953076,0.14988796738136917,0.01837260139085613,0.1495638195759259,0.018283165612269794,0.14784595241975568,0.018410660269654384,0.01832183832351034
4000,1988,0.17803129827237701,0.01805460949083291,0.17803129827237701,0.018052352523577286,1.7763568394002505e-15,0.004871135606790863,0.17936935484101563,0.017904596797484105,0.17936935484101563,0.01790235858298727,8.881784197001252e-16,0.005100481442269432,0.17939755621116116,0.01799155352917935,0.179345777626627,0.017911416474751876,0.1795665363201151,0.01790431971431962,0.017957683047926793
4000,1989,0.1824627875454649,0.01823547126293452,0.1824627875454649,0.018233191686544224,8.881784197001252e-16,0.009021305382013563,0.1820629786491098,0.01816804338621569,0.1820629786491098,0.01816577223883683,1.7763568394002505e-15,0.008393723761385493,0.18136176389949277,0.01825865814469404,0.1820241554797153,0.018181471044658525,0.18268351695678764,0.018150330432866492,0.018148685452682684
4000,1990,0.18997745593530407,0.01782365736269296,0.18997745593530407,0.01782142926625789,1.7763568394002505e-15,0.026988492198226036,0.18976939108097451,0.017844194180358756,0.18976939108097451,0.01784196351666102,1.7763568394002505e-15,0.02561045538619724,0.19083048120684398,0.0179069568190035,0.18976017526886713,0.01785836514247896,0.19064777370255231,0.018862682249021063,0.018858243002155786
4000,1991,0.17317745166312076,0.01860951785254396,0.17317745166312076,0.01860719151740736,1.7763568394002505e-15,0.013070135813500174,0.17227420663035248,0.01843156978605781,0.17227420663035248,0.018429265695819916,1.7763568394002505e-15,0.01610028603410365,0.17216049902867986,0.01864542196592366,0.17227849806369377,0.01844557040676112,0.1724157067565651,0.018990928944791235,0.01897306352492505
4000,1992,0.19585426284670976,0.018334339276231574,0.19585426284670976,0.018332047340567113,1.7763568394002505e-15,0.006942599842472352,0.19634020618095416,0.01827216134692435,0.19634020618095416,0.018269877183986875,8.881784197001252e-16,0.009323495990072915,0.19670265389765101,0.01835361871734811,0.19630741789770068,0.01828659082572275,0.19661141336196536,0.017840214555208865,0.017841305729839177
4000,1993,0.17212951772846813,0.018248765814393116,0.17212951772846813,0.01824648457608001,1.7763568394002505e-15,0.011364506530936413,0.17098325825248967,0.018135499981917595,0.17098325825248967,0.01813323290271855,1.7763568394002505e-15,0.010807456353041266,0.17105818326842948,0.01829481486846838,0.17098433104373167,0.018149836009682938,0.17168423023457052,0.018112261240645623,0.01812606914595654
4000,1994,0.19137121681494357,0.01904185828908384,0.19137121681494357,0.019039477908014586,1.7763568394002505e-15,0.0037087587027347913,0.19106279593684777,0.01888098230681252,0.19106279593684777,0.018878622036498056,1.7763568394002505e-15,0.003675500169732242,0.1909181449122747,0.01895068925149379,0.1910842421674811,0.018907430312864522,0.1919326103610764,0.01849532911716965,0.01853213782979375
4000,1995,0.18487360055343832,0.01811577897867546,0.18487360055343832,0.018113514364755907,1.7763568394002505e-15,0.003036765923532668,0.18518302692313482,0.018009552885318556,0.18518302692313482,0.01800730155049067,8.881784197001252e-16,0.003097886191659498,0.18366147843332847,0.01804868266804328,0.18516106100874424,0.018024415485183593,0.18544273735966144,0.018361341768349086,0.018343188190876075
4000,1996,0.16697327908099818,0.019861535115863815,0.16697327908099818,0.019859052268786693,8.881784197001252e-16,0.007368562736060507,0.16678609609222095,0.019607634949745698,0.16678609609222095,0.01960518384217318,1.7763568394002505e-15,0.006982675253496109,0.1664038088738397,0.019513794829138037,0.16686744902780726,0.019643359145065074,0.1696662671040325,0.019637761691229248,0.019518694260287822
4000,1997,0.18781969674553095,0.018346156532571357,0.18781969674553095,0.01834386311965752,1.7763568394002505e-15,0.009058820662535607,0.18645619621602927,0.018243226055227848,0.18645619621602927,0.01824094550942793,1.7763568394002505e-15,0.009450687367144833,0.18701632393882556,0.01837696863246559,0.18644567816691615,0.01825661703453479,0.18751075711346277,0.018256815206390217,0.01824901167373294
4000,1998,0.18774273004916137,0.01974598101403519,0.18774273004916137,0.01974351261212367,1.7763568394002505e-15,0.013580963028377468,0.18781124345925215,0.019518157417030103,0.18781124345925215,0.01951571749484831,1.7763568394002505e-15,0.011050984171275969,0.18793798148345547,0.019599419620488313,0.1878760344075499,0.019546749840059063,0.18673753546552502,0.018767697700245296,0.01878317798683511
4000,1999,0.181467109656741,0.01787037665054573,0.181467109656741,0.01786814271383464,8.881784197001252e-16,0.012977303789105624,0.1805270348677795,0.01770555646254088,0.1805270348677795,0.01770334312964111,8.881784197001252e-16,0.015460647678241048,0.1807415044972117,0.017818500793122676,0.1805507120827965,0.017715806363377353,0.18115316341112297,0.017783337604739522,0.017810529104568443
4000,2000,0.16327244427667875,0.018115495104521838,0.16327244427667875,0.018113230526088774,1.7763568394002505e-15,0.008721647321162032,0.16295633730560266,0.01798657450373212,0.16295633730560266,0.017984326041381473,8.881784197001252e-16,0.010270181982829512,0.16210602474169034,0.018122901715325965,0.16294129408561886,0.017995283997965926,0.1625656565769602,0.017984888319767196,0.018044936524604135
