n,seed,lib_cv_psi,lib_cv_se,lib_cv_recomp_psi,lib_cv_recomp_se,lib_cv_ic_maxdiff,lib_cv_min_gpi,lib_in_psi,lib_in_se,lib_in_recomp_psi,lib_in_recomp_se,lib_in_ic_maxdiff,lib_in_min_gpi,own_cv_psi,own_cv_se,own_in_psi,own_in_se,oracle_psi,oracle_se,eif_se
16000,1001,0.19481811099872337,0.00912588706818768,0.19481811099872337,0.00912560187976066,3.552713678800501e-15,0.005163644503373549,0.19490680760154094,0.00910186558880911,0.19490680760154094,0.009101581151065049,1.7763568394002505e-15,0.00529407644170442,0.19486759798191206,0.00913114184680401,0.1949054678048197,0.009106148402902078,0.19482925632762843,0.009270182482363472,0.009272108339150082
16000,1002,0.19314223598610036,0.008949245709619615,0.19314223598610036,0.008948966041321303,1.7763568394002505e-15,0.00949231604840945,0.19324421902685612,0.008938746925307502,0.19324421902685612,0.008938467585101327,1.7763568394002505e-15,0.009718789624995599,0.1934999101180621,0.008956838024056276,0.19323475939696305,0.0089387574103127,0.19371355206570512,0.009032043513102857,0.009031363110522566
16000,1003,0.18185049580129292,0.009009042434988564,0.18185049580129292,0.009008760898013387,1.7763568394002505e-15,0.00837704095163617,0.18180368659761847,0.008997751290307351,0.18180368659761847,0.008997470106185958,1.7763568394002505e-15,0.008342761558779744,0.18169867600211564,0.009010427018418404,0.18179082682455322,0.008998774900377754,0.18216369587534575,0.00896464217701896,0.008970720369532535
16000,1004,0.18238577727930105,0.009205602794633522,0.18238577727930105,0.009205315115051127,2.6645352591003757e-15,0.007371824374587904,0.1823898657541545,0.009189854764053573,0.1823898657541545,0.009189567576604824,1.7763568394002505e-15,0.007781936923716127,0.1823365431704987,0.009218756385019662,0.18238261635534347,0.009196468164633449,0.18289592015882306,0.009093130777182922,0.009091227549088607
16000,1005,0.19169718070048908,0.009453059107166189,0.19169718070048908,0.009452763694453196,3.552713678800501e-15,0.010212540181193231,0.19140702864868014,0.009400412043137405,0.19140702864868014,0.009400118275670869,7.105427357601002e-15,0.009979632522222831,0.19118243436555893,0.009422433643128737,0.1914191316476419,0.00940242079460634,0.191470088500458,0.009281897072684932,0.009282757641926974
16000,1006,0.2013643825265587,0.009132983782126503,0.2013643825265587,0.009132698371923709,1.7763568394002505e-15,0.009840063471045078,0.20155590000576096,0.009124222486284455,0.20155590000576096,0.009123937349876434,1.7763568394002505e-15,0.009980033412951332,0.2017382420586219,0.009141599241790109,0.2015601700848117,0.009125794399778855,0.20112074605176983,0.009284615920864756,0.009284946219336036
16000,1007,0.18377306193588083,0.009410408926505551,0.18377306193588083,0.00941011484663153,3.552713678800501e-15,0.006040768934127573,0.18393113038060177,0.009406039495790624,0.18393113038060177,0.009405745552463445,3.552713678800501e-15,0.006263295972843346,0.1839196646941762,0.009411890980732867,0.1839390700165034,0.00940789442762693,0.18378394692080952,0.009271183434759224,0.00926902932939795
16000,1008,0.19525907284928257,0.009029945699514267,0.19525907284928257,0.009029663509301867,1.7763568394002505e-15,0.006806700299928645,0.19541399102049123,0.009015300000385355,0.19541399102049123,0.009015018267858202,3.552713678800501e-15,0.006680860736739977,0.195734752867886,0.009030763711114437,0.19541415491003478,0.009012901910077593,0.1954205730927765,0.00920377472377635,0.009189696672132899
16000,1009,0.1890610876645688,0.009024493753470456,0.1890610876645688,0.009024211733634031,1.7763568394002505e-15,0.006131829334620135,0.18905489112906027,0.00901733556833382,0.18905489112906027,0.009017053772194175,1.7763568394002505e-15,0.006675734089342525,0.18892636407057428,0.00902441423205051,0.1890500766652073,0.009017305602888197,0.18910149163354267,0.009066303248469191,0.009065990443320909
16000,1010,0.1922463127296698,0.009022229936690539,0.1922463127296698,0.009021947987599496,3.552713678800501e-15,0.006981808217450393,0.19218898877204144,0.009006501391409814,0.19218898877204144,0.00900621993384349,1.7763568394002505e-15,0.006823374821417782,0.1921195104997035,0.009015562921422164,0.19218941663898365,0.009005185017745655,0.1919578775679719,0.00908154764090742,0.009084732645582471
16000,1011,0.2084907513287142,0.008967224326796154,0.2084907513287142,0.008966944096657277,1.7763568394002505e-15,0.0044640060904910005,0.2091356879163762,0.008943584638376238,0.2091356879163762,0.008943305146989168,1.7763568394002505e-15,0.004799121811210007,0.20918762280586306,0.008958150409717822,0.20912483359852047,0.008943989463654703,0.2094811889237858,0.00893410794262776,0.008915289078608392
16000,1012,0.20431487850427177,0.00912352246644086,0.20431487850427177,0.0091232373519088,1.7763568394002505e-15,0.004114041953539636,0.20436384112689643,0.0091083458101434,0.20436384112689643,0.009108061169889261,1.7763568394002505e-15,0.004084652717280116,0.20442779956918766,0.009122907514032417,0.2043666453174524,0.00911038575191604,0.2045742777095227,0.009140253072782469,0.009137837704893154
16000,1013,0.17819481598158698,0.009260487878122196,0.17819481598158698,0.00926019848335414,3.552713678800501e-15,0.008127573076715742,0.17803996820003715,0.009241408862194815,0.17803996820003715,0.009241120063655324,1.7763568394002505e-15,0.007886742478690445,0.1783119773571763,0.009264359036293973,0.1780394871779366,0.009241833453323467,0.17816255705286027,0.009317589841280774,0.009307624481547361
16000,1014,0.18554541940374264,0.009002026960467098,0.18554541940374264,0.009001745642728924,1.7763568394002505e-15,0.0059785048342291935,0.18541299512305615,0.008989670813628852,0.18541299512305615,0.008989389882026301,3.552713678800501e-15,0.006505036357015091,0.185453651777793,0.009005022944519868,0.18541343226796242,0.008988960314303187,0.18520175192378224,0.008995842611943103,0.009009433225568434
16000,1015,0.18075168839844802,0.00908328301974755,0.18075168839844802,0.009082999162717847,1.7763568394002505e-15,0.004978319642352913,0.18061559772860142,0.009065666240262239,0.18061559772860142,0.009065382933765498,1.7763568394002505e-15,0.004731410377706575,0.18082011880499765,0.009079409797496137,0.18061334191512496,0.009066588504573274,0.18075883205255472,0.008914901638505005,0.00892011058535214
16000,1016,0.17796773885736533,0.009022744996638467,0.17796773885736533,0.009022463031451548,3.552713678800501e-15,0.00600842625691915,0.17790997796897173,0.008993878281591133,0.17790997796897173,0.008993597218503152,1.7763568394002505e-15,0.005625298199557623,0.17818131884437766,0.00900181981566531,0.17790448493733557,0.008994832270951512,0.1779354140297263,0.009144361543804292,0.009150480814395918
16000,1017,0.19194738525344274,0.009048700644966707,0.19194738525344274,0.009048417868653102,1.7763568394002505e-15,0.005491041996886351,0.191967550668931,0.009044821251375254,0.191967550668931,0.009044538596294593,1.7763568394002505e-15,0.0057431221133537845,0.19190224204344047,0.009056525593599193,0.19196232492348814,0.009045557129193223,0.19194180090623902,0.008930714480844575,0.0089248728163204
16000,1018,0.1788555758313059,0.01109130629161572,0.1788555758313059,0.011090959682878262,3.552713678800501e-15,0.008720407883249634,0.17881817932751537,0.010949221466409479,0.17881817932751537,0.010948879297892187,3.552713678800501e-15,0.009048843578489542,0.17876849648742232,0.010880744077045028,0.17883218245018023,0.010961424136370234,0.17843877623637566,0.01057195069003203,0.011025763964241223
16000,1019,0.1742992395109747,0.00914769283140258,0.1742992395109747,0.00914740696153481,1.7763568394002505e-15,0.003015775233607846,0.17420869566930136,0.009141538903039918,0.17420869566930136,0.009141253225485417,1.7763568394002505e-15,0.0029032429472321806,0.17448284800287095,0.009169676702959898,0.17420824258983775,0.009143157252703392,0.17425267366765856,0.009207858757382437,0.009209129567757438
16000,1020,0.1900123848420438,0.009038239364484231,0.1900123848420438,0.009037956915090751,1.7763568394002505e-15,0.002445971032351393,0.19002099155383378,0.009025388643701676,0.19002099155383378,0.009025106595899494,8.881784197001252e-16,0.0023774707402355764,0.19008085141030268,0.009036196471966318,0.19001529200001088,0.009027050124088313,0.18993173454604884,0.00904857487426771,0.009045940785897657
16000,1021,0.18710895466480787,0.009225145683345452,0.18710895466480787,0.009224857393038239,1.7763568394002505e-15,0.0032580314231949203,0.18709329736579983,0.009208365775220429,0.18709329736579983,0.00920807800929354,3.552713678800501e-15,0.0030929534477948046,0.18693192554816324,0.00922698453201888,0.1870905794292298,0.009211381518407086,0.1871086525621034,0.009323702149027424,0.009325904300660656
16000,1022,0.172471638826676,0.009164830948849418,0.172471638826676,0.009164544543407111,1.7763568394002505e-15,0.004574939976674829,0.17228663556459084,0.009140464175669995,0.17228663556459084,0.009140178531701248,1.7763568394002505e-15,0.004188101563800641,0.17235127101294462,0.009151699041708422,0.17228431803479866,0.00914187280790795,0.17236733358454476,0.00912873950743715,0.009138118240148882
16000,1023,0.17594490819639902,0.009118456879601796,0.17594490819639902,0.0091181719233718,1.7763568394002505e-15,0.00627649355494472,0.17602963421649254,0.009099369296404794,0.17602963421649254,0.009099084936671092,1.7763568394002505e-15,0.006552005998789126,0.17639278915277262,0.009105731833911628,0.1760279876422452,0.009100038543114627,0.17650759867905763,0.00905089077262828,0.00907222483043399
16000,1024,0.18281809666224785,0.009070753483739981,0.18281809666224785,0.009070470018264398,3.552713678800501e-15,0.005305354595565447,0.182521162827542,0.009041734428360218,0.182521162827542,0.009041451869744284,1.7763568394002505e-15,0.005436530675480837,0.18258252914608608,0.009065292984971164,0.18251490839137074,0.009042176759528167,0.18269026128434612,0.009025864868754271,0.009027246989822456
16000,1025,0.18010876767229045,0.009053546432890226,0.18010876767229045,0.009053263505143384,8.881784197001252e-16,0.0026146274031641882,0.1802014017369527,0.009040261554607576,0.1802014017369527,0.009039979042019666,1.7763568394002505e-15,0.0025128841171982953,0.17982430655727177,0.00905068163029663,0.180196952098456,0.00904029591566001,0.18039657096667072,0.008884115030879491,0.00889733438698015
16000,1026,0.1931147226728695,0.009083001782396315,0.1931147226728695,0.009082717934155417,1.7763568394002505e-15,0.005995855266684977,0.1929104384143861,0.009069534839164084,0.1929104384143861,0.00906925141177174,1.7763568394002505e-15,0.005467718730079591,0.1929907185995633,0.009086162489031211,0.19290350282436924,0.009070076960030345,0.1932316774988635,0.008967057964084134,0.008963987415581312
16000,1027,0.17696422572491705,0.00912478330542241,0.17696422572491705,0.009124498151488516,1.7763568394002505e-15,0.004317927823713536,0.17701348384769156,0.009108765551976412,0.17701348384769156,0.009108480898605135,1.7763568394002505e-15,0.0041267130874603625,0.17712191177459163,0.00912137924868284,0.1770127764441971,0.009109402475689714,0.1773169412296886,0.008980901444244464,0.009002669178473302
16000,1028,0.18590564018107392,0.009141541068428124,0.18590564018107392,0.009141255390805954,1.7763568394002505e-15,0.007025057191919783,0.18596904513731038,0.009129624223965259,0.18596904513731038,0.009129338918750297,1.7763568394002505e-15,0.006536937962850857,0.18617580835450287,0.009145655352528037,0.18597770943786102,0.009130598663679327,0.18585567586461832,0.009188269823102575,0.009187367544809609
16000,1029,0.17281030873852965,0.009133687505968142,0.17281030873852965,0.009133402073773632,1.7763568394002505e-15,0.0034524669029381114,0.17307499489676198,0.009119836042798516,0.17307499489676198,0.009119551043468994,1.7763568394002505e-15,0.0030698122876510266,0.17313310731193937,0.009136876087569377,0.17306980851476333,0.009120877807042623,0.17288744339266243,0.009044522630291464,0.009043287128041552
16000,1030,0.19625926292973234,0.009153559723421903,0.19625926292973234,0.009153273670210894,1.7763568394002505e-15,0.009095284507370148,0.1960465667485211,0.009141125761384488,0.1960465667485211,0.009140840096740864,1.7763568394002505e-15,0.008908739434655939,0.19563089050422605,0.00915749297137307,0.19604776147079156,0.00914211844800495,0.19630165418903006,0.00912988544819462,0.009121277021176254
16000,1031,0.19764233928790775,0.009042900360927184,0.19764233928790775,0.00904261776587529,1.7763568394002505e-15,0.009219230894445735,0.19761114371959831,0.00903266684890309,0.19761114371959831,0.009032384573653443,1.7763568394002505e-15,0.009148254611370123,0.19738932677927978,0.009052109572355546,0.19760269136490316,0.009032706470828952,0.19777528528096688,0.00900336883274249,0.008997018378460328
16000,1032,0.20180089351940994,0.00920477107335314,0.20180089351940994,0.009204483419762441,1.7763568394002505e-15,0.007431662551108076,0.20187797973094773,0.009172786969535187,0.20187797973094773,0.00917250031546335,1.7763568394002505e-15,0.007302430010068151,0.2014317018593077,0.00919607756033931,0.20187656364173517,0.00917351094357109,0.20211231898771015,0.00930472645683125,0.009304439616038553
16000,1033,0.17474763571925367,0.009023968061662455,0.17474763571925367,0.009023686058254156,1.7763568394002505e-15,0.00751662263372247,0.1743590558047311,0.00900841232539973,0.1743590558047311,0.009008130808115786,1.7763568394002505e-15,0.007635727963768727,0.17426502780931002,0.009021534300857816,0.1743563454999379,0.009009372774028964,0.17468526573661203,0.009244768449625072,0.009242169117379514
16000,1034,0.17517067429450395,0.009064533543977241,0.17517067429450395,0.009064250272877812,1.7763568394002505e-15,0.0051360856852070615,0.175057078455845,0.009050608329421873,0.175057078455845,0.0090503254934922,1.7763568394002505e-15,0.005166965629992944,0.17510167692082468,0.009072210427537157,0.1750567530740636,0.009051760436071605,0.17482145355005602,0.009098552809921544,0.009100384158791473
16000,1035,0.20541342078352254,0.009079069690600924,0.20541342078352254,0.009078785965239814,1.7763568394002505e-15,0.010402604547262238,0.20565298417181227,0.00906336426713384,0.20565298417181227,0.009063081032574883,3.552713678800501e-15,0.010030829031209106,0.20531675854215753,0.009069526777583412,0.2056501698130227,0.00906318254802824,0.20589312605294285,0.009220147503036718,0.00922417492252652
16000,1036,0.19218825871685752,0.00895024275846966,0.19218825871685752,0.008949963059013084,1.7763568394002505e-15,0.00871904137104487,0.19188830227095693,0.008942117200759249,0.19188830227095693,0.008941837755230322,1.7763568394002505e-15,0.008655658232976567,0.19208557462398074,0.008945653709329007,0.19188123479287084,0.008939717256675302,0.1910945162249006,0.009072257323451094,0.009072816031140293
16000,1037,0.20436928800601906,0.009457273209180512,0.20436928800601906,0.009456977664774774,3.552713678800501e-15,0.005627301484448587,0.20414922055834844,0.009404016145581097,0.20414922055834844,0.009403722265484601,1.7763568394002505e-15,0.005297348693230027,0.20387315720818155,0.009426991588834453,0.20415047438364098,0.009406953683752418,0.20393411775199516,0.0093296399244892,0.009410845585185195
16000,1038,0.187189337526122,0.009169665066036529,0.187189337526122,0.009169378509525702,3.552713678800501e-15,0.010061925871834713,0.18743240126846217,0.009169715981714224,0.18743240126846217,0.009169429423612254,3.552713678800501e-15,0.01020700003997861,0.1872766054161692,0.00918387300413681,0.1874349719907571,0.009167057519230436,0.1877581915849753,0.009294812792171807,0.009292494939724134
16000,1039,0.18697825560789288,0.009003164413089322,0.18697825560789288,0.009002883059805199,8.881784197001252e-16,0.0030056145297698645,0.1873175241629983,0.00899744306791886,0.1873175241629983,0.008997161893429568,1.7763568394002505e-15,0.0028854469363490407,0.18742497221924248,0.009006165542190461,0.18731654885939913,0.008995943408293718,0.18709302564098396,0.009099414282639978,0.009099209155506665
16000,1040,0.18746875691078319,0.009049995085803923,0.18746875691078319,0.009049712269038411,1.7763568394002505e-15,0.0058623755537838525,0.18750132525456392,0.009029359449178872,0.18750132525456392,0.00902907727728708,1.7763568394002505e-15,0.005629973341175419,0.18722384126981412,0.009056789149943992,0.18749061704834313,0.009033724894540011,0.18778589736959767,0.009015934889963322,0.009018468493218922
16000,1041,0.19368431194054486,0.009004575653587503,0.19368431194054486,0.009004294256201428,3.552713678800501e-15,0.0064078633411506,0.19410693499581227,0.008988550256886687,0.19410693499581227,0.008988269360302082,1.7763568394002505e-15,0.006307829878902287,0.19414156455076542,0.008998017997797144,0.19410191481669614,0.008993687000084606,0.1938809451198673,0.009136499100651532,0.00912459397882065
16000,1042,0.1873943214024693,0.010162471114144969,0.1873943214024693,0.010162153531960353,1.7763568394002505e-15,0.005373265263126726,0.18734347938830193,0.01008994336680098,0.18734347938830193,0.010089628051143884,7.105427357601002e-15,0.005304853708942737,0.18750931587403924,0.01014039021964068,0.18736122812405281,0.010095809509774773,0.1863980994424509,0.009607762440125947,0.009663534231201478
16000,1043,0.17605495639112023,0.009166907995732568,0.17605495639112023,0.009166621525381531,1.7763568394002505e-15,0.0040941850003484255,0.1760793962156224,0.00912099083182646,0.1760793962156224,0.00912070579640922,1.7763568394002505e-15,0.004539652938124411,0.1756537477349549,0.009125470463625348,0.176071174632156,0.009122485035622512,0.17631120728886507,0.009099404018915508,0.009102354434437444
16000,1044,0.1731494968036168,0.009047488841827215,0.1731494968036168,0.009047206103383052,1.7763568394002505e-15,0.009888430212199179,0.1731906235598763,0.009038395455490018,0.1731906235598763,0.009038113001218618,3.552713678800501e-15,0.010062873660142375,0.17343182314681638,0.00908952732895334,0.17319034120677346,0.00903836773709823,0.17312090302754862,0.009047922485719045,0.009052118467764476
16000,1045,0.18740872415032883,0.009045703482154444,0.18740872415032883,0.00904542079950364,1.7763568394002505e-15,0.0041263677224216535,0.1873700193475823,0.009028711753438898,0.1873700193475823,0.009028429601787916,1.7763568394002505e-15,0.004476803632951098,0.18721495107222613,0.009039646481631526,0.1873652293169965,0.009030688298677828,0.18709473903157353,0.008952993774338117,0.008954141386658216
16000,1046,0.18447436072150958,0.009167445460956807,0.18447436072150958,0.00916715897380972,8.881784197001252e-16,0.006391936629518399,0.18442722585269006,0.009144725881553366,0.18442722585269006,0.00914444010440423,3.552713678800501e-15,0.006390889345432094,0.18462401491669944,0.009161343399357324,0.18442714565165846,0.009145832360968083,0.18433145524493733,0.009081813245141004,0.00908220588696926
16000,1047,0.18989039517869827,0.009270741518081549,0.18989039517869827,0.009270451802882239,1.7763568394002505e-15,0.010426240268558663,0.18957192930340744,0.009259867265027715,0.18957192930340744,0.009259577889654121,1.7763568394002505e-15,0.010609439795224657,0.18953377103858182,0.009272348021328715,0.18957522527822285,0.009260608054935567,0.18940739375878674,0.009227306240957819,0.009227795592389933
16000,1048,0.18263919296477354,0.00914140138027245,0.18263919296477354,0.0091411157070156,3.552713678800501e-15,0.008219426034353081,0.18266157102077268,0.009117504953291661,0.18266157102077268,0.009117220026809824,1.7763568394002505e-15,0.00822735003329765,0.18272141399342845,0.009140636274316292,0.18266534979206334,0.009118356591703118,0.18290084201229462,0.009089885084033751,0.009090181062114277
16000,1049,0.18604453977697905,0.009001681602668682,0.18604453977697905,0.009001400295723107,1.7763568394002505e-15,0.006786413911298619,0.1860818775801497,0.008991902200825306,0.1860818775801497,0.008991621199490816,1.7763568394002505e-15,0.007283961440867799,0.18640034183173532,0.009007908451211211,0.18607887197506712,0.008992223064900511,0.18606704336123242,0.009009058390807291,0.00900868441481297
16000,1050,0.17079306008945544,0.009048457232342924,0.17079306008945544,0.009048174463636082,1.7763568394002505e-15,0.005356572600478205,0.17046429123480156,0.009030703809757762,0.17046429123480156,0.009030421595854045,1.7763568394002505e-15,0.006077837949238549,0.17044741012999282,0.009039894704865874,0.17046067114318258,0.009031583997612612,0.17053560506092763,0.009042524091224769,0.009049890561487257
16000,1051,0.17688972346134763,0.00949395868618153,0.17688972346134763,0.00949366199533672,1.7763568394002505e-15,0.008412112027647134,0.17682821745273647,0.009468509312118912,0.17682821745273647,0.009468213416579468,1.7763568394002505e-15,0.008032216475206955,0.17683888065848125,0.009475562707761941,0.1768346338240112,0.009470288717152962,0.1772871345833345,0.009149077238844387,0.00914984217259836
16000,1052,0.17995174241696688,0.009120020392231988,0.17995174241696688,0.009119735387141456,1.7763568394002505e-15,0.0016223742975616322,0.17977127846894553,0.009108500723642835,0.17977127846894553,0.009108216078547572,3.552713678800501e-15,0.0016539773883485248,0.17985153694866818,0.009117650138043082,0.1797614399255868,0.009109711171996743,0.17956410716914067,0.008881799209719406,0.008883422112671784
16000,1053,0.19358151802964374,0.009085544693929307,0.19358151802964374,0.009085260766221182,1.7763568394002505e-15,0.010597277004971036,0.19393441850726806,0.009073131842034796,0.19393441850726806,0.009072848302234354,1.7763568394002505e-15,0.01006070371671329,0.19372897014274099,0.009091196994044624,0.19393549491730577,0.009074480304472731,0.19404425946173604,0.009189899072258248,0.00918452879547208
16000,1054,0.18559799067421656,0.009107915819531173,0.18559799067421656,0.009107631192714448,1.7763568394002505e-15,0.010460375670264014,0.185817610432239,0.009091190163085853,0.185817610432239,0.009090906058954061,1.7763568394002505e-15,0.009098331695103249,0.185837579580449,0.009109568955488107,0.1858155538404616,0.009090675610901655,0.18561364256490098,0.009181827551745845,0.009179802989584887
16000,1055,0.17834728182923093,0.009255654009786616,0.17834728182923093,0.009255364766079308,1.7763568394002505e-15,0.007523961749605418,0.17835989569039667,0.009246456992070808,0.17835989569039667,0.009246168035774794,3.552713678800501e-15,0.007827021222226805,0.1783703179004174,0.009253951115109984,0.17836438737875826,0.009247034188376274,0.1785299692672387,0.009092132531470011,0.009094176071925631
16000,1056,0.17696398587264217,0.009054704773309817,0.17696398587264217,0.009054421809364272,1.7763568394002505e-15,0.007064965194501918,0.17691868627236618,0.009029604065789457,0.17691868627236618,0.009029321886253277,1.7763568394002505e-15,0.006308524281004884,0.1769916400839628,0.00903241088013158,0.17691423336221984,0.00902970219797043,0.17682584983872562,0.008995833959751834,0.008999862734286455
16000,1057,0.1836880565552858,0.009030783737874781,0.1836880565552858,0.009030501521473272,1.7763568394002505e-15,0.008385648534646092,0.1835614226942523,0.00901690687311437,0.1835614226942523,0.00901662509037166,3.552713678800501e-15,0.00828040911008143,0.18364134170998858,0.009023821031797972,0.18355828727587847,0.00901656067515555,0.18350417531513702,0.008952118525766732,0.00895995405947145
16000,1058,0.18287714585230008,0.009357014598558788,0.18287714585230008,0.009356722187283588,1.7763568394002505e-15,0.003552625364996107,0.18317029984460537,0.009350760111365672,0.18317029984460537,0.009350467895546248,3.552713678800501e-15,0.0033096189311679733,0.18269405783351073,0.009374173036469093,0.1831743663978012,0.009352977867967734,0.18307487906543007,0.009294299663141202,0.009286900000222524
16000,1059,0.19267640301467387,0.009131183254871103,0.19267640301467387,0.009130897900935664,1.7763568394002505e-15,0.01079766507856834,0.19241014709228238,0.009127960027778576,0.19241014709228238,0.009127674774570556,1.7763568394002505e-15,0.010695648955942692,0.19240639916279817,0.009156016075939707,0.1924104226271171,0.009126584738721017,0.19284244981626592,0.009299196534352655,0.009309122925831097
16000,1060,0.18022898774280943,0.00907327249249167,0.18022898774280943,0.009072988948295831,1.7763568394002505e-15,0.0034856768740320586,0.18050529426623912,0.0090720947317962,0.18050529426623912,0.009071811224405958,3.552713678800501e-15,0.0033802284985133247,0.18047010186894136,0.009075201990122267,0.18050735011312274,0.009072144804491445,0.1803670667784915,0.00912507628921741,0.009126553568625979
16000,1061,0.19550258752171995,0.009173075437556672,0.19550258752171995,0.009172788774470067,3.552713678800501e-15,0.011505753723882172,0.19532754681774078,0.009171160265708935,0.19532754681774078,0.009170873662472387,3.552713678800501e-15,0.011326195355782718,0.19602373435638748,0.009212010838328599,0.19532153078511894,0.009169821311217966,0.19554897572878155,0.009180750362235658,0.009193550525010799
16000,1062,0.17211683824488,0.009031743520079303,0.17211683824488,0.009031461273684134,1.7763568394002505e-15,0.006864324486361013,0.17213041981555688,0.009022778620957274,0.17213041981555688,0.009022496654719579,1.7763568394002505e-15,0.006368033661878767,0.17182962387217077,0.009030882081985167,0.17212349409667776,0.009025854128151718,0.17208310593656173,0.00894474023375855,0.008958858639881979
16000,1063,0.19724089299061615,0.00947838370290035,0.19724089299061615,0.009478087498781373,1.3322676295501878e-15,0.007394612387171547,0.1968166036617442,0.009390346698994634,0.1968166036617442,0.009390053246075017,1.7763568394002505e-15,0.006721051625095232,0.19671294811702017,0.009408156839860425,0.19681972696178518,0.00939199334167815,0.19662370461480638,0.009128510195182316,0.009131789397780816
16000,1064,0.1869042602785871,0.009242583272611437,0.1869042602785871,0.009242294437371047,3.552713678800501e-15,0.010716150603039893,0.1874622077884805,0.00923369623812688,0.1874622077884805,0.009233407680610657,1.7763568394002505e-15,0.010821501800462919,0.1874607408141865,0.009245432335694467,0.18746973193814986,0.009235109131063367,0.18729968856686618,0.009070445385902438,0.009071202216855166
16000,1065,0.18370132961625968,0.0094687747878108,0.18370132961625968,0.00946847888397511,7.105427357601002e-15,0.0045932223406190045,0.18337773396091572,0.009434299473175953,0.18337773396091572,0.009434004646710679,3.552713678800501e-15,0.004789665632370972,0.18319660117100978,0.009457354168329327,0.18338651649221316,0.009436120398492188,0.18379626792850878,0.009381571675511652,0.009373368721405437
16000,1066,0.1874967512987994,0.008962439650725731,0.1874967512987994,0.008962159570110317,8.881784197001252e-16,0.006051791616190277,0.18763448132446597,0.008947608825649942,0.18763448132446597,0.008947329208505056,1.7763568394002505e-15,0.005549251710586969,0.18773113769503935,0.008955283457697081,0.18762890942993488,0.008951456834452583,0.1877385368965191,0.009032943223559416,0.009042918317659831
16000,1067,0.1924317955524084,0.009476475263375009,0.1924317955524084,0.0094761791188957,3.552713678800501e-15,0.006630895937011061,0.1922158560681968,0.009437362728606217,0.1922158560681968,0.009437067806412718,3.552713678800501e-15,0.0071139375286933286,0.19206827409674176,0.009468148830364747,0.19221592514619462,0.00943938728739802,0.1925936029901284,0.009503865873922086,0.009496313495332788
16000,1068,0.1994566524983844,0.00922074734590055,0.1994566524983844,0.009220459193043531,1.7763568394002505e-15,0.0038804021863003088,0.19937100366237792,0.009204523499184582,0.19937100366237792,0.009204235853330694,1.7763568394002505e-15,0.003986517037023609,0.1994705512128458,0.009223665366212438,0.19937210289860252,0.009205943439381043,0.199376004777726,0.009106009391376185,0.009091433737265552
16000,1069,0.19840936366810513,0.009201717683842425,0.19840936366810513,0.009201430125671638,8.881784197001252e-16,0.007389316911513047,0.1982661071157223,0.009192208360937777,0.1982661071157223,0.009191921099937975,1.7763568394002505e-15,0.00720924434458654,0.19844406695110994,0.009215027162667153,0.1982547585442937,0.009193648602616856,0.19840497615949243,0.009065065525451834,0.00907741894862087
16000,1070,0.1735781280226139,0.009064515262406505,0.1735781280226139,0.009064231991878382,1.7763568394002505e-15,0.006357733114720976,0.17362068455006224,0.009053600589053946,0.17362068455006224,0.009053317659614698,1.7763568394002505e-15,0.005916160422059616,0.17364248711912322,0.00905987195500717,0.17361939336232174,0.009053504595302762,0.17353120484170925,0.008953582970994092,0.008957508869361442
16000,1071,0.18764570590028173,0.00909239759137498,0.18764570590028173,0.009092113449510466,1.7763568394002505e-15,0.010735836420766458,0.18772547781689297,0.009080893615974974,0.18772547781689297,0.009080609833615305,1.7763568394002505e-15,0.011225500862288467,0.18802239290704198,0.009105418771002417,0.18772702805104113,0.009086371721517333,0.18767226598212505,0.009174892683256322,0.00917097092168387
16000,1072,0.17900379599419675,0.00900348480005689,0.17900379599419675,0.009003203436760518,1.7763568394002505e-15,0.011400250442897508,0.17884336316095473,0.008990128421856161,0.17884336316095473,0.008989847475953132,1.7763568394002505e-15,0.011358520579321307,0.17840729481519385,0.00899408428832095,0.17884304615160512,0.008988239902916025,0.17866839695882952,0.009002766719364947,0.009005733896424395
16000,1073,0.1944994069571619,0.00902853128929752,0.1944994069571619,0.00902824914328613,1.7763568394002505e-15,0.002292193903550982,0.19431527467740012,0.00901272351820127,0.19431527467740012,0.009012441866190447,1.7763568394002505e-15,0.0023322891161015697,0.19423321751659328,0.009021603905302305,0.19430981242737866,0.009016815356241414,0.1942412168400613,0.009083340873727311,0.009092914443462729
16000,1074,0.18393614807446523,0.009652881861125718,0.18393614807446523,0.00965258020385409,3.552713678800501e-15,0.006365624626899263,0.1836900863090209,0.009617406051211398,0.1836900863090209,0.009617105502576152,1.7763568394002505e-15,0.0069546399216936375,0.18365881028678105,0.009641869100229546,0.1836998307038064,0.00961980616727287,0.18335271974143352,0.00960911431161499,0.009616560547567085
16000,1075,0.17600503313711174,0.009105422165721085,0.17600503313711174,0.009105137616832262,3.552713678800501e-15,0.0072870860909967335,0.17598469483210072,0.009094023869300699,0.17598469483210072,0.009093739676614202,1.7763568394002505e-15,0.00730646957605961,0.17613090178277874,0.009109795083200844,0.17597652132296998,0.009094619593176027,0.17551400696099734,0.009024145391227562,0.009024795094054934
16000,1076,0.19208137893055588,0.009306174415350168,0.19208137893055588,0.009305883592855516,3.552713678800501e-15,0.004856177259396983,0.19176864342202765,0.009281869737930567,0.19176864342202765,0.009281579674968952,1.7763568394002505e-15,0.004561893289573183,0.19166260183673461,0.009296962085307671,0.19176579944314237,0.009281436574708984,0.19191270176049613,0.009286555149443683,0.00929926910562688
16000,1077,0.19009924288729046,0.00917376661402763,0.19009924288729046,0.009173479929341425,1.7763568394002505e-15,0.005830698608821244,0.19043667920434904,0.009176897542573408,0.19043667920434904,0.009176610760044156,3.552713678800501e-15,0.006146085909800729,0.19070124482562278,0.00919431762818735,0.19043638138970842,0.009178108062495355,0.190329071580931,0.009138827107979842,0.00913996699021438
16000,1078,0.1907671385447554,0.009130681093721784,0.1907671385447554,0.009130395755479125,8.881784197001252e-16,0.010118151005785577,0.19069692685618245,0.009116036630161157,0.19069692685618245,0.009115751749565136,3.552713678800501e-15,0.010265952265232605,0.19059476267290854,0.00912044781809188,0.19069392650686084,0.00911697359427702,0.19024194224362512,0.009241753260669153,0.009239984506075815
16000,1079,0.20462557116300578,0.008927108586198792,0.20462557116300578,0.008926829609696397,8.881784197001252e-16,0.007405740848605462,0.20470357234134912,0.008915944522839168,0.20470357234134912,0.008915665895219204,1.7763568394002505e-15,0.008224782229743741,0.20457811933189668,0.008926711165395845,0.2046946667616265,0.008916294367672625,0.20491870897093556,0.009017787030679056,0.00900508081750734
16000,1080,0.20808350580514445,0.009097460591648553,0.20808350580514445,0.009097176291562805,8.881784197001252e-16,0.003823659098083329,0.2084061309397825,0.009096882861333604,0.2084061309397825,0.00909659857930221,1.7763568394002505e-15,0.0036337204891046084,0.20842242852284215,0.009106225963010387,0.20841281310372584,0.009096685776466062,0.20722401598160595,0.009103851798886757,0.009034882039432427
16000,1081,0.1985153519953612,0.009216462524652021,0.1985153519953612,0.00921617450569776,1.7763568394002505e-15,0.006884820864073282,0.19859065051509056,0.00920418540267589,0.19859065051509056,0.009203897767387685,1.7763568394002505e-15,0.007239665550441597,0.19858326515964325,0.009212335071919172,0.1985927859469867,0.00920243575484304,0.1983789477138903,0.009143963285895462,0.009130227938760373
16000,1082,0.19164246083584102,0.009059478894159027,0.19164246083584102,0.009059195781019873,1.7763568394002505e-15,0.007770278248128271,0.19158965335986117,0.009049200817536124,0.19158965335986117,0.009048918025591882,1.7763568394002505e-15,0.00798793534565933,0.1912553589651413,0.009056129120275374,0.19158414813684405,0.009050070521058697,0.19154788179783822,0.009023633021752284,0.009029027967366628
16000,1083,0.1947516859257235,0.009159640710889077,0.1947516859257235,0.009159354467644243,8.881784197001252e-16,0.005254713370047352,0.19467887967655062,0.00913825410257461,0.19467887967655062,0.009137968527671727,1.7763568394002505e-15,0.004500606252300454,0.19468327698316118,0.009160155480248115,0.19468052271403807,0.009138889971140466,0.19480692912794695,0.009177193822615724,0.00917732444260548
16000,1084,0.18607136587977957,0.009034266548164504,0.18607136587977957,0.009033984222923473,2.6645352591003757e-15,0.006242477624143602,0.18602998288255146,0.00901324409144515,0.18602998288255146,0.00901296242316616,8.881784197001252e-16,0.006201815052709775,0.18595983910244496,0.009027071782635128,0.18602772365812642,0.009013551442658885,0.18574688951752544,0.009142491961311361,0.009141713280017588
16000,1085,0.18842428943033673,0.009298175977117264,0.18842428943033673,0.009297885404577712,1.7763568394002505e-15,0.006191446087396031,0.1883999790985223,0.00928788570637424,0.1883999790985223,0.009287595455410674,1.7763568394002505e-15,0.006731366511910571,0.18825146553202027,0.00930724409931441,0.18840476976560755,0.009288962182753506,0.18811802054118554,0.009189637761049231,0.009187808501940299
16000,1086,0.19550820914509992,0.009246244913209845,0.19550820914509992,0.0092459559635414,3.552713678800501e-15,0.006246248113088874,0.1955841702098008,0.009240991196830906,0.1955841702098008,0.00924070241134366,1.7763568394002505e-15,0.006089074185333634,0.19582188731424077,0.009261252057267272,0.1955876039714361,0.009243146400029746,0.19558304122570797,0.009269432375399223,0.009273565105712532
16000,1087,0.18459933079554192,0.00945354228543818,0.18459933079554192,0.009453246857625629,3.552713678800501e-15,0.005986102035797387,0.18461698040138802,0.009453124317184798,0.18461698040138802,0.009452828902433959,1.3322676295501878e-15,0.006256635906618681,0.18434053013889912,0.009504348586852852,0.18462891327382458,0.009455575383354096,0.18480681918619607,0.009477698919416912,0.009487873398221172
16000,1088,0.21489834736832047,0.009174849019113519,0.21489834736832047,0.009174562300601624,8.881784197001252e-16,0.001569490714971785,0.21478003089808329,0.009157334902134946,0.21478003089808329,0.009157048730947762,1.7763568394002505e-15,0.001699333303988485,0.21478433971678768,0.009165983268713679,0.21477506156880383,0.009157332150627704,0.2156471020050621,0.008991097647167998,0.008974167632197386
16000,1089,0.19077534238345895,0.00917499340092861,0.19077534238345895,0.009174706677904714,8.881784197001252e-16,0.006635009448511484,0.19103473933868154,0.00917193495125884,0.19103473933868154,0.009171648323812988,1.7763568394002505e-15,0.006700971868703787,0.19113608679445165,0.00918764495830836,0.19103472149132422,0.009172655884590113,0.19143890931045526,0.009325333233207016,0.0093268036213666
16000,1090,0.18355529375444257,0.009483273612967774,0.18355529375444257,0.009482977256036718,3.552713678800501e-15,0.007970150099977936,0.18366596764826654,0.009461138271933326,0.18366596764826654,0.009460842606742487,1.7763568394002505e-15,0.007679430277228608,0.18376698181892448,0.009480961532739142,0.18367308869118337,0.009462942584307164,0.18388180573478358,0.009435157806428448,0.009450343239940017
16000,1091,0.16692231410839742,0.009221891330955353,0.16692231410839742,0.009221603142348243,7.105427357601002e-15,0.008202436267320838,0.1668890804298031,0.009211843541173043,0.1668890804298031,0.009211555666564269,1.7763568394002505e-15,0.007912947466494598,0.1670180568782258,0.00922757338674444,0.16689526811017513,0.00921285781036272,0.16684629988059352,0.009239113285419136,0.009232367353956907
16000,1092,0.18009310170617443,0.008901820488215676,0.18009310170617443,0.008901542301978692,1.7763568394002505e-15,0.0098998669031857,0.17986295147435305,0.008886685589440845,0.17986295147435305,0.008886407876176837,1.7763568394002505e-15,0.0102274125626599,0.17998336682002775,0.008897875202126183,0.17986140285133528,0.008887947847136575,0.17990971802369593,0.009048937921707443,0.009049401313264734
16000,1093,0.180206102798653,0.009226514134005345,0.180206102798653,0.009226225800933383,1.7763568394002505e-15,0.00956651957587738,0.18016556988201898,0.009204323291054646,0.18016556988201898,0.009204035651457363,1.7763568394002505e-15,0.01039967714862096,0.18014661780583735,0.009216623186168288,0.1801681394337849,0.00920539452281408,0.18005187801104955,0.009195367188569495,0.00919563959408405
16000,1094,0.19540128361794162,0.009119567831913205,0.19540128361794162,0.009119282840965406,1.7763568394002505e-15,0.007910891965860785,0.19562373109718545,0.0091140051184516,0.19562373109718545,0.009113720301341314,1.7763568394002505e-15,0.008097067534156023,0.1953435450487344,0.00912815652262735,0.1956262050073201,0.009114973362277968,0.1956821616601836,0.00913786895710149,0.009131004014974388
16000,1095,0.17854494682514743,0.009221959920428695,0.17854494682514743,0.009221671729678131,3.552713678800501e-15,0.0037106916856831478,0.17844350568541606,0.009201385295553815,0.17844350568541606,0.009201097747770327,3.552713678800501e-15,0.0036660707547553958,0.17857319359522267,0.009213524995498793,0.17844767178240883,0.009202607423016977,0.1787434508777262,0.009136464553424832,0.009145540887376472
16000,1096,0.17866241963226398,0.009368593948897481,0.17866241963226398,0.009368301175761927,3.552713678800501e-15,0.005280924842060882,0.17892492036063706,0.009363923105511733,0.17892492036063706,0.009363630478342313,7.105427357601002e-15,0.0052493030551923345,0.1784413770062171,0.009379886500036716,0.17892833993509472,0.009363731238835809,0.1790795955127205,0.009261573680838511,0.009263604381160213
16000,1097,0.17521353282085045,0.0091941735195418,0.17521353282085045,0.009193886197129832,1.7763568394002505e-15,0.005587301225100077,0.17532633119315605,0.009185535240977975,0.17532633119315605,0.00918524818851643,1.7763568394002505e-15,0.005397707205726841,0.17518714509961342,0.009200713126786532,0.1753306822953128,0.009186492021355614,0.17540655636501057,0.009159197334773881,0.009161197628529244
16000,1098,0.18648844799070668,0.009280449148312164,0.18648844799070668,0.009280159129744668,1.7763568394002505e-15,0.005722844293140048,0.18632010705906837,0.009251030414572743,0.18632010705906837,0.00925074131535504,3.552713678800501e-15,0.0059406651203198,0.185851267145217,0.009258894288806867,0.1863235513117062,0.009251882871977639,0.1863952453325094,0.009232092135637521,0.009231542029613382
16000,1099,0.19351371415562058,0.008984925358483735,0.19351371415562058,0.008984644575178976,1.7763568394002505e-15,0.006041186302776099,0.19303958883163647,0.008952950179640437,0.19303958883163647,0.00895267039557563,1.7763568394002505e-15,0.005431936879918624,0.19320686409288756,0.008969785993382466,0.19303969455811104,0.008953545327636573,0.1928664427646718,0.00910247363529465,0.00909999424872228
16000,1100,0.20441752277618275,0.009018216144793185,0.20441752277618275,0.009017934321135098,1.7763568394002505e-15,0.00871496662849049,0.2043146590479446,0.009006206201222219,0.2043146590479446,0.009005924752880732,1.7763568394002505e-15,0.008333943278846132,0.2043722905762681,0.009023459482885656,0.20431573996497732,0.009009098657691375,0.20440503924737202,0.009199550431529865,0.009194080900812971
16000,1101,0.18202330570567438,0.009185268178795128,0.18202330570567438,0.009184981134679407,3.552713678800501e-15,0.005479329264572071,0.18204932243553246,0.009179363511785233,0.18204932243553246,0.009179076652193238,3.552713678800501e-15,0.005616337460492447,0.18195089055096203,0.009192473337903469,0.18205634651654518,0.009183200457970329,0.18221675841433144,0.009305229738591504,0.009305490133618748
16000,1102,0.17865298856052525,0.009451377919491707,0.17865298856052525,0.009451082559316648,7.105427357601002e-15,0.00987774273708287,0.17847160791365335,0.009413803019614565,0.17847160791365335,0.009413508833673475,7.105427357601002e-15,0.009852569597123354,0.178281764024817,0.009392533397124044,0.17847659222091777,0.009416283055144572,0.1784481956619508,0.0093990576335499,0.009388524396046701
16000,1103,0.17567739293329637,0.009202405168501798,0.17567739293329637,0.00920211758884678,1.7763568394002505e-15,0.008040914848859274,0.1759602867997096,0.00919939024229947,0.1759602867997096,0.009199102756862369,1.7763568394002505e-15,0.008026087542317983,0.1760104187867395,0.009222636866057059,0.17596350212910095,0.009200973153670968,0.17574201061254507,0.009119631072363422,0.009120396209400727
16000,1104,0.1855088041709933,0.009093269725032478,0.1855088041709933,0.009092985555913358,1.7763568394002505e-15,0.006288235088046114,0.1852238169936335,0.00908159750047143,0.1852238169936335,0.009081313696115027,1.7763568394002505e-15,0.006322513406123717,0.18490642867397883,0.009106853199785093,0.18522349364723906,0.009082281626570888,0.18513485468225882,0.009037375937414476,0.009043427189866966
16000,1105,0.1847089118654936,0.0089829166483406,0.1847089118654936,0.008982635927809015,1.7763568394002505e-15,0.008311115300387428,0.18457005308614843,0.008957376705034858,0.18457005308614843,0.00895709678263897,3.552713678800501e-15,0.008248013460005,0.18438160608583787,0.00898262116539154,0.18456135507183147,0.008957780603046698,0.18434547686441283,0.009025752284511288,0.00904735012043887
16000,1106,0.18541118131925094,0.009292214779934381,0.18541118131925094,0.009291924393685154,8.881784197001252e-16,0.013618091640739413,0.1853886085988506,0.009270706878555891,0.1853886085988506,0.009270417164439083,1.7763568394002505e-15,0.013768079159640437,0.18605333824799875,0.009323551070462028,0.1853946544311736,0.009276714915936917,0.18585651646502094,0.009456842317879341,0.009450138051460057
16000,1107,0.19827526091967418,0.009002678764310736,0.19827526091967418,0.009002397426203375,8.881784197001252e-16,0.010559147585952165,0.19788044888219086,0.008990373381685813,0.19788044888219086,0.008990092428127665,1.7763568394002505e-15,0.011371997688122235,0.197918344922747,0.009005012851581772,0.19787966401722445,0.008989950762022792,0.1979250052441593,0.008976020268827272,0.008964125333058091
16000,1108,0.1791360207525966,0.008971453328926626,0.1791360207525966,0.00897117296662937,1.7763568394002505e-15,0.00891454802066947,0.17925859515156511,0.008958214595323073,0.17925859515156511,0.008957934646742704,1.7763568394002505e-15,0.009558890997867657,0.17929553432492606,0.008964030656656836,0.17925763301283637,0.00895860615009313,0.17896004537849086,0.009087399218920655,0.009088263199573659
16000,1109,0.19043184298534482,0.009106263105708001,0.19043184298534482,0.009105978530539393,3.552713678800501e-15,0.0019390376754254521,0.19064759586145869,0.009106607904853941,0.19064759586145869,0.00910632331891019,1.7763568394002505e-15,0.002102060714110165,0.19043043570192153,0.009108025392827153,0.19064100081460317,0.009107845411081368,0.19089718226996844,0.009124528940051837,0.009124871079341318
16000,1110,0.18968507037748328,0.009361833441216761,0.18968507037748328,0.009361540879350374,3.552713678800501e-15,0.0038451882922471143,0.190106957684959,0.009371114606278354,0.190106957684959,0.009370821754371025,3.552713678800501e-15,0.004191937250338387,0.19012719069875217,0.009384760219640968,0.19010796753387527,0.009373348567967312,0.19010344339423946,0.009290267521915769,0.009310192178808942
16000,1111,0.1853927559669346,0.00902679956601504,0.1853927559669346,0.009026517474120848,1.7763568394002505e-15,0.007753602478299783,0.18565532136893992,0.00901283937789864,0.18565532136893992,0.009012557722267143,8.881784197001252e-16,0.007731157723370962,0.18555963231252465,0.009019003412402074,0.18565988424539653,0.009013246962495303,0.18554864155609346,0.009093144426449045,0.009096242747432865
16000,1112,0.1802631285623107,0.00949716037396736,0.1802631285623107,0.009496863583068244,1.7763568394002505e-15,0.0071487253403483214,0.18025490653260645,0.009468464702387271,0.18025490653260645,0.009468168808241903,1.7763568394002505e-15,0.0071714723432655045,0.18042782199185742,0.00951978394933412,0.18026245274580432,0.009470712933129625,0.1804330615729095,0.00941686172138731,0.009430515165660349
16000,1113,0.18485853323183205,0.009035828297857481,0.18485853323183205,0.00903554592381101,1.7763568394002505e-15,0.002492239161612414,0.18477302294826975,0.00901792846065292,0.18477302294826975,0.009017646645985101,1.7763568394002505e-15,0.0026763249631231,0.1842120385768065,0.009024402850160861,0.18476357258626103,0.009018575667126827,0.18444022309031555,0.009048872373106002,0.00904369617089356
16000,1114,0.20156993155172198,0.009348306765781257,0.20156993155172198,0.009348014626630081,1.7763568394002505e-15,0.007995796372999065,0.2016068847212783,0.009334527252840263,0.2016068847212783,0.009334235544305595,1.7763568394002505e-15,0.008271839374845378,0.20155501279235954,0.009345184257278243,0.20161311516054548,0.009336847668383835,0.20168106921261375,0.009227414990743777,0.009227615751841469
16000,1115,0.18687389654862202,0.009198523090715695,0.18687389654862202,0.009198235632377504,3.552713678800501e-15,0.0050214254363762575,0.18711095050580423,0.009181120719376306,0.18711095050580423,0.009180833804870716,3.552713678800501e-15,0.005349356582345868,0.18715087210676223,0.009187407010264886,0.18711059215086423,0.009182326933649567,0.18719180637300692,0.009101335156620103,0.009101059025130701
16000,1116,0.19075789627025258,0.00906137985624646,0.19075789627025258,0.009061096683701312,1.7763568394002505e-15,0.009462291893801914,0.1908335335508266,0.009056483075251658,0.1908335335508266,0.009056200055733309,3.552713678800501e-15,0.008957910923763307,0.19081215811873253,0.009060801310387966,0.1908320621791461,0.009054359057151922,0.19086462817448174,0.00911340732736161,0.009112690579848289
16000,1117,0.18339997786203144,0.009079598229391889,0.18339997786203144,0.009079314487513684,8.881784197001252e-16,0.007840430310866281,0.1836595489916728,0.009060019243584605,0.1836595489916728,0.009059736113559268,1.7763568394002505e-15,0.007947484953512222,0.18354805653800876,0.009071193826579109,0.1836558109218317,0.009063774804608887,0.18361362348921972,0.009149650985210062,0.009150069973733405
16000,1118,0.1801652858297409,0.009221748734421864,0.1801652858297409,0.009221460550270967,1.7763568394002505e-15,0.0046458690227524566,0.18067438853258128,0.009208876714496723,0.18067438853258128,0.009208588932602733,3.552713678800501e-15,0.004891520571300817,0.18084066085426959,0.009211953145673862,0.1806818636258946,0.009209597083656932,0.1811865289570349,0.009221112446261929,0.009223681849959624
16000,1119,0.19929017838701935,0.009101373201149981,0.19929017838701935,0.009101088778793278,1.7763568394002505e-15,0.005814355302123829,0.1992339911415832,0.00908616426881361,0.1992339911415832,0.009085880321743465,1.7763568394002505e-15,0.005878321961059832,0.19927609991236717,0.009098705495350036,0.1992363634221585,0.009087850878289698,0.19932961598983123,0.009098221503432018,0.009094888562865194
16000,1120,0.1840413077234253,0.009093878003607126,0.1840413077234253,0.009093593815479003,1.7763568394002505e-15,0.0023774364405735773,0.1842884490503423,0.009090724819505078,0.1842884490503423,0.0090904407299155,1.7763568394002505e-15,0.002465642524168537,0.18380997429418228,0.009095090193019222,0.18428473117093291,0.009087838692800986,0.18444957957566277,0.00923593535245645,0.009235956841571026
16000,1121,0.18106375700278932,0.009056792183053178,0.18106375700278932,0.009056509153875058,1.7763568394002505e-15,0.0017168688233196163,0.18131067005791035,0.009046893189107516,0.18131067005791035,0.009046610469277792,8.881784197001252e-16,0.001793686676845708,0.18138884349088302,0.00906279525809259,0.18130188923521956,0.009047213212092035,0.18146562290007534,0.00903808701807007,0.009035013282330591
16000,1122,0.17661598497734887,0.009299552709953965,0.17661598497734887,0.009299262094390838,1.7763568394002505e-15,0.007759550871853087,0.17663631712355365,0.00928918049770531,0.17663631712355365,0.009288890206278882,1.7763568394002505e-15,0.007563572783470344,0.17645380073176897,0.009294629127978649,0.17664461644970947,0.009291124693087474,0.17703646273136975,0.009278673401675588,0.009268235599266853
16000,1123,0.1779780834550999,0.009254676439222226,0.1779780834550999,0.009254387226064476,1.7763568394002505e-15,0.00416522987376703,0.17802077178456022,0.009228158015130654,0.17802077178456022,0.009227869630686603,1.7763568394002505e-15,0.003977300901214521,0.17823149485651368,0.00923755601603143,0.17802775655284164,0.009229844639492245,0.17844492933162664,0.00919256576894786,0.009197618161266173
16000,1124,0.18238449034501814,0.009217287064122674,0.18238449034501814,0.00921699901940115,1.7763568394002505e-15,0.005707737541797693,0.18263264043728972,0.009209336649619057,0.18263264043728972,0.00920904885335187,1.7763568394002505e-15,0.00618169845184905,0.183118138236395,0.009225696560170193,0.18264216631649965,0.009208380138136671,0.18298042941472958,0.009067342211420411,0.00907374526171418
16000,1125,0.18714183217940716,0.009035579710340129,0.18714183217940716,0.00903529734406214,1.7763568394002505e-15,0.0064703509045516295,0.18707380290436754,0.009019355696941664,0.18707380290436754,0.009019073837672014,1.7763568394002505e-15,0.006955114452348746,0.18702303785181207,0.009029617995875702,0.18706871619737825,0.009020853762365296,0.18695911207428512,0.009071153347994423,0.009074184040483095
16000,1126,0.1980698071459588,0.009189895464711918,0.1980698071459588,0.009189608275991253,3.552713678800501e-15,0.011852251337264825,0.19839714551753607,0.00916139779518925,0.19839714551753607,0.00916111149703467,3.552713678800501e-15,0.011258595061216594,0.19846689765183018,0.009175682429623752,0.1984057439810421,0.009158548848931298,0.19814869691017523,0.009171971526654958,0.00914339704910578
16000,1127,0.18506773180498265,0.009228243727704376,0.18506773180498265,0.009227955340581767,3.552713678800501e-15,0.007803107623921692,0.18489700954650107,0.009211035563344835,0.18489700954650107,0.009210747713985765,1.7763568394002505e-15,0.007969226797288839,0.18476857522083395,0.00922770741115269,0.18489423935216903,0.009211112423413244,0.18531886779881923,0.009184418242467435,0.00919025064067637
16000,1128,0.17908439641718965,0.009110167059468542,0.17908439641718965,0.009109882362299471,3.552713678800501e-15,0.004417839389330017,0.17867836884191685,0.009083342444696704,0.17867836884191685,0.009083058585809944,3.552713678800501e-15,0.004296036131529952,0.17884466649497932,0.009097394159853755,0.17867943947827564,0.009084060711224336,0.17847243268594454,0.00897600824754135,0.008999330380163605
16000,1129,0.17776819713506575,0.009212357062327002,0.17776819713506575,0.009212069171670443,1.7763568394002505e-15,0.006112943769169162,0.17817134524706274,0.009200539037939425,0.17817134524706274,0.009200251516601896,1.7763568394002505e-15,0.00601433622649857,0.1783860339781671,0.009212074036608196,0.17817159732733046,0.009200811733675962,0.17831272057958103,0.009187782626219188,0.009186130924265021
16000,1130,0.19660402009140487,0.009210968255176536,0.19660402009140487,0.009210680407920878,8.881784197001252e-16,0.006457557488784953,0.19640985993628007,0.009198032313320137,0.19640985993628007,0.009197744870318979,3.552713678800501e-15,0.005990149855767325,0.19617870731343273,0.009234697521046869,0.19641579700349915,0.009198436492555974,0.19638851097318583,0.009095228435155683,0.009092333148816323
16000,1131,0.19229016157065493,0.009168985853120164,0.19229016157065493,0.009168699317835071,1.7763568394002505e-15,0.005105234199358589,0.19232153132853674,0.00916066888958884,0.19232153132853674,0.009160382614212917,3.552713678800501e-15,0.00478780099337902,0.19213434810754693,0.009172543188992542,0.19231785234316845,0.009161928510351532,0.19289110559248135,0.009006437739383186,0.00900621921680773
16000,1132,0.20002281049273007,0.009383497682604979,0.20002281049273007,0.00938320444372047,1.7763568394002505e-15,0.005074465002067615,0.20019960631041206,0.009379625097624246,0.20019960631041206,0.009379331979759908,1.7763568394002505e-15,0.004768129743741941,0.20051007776377355,0.009397827870375849,0.20020112246599092,0.00938165334646205,0.19979155406401727,0.009294977705253376,0.00931316000032374
16000,1133,0.17904474066248915,0.008987365885455331,0.17904474066248915,0.008987085025882911,1.7763568394002505e-15,0.0050393917894691305,0.1792253071875241,0.008973398427431402,0.1792253071875241,0.008973118004348865,1.7763568394002505e-15,0.00538669428961494,0.17818431558129527,0.008985490989502869,0.1792225891480702,0.008974090357490363,0.17943649061602496,0.009093673040522209,0.009093088294011115
16000,1134,0.20248073701866348,0.009271204980864076,0.20248073701866348,0.009270915251181327,3.552713678800501e-15,0.005883705914166272,0.202592595733885,0.009263284503050575,0.202592595733885,0.009262995020886625,3.552713678800501e-15,0.0058953081713273275,0.20270548392953824,0.009268835540600914,0.20258710214484982,0.009265404107711142,0.20275758374941605,0.009189225536406784,0.009191203380830317
16000,1135,0.18632922862555534,0.009227721147454493,0.18632922862555534,0.009227432776662771,1.7763568394002505e-15,0.00494589311333999,0.18590407295500366,0.009196293983503414,0.18590407295500366,0.00919600659482591,1.7763568394002505e-15,0.004641259220603904,0.18585981038165117,0.009202959906780765,0.18590466002931588,0.009198868239039544,0.18591538652222117,0.009198640378320778,0.009197042674730885
16000,1136,0.1837395449226074,0.009114572253769004,0.1837395449226074,0.00911428741893546,8.881784197001252e-16,0.010817990485559469,0.18364274889495708,0.00909594248820068,0.18364274889495708,0.009095658235556407,1.7763568394002505e-15,0.011955357798821353,0.18343878547563053,0.009108782379522047,0.1836406363476214,0.009096297522077832,0.18359618693582952,0.009169086570174862,0.009169327637977552
16000,1137,0.17709329528647438,0.008938736323714253,0.17709329528647438,0.008938456983839384,3.552713678800501e-15,0.005034023849679917,0.17721111401579975,0.00892460709850013,0.17721111401579975,0.008924328200170447,1.7763568394002505e-15,0.004430860344936168,0.17711435537638115,0.008935461402384555,0.17720076780442945,0.008925395970707933,0.17657014590126074,0.008913155275781168,0.008926855928655678
16000,1138,0.17942672012260563,0.009187244200392781,0.17942672012260563,0.00918695709452542,1.7763568394002505e-15,0.0046283505175705964,0.17940146624493425,0.00917652173851065,0.17940146624493425,0.009176234967725459,3.552713678800501e-15,0.004836778163310631,0.17957495261229528,0.009194267360599816,0.17940476112299475,0.009177130391308087,0.17953217911313835,0.009115940797991029,0.009116692432843713
16000,1139,0.17334963650884672,0.00903087573033024,0.17334963650884672,0.009030593511053923,1.7763568394002505e-15,0.0035424353195245184,0.17315770828830052,0.009020694905504433,0.17315770828830052,0.009020413004383863,1.7763568394002505e-15,0.0032884839388167683,0.17293254756857618,0.009033335194798422,0.17315745011467432,0.009020603238301044,0.17318622357304375,0.009025763602843588,0.009035542162658191
16000,1140,0.1928982967760437,0.009122123615089765,0.1928982967760437,0.009121838544272492,1.7763568394002505e-15,0.008490881565817773,0.19279192404135548,0.009113920239267206,0.19279192404135548,0.009113635424809434,1.7763568394002505e-15,0.00843788651770056,0.19302254913927752,0.00912783891525535,0.19279623566656046,0.00911491043229191,0.193012008948918,0.009115009072698623,0.009106977162763243
16000,1141,0.1917749561572547,0.009080903521865453,0.1917749561572547,0.009080619739196221,1.7763568394002505e-15,0.007487225138227636,0.19223765689525146,0.009066847156513768,0.19223765689525146,0.009066563813112818,1.7763568394002505e-15,0.0073776985763752325,0.19217268733283727,0.009074597697937866,0.1922387761390693,0.009067131985146026,0.1919926821802333,0.009090518398858842,0.009090318949622091
16000,1142,0.1845595484225817,0.009207269496265028,0.1845595484225817,0.009206981764597394,1.7763568394002505e-15,0.005668906137351369,0.18463830524140684,0.009184279007146212,0.18463830524140684,0.009183991993942589,1.7763568394002505e-15,0.00561625818736431,0.18463633217148373,0.00919720191050226,0.18463608199969778,0.009180263247360675,0.18474850153594857,0.009291108508759955,0.009292459205484754
16000,1143,0.19207286772998405,0.009220465207129382,0.19207286772998405,0.009220177063089337,3.552713678800501e-15,0.008649380843061136,0.19236793023115623,0.009201955717568265,0.19236793023115623,0.009201668151958808,1.7763568394002505e-15,0.009464378858224322,0.19248116847538843,0.009212143719014956,0.19236986943961343,0.009201472371702294,0.19233335716795935,0.009114420219881464,0.009110068112073573
16000,1144,0.1731613110516128,0.009249320353132903,0.1731613110516128,0.009249031307355457,1.7763568394002505e-15,0.00493538651287127,0.17314719853072102,0.009230614816231986,0.17314719853072102,0.009230326355011705,1.7763568394002505e-15,0.0049563602649853504,0.17323456980417073,0.009249322505241063,0.17314908034262833,0.009232018725766497,0.17340151820283617,0.009006268380793901,0.00901011011501496
16000,1145,0.18271632050696934,0.009140422452983986,0.18271632050696934,0.009140136810319095,1.7763568394002505e-15,0.004516040199433523,0.18280862242399065,0.009144888778833024,0.18280862242399065,0.009144602996593268,1.7763568394002505e-15,0.004658237995933332,0.18227790668873528,0.009147827385346585,0.1828047227749245,0.00914603707953762,0.18282726641268815,0.009186048395690469,0.009182927745228978
16000,1146,0.17808934439981494,0.00930956363620868,0.17808934439981494,0.00930927270779922,1.7763568394002505e-15,0.004237105174926947,0.177819191709845,0.009283591442241446,0.177819191709845,0.009283301325475729,1.7763568394002505e-15,0.0044685099093939255,0.1775598275608387,0.009281233908696921,0.1778171126086462,0.009285851361634965,0.17796168167424964,0.009185504469521138,0.009182161095969097
16000,1147,0.1769199106260731,0.009172538026828502,0.1769199106260731,0.009172251380536246,1.7763568394002505e-15,0.006736697111502597,0.17688938376529012,0.009162418508863554,0.17688938376529012,0.009162132178811176,1.7763568394002505e-15,0.0067338205462320515,0.17670337175806677,0.009179268082522606,0.17689123998814843,0.009162577513226192,0.17710370757004545,0.009019245115549622,0.00903195475971777
16000,1148,0.18249503689699664,0.00942372262865256,0.18249503689699664,0.009423428132718842,1.7763568394002505e-15,0.0067631009877674704,0.1829029653135491,0.009384027641905008,0.1829029653135491,0.009383734386459012,8.881784197001252e-16,0.007082402241423192,0.1832281853156954,0.009402073616904504,0.18290545130939628,0.009385873227232755,0.18303979727117092,0.009462492856196318,0.009465266743961951
16000,1149,0.17727006279547625,0.009179624053878491,0.17727006279547625,0.009179337186144429,1.7763568394002505e-15,0.006898709215523058,0.17718969774547588,0.009161112712800741,0.17718969774547588,0.009160826423555127,3.552713678800501e-15,0.007572756231887581,0.1771223415443408,0.009174221995321162,0.17718977236614114,0.009162404633385138,0.17730845091838143,0.00916372243853183,0.009164738917253737
16000,1150,0.1959444180729914,0.009277360265010377,0.1959444180729914,0.009277070342971993,1.7763568394002505e-15,0.008972638803466038,0.19559134407009598,0.009242163910808782,0.19559134407009598,0.009241875088673655,1.7763568394002505e-15,0.00840050155878373,0.19539462149687487,0.009253334262647602,0.19558799059815546,0.009243384305767459,0.19542978962980173,0.009284885243655542,0.00931866805282413
16000,1151,0.18449120677275288,0.009297006260741076,0.18449120677275288,0.009296715724755732,3.552713678800501e-15,0.00981235795324784,0.1843279695608669,0.009267857478084519,0.1843279695608669,0.009267567853012866,3.552713678800501e-15,0.009428070690142213,0.184659998624151,0.009298646683269999,0.1843245057540765,0.009269245922687472,0.18374929138329832,0.009333297900880269,0.009329649590353204
16000,1152,0.184679574861018,0.009351657715422063,0.184679574861018,0.009351365471552074,3.552713678800501e-15,0.006784294915736629,0.18461528923003362,0.009319621263905264,0.18461528923003362,0.00931933002119003,1.7763568394002505e-15,0.006838563217011206,0.1843435886363664,0.009346594990622833,0.1846253242155283,0.00932481179598065,0.18476325303035318,0.00928195646241359,0.00928438380413218
16000,1153,0.19334281667874842,0.009331142223086467,0.19334281667874842,0.009330850620335632,3.552713678800501e-15,0.011832207813627281,0.1931748776073861,0.00928158344182583,0.1931748776073861,0.009281293387811109,3.552713678800501e-15,0.012714467595348673,0.19341338333214614,0.009297697055098055,0.19317648778887953,0.009288937866846304,0.1934231434861028,0.00935496932264235,0.009385790438532637
16000,1154,0.20479013749855962,0.009146026217315521,0.20479013749855962,0.009145740399530257,1.7763568394002505e-15,0.005790656583340094,0.20480298349457005,0.009129296301833421,0.20480298349457005,0.009129011006866184,3.552713678800501e-15,0.00632458749431291,0.20460496264594003,0.009155140763931325,0.20479638563194846,0.00912939724577129,0.20581645090349254,0.009163686010402135,0.009172955253494444
16000,1155,0.18341957919769325,0.009271360030778948,0.18341957919769325,0.009271070296250815,1.7763568394002505e-15,0.005162221358875442,0.18335792472722806,0.009263646731970596,0.18335792472722806,0.009263357238486817,3.552713678800501e-15,0.005217804561386344,0.18282267222575982,0.009259308037679813,0.18335697746787866,0.009264546399769105,0.18297610303685463,0.009250238512321384,0.00925062712323982
16000,1156,0.20157571026718135,0.009062076908729719,0.20157571026718135,0.00906179371440134,3.552713678800501e-15,0.00397474181606905,0.201677705012416,0.009034784406835411,0.201677705012416,0.009034502065411044,1.7763568394002505e-15,0.0039404437993590035,0.20210658695982675,0.009060159632573757,0.201670519312952,0.009036234394788402,0.201692959924343,0.009090729753586444,0.009093491488490526
16000,1157,0.18600094706026732,0.009285418294261721,0.18600094706026732,0.009285128120405986,3.552713678800501e-15,0.008102874273684313,0.18604915314172732,0.009273346144745696,0.18604915314172732,0.009273056348150531,3.552713678800501e-15,0.008368551202320131,0.18590563517540615,0.00928284121491871,0.18604746166348785,0.009274092296897895,0.18584753322031483,0.00911786594655824,0.00911234886965031
16000,1158,0.19427405205018594,0.009229648080734705,0.19427405205018594,0.009229359649725379,3.552713678800501e-15,0.006413038100303484,0.19416957096697762,0.00922078708729837,0.19416957096697762,0.009220498933199414,1.7763568394002505e-15,0.006415101862777116,0.19468172206609802,0.00925000124445811,0.1941680598154122,0.009220983905315026,0.19391164019478863,0.00902148254504599,0.009022161138238663
16000,1159,0.19157946385422042,0.009147952055911105,0.19157946385422042,0.009147666177942446,3.552713678800501e-15,0.004855122244910698,0.19179972371612297,0.009139253928327684,0.19179972371612297,0.00913896832217976,3.552713678800501e-15,0.005043012099226689,0.19158663855645508,0.009146497557446997,0.19180161736081336,0.009140923115513795,0.19201365807825116,0.0092777368028455,0.009281603038432383
16000,1160,0.17711363850849293,0.00893915993327641,0.17711363850849293,0.008938880580163533,1.7763568394002505e-15,0.009656563854375952,0.17718706276434093,0.008930866320465516,0.17718706276434093,0.008930587226532092,1.7763568394002505e-15,0.00979471659563526,0.17732495893046357,0.00894229591115476,0.17718097528046578,0.008930765701317005,0.17671288500173238,0.009006388184911604,0.009007346743384374
16000,1161,0.19760202570314178,0.009016562614250422,0.19760202570314178,0.00901628084226597,3.552713678800501e-15,0.0023502256217044415,0.197569847784885,0.009000885629131756,0.197569847784885,0.009000604347060744,1.7763568394002505e-15,0.0022056311613590693,0.19787915168287645,0.00902341623643801,0.19756648172612534,0.009004149364902478,0.19808588341020422,0.009088534148801848,0.009091951050419588
16000,1162,0.17375527178670302,0.009137261888956857,0.17375527178670302,0.009136976345061134,1.7763568394002505e-15,0.013881825165747442,0.17422015849352984,0.009129409576546349,0.17422015849352984,0.009129124278039222,3.552713678800501e-15,0.013709518046916008,0.17427475140118087,0.009143297987390863,0.17422241626900586,0.009130965460680558,0.17418052559056657,0.009199665940844997,0.00920004869199736
16000,1163,0.18697058131295696,0.009318611040955327,0.18697058131295696,0.009318319829810053,1.7763568394002505e-15,0.005145816407679481,0.18679582854585502,0.009295540298925395,0.18679582854585502,0.009295249808752074,1.7763568394002505e-15,0.0052627408154568124,0.18695597479205406,0.009310200099011295,0.1867954316357301,0.009296319713846177,0.18632332591204465,0.009290290604910047,0.009286298229382749
16000,1164,0.1670006828182518,0.008854990950296258,0.1670006828182518,0.008854714227505202,8.881784197001252e-16,0.00902623296274753,0.16688078277890034,0.008837821507832732,0.16688078277890034,0.008837545321595135,1.7763568394002505e-15,0.008833614469074758,0.16696445689757689,0.008844158884131684,0.16687394564870317,0.008838150399635735,0.1660641121221988,0.009019886012411119,0.009060201228902337
16000,1165,0.19230708801287333,0.008978040787618288,0.19230708801287333,0.008977760219459728,1.7763568394002505e-15,0.014522305552501365,0.1924543430943379,0.008970403939813743,0.1924543430943379,0.008970123610310406,1.7763568394002505e-15,0.015613429175078127,0.19245862074144637,0.008980084884283554,0.19244940579683167,0.008973114088522879,0.19223204007809475,0.009038668818926822,0.009040598981341682
16000,1166,0.206345418874474,0.00923762610934946,0.206345418874474,0.009237337429022842,3.552713678800501e-15,0.0059991500866275315,0.20665209881030744,0.009229078569205957,0.20665209881030744,0.009228790155994142,1.7763568394002505e-15,0.005846530759605518,0.20650231431788368,0.00924039837082951,0.2066582109269079,0.009233034872552282,0.20707814760916765,0.009297873710902576,0.009323935104154822
16000,1167,0.19146299914944526,0.009430462473522269,0.19146299914944526,0.00943016776696511,3.552713678800501e-15,0.0035947840071327707,0.19162561671157707,0.00943162742726523,0.19162561671157707,0.009431332684302698,1.7763568394002505e-15,0.0035021146340388745,0.1918470752639278,0.009448399590176945,0.19163102992466707,0.009433881817344378,0.19121284119842907,0.00919467622843559,0.009197660898468851
16000,1168,0.1925411915799189,0.009667020954708665,0.1925411915799189,0.009666718855583458,3.552713678800501e-15,0.007455773668135166,0.19210372476588544,0.009604011470186198,0.19210372476588544,0.00960371134013815,1.7763568394002505e-15,0.007206401703509187,0.19175060193267407,0.009640745743767193,0.19211354470410869,0.00960585560902918,0.19200675840866482,0.009467485828411771,0.009475602629445298
16000,1169,0.20488901589351938,0.009147323472909025,0.20488901589351938,0.00914703761458389,8.881784197001252e-16,0.008614776201008707,0.2050892762007478,0.009140674536719648,0.2050892762007478,0.009140388886177015,1.7763568394002505e-15,0.008417796025700709,0.20537845399116406,0.009161035532590065,0.20508803114689683,0.009139838957043931,0.20509985417512688,0.00917531128102992,0.00917687581937514
16000,1170,0.20038727261270112,0.009042875118912538,0.20038727261270112,0.009042592524649468,1.7763568394002505e-15,0.00810240164951397,0.20046235459508271,0.009030919647218612,0.20046235459508271,0.00903063742656987,8.881784197001252e-16,0.007944138395065248,0.20034261543299764,0.0090423010039269,0.20045915710220774,0.009031588227425356,0.20053785770897065,0.009047793867095293,0.009033522174095608
16000,1171,0.2011129830375999,0.009169747214411567,0.2011129830375999,0.009169460655333563,1.7763568394002505e-15,0.008450246818005507,0.20089009125226132,0.009151385605798668,0.20089009125226132,0.009151099620529898,1.7763568394002505e-15,0.008250097923428505,0.2009451633615139,0.009164905921588282,0.20089024771365838,0.009152332868294755,0.20076423204677818,0.009049599183412164,0.00902022627088241
16000,1172,0.1748815486116051,0.009095421712893122,0.1748815486116051,0.009095137476523333,3.552713678800501e-15,0.010551746153967678,0.1749815868469347,0.009093206770601213,0.1749815868469347,0.00909292260344945,1.7763568394002505e-15,0.010179492500854127,0.17500064746278943,0.009113287082799527,0.17498176244364894,0.009093999472333336,0.17506820167171055,0.009040785933817632,0.009047301948454494
16000,1173,0.16421668279472373,0.009127927289746814,0.16421668279472373,0.009127642037561877,3.552713678800501e-15,0.00821299358088368,0.1642362996788122,0.009128231754558847,0.1642362996788122,0.009127946492859234,3.552713678800501e-15,0.009113699439746941,0.16418724633675863,0.009139158423747573,0.1642361018515212,0.009129439791969765,0.16407524333325169,0.009195136968459285,0.009193020127098377
16000,1174,0.18781210400678572,0.00906764404893134,0.18781210400678572,0.009067360680627112,3.552713678800501e-15,0.005283669835557117,0.18771167352941281,0.009064571673346672,0.18771167352941281,0.00906428840105568,3.552713678800501e-15,0.005048719880848954,0.18784912604097415,0.009086442518105982,0.18770658548058483,0.009066683206794383,0.18770601089327832,0.00921610462770879,0.009216261940921271
16000,1175,0.19035731778877818,0.009312115238956226,0.19035731778877818,0.009311824230807937,7.105427357601002e-15,0.002385600100171889,0.19046422322483147,0.009276013056410345,0.19046422322483147,0.009275723176472888,3.552713678800501e-15,0.002619742813662049,0.19024784128581596,0.009275783247584645,0.19047154643523134,0.009277521440299957,0.1904807882325099,0.009262860195653646,0.009263356388857998
16000,1176,0.18724994798218064,0.009243297385964648,0.18724994798218064,0.009243008528407867,3.552713678800501e-15,0.010862584173952443,0.18709855546580434,0.009228941449611745,0.18709855546580434,0.009228653040684985,1.7763568394002505e-15,0.011006322096454869,0.18696720359380625,0.00924141783810829,0.18710210995833465,0.009230622098081034,0.1873406017451384,0.009229195925038845,0.009232266869131233
16000,1177,0.19288329353659467,0.009065144690586354,0.19288329353659467,0.009064861400388296,1.7763568394002505e-15,0.007033065651399572,0.1929344867784772,0.009049712291754226,0.1929344867784772,0.009049429483826168,1.7763568394002505e-15,0.0074338804611806366,0.19291068791768207,0.0090665494510774,0.19293842341590794,0.009050726348684784,0.192352491077179,0.0091082662134914,0.009088740882046968
16000,1178,0.18406327286405638,0.009009220003220677,0.18406327286405638,0.009008938460696406,1.7763568394002505e-15,0.010948299861225953,0.18399259183025057,0.009000225110401766,0.18399259183025057,0.008999943848972286,1.7763568394002505e-15,0.011051182021447286,0.18385658716286762,0.009005267983577377,0.18398835759650717,0.009000880773968831,0.18385558051207734,0.009153039037012112,0.009158983593879526
16000,1179,0.18178488125019504,0.009169338778282904,0.18178488125019504,0.009169052231968726,1.7763568394002505e-15,0.004992028700419748,0.18131679151918412,0.00914128124547053,0.18131679151918412,0.009140995575967955,1.7763568394002505e-15,0.004450954602814919,0.18142560208559544,0.009152562758969944,0.18132107587172486,0.009142161333557748,0.18124810033776279,0.00920742859801205,0.009209817154541337
16000,1180,0.1856744286582963,0.009078138736494424,0.1856744286582963,0.009077855040226086,1.7763568394002505e-15,0.010255217879035803,0.18509136524817005,0.009048016356765842,0.18509136524817005,0.009047733601836578,1.7763568394002505e-15,0.00914380633208987,0.18460995374622646,0.009058337749638528,0.18508901852629184,0.009045018319862014,0.18506765051309648,0.009124488570883037,0.009124249313215444
16000,1181,0.17728618181262085,0.009358388822051795,0.17728618181262085,0.009358096367831437,7.105427357601002e-15,0.00676196969182493,0.1772611056241205,0.009350369215701818,0.1772611056241205,0.009350077012098074,1.7763568394002505e-15,0.006844349156101565,0.17681732375911546,0.009351189675614094,0.17726722431205333,0.00935313040416922,0.1772394136995341,0.009384287644824562,0.009373877787950066
16000,1182,0.19048473136392408,0.00905418913899244,0.19048473136392408,0.009053906191160718,8.881784197001252e-16,0.00555987578583431,0.19085923870169302,0.009040962022087397,0.19085923870169302,0.009040679487609537,1.7763568394002505e-15,0.005442808802734356,0.19085991590010476,0.009060577684988446,0.19085630939093157,0.009041698009337074,0.19129980608706132,0.00899486233580136,0.009000909785116609
16000,1183,0.2048568990508074,0.00934826711669561,0.2048568990508074,0.009347974978783487,7.105427357601002e-15,0.0053710444840861914,0.20487228420767328,0.009328511417674518,0.20487228420767328,0.009328219897137635,3.552713678800501e-15,0.005592564661763712,0.20471512315641566,0.009339243632304912,0.20487504328184175,0.009329286604325263,0.20484769407108927,0.009136803144974651,0.00914341825315198
16000,1184,0.20032439611636205,0.009132423992866684,0.20032439611636205,0.009132138600157576,3.552713678800501e-15,0.007684466937297189,0.20042020019737483,0.009107614269793552,0.20042020019737483,0.009107329652400405,1.7763568394002505e-15,0.007739919376251865,0.2006427567069855,0.009123203649910476,0.20042450142625545,0.009109192196477654,0.20071810528948497,0.009282814615508934,0.009293823506157269
16000,1185,0.18217470593431984,0.00931920090341771,0.18217470593431984,0.009318909673838945,1.7763568394002505e-15,0.006087395755230365,0.18219633249204475,0.009308182428825203,0.18219633249204475,0.00930789154357915,1.7763568394002505e-15,0.005355247574744512,0.18240527188121253,0.009324186531068982,0.18220193424404135,0.009309366170694432,0.18233047078921777,0.009379830017580682,0.009378323218312778
16000,1186,0.20392096384363545,0.009306841945991426,0.20392096384363545,0.009306551102636116,3.552713678800501e-15,0.005942737395935392,0.20382407795585133,0.009282813882062514,0.20382407795585133,0.009282523789595933,1.7763568394002505e-15,0.00554663709215708,0.20355069197895514,0.009289638874569987,0.20383658375924846,0.009284046209368194,0.20338641393762502,0.00919951499697041,0.009180730399891823
16000,1187,0.18840536077131875,0.008989078650952427,0.18840536077131875,0.00898879773785525,1.7763568394002505e-15,0.0031621913462606017,0.18849372903171213,0.008974657650254151,0.18849372903171213,0.008974377187820287,1.7763568394002505e-15,0.0034769054619157367,0.18879014640244396,0.008985202893523333,0.18848727504739343,0.008974989329040561,0.18857964888476625,0.009119040706246381,0.009111079390724783
16000,1188,0.19205985816428472,0.009066784738753787,0.19205985816428472,0.009066501397303422,1.7763568394002505e-15,0.009574139201483796,0.1922357709342825,0.009045128891166248,0.1922357709342825,0.009044846226471694,1.7763568394002505e-15,0.00953289961380757,0.19181035323471768,0.00906511815528769,0.19222324006806757,0.009045575089511839,0.19252414778069654,0.009027453693570907,0.009024498788895814
16000,1189,0.1903113563429325,0.00943333695486106,0.1903113563429325,0.009433042158474956,1.7763568394002505e-15,0.007281959479933059,0.18964156009606659,0.009388283226670856,0.18964156009606659,0.009387989838235756,3.552713678800501e-15,0.006891643783544304,0.1895060993863451,0.00943263757583321,0.18965969358326124,0.009395132610308169,0.18969250247539854,0.009257022509762817,0.009255953675397844
16000,1190,0.1830551780065739,0.00912471531466893,0.1830551780065739,0.009124430162859779,1.7763568394002505e-15,0.005526416106001429,0.18311274148496648,0.009113371615238751,0.18311274148496648,0.009113086817925747,1.7763568394002505e-15,0.0061013297612171336,0.1829458319654279,0.00912528489769851,0.1831109807957289,0.009113783810854313,0.1832435035690334,0.009190123811224504,0.009190347254951207
16000,1191,0.19302204376667093,0.009171846798324676,0.19302204376667093,0.009171560173633648,1.7763568394002505e-15,0.006228595105258896,0.1929525391030108,0.009158564388344207,0.1929525391030108,0.009158278178734977,1.7763568394002505e-15,0.0066224046727048555,0.19276856310682888,0.00917007780681803,0.19295755049561775,0.009159754005100983,0.19271288555828975,0.009151866162786761,0.009148515064721327
16000,1192,0.19123406580538066,0.009072152171223353,0.19123406580538066,0.009071868662038103,1.7763568394002505e-15,0.009181981506033074,0.19080196370653013,0.009046907713999481,0.19080196370653013,0.009046624993715845,1.7763568394002505e-15,0.009148922478437413,0.19070726943051186,0.009063144330227224,0.1907968878806831,0.009046420715118962,0.19034909288193508,0.009150705083616612,0.00915462211634017
16000,1193,0.17956882201846702,0.008963926652249965,0.17956882201846702,0.008963646525165028,8.881784197001252e-16,0.004642730747105887,0.17954772024168641,0.00894879829554806,0.17954772024168641,0.008948518641231659,8.881784197001252e-16,0.004872093738558404,0.17962588899493293,0.008959279964957797,0.17954059003521716,0.008949016378670164,0.17975169734938218,0.008937124396086021,0.008931793731780003
16000,1194,0.19172756037346528,0.009027713467863333,0.19172756037346528,0.009027431347409262,1.7763568394002505e-15,0.007743044683185344,0.19190217703633516,0.00902060646217013,0.19190217703633516,0.009020324563813456,1.7763568394002505e-15,0.007910134510162948,0.19144277070814952,0.00903567377296543,0.19189789777107868,0.009020437674421783,0.19205792317235276,0.008964475483921625,0.00896421276639019
16000,1195,0.18073913064381986,0.00898802818547682,0.18073913064381986,0.008987747305207202,8.881784197001252e-16,0.008676143258519212,0.18030242607430347,0.008966422037075606,0.18030242607430347,0.008966141832008676,1.7763568394002505e-15,0.008380676995930496,0.18035695112605477,0.008975645334806067,0.1802975349755475,0.008967154890791666,0.18058672742642412,0.008966638574138269,0.008966141262429549
16000,1196,0.19536254494092703,0.009086435089787251,0.19536254494092703,0.009086151134253819,8.881784197001252e-16,0.00866021424904386,0.19544165793155965,0.009085010927158445,0.19544165793155965,0.009084727016130792,1.7763568394002505e-15,0.008783231598040446,0.19532574905681266,0.009097647495585568,0.1954380350010751,0.009084285601503997,0.19584591104945537,0.009052403061978088,0.009044197999951598
16000,1197,0.19521020937025935,0.008965899641278495,0.19521020937025935,0.008965619452536688,1.7763568394002505e-15,0.009094589616541724,0.19503170925164426,0.00895224211141358,0.19503170925164426,0.00895196234947625,1.7763568394002505e-15,0.008371759493756844,0.1949525608859239,0.008966716344327396,0.19502843350099275,0.008952647359773842,0.19483249952984733,0.00911473236932675,0.009106587291131852
16000,1198,0.19746579141569398,0.009125629075553157,0.19746579141569398,0.009125343895188535,3.552713678800501e-15,0.0036697664971458844,0.19710384578207724,0.009115560156619348,0.19710384578207724,0.009115275290913358,1.7763568394002505e-15,0.003653537703245721,0.19704166019146868,0.009130347157194562,0.1971042753347677,0.009116596908520786,0.19764946377398468,0.008938322314556303,0.008925043937390013
16000,1199,0.2053720295276512,0.009264615268623976,0.2053720295276512,0.009264325744872952,1.7763568394002505e-15,0.0071307857221477285,0.2058208600336997,0.009263760551523219,0.2058208600336997,0.009263471054482521,3.552713678800501e-15,0.007497952201510349,0.20556117813797375,0.00927797062598352,0.20581758359236962,0.009260833453632376,0.2059980876568499,0.009381524823140057,0.00939711064494015
16000,1200,0.17863107806122713,0.009224346088417814,0.17863107806122713,0.009224057823098335,1.7763568394002505e-15,0.006191277158924603,0.17906835614397437,0.009202817967549133,0.17906835614397437,0.009202530374993943,1.7763568394002505e-15,0.006656989373014653,0.179440205564665,0.009226857128241171,0.1790732291595334,0.009204019769163666,0.17904259348373192,0.009116547843804525,0.009120094350324274
16000,1201,0.19965915450990024,0.009370264422461038,0.19965915450990024,0.009369971597122368,1.7763568394002505e-15,0.006095476616772349,0.19955658571923113,0.009350824521566863,0.19955658571923113,0.00935053230373459,3.552713678800501e-15,0.005876193604766107,0.19941430658488885,0.009385302809644416,0.19956073135129998,0.009355525091939054,0.19977667135554839,0.009433987500575655,0.009437284707764575
16000,1202,0.18719904222804973,0.009088197400265277,0.18719904222804973,0.009087913389658784,3.552713678800501e-15,0.006147255595737397,0.1873427524143481,0.009080732376466704,0.1873427524143481,0.00908044859914585,3.552713678800501e-15,0.006205163621850237,0.18737458813947916,0.009085926502468892,0.18734919462733374,0.009081200557135523,0.187490094709733,0.00918994190833208,0.009197453950023353
16000,1203,0.17828338673222233,0.008974550268010122,0.17828338673222233,0.008974269808932005,1.7763568394002505e-15,0.006393276795569556,0.178018658295644,0.008957680668314075,0.178018658295644,0.008957400736419187,8.881784197001252e-16,0.00641597492407467,0.1782071504665409,0.008965963889519724,0.17801328478197587,0.008957589968712945,0.17823077151764305,0.008986595086278741,0.008980202246084392
16000,1204,0.19425686593002728,0.009109650663158858,0.19425686593002728,0.009109365982127424,1.7763568394002505e-15,0.006224968748817031,0.1941769187451967,0.009102242304628454,0.1941769187451967,0.009101957855111845,1.7763568394002505e-15,0.00635070084879984,0.193869141321526,0.009119952155778132,0.19417126625965797,0.009103356852182009,0.1943026242920356,0.009032532809529741,0.009024539377070295
16000,1205,0.18229202612989798,0.009219377670353768,0.18229202612989798,0.00921908956029978,1.7763568394002505e-15,0.004341881850274351,0.1824299060121382,0.009203579654214209,0.1824299060121382,0.009203292037855939,1.7763568394002505e-15,0.004071767932545515,0.1823300264420774,0.009221609670167243,0.18242850346273592,0.009204195061874348,0.18209866710468214,0.009141388333750776,0.009138578654750954
16000,1206,0.18954958838043567,0.009191045540575813,0.18954958838043567,0.009190758315914715,1.7763568394002505e-15,0.005291936270000129,0.18938305494553098,0.009165060302532974,0.18938305494553098,0.00916477388992325,1.7763568394002505e-15,0.0052423429655534684,0.18924814408395557,0.00920835342419215,0.18938615631821537,0.009169766357531863,0.18943326814489925,0.009233281575613563,0.009236542487244318
16000,1207,0.16493966807528193,0.009082060173189918,0.16493966807528193,0.009081776354374767,1.7763568394002505e-15,0.00894358211279849,0.1650544397635974,0.00906362265427906,0.1650544397635974,0.00906333941164538,8.881784197001252e-16,0.008733880700138759,0.16513581143418665,0.009065568900286713,0.16504672768989148,0.009066060134710334,0.16506037062019852,0.009136564572549948,0.009130815589489479
16000,1208,0.18308175034499785,0.009155122995849746,0.18308175034499785,0.009154836893785712,1.7763568394002505e-15,0.005508540612986837,0.18287123184190257,0.009127842193124328,0.18287123184190257,0.0091275569435987,1.7763568394002505e-15,0.005805252589678844,0.18274573962282425,0.009138061278801232,0.18286890648460086,0.009127920250368144,0.18321034911946854,0.009048690669545225,0.009049357696461039
16000,1209,0.18687661840477393,0.009087300464452596,0.18687661840477393,0.009087016481875784,1.7763568394002505e-15,0.005257661855843781,0.18689755384352508,0.009079154221729287,0.18689755384352508,0.009078870493726538,1.7763568394002505e-15,0.005165005812485562,0.18702243685957654,0.009083412709128552,0.18689420657084127,0.009075964087914057,0.18686256789418026,0.009221562182401909,0.00922085125162725
16000,1210,0.20145077328376215,0.009099821731631718,0.20145077328376215,0.009099537357759192,1.7763568394002505e-15,0.005333935316064467,0.200981140638975,0.009081238968242823,0.200981140638975,0.00908095517509073,1.7763568394002505e-15,0.004870301753363509,0.20084475930242074,0.009095436799275646,0.20097265543023973,0.00908232763351937,0.20113020954452526,0.008931475943404162,0.008931219268388775
16000,1211,0.16870632061923807,0.00915523456730953,0.16870632061923807,0.00915494846175883,1.7763568394002505e-15,0.011781177069922752,0.16866769442824203,0.009141670994944834,0.16866769442824203,0.009141385313262397,1.7763568394002505e-15,0.011335143936299093,0.16882905040675283,0.009155024293570985,0.16867315480160805,0.009141936965155568,0.1690327673145095,0.009246717627935714,0.009240847336310403
16000,1212,0.18256559764640723,0.0092249654619628,0.18256559764640723,0.009224677177287597,3.552713678800501e-15,0.004015913164292768,0.1822645663800695,0.009186482388295735,0.1822645663800695,0.009186195306235372,3.552713678800501e-15,0.004239389761876514,0.18251142448456031,0.00920019303322919,0.18226479377730198,0.009186878585935294,0.182697442577052,0.009057218124930808,0.009057164397532496
16000,1213,0.17448093020429423,0.010749314653429654,0.17448093020429423,0.01074897873209788,1.7763568394002505e-15,0.006771119432492384,0.1746904712671981,0.010768945256642235,0.1746904712671981,0.010768608721844526,1.4210854715202004e-14,0.006880159084259974,0.17452568727307083,0.01072933857268261,0.17470023960840814,0.010775691888637445,0.17467256112131252,0.010788596911950122,0.010714901364883903
16000,1214,0.18579226722803305,0.009075892129458434,0.18579226722803305,0.009075608503397663,1.7763568394002505e-15,0.0057206322412702345,0.1856467926607262,0.009058353681230999,0.1856467926607262,0.0090580706032553,1.7763568394002505e-15,0.00604466728764756,0.18583808343786729,0.009074381157475168,0.18564227700147967,0.009059663802137198,0.18586704421121986,0.009045318861096495,0.009047082084047928
16000,1215,0.20487968423388198,0.008950216413387849,0.20487968423388198,0.00894993671475457,1.7763568394002505e-15,0.010709048765792,0.20484508596521994,0.008951082352412426,0.20484508596521994,0.008950802626718133,3.552713678800501e-15,0.011104043946945209,0.20469217014563384,0.00895905081010836,0.20484812641924954,0.008948580442971164,0.20425057675875613,0.009310728278339833,0.009297128457907268
16000,1216,0.17564819070742815,0.009222508155667076,0.17564819070742815,0.009222219947783893,3.552713678800501e-15,0.004150058773853729,0.1754947702328179,0.009200171007823329,0.1754947702328179,0.009199883497986923,1.7763568394002505e-15,0.003846305649639278,0.17570865758180743,0.00921138200563203,0.1754928492873899,0.009198830220580417,0.17571119349056813,0.009365937267363915,0.009353357338577558
16000,1217,0.17837645190096202,0.009226550915073958,0.17837645190096202,0.00922626258085257,3.552713678800501e-15,0.004789182517357671,0.17821087269571378,0.00920800668310006,0.17821087269571378,0.009207718928394977,3.552713678800501e-15,0.004655064487500528,0.17798548561512506,0.009213019984930883,0.17820547220803584,0.009207877264378224,0.17843737673012028,0.009155373149591568,0.009155894750532852
16000,1218,0.17034658030346972,0.009225309665498756,0.17034658030346972,0.009225021370067022,1.7763568394002505e-15,0.01119751413057526,0.17082124263742782,0.009219989480571008,0.17082124263742782,0.009219701351397654,1.7763568394002505e-15,0.01196129147408621,0.1709545837243882,0.009229114006994563,0.17082461759533724,0.009221096500666846,0.1710653354290852,0.009227085169646801,0.0092163413132436
16000,1219,0.18872096364915164,0.009202032989752312,0.18872096364915164,0.009201745421728061,1.7763568394002505e-15,0.00893980050667418,0.1884030911383588,0.009182539512472044,0.1884030911383588,0.00918225255362848,8.881784197001252e-16,0.00798356546841152,0.18843761135834214,0.00919218205597046,0.1884113117518964,0.009183139921066149,0.1882747217479937,0.009170319485797941,0.009169934988308415
16000,1220,0.16458312019106947,0.009138891375998551,0.16458312019106947,0.009138605781180562,1.7763568394002505e-15,0.003681491542284682,0.16436875585072214,0.00912690295360105,0.16436875585072214,0.009126617733427116,1.7763568394002505e-15,0.003441635552812121,0.1643355497958357,0.009131125080451668,0.16436573569462626,0.009129543614429221,0.16436883556467335,0.009016509127413062,0.009015723362536062
16000,1221,0.19010625811792736,0.009017921416133815,0.19010625811792736,0.009017639601686141,1.7763568394002505e-15,0.007706110124139386,0.1901196165536212,0.009003170434269942,0.1901196165536212,0.009002889080797655,1.7763568394002505e-15,0.008328297496933404,0.19013453827259708,0.009020908069045906,0.1901158205734163,0.009004430851809752,0.1900839760517976,0.009005313233914543,0.009004046023651777
16000,1222,0.1780205583681999,0.008932285364001286,0.1780205583681999,0.008932006225722058,1.7763568394002505e-15,0.008422369563547666,0.17793092704091523,0.00891893212613498,0.17793092704091523,0.008918653405150953,1.7763568394002505e-15,0.00816232432936014,0.17775094688406168,0.008934464770873429,0.1779323601307421,0.008919070358008875,0.17773587617630693,0.009027804554101323,0.00903696200823831
16000,1223,0.1887138110681441,0.00896087145446617,0.1887138110681441,0.008960591422857654,8.881784197001252e-16,0.0033223551547071012,0.1885811691593403,0.008938126729928903,0.1885811691593403,0.008937847409104136,1.7763568394002505e-15,0.0038502385986944115,0.18851784805310695,0.008957471135314247,0.18857915790303748,0.008939029303479486,0.18829106473802754,0.008954885123775208,0.008950363124698947
16000,1224,0.17897339920686295,0.009225267185826705,0.17897339920686295,0.00922497889172248,1.7763568394002505e-15,0.005120708451832155,0.17900640247171812,0.009198418538064175,0.17900640247171812,0.009198131082993307,1.7763568394002505e-15,0.004716881937413396,0.17925728924371864,0.009214915018928729,0.17900788202705403,0.009199728347443203,0.17895052397312627,0.009222207620129414,0.00922104598894484
16000,1225,0.17560145501581925,0.009189630272650602,0.17560145501581925,0.009189343092217318,3.552713678800501e-15,0.010179240740475898,0.17576961024947924,0.009172320088007177,0.17576961024947924,0.009172033448525617,1.7763568394002505e-15,0.009760941054903723,0.17563050106793354,0.009194523269618352,0.1757707786467222,0.009174552929134997,0.17601488833464907,0.009308651809019339,0.009309125536392598
16000,1226,0.18698506080398192,0.009034515503832486,0.18698506080398192,0.009034233170811468,3.552713678800501e-15,0.004419768019250507,0.18698680187339006,0.009025925892471122,0.18698680187339006,0.009025643827879655,3.552713678800501e-15,0.004629598424635388,0.1870720511043768,0.009038642475500269,0.18698673670365507,0.009026355691775687,0.18700006448656203,0.009021938801436931,0.009027605859937804
16000,1227,0.18696549500454956,0.009114119194214376,0.18696549500454956,0.009113834373539164,3.552713678800501e-15,0.0055540141171344015,0.18693134382070703,0.009093118383817718,0.18693134382070703,0.009092834219428086,1.7763568394002505e-15,0.005588397588482622,0.18680401772049998,0.009101432930134094,0.18692671116856346,0.009095262660493287,0.1870221110062829,0.009131341327038698,0.00913147415432744
16000,1228,0.1757751713598648,0.009084981027789875,0.1757751713598648,0.009084697117696593,1.7763568394002505e-15,0.0063820730423703115,0.1756893361441622,0.009066196971736901,0.1756893361441622,0.009065913648654543,3.552713678800501e-15,0.005949485297197048,0.1756371057299157,0.009081967505262181,0.17568919592106175,0.009067057049393952,0.17575347867108337,0.008982514530759962,0.008988521021085619
16000,1229,0.18329140093710544,0.009262314604215024,0.18329140093710544,0.009262025152360884,3.552713678800501e-15,0.008237416788696956,0.18350634415598532,0.009229805108200364,0.18350634415598532,0.00922951667228385,3.552713678800501e-15,0.007644020628647897,0.18372680819402049,0.00924352056523692,0.1835073093299211,0.009230845878140817,0.1831801169951387,0.009151981160696428,0.009151466239134372
16000,1230,0.17696068883583949,0.009288869603301839,0.17696068883583949,0.009288579321591012,1.7763568394002505e-15,0.00880154609685009,0.1766880188719051,0.009276379561895254,0.1766880188719051,0.009276089670504322,1.7763568394002505e-15,0.008577857177255304,0.17680046459306437,0.009301391186247756,0.17669158052710465,0.00927986511473964,0.17706002179191133,0.009450818620543821,0.009465746067018188
16000,1231,0.17754327585879842,0.009239584211155961,0.17754327585879842,0.009239295469637707,3.552713678800501e-15,0.006722297806456747,0.17768131828184924,0.009222117141329625,0.17768131828184924,0.009221828945665832,3.552713678800501e-15,0.0066932264530834475,0.17785052316102118,0.009242530508775661,0.17768248328017272,0.009223692890705012,0.177638315907635,0.0090231564901426,0.009023096535229437
16000,1232,0.18491973875402457,0.009117919285512173,0.18491973875402457,0.009117634346082253,3.552713678800501e-15,0.010209287386285825,0.18483400935073718,0.009104285594451852,0.18483400935073718,0.009104001081081435,1.7763568394002505e-15,0.009792641494512384,0.18482947481347894,0.009117279141022002,0.18483128738298682,0.009104380822823412,0.18467748249127647,0.009189275151960698,0.009188912090486624
16000,1233,0.18570271074003414,0.009330827287987925,0.18570271074003414,0.009330535695078964,3.552713678800501e-15,0.00761727564439403,0.18546278207363848,0.009303360043926475,0.18546278207363848,0.009303069309382305,3.552713678800501e-15,0.0067177055734690076,0.18534677061139943,0.009318169810094857,0.18546765579161956,0.00930539504385557,0.18532445641567208,0.009233682257995595,0.00926103619432913
16000,1234,0.19135912989060394,0.009014634559139412,0.19135912989060394,0.009014352847407623,1.7763568394002505e-15,0.011590829893613777,0.1914970184294208,0.00900951985203417,0.1914970184294208,0.009009238300139475,1.7763568394002505e-15,0.010841381218110381,0.19179861573266327,0.00902242722111935,0.19149354866768664,0.009010237942081617,0.19147065211391934,0.008977855044533382,0.008973130716588593
16000,1235,0.18996105371676447,0.009150994654089615,0.18996105371676447,0.009150708681038278,1.7763568394002505e-15,0.0032372600653221132,0.18970797024121672,0.009140094687850766,0.18970797024121672,0.009139809055428693,3.552713678800501e-15,0.0033145852447741377,0.1894952630743243,0.009141603092805836,0.18970790629830198,0.009141104222831329,0.18959611696504408,0.009099996657119408,0.009099518368632393
16000,1236,0.1746928714265879,0.009101609032837174,0.1746928714265879,0.009101324603110613,1.7763568394002505e-15,0.011396288913391664,0.1749318796933338,0.009090357369363092,0.1749318796933338,0.009090073291256509,1.7763568394002505e-15,0.01092689652473618,0.17475750988703304,0.009112754823107033,0.1749289167128371,0.009091628221719397,0.17500189515167291,0.009147236152093157,0.009148137192252338
16000,1237,0.18725457899149967,0.009108725403253637,0.18725457899149967,0.009108440751137028,1.7763568394002505e-15,0.00323914114880482,0.18707371235583314,0.00909372989270653,0.18707371235583314,0.009093445709206947,1.7763568394002505e-15,0.0034457123185231736,0.1867734228942391,0.009123254705047377,0.1870724606441076,0.009093438446395942,0.18718711473310773,0.009001780433395628,0.008998357175053862
16000,1238,0.17555177879729056,0.009332177223319268,0.17555177879729056,0.009331885588224169,1.7763568394002505e-15,0.004415578345100064,0.1755425944991696,0.009308399196352467,0.1755425944991696,0.009308108304332324,1.7763568394002505e-15,0.003981678514948542,0.17523281503666055,0.00932104219935419,0.1755435424185245,0.009308082576403571,0.17551778894261905,0.009169766502528494,0.00917034690254051
16000,1239,0.175607274820345,0.009122342375679651,0.175607274820345,0.009122057298026004,1.7763568394002505e-15,0.0047409815904796235,0.175298118408227,0.009096825932408681,0.175298118408227,0.009096541652156346,1.7763568394002505e-15,0.004655576073085231,0.17489848596675656,0.009101594812780863,0.17529230286581826,0.009097202535101916,0.17520044788862726,0.008998154943323554,0.009004314823319731
16000,1240,0.19534437250290526,0.00909552157034326,0.19534437250290526,0.009095237330852875,1.7763568394002505e-15,0.003014595258121812,0.195477235625175,0.009095390608263598,0.195477235625175,0.009095106372865841,8.881784197001252e-16,0.002973120588619344,0.1955707518310727,0.009105368137910389,0.19547344434675512,0.00909579315898809,0.1956221861077479,0.008979034757450011,0.008976463626504283
16000,1241,0.18815749389025666,0.009244965266770072,0.18815749389025666,0.0092446763570912,1.7763568394002505e-15,0.007634732485082233,0.18808602139046843,0.009223767718699594,0.18808602139046843,0.00922347947145445,1.7763568394002505e-15,0.007293551855087263,0.1883391581432134,0.009235784252930862,0.1880908217178005,0.009225071466809629,0.18836733300253894,0.009234272513529618,0.0092352031144905
16000,1242,0.19687174653394085,0.009064944947081334,0.19687174653394085,0.009064661663125355,1.7763568394002505e-15,0.007841604566540206,0.19684561027656805,0.009050635313906052,0.19684561027656805,0.0090503524771331,1.7763568394002505e-15,0.008289591991922623,0.19694528783624277,0.009056640428966176,0.19684453159591747,0.009050536268173492,0.19680711775178095,0.009023931628898104,0.009022186428069807
16000,1243,0.18333977184997996,0.009190407983044671,0.18333977184997996,0.009190120778307557,8.881784197001252e-16,0.00932777711585058,0.18338132155754816,0.009178933247145507,0.18338132155754816,0.009178646400999493,1.7763568394002505e-15,0.009508651235381346,0.18272140189520036,0.00920819619239771,0.18337634132546432,0.009180159910471775,0.18314807296225205,0.009156719243801783,0.009156098294210921
16000,1244,0.18231258550481488,0.008959361143904948,0.18231258550481488,0.008959081159494375,1.7763568394002505e-15,0.010410397438721969,0.18243446127298535,0.008955144107770317,0.18243446127298535,0.008954864255144185,1.7763568394002505e-15,0.010683560784158736,0.18263371320371302,0.008970945942941096,0.18243578533715993,0.008954429618958634,0.18189797994646922,0.009121719800712497,0.009128571346110852
16000,1245,0.18039801782638043,0.009136817296184376,0.18039801782638043,0.009136531766182395,1.7763568394002505e-15,0.005481390936462232,0.18054452601211557,0.009117919028902254,0.18054452601211557,0.009117634089480351,1.7763568394002505e-15,0.005397526145126226,0.1800327661519489,0.00912432812345551,0.18053990210006604,0.009118949286527383,0.18039782061395038,0.009081453011576545,0.009085326182355666
16000,1246,0.18313343068672672,0.009074971144371259,0.18313343068672672,0.00907468754709172,1.7763568394002505e-15,0.010044565548362895,0.1831075754155317,0.009056645750334064,0.1831075754155317,0.009056362725732037,1.7763568394002505e-15,0.009725701686869771,0.1829063740541546,0.009067954574760928,0.18310415451198825,0.009057599776758456,0.1831559846629025,0.009010367171005368,0.009015321571855507
16000,1247,0.1817287320564927,0.009070691010767394,0.1817287320564927,0.00907040754724412,1.7763568394002505e-15,0.0030310700677198894,0.18197487960070957,0.009052851828112891,0.18197487960070957,0.009052568922072788,1.7763568394002505e-15,0.003440339781062419,0.18180412516697952,0.009071739775993836,0.18196900145733536,0.009053544778412888,0.18254843797313558,0.009006519698568463,0.009005814353818678
16000,1248,0.1723738133761123,0.008907483276773735,0.1723738133761123,0.008907204913571842,1.7763568394002505e-15,0.007671250461854988,0.17220410827452792,0.008900190575354627,0.17220410827452792,0.008899912440053215,1.7763568394002505e-15,0.007670838389436812,0.17248358158449484,0.008913068290148459,0.17219580813120694,0.008900345455314526,0.1722730189940797,0.008886392612139677,0.008909248547037079
16000,1249,0.18436714158754908,0.009341288625205415,0.18436714158754908,0.00934099670537456,1.7763568394002505e-15,0.0075323513212111745,0.1846221108567665,0.009320511282949225,0.1846221108567665,0.009320220012420461,3.552713678800501e-15,0.00751117298075332,0.1847826415630015,0.00933274340677053,0.18463446879300288,0.00932164876798742,0.18478898818245987,0.009498967111041614,0.00950364717345447
16000,1250,0.17425863742953013,0.009149328947133176,0.17425863742953013,0.009149043026135992,1.7763568394002505e-15,0.006575309377123903,0.17425970967705584,0.009133844263856487,0.17425970967705584,0.009133558826763219,7.105427357601002e-15,0.006166103699010463,0.1745894610571167,0.009174736605725188,0.17426246660081174,0.009133726680421811,0.17430556422263105,0.009154160331684192,0.009161148474984886
16000,1251,0.18189422380038778,0.008994491782084892,0.18189422380038778,0.008994210699824725,8.881784197001252e-16,0.00903957921628068,0.18189981704856267,0.008992369497800664,0.18189981704856267,0.008992088481862916,1.7763568394002505e-15,0.009170417929317288,0.18184623001162015,0.009006798081496445,0.18189488952036909,0.008992789407843293,0.18211220254889632,0.009020389643923514,0.009020429253155377
16000,1252,0.1846443356477005,0.009175321589296057,0.1846443356477005,0.009175034856016116,1.7763568394002505e-15,0.007251223391917595,0.18450419009674274,0.009156028363268332,0.18450419009674274,0.009155742232911124,1.7763568394002505e-15,0.006416505419873382,0.1846094480351561,0.009187598364508099,0.18450953569972928,0.009155564649548212,0.18437756524616067,0.00913567837281288,0.009134795919727219
16000,1253,0.18530463909960254,0.010186529769913355,0.18530463909960254,0.010186211435884,1.7763568394002505e-15,0.01170251748687414,0.18543943477735092,0.010108798986056171,0.18543943477735092,0.010108483081151766,8.881784197001252e-16,0.011659323247456558,0.1854159048503244,0.010118352572294438,0.18545354913662532,0.010126296338175151,0.18520736628772172,0.009936134978275816,0.010038558806697028
16000,1254,0.18799635471502568,0.009258390809266893,0.18799635471502568,0.009258101480033264,1.7763568394002505e-15,0.009000524963379023,0.18770680937101847,0.009249184474306772,0.18770680937101847,0.009248895432775604,3.552713678800501e-15,0.009051657177890436,0.18773845486261242,0.009264105628925774,0.1877103889800032,0.009250204889906882,0.18762766968164912,0.009260067286529962,0.009257659541180416
16000,1255,0.18488551195124392,0.009073977765814562,0.18488551195124392,0.009073694199578588,1.7763568394002505e-15,0.010011068676481953,0.1849672309669429,0.00906469855043136,0.1849672309669429,0.0090644152741754,1.7763568394002505e-15,0.010176830771431758,0.185374483909176,0.009087024604254097,0.18496708739849899,0.009065454724759812,0.18488310729192875,0.00908085550981561,0.009083388764370575
16000,1256,0.19656495220925135,0.009012830174070006,0.19656495220925135,0.009012548518726132,1.7763568394002505e-15,0.0036667143235793002,0.19632539895914325,0.008995489115672802,0.19632539895914325,0.00899520800224547,1.7763568394002505e-15,0.0037211630492149017,0.19622282909087663,0.00900536825831336,0.19631964045379607,0.00899586320563579,0.19632984868103998,0.009107617511852672,0.009107971422032566
16000,1257,0.16992181051652905,0.009502614849260183,0.16992181051652905,0.00950231788790605,3.552713678800501e-15,0.007035015136328407,0.170047004312592,0.009462496820294299,0.170047004312592,0.00946220111264816,3.552713678800501e-15,0.0062702931846082425,0.17051321314161177,0.009549829823120505,0.1700475856087772,0.009464742354201014,0.16985270336790448,0.00939418299331202,0.009365283587317697
16000,1258,0.18506754498728717,0.009197823795374909,0.18506754498728717,0.009197536358890038,8.881784197001252e-16,0.0016282250360689808,0.18459740202717512,0.009180408498713242,0.18459740202717512,0.009180121606464895,1.7763568394002505e-15,0.001692275253072881,0.18456054388625576,0.0091956934048803,0.18459429575424635,0.009181792149777759,0.18446084585354972,0.009137427013305924,0.009137484832500422
16000,1259,0.1901801495662095,0.009412725710666724,0.1901801495662095,0.009412431558392066,3.552713678800501e-15,0.005127839348984342,0.19040728911577048,0.009407961371154417,0.19040728911577048,0.009407667367767695,3.552713678800501e-15,0.005284105323172322,0.1903752717100119,0.009431809154315653,0.19041604865084222,0.009411064065888685,0.19039122170875583,0.009267539402126322,0.00927742871587537
16000,1260,0.18694414509169194,0.009221873243416598,0.18694414509169194,0.009221585055374733,1.7763568394002505e-15,0.00868581232117679,0.18690751024133972,0.009213496276875417,0.18690751024133972,0.009213208350617846,1.7763568394002505e-15,0.00876336970652652,0.18660818413281943,0.009220540423946703,0.18690711948297922,0.009215032187728123,0.1859814091162167,0.008986221855369826,0.008981424842608984
16000,1261,0.17782742423814113,0.009110566231543053,0.17782742423814113,0.009110281521899658,3.552713678800501e-15,0.005508413038019128,0.17798558991090374,0.009097462132318435,0.17798558991090374,0.009097177832184541,1.7763568394002505e-15,0.0053387815730445275,0.1781386683392503,0.009096778144068262,0.17798624972459076,0.009096871840541029,0.17843294598246762,0.0093999786910577,0.00938088452094392
16000,1262,0.17693118946386122,0.009241393428807565,0.17693118946386122,0.009241104630750374,1.7763568394002505e-15,0.008644796507849146,0.1768287238263705,0.009214311198213775,0.1768287238263705,0.009214023246489515,3.552713678800501e-15,0.007855437784125674,0.17682202383311246,0.00920167043165954,0.17683110477980069,0.009214144764119596,0.17660152922091493,0.009189789311676215,0.009189980007046298
16000,1263,0.19092235687038955,0.009184987911160947,0.19092235687038955,0.009184700875803727,3.552713678800501e-15,0.0048841042910221285,0.19102334639668367,0.009165660750503438,0.19102334639668367,0.009165374319129425,1.7763568394002505e-15,0.004973474137989725,0.19101493463382957,0.009170251739071164,0.19103081884404255,0.009169562038925511,0.19041606889493473,0.009242244223338237,0.009235254639996743
16000,1264,0.2008947690572354,0.009367660938618677,0.2008947690572354,0.00936736819464015,1.7763568394002505e-15,0.003761604583587348,0.20072796807113125,0.009356137771427237,0.20072796807113125,0.00935584538755331,3.552713678800501e-15,0.004062703201068026,0.20083327389937405,0.009360523714621828,0.20072977591513874,0.009357669476388279,0.20049166042377875,0.009369944259855632,0.009385212494771894
16000,1265,0.1867930437945592,0.009121604738998349,0.1867930437945592,0.009121319684396209,1.7763568394002505e-15,0.0057497583411411845,0.186799895197648,0.009100433557948255,0.186799895197648,0.009100149164955862,1.7763568394002505e-15,0.0059023031779482,0.18634139576741982,0.009118347732322939,0.18679693917804224,0.009101331127054992,0.1867454652166855,0.009139273429157104,0.009139980014048425
16000,1266,0.1780346510456205,0.009022403512580887,0.1780346510456205,0.009022121558065511,1.7763568394002505e-15,0.009483633531906054,0.17797914050495706,0.00900472190497665,0.17797914050495706,0.009004440503020145,1.7763568394002505e-15,0.010047503666214392,0.17798876049882378,0.009013766800988317,0.1779787747415043,0.009005589609796331,0.1774204924076061,0.009040584736886336,0.009043830516168652
16000,1267,0.19018805218678847,0.009274481489695167,0.19018805218678847,0.009274191657619918,1.7763568394002505e-15,0.004781170174573127,0.19028069125483738,0.00926365428680231,0.19028069125483738,0.009263364793082438,1.7763568394002505e-15,0.0049248549931939275,0.190240522968199,0.009274181965447314,0.19030582372448995,0.00926215134513806,0.18692679980523713,0.010188858460651973,0.009241924358791417
16000,1268,0.18345423566692048,0.009386401586770433,0.18345423566692048,0.009386108257137501,7.105427357601002e-15,0.01173600802902794,0.18353551344710495,0.009376970203831844,0.18353551344710495,0.009376677168934231,1.7763568394002505e-15,0.010985434305536387,0.1835820737874615,0.00937398167576726,0.18353738002894837,0.009378200878375197,0.18415480360819847,0.009572156447207514,0.009589210661031765
16000,1269,0.1995863485616352,0.00922198151671895,0.1995863485616352,0.009221693325293491,1.7763568394002505e-15,0.006283330293083033,0.19912603053964306,0.009205573989879607,0.19912603053964306,0.009205286311197373,1.7763568394002505e-15,0.006060610861388244,0.19896389363889266,0.009214139456500136,0.1991314127050276,0.009205058694446735,0.1989506657323895,0.009081514401203708,0.009070351518857088
16000,1270,0.1885550713267759,0.008970350771116384,0.1885550713267759,0.008970070443274596,1.7763568394002505e-15,0.004532199392662679,0.1885606928451234,0.008962364277464187,0.1885606928451234,0.008962084199204225,1.7763568394002505e-15,0.004823159267658929,0.18838502009983144,0.008972489431851997,0.18855643220272283,0.0089626906763128,0.1883397632516527,0.008983362803707267,0.00899332605805896
16000,1271,0.1781750755457095,0.009096106706938398,0.1781750755457095,0.009095822449162209,1.7763568394002505e-15,0.009421417397712423,0.1781378121648634,0.009085607439031512,0.1781378121648634,0.00908532350936257,1.7763568394002505e-15,0.008982432238031308,0.17842986455442578,0.009101041413251037,0.17813793879773748,0.009084165241664124,0.17828885305654874,0.009098682812943047,0.009102097608265374
16000,1272,0.19364562426047227,0.00923954370702611,0.19364562426047227,0.009239254966773629,3.552713678800501e-15,0.002647303423396551,0.193820376569032,0.009229956972353497,0.193820376569032,0.009229668531691156,1.7763568394002505e-15,0.0029443430316219254,0.19376988420814611,0.009273141507114424,0.19382877118387465,0.009230242625739748,0.1936773307757536,0.00929392467489519,0.00927041510122424
16000,1273,0.18777414613086085,0.008994644278886554,0.18777414613086085,0.008994363191860786,1.7763568394002505e-15,0.008714568567405169,0.187835147947727,0.008985813171123708,0.187835147947727,0.008985532360074369,1.7763568394002505e-15,0.008751643539659891,0.18762780572925125,0.008992265379590605,0.18783362316992275,0.008985106287722951,0.18774864844773026,0.009204580380952562,0.00919561853711015
16000,1274,0.17685600559621129,0.008977748896722806,0.17685600559621129,0.00897746833768598,3.552713678800501e-15,0.004748258760358313,0.17672219078851475,0.008960504629140326,0.17672219078851475,0.008960224608995282,1.7763568394002505e-15,0.00445007510897096,0.17670747431221384,0.008970589944772412,0.17670952393675615,0.008961192945265616,0.17645024216114358,0.008910594069631331,0.008914115648063438
16000,1275,0.182169457782143,0.009270834437573525,0.182169457782143,0.009270544719470435,3.552713678800501e-15,0.006873428411986885,0.18241978281011273,0.009267215214429626,0.18241978281011273,0.009266925609429027,3.552713678800501e-15,0.006673239835324081,0.18248962132435875,0.009296274274815991,0.18242229149285477,0.009269646978540779,0.18227751683998877,0.009212858562049224,0.009210962986125245
16000,1276,0.1821381601834085,0.00931503831438073,0.1821381601834085,0.009314747214884903,7.105427357601002e-15,0.005561006384611492,0.18238860094600778,0.00935180976361837,0.18238860094600778,0.0093515175149968,7.105427357601002e-15,0.00518645103538282,0.18235286293995584,0.009376475333622975,0.182387466578178,0.009353505184790877,0.1819059324556182,0.009346537638121733,0.00933539147253458
16000,1277,0.18842807219607677,0.009083416197902396,0.18842807219607677,0.009083132336710811,1.7763568394002505e-15,0.0017881476916423087,0.1882371750493988,0.009076100853736765,0.1882371750493988,0.009075817221153257,3.552713678800501e-15,0.0018147922637786944,0.18831604535075586,0.009085597211885845,0.18823362263692078,0.009076633748173064,0.18845251103801786,0.009154677121146369,0.009154035915715885
16000,1278,0.1716991106941711,0.009038600735124646,0.1716991106941711,0.009038318274438156,3.552713678800501e-15,0.010322774988046395,0.17146211155721552,0.009028756955000536,0.17146211155721552,0.009028474801936982,3.552713678800501e-15,0.009818426920731975,0.17162122053690537,0.009036737355990107,0.17146055325342807,0.009026824499205156,0.1714875304868117,0.009102790285669654,0.009109939003788968
16000,1279,0.18681715216761452,0.009226848446574154,0.18681715216761452,0.009226560103054761,1.7763568394002505e-15,0.005312537394194406,0.18671373647976774,0.00922243605909834,0.18671373647976774,0.009222147853468208,1.7763568394002505e-15,0.005832743805546727,0.18672319593803882,0.009236495455370764,0.18671292059009353,0.009223719202498938,0.18674425490946905,0.00909928602145053,0.00909915722963443
16000,1280,0.1835778330282306,0.00903398566910855,0.1835778330282306,0.009033703352645127,1.7763568394002505e-15,0.006900207718054345,0.183526502833241,0.009019540807468645,0.183526502833241,0.009019258942414203,1.7763568394002505e-15,0.006414554238382708,0.18337234697400617,0.009031987472236307,0.18352205050893244,0.009020148410893094,0.18388222426223216,0.008814953969521571,0.008829197290533896
16000,1281,0.19486827710949228,0.009025225830274018,0.19486827710949228,0.009024943787559834,1.7763568394002505e-15,0.003972556699932827,0.19520530026195826,0.009019750619060485,0.19520530026195826,0.009019468747449327,1.7763568394002505e-15,0.003956309859670185,0.19546169228287774,0.00903443384899724,0.19519425935050894,0.009020673824462274,0.1953774496673909,0.008941402066230389,0.008937002908900551
16000,1282,0.1801064475920851,0.009381062126591766,0.1801064475920851,0.00938076896381957,3.552713678800501e-15,0.007237027689142517,0.18011189556082563,0.009367349491028475,0.18011189556082563,0.009367056756782835,3.552713678800501e-15,0.007240569144983232,0.1798758509338525,0.0093852312304891,0.18011272337946893,0.009368060876074539,0.17986830012054544,0.009183511268885558,0.009178408986313788
16000,1283,0.18004097085488374,0.0091821746193199,0.18004097085488374,0.009181887671879423,1.7763568394002505e-15,0.007235350377634911,0.18026365609162398,0.009170056276612127,0.18026365609162398,0.009169769707875777,1.7763568394002505e-15,0.006451707223095549,0.18017060891373493,0.0091836304426842,0.1802613699587447,0.009167486999317988,0.1801791389752453,0.009163733208378717,0.009162654865735701
16000,1284,0.1845263579067118,0.009193654413019487,0.1845263579067118,0.009193367106829851,1.7763568394002505e-15,0.00823754657522241,0.1842915264113822,0.009182815077242468,0.1842915264113822,0.009182528109787369,1.7763568394002505e-15,0.008100190191475874,0.1846744037903545,0.009210930509852945,0.18429023810200124,0.009183513743335536,0.18435486789723154,0.009256384698933565,0.009255173648187568
16000,1285,0.18607015438693741,0.009157313783957965,0.18607015438693741,0.009157027613430731,1.7763568394002505e-15,0.005271072035315042,0.18610925772187825,0.00915064908025397,0.18610925772187825,0.009150363118001983,1.7763568394002505e-15,0.004851081404884593,0.1861103498006222,0.009177949925072194,0.18610513670374512,0.009151563886737673,0.1861122563011785,0.009194997429104143,0.009195804707887383
16000,1286,0.20120144575668908,0.00903758008918878,0.20120144575668908,0.009037297660397974,1.7763568394002505e-15,0.0052398464554131744,0.20123283997358637,0.009008435335736422,0.20123283997358637,0.009008153817733395,1.7763568394002505e-15,0.005769776055699969,0.20145532774208802,0.009041681607260942,0.20123568065379277,0.009010651047786724,0.2015052588222651,0.009202637583274003,0.009205249896703101
16000,1287,0.18663982983006483,0.00890319938108794,0.18663982983006483,0.00890292115175988,1.3322676295501878e-15,0.004216264417360372,0.18674494560966404,0.008893207624739484,0.18674494560966404,0.00889292970765869,1.7763568394002505e-15,0.0042234838551880385,0.18681709575232386,0.008909674530438502,0.18673689104166963,0.008894544852212999,0.18674618675904853,0.008878595753176979,0.008883736568342343
16000,1288,0.18276113809223887,0.009233527932874687,0.18276113809223887,0.009233239380618085,1.7763568394002505e-15,0.009831214886677432,0.182838430193612,0.009222396312252011,0.182838430193612,0.00922210810786399,1.7763568394002505e-15,0.009252230324977722,0.18277593689790406,0.009237352423679726,0.1828442747673491,0.009225223188393049,0.1830057200965733,0.009216364643619211,0.009214093896777133
16000,1289,0.19117517696401065,0.010673262935346622,0.19117517696401065,0.010672929390668176,1.7763568394002505e-15,0.0057470872721267505,0.1907927238695934,0.010542661896520093,0.1907927238695934,0.01054233243318788,8.881784197001252e-16,0.005540458074197717,0.19069569949597526,0.010480324267847488,0.1908010056512935,0.010551149794487218,0.1902146436379708,0.010205578208569887,0.010193335246684126
16000,1290,0.17369348464449957,0.009134049861810187,0.17369348464449957,0.009133764418291881,1.7763568394002505e-15,0.008071773616882768,0.1739645676737422,0.009119469758673868,0.1739645676737422,0.009119184770790904,1.7763568394002505e-15,0.007736274848487811,0.17380566007574122,0.009133331573450865,0.17396188234248144,0.009119326032250864,0.17411974695136484,0.009109867403035031,0.00911204251691654
16000,1291,0.19587595000200547,0.00897722671239316,0.19587595000200547,0.00897694616967485,1.7763568394002505e-15,0.008621981532096097,0.19591729824731258,0.008957252664058226,0.19591729824731258,0.008956972745538678,1.7763568394002505e-15,0.008093521560618676,0.1961257407226603,0.008965921758205396,0.19591815422182135,0.008955970446929154,0.19572501954206556,0.00921056735037754,0.00920647509571537
16000,1292,0.1928223217712685,0.009251115661931156,0.1928223217712685,0.009250826560049434,3.552713678800501e-15,0.005359264033160086,0.19295969451238087,0.009241987915167971,0.19295969451238087,0.009241699098532792,1.7763568394002505e-15,0.0054326684540689655,0.19266288006335597,0.009271208230849337,0.19297100665534306,0.00924286502999718,0.19202398146086336,0.00927106896603872,0.009235665278673144
16000,1293,0.18086789373868478,0.008987304586002897,0.18086789373868478,0.008987023728346115,3.552713678800501e-15,0.007232607978625903,0.18055188295077684,0.008966125056288746,0.18055188295077684,0.00896584486050261,1.7763568394002505e-15,0.007104192592560591,0.18047564412680694,0.008988227702034583,0.1805480978018444,0.008966164711020661,0.18034193574912166,0.00910376846091387,0.009105990405620677
16000,1294,0.18052278921592074,0.00908545564649865,0.18052278921592074,0.0090851717215733,3.552713678800501e-15,0.011198687448950598,0.180054305980282,0.009054402004958677,0.180054305980282,0.00905411905047479,1.7763568394002505e-15,0.010729073328969205,0.17995458280669724,0.009071714078317536,0.1800526943728023,0.009055550862452267,0.18037529422296905,0.009096991512370046,0.00909757646039866
16000,1295,0.1740327255605053,0.008971062305548214,0.1740327255605053,0.008970781955470627,1.7763568394002505e-15,0.00537442289886496,0.17414647423405033,0.008946749100338703,0.17414647423405033,0.008946469510060652,1.7763568394002505e-15,0.0051842566184336965,0.17379148331870858,0.008965476932181029,0.1741494361618514,0.008946985536301773,0.1737430456650369,0.008896670937549554,0.008927360591902142
16000,1296,0.21462608098941738,0.00919742107122629,0.21462608098941738,0.009197133647326746,3.552713678800501e-15,0.006926929301557926,0.2144890116798568,0.009186839335649644,0.2144890116798568,0.009186552242434502,1.7763568394002505e-15,0.007349742229431972,0.2147488102344775,0.009216461720379144,0.2144869260321529,0.009187223608420848,0.21480601660381293,0.008971103177552568,0.008956590836187
16000,1297,0.19934106397985757,0.009255702096632772,0.19934106397985757,0.009255412851422725,3.552713678800501e-15,0.0046073348054535175,0.19940169598045004,0.009257672962804522,0.19940169598045004,0.009257383656003947,8.881784197001252e-16,0.004540584636369787,0.19917266230383407,0.009267224045753995,0.19940358792268104,0.009255054923217149,0.19933133110622725,0.00961899824160428,0.009722692012891176
16000,1298,0.18155681080122577,0.009079670882517661,0.18155681080122577,0.009079387138369012,8.881784197001252e-16,0.008728510873286107,0.18177599487194418,0.009069449154485237,0.18177599487194418,0.009069165729770578,1.7763568394002505e-15,0.009089838338584177,0.18201637415307487,0.00909932416557403,0.1817719754842803,0.009069906168258556,0.18168410765775267,0.009125962126513934,0.009123813723399394
16000,1299,0.1734783321158106,0.00906516918266492,0.1734783321158106,0.009064885891701471,1.7763568394002505e-15,0.006901059928865892,0.17340815810231153,0.009050629668135952,0.17340815810231153,0.009050346831539432,1.7763568394002505e-15,0.00688129808933814,0.1733399415784474,0.009081981984947803,0.17340311236926054,0.009051749570651255,0.17315708601807983,0.009000624138660995,0.009001499919257047
16000,1300,0.1954314673733596,0.009205757084905642,0.1954314673733596,0.0092054694005016,1.7763568394002505e-15,0.0027721592996659637,0.19541922191718814,0.009194616984104143,0.19541922191718814,0.009194329647833689,1.7763568394002505e-15,0.0026535816845429223,0.19520003920474743,0.009205798922787436,0.1954189979473579,0.009194582938535948,0.19555690111883367,0.009167951452519982,0.009169517921991562
16000,1301,0.1628214620734894,0.00900212965751076,0.1628214620734894,0.009001848336563253,1.7763568394002505e-15,0.006724057315750723,0.1628323527553337,0.008997307209300911,0.1628323527553337,0.008997026039057266,1.7763568394002505e-15,0.00649297015936149,0.1626619264558139,0.009009013009718155,0.16283010786780439,0.008997235850710859,0.16263669284253546,0.009061196078251165,0.009072833831885917
16000,1302,0.18290373603236426,0.008939872867417788,0.18290373603236426,0.008939593492025373,1.7763568394002505e-15,0.011285186537816164,0.18278404472184306,0.008931214203221327,0.18278404472184306,0.008930935098416398,1.7763568394002505e-15,0.010832916078768467,0.18247413143943386,0.008935547410608218,0.18278326063732797,0.008931285022814588,0.18289159608289773,0.009048072627728098,0.009062937525694021
16000,1303,0.18294539686784062,0.009006033201720724,0.18294539686784062,0.009005751758785556,1.7763568394002505e-15,0.007705396856652779,0.18304999932555366,0.008991720143133028,0.18304999932555366,0.00899143914748793,1.7763568394002505e-15,0.0080848978856783,0.18282128512768125,0.009007867779806706,0.18304092437988412,0.008991198011552928,0.1830074716617568,0.008965164223518724,0.00895672281807742
16000,1304,0.17503208475742899,0.00900273837283141,0.17503208475742899,0.009002457032861254,1.7763568394002505e-15,0.004589270135580624,0.17503163541378775,0.00899636949460415,0.17503163541378775,0.008996088353664548,1.7763568394002505e-15,0.004586392747251782,0.17465668886567276,0.009003652770591461,0.1750280567943543,0.00899661255720154,0.17499085214538257,0.009035445592132285,0.00905002145761061
16000,1305,0.19624308793815393,0.00914571613314618,0.19624308793815393,0.009145430325051197,1.7763568394002505e-15,0.010421549379640125,0.19601405372528585,0.009129495842438634,0.19601405372528585,0.009129210541235657,1.7763568394002505e-15,0.010446131686833357,0.19613464875412145,0.009147500755598646,0.19601414106549103,0.009130171588387746,0.19575278731734752,0.009185051913220962,0.009184919987174607
16000,1306,0.20370155566888676,0.009169523442722084,0.20370155566888676,0.009169236890637053,3.552713678800501e-15,0.007818598498658935,0.20395569092224752,0.009148831783916768,0.20395569092224752,0.009148545878456177,3.552713678800501e-15,0.007816244208473903,0.20395473026792876,0.00915850835975789,0.20395735262075498,0.009150172806294864,0.20373959133752423,0.009087240850983159,0.009085186666077466
16000,1307,0.18154238772868098,0.008997437618620275,0.18154238772868098,0.008997156444301277,1.7763568394002505e-15,0.006866532960995342,0.18164688559383357,0.008988683077566938,0.18164688559383357,0.008988402176831622,1.7763568394002505e-15,0.00691424119802216,0.18173130136515353,0.0090144923372049,0.18165025070128915,0.008988973805749497,0.18180087073358936,0.008875106527551553,0.008887115168217892
16000,1308,0.19158527665955521,0.009077800089920266,0.19158527665955521,0.009077516404234797,1.7763568394002505e-15,0.01275941637233657,0.19164524949500006,0.009073178698602634,0.19164524949500006,0.0090728951573379,1.7763568394002505e-15,0.012798275592716431,0.19131932310084754,0.009085208665598496,0.19164398101336144,0.009074232145849261,0.19155633695646257,0.008992494247135762,0.00898788364954503
16000,1309,0.1948638747835404,0.009196554515641858,0.1948638747835404,0.009196267118822599,1.7763568394002505e-15,0.004857490854644726,0.1942575274528313,0.009168113530380755,0.1942575274528313,0.009167827022356174,1.7763568394002505e-15,0.004542188763373857,0.19406487144142331,0.009205103009238462,0.1942653503966985,0.009168483218018742,0.19364857802824081,0.009200184661108118,0.009187428202572706
16000,1310,0.1823823273863318,0.009130837881420157,0.1823823273863318,0.009130552538277806,1.7763568394002505e-15,0.0032022693171273593,0.1826479444970293,0.00911005778931354,0.1826479444970293,0.009109773095559213,1.7763568394002505e-15,0.0030929709687415588,0.18238913893754832,0.009118936645978105,0.18264643582475232,0.009110662206916796,0.1832159489582716,0.00888745617320399,0.008890569088053045
16000,1311,0.19336798635714275,0.00918490948960201,0.19336798635714275,0.0091846224566955,1.7763568394002505e-15,0.009855416782725222,0.19320669959805703,0.009181961931552391,0.19320669959805703,0.00918167499075851,1.7763568394002505e-15,0.010056761939023802,0.19320984043175737,0.009202946106936716,0.19321033968524715,0.009182404540417709,0.1932523715152672,0.009223305785764569,0.009223809310003064
16000,1312,0.16804139452692834,0.009155025344467499,0.16804139452692834,0.009154739245455118,3.552713678800501e-15,0.003093995402098153,0.1682242686600613,0.009142347260856895,0.1682242686600613,0.009142061558040817,1.7763568394002505e-15,0.0034080349277062737,0.16835390625126923,0.009172285570393228,0.16822294720322228,0.009143125647804503,0.16815636362160957,0.009148703381435913,0.009144305900807767
16000,1313,0.17527134684567963,0.009093867689100291,0.17527134684567963,0.009093583501294501,1.7763568394002505e-15,0.008381478938223125,0.17512757418548713,0.00906976112977014,0.17512757418548713,0.009069477695306102,1.7763568394002505e-15,0.008303077950092348,0.1749684592517753,0.00907979334142337,0.17513317624461727,0.00906983767226684,0.17524738845107435,0.009129855586739287,0.009133585117072542
16000,1314,0.1810184539040312,0.010421088163160072,0.1810184539040312,0.010420762499066392,1.7763568394002505e-15,0.0036146356085892018,0.18113328245452087,0.01032066721351543,0.18113328245452087,0.01032034468762546,1.7763568394002505e-15,0.0037840533332900257,0.18126466060254937,0.010466496131414604,0.18114835532289508,0.010328845679223311,0.18177819132604478,0.010649874925168877,0.010596369135483558
16000,1315,0.18484734061852787,0.009168521877048363,0.18484734061852787,0.009168235356262747,3.552713678800501e-15,0.007223207348231357,0.18510138070668802,0.009149185072405874,0.18510138070668802,0.009148899155904847,3.552713678800501e-15,0.007182542839947267,0.1852211326400829,0.009170406965414313,0.18510753375847167,0.009150084892386424,0.18559128681932102,0.008939248014124978,0.00895394924242887
16000,1316,0.19837544414568248,0.009342314099308389,0.19837544414568248,0.009342022147430965,1.7763568394002505e-15,0.004225891199451716,0.19836649656937172,0.009336512716996639,0.19836649656937172,0.009336220946415246,1.7763568394002505e-15,0.00433455814380749,0.19853646695744742,0.009356733194401726,0.19836279569902815,0.009337900792126728,0.19809114185710802,0.009185383456286776,0.009221920887983626
16000,1317,0.1874798200867573,0.009027621979414547,0.1874798200867573,0.009027339861819535,1.7763568394002505e-15,0.012985223458033036,0.187383793716358,0.009014702973916813,0.187383793716358,0.009014421260047029,1.7763568394002505e-15,0.012294761208053886,0.18668680710483443,0.009043677334968357,0.18738455788015856,0.00901586207386737,0.18769770310008255,0.009118627763338664,0.009117717170196538
16000,1318,0.19165176028083675,0.009064700409854047,0.19165176028083675,0.00906441713353998,1.7763568394002505e-15,0.006798593227985329,0.19154684298090796,0.009051506006464595,0.19154684298090796,0.009051223142482077,1.7763568394002505e-15,0.0065484917274579455,0.1910173927622429,0.009070034214711985,0.19154793691998273,0.009052142185105621,0.19195741069551858,0.009048155340589975,0.009033220956163223
16000,1319,0.18552010188944312,0.009185536281164136,0.18552010188944312,0.009185249228670084,3.552713678800501e-15,0.007299926343764621,0.18548998214802942,0.009173619441967916,0.18548998214802942,0.00917333276188091,1.7763568394002505e-15,0.00716823872375194,0.18496929759217295,0.009179761159945577,0.18548805447322236,0.009175228307032114,0.18547015700553116,0.009137582268362955,0.00913416296890934
16000,1320,0.1758617405882923,0.009065008376342828,0.1758617405882923,0.009064725090404655,3.552713678800501e-15,0.009596175216257292,0.17595146720589616,0.009049923347155205,0.17595146720589616,0.00904964053263156,3.552713678800501e-15,0.009524491822229161,0.17574799608432579,0.00905933265389247,0.17595259790604145,0.009053523842513516,0.17607075789348153,0.00905275320025034,0.00907946687840053
16000,1321,0.18121988154956825,0.009124400729595262,0.18121988154956825,0.009124115587617049,3.552713678800501e-15,0.005035501088975378,0.18105532535283048,0.009099829831777463,0.18105532535283048,0.009099545457651806,3.552713678800501e-15,0.004984097479888681,0.180934182864604,0.009103241252569635,0.18105275263429388,0.009099970109165413,0.1812749726786737,0.00897949879020659,0.008979588711461428
16000,1322,0.19027718176509073,0.009555777615873489,0.19027718176509073,0.009555478993156941,3.552713678800501e-15,0.008214816085069482,0.190361798778708,0.009511541460945468,0.190361798778708,0.00951124422063036,7.105427357601002e-15,0.008478166539309677,0.19026002297075195,0.009529771275567304,0.1903707051378727,0.009513659281258755,0.19029001156759978,0.009411382799291901,0.009425716556521347
16000,1323,0.18258123675656285,0.00907160727147115,0.18258123675656285,0.00907132377931428,1.7763568394002505e-15,0.008220228449950516,0.18265360257423247,0.00906336202193373,0.18265360257423247,0.009063078787444936,3.552713678800501e-15,0.0077147361890601545,0.18251697630055574,0.009069896891163937,0.1826596362448799,0.009064314806458886,0.1825924690275712,0.009235616520547444,0.009234161506029664
16000,1324,0.17903999639833046,0.009088660557734404,0.17903999639833046,0.009088376532654012,1.7763568394002505e-15,0.0066516442179425615,0.17898893863376714,0.009068393456872501,0.17898893863376714,0.00906811006514891,1.7763568394002505e-15,0.006981637048470451,0.17861664416734446,0.009083713273236756,0.17898145552130584,0.009070489445568968,0.17905825717779444,0.009143018557547468,0.009142176046340432
16000,1325,0.1876676318689785,0.008992457358469218,0.1876676318689785,0.00899217633978578,1.7763568394002505e-15,0.004571189515262673,0.18783664739737443,0.0089869183020083,0.18783664739737443,0.008986637456423082,1.7763568394002505e-15,0.004566613597314846,0.18796886822555625,0.008992920046684682,0.18784030121816714,0.00898695792338295,0.18706239319074858,0.009099993648991937,0.009099150528060417
16000,1326,0.16284414578217926,0.009005707404594561,0.16284414578217926,0.009005425971840711,1.7763568394002505e-15,0.01224578710985548,0.16314697254019,0.00899231982430548,0.16314697254019,0.008992038809920052,1.7763568394002505e-15,0.012332298081252725,0.16341268329107578,0.009003741444915475,0.16314552136931665,0.008992203528426808,0.1632086940473938,0.009024899609505184,0.009030249555660471
16000,1327,0.18100363704346462,0.008926404714502085,0.18100363704346462,0.008926125759996026,1.7763568394002505e-15,0.0043975216137595394,0.18066646391047686,0.008914952392928083,0.18066646391047686,0.008914673796312665,1.7763568394002505e-15,0.004024877169233569,0.18075159904325094,0.008927393161053353,0.18066494019237184,0.008915095626169477,0.18034561698585383,0.008906682565084895,0.00890849013040447
16000,1328,0.17279500850859242,0.008913707273436444,0.17279500850859242,0.008913428715731616,1.7763568394002505e-15,0.007141545961927246,0.1726291919468383,0.008888071889781968,0.1726291919468383,0.008887794133195398,1.7763568394002505e-15,0.00709420257074645,0.17295233231445983,0.008909981999044508,0.17260999564195184,0.008892138939087803,0.1725489321311081,0.008904330189909887,0.00894951320022079
16000,1329,0.18132665628741512,0.0093347333160427,0.18132665628741512,0.009334441601068456,3.552713678800501e-15,0.0064239687134892915,0.18158058205248356,0.009316258123503653,0.18158058205248356,0.009315966985888196,3.552713678800501e-15,0.006264186824672281,0.18183179107307734,0.009354118423000102,0.1815859367630146,0.009318282816288739,0.18115755172813164,0.009226738782590093,0.009222713100773617
16000,1330,0.17808088550823242,0.009278337108256398,0.17808088550823242,0.009278047155691187,3.552713678800501e-15,0.008569006420158353,0.17775334275877513,0.009248101746834167,0.17775334275877513,0.009247812739138763,1.7763568394002505e-15,0.008727990986195094,0.17824872699108713,0.009322629737906296,0.17775043627977033,0.009247834430024273,0.17710100766844056,0.00909868844368863,0.009094134717834846
16000,1331,0.18738460653809502,0.009128443810331377,0.18738460653809502,0.009128158542004917,1.7763568394002505e-15,0.00578714323041365,0.187613027295081,0.009122025059172102,0.187613027295081,0.00912173999143475,1.7763568394002505e-15,0.005516205506297009,0.1878669572104722,0.009147567123276466,0.18762110690823547,0.009122589939304525,0.18769405158101216,0.009191160624941883,0.009183583383160507
16000,1332,0.1829120862422186,0.009342625352306363,0.1829120862422186,0.009342333390702132,1.7763568394002505e-15,0.004297268642764892,0.1825533663505623,0.009301172024367808,0.1825533663505623,0.009300881358200317,1.7763568394002505e-15,0.004643447283497624,0.18232258850024297,0.009331709352788427,0.18254937919262526,0.009302169483091711,0.18278215126895264,0.009181473290907367,0.009187137804711686
16000,1333,0.18501981349095575,0.008893172178168592,0.18501981349095575,0.008892894262195519,8.881784197001252e-16,0.012532163098300938,0.18476200365687906,0.00886768498926263,0.18476200365687906,0.008867407869776656,1.7763568394002505e-15,0.01382377612504909,0.184830868135756,0.008875322051036843,0.1847549122220839,0.008867979188621075,0.18439903156054815,0.009020889354360647,0.009029789703121217
16000,1334,0.18280210634964056,0.009178816710361717,0.18280210634964056,0.009178529867857534,1.7763568394002505e-15,0.008154395249376792,0.18275452094518568,0.009159411434367154,0.18275452094518568,0.009159125198287323,1.7763568394002505e-15,0.008613211402069368,0.18255066365893824,0.00917899804377429,0.18275379904558975,0.00916060361261077,0.1828144494236782,0.009144936804750202,0.009143676603020004
16000,1335,0.19268308123014982,0.009041960604978496,0.19268308123014982,0.009041678039294433,8.881784197001252e-16,0.011040588513827543,0.19243013181604363,0.009027606823298655,0.19243013181604363,0.009027324706177278,1.7763568394002505e-15,0.011136842089368416,0.192525895269898,0.009041330487229413,0.19242399433098045,0.009027963469222517,0.19296987908218155,0.008885876539516004,0.008878228401851186
16000,1336,0.18441691388485304,0.009230921112490117,0.18441691388485304,0.009230632641697926,1.7763568394002505e-15,0.0013031808749983708,0.18438579370495933,0.009215919015294746,0.18438579370495933,0.009215631013325417,3.552713678800501e-15,0.0012437172080587396,0.18448658227666326,0.00923632659522914,0.18438393351360255,0.009217351186552253,0.18440278440546198,0.009196224867256584,0.009197516041227982
16000,1337,0.1719296413160618,0.009186365812307652,0.1719296413160618,0.009186078733890346,3.552713678800501e-15,0.005358510476745609,0.1716036367449339,0.009167432733333264,0.1716036367449339,0.009167146246583921,3.552713678800501e-15,0.005243279580328654,0.17181908682831065,0.009185337567888995,0.17160333528196942,0.009166802175349827,0.1720616944579294,0.009077726475910142,0.009095263303174372
16000,1338,0.17263330878538308,0.009258445497137259,0.17263330878538308,0.009258156166194607,1.7763568394002505e-15,0.002479294100129383,0.17280533883370786,0.009226655823649158,0.17280533883370786,0.009226367486149325,1.7763568394002505e-15,0.0027755975971834553,0.17294825153817422,0.009241490867690147,0.1728029876961938,0.009227251300322217,0.17224242400996376,0.009171507697285732,0.00916995318523308
16000,1339,0.1888260188644139,0.009085798834644863,0.1888260188644139,0.009085514898994717,1.7763568394002505e-15,0.00821620906965501,0.18896394470120886,0.009074854660485953,0.18896394470120886,0.009074571066846594,1.7763568394002505e-15,0.00799910968894894,0.18907748516285622,0.009087407449854463,0.18896053724531964,0.009075760929573372,0.18900038279611436,0.009027556670655678,0.009004406473972581
16000,1340,0.18691445041512367,0.009093353191831906,0.18691445041512367,0.00909306902010441,1.7763568394002505e-15,0.00879484134143034,0.18693044336355863,0.009079735575075435,0.18693044336355863,0.00907945182890511,1.7763568394002505e-15,0.008797406564488082,0.18723550611439993,0.009098525220281267,0.18692461642299524,0.009079915545418111,0.18690113942806846,0.009070445106474563,0.009067808201564885
16000,1341,0.18451035907439767,0.00909133575040402,0.18451035907439767,0.009091051641722551,1.7763568394002505e-15,0.004183163168293614,0.18469992268941454,0.009072066567646328,0.18469992268941454,0.00907178306113623,3.552713678800501e-15,0.004540637683865814,0.18430158923665368,0.009102990057543796,0.18469954097746066,0.009072171108362299,0.1847157771441223,0.009094933424580474,0.009091384719311599
16000,1342,0.1707604690261567,0.009468511038587965,0.1707604690261567,0.00946821514299457,1.7763568394002505e-15,0.007149920340822942,0.17074094163659465,0.009438378504920181,0.17074094163659465,0.009438083550983176,3.552713678800501e-15,0.007509021695560282,0.17076318928487333,0.009467838575851806,0.1707493508988499,0.009440996382662922,0.17103216026711232,0.009353693620262437,0.009332437756537797
16000,1343,0.1912850399457311,0.009331683720485791,0.1912850399457311,0.009331392100812897,1.7763568394002505e-15,0.005223210920242047,0.1910988510301575,0.009324637201018707,0.1910988510301575,0.009324345801552988,1.7763568394002505e-15,0.004941227479943281,0.1917334976434164,0.009355272073961498,0.19110258874747332,0.009325196003408455,0.19112107257994243,0.009176960701481518,0.009173796600289828
16000,1344,0.19538012677951577,0.008953350259507472,0.19538012677951577,0.008953070462939973,1.7763568394002505e-15,0.006362576588922171,0.1953854857038133,0.008938697006662439,0.1953854857038133,0.008938417668016245,1.7763568394002505e-15,0.00645072123536326,0.1952570149144328,0.008949328190160439,0.19537496385540504,0.008941599769297655,0.1954307763900196,0.008995945164332286,0.008992561002072675
16000,1345,0.1745493813891275,0.009006186820213103,0.1745493813891275,0.009005905372477283,1.7763568394002505e-15,0.009158781203717145,0.17472440449397936,0.008995559383460786,0.17472440449397936,0.008995278267837553,1.7763568394002505e-15,0.009135288663668431,0.17448689612179086,0.009013671515563905,0.17471772065644375,0.008995827630773315,0.1750978788031724,0.008879622030921259,0.008885252677897073
16000,1346,0.1788732335122178,0.00910807313318192,0.1788732335122178,0.009107788501449068,1.7763568394002505e-15,0.007874917978560292,0.17932658300106746,0.009098462892128158,0.17932658300106746,0.009098178560720031,1.7763568394002505e-15,0.007616689230579138,0.1791463419216398,0.009111018373564192,0.17932348549352095,0.009099197408617633,0.1793026609580497,0.009004476842700804,0.009011424705958969
16000,1347,0.18566270132443086,0.009020052344127377,0.18566270132443086,0.009019770463087164,1.7763568394002505e-15,0.005854699865657802,0.18611429648664546,0.00899975468401348,0.18611429648664546,0.008999473437285056,1.7763568394002505e-15,0.00609872612728946,0.18638118001094933,0.009022524021859416,0.18610755169273746,0.009000612265830765,0.18610488360806088,0.00907566472653658,0.00907799121380068
16000,1348,0.17328963118116308,0.008962156336842214,0.17328963118116308,0.008961876265080498,8.881784197001252e-16,0.006034672807326529,0.17324096711106673,0.008945684343631532,0.17324096711106673,0.008945404786627647,1.7763568394002505e-15,0.0055599492611362,0.17301838886355075,0.008951402806512734,0.17323427441151673,0.008946325157452962,0.17336391370167037,0.008923992594025008,0.008936885179057571
16000,1349,0.18983098184049146,0.009214693720615353,0.18983098184049146,0.009214405756937083,8.881784197001252e-16,0.007527812042192519,0.18954308155372213,0.009173436500000312,0.18954308155372213,0.009173149825630332,3.552713678800501e-15,0.007422731478228369,0.18949269235912108,0.009188791671850258,0.18954747220452617,0.00917829796269159,0.18970689343950686,0.009291636879961826,0.009295025942862243
16000,1350,0.19146222679776437,0.009141179336655602,0.19146222679776437,0.009140893670337725,1.7763568394002505e-15,0.007847572388563073,0.1916021158822392,0.009116284469432584,0.1916021158822392,0.009115999581091465,3.552713678800501e-15,0.00806069297392171,0.1914092395269414,0.009138601150921846,0.19160040429856445,0.009120188705868129,0.19159012928971253,0.009330085428061796,0.009347952458075588
16000,1351,0.17123363377878698,0.008855186581543032,0.17123363377878698,0.008854909852638402,1.7763568394002505e-15,0.0069379295048916665,0.1712753416050919,0.008848342460853132,0.1712753416050919,0.008848065945830616,1.7763568394002505e-15,0.006653703943301367,0.17157388771838888,0.008872429059485059,0.17126595328505256,0.00884804141934265,0.17087969653584906,0.008935172052756485,0.008943024392932467
16000,1352,0.1819365397410171,0.00928963127011447,0.1819365397410171,0.009289340964601187,1.7763568394002505e-15,0.00806490106595808,0.18135491764984762,0.009227480853070805,0.18135491764984762,0.009227192489788398,3.552713678800501e-15,0.008130212381580022,0.18163459439472585,0.009256792769874607,0.18135463011805403,0.009229850572758689,0.18113250423758903,0.0092231331470829,0.009207900679181164
16000,1353,0.1814030622975863,0.009006836686017147,0.1814030622975863,0.009006555217972702,1.7763568394002505e-15,0.0057923450192644815,0.18151709978910285,0.009003090865092449,0.18151709978910285,0.009002809514106737,1.7763568394002505e-15,0.005474926893547711,0.18114557332054343,0.009010912876960195,0.18152171247240462,0.009001744495875768,0.18199302126845868,0.00920052159118481,0.009210632774678955
16000,1354,0.19285406182202003,0.009901601583772877,0.19285406182202003,0.009901292153888469,7.105427357601002e-15,0.007849438947305323,0.19255769597817596,0.009802859306609806,0.19255769597817596,0.009802552962469771,7.105427357601002e-15,0.008494728234442436,0.19263431782534285,0.009805877113322094,0.19256959286287417,0.009807105227929555,0.19233507812008338,0.009692342590646125,0.00976204540424594
16000,1355,0.18644085479383438,0.009106157074081037,0.18644085479383438,0.009105872502225965,1.7763568394002505e-15,0.007010641758767279,0.18646711695246565,0.009071647838904785,0.18646711695246565,0.009071364345480165,8.881784197001252e-16,0.0061150276327322835,0.1866587859275015,0.009086401914124005,0.1864663211877136,0.00907185785830123,0.18662560876720324,0.008974159399623809,0.008977662593410065
16000,1356,0.1700665821043572,0.009077481467266476,0.1700665821043572,0.00907719779153812,3.552713678800501e-15,0.0065269084381334936,0.16985031217003543,0.00906546829592361,0.16985031217003543,0.009065184995612726,1.7763568394002505e-15,0.006630235829009328,0.16976450466251614,0.009070203585309891,0.1698447392398434,0.009066438488186983,0.16964313803909475,0.00901671895293987,0.00902244101363695
16000,1357,0.18928540468587346,0.009052539261945585,0.18928540468587346,0.009052256365673327,1.7763568394002505e-15,0.008508761618789518,0.18947464335996506,0.009043303673720795,0.18947464335996506,0.00904302106606518,1.7763568394002505e-15,0.009188225250028943,0.18941012996179218,0.009066927312901835,0.18947570958283727,0.00904477121892729,0.18947879282495733,0.009163801521714943,0.009167720643700243
16000,1358,0.19433533691069543,0.009168452220076843,0.19433533691069543,0.009168165701468042,1.7763568394002505e-15,0.005688630390351461,0.19435445719650601,0.009144325052093933,0.19435445719650601,0.009144039287470915,1.7763568394002505e-15,0.006128828116381545,0.19434984173167058,0.009161034191822928,0.19435952892963332,0.009150565081121189,0.19421914174434357,0.00912377640361653,0.009132287155895166
16000,1359,0.18483167034326492,0.009001423399340652,0.18483167034326492,0.009001142100464059,1.7763568394002505e-15,0.01145919363871615,0.18462334682303633,0.00899170196233298,0.18462334682303633,0.008991420967256039,1.7763568394002505e-15,0.012222120008531236,0.18409964242110816,0.00899974837623504,0.1846247673173716,0.008988416613154627,0.1844787927912911,0.009098346044367461,0.009104199355271325
16000,1360,0.19350782317009857,0.009428762734674906,0.19350782317009857,0.009428468081235417,1.7763568394002505e-15,0.0065859364972770465,0.19319991765312206,0.009403233003917611,0.19319991765312206,0.009402939148294674,1.7763568394002505e-15,0.006244060690684458,0.19294436330046472,0.009396092210634501,0.19320082834060193,0.009404811249930735,0.19306757593517881,0.009152078721398716,0.009190443042622709
16000,1361,0.1863452679427658,0.009435452603076967,0.1863452679427658,0.00943515774057582,1.7763568394002505e-15,0.006845610553049387,0.18644808190850232,0.009428146427722807,0.18644808190850232,0.009427851793543208,3.552713678800501e-15,0.006655435302094995,0.18640943272627902,0.009463319068816726,0.18645385521341157,0.009430395448532225,0.1857787503471251,0.009541919246730634,0.009541345010618863
16000,1362,0.18317730716341052,0.009044270956789955,0.18317730716341052,0.009043988318906269,3.552713678800501e-15,0.00291823801917738,0.18322027831858878,0.009020154129313711,0.18322027831858878,0.009019872245092661,3.552713678800501e-15,0.003085955854258816,0.18312906869239842,0.009039177002952356,0.18321446445327738,0.009022893085165282,0.18337059287576135,0.009035321730802796,0.009035675350152744
16000,1363,0.19441347629302896,0.009113458309824933,0.19441347629302896,0.009113173509802681,8.881784197001252e-16,0.00941912881437915,0.19446154985876124,0.00909602651660305,0.19446154985876124,0.00909574226133285,3.552713678800501e-15,0.009103610306654901,0.19446166220211936,0.0091015911705003,0.1944551296503511,0.009095898247472018,0.19419875805150066,0.009166866955727928,0.009166525836188598
16000,1364,0.18296638493359008,0.009079216581036446,0.18296638493359008,0.009078932851084938,1.7763568394002505e-15,0.00517107667055782,0.18259750371747036,0.009048888750098011,0.18259750371747036,0.00904860596790603,1.7763568394002505e-15,0.005184371542304759,0.1830104292324603,0.009076422804701511,0.18259530592334644,0.00904916330311681,0.182683363864654,0.009158057306140107,0.00916472474931115
16000,1365,0.17504675052507096,0.009002123101504842,0.17504675052507096,0.009001841780762215,1.7763568394002505e-15,0.0032631556720573223,0.17494275519518665,0.008990698270576795,0.17494275519518665,0.008990417306865714,1.7763568394002505e-15,0.003602772497892084,0.17526089438846493,0.009014326302419474,0.1749410343461339,0.008993348235665758,0.174618881800435,0.008940640465107648,0.008969011541196992
16000,1366,0.18686383059321804,0.009026476543721228,0.18686383059321804,0.00902619446192164,1.7763568394002505e-15,0.003682805575161657,0.1868813392780847,0.009014905526937352,0.1868813392780847,0.009014623806737688,3.552713678800501e-15,0.00396821707560064,0.18729095562859321,0.009050447564864015,0.18688050402495388,0.009015026891645704,0.1872403554673907,0.008910984840747496,0.00891222227956501
16000,1367,0.17424432421603964,0.009373464173181344,0.17424432421603964,0.009373171247848904,3.552713678800501e-15,0.005191278900782513,0.17404451569757978,0.009371236968014052,0.17404451569757978,0.009370944112282861,1.7763568394002505e-15,0.005176898217718847,0.17421108527539486,0.009396018959258162,0.1740496234782456,0.009373827617552217,0.17413194620912248,0.009263708966424415,0.009260162995958799
16000,1368,0.1706057496518169,0.009002234870904768,0.1706057496518169,0.009001953546669293,3.552713678800501e-15,0.01144120094311052,0.17037281422476447,0.00899373561409752,0.17037281422476447,0.008993454555467972,3.552713678800501e-15,0.011129350215497267,0.1702996534758825,0.009000629849130205,0.170371164148249,0.008994272495662637,0.1703485830865641,0.00902229143090737,0.00903104875999399
16000,1369,0.18333250356348252,0.009039921645129973,0.18333250356348252,0.0090396391431644,1.7763568394002505e-15,0.006288314410944019,0.183534100322568,0.009030589369071466,0.183534100322568,0.009030307158744078,1.7763568394002505e-15,0.0064391655188583054,0.1834168503634972,0.009041645350914429,0.18353045032799864,0.009031380202522726,0.18363482646535462,0.009065794680336466,0.00906679844609521
16000,1370,0.19726661473812812,0.00916604701319361,0.19726661473812812,0.009165760569748698,1.7763568394002505e-15,0.00766453907959306,0.19734683971769912,0.00915871435875052,0.19734683971769912,0.009158428144454642,1.7763568394002505e-15,0.00791667117416258,0.1972495901002307,0.009184238151217635,0.19734672089818123,0.009159745723326338,0.19710397905596294,0.009056391643647186,0.009046079088608829
16000,1371,0.19206793756300417,0.009271521697820497,0.19206793756300417,0.00927123195824019,3.552713678800501e-15,0.008719876124873707,0.19172261346911462,0.009264407117407293,0.19172261346911462,0.009264117600161097,3.552713678800501e-15,0.007812698087658807,0.19157078698033753,0.009276125126770222,0.19171830774672377,0.009266422863297093,0.1912013220115999,0.009151827104724621,0.009146275962012063
16000,1372,0.19805973088509382,0.009147254926708747,0.19805973088509382,0.009146969070525715,3.552713678800501e-15,0.00486225405237628,0.1983520371294723,0.009137101090495847,0.1983520371294723,0.009136815551625155,3.552713678800501e-15,0.005056887294333512,0.19817864261831447,0.009160628972298315,0.19835329581366556,0.009137364377689946,0.1985903510041478,0.009198182908785832,0.009199772762856842
16000,1373,0.1726008299996742,0.008900796195713594,0.1726008299996742,0.00890051804148625,1.7763568394002505e-15,0.008863757544627707,0.1729291660341724,0.008887401554621895,0.1729291660341724,0.008887123818983624,8.881784197001252e-16,0.00813864783055824,0.17285152595559838,0.008894509300643115,0.17292753201160355,0.008887517469641728,0.17266147552208883,0.008974612130994004,0.009005664974403086
16000,1374,0.17878933737683572,0.009070270931947186,0.17878933737683572,0.009069987481551583,1.7763568394002505e-15,0.007127335090022682,0.17880018306472473,0.009051040563628666,0.17880018306472473,0.009050757714191459,1.7763568394002505e-15,0.006728628906541682,0.17884916667222828,0.009067777113272535,0.1788004189237699,0.00905190367579262,0.17899284999334958,0.008958529952086665,0.008972557761415182
16000,1375,0.1846024155161763,0.009137806752178318,0.1846024155161763,0.009137521191255356,1.7763568394002505e-15,0.007671910183963916,0.18433366816277363,0.009127190122792247,0.18433366816277363,0.009126904893644133,8.881784197001252e-16,0.007844091913649784,0.1840635821881088,0.009133079070553307,0.1843288117312279,0.009128489372068286,0.1842327429931334,0.008982874223444072,0.008986932345979642
16000,1376,0.19915371708263735,0.009169723335433425,0.19915371708263735,0.009169436777101648,1.7763568394002505e-15,0.006812154759583852,0.1993825552341399,0.009180574579414192,0.1993825552341399,0.009180287681975744,3.552713678800501e-15,0.007128306623452058,0.19955959760964476,0.009195031758645215,0.1993755675571529,0.009180967601923551,0.19972712271944643,0.009017332839174346,0.009021567443760889
16000,1377,0.18449215649067513,0.00924022100382231,0.18449215649067513,0.009239932242403975,3.552713678800501e-15,0.004769676286133265,0.1845515914259912,0.009227483296708824,0.1845515914259912,0.009227194933350055,3.552713678800501e-15,0.004362368423507678,0.1845260334410258,0.009238188259469956,0.18455229800504253,0.009228327110568717,0.18437411713466206,0.009133786296789216,0.009133612989551634
16000,1378,0.19289072922003914,0.00945533716880886,0.19289072922003914,0.009455041684905326,3.552713678800501e-15,0.010570751526278168,0.1930710314487893,0.00947666975143137,0.1930710314487893,0.009476373600874213,7.105427357601002e-15,0.009767374577646646,0.19292677882154652,0.009500930389519583,0.19307791990568163,0.009479977239904524,0.1931240428106044,0.009288902420073653,0.009314158386695139
16000,1379,0.185761376035045,0.00924472554663683,0.185761376035045,0.00924443664444933,1.7763568394002505e-15,0.005952096812704076,0.18556508196455257,0.009233686154206314,0.18556508196455257,0.009233397597005219,3.552713678800501e-15,0.0056213788934720696,0.18560029094609143,0.009251883222449988,0.1855677780443351,0.009235042321027452,0.18547245459615608,0.00919431802717106,0.009192862876722012
16000,1380,0.16893635569739585,0.008953327437539212,0.16893635569739585,0.00895304764168491,8.881784197001252e-16,0.008351946976643418,0.16884958327575145,0.00893971235981881,0.16884958327575145,0.008939432989442338,1.7763568394002505e-15,0.008005518567417123,0.1689669961777286,0.00895011390997905,0.1688421188080408,0.008939832108484343,0.16862107373768187,0.00894871450882376,0.00896031546785183
16000,1381,0.18440800728873447,0.008986263515281884,0.18440800728873447,0.00898598269015907,1.7763568394002505e-15,0.006132156251103217,0.1844640056429162,0.008971436766562134,0.1844640056429162,0.00897115640478246,8.881784197001252e-16,0.006521016649444058,0.18457220260106305,0.008980750791361793,0.18445792786734944,0.008970215553072888,0.18458892822727901,0.008939799560071408,0.0089393011594212
16000,1382,0.18323587815447323,0.009020138146693658,0.18323587815447323,0.009019856262972073,1.7763568394002505e-15,0.008632901262250465,0.18312138498525082,0.009002275960678366,0.18312138498525082,0.009001994635158815,1.7763568394002505e-15,0.00803991363257021,0.1831072423449986,0.009007542571211537,0.183124882693519,0.009002202201816594,0.1830729032345368,0.009171325027607329,0.009174158088297172
16000,1383,0.19453494728078075,0.009129450760075021,0.19453494728078075,0.00912916546028089,1.7763568394002505e-15,0.008067989455169232,0.19463605630599684,0.009125476881258159,0.19463605630599684,0.009125191705649679,1.7763568394002505e-15,0.007368235418257848,0.19453588352310702,0.009145169315455158,0.1946299411654231,0.009126646485665937,0.1950035117985569,0.009110918585158369,0.009110274209699086
16000,1384,0.1664467561202419,0.008917281718396343,0.1664467561202419,0.008917003048988365,1.7763568394002505e-15,0.005102214374556786,0.16601959800894583,0.00889673890760308,0.16601959800894583,0.008896460880167972,1.7763568394002505e-15,0.004764888072542417,0.16606731337751407,0.008908206861685808,0.16601997237397886,0.008895412010854668,0.1661105445981675,0.00898151016376978,0.009020708775202684
16000,1385,0.194051066812997,0.009510982140606283,0.194051066812997,0.00951068491777021,3.552713678800501e-15,0.009159322222679771,0.19438734287878323,0.009530518658633262,0.19438734287878323,0.009530220825271463,1.7763568394002505e-15,0.008876307162459603,0.19384042236483828,0.00953538413208995,0.19439399841027782,0.009531964136213131,0.1941772334998061,0.009362495337103037,0.00939258445058431
16000,1386,0.17622651973080428,0.009342311500081924,0.17622651973080428,0.009342019548285731,7.105427357601002e-15,0.009501072475347445,0.17637970991427798,0.009318737311005208,0.17637970991427798,0.009318446095913932,1.7763568394002505e-15,0.009558468260194533,0.17651579440038406,0.009369835998808109,0.1763798074720319,0.009319651648424151,0.1765547590547693,0.009400842659288514,0.00937584578406105
16000,1387,0.18688871223792092,0.009153102258386843,0.18688871223792092,0.009152816219471841,1.7763568394002505e-15,0.006407240826945444,0.18724262434812755,0.009138238495472233,0.18724262434812755,0.009137952921057079,1.7763568394002505e-15,0.007655364102930988,0.18750453350849122,0.009150969969284023,0.1872504496395378,0.009139305809855548,0.18705193745423976,0.009151852297620625,0.009157871316301802
16000,1388,0.18259268915730031,0.009089652916301313,0.18259268915730031,0.009089368860209232,3.552713678800501e-15,0.001946985450801698,0.18247243780919759,0.009070495654893112,0.18247243780919759,0.009070212197474805,3.552713678800501e-15,0.0018476199198484181,0.18269362638845654,0.00908314293535667,0.18246302157928151,0.009075326691742163,0.18279764348095606,0.008979277339423929,0.008983284875067311
16000,1389,0.18971179732755072,0.009072271410322996,0.18971179732755072,0.009071987897411463,1.7763568394002505e-15,0.014336240823588576,0.1896755497942273,0.009051128988052264,0.1896755497942273,0.009050846135851753,1.7763568394002505e-15,0.014308147414347624,0.1894909551941047,0.009061190771663953,0.18967298769865404,0.009055478338940194,0.18960428934153678,0.009161101590048432,0.00916005930472666
16000,1390,0.17770682413778655,0.008958960851942782,0.17770682413778655,0.00895868088004153,1.7763568394002505e-15,0.009734426409746082,0.17763607766953948,0.008945715200818579,0.17763607766953948,0.008945435642850393,1.7763568394002505e-15,0.01077813826703087,0.17765942795063117,0.008948471738638173,0.1776311391069879,0.008946042059801578,0.17772691034389365,0.009062422552328924,0.009063077940094508
16000,1391,0.1679046582020221,0.008946495068979482,0.1679046582020221,0.008946215486640036,1.7763568394002505e-15,0.006084591716100686,0.1678389475723473,0.008940837959010406,0.1678389475723473,0.008940558553458407,1.7763568394002505e-15,0.0063122132158693126,0.16763575173206968,0.0089537561695674,0.16784095120751535,0.008941171951846962,0.1679923772685843,0.009095119055211586,0.009118325978745971
16000,1392,0.18409919200954128,0.009183457948068036,0.18409919200954128,0.009183170960522909,3.552713678800501e-15,0.006431949986069273,0.18395431015139324,0.009176390517875353,0.18395431015139324,0.00917610375119087,3.552713678800501e-15,0.006690424302611844,0.18402753558464124,0.009189794823670166,0.1839510470528115,0.009176747781453477,0.18375263175878798,0.00914956124650812,0.009148902307343608
16000,1393,0.19833482763967686,0.009116110441373632,0.19833482763967686,0.009115825558470975,1.7763568394002505e-15,0.004044634663122884,0.1981782335078887,0.00910971745044623,0.1981782335078887,0.009109432767327662,8.881784197001252e-16,0.003922564817933962,0.19813024652992667,0.009116884421103491,0.1981736336774787,0.009109640725939384,0.1982654598784524,0.009095407804414321,0.009100319178899191
16000,1394,0.19524105542004172,0.00918811186281813,0.19524105542004172,0.009187824729835896,8.881784197001252e-16,0.007411456550248814,0.1951688807716767,0.009165816521650473,0.1951688807716767,0.009165530085408538,1.7763568394002505e-15,0.0077294789750227315,0.1951288897793355,0.009175027472862834,0.19517178717226458,0.009166062992957765,0.19518410220174182,0.0090705777061237,0.009058308157253753
16000,1395,0.17996821513978556,0.008945072660488418,0.17996821513978556,0.00894479312259993,1.7763568394002505e-15,0.011283486963281594,0.1798678227534205,0.008936177758389067,0.1798678227534205,0.008935898498470613,1.7763568394002505e-15,0.010543367908587628,0.17969854576833383,0.008945331620656973,0.17986536958574006,0.008937094675422022,0.17994716199940053,0.00896414313264779,0.008984317452549403
16000,1396,0.1859414770628855,0.009085814520859353,0.1859414770628855,0.009085530584719007,1.7763568394002505e-15,0.004224622508243438,0.18641592007716823,0.009065397389792678,0.18641592007716823,0.009065114091697645,3.552713678800501e-15,0.0037629290452298493,0.18646417736353538,0.00909129159984614,0.18641708771140614,0.009067460620509464,0.18602349099026227,0.009220513950980311,0.009219273356990838
16000,1397,0.1868466394900979,0.009333285072789506,0.1868466394900979,0.009332993403073572,3.552713678800501e-15,0.004155831863165925,0.18688915808840867,0.009331510802554873,0.18688915808840867,0.009331219188285748,3.552713678800501e-15,0.004368565158380622,0.18675383924465405,0.009352212618852353,0.18688832511131875,0.00933337175177144,0.18658419531468923,0.009231154141348558,0.009220576322809237
16000,1398,0.19802080401260014,0.009137137179059705,0.19802080401260014,0.009136851639061227,1.7763568394002505e-15,0.005690985898651189,0.19800685308545352,0.009125951683159647,0.19800685308545352,0.009125666492713376,1.7763568394002505e-15,0.005443768306128649,0.19826726608248996,0.00914629634846439,0.19801266994179662,0.009127871210890138,0.1979992735683656,0.009145105143261731,0.009126168478730276
16000,1399,0.1985242766537425,0.009108817044384775,0.1985242766537425,0.009108532389404338,1.7763568394002505e-15,0.012288792425978488,0.19858606257023814,0.009096436351415564,0.19858606257023814,0.009096152083337824,1.7763568394002505e-15,0.012785472621252876,0.19817489510809377,0.009117549693324702,0.19858206434985398,0.009101309610465793,0.19815172009946797,0.009297441979386813,0.009280909181745223
16000,1400,0.1839767807867937,0.008984707637511354,0.1839767807867937,0.008984426861010482,3.552713678800501e-15,0.00930965248123351,0.18397770213223286,0.008970637315453264,0.18397770213223286,0.008970356978656826,1.7763568394002505e-15,0.009596401283560102,0.18422814295088252,0.008980372029616053,0.1839763848232867,0.00897062482100364,0.18407809504864753,0.009020163219169527,0.009038215809429657
16000,1401,0.1809226807815768,0.009134105423596451,0.1809226807815768,0.009133819978341812,3.552713678800501e-15,0.008565483241921416,0.1808012911307217,0.00913110512016681,0.1808012911307217,0.009130819768673118,3.552713678800501e-15,0.009142818907824906,0.1806000839423686,0.0091413207323709,0.1808143049439967,0.009131731495823433,0.18081934611017092,0.009127317570016181,0.009138326762451219
16000,1402,0.19192552051526085,0.009064135412758613,0.19192552051526085,0.009063852154100977,3.552713678800501e-15,0.008466762132974124,0.19187612316385005,0.009055309413392556,0.19187612316385005,0.009055026430551711,3.552713678800501e-15,0.008734956666467352,0.19167250018475412,0.009064164834406302,0.19187118948706744,0.00905552030496606,0.19173665923598848,0.00908785109998118,0.009086921286746305
16000,1403,0.19143501424934506,0.009211509764327261,0.19143501424934506,0.009211221900149178,3.552713678800501e-15,0.00714245066236745,0.19139156084345793,0.00920066513343048,0.19139156084345793,0.009200377608152408,1.7763568394002505e-15,0.006997506502526357,0.19150136357969183,0.009209668345182258,0.19139323551856302,0.009199930338326924,0.19165310420417586,0.009308310420517135,0.009304596203216059
16000,1404,0.16651324225429726,0.009238659271930762,0.16651324225429726,0.009238370559317309,1.7763568394002505e-15,0.006111240589509331,0.1665996339110999,0.009228015105898296,0.1665996339110999,0.00922772672592023,1.7763568394002505e-15,0.005859770266060703,0.16647636762950818,0.009263670574907172,0.16659397071260723,0.00922981533972302,0.16673511514906703,0.009139027666608322,0.00913238378119463
16000,1405,0.19805852581445005,0.00893645748900293,0.19805852581445005,0.00893617822034276,3.552713678800501e-15,0.008404039244742551,0.19806091282480004,0.008925438892001245,0.19806091282480004,0.00892515996767761,1.7763568394002505e-15,0.008461449340753878,0.19807050200877263,0.008937809812729196,0.19805337322718447,0.008923938149391197,0.19838879911204582,0.008997478540143074,0.008990856624235715
16000,1406,0.20077232212067675,0.009306345048989379,0.20077232212067675,0.009306054221162343,3.552713678800501e-15,0.0069770774843985455,0.20076937452443122,0.009296230033591603,0.20076937452443122,0.009295939521863736,1.7763568394002505e-15,0.005933789141403807,0.20079664781065548,0.009314319912857185,0.2007784458503788,0.009297417052979104,0.20033701187522662,0.009269294290914366,0.009240498639363489
16000,1407,0.18440646186652193,0.009140472032102382,0.18440646186652193,0.009140186387888117,8.881784197001252e-16,0.005732254184440994,0.18453193261620077,0.009127736619511863,0.18453193261620077,0.009127451373285462,1.7763568394002505e-15,0.005710392806212562,0.18481322189820948,0.009138473631807914,0.18452808686981215,0.0091287145250558,0.1843403378028302,0.009118510763723595,0.009118298951088696
16000,1408,0.18902543198982785,0.009090653299152604,0.18902543198982785,0.00909036921179807,3.552713678800501e-15,0.004246250007222238,0.1893657229598127,0.009076162237653663,0.1893657229598127,0.009075878603151878,1.7763568394002505e-15,0.004170605980966259,0.18951394056099452,0.009116927157876693,0.18936921958818725,0.00908244558307713,0.1893308046189845,0.009328966132497066,0.009328936217245024
16000,1409,0.18064041646262063,0.009022645996187753,0.18064041646262063,0.009022364034094647,1.7763568394002505e-15,0.0044848150890862346,0.18053912770718666,0.00900160199163495,0.18053912770718666,0.00900132068717726,3.552713678800501e-15,0.004332065783982133,0.1806616411821631,0.009023959078988768,0.18054436500857107,0.009003518087156574,0.18033699862293784,0.009144351360743014,0.00914919028423556
16000,1410,0.19077194389682472,0.009323258389395562,0.19077194389682472,0.009322967033018376,3.552713678800501e-15,0.004430120913987219,0.19124771090798837,0.009319218116097212,0.19124771090798837,0.009318926885980542,1.7763568394002505e-15,0.004423694119802224,0.19108400205732967,0.009340517410920453,0.19126222334701726,0.009320026128223032,0.19082841805084055,0.009172083419358506,0.009159230873328613
16000,1411,0.1806120913742939,0.009055217084073476,0.1806120913742939,0.009054934104117968,1.7763568394002505e-15,0.006678025897873719,0.1805332515890659,0.009042556822812567,0.1805332515890659,0.009042274238496404,1.7763568394002505e-15,0.006668431628892266,0.18064310905616116,0.009073748914760899,0.18053028182058378,0.009045928451175316,0.18052293257203117,0.009154915411772062,0.009156773249325529
16000,1412,0.18600120672006615,0.008974817470477648,0.18600120672006615,0.008974537003049324,3.552713678800501e-15,0.008501371539263914,0.18586094155553312,0.008952580490709797,0.18586094155553312,0.008952300718197949,1.7763568394002505e-15,0.008410223919920069,0.18584825890644208,0.008971324471760021,0.18585619391154884,0.008953216813904095,0.18538017244849547,0.009211646449691854,0.009212076966191807
16000,1413,0.1874065310182894,0.009179948844707244,0.1874065310182894,0.00917966196682331,3.552713678800501e-15,0.00688093250168641,0.1875210217058233,0.00915270628765488,0.1875210217058233,0.009152420261114158,1.7763568394002505e-15,0.007068496559294448,0.18735143155550288,0.009166984462912305,0.18751533900243345,0.009154511908693232,0.18756073050272193,0.009020249903757743,0.009021684853997356
16000,1414,0.1741403668123363,0.009230025834275382,0.1741403668123363,0.009229737391461072,1.7763568394002505e-15,0.006212134783585878,0.17413779383228173,0.009229525870524486,0.17413779383228173,0.009229237443334289,1.7763568394002505e-15,0.006493359340453723,0.17416081952729118,0.009268978492926846,0.17414272065991238,0.00923240962821455,0.17472119235317451,0.009532770463039882,0.009531699542989326
16000,1415,0.19422454096963,0.009699450733625683,0.19422454096963,0.009699147621054048,7.105427357601002e-15,0.00967030712693719,0.19410999134986345,0.009613537027696798,0.19410999134986345,0.009613236599970425,1.7763568394002505e-15,0.009458845938944697,0.19444838721696195,0.009610106995266397,0.19412122306905039,0.009618389590724096,0.1935250113874596,0.009629561906174892,0.009739182506376617
16000,1416,0.18606908592065824,0.009116972004973776,0.18606908592065824,0.009116687095146835,3.552713678800501e-15,0.004832541136780493,0.1860407089985155,0.009110187923901553,0.1860407089985155,0.009109903226080459,3.552713678800501e-15,0.005114420162682511,0.18626782824721438,0.009118274668114977,0.18604019292801421,0.009111206730164708,0.18616925156522385,0.009074049961935024,0.009074129155193657
16000,1417,0.17514959398429175,0.009057773974863912,0.17514959398429175,0.009057490915004317,1.7763568394002505e-15,0.004586818300536353,0.17505351345656323,0.009043313339194678,0.17505351345656323,0.00904303073123701,3.552713678800501e-15,0.004698946099642708,0.17501379949425394,0.009059293170683757,0.17505053987759167,0.009046368643055082,0.17492359140409697,0.009147754992077354,0.00915640070848144
16000,1418,0.18579066057895766,0.00934273697286636,0.18579066057895766,0.009342445007773932,1.7763568394002505e-15,0.006653202933714278,0.18579628693185157,0.009315129545072538,0.18579628693185157,0.009314838442725711,1.7763568394002505e-15,0.005892955274735377,0.1857540651572307,0.009344861440975481,0.18579753713041958,0.009317133159556443,0.18581707805085818,0.009279899369086842,0.009279666266279832
16000,1419,0.17893613585620766,0.009056741529825892,0.17893613585620766,0.00905645850223071,1.7763568394002505e-15,0.0019647157975518637,0.17931984692997444,0.00904166313592343,0.17931984692997444,0.009041380579535421,8.881784197001252e-16,0.0018996892392036324,0.17926707498618044,0.009046650013792588,0.17931997050819826,0.009041549995510706,0.17906829805495972,0.009005143653092768,0.009009079233761028
16000,1420,0.1919908666276977,0.009262762765504666,0.1919908666276977,0.009262473299645269,1.7763568394002505e-15,0.003592398213573417,0.1923542877202068,0.009234022845690963,0.1923542877202068,0.009233734277968093,3.552713678800501e-15,0.003475923396227873,0.1924567785938942,0.009247712994755526,0.19235400277715076,0.009235322584597892,0.1923166826841865,0.009167937220367172,0.009176241876972628
16000,1421,0.1877945506907608,0.009116367874643545,0.1877945506907608,0.009116082983695971,1.7763568394002505e-15,0.009041908448012134,0.18774574602222932,0.009108129033990837,0.18774574602222932,0.009107844400511057,1.7763568394002505e-15,0.009329579996779934,0.18790074811512603,0.009119989287867778,0.1877445451464605,0.009109241272325617,0.18776411829527484,0.00905898896437781,0.009055487106660303
16000,1422,0.1865994031881854,0.00958370065824332,0.1865994031881854,0.009583401162918063,1.7763568394002505e-15,0.006800036997558686,0.18639114649736932,0.00947767424083548,0.18639114649736932,0.00947737805888754,1.7763568394002505e-15,0.006594207925825393,0.18625759951310333,0.009546324463408045,0.18640124475001585,0.009481134853978593,0.18644009855635824,0.009404885948968773,0.00941046421722221
16000,1423,0.18657420065010627,0.009340174005564486,0.18657420065010627,0.009339882120566039,1.7763568394002505e-15,0.005905067707834852,0.1865384561269311,0.00931926713835307,0.1865384561269311,0.00931897590670443,3.552713678800501e-15,0.005529199538408615,0.18644171323607467,0.009323213701217855,0.18654437306703547,0.009317808402742973,0.18650766739215496,0.009327100243229611,0.009325536397580903
16000,1424,0.20500459546245142,0.009200913280063708,0.20500459546245142,0.009200625747030932,1.7763568394002505e-15,0.00885151589266595,0.20525532100092253,0.009197391989006497,0.20525532100092253,0.009197104566015786,1.7763568394002505e-15,0.009134754470944285,0.2052342125628926,0.009215293979293722,0.2052560645067008,0.009198659121151524,0.20486574235138522,0.009180212499680445,0.009145329177861254
16000,1425,0.2026660289668693,0.008987534848711513,0.2026660289668693,0.00898725398385891,1.3322676295501878e-15,0.004887580950903899,0.20271602531940347,0.008975544665296492,0.20271602531940347,0.008975264175142973,8.881784197001252e-16,0.005013270553479813,0.20286242569217006,0.008991428604710888,0.2027070909673666,0.008975243385944057,0.20334971452066697,0.008857822303952698,0.008847105343137063
16000,1426,0.18438729742824417,0.009141544522316438,0.18438729742824417,0.00914125884458633,3.552713678800501e-15,0.0057868685368201575,0.18440801777403154,0.009136527872794844,0.18440801777403154,0.009136242351837484,3.552713678800501e-15,0.005863403997775664,0.18448017735270877,0.009149781993601596,0.18440641510839306,0.00913339121723958,0.18446018548238113,0.009294598510180373,0.009294017382118774
16000,1427,0.1755208034964773,0.009297055911374107,0.1755208034964773,0.009296765373837158,1.7763568394002505e-15,0.008518103092556678,0.17571087532947932,0.009305714449492453,0.17571087532947932,0.00930542364137196,1.7763568394002505e-15,0.008457794646430938,0.17578797658088297,0.009308507690422812,0.17571504113822534,0.009307297854383549,0.17536124411705134,0.009172829422532726,0.009172933687426712
16000,1428,0.1721394727648441,0.009064026080425237,0.1721394727648441,0.00906374282518429,1.7763568394002505e-15,0.004889997743266365,0.17219278061147286,0.00906204946914701,0.17219278061147286,0.009061766275676132,1.7763568394002505e-15,0.005716975085429137,0.1723747860017149,0.009065045636201084,0.17219051752854858,0.009062984387057965,0.17244461633558045,0.008874272944370114,0.008893986929889058
16000,1429,0.17422661774510928,0.008907239504007193,0.17422661774510928,0.008906961148423318,1.7763568394002505e-15,0.005227199986162157,0.17426608099585572,0.008891762026121354,0.17426608099585572,0.008891484154216221,1.7763568394002505e-15,0.00547012804629579,0.174173807986024,0.008903330043206002,0.1742674318426623,0.008891625479404724,0.17411836893958588,0.009110801971351747,0.00911579725918133
16000,1430,0.17777896270586824,0.008885475816594199,0.17777896270586824,0.008885198141136185,1.7763568394002505e-15,0.005563132373554221,0.17793979278866695,0.008875088651512928,0.17793979278866695,0.008874811300658895,8.881784197001252e-16,0.006009719956944759,0.1779535028105692,0.00888334718754092,0.1779341608346492,0.008874727198732491,0.17796402571065706,0.008900038881887819,0.008904731074701222
16000,1431,0.17278325851095655,0.009019050641960366,0.17278325851095655,0.009018768792223833,3.552713678800501e-15,0.006615467964133171,0.1725242382237257,0.009001976946778184,0.1725242382237257,0.009001695630602963,1.7763568394002505e-15,0.006435167208301944,0.17260805226406517,0.00901010583690686,0.17251860388027573,0.009001703052819903,0.1724681964611121,0.008988276074981542,0.009003853228862378
16000,1432,0.17896770428985292,0.009004980529315606,0.17896770428985292,0.009004699119276966,1.7763568394002505e-15,0.009502676900408881,0.1782736921754282,0.008980366377102504,0.1782736921754282,0.008980085736268137,1.7763568394002505e-15,0.010193130878785253,0.17798063787910257,0.008992772019646444,0.17827317309100904,0.008981249658624155,0.17820618804534077,0.009118465300720082,0.009124117161200939
16000,1433,0.20601682126065307,0.008880702488461725,0.20601682126065307,0.008880424962172544,1.7763568394002505e-15,0.003957641805802247,0.20595857849502852,0.00888015520700515,0.20595857849502852,0.008879877697818781,1.7763568394002505e-15,0.004204707086702769,0.20616163824320027,0.008900557158740168,0.20595669032093383,0.008879286059753175,0.20568106169667427,0.008934271406632135,0.008886097447992474
16000,1434,0.1742622076815611,0.009051848674502873,0.1742622076815611,0.00905156579981181,1.7763568394002505e-15,0.010933031876263478,0.17433490631774123,0.009031923211041243,0.17433490631774123,0.00903164095903064,1.7763568394002505e-15,0.010977579033868335,0.17428401076242994,0.009058700475690969,0.17432957336835436,0.009032366735923444,0.17426218150403427,0.009098815301810009,0.009099902284639465
16000,1435,0.19616466854606535,0.009095946350953853,0.19616466854606535,0.009095662098188868,1.7763568394002505e-15,0.004786174396720131,0.19640187791453262,0.00908331583344777,0.19640187791453262,0.009083031975392624,1.7763568394002505e-15,0.004740839583431522,0.19613046308886184,0.009091337262976328,0.1964033880962674,0.009084110195650492,0.19628130413650208,0.009136485771921958,0.009119495417211326
16000,1436,0.18873289985555447,0.008898171066553245,0.18873289985555447,0.00889789299436247,1.7763568394002505e-15,0.0036594953771204156,0.18876556587711896,0.008882029250292354,0.18876556587711896,0.008881751682541218,1.7763568394002505e-15,0.0038752768170290594,0.18878784816345445,0.008893059276175926,0.1887569110851124,0.008882505413316071,0.18841014930250877,0.009015807024423683,0.009004919806905673
16000,1437,0.17534615195246434,0.009168317943869351,0.17534615195246434,0.009168031429456748,1.7763568394002505e-15,0.004815153291943209,0.17551133318479645,0.009156211524547556,0.17551133318479645,0.009155925388466468,1.7763568394002505e-15,0.004567042162146784,0.17579012940526828,0.009174938818731253,0.17550995463918656,0.009157647352396698,0.17546089421243827,0.009173990813607792,0.009168139680117047
16000,1438,0.19812582362217163,0.008955987697334364,0.19812582362217163,0.008955707818345645,1.7763568394002505e-15,0.007894569807009633,0.19775309624681942,0.008937701972086513,0.19775309624681942,0.008937422664535637,1.7763568394002505e-15,0.007656840148368716,0.19754800624306745,0.00895250192303175,0.19775096387964114,0.008939039884447095,0.19764312329071682,0.00913972955995396,0.009141960094004278
16000,1439,0.1814333833373581,0.009105615559095896,0.1814333833373581,0.009105331004163435,1.7763568394002505e-15,0.006375859668751936,0.1815983671481064,0.00910182772712429,0.1815983671481064,0.009101543290563428,1.7763568394002505e-15,0.006444766449820653,0.1816940154184754,0.00912115083273299,0.18159388167191653,0.009102326585604618,0.1816070143094009,0.009077908289764474,0.009072984323279127
16000,1440,0.19006493957160742,0.009149963918080647,0.19006493957160742,0.009149677977240311,3.552713678800501e-15,0.0064788763504608615,0.18977356276490998,0.009129992132918482,0.18977356276490998,0.009129706816206186,1.7763568394002505e-15,0.0067768312678261515,0.1894748213718661,0.009137549668573667,0.18977302813156816,0.009130236871017787,0.18963930640426396,0.009141216618221697,0.009142850586780995
16000,1441,0.17196165044643136,0.009201897487513424,0.17196165044643136,0.009201609923723687,1.7763568394002505e-15,0.005058894352888589,0.17174577473706037,0.00919270207970066,0.17174577473706037,0.009192414803271903,1.7763568394002505e-15,0.004737150007094417,0.1719118324549208,0.009202536926241602,0.171746849962354,0.009192794572929158,0.17166244264989983,0.009046560667028674,0.0090576019330516
16000,1442,0.19513129991337708,0.00934584688544463,0.19513129991337708,0.009345554823165916,3.552713678800501e-15,0.005612838636836039,0.19529300971213753,0.009315867909971997,0.19529300971213753,0.009315576784550904,3.552713678800501e-15,0.005731104729937705,0.1954434670125781,0.009355624214916173,0.1953026308413704,0.009320768244436568,0.19582286138841487,0.009555612100341032,0.009579396864727705
16000,1443,0.186862546277426,0.008964007350305008,0.186862546277426,0.008963727220698218,1.7763568394002505e-15,0.00865744859794951,0.1867076362456958,0.008946694340861336,0.1867076362456958,0.008946414752294544,1.7763568394002505e-15,0.00845056767022199,0.1865581251628372,0.008949665046530234,0.18670150450592737,0.0089463534598528,0.18688739259635262,0.008863618092101507,0.008876645890464763
16000,1444,0.18096884676225933,0.009150744349146506,0.18096884676225933,0.009150458383917318,1.7763568394002505e-15,0.002196910259594802,0.18074379656778944,0.009134795993182501,0.18074379656778944,0.009134510526347225,1.7763568394002505e-15,0.002242459414618419,0.18069182375169257,0.009155964582694605,0.18074464870394075,0.009134073520059028,0.18093582562962462,0.009087951352964614,0.009097538163538543
16000,1445,0.19452735762639622,0.009019328968707697,0.19452735762639622,0.009019047110273317,3.552713678800501e-15,0.0055234396336917724,0.19484692110412122,0.009013612567860393,0.19484692110412122,0.00901333088806633,1.7763568394002505e-15,0.005509657811412868,0.1945845620608454,0.009030741147265535,0.19484960165187598,0.009013762614403375,0.19467424094044344,0.009098931789445883,0.009083656858544124
16000,1446,0.18232119348901915,0.009103398838824078,0.18232119348901915,0.00910311435316521,1.7763568394002505e-15,0.0062925474847060955,0.18210346561991198,0.00909161635500872,0.18210346561991198,0.00909133223755822,1.7763568394002505e-15,0.006458821648966637,0.18204077913494532,0.009102182539525652,0.18209347761542038,0.009091881199196931,0.18209020165726675,0.008980415890522911,0.008980063297924142
16000,1447,0.18316211590251852,0.009136635093171778,0.18316211590251852,0.009136349568863732,1.7763568394002505e-15,0.007986656580340772,0.1829887094711048,0.009120726693635742,0.1829887094711048,0.009120441666472946,1.7763568394002505e-15,0.007511251511588163,0.18322991416768097,0.009136551225185132,0.18298873728320858,0.009125068988637935,0.18302040811500453,0.009194897556624277,0.009191269354651314
16000,1448,0.1823736128938509,0.00911248782038753,0.1823736128938509,0.009112203050693546,1.7763568394002505e-15,0.006655474388907856,0.18220625395480533,0.009089438706713781,0.18220625395480533,0.009089154657315855,1.7763568394002505e-15,0.006938731965307525,0.182420547398564,0.009100044297953087,0.18221566588193766,0.009085971582655342,0.18241394999333493,0.009196073248762003,0.009205974224854838
16000,1449,0.16756272966225316,0.009054692568909306,0.16756272966225316,0.009054409605345154,1.7763568394002505e-15,0.007603568573460978,0.16788894084574074,0.009045818219532178,0.16788894084574074,0.009045535533295776,1.7763568394002505e-15,0.007141464572783766,0.167738713920495,0.009067901481442917,0.16789015932580104,0.00904646837987168,0.16819694477564268,0.009012101500124402,0.009035693806423455
16000,1450,0.18421331339120645,0.009017613680774094,0.18421331339120645,0.0090173318759433,3.552713678800501e-15,0.011694241545137325,0.18404449683396795,0.009000480512957654,0.18404449683396795,0.00900019924354672,3.552713678800501e-15,0.011928142659296872,0.18406193844946672,0.00899992693856051,0.18404019943812788,0.008998005049438868,0.18448728562724248,0.009270424428315126,0.009270367653094575
16000,1451,0.20309547760109925,0.009051145711996906,0.20309547760109925,0.009050862859273765,1.7763568394002505e-15,0.006941643446593936,0.20291138589028096,0.009036140075458932,0.20291138589028096,0.00903585769166926,1.7763568394002505e-15,0.0073066717226898,0.20293858478102572,0.009039941811391977,0.20291041869340182,0.009035457810968468,0.20329490941047312,0.009099539168135676,0.009100039965914625
16000,1452,0.18396825304064818,0.009018583935527335,0.18396825304064818,0.009018302100375608,1.7763568394002505e-15,0.006224504991456492,0.18375792363635696,0.00900757355069214,0.18375792363635696,0.009007292059620316,1.7763568394002505e-15,0.006055726045395122,0.18328928131417044,0.009018386353446277,0.1837528692486875,0.009007284851806855,0.18403854108998818,0.008927855872684118,0.008925920913212653
16000,1453,0.18888426630937727,0.009481512737697947,0.18888426630937727,0.009481216435795104,7.105427357601002e-15,0.0018028162786654432,0.18864401664656694,0.009427502735255689,0.18864401664656694,0.009427208121191797,1.7763568394002505e-15,0.0018561046840269914,0.18867704933348495,0.009410411304674987,0.188645621814634,0.009428244552216055,0.18854640793069966,0.009344642081573047,0.009344818691157511
16000,1454,0.1816123112167371,0.009099729238795642,0.1816123112167371,0.009099444867813564,1.7763568394002505e-15,0.005279805115699018,0.18165397004313039,0.00908812318589631,0.18165397004313039,0.009087839177609053,1.7763568394002505e-15,0.005709578644680407,0.18160198819561313,0.009099587616118756,0.18165510963820508,0.009088849238762615,0.18172816809709574,0.008955578751250264,0.008959825199858735
16000,1455,0.17718198200218255,0.00909502247495439,0.17718198200218255,0.00909473825106098,1.7763568394002505e-15,0.005127513239890743,0.17717820439751275,0.00908425228684994,0.17717820439751275,0.009083968399530167,1.7763568394002505e-15,0.005291851884974694,0.17710048782001958,0.009094148496606707,0.17717508564284562,0.009084045339231135,0.1770739644640404,0.009308601546529639,0.00930767415480078
16000,1456,0.1900191195025901,0.009179778380421921,0.1900191195025901,0.00917949150786508,1.7763568394002505e-15,0.00672998051357177,0.19004167057105043,0.009154222876642774,0.19004167057105043,0.009153936802707905,1.7763568394002505e-15,0.006196925292981305,0.1901533889699495,0.009162915504168735,0.1900430240945043,0.009154010660390009,0.19004353430615267,0.009129284079178067,0.009130542472785242
16000,1457,0.18273821014061137,0.009129432532474176,0.18273821014061137,0.009129147233249665,3.552713678800501e-15,0.007909437579885043,0.18248887306738582,0.009117024562606513,0.18248887306738582,0.009116739651137122,3.552713678800501e-15,0.00789639368806617,0.18278522203444714,0.009146031011715535,0.18248968017664774,0.009118036604891033,0.1828048267954675,0.009188736894821083,0.009188659030254374
16000,1458,0.20690698760958148,0.009424248430099601,0.20690698760958148,0.009423953917734332,1.7763568394002505e-15,0.0064293162388515835,0.2066236670946402,0.009388187077970858,0.2066236670946402,0.009387893692540453,3.552713678800501e-15,0.006840513122541816,0.2069154747746087,0.00943961142967174,0.20662638063021738,0.009390853287507961,0.20681421287313456,0.009356166463309622,0.009389272588435636
16000,1459,0.1913497241065379,0.009118008061688946,0.1913497241065379,0.009117723119484727,1.7763568394002505e-15,0.008561937602805752,0.19104222152295708,0.009103706994338844,0.19104222152295708,0.009103422499049963,1.7763568394002505e-15,0.008762391663399071,0.1909686249297265,0.009125441966028009,0.19104432649050412,0.009107825679892665,0.19108622842034378,0.009183534035101557,0.009182552075905494
16000,1460,0.1951638898972558,0.009038900159155903,0.1951638898972558,0.009038617689112268,1.7763568394002505e-15,0.003903992614380785,0.19499707565911795,0.009018560904793152,0.19499707565911795,0.009018279070361148,1.7763568394002505e-15,0.004126357921213339,0.19494697329326804,0.009032538282957572,0.1949862905823349,0.009020686965164192,0.1953188932937419,0.008944767519778286,0.008943228839612455
16000,1461,0.2000990781426052,0.009255551640187354,0.2000990781426052,0.009255262399679144,3.552713678800501e-15,0.008105125720740838,0.20036718682525323,0.009244280997933268,0.20036718682525323,0.009243992109638133,3.552713678800501e-15,0.0077190315785840334,0.20025518906903916,0.009250055343267515,0.2003710192210139,0.009245665528504114,0.20000388889172604,0.009199064616113523,0.009187121318769139
16000,1462,0.18983024544170557,0.009137536469232432,0.18983024544170557,0.009137250916755942,1.7763568394002505e-15,0.0015332760283419302,0.19009933083864095,0.00911645981137095,0.19009933083864095,0.009116174917550311,1.7763568394002505e-15,0.001733133744698577,0.1901394192055833,0.009128997146192799,0.19009958184919273,0.009122479197090975,0.19030961491013565,0.009129704237976375,0.009129913653613965
16000,1463,0.17386754932350096,0.009025450103958046,0.17386754932350096,0.009025168054235203,1.7763568394002505e-15,0.006855301043675567,0.17394343243001786,0.009009083710017888,0.17394343243001786,0.009008802171752848,1.7763568394002505e-15,0.006798528861910431,0.17427530388537776,0.009030727777100789,0.17393732626505215,0.009009817843839973,0.17371151528676404,0.008959288201809081,0.008964427549420978
16000,1464,0.1929527139781958,0.009075650470027667,0.1929527139781958,0.00907536685151887,8.881784197001252e-16,0.007431753535804771,0.1927643495532692,0.009043465541639987,0.1927643495532692,0.009043182928925919,1.7763568394002505e-15,0.008243307809180736,0.19300937280361913,0.009059481141342593,0.19276759545459482,0.009043330755307524,0.19291875546397813,0.009088014249038573,0.00908484664548412
16000,1465,0.18478346836978093,0.009286975757852582,0.18478346836978093,0.009286685535325351,3.552713678800501e-15,0.0030545581907665004,0.18473534354206889,0.009272727728656385,0.18473534354206889,0.009272437951387024,3.552713678800501e-15,0.0033008213966954,0.18435960134424828,0.00928478533303986,0.18474251245791973,0.009275340749324576,0.18431903056788568,0.009184345804555223,0.00919063331373051
16000,1466,0.18932073262643684,0.009004891913151467,0.18932073262643684,0.009004610505882124,1.7763568394002505e-15,0.009330236132925692,0.18945855993493127,0.00898628170153601,0.18945855993493127,0.008986000875844868,1.7763568394002505e-15,0.00923336026653834,0.18957516331437368,0.00899834022753064,0.18946037378052105,0.008987466750138994,0.18936168154601202,0.009229871333684655,0.009230805379417681
16000,1467,0.1633702579067785,0.009324756178001483,0.1633702579067785,0.009324464774817675,3.552713678800501e-15,0.005759778342716151,0.16371399268310782,0.00930365905701777,0.16371399268310782,0.009303368313129293,1.7763568394002505e-15,0.005926249685108736,0.1636533838173918,0.009325473209243068,0.1637216868164808,0.009304755423895803,0.16345151084386617,0.009114472249466881,0.009138790945663956
16000,1468,0.18659325991981895,0.009133005996595375,0.18659325991981895,0.009132720585698367,1.7763568394002505e-15,0.005289945241579392,0.18657371537647216,0.00911864747441447,0.18657371537647216,0.009118362512228292,1.3322676295501878e-15,0.0053200667100174615,0.1865620063898376,0.009131736886612488,0.18657788956577326,0.009120041457903724,0.18671419807165834,0.009184042707843142,0.009186738929031338
16000,1469,0.19616358399481154,0.009041717558491518,0.19616358399481154,0.009041435000402777,3.552713678800501e-15,0.007527798070695783,0.19614147360730882,0.00903446071412912,0.19614147360730882,0.009034178382820307,1.7763568394002505e-15,0.007388350550554632,0.19605716115505267,0.009055209616628288,0.19614171623019816,0.009031218407329643,0.19556598993442764,0.009199729058321948,0.00919201134251318
16000,1470,0.19702826186455302,0.009199787118176643,0.19702826186455302,0.009199499620336978,1.7763568394002505e-15,0.011496277127386392,0.19706738973603571,0.009176785900240446,0.19706738973603571,0.009176499121200072,3.552713678800501e-15,0.01192281814566932,0.19676229697265185,0.009187969656357105,0.19706975230960994,0.009179162175363131,0.1975658053378906,0.009345809167431676,0.009363522430568205
16000,1471,0.18551393078543665,0.009263933442629097,0.18551393078543665,0.009263643940185468,8.881784197001252e-16,0.004997925888512545,0.1857504442905516,0.009237689723698848,0.1857504442905516,0.009237401041384251,1.7763568394002505e-15,0.005311210816161255,0.18561150190382086,0.009248920723540595,0.18574881828155076,0.009238660707097135,0.1854970435439834,0.009147458222397714,0.009145407442369222
16000,1472,0.20695497345483466,0.009124428904948,0.20695497345483466,0.009124143762089296,1.7763568394002505e-15,0.009700704206474734,0.20649961932290223,0.009104003637385755,0.20649961932290223,0.009103719132826633,1.7763568394002505e-15,0.009017149339801625,0.20637155408448205,0.00911421827670124,0.2065016564249333,0.00910466719714657,0.20628053218858744,0.009169210003794748,0.00914745014477961
16000,1473,0.1785280588920829,0.009060294877253053,0.1785280588920829,0.009060011738614029,1.7763568394002505e-15,0.0039528676499555335,0.1786807225051138,0.009055869149904496,0.1786807225051138,0.009055586149571611,1.7763568394002505e-15,0.004097541045122186,0.17834596915508139,0.00906417305699851,0.178683624366978,0.009055702269298761,0.178669430325881,0.009122282303592933,0.009137561267078992
16000,1474,0.181262824541415,0.009153883114738047,0.181262824541415,0.009153597051420905,3.552713678800501e-15,0.004070467656888328,0.1813097723294082,0.009151689841059997,0.1813097723294082,0.009151403846283726,3.552713678800501e-15,0.004184888113457152,0.18162635850522396,0.009195791653127974,0.18130189889647907,0.009153232349643974,0.1813822922265788,0.009097762541043601,0.009097376796405425
16000,1475,0.1789141321501455,0.0091549875137401,0.1789141321501455,0.009154701415909948,1.7763568394002505e-15,0.010831807086374554,0.17871394271497065,0.009136055364058633,0.17871394271497065,0.0091357698578674,1.7763568394002505e-15,0.01061661217288306,0.17841727832269177,0.009150711553256072,0.1787170960196719,0.009142145380703789,0.1791022138277948,0.00927111985054404,0.00927198037464691
16000,1476,0.1850322855192118,0.009008145631364317,0.1850322855192118,0.009007864122414692,1.7763568394002505e-15,0.007682484176928939,0.18498438468238376,0.009015137886511006,0.18498438468238376,0.009014856159049994,1.7763568394002505e-15,0.008037758406800382,0.18529868466298588,0.009071090213607092,0.18497654342163689,0.009016905742888999,0.18524552891857787,0.009025655919381172,0.009025825387962537
16000,1477,0.19266419218480613,0.008956649419994689,0.19266419218480613,0.008956369520326813,3.552713678800501e-15,0.01094614322400862,0.19276391583235702,0.008950059453998842,0.19276391583235702,0.00894977976027062,1.7763568394002505e-15,0.010650654802161439,0.19288265232515284,0.00896804303984365,0.19277254554628648,0.00894779693945356,0.19260123995536943,0.00907403599507291,0.009095620979225425
16000,1478,0.19753106222529027,0.009026121077394776,0.19753106222529027,0.009025839006703685,1.7763568394002505e-15,0.009265359455094135,0.197479643427183,0.009011865851936657,0.197479643427183,0.009011584226728323,1.7763568394002505e-15,0.009779211982926637,0.19740923325002202,0.009036833162374538,0.19747789589688453,0.009015690134049327,0.19773427342272631,0.00915138914164203,0.009156893011586023
16000,1479,0.17597031984970363,0.009025903545665046,0.17597031984970363,0.009025621481771925,1.7763568394002505e-15,0.00913208485847502,0.17589994032527678,0.009021362194055867,0.17589994032527678,0.009021080272082203,1.7763568394002505e-15,0.009025390899728728,0.17586045589216065,0.0090295042556839,0.1758911752839044,0.009020640492049639,0.17533364809823598,0.009036310288109941,0.009039155782245328
16000,1480,0.18878628014973292,0.009093870404135009,0.18878628014973292,0.009093586216244376,1.7763568394002505e-15,0.00666378707711959,0.1892653515350604,0.009081966628452526,0.1892653515350604,0.009081682812560695,3.552713678800501e-15,0.006945761277526113,0.18916264510532593,0.009096400891923054,0.18925766309090297,0.009082123658068536,0.18920287747056258,0.009030733639688406,0.009031740926904069
16000,1481,0.1785574616407674,0.009298248884685051,0.1785574616407674,0.009297958309867103,3.552713678800501e-15,0.0037181048311103197,0.17864627140496436,0.009295051720965909,0.17864627140496436,0.009294761246060889,1.7763568394002505e-15,0.003722616408101014,0.17907248201186637,0.009319593300140962,0.17863989117749451,0.009296610148268363,0.17870312008974698,0.009292851175451786,0.009279744415960337
16000,1482,0.19809695858719795,0.009311713648188027,0.19809695858719795,0.009311422652589644,3.552713678800501e-15,0.009632165286151273,0.19796176740319754,0.00929111745619043,0.19796176740319754,0.009290827104233105,3.552713678800501e-15,0.009631588776009108,0.19803873526864985,0.009306836828924876,0.19796346709345275,0.009291989320446326,0.19793710442259838,0.009295461966679732,0.009307011519632216
16000,1483,0.17327776090228098,0.009089933282858393,0.17327776090228098,0.00908964921800472,1.7763568394002505e-15,0.008490675593279344,0.17321311141726242,0.009067473049275732,0.17321311141726242,0.009067189686315327,3.552713678800501e-15,0.0077968558805429685,0.17325514825750798,0.009084104094804877,0.1732112614295323,0.0090685906758745,0.17366403586074391,0.00901633432162615,0.009026192183268736
16000,1484,0.18004104330086845,0.009075808530124078,0.18004104330086845,0.009075524906675824,3.552713678800501e-15,0.0052296972338496915,0.17984780171002268,0.009055250228043462,0.17984780171002268,0.009054967247052188,1.7763568394002505e-15,0.005553365400297876,0.17937789691661937,0.009072828531952746,0.17984322866210534,0.009055556045259015,0.17957380038183335,0.009057760180855306,0.00905622940476947
16000,1485,0.1962718359990277,0.009202901514408498,0.1962718359990277,0.009202613919242427,3.552713678800501e-15,0.006069206156511308,0.19603556605188138,0.009186700342282954,0.19603556605188138,0.009186413253411425,1.7763568394002505e-15,0.006474956662413485,0.19599549576657843,0.009206894428022437,0.19603675043243135,0.009187656161439895,0.1957650825795072,0.009243879933939249,0.009221838978199086
16000,1486,0.1844036759869639,0.009355235253429134,0.1844036759869639,0.009354942897759335,1.7763568394002505e-15,0.0071275134311922705,0.184415975040424,0.009325346968978798,0.184415975040424,0.009325055547332484,8.881784197001252e-16,0.007656857091884633,0.18454114715145636,0.009365156368561748,0.18441146849913403,0.009325816866587133,0.18461008011254265,0.0093487286397807,0.009339426288321994
16000,1487,0.1796303242885688,0.009330046788844141,0.1796303242885688,0.009329755220326162,3.552713678800501e-15,0.0024942516829722008,0.17958768215549548,0.009320249843335937,0.17958768215549548,0.009319958580977289,1.7763568394002505e-15,0.002376968908610085,0.17971425869611324,0.009344225016157776,0.17958824500326853,0.009323242405632072,0.17948817716343674,0.009094121034297301,0.009097831140716816
16000,1488,0.19086430503705337,0.009212946464583658,0.19086430503705337,0.009212658555507989,1.7763568394002505e-15,0.0047300319346693966,0.1906863791579138,0.009194407132827459,0.1906863791579138,0.009194119803114962,1.7763568394002505e-15,0.004812137879284268,0.19096083300428085,0.009222258790712513,0.19069127176115985,0.00919509251706181,0.19101196193318226,0.009036558301246344,0.009035298233001204
16000,1489,0.1871562062027734,0.009256546353959378,0.1871562062027734,0.009256257082365877,3.552713678800501e-15,0.0020884417654471795,0.18701262223095755,0.00923290203056413,0.18701262223095755,0.009232613497867283,3.552713678800501e-15,0.0019270908784523647,0.1871353063060487,0.009250399675169689,0.1870129994146577,0.009229219920867116,0.18707192216613294,0.009179109793346156,0.009178069002547163
16000,1490,0.20940186632586094,0.00952889821333438,0.20940186632586094,0.009528600430612285,1.7763568394002505e-15,0.005750888686993814,0.20966670671814602,0.009529847373615638,0.20966670671814602,0.00952954956123182,1.7763568394002505e-15,0.0057324102440672485,0.2092767320554782,0.009563624616064043,0.20967154387157455,0.009531680727908519,0.2093633818411757,0.009314658627490239,0.009377595006768904
16000,1491,0.19416330790109526,0.009261409739110384,0.19416330790109526,0.009261120315533724,1.7763568394002505e-15,0.00959904155199905,0.19411089730120418,0.009248268570214577,0.19411089730120418,0.009247979557305861,1.7763568394002505e-15,0.009709904395664277,0.19454607587517414,0.009262336946901288,0.19411845053015048,0.009248777699132339,0.19409822499661522,0.009240774326093456,0.009236280593821054
16000,1492,0.18661367998883932,0.009247261081142563,0.18661367998883932,0.009246972099718372,1.7763568394002505e-15,0.005451667844170952,0.18638114877434597,0.009233959481598997,0.18638114877434597,0.009233670915856286,1.7763568394002505e-15,0.0058837123861931,0.18655519152249062,0.009260457125281034,0.18637845821410454,0.009234380564050692,0.18673929420498386,0.009166037671576881,0.009170939695742009
16000,1493,0.18852052567755506,0.009091375343168936,0.18852052567755506,0.009091091233250177,1.7763568394002505e-15,0.008094344813158934,0.1882795313714079,0.009079565534246227,0.1882795313714079,0.00907928179338976,1.7763568394002505e-15,0.008868126191094563,0.1882617137062067,0.009091471914695256,0.18827873342088342,0.009079585063707242,0.18827348467138227,0.009128357949665046,0.009129347358492447
16000,1494,0.19358661669305494,0.009186663259601496,0.19358661669305494,0.009186376171888817,1.7763568394002505e-15,0.006691144586711025,0.1938497758843638,0.009185721610671568,0.1938497758843638,0.00918543455238588,1.7763568394002505e-15,0.006856166651228443,0.1936886906433789,0.009198739551277623,0.19384790734535784,0.009185773502225816,0.19387627099818344,0.009148754587323926,0.009141531299013647
16000,1495,0.17894090864392775,0.009151375191874176,0.17894090864392775,0.009151089206930845,1.7763568394002505e-15,0.00828780869999244,0.17859566132957522,0.009137833382661454,0.17859566132957522,0.009137547820906275,3.552713678800501e-15,0.008797336060878255,0.178511004169999,0.00914382640761591,0.17859578805312476,0.009138562060722877,0.17897231229221394,0.009058820850883997,0.009064901238495099
16000,1496,0.17928828002683372,0.008993723108811654,0.17928828002683372,0.0089934420505729,1.7763568394002505e-15,0.005216836655129657,0.17926536629554263,0.008985639616898276,0.17926536629554263,0.00898535881127259,1.7763568394002505e-15,0.0050865007329653975,0.17929323325875318,0.008991391544105828,0.17926278290749992,0.008985767337087213,0.17911258351124165,0.009052254632504867,0.009059564223844198
16000,1497,0.1709565300247729,0.008996930878387972,0.1709565300247729,0.008996649719904852,8.881784197001252e-16,0.005241230790280076,0.17078317212494903,0.00898505084341975,0.17078317212494903,0.008984770056193525,1.7763568394002505e-15,0.005121193269903733,0.17048664600322133,0.009007813229663177,0.17077936941604377,0.008985048979308873,0.17086167591667906,0.009021738707295855,0.009027612889487295
16000,1498,0.18964493105756686,0.008965217032951538,0.18964493105756686,0.008964936865541576,1.7763568394002505e-15,0.005402129480862542,0.18977295661146615,0.008954792543636932,0.18977295661146615,0.008954512701997349,1.7763568394002505e-15,0.005545135307401019,0.1899791208330115,0.008971977514977181,0.18976933935870471,0.008955049249020615,0.18990086832087716,0.009064033434940524,0.00906303615732533
16000,1499,0.18254456007730363,0.009153519731086135,0.18254456007730363,0.009153233679124908,3.552713678800501e-15,0.00850364353931459,0.18304736108102554,0.009124302839365607,0.18304736108102554,0.00912401770044651,3.552713678800501e-15,0.008895465930595963,0.1828928554748862,0.009126210351716145,0.18303871436544278,0.009122628748330265,0.18321426321988493,0.00913901833606015,0.009136862854749496
16000,1500,0.19054167942128836,0.008993620076490991,0.19054167942128836,0.008993339021472048,1.7763568394002505e-15,0.00630091911897896,0.19090747314141782,0.00897014468463086,0.19090747314141782,0.008969864363229375,1.7763568394002505e-15,0.006195891471306996,0.19118856423519492,0.008989095074167378,0.19090730337601886,0.008970251032444365,0.19083661814898545,0.008965990040435228,0.008973436650375843
