n,seed,lib_cv_psi,lib_cv_se,lib_cv_recomp_psi,lib_cv_recomp_se,lib_cv_ic_maxdiff,lib_cv_min_gpi,lib_in_psi,lib_in_se,lib_in_recomp_psi,lib_in_recomp_se,lib_in_ic_maxdiff,lib_in_min_gpi,own_cv_psi,own_cv_se,own_in_psi,own_in_se,oracle_psi,oracle_se,eif_se
4000,2001,0.19519888370799476,0.01855280846659664,0.19519888370799476,0.018550489220576376,1.7763568394002505e-15,0.009316314474271932,0.19520738668209986,0.018459135069067132,0.19520738668209986,0.018456827532953475,1.7763568394002505e-15,0.008677623376916226,0.19467274656027866,0.018507012728035458,0.19525195432481895,0.018472766708159304,0.1971565573995816,0.01873473730519353,0.0188022167498937
4000,2002,0.19765548765224766,0.017813388031323985,0.19765548765224766,0.017811161218635574,1.7763568394002505e-15,0.005997209770023925,0.1970950196034303,0.017691925562078468,0.1970950196034303,0.017689713933147763,1.7763568394002505e-15,0.0075142470787601355,0.19714073365300672,0.01773612574154762,0.19704566244524313,0.017696039438445877,0.19720755502026455,0.017993635885371537,0.018017580803971582
4000,2003,0.17118749243741033,0.018237061276034167,0.17118749243741033,0.01823478150087981,8.881784197001252e-16,0.004869834672493677,0.17126652573131562,0.01813222986502626,0.17126652573131562,0.018129963194617373,8.881784197001252e-16,0.004878771326053914,0.17144023650396856,0.018234162891840815,0.1712500003320523,0.018144871706797225,0.17178111389145057,0.017989625139121817,0.0179941825171655
4000,2004,0.17599915687157636,0.018537808510955336,0.17599915687157636,0.018535491140046732,1.7763568394002505e-15,0.00852457005680976,0.17701837149969885,0.018349070773172025,0.17701837149969885,0.018346776995955345,1.7763568394002505e-15,0.01097364651504204,0.17771347420588984,0.018406731648594504,0.17705700847512645,0.018372976793891403,0.17681771703967036,0.01816420167488966,0.018132143212845637
4000,2005,0.19869392525347462,0.017681694485968347,0.19869392525347462,0.017679484136002094,8.881784197001252e-16,0.002035749763108548,0.19965787420257786,0.01760434156807012,0.19965787420257786,0.017602140887823,8.881784197001252e-16,0.0023124773873148385,0.19958595819603964,0.0176558674885881,0.199631371106136,0.017611952837211273,0.19887011797283477,0.01789390181902557,0.017867201645986607
4000,2006,0.1615507360618148,0.01821771629104482,0.1615507360618148,0.018215438934164736,8.881784197001252e-16,0.008608460427349827,0.1603173156072823,0.01810761655474019,0.1603173156072823,0.018105352961187413,8.881784197001252e-16,0.008357391048385452,0.159718654192544,0.018152617029825707,0.16026070247007823,0.018128588905408864,0.16124033241330676,0.01771844304448402,0.017714083435135697
4000,2007,0.17531940650349098,0.01795248079629961,0.17531940650349098,0.01795023659592878,1.7763568394002505e-15,0.008477297597381486,0.17586200862828033,0.017870872620429405,0.17586200862828033,0.017868638621718207,8.881784197001252e-16,0.010206337036625168,0.1774798572575536,0.01802920214864457,0.1758424999389117,0.017880307853605587,0.1764097337489116,0.01803703129871015,0.018066097740086173
4000,2008,0.2136371561103399,0.01892202305120334,0.2136371561103399,0.018919657650475152,1.7763568394002505e-15,0.008797085221064772,0.21446239383958626,0.018904359440703764,0.21446239383958626,0.018901996248064906,1.7763568394002505e-15,0.00854879309696282,0.21362683832420798,0.019156832597805557,0.2145311498138101,0.018924219083328742,0.21278633306301314,0.01827761593765449,0.018217220167545258
4000,2009,0.17386086009688462,0.018377706670838066,0.17386086009688462,0.01837540931391043,1.7763568394002505e-15,0.0062222150265914345,0.17471725816285144,0.01828312223078312,0.17471725816285144,0.018280836697649523,1.7763568394002505e-15,0.007210738165895084,0.1739579668496879,0.018431738874448354,0.17475646074747153,0.01829465269643875,0.17467974663364366,0.01852477051371851,0.018573822484963354
4000,2010,0.16988340127594925,0.018652605424196927,0.16988340127594925,0.018650273702777206,1.7763568394002505e-15,0.009245898184981604,0.16936242110925648,0.018380718218715945,0.16936242110925648,0.018378420485321293,8.881784197001252e-16,0.008366484772239585,0.16898392268625456,0.018453700051047718,0.1693771251317165,0.018390382255744873,0.17079313203845325,0.018739743901352704,0.018746833333602938
4000,2011,0.2153242518202081,0.018551784148503152,0.2153242518202081,0.01854946503053066,1.7763568394002505e-15,0.011938327106409803,0.2158938376372001,0.018500125717288495,0.2158938376372001,0.018497813057023534,1.7763568394002505e-15,0.013162182759599407,0.215093039086368,0.01858033939010348,0.2159149970069546,0.018520226184927515,0.21750801253468022,0.017608797076694715,0.01757241866455431
4000,2012,0.19158449689136026,0.018140703325620657,0.19158449689136026,0.018138435595962992,1.7763568394002505e-15,0.019893741278533203,0.19268072171680856,0.01802851402047002,0.19268072171680856,0.01802626031535209,8.881784197001252e-16,0.019123001306510252,0.1917399901225279,0.01817471972059467,0.19269020123143732,0.01803892663255686,0.192826866362298,0.018424521692746554,0.018414057442127624
4000,2013,0.19136631379638208,0.017965433943381032,0.19136631379638208,0.01796318812376561,8.881784197001252e-16,0.005420699011329054,0.19072248907401956,0.017897912727543364,0.19072248907401956,0.017895675348607497,8.881784197001252e-16,0.005128787640681302,0.19136888376227862,0.01808071187552346,0.19069943750402718,0.0178987443637393,0.18976179976602386,0.01805135652974098,0.018067697074490043
4000,2014,0.22244426072337875,0.018034412646984983,0.22244426072337875,0.018032158204492648,1.7763568394002505e-15,0.003912264625124968,0.22206593515722656,0.01794454118248831,0.22206593515722656,0.017942297974631243,8.881784197001252e-16,0.0040039956509936095,0.22300575589943838,0.018037387732541967,0.2220427723585101,0.01795342538676853,0.224040348814873,0.018305315526325566,0.01837955813839883
4000,2015,0.1595679299139583,0.01768020819702073,0.1595679299139583,0.017677998032852207,1.7763568394002505e-15,0.0070478159337800566,0.15963971295377316,0.017619360287164775,0.15963971295377316,0.017617157729460417,8.881784197001252e-16,0.00816701293496278,0.16039597272898087,0.017754845629611327,0.1596330095996445,0.017623788952199154,0.15906550717006263,0.01817622922166755,0.018227649719342535
4000,2016,0.21035175904205256,0.018554884150482502,0.21035175904205256,0.018552564644985538,1.7763568394002505e-15,0.013691426020865623,0.21053847390621394,0.01842574081226656,0.21053847390621394,0.01842343745069593,1.7763568394002505e-15,0.012782714968013703,0.2112738857948171,0.01857696182717909,0.21050513290089118,0.01844244200320961,0.21140845152874616,0.01824594874419851,0.018274112831359445
4000,2017,0.1739569638979115,0.01824502030298921,0.1739569638979115,0.018242739532894296,8.881784197001252e-16,0.011852205155313307,0.17358880973175195,0.018146308013179322,0.17358880973175195,0.01814403958289192,1.7763568394002505e-15,0.013385036239261622,0.17368245635131024,0.018254553775621477,0.17357734762071325,0.01815274739799081,0.17265773676530421,0.018396239710119094,0.018390857607617234
4000,2018,0.17152135133965257,0.017721039126371865,0.17152135133965257,0.01771882385801814,8.881784197001252e-16,0.013413658420143025,0.1720606113175906,0.01765376297476617,0.1720606113175906,0.017651556116457058,8.881784197001252e-16,0.015103474800701615,0.1748821421087013,0.01783750398439129,0.1720537553334292,0.017664284227890258,0.17022004456348572,0.018175753282033594,0.018170636144311598
4000,2019,0.20035321933108702,0.018079416209488372,0.20035321933108702,0.01807715614119909,1.7763568394002505e-15,0.01598754137294012,0.2019387593225191,0.017966132405870097,0.2019387593225191,0.017963886498941404,1.7763568394002505e-15,0.015225000426010422,0.20203966711778043,0.01807225084582761,0.20188892028289684,0.017976328527350944,0.20347748805346388,0.01765883714218259,0.01763556666692354
4000,2020,0.19513088028368414,0.018002198734380793,0.19513088028368414,0.017999948318879234,8.881784197001252e-16,0.020091475856524207,0.19538767258607315,0.017916022837984356,0.19538767258607315,0.01791378319514318,1.7763568394002505e-15,0.019188558851729424,0.19586937841185287,0.01818380293450909,0.1953827361131386,0.01792703778165058,0.19456094646443944,0.018339254857472276,0.01845974535919209
4000,2021,0.1608962462892244,0.0176438159624131,0.1608962462892244,0.017641610347558255,8.881784197001252e-16,0.009361110628943299,0.1613200095966955,0.017480301710722842,0.1613200095966955,0.01747811653642707,8.881784197001252e-16,0.007544406021703718,0.16078714930519644,0.017588224244967907,0.1612599463705271,0.017487696905935553,0.16185236081111598,0.017279015037050635,0.0173582462415447
4000,2022,0.20567099192991117,0.017521225811162656,0.20567099192991117,0.017519035521034572,8.881784197001252e-16,0.01582407634533721,0.2058161822293909,0.017480151364385528,0.2058161822293909,0.017477966208884223,8.881784197001252e-16,0.01636928986832622,0.20580139453352236,0.01756651933428272,0.2057734620975647,0.0174885159117097,0.20625815341250375,0.0178042061833718,0.017782097154697078
4000,2023,0.1948019997282488,0.018324749578238028,0.1948019997282488,0.018322458841360745,1.7763568394002505e-15,0.005937942760366475,0.1940828634590157,0.018266717003351685,0.1940828634590157,0.018264433520999702,1.7763568394002505e-15,0.006810564458188163,0.1951213145800318,0.018364564850003245,0.19409045296463884,0.018277078333618274,0.19596312046298076,0.01783417975560891,0.0179094587313406
4000,2024,0.17802062150638204,0.017996019286854643,0.17802062150638204,0.017993769643832307,8.881784197001252e-16,0.002675787584597086,0.1785299731128932,0.017892769954157648,0.1785299731128932,0.017890533218108635,8.881784197001252e-16,0.002871687203319093,0.1794996652139486,0.018001085382593488,0.17846447389398507,0.01790086482821468,0.17887490324087135,0.01731058396958407,0.017406216403504465
4000,2025,0.21388680561559736,0.018826880231256057,0.21388680561559736,0.018824526724123762,3.552713678800501e-15,0.009914135419935825,0.21330091352852598,0.01894038435404256,0.21330091352852598,0.018938016658008053,3.552713678800501e-15,0.010561388915564646,0.21315559932777484,0.019385420410979282,0.21334394996803435,0.018980946474827173,0.21582333248595698,0.020404356013152835,0.020417758829704733
4000,2026,0.17107895656180488,0.01838378129530568,0.17107895656180488,0.018381483179002525,8.881784197001252e-16,0.011624184810819773,0.1735646818208078,0.01828476165121326,0.1735646818208078,0.0182824759131393,1.3322676295501878e-15,0.011330357341365532,0.17346554135857523,0.018494126086113713,0.1735513776997718,0.018307477931203932,0.174320316075869,0.017903923653469985,0.017907249578667347
4000,2027,0.1679519865972105,0.01752920362882046,0.1679519865972105,0.017527012341402838,3.552713678800501e-15,0.008802242773207729,0.16737032211520714,0.017433266898896255,0.16737032211520714,0.017431087604319467,8.881784197001252e-16,0.008994515949505684,0.16822915035841662,0.0175373011566067,0.16730104943665802,0.017444963749886678,0.16880701872281828,0.01744149686657355,0.017493370025442108
4000,2028,0.17938912450892142,0.01800269637073685,0.17938912450892142,0.018000445893026858,1.7763568394002505e-15,0.014549767151635432,0.1803600011396777,0.017915500635535004,0.1803600011396777,0.017913261057973213,8.881784197001252e-16,0.016224132600177653,0.1796024133584488,0.017973872554110204,0.18033258641349736,0.017925256797126903,0.18063919510566734,0.018000026798713056,0.01800558676964732
4000,2029,0.20467523971745966,0.01849947694758269,0.20467523971745966,0.01849716436841901,1.7763568394002505e-15,0.010646174106290103,0.2031432613654126,0.018341098007358773,0.2031432613654126,0.018338805226800113,1.7763568394002505e-15,0.013532470236309754,0.20329170166412247,0.018407064084237233,0.2031723071798574,0.01835193485041052,0.20250122473333854,0.018664922047305316,0.018625760202052113
4000,2030,0.21482381826799196,0.018177167982857408,0.21482381826799196,0.018174895694832674,1.7763568394002505e-15,0.013248861139169813,0.21390878298725524,0.01802804080223307,0.21390878298725524,0.01802578715627112,8.881784197001252e-16,0.012623200507939795,0.213397791700134,0.01818568537875266,0.2138632676887769,0.0180420427231503,0.21450962503626653,0.017722337896218965,0.01768620992951651
4000,2031,0.20324218604945904,0.019413264859793646,0.20324218604945904,0.019410838050001083,3.552713678800501e-15,0.017072888495359435,0.2050572036077407,0.019106616078152148,0.2050572036077407,0.019104227601853277,8.881784197001252e-16,0.01694241183713248,0.20647263264044868,0.01936917460385547,0.20513020770870471,0.01914624591791345,0.20736711166197902,0.02023259375898809,0.020253051071768852
4000,2032,0.18131097837270366,0.017893086654607284,0.18131097837270366,0.017890849878968242,8.881784197001252e-16,0.006319988205330588,0.18233709360839695,0.01778268722392382,0.18233709360839695,0.017780464249076217,8.881784197001252e-16,0.006898505714004574,0.1829173510416512,0.017900363139090707,0.18230855685932806,0.017791100621183286,0.18289309567603595,0.017712880703029125,0.01770987354071541
4000,2033,0.1898558946459049,0.019085967029185216,0.1898558946459049,0.01908358113417881,3.552713678800501e-15,0.014813961368808222,0.19147075963120347,0.019062478321550756,0.19147075963120347,0.01906009536281633,1.7763568394002505e-15,0.014167360109703325,0.19070377228833602,0.019196637454887342,0.191480367448136,0.019095870854130115,0.19062221236528804,0.018636399962995643,0.01877513529568409
4000,2034,0.18571715120495536,0.018161196383400514,0.18571715120495536,0.018158926091950505,1.7763568394002505e-15,0.005546805187449262,0.1854650718368135,0.018075220249046568,0.1854650718368135,0.018072960705285128,8.881784197001252e-16,0.005598834474068172,0.1857015104285194,0.018223335842912275,0.18539766461728957,0.018088807559297013,0.18480384439693776,0.017357502701008772,0.017357090679747892
4000,2035,0.19041967433916007,0.01919209189482875,0.19041967433916007,0.019189692733384934,3.552713678800501e-15,0.010753886744229946,0.18969999552798128,0.018984319929948788,0.18969999552798128,0.018981946741624005,1.7763568394002505e-15,0.011222391873899855,0.1906590060668602,0.019054902861779598,0.18970931500386878,0.018994706505858643,0.1884726985348859,0.019056511257659996,0.019061596966594072
4000,2036,0.1784615307387672,0.018689902283924007,0.1784615307387672,0.0186875659001054,1.7763568394002505e-15,0.013841564076635811,0.1796777064724342,0.01858091313409322,0.1796777064724342,0.018578590374769926,1.7763568394002505e-15,0.013550996857410338,0.1805502858075051,0.01866341054480321,0.17966629127587924,0.01859443066169033,0.1805615478897154,0.018690558736125695,0.01869560463234502
4000,2037,0.19023981360236686,0.019130571206410974,0.19023981360236686,0.0191281797355339,1.7763568394002505e-15,0.010588083118923602,0.1891053117945516,0.01899583897598277,0.1891053117945516,0.018993464347687228,1.7763568394002505e-15,0.010491901198008845,0.1883084844331111,0.0191115021164694,0.1891071675397598,0.019018385972675828,0.18959929465482017,0.018596414231694332,0.01861130957251298
4000,2038,0.20273514636650075,0.018455294297348983,0.20273514636650075,0.018452987241361806,1.7763568394002505e-15,0.0230792338730694,0.20294931136389244,0.01832206684440402,0.20294931136389244,0.01831977644288943,1.7763568394002505e-15,0.022491173228807854,0.2030575152889813,0.018505575510267075,0.2029798278617711,0.018336378921618893,0.20228321538445376,0.019073138569024716,0.019106543535321183
4000,2039,0.17218320998889558,0.017379197174904167,0.17218320998889558,0.017377024639465354,8.881784197001252e-16,0.01158161320139968,0.1719390319730288,0.0173303342614559,0.1719390319730288,0.017328167834263056,8.881784197001252e-16,0.0130631906043604,0.17085527102590603,0.01744925044007878,0.17194479881183494,0.017337271597652193,0.17259531416069684,0.01734783666468291,0.017295028719874418
4000,2040,0.15218637232159998,0.019341424120022224,0.15218637232159998,0.01933900629088345,1.7763568394002505e-15,0.005852203734683485,0.1528495526017411,0.019135429643391585,0.1528495526017411,0.01913303756517193,1.7763568394002505e-15,0.006689979767108391,0.1531910304759223,0.0192726299037238,0.15296062218063056,0.019142094766427024,0.1556069971580673,0.018046409753519763,0.018179580089782155
4000,2041,0.1624026125247397,0.01780842663577084,0.1624026125247397,0.01780620044329564,1.7763568394002505e-15,0.011938841232157597,0.16399517772708438,0.017757288978416892,0.16399517772708438,0.017755069178548424,8.881784197001252e-16,0.014076319875680657,0.1625522428979158,0.017860041977298347,0.16397038522002316,0.017766841535756802,0.1627792065280837,0.018005377754259214,0.018036976544232156
4000,2042,0.16804671550688793,0.01894523615780986,0.16804671550688793,0.01894286785526197,3.552713678800501e-15,0.010048154737836396,0.1681832191304281,0.018943813530396057,0.1681832191304281,0.01894144540568771,1.7763568394002505e-15,0.010349149801803787,0.16816079503899273,0.019099885781409847,0.16819710165489954,0.018976639768561936,0.16698639577162055,0.01814084876765536,0.018074611920160084
4000,2043,0.1987796838296952,0.018191530361589953,0.1987796838296952,0.01818925627815566,8.881784197001252e-16,0.013440738652162847,0.19919757740469396,0.018109631687473548,0.19919757740469396,0.018107367842013427,8.881784197001252e-16,0.013835948931253249,0.2009399993929079,0.01826441699581552,0.19920525405208384,0.018114490451355117,0.19906817819066475,0.018378703474432365,0.018385222185255738
4000,2044,0.15727636571064152,0.018493908323343747,0.15727636571064152,0.01849159644030161,8.881784197001252e-16,0.012755866078933219,0.15743877280534668,0.01844452733689231,0.15743877280534668,0.018442221626859316,1.7763568394002505e-15,0.012050897524383729,0.1578025717471933,0.018603474719759355,0.15744333254201953,0.018459465391292215,0.15780530465341386,0.01852051542811119,0.01856093600700876
4000,2045,0.19099700614976878,0.021341761746974344,0.19099700614976878,0.021339093860002614,8.881784197001252e-16,0.01714887957789353,0.18816220879026846,0.020737609491062167,0.18816220879026846,0.02073501712784296,7.105427357601002e-15,0.01483365140341461,0.18801881986851737,0.020882413351542468,0.18829246803207167,0.02081072194436687,0.18911438379530893,0.021989068897947685,0.022543886742137753
4000,2046,0.19852326994184727,0.019068713959731826,0.19852326994184727,0.019066330221493906,8.881784197001252e-16,0.010206573974805398,0.19686270918483323,0.018793091666713762,0.19686270918483323,0.01879074238341604,1.7763568394002505e-15,0.009985890043815598,0.1968552148898744,0.018888400062685714,0.1969419375945714,0.018837425383963657,0.19402503464870574,0.018572644964401547,0.018672832068155593
4000,2047,0.2070802991508076,0.017777412271592522,0.2070802991508076,0.017775189956155176,8.881784197001252e-16,0.014118971809193316,0.2078774610415156,0.017705003893789893,0.2078774610415156,0.01770279062996553,1.7763568394002505e-15,0.011255968507595035,0.20632648303474804,0.01777983943275534,0.2078591282953582,0.017717834181886674,0.2064897764529653,0.01815279022425363,0.01813996579259273
4000,2048,0.15683038096554253,0.017897653281802813,0.15683038096554253,0.01789541593529969,1.7763568394002505e-15,0.013063614662756724,0.1579086299611921,0.01779343385223934,0.1579086299611921,0.017791209533979228,1.7763568394002505e-15,0.013833593051932325,0.15776919500116604,0.017936972457737642,0.15789750287489962,0.017805140986212938,0.1574101424738118,0.017947613781900386,0.017966005460659278
4000,2049,0.18109857094026494,0.018654588645217744,0.18109857094026494,0.018652256675879896,8.881784197001252e-16,0.015511058923831032,0.1797232440099878,0.018560967400756537,0.1797232440099878,0.018558647134805758,1.7763568394002505e-15,0.014584018981992563,0.18172557899670516,0.018831338144327723,0.17970920904345183,0.018575707306163404,0.17936639109929087,0.01830137605759449,0.018284679158370228
4000,2050,0.21295284906143436,0.01962745233195023,0.21295284906143436,0.019624998747050097,3.552713678800501e-15,0.008389687456530093,0.21188828522822978,0.0195982723942003,0.21188828522822978,0.019595822457020382,8.881784197001252e-16,0.011615771430120023,0.2111678936879955,0.019532968510528756,0.21191070923816752,0.019633349130029135,0.21063998577568804,0.01898809602299007,0.019000169325690555
4000,2051,0.15947099132791154,0.01834006258548844,0.15947099132791154,0.018337769934365603,1.7763568394002505e-15,0.010060802115370599,0.15918023790643315,0.018166867617178954,0.15918023790643315,0.01816459661678041,3.552713678800501e-15,0.008694967983905571,0.1588212627366808,0.018341763710249807,0.15921998415086552,0.018186277441790577,0.16032771526726997,0.018764512801483745,0.0188278855511556
4000,2052,0.2105517108244293,0.01820154382847731,0.2105517108244293,0.018199268493281417,8.881784197001252e-16,0.003721520105665802,0.21013107786406682,0.018074243100501906,0.21013107786406682,0.01807198367889167,1.7763568394002505e-15,0.004328750395815191,0.21031228994896334,0.018223441485326047,0.21012911744771473,0.01808889647677635,0.21051071699845508,0.018135513923122862,0.018050639571821615
4000,2053,0.18000733713481376,0.01833327969175431,0.18000733713481376,0.01833098788854619,1.3322676295501878e-15,0.006209361562810842,0.1804256811381687,0.018214934186045632,0.1804256811381687,0.018212657176950413,1.7763568394002505e-15,0.006909331418531608,0.17898611108551526,0.018346702720081775,0.18041700485322865,0.018223238869219043,0.1796925303042483,0.018091957306457053,0.01808230828882378
4000,2054,0.17636962996757305,0.01877252743979774,0.17636962996757305,0.018770180727189063,1.7763568394002505e-15,0.009478639765637674,0.17679277238520674,0.01868358286638024,0.17679277238520674,0.018681247272538202,8.881784197001252e-16,0.011129790496458883,0.1766484275304413,0.018856133456945836,0.17683451805711747,0.018704781142975337,0.1775544313652455,0.01857149552709371,0.018551107033699145
4000,2055,0.18450062352884822,0.019410401162765687,0.18450062352884822,0.01940797471095762,8.881784197001252e-16,0.01060153606845908,0.18374327022251402,0.019088611438724618,0.18374327022251402,0.01908622521314636,8.881784197001252e-16,0.011620823790811535,0.18267131600419695,0.019111498086349182,0.18374298027547759,0.019113399352103686,0.18370252649497937,0.018095716364960084,0.018087907256172344
4000,2056,0.17535564824430527,0.018471405317497504,0.17535564824430527,0.018469096247506922,1.7763568394002505e-15,0.007523090317579863,0.17461645350566973,0.018337235966816218,0.17461645350566973,0.0183349436690428,1.7763568394002505e-15,0.008649076825850928,0.1749669020777595,0.018495243306176416,0.17461688751482135,0.018353899447913675,0.173785964564313,0.01779772311134803,0.01782748263841081
4000,2057,0.15102054560931066,0.017830898728190922,0.15102054560931066,0.017828669726528586,8.881784197001252e-16,0.021569218384930814,0.15192671321032725,0.017725985529483037,0.15192671321032725,0.017723769642790276,1.7763568394002505e-15,0.02229056669691999,0.15213709825231003,0.017813471371551395,0.15190934615571478,0.017735219588185837,0.1519682055482347,0.01779076254071377,0.017821722555430602
4000,2058,0.1748618666663999,0.018532689697407786,0.1748618666663999,0.01853037296639087,1.7763568394002505e-15,0.010389051575557124,0.17492195362080348,0.01850313774011988,0.17492195362080348,0.01850082470332853,1.7763568394002505e-15,0.011058693183460585,0.1762617345678169,0.018596706343900357,0.17488650494072572,0.018527364746692507,0.17437390281342924,0.018151871535022603,0.01814475915887182
4000,2059,0.18670828666131395,0.01831627206317676,0.18670828666131395,0.018313982386055097,1.7763568394002505e-15,0.005271265273422614,0.18815911479224973,0.018177373383026666,0.18815911479224973,0.018175101069325305,1.7763568394002505e-15,0.005139695052065089,0.18833072577632937,0.01831683871325056,0.18819426271004375,0.018191766566726556,0.18776310703575855,0.018573483249321017,0.01856051453412249
4000,2060,0.16123503294704666,0.017955102896260722,0.16123503294704666,0.01795285836810691,1.7763568394002505e-15,0.008262291779902503,0.16139622491669164,0.017971031757388203,0.16139622491669164,0.017968785238002292,8.881784197001252e-16,0.007578221110062966,0.1618719979039186,0.018011247504389604,0.16138031655332896,0.017986103673628472,0.16060412651811284,0.01836371397399259,0.018389388906633577
4000,2061,0.19884701429583923,0.01896790158182459,0.19884701429583923,0.018965530445921606,1.7763568394002505e-15,0.017661919691390266,0.19997766627037156,0.018844321953694735,0.19997766627037156,0.018841966266210854,1.7763568394002505e-15,0.018526845838148197,0.201000309591141,0.01904844195580587,0.19999657592928832,0.018870036071939485,0.1999912842331833,0.018813156009979973,0.0189153672784937
4000,2062,0.16162797854384808,0.017824594980938333,0.16162797854384808,0.017822366767293662,8.881784197001252e-16,0.008766123295406708,0.16150545056187293,0.017728219088044155,0.16150545056187293,0.017726002922139123,8.881784197001252e-16,0.009677312013815954,0.16317057675912627,0.017852090862975376,0.1614525410934945,0.017740380224112163,0.16064556985907064,0.017689765272111673,0.017753802728666848
4000,2063,0.17684492950788616,0.018533303336598295,0.17684492950788616,0.018530986528871685,1.7763568394002505e-15,0.020450179471269436,0.1778681680148912,0.018382164028194398,0.1778681680148912,0.018379866114062265,1.7763568394002505e-15,0.0225632444792264,0.17937924128705413,0.018500575665827784,0.17788991068336873,0.018393905351443345,0.17746837217508998,0.018623399353678995,0.018615097358293795
4000,2064,0.17965346475628174,0.018379352037490488,0.17965346475628174,0.018377054474879164,1.7763568394002505e-15,0.012270480909173381,0.18112888852636244,0.018286576720888046,0.18112888852636244,0.018284290755916196,1.7763568394002505e-15,0.01246521977655881,0.1810239487473933,0.01837251855810921,0.18112933497905465,0.018295668388631902,0.18127134397887396,0.018136081586506786,0.018141976142471754
4000,2065,0.20275000032931317,0.01863080841401478,0.20275000032931317,0.01862847941739164,3.552713678800501e-15,0.011914551967594044,0.2030136394779511,0.01833741380094974,0.2030136394779511,0.018335121480945665,3.552713678800501e-15,0.011521491511150013,0.20438542110868946,0.018512645429666536,0.20300604339078976,0.018353128259949985,0.20301962448690858,0.01840975971160617,0.018397353363875005
4000,2066,0.19500973175031888,0.01854783586111227,0.19500973175031888,0.018545517236706548,1.7763568394002505e-15,0.014440312618407208,0.19385322569449837,0.01839914888490531,0.19385322569449837,0.018396848847533374,1.7763568394002505e-15,0.014744129737261472,0.19515129367125555,0.018610899250783148,0.1938708879984704,0.01841243530306877,0.19461928958002933,0.018257477138348563,0.0182427073144652
4000,2067,0.18133173027199673,0.01858319774524003,0.18133173027199673,0.01858087470032249,8.881784197001252e-16,0.010741209201277033,0.18058093198582426,0.018353673463324716,0.18058093198582426,0.0183513791107358,1.7763568394002505e-15,0.008757517393104762,0.18022901454591994,0.018551489786956695,0.1806019077615148,0.018366045601033856,0.18018590324983863,0.01873925758324585,0.018750863717439326
4000,2068,0.21351700467439555,0.01880489304842534,0.21351700467439555,0.01880254228986269,3.552713678800501e-15,0.019721176318694206,0.21343486019110774,0.018674625058106645,0.21343486019110774,0.018672290584060638,1.7763568394002505e-15,0.021082351049139546,0.21257577934283484,0.01877914521235925,0.21346691750151653,0.018690305643350974,0.21440724713751397,0.019394998532291284,0.01971105218839566
4000,2069,0.1916019202226973,0.018130422842179996,0.1916019202226973,0.01812815639766309,1.7763568394002505e-15,0.014910989392677506,0.1892242428257107,0.017905064352542688,0.1892242428257107,0.017902826079597815,8.881784197001252e-16,0.014558930118889377,0.18918688771999126,0.01804420929767551,0.18918707794575085,0.0179210944163708,0.18824289886882173,0.01767383116920033,0.017656171368655924
4000,2070,0.1767631084623119,0.01801356130562502,0.1767631084623119,0.01801130946971328,8.881784197001252e-16,0.004340462232109028,0.17717152284360949,0.017910629931766536,0.17717152284360949,0.017908390963080775,1.7763568394002505e-15,0.004201489398644949,0.1779921239811118,0.01808319571795337,0.17718108653881753,0.017925663726912528,0.17771891642085236,0.018252674426499704,0.01831342411218539
4000,2071,0.21863667949728566,0.017958613220545684,0.21863667949728566,0.017956368253573905,8.881784197001252e-16,0.020255929189676874,0.2195404559840201,0.01782992820271414,0.2195404559840201,0.017827699322375067,8.881784197001252e-16,0.01851167752759138,0.22017700527502893,0.01788114894302968,0.21950358248868784,0.017838976828752944,0.21827437411422873,0.017795508181478216,0.017822639599579998
4000,2072,0.17903990734079145,0.018312973792960957,0.17903990734079145,0.01831068452814884,8.881784197001252e-16,0.007656884400726274,0.17865015053923355,0.018196026818983198,0.17865015053923355,0.018193752173456593,8.881784197001252e-16,0.008109210488468781,0.17951504248673467,0.018350268864405155,0.17863028048660562,0.018203814296951285,0.1814337283911433,0.018119659415239152,0.01812295386242426
4000,2073,0.18255806858381018,0.018748823860639703,0.18255806858381018,0.018746480111163623,1.7763568394002505e-15,0.013615612942528013,0.1824123091000584,0.018574566785931685,0.1824123091000584,0.018572244819951497,1.7763568394002505e-15,0.012194954377086557,0.1815158458326317,0.018659546244301144,0.1824149088614272,0.018589804413772008,0.1828813239581693,0.0178275710904568,0.017756766374834632
4000,2074,0.19030758956491084,0.018506542199087022,0.19030758956491084,0.0185042287367117,1.7763568394002505e-15,0.009935572078967048,0.18946439234518375,0.018422252717693065,0.18946439234518375,0.01841994979216151,1.7763568394002505e-15,0.009840855517049864,0.18966944784891943,0.018501303236861746,0.18949959550991202,0.018438566739826127,0.1897527325410302,0.01836083596008127,0.018371554302189015
4000,2075,0.16802781651737358,0.018004005189173472,0.16802781651737358,0.01800175454785095,8.881784197001252e-16,0.0026937024552874224,0.1674556749680038,0.017946393628812334,0.1674556749680038,0.017944150189385003,8.881784197001252e-16,0.0033414339656360316,0.16854025672464007,0.018175120857807453,0.16744762606611874,0.017958865762920162,0.16768768570190973,0.018096294480787294,0.01810345907362591
4000,2076,0.167782282564172,0.018039798498252393,0.167782282564172,0.018037543382486566,8.881784197001252e-16,0.00838203273272682,0.16777780273651477,0.017942390215526835,0.16777780273651477,0.017940147276557444,1.7763568394002505e-15,0.008686907714069065,0.16719642606649016,0.01814118840451028,0.16773209318685084,0.017951555314106186,0.1694473016651209,0.01709525905372236,0.017196383741519865
4000,2077,0.18753379751290594,0.017967829535379416,0.18753379751290594,0.017965583416296275,1.7763568394002505e-15,0.00956877688195298,0.18785417176858848,0.017892782159863792,0.18785417176858848,0.01789054542228897,8.881784197001252e-16,0.008720761683810292,0.18870926750502592,0.018064851755502057,0.1878009319790792,0.017904558472349633,0.18817270086784138,0.01791172626995834,0.017923825909761253
4000,2078,0.2064330417926883,0.017850962827779333,0.2064330417926883,0.01784873131794778,8.881784197001252e-16,0.019062100456567418,0.20656831278856624,0.017751247253932685,0.20656831278856624,0.017749028209326986,8.881784197001252e-16,0.020707491624968256,0.20730620684530654,0.0178755403891507,0.2064940952413971,0.01775997943875283,0.20782920721304837,0.01787929791468786,0.01784170502565896
4000,2079,0.1857879737077356,0.019260584472737135,0.1857879737077356,0.019258176749185917,8.881784197001252e-16,0.013103625598607572,0.18485138212419883,0.01884802769411673,0.18485138212419883,0.018845671543386334,3.552713678800501e-15,0.013220997626157537,0.1858240055289535,0.018952839669406526,0.18489225095615142,0.01886967957259843,0.18466284402751493,0.018679526836201665,0.018681216505392697
4000,2080,0.18640785516415964,0.01903064094551346,0.18640785516415964,0.019028261966699805,1.7763568394002505e-15,0.009813959990281375,0.1862398981218848,0.018969276323506177,0.1862398981218848,0.018966905015749738,1.7763568394002505e-15,0.009767891349707998,0.18538202967673267,0.019021853189715797,0.18624248356557987,0.01899116084330203,0.18513749481735764,0.018146944311885103,0.018143788222686873
4000,2081,0.2030955919499176,0.01845652259403524,0.2030955919499176,0.018454215384501375,1.7763568394002505e-15,0.008714093508508557,0.20406933075147238,0.01837419842786159,0.20406933075147238,0.018371901509491737,8.881784197001252e-16,0.009988105965322151,0.20527005738165688,0.01850566138684124,0.20405519415398243,0.01839298859841093,0.20477673624100007,0.018213580294510836,0.018224704747743858
4000,2082,0.1885023309913864,0.01780727544572422,0.1885023309913864,0.017805049397156773,8.881784197001252e-16,0.014621692679491356,0.18832903526478428,0.017766424504878052,0.18832903526478428,0.017764203562997398,8.881784197001252e-16,0.014392723445767685,0.1885122362805446,0.017879831786842625,0.18827905267674838,0.01777270213370935,0.1879366756309393,0.018087929060286764,0.018078790083741116
4000,2083,0.16693916324858366,0.018075424409362207,0.16693916324858366,0.01807316484007913,3.552713678800501e-15,0.008684359042620186,0.16723905267162048,0.017938242522388573,0.16723905267162048,0.017936000101913235,1.7763568394002505e-15,0.009359229078367183,0.1687952060101099,0.01814235666347342,0.16722722995961198,0.017955658456856517,0.16856855757064737,0.017678025893622967,0.01769727604868853
4000,2084,0.1884539379482884,0.01807090673904728,0.1884539379482884,0.01806864773450829,1.7763568394002505e-15,0.005126819666583193,0.18831306556301874,0.017955782003625857,0.18831306556301874,0.01795353739057832,1.7763568394002505e-15,0.004779863952969333,0.18787324513842207,0.017986691788672002,0.1882764672517876,0.01796569124464454,0.18889713057569668,0.017747951704472284,0.017778131788656983
4000,2085,0.16298973115080456,0.017865709962297704,0.16298973115080456,0.01786347660895911,1.7763568394002505e-15,0.02371375857228932,0.16288036819954593,0.017804075587023505,0.16288036819954593,0.0178018499384634,8.881784197001252e-16,0.02142893103659233,0.1636692860745323,0.017993931935706434,0.16288394510756737,0.017808565998499393,0.1627454389065226,0.018513843403530596,0.018601711959113178
4000,2086,0.21279866515139673,0.019520474632901744,0.21279866515139673,0.019518034421049858,1.7763568394002505e-15,0.013113154513579299,0.2123156257823463,0.019493316132996482,0.2123156257823463,0.019490879316169284,1.7763568394002505e-15,0.01298086038850477,0.21099727719196182,0.019675029539080156,0.212378646449832,0.019518055899236733,0.2101547081473512,0.01941086819457688,0.01952855888892374
4000,2087,0.18849356058263872,0.01834844759252218,0.18849356058263872,0.01834615389320795,8.881784197001252e-16,0.009048676322609715,0.18885235007858742,0.018273648880522544,0.18885235007858742,0.018271364531631747,1.7763568394002505e-15,0.009855197944170778,0.18770636212214847,0.018420325572198283,0.1888233330391026,0.01829530169340616,0.18857866200766366,0.017789898705457666,0.01779784855674359
4000,2088,0.17558761203303097,0.018349551242199662,0.17558761203303097,0.0183472574049206,1.7763568394002505e-15,0.010166730714265916,0.17642598257327846,0.018252532416389678,0.17642598257327846,0.018250250707221895,1.7763568394002505e-15,0.010266310075262186,0.17660297586126372,0.01836155089239005,0.17643036753216673,0.018274731718691505,0.17706597134967822,0.0185113188649993,0.018523451488136736
4000,2089,0.1990967800766852,0.018066526821821822,0.1990967800766852,0.01806426836480671,8.881784197001252e-16,0.010085781881255931,0.19985520705345794,0.01796940873678344,0.19985520705345794,0.017967162420287786,1.7763568394002505e-15,0.010827450350082823,0.2004628793526566,0.01803506309386046,0.19986815570797778,0.017983705638328625,0.1999246278018631,0.01823881142879718,0.018213728429839957
4000,2090,0.1832347238753811,0.018858189100345705,0.1832347238753811,0.01885583167936014,8.881784197001252e-16,0.017592512857125625,0.18195397380664008,0.01873124589954007,0.18195397380664008,0.01872890434744648,1.7763568394002505e-15,0.017927690288354604,0.18261456502945073,0.018861224563840397,0.18200052541570583,0.01875392828259955,0.18338426050204099,0.018890809955361056,0.01890577175776072
4000,2091,0.156848173508231,0.017694038931643032,0.156848173508231,0.017691827038524618,1.7763568394002505e-15,0.008719652740580848,0.1551848593935899,0.01751902249085462,0.1551848593935899,0.01751683247615879,8.881784197001252e-16,0.007338919436159593,0.1553963175256453,0.017622858632961754,0.1551508787095216,0.017528290219645578,0.1553744855860265,0.0177158915298496,0.01771975721107852
4000,2092,0.18297308032365456,0.018509684720259458,0.18297308032365456,0.018507370865044434,1.7763568394002505e-15,0.015466685929167105,0.18311827823734605,0.018398380572067417,0.18311827823734605,0.01839608063074059,1.7763568394002505e-15,0.01651784667707835,0.18392350665057355,0.01864996666920871,0.18311940000622878,0.018413079114388126,0.18295698768973168,0.01849869171516412,0.018507506275037625
4000,2093,0.16164663775347304,0.018128457423044638,0.16164663775347304,0.01812619122422048,1.7763568394002505e-15,0.0057276797149199725,0.16044603472466745,0.018004769158142125,0.16044603472466745,0.01800251842131751,1.7763568394002505e-15,0.004487160990692407,0.15948110417475453,0.01809956241176289,0.16044977628564389,0.018019959930251257,0.16113405000636788,0.017894250138359158,0.017966572020353386
4000,2094,0.1953997153837016,0.017794144383300747,0.1953997153837016,0.017791919976218703,8.881784197001252e-16,0.013906374028821387,0.19519575428830838,0.017742882140630262,0.19519575428830838,0.01774066414172909,8.881784197001252e-16,0.011867472005292798,0.19426742391173646,0.01782458930479986,0.19513783416305752,0.017747429566350375,0.19567279034869456,0.018126089267184613,0.018137754111564888
4000,2095,0.18683729185659825,0.019993714166923245,0.18683729185659825,0.01999121479643196,7.105427357601002e-15,0.0023744791002885414,0.18842744435025827,0.020259615474625185,0.18842744435025827,0.02025708286439282,8.881784197001252e-16,0.0030548101576765674,0.18911838109926615,0.020804006799398093,0.18852971249332062,0.020313200420850656,0.18999545656123284,0.020641963426551408,0.02050660043139304
4000,2096,0.18843033146311688,0.01762517337373764,0.18843033146311688,0.017622970089352038,8.881784197001252e-16,0.013306171271780349,0.18805537309547865,0.017532558061401356,0.18805537309547865,0.017530366354653448,8.881784197001252e-16,0.011448536705477009,0.18754920821596327,0.017674052649833422,0.18805961881846578,0.017542702893294872,0.1868883590303086,0.018265585539517418,0.018264608937611667
4000,2097,0.18940529314200633,0.018088286905322548,0.18940529314200633,0.018086025728126977,8.881784197001252e-16,0.0068335800066683106,0.1886478689293672,0.01796398947517734,0.1886478689293672,0.01796174383613173,8.881784197001252e-16,0.008497483227603365,0.1883487786638392,0.018085304414164175,0.18861561357022294,0.01797623018193999,0.19004518992277852,0.017721188500233014,0.017727617103535282
4000,2098,0.1631085068717923,0.018033106219200297,0.1631085068717923,0.01803085194002164,1.7763568394002505e-15,0.008851520444597001,0.16301337982644382,0.01788262323820872,0.16301337982644382,0.01788038777057848,8.881784197001252e-16,0.007425665938257142,0.16309467210295547,0.0179875158662507,0.16301032518315317,0.017895406434266566,0.16407168329903737,0.01826543208687688,0.0183579281814328
4000,2099,0.1845646273697743,0.019233369062551738,0.1845646273697743,0.019230964741139438,1.7763568394002505e-15,0.0066734988618604215,0.18377098467018027,0.019018350307204286,0.18377098467018027,0.019015972864816447,8.881784197001252e-16,0.006054233462292218,0.18333498882200072,0.019098487689295243,0.1837693704956605,0.019045861937265103,0.17778025338215897,0.01811727798972858,0.018160046218648782
4000,2100,0.21403451988299088,0.01858750195764896,0.21403451988299088,0.018585178374671243,1.7763568394002505e-15,0.009591853317650986,0.21444573455817278,0.018496944524752337,0.21444573455817278,0.018494632262161297,1.7763568394002505e-15,0.010910620434270758,0.21432821702995436,0.01861344428048595,0.21450076489381442,0.018511352759963084,0.21364607000494007,0.01809852838193932,0.018016999234984146
4000,2101,0.18525495777593154,0.019349546984349045,0.18525495777593154,0.01934712813978877,3.552713678800501e-15,0.007289609465867653,0.1847064513332361,0.019068380058049415,0.1847064513332361,0.019065996361551818,1.7763568394002505e-15,0.007640857788080908,0.1855332255119529,0.019368012924003582,0.18474196402670384,0.01909935389001282,0.18410573709256056,0.018845000136294168,0.01885446779419377
4000,2102,0.21325342232045358,0.018511166121033738,0.21325342232045358,0.018508852080632042,1.7763568394002505e-15,0.010685804528436406,0.21251755169532477,0.018412526021812762,0.21251755169532477,0.018410224312194193,1.7763568394002505e-15,0.010458539160339102,0.21301780363283918,0.01848173270946643,0.21251806417558478,0.018427237221627094,0.21428785294180652,0.01885823373399398,0.018965556118784813
4000,2103,0.18593780639561724,0.01770230051291341,0.18593780639561724,0.017700087587032783,1.7763568394002505e-15,0.004196105027539767,0.18693346196639737,0.017650055761280925,0.18693346196639737,0.017647849366402464,8.881784197001252e-16,0.0045169940394514975,0.18847053012474474,0.01775155459849862,0.18689532786314472,0.017656520097185057,0.18665915923348025,0.01775490082173625,0.01774852443659322
4000,2104,0.18369495527358504,0.018141517744049124,0.18369495527358504,0.01813924991258279,8.881784197001252e-16,0.009902193813841758,0.1842728789436308,0.018096972160354007,0.1842728789436308,0.018094709897433694,1.7763568394002505e-15,0.00908255159716564,0.18538809286910124,0.018154209753242674,0.18421014973597333,0.01811346561178974,0.18474599493563704,0.01813191181288938,0.01813199988273411
4000,2105,0.2163488059623193,0.0183265000654642,0.2163488059623193,0.018324209109762332,8.881784197001252e-16,0.009867101506448133,0.2181267253551234,0.01826481806929421,0.2181267253551234,0.018262534824323818,8.881784197001252e-16,0.011608743542307506,0.21772378067774106,0.018419569032952932,0.21813388307025033,0.018276913252944338,0.2189053518277787,0.01828412463704736,0.018165545055810965
4000,2106,0.18713874528636404,0.018096977004535792,0.18713874528636404,0.018094714741009918,1.7763568394002505e-15,0.01073057619490998,0.1869531639218262,0.017992429550685227,0.1869531639218262,0.01799018035640796,1.7763568394002505e-15,0.011864161932890525,0.1867397020704747,0.01818187422703795,0.18690500562157736,0.018001757691340187,0.18737820415251183,0.018101565646831366,0.018094451810877977
4000,2107,0.19434367172133032,0.018019664811472807,0.19434367172133032,0.01801741221257514,1.7763568394002505e-15,0.009214253081792228,0.19442366898497782,0.017944556208247954,0.19442366898497782,0.017942312998512552,1.7763568394002505e-15,0.009205580300279627,0.19415867622881522,0.018050175433286964,0.19441252052642227,0.017952840185018294,0.1940284561822076,0.017747491029994383,0.017812930475729623
4000,2108,0.19175576343561795,0.018289252324234305,0.19175576343561795,0.01828696602479113,8.881784197001252e-16,0.012057895973893876,0.19125842920801234,0.018188201771961933,0.19125842920801234,0.01818592810462735,1.7763568394002505e-15,0.01268699303443636,0.1918735852548178,0.018336328193759646,0.1912541313248971,0.01820184100448027,0.19130749779656142,0.018655449396445496,0.01867923651075808
4000,2109,0.1871021508752797,0.02250809915041581,0.1871021508752797,0.022505285462155494,7.105427357601002e-15,0.014911357964137,0.18776641860986887,0.02208706408217629,0.18776641860986887,0.02208430302658926,8.881784197001252e-16,0.015495680407405387,0.18957058114036468,0.023118189827988793,0.18789577683209052,0.02219389808255016,0.19017639495289995,0.024106189348877524,0.023415664743710714
4000,2110,0.16000619744863848,0.018333086884982207,0.16000619744863848,0.018330795105876437,8.881784197001252e-16,0.007246870650044782,0.1595961489854143,0.01820682674222034,0.1595961489854143,0.018204550746618944,1.7763568394002505e-15,0.008376082418174146,0.15942919056192584,0.01833461577586028,0.15949342827760005,0.01822192878829981,0.159239840830477,0.017559421056528406,0.017605942385701963
4000,2111,0.19936681717287097,0.018741359256518837,0.19936681717287097,0.018739016440176597,8.881784197001252e-16,0.007600249501630448,0.1999232063896869,0.018577141462536587,0.1999232063896869,0.018574819174701707,8.881784197001252e-16,0.007615475079105242,0.19963168093008077,0.01862546235360489,0.199899312260315,0.018601058006256603,0.2006738105299426,0.017817797127712465,0.017836901466694935
4000,2112,0.19731483917634945,0.017776934843861284,0.19731483917634945,0.017774712588106135,8.881784197001252e-16,0.013329751969682762,0.1963245600650424,0.01767456807954408,0.1963245600650424,0.01767235862043431,8.881784197001252e-16,0.01240236544252274,0.1967035326593254,0.0177219523230714,0.196249778188822,0.017679193960364152,0.19682684048440602,0.017564380812242604,0.017566473248530983
4000,2113,0.20752243255596298,0.01798388590048833,0.20752243255596298,0.017981637774234095,1.7763568394002505e-15,0.006116068289070061,0.20881550513466252,0.017978994751497702,0.20881550513466252,0.01797674723667531,1.7763568394002505e-15,0.005933980586346404,0.20929507902385813,0.01810660486281942,0.2088459102698354,0.017991747983981954,0.2085797471475037,0.018936897237148784,0.01894229386825808
4000,2114,0.1595800342663118,0.018609588816622696,0.1595800342663118,0.01860726247261503,8.881784197001252e-16,0.004287705145788841,0.16119644299017993,0.0184961863120332,0.16119644299017993,0.018493874144224678,8.881784197001252e-16,0.0045041057236179976,0.1597716333332403,0.01870722113949832,0.1611863390931757,0.018510401791935825,0.1609772913463664,0.01798981586442097,0.018034070750992347
4000,2115,0.18423942988401726,0.01837261250528706,0.18423942988401726,0.01837031578516992,1.7763568394002505e-15,0.012813493469171496,0.18423700848487606,0.01824919037726719,0.18423700848487606,0.01824690908588041,1.7763568394002505e-15,0.015671988966011973,0.18378985562300515,0.018354857141904803,0.1842412622739229,0.01825893434379681,0.18409706492380484,0.017960433797079338,0.01797569114391108
4000,2116,0.16544888567566396,0.01823454070831139,0.16544888567566396,0.01823226124824769,1.7763568394002505e-15,0.011819850167694683,0.16520231307803146,0.018270585673402905,0.16520231307803146,0.018268301707436933,3.552713678800501e-15,0.011163780430391247,0.16589427542761054,0.018392708469526425,0.16520921140652955,0.018291834222631947,0.16540663736935002,0.0184777519360161,0.01839681508403034
4000,2117,0.17802273971928306,0.018777161598127087,0.17802273971928306,0.018774814306212403,3.552713678800501e-15,0.022431313386183583,0.17811377688196217,0.018704275009071177,0.17811377688196217,0.018701936828549624,3.552713678800501e-15,0.023172125949754107,0.1785364481155649,0.0189505231076016,0.17813258306646584,0.01872371635617149,0.17844507483211214,0.018748285255046956,0.018714009896997074
4000,2118,0.16019339519561465,0.01792268170974093,0.16019339519561465,0.017920441234488754,8.881784197001252e-16,0.006529538118555628,0.16010234083122987,0.017843677166482688,0.16010234083122987,0.017841446567415722,1.7763568394002505e-15,0.006850275407807888,0.15998657107926734,0.017995296970919287,0.16008211756527507,0.017852491395012767,0.15977420338642462,0.018028991721937934,0.018067364184872103
4000,2119,0.1784036787839839,0.01796643513437302,0.1784036787839839,0.017964189189600903,8.881784197001252e-16,0.009785896569815156,0.1793851056946259,0.017790270974154847,0.1793851056946259,0.01778804705127921,1.7763568394002505e-15,0.011963196608264027,0.1786472180677332,0.017924397919310178,0.1793235989695673,0.017795899816093037,0.17754314175565167,0.01819743509687479,0.018230078354083815
4000,2120,0.22902497145505307,0.018298802082900915,0.22902497145505307,0.01829651458966329,1.7763568394002505e-15,0.010530024641713332,0.22947118313674786,0.0182371141081911,0.22947118313674786,0.01823483432643231,1.7763568394002505e-15,0.010535976551062582,0.22995974167558758,0.018377192084852396,0.22951061286999425,0.018262392789068285,0.2293147663763227,0.018474320314524152,0.018547308902096365
4000,2121,0.20042069812094554,0.018468382042786342,0.20042069812094554,0.01846607335072872,1.7763568394002505e-15,0.015818473460183093,0.20021569192979682,0.01832447024778845,0.20021569192979682,0.018322179545829653,1.7763568394002505e-15,0.01827440636510839,0.19907819600921778,0.018445888690035078,0.2002496617413641,0.01834395636126844,0.20016532356427386,0.018748748030861222,0.018748991784062096
4000,2122,0.21103599936948642,0.018453941358860405,0.21103599936948642,0.01845163447200111,1.7763568394002505e-15,0.0225797781274259,0.2097971388955876,0.01826417524772938,0.2097971388955876,0.018261892083116706,1.7763568394002505e-15,0.02577696531932456,0.20958141553707504,0.01844769639099921,0.20977760492517494,0.018280961094957412,0.20956549326020735,0.018623627502710995,0.01862880869047757
4000,2123,0.18277490394634188,0.018290473491743335,0.18277490394634188,0.018288187039644677,3.552713678800501e-15,0.010695976080546189,0.18468671827654104,0.01790634447561135,0.18468671827654104,0.01790410604264109,1.7763568394002505e-15,0.015172359468985812,0.18443593753620846,0.01799468390549439,0.18469558859448493,0.017921060938043035,0.18402338102468124,0.018314857349937607,0.01826101072863891
4000,2124,0.18881139817427084,0.017941299383586122,0.18881139817427084,0.01793905658097925,1.7763568394002505e-15,0.005993392769277877,0.18904917405325344,0.01783675002349528,0.18904917405325344,0.017834520290375314,8.881784197001252e-16,0.006999410108118039,0.1881274041757574,0.017922161573563813,0.18898254561109207,0.01784254713990182,0.1880090057620919,0.017728620946032746,0.017734032827040766
4000,2125,0.18919979003218962,0.019151840989702188,0.18919979003218962,0.019149446859936012,1.7763568394002505e-15,0.009770572426032206,0.18947168362754563,0.018937965722219827,0.18947168362754563,0.018935598328533195,1.7763568394002505e-15,0.01073906366898273,0.18872673001266443,0.019060850715092177,0.18948236576443744,0.018949675327655204,0.19040300643323266,0.018487425019504556,0.018476064163190725
4000,2126,0.20963726460942617,0.018238634753776732,0.20963726460942617,0.018236354781925364,8.881784197001252e-16,0.008536504462045584,0.20898909848474784,0.018139658090416486,0.20898909848474784,0.018137390491421386,1.7763568394002505e-15,0.008153225537265753,0.20892628182215134,0.01821868175152828,0.20892533900370597,0.018149366670017708,0.2105406748895154,0.01776913891451835,0.01768976096524205
4000,2127,0.15894740272039198,0.0182021083101944,0.15894740272039198,0.018199832904433874,8.881784197001252e-16,0.011098053864937977,0.15863161667112347,0.01801245773238418,0.15863161667112347,0.01801020603442771,8.881784197001252e-16,0.009576997981734265,0.15686704371036503,0.018148107964917053,0.15858647114452812,0.01802646309323546,0.16044508853020162,0.017808671612228075,0.017882913620403052
4000,2128,0.1921040487162347,0.01905554269533891,0.1921040487162347,0.019053160603611948,1.7763568394002505e-15,0.02289214195729387,0.19194457067236098,0.018837692519631244,0.19194457067236098,0.01883533766087842,8.881784197001252e-16,0.02337027634707639,0.19299536185142374,0.019211024291786543,0.19200403534890736,0.018848381060904845,0.1933156106706464,0.019406886385425075,0.019420641866531963
4000,2129,0.14544168864891271,0.01775738954973913,0.14544168864891271,0.017755169737298467,8.881784197001252e-16,0.015082939887649676,0.14637107307647645,0.017663957395039048,0.14637107307647645,0.01766174926234775,8.881784197001252e-16,0.014929623115706303,0.14619028589809857,0.01781943621874253,0.14635403295966143,0.01766959383060559,0.14628748809472425,0.018230600803465752,0.018313086056269964
4000,2130,0.16437430823442056,0.018635076277504624,0.16437430823442056,0.0186327467473652,8.881784197001252e-16,0.013795144253005414,0.16404012998531575,0.018561472911642556,0.16404012998531575,0.018559152582498965,1.7763568394002505e-15,0.014776992925006284,0.1632653645796437,0.018678039086678557,0.1640688883123877,0.018581836063340244,0.16325631369728316,0.01776223699754544,0.017764649976908235
4000,2131,0.18295470775406303,0.01798153154046367,0.18295470775406303,0.017979283708522836,8.881784197001252e-16,0.012677699225992042,0.18255209216125223,0.017898208010719084,0.18255209216125223,0.017895970594870515,1.7763568394002505e-15,0.012628679555918627,0.18083336853292614,0.017959954405308284,0.1825240493191433,0.017907266742047054,0.1814160482238677,0.018432644635275646,0.01846095892873256
4000,2132,0.19950646091970636,0.019158945691610505,0.19950646091970636,0.01915655067370108,8.881784197001252e-16,0.009998752261602819,0.1996970481987264,0.01916860694065955,0.1996970481987264,0.019166210715018506,3.552713678800501e-15,0.010384046781280616,0.20105372244550068,0.019729160484661206,0.19972653899837,0.01919574246649442,0.19915596672288743,0.019043931788539536,0.019047352756490058
4000,2133,0.1715808824466547,0.01831059884736351,0.1715808824466547,0.018308309879438153,8.881784197001252e-16,0.009624137317947784,0.17166822312662,0.018256284776176277,0.17166822312662,0.0182540025979342,8.881784197001252e-16,0.009109449934785182,0.17091770044549331,0.018371509968173282,0.17167304979435488,0.018268147218033753,0.17236589079325731,0.017856312024471757,0.017954327071032908
4000,2134,0.18639785703064699,0.0174184547728708,0.18639785703064699,0.0174162773299255,8.881784197001252e-16,0.007764909096375087,0.1869323552838062,0.01737614361148155,0.1869323552838062,0.01737397145776202,1.7763568394002505e-15,0.008509898383448681,0.18856573687584977,0.017490381949387488,0.18691558120428375,0.017382449470516852,0.18547271894958045,0.01777767306079393,0.017847399635648457
4000,2135,0.1947738545690434,0.018889262898863945,0.1947738545690434,0.018886901593410773,1.7763568394002505e-15,0.0054814153874904155,0.19484118808639633,0.018775243624933,0.19484118808639633,0.018772896572779953,8.881784197001252e-16,0.005986356619150894,0.1946370639962311,0.019049080190570385,0.19485730019316266,0.018792236827536307,0.19502546562783107,0.01815985954815704,0.01814719950814177
4000,2136,0.1959997723625353,0.0179280262924092,0.1959997723625353,0.017925785149042438,1.7763568394002505e-15,0.008500739329367743,0.19591344664391286,0.017882180556019853,0.19591344664391286,0.017879945143728346,8.881784197001252e-16,0.008303728474934127,0.197589247988473,0.01801675428621885,0.19585212275049357,0.017885626650712777,0.19615936370096493,0.01787992904861172,0.01787851383830871
4000,2137,0.2053140883778829,0.018648137075802724,0.2053140883778829,0.018645805912961465,1.7763568394002505e-15,0.013742702763113483,0.20437085527662308,0.018482457975770836,0.20437085527662308,0.01848014752411161,1.7763568394002505e-15,0.01298714436142549,0.2031762634414918,0.01870504015914825,0.20440466941505403,0.018490782534155658,0.20192251742289652,0.01931106582476847,0.018859926009715373
4000,2138,0.16680367952637704,0.018479954428765794,0.16680367952637704,0.018477644290069505,3.552713678800501e-15,0.004131690008852379,0.16698028122865222,0.01845074635077155,0.16698028122865222,0.01844843986331323,8.881784197001252e-16,0.004475630763816225,0.16755914081386453,0.018487812720391822,0.1669665820056408,0.018463683534774785,0.16631359224185793,0.018421385584323515,0.018419353786166694
4000,2139,0.1812149110683981,0.018174524397792876,0.1812149110683981,0.01817225244023693,8.881784197001252e-16,0.015064090527880596,0.18009614762552467,0.017917568020082746,0.18009614762552467,0.017915328184081737,8.881784197001252e-16,0.013451063352916492,0.1789792831258583,0.01798191621087652,0.18006269176469358,0.01792607840544525,0.1809203166865439,0.017837591076024683,0.017843521887910555
4000,2140,0.20111232206029556,0.018315993393601755,0.20111232206029556,0.018313703751315965,1.7763568394002505e-15,0.010647423642628391,0.20031826153563587,0.01823023831508807,0.20031826153563587,0.01822795939285714,8.881784197001252e-16,0.009600065984867427,0.20096230901358986,0.018315490004296133,0.2003183760781932,0.01825191514341669,0.1996913624747107,0.018645252197258662,0.018683000254105003
4000,2141,0.2096659529754622,0.018665070083229138,0.2096659529754622,0.018662736803629648,1.7763568394002505e-15,0.005348692765205666,0.20950917601424446,0.018591731879182647,0.20950917601424446,0.01858940776743169,1.7763568394002505e-15,0.0058178105588229286,0.2096975780928913,0.01868258144137675,0.20947938628662066,0.018611618806038288,0.2083853836105436,0.018319940793118477,0.018366146089671107
4000,2142,0.16012217353747182,0.017920079775533945,0.16012217353747182,0.01791783962554388,8.881784197001252e-16,0.01148757704921365,0.15822839391284832,0.017774467420385458,0.15822839391284832,0.01777224547307752,1.7763568394002505e-15,0.010921158544347028,0.15815302168267942,0.017870277534160137,0.1581992806128038,0.01778212532537665,0.15812658690661513,0.01753526998751393,0.017707453973537835
4000,2143,0.16319556878110586,0.018079260613493565,0.16319556878110586,0.018077000564655,8.881784197001252e-16,0.012268892350278351,0.16416752142247304,0.017999992141913182,0.16416752142247304,0.017997742002252924,8.881784197001252e-16,0.012244891577512377,0.16458609088978965,0.018073310917900865,0.16411950755925236,0.01801326664303989,0.1641904348008818,0.018098231764013824,0.018130004813776867
4000,2144,0.20133544117506735,0.0188767998502233,0.20133544117506735,0.018874440102748587,3.552713678800501e-15,0.012854572143351886,0.2004549727859124,0.01879985999980388,0.2004549727859124,0.01879750987041164,8.881784197001252e-16,0.013678727276538781,0.20255736681332936,0.01916158000469782,0.20047779016262424,0.0188256887007487,0.20141750667674047,0.02061035742955077,0.020643095321807216
4000,2145,0.19521653961524,0.01800843247723098,0.19521653961524,0.018006181282462858,8.881784197001252e-16,0.011304152294445452,0.1949127562256202,0.0179372890394395,0.1949127562256202,0.01793504673815698,1.7763568394002505e-15,0.011289240361059279,0.19571943238609224,0.01804145510284578,0.19485470481811995,0.01795680131133856,0.19460730025733874,0.017999673379306094,0.017995082284843145
4000,2146,0.20984466509912908,0.01777552742092882,0.20984466509912908,0.01777330534111253,1.7763568394002505e-15,0.00523012933921176,0.20909902085343168,0.017670170452006122,0.20909902085343168,0.01766796154263416,8.881784197001252e-16,0.004952017484607103,0.21062263330966907,0.01776353799646739,0.20905502315364133,0.01767596334495775,0.20934545433371776,0.017760165598978108,0.017748828286962448
4000,2147,0.17038674010164667,0.017704219186888744,0.17038674010164667,0.01770200602115888,8.881784197001252e-16,0.007142929142282596,0.17066986017479457,0.017640014284357255,0.17066986017479457,0.017637809144741876,1.7763568394002505e-15,0.0072238800951258415,0.16986424857416693,0.017756173985961944,0.17064106384737637,0.01764722771343572,0.17051128350950634,0.017777981312907764,0.01777909625035453
4000,2148,0.17062605856093682,0.017656193313845835,0.17062605856093682,0.01765398615172535,1.7763568394002505e-15,0.005003504484086667,0.17110719476270436,0.01755456629625578,0.17110719476270436,0.017552371838306553,8.881784197001252e-16,0.0051486116224027136,0.17143959836047862,0.017658738172779857,0.17106813178131058,0.01756125541037152,0.1724289171723306,0.01836706517992157,0.01836676829605825
4000,2149,0.20017822920616485,0.01777753273270663,0.20017822920616485,0.0177753104022107,8.881784197001252e-16,0.01630856822180376,0.20168043940073815,0.017685897161609513,0.20168043940073815,0.01768368628627597,8.881784197001252e-16,0.015056251282533774,0.20132805083797756,0.017783894792130696,0.2016850182535962,0.017696941669366775,0.20336583109483886,0.017981080758233934,0.017974253763545812
4000,2150,0.18627243612223532,0.018018873767695412,0.18627243612223532,0.0180166212676844,8.881784197001252e-16,0.012594663849236987,0.1856662816254392,0.01791002899290101,0.1856662816254392,0.017907790099337302,8.881784197001252e-16,0.011778189928064679,0.18730682411838978,0.018058853210018277,0.1856179168219375,0.017923232890743553,0.1841593395405025,0.018044931247165143,0.01803596720432908
4000,2151,0.1685384709736351,0.01755208072793408,0.1685384709736351,0.01754988658070031,1.7763568394002505e-15,0.017718283170122782,0.17107887969008134,0.017459257633297098,0.17107887969008134,0.017457075089675433,8.881784197001252e-16,0.01952819245251493,0.17409464335546032,0.017660153505538866,0.17104686911784128,0.017467222884687342,0.17184406900325633,0.017562943710115995,0.01759463183759805
4000,2152,0.18236972707034954,0.01803088455009073,0.18236972707034954,0.018028630548638073,8.881784197001252e-16,0.01014999856348361,0.18278145663621592,0.01798380733364154,0.18278145663621592,0.017981559217208773,8.881784197001252e-16,0.009461336606784068,0.1835777608295338,0.018077411426278996,0.18274599630584948,0.01799283342409253,0.18187566192699517,0.017797963075767986,0.017814700660090506
4000,2153,0.18250121679829545,0.017329494594486107,0.18250121679829545,0.017327328272258195,1.7763568394002505e-15,0.005933165225273234,0.18237330953107456,0.017259525301905512,0.18237330953107456,0.017257367726385878,1.7763568394002505e-15,0.006966426016047544,0.18101876068091144,0.017351364260253143,0.1823807694470847,0.0172729912316469,0.1818355422277037,0.017648464006303488,0.017718029300489983
4000,2154,0.2027040238803426,0.02377328743093257,0.2027040238803426,0.02377031558425168,7.105427357601002e-15,0.01280740936023891,0.2016197572825706,0.023812329152207674,0.2016197572825706,0.023809352425006567,7.105427357601002e-15,0.01296869309635072,0.20247239578565784,0.024390284685707753,0.20180619058507893,0.023992891082464562,0.20010077538656185,0.022158907166982208,0.023417516002053516
4000,2155,0.2138140007326132,0.018149649100903626,0.2138140007326132,0.018147380252954155,8.881784197001252e-16,0.010636418054897984,0.21376638559081274,0.018039846296536,0.21376638559081274,0.018037591174795014,8.881784197001252e-16,0.010491499890708137,0.2118475468759709,0.018200719547083247,0.21372471109969526,0.018051407580384465,0.21379604359701243,0.01828466487013977,0.018280428317086005
4000,2156,0.20785808138552986,0.01805890138260963,0.20785808138552986,0.018056643878833996,8.881784197001252e-16,0.012187325426627156,0.20703023073112414,0.018004320671851086,0.20703023073112414,0.018002069991090764,8.881784197001252e-16,0.01240169713188865,0.20735089423600955,0.018118101649609652,0.20699939673184686,0.018011522077042517,0.20767460514921943,0.018310629188375924,0.018249891685320936
4000,2157,0.17454943681479435,0.018141135207815667,0.17454943681479435,0.01813886742416935,1.7763568394002505e-15,0.013553038903970362,0.1748188061970367,0.018001438958390112,0.1748188061970367,0.017999188637866488,1.7763568394002505e-15,0.015030748979848307,0.17460951883261894,0.018112097980844576,0.1747777457938327,0.018014268052457115,0.1761923635274385,0.017485420944925025,0.01757479910430098
4000,2158,0.1975603086633158,0.020188404450124823,0.1975603086633158,0.02018588074182693,7.105427357601002e-15,0.012401366628247932,0.1948040565799795,0.019722226790333638,0.1948040565799795,0.019719761357885685,8.881784197001252e-16,0.012346048100910978,0.19378629677090747,0.019850220573502976,0.19482221401799482,0.019773192671498685,0.19521966134892343,0.018474394098947116,0.018705593857152387
4000,2159,0.19079291420060485,0.017957870082722673,0.19079291420060485,0.017955625208648938,1.7763568394002505e-15,0.013743908037142384,0.19087760502590617,0.01788599297719125,0.19087760502590617,0.017883757088317315,1.7763568394002505e-15,0.016680784089322376,0.19221110868951863,0.018012828748711577,0.1908812981878154,0.01789875235691975,0.19105985791676744,0.018406521609157324,0.018408530708227056
4000,2160,0.1813221905419053,0.017569538945685314,0.1813221905419053,0.017567342616037922,8.881784197001252e-16,0.010949311269577692,0.18052534119674235,0.01751412526166666,0.18052534119674235,0.017511935859162737,8.881784197001252e-16,0.013194535472849255,0.18031811002722825,0.01758670451409291,0.18049273933112703,0.01751515151249867,0.18148484328040104,0.0181351574031406,0.01811737686890798
4000,2161,0.2096993278488356,0.018520221797902633,0.2096993278488356,0.018517906625470575,1.7763568394002505e-15,0.014719757100538466,0.20920545481737268,0.018332504723873426,0.20920545481737268,0.01833021301754234,8.881784197001252e-16,0.01568105945225023,0.20754332749574866,0.018434579037596602,0.20916781410230706,0.018353556310269276,0.20894647654703735,0.017814373694504098,0.01781966494606478
4000,2162,0.19409522278066232,0.01811339581038864,0.19409522278066232,0.01811113149438374,8.881784197001252e-16,0.012847174254825929,0.19426488152618454,0.018003374947301202,0.19426488152618454,0.01800112438476384,8.881784197001252e-16,0.014073126198103709,0.19376712171502414,0.018129154831793965,0.19428709766834162,0.01801518201872546,0.19368050229941347,0.01905345133072879,0.019066608340361915
4000,2163,0.16906022875350724,0.018257164261752157,0.16906022875350724,0.018254881973567512,1.7763568394002505e-15,0.010568530688113352,0.16852681976009015,0.018142010638879557,0.16852681976009015,0.018139742745797518,1.7763568394002505e-15,0.010809727650604293,0.16930659041771734,0.0183078437510211,0.16851416822373505,0.018154254271461945,0.16715604536192952,0.017776470341592784,0.017781759739179104
4000,2164,0.18937727037871604,0.017908134351498524,0.18937727037871604,0.017905895694779794,8.881784197001252e-16,0.012092966664329114,0.1898204075691,0.017785492988341867,0.1898204075691,0.01778326966275179,1.7763568394002505e-15,0.01052837422042233,0.1907602354269941,0.017899049361753162,0.18978073224894876,0.017795543055118934,0.1905542876547947,0.017477026011970632,0.017480873470052036
4000,2165,0.1557610209366464,0.01861793169708264,0.1557610209366464,0.01861560431014973,8.881784197001252e-16,0.011504275409442103,0.15640589269556748,0.018678785085026985,0.15640589269556748,0.018676450090945103,8.881784197001252e-16,0.011167198665201182,0.15660648723319814,0.018857277900673482,0.15638250945757315,0.018704167511812565,0.15535876754665967,0.019227307713898932,0.019004165459068526
4000,2166,0.19772586052426733,0.019023286396151425,0.19772586052426733,0.0190209083367139,3.552713678800501e-15,0.006040928652310525,0.19764781499888406,0.018816361774353557,0.19764781499888406,0.018814009582110557,8.881784197001252e-16,0.00560420981604723,0.19708424144193248,0.01889150455095565,0.197702091108651,0.018818343704414233,0.2002736832961528,0.018582709595698545,0.018443212635376814
4000,2167,0.1833692275440016,0.017692803577756475,0.1833692275440016,0.017690591839066946,8.881784197001252e-16,0.009894856171452639,0.18391168292632898,0.017605379625840425,0.18391168292632898,0.01760317881582797,1.7763568394002505e-15,0.009436057823006433,0.18300295566021507,0.017735069863677913,0.1839005433551863,0.0176104129216684,0.18164939301111344,0.01822047004216311,0.018197312370233604
4000,2168,0.2053107955254317,0.018955029361523445,0.2053107955254317,0.018952659834748576,1.7763568394002505e-15,0.011239936750545859,0.2063739407340437,0.018820085415124508,0.2063739407340437,0.01881773275739732,1.7763568394002505e-15,0.012373545590330326,0.2051410344988478,0.018959288099330732,0.2064085819293221,0.018845795355818214,0.20664051313388243,0.019418190740402536,0.019528769955955302
4000,2169,0.19852813588738877,0.018165056758204793,0.19852813588738877,0.01816278598417777,1.7763568394002505e-15,0.006911503451816988,0.19790659107652003,0.017992847857059083,0.19790659107652003,0.017990598610490252,1.7763568394002505e-15,0.007776744113093111,0.19904332454438423,0.01812669477946943,0.19787514690858177,0.018007848161490005,0.19763445444466915,0.017912365881471708,0.017924964877732177
4000,2170,0.17257815058959752,0.018166230421707882,0.17257815058959752,0.018163959500963753,1.7763568394002505e-15,0.014067387402160366,0.1721458121921769,0.018050316829449083,0.1721458121921769,0.018048060398809677,8.881784197001252e-16,0.014220875160948403,0.17176175961473283,0.018165137444567638,0.17213467296779006,0.018065154823420394,0.17266899870653518,0.018009928265607655,0.01806824416410278
4000,2171,0.15830097152389022,0.018296796934601494,0.15830097152389022,0.018294509692023075,1.7763568394002505e-15,0.009978835660736655,0.15738337736836788,0.01826333238936545,0.15738337736836788,0.018261049330116654,8.881784197001252e-16,0.009019501791571898,0.15776382302198516,0.01832298617853388,0.15738231634229605,0.018272479214925925,0.15533343391806848,0.018111035260099204,0.01809495519759531
4000,2172,0.1626283548346419,0.018173885511981354,0.1626283548346419,0.018171613634291126,8.881784197001252e-16,0.0043073774301480225,0.16438567774269808,0.018093316583187493,0.16438567774269808,0.018091054777242887,1.7763568394002505e-15,0.004427010421890142,0.16423886936908233,0.01826321301562689,0.16432462899900124,0.018103138146880457,0.16675323576680035,0.017226250254821412,0.017262812271119102
4000,2173,0.22222704513578018,0.019540213301076186,0.22222704513578018,0.01953777062173655,1.7763568394002505e-15,0.006809740784389419,0.22067686133999798,0.019063137286683497,0.22067686133999798,0.019060754245573287,1.7763568394002505e-15,0.006814306103462041,0.22212118970228567,0.019364744050495993,0.22072165334605254,0.019100664729407295,0.22067772565696908,0.01800894697521228,0.01810026534472265
4000,2174,0.1724697407163998,0.01876602935099757,0.1724697407163998,0.018763683450700765,8.881784197001252e-16,0.008827035562803178,0.17184567187639377,0.018689390216949302,0.17184567187639377,0.018687053897143067,1.7763568394002505e-15,0.008601960873213212,0.1718860206632583,0.018839033136698425,0.1718414173002893,0.018704833763162322,0.17252339393717814,0.018343751181453184,0.018332678071707065
4000,2175,0.18453639262464594,0.018665355702807928,0.18453639262464594,0.01866302238750376,1.7763568394002505e-15,0.01435957493804908,0.18507885011674308,0.01855103895871074,0.18507885011674308,0.01854871993389279,3.552713678800501e-15,0.014056212237348504,0.184052024052761,0.01867234157396386,0.1851033784963642,0.018564895358304356,0.18600566464549118,0.01852701492171656,0.018508630461205603
4000,2176,0.17248721926490612,0.01817229188157833,0.17248721926490612,0.018170020203104358,3.552713678800501e-15,0.006689282044908729,0.17182929746905073,0.018023601305189513,0.17182929746905073,0.018021348214199373,8.881784197001252e-16,0.006838591519457594,0.1716759991268264,0.018132546348248832,0.17179085250606563,0.018039452023346617,0.17168151047549524,0.018176496544771607,0.01818478155495598
4000,2177,0.18828267505413449,0.018147224284833098,0.18828267505413449,0.01814495574000458,1.7763568394002505e-15,0.014402485237512815,0.18676907618760547,0.01804986421311892,0.18676907618760547,0.01804760783906009,8.881784197001252e-16,0.01316409711215354,0.18537813565476252,0.018204282018001484,0.18676576416951657,0.01806066602050271,0.18536388416146626,0.01823882919217093,0.01809220394105657
4000,2178,0.19983557240341437,0.02005872286136894,0.19983557240341437,0.020056215364282905,8.881784197001252e-16,0.009084421022542758,0.2003578903160364,0.020131687664556957,0.2003578903160364,0.020129171046300413,1.7763568394002505e-15,0.01069927801358579,0.20278553600390303,0.021070060563640025,0.20044258715114643,0.020176172122101984,0.2000765176953625,0.020544710108097962,0.020617771342975023
4000,2179,0.19478835125517913,0.018139775505757905,0.19478835125517913,0.01813750789208497,1.7763568394002505e-15,0.012840490633542825,0.19529094006577158,0.017986055906636867,0.19529094006577158,0.017983807509114907,1.3322676295501878e-15,0.012806024632365003,0.193516959209096,0.018066892339867864,0.1952725838659526,0.01799445974760878,0.19487411497262902,0.017954230907968372,0.0178502425914156
4000,2180,0.1553537518598545,0.01842118757784777,0.1553537518598545,0.01841888478546702,1.7763568394002505e-15,0.013701399445514562,0.15483051096001604,0.018277015737750396,0.15483051096001604,0.01827473096797614,8.881784197001252e-16,0.014479688231247423,0.15305952564625064,0.018368819614133277,0.15481448241922546,0.018291580171357787,0.15527081063747455,0.01798703302004469,0.018005321504288314
4000,2181,0.18450910199927045,0.017894783956577936,0.18450910199927045,0.017892546968762888,8.881784197001252e-16,0.02614284492388098,0.18441874832973137,0.017809805200612996,0.18441874832973137,0.01780757883580642,8.881784197001252e-16,0.026590269526966057,0.18510696130962495,0.017940460612141294,0.18442866810330094,0.01782059555110951,0.18363512415822547,0.01865769576633449,0.018536307409644095
4000,2182,0.18380353693760587,0.017938935815841116,0.18380353693760587,0.017936693308698678,8.881784197001252e-16,0.012187375413496609,0.1823789388787122,0.01781432653785801,0.1823789388787122,0.017812099607848957,1.7763568394002505e-15,0.012559936679722062,0.18336735085907974,0.01793166213454965,0.18232748264976784,0.017834029424375137,0.1822798974889107,0.01794403060649992,0.017945836486847774
4000,2183,0.1497033367403363,0.01818183908112706,0.1497033367403363,0.018179566209178544,1.7763568394002505e-15,0.006265866394937254,0.1504780251716809,0.01805195347503019,0.1504780251716809,0.018049696839797295,1.7763568394002505e-15,0.006188538105625055,0.1506808068125925,0.018203785273967973,0.15050622211007253,0.018059592676634147,0.15141090719279332,0.017549065463723864,0.017689260658589147
4000,2184,0.1943624773069102,0.018121319078147517,0.1943624773069102,0.018119053771672246,1.7763568394002505e-15,0.005192414036856899,0.19325028976536368,0.018056067837032026,0.19325028976536368,0.01805381068747173,8.881784197001252e-16,0.004760834093435133,0.19149211552483508,0.018104935242485284,0.19318828762512125,0.01807546381441314,0.19296906205751407,0.017726497723004955,0.017732904332690543
4000,2185,0.1833603327107648,0.01832512813004265,0.1833603327107648,0.018322837345843432,3.552713678800501e-15,0.02114315774370196,0.18316137541221922,0.018203359470590784,0.18316137541221922,0.018201083908425435,8.881784197001252e-16,0.020516869483208872,0.18082133173313658,0.01842333839763846,0.18316812837477547,0.018215126933327826,0.18186427547592876,0.018920560487129204,0.018911897765981303
4000,2186,0.19602142325690075,0.01820625799594877,0.19602142325690075,0.018203982071445104,8.881784197001252e-16,0.00777240850837576,0.1962882932342751,0.018117340204190955,0.1962882932342751,0.018115075395106015,8.881784197001252e-16,0.008721911380089096,0.19709618328851553,0.018199870205632226,0.19627408552983355,0.018130345407394024,0.19604610652589954,0.018304963542827207,0.018322435335456976
4000,2187,0.2098353640461571,0.01869759860444722,0.2098353640461571,0.018695261258528415,8.881784197001252e-16,0.011568871571114893,0.2109415398808226,0.018710368323504662,0.2109415398808226,0.018708029381271196,3.552713678800501e-15,0.009786829596126667,0.21116759778075656,0.018970725228728842,0.2109741452715363,0.018742081358227525,0.2118886209605712,0.018806677825133473,0.01927139815266961
4000,2188,0.20353461966601666,0.020752172413123424,0.20353461966601666,0.020749578229425168,1.7763568394002505e-15,0.011970086771342757,0.20370843226807644,0.02043157359745689,0.20370843226807644,0.020429019491115585,1.7763568394002505e-15,0.012332167987149652,0.20451389422480692,0.02067868180639667,0.20381415010769138,0.020508857859877057,0.2037123567959569,0.019203047337419954,0.020111120281147844
4000,2189,0.17516302918071547,0.017948940514168826,0.17516302918071547,0.01794669675636093,1.7763568394002505e-15,0.008364124825511337,0.1743168417205455,0.01783375118348195,0.1743168417205455,0.017831521825240414,1.7763568394002505e-15,0.009104124145360533,0.17267489628484428,0.017921436214812677,0.1743144352632049,0.017848856412040797,0.17479716212976937,0.018413002067182004,0.01840644030608776
4000,2190,0.21948910521142778,0.018127865179634117,0.21948910521142778,0.01812559905484501,1.7763568394002505e-15,0.012612959279881214,0.22041390435700592,0.01800006110751707,0.22041390435700592,0.01799781095923557,1.7763568394002505e-15,0.012229986964069111,0.21887288096824253,0.018061395095882053,0.220376511635275,0.018013788532381544,0.22114129478021227,0.017885450686059647,0.017793983708446127
4000,2191,0.17017893692589797,0.01847631975257153,0.17017893692589797,0.018474010068238164,1.7763568394002505e-15,0.005226574314203762,0.16993150972432186,0.018373141738710946,0.16993150972432186,0.018370844952435496,1.7763568394002505e-15,0.005519606790978335,0.16766905734185322,0.01849336618414331,0.16992702645494584,0.018387587252594206,0.17004069522303156,0.017854240875965512,0.017870017221735597
4000,2192,0.18147993462051,0.017486321984094135,0.18147993462051,0.017484136057217152,8.881784197001252e-16,0.016136889920470864,0.18191764281294548,0.01739853629963263,0.18191764281294548,0.017396361346652116,8.881784197001252e-16,0.013066254881543232,0.18144667563313377,0.01740627978853361,0.18185026209650917,0.017403488794054286,0.18153239805302107,0.017652014920446747,0.017657708449049687
4000,2193,0.18319164865670012,0.018076853376426068,0.18319164865670012,0.01807459362851094,1.7763568394002505e-15,0.008775332258128616,0.18298054747205383,0.01797788600030091,0.18298054747205383,0.01797563862408108,1.7763568394002505e-15,0.008255258013417801,0.18260331029048693,0.018055886801804453,0.18295953573587437,0.017986304757414646,0.182386037984048,0.01830318539974117,0.01831057425134934
4000,2194,0.18852765815851807,0.018478571156894098,0.18852765815851807,0.0184762611911176,8.881784197001252e-16,0.012613625527859194,0.18992992538680398,0.01833578752546541,0.18992992538680398,0.018333495408758473,8.881784197001252e-16,0.011985841096116228,0.1906631055373464,0.01842147216947589,0.18989289398543713,0.018348167043833307,0.19029066699433622,0.01820775204517201,0.018184983227303966
4000,2195,0.169426423459009,0.017932363786373067,0.169426423459009,0.01793012210078566,1.7763568394002505e-15,0.021988492327281547,0.16783270177867676,0.017749049782478495,0.16783270177867676,0.017746831012573894,8.881784197001252e-16,0.021884253027790526,0.16857910835931528,0.017824088611350427,0.1677794466381528,0.01775943479032446,0.1681414441424851,0.018186803713521504,0.018212802676505883
4000,2196,0.19312205778529545,0.01896975142063329,0.19312205778529545,0.018967380053486003,8.881784197001252e-16,0.008930303345814829,0.19192009024251916,0.01878757212613599,0.19192009024251916,0.018785223532823966,3.552713678800501e-15,0.008751336040677819,0.19154898923993552,0.01895316227882831,0.19196638048557663,0.01881029672638564,0.19228449378440154,0.018658321615489002,0.0186657653021879
4000,2197,0.18380534329440668,0.018199928430643192,0.18380534329440668,0.018197653297384646,1.7763568394002505e-15,0.010930212877750764,0.18234085004406836,0.018083427026403625,0.18234085004406836,0.01808116645673089,1.7763568394002505e-15,0.011205087940032294,0.18360101249253713,0.018233959571373352,0.18235260290021693,0.018098405443031228,0.18076776641095793,0.018326981452286964,0.018336009236166316
4000,2198,0.19398456069285713,0.01807681881585405,0.19398456069285713,0.01807455907225926,1.7763568394002505e-15,0.005457240077675543,0.1950186981275424,0.017989931925982174,0.1950186981275424,0.017987683043927512,8.881784197001252e-16,0.005456280200264436,0.19447606476196833,0.018093083632109038,0.19505187302552168,0.018009299606074444,0.19562973665488737,0.018306997181355793,0.018274443241427882
4000,2199,0.17429081338432306,0.01889994832226435,0.17429081338432306,0.018897585681049763,1.7763568394002505e-15,0.007722386195291366,0.1735134935770366,0.0187645008983332,0.1735134935770366,0.01876215518910492,1.7763568394002505e-15,0.00717032407915226,0.1728872146532019,0.01881040145890706,0.17349708691099602,0.018785051526516907,0.1732853617906464,0.018490169394123974,0.01845556508339955
4000,2200,0.200907077355229,0.0198243639584351,0.200907077355229,0.019821885758043088,3.552713678800501e-15,0.006612554640773441,0.20126047743136705,0.020057660845519052,0.20126047743136705,0.020055153481193293,8.881784197001252e-16,0.005485488437692357,0.2019859244277225,0.020408612223559882,0.2013641493909485,0.020110217015792242,0.20035046197444645,0.01967862566611152,0.019755763941250334
4000,2201,0.18565603369919725,0.018371343743924743,0.18565603369919725,0.018369047182412685,1.7763568394002505e-15,0.011692095649191431,0.1872045992204478,0.018308982285128384,0.1872045992204478,0.01830669351928594,1.7763568394002505e-15,0.012764989202025229,0.18765600540887062,0.01840454471998918,0.18718395162983475,0.018319836432877823,0.18592785766137437,0.018518506661150402,0.018522608504599507
4000,2202,0.16427984067513746,0.018713783600422206,0.16427984067513746,0.018711444231252438,3.552713678800501e-15,0.0031400355668330417,0.1651325546938523,0.018675216645512357,0.1651325546938523,0.018672882097513298,1.7763568394002505e-15,0.0030949562398568746,0.1666376627035498,0.018821259528961753,0.16510202044755334,0.018697141878457172,0.16612822249513975,0.018038764840434332,0.018043626501416134
4000,2203,0.18722203796205267,0.017807550822966936,0.18722203796205267,0.01780532473997518,8.881784197001252e-16,0.013034618507369184,0.18696161485408896,0.017668642238001412,0.18696161485408896,0.01766643351966814,1.7763568394002505e-15,0.013039052262688844,0.18674943336720246,0.017804633638857075,0.1869142084472053,0.0176795109841484,0.1848354473972934,0.018266234814575375,0.018277200028685693
4000,2204,0.1758817587734932,0.018109848245147584,0.1758817587734932,0.018107584372616062,8.881784197001252e-16,0.008375983974388948,0.1747270121194322,0.01791171495174925,0.1747270121194322,0.017909475847427515,8.881784197001252e-16,0.006944401716275414,0.17462990936394845,0.01807274038156444,0.17467469003675817,0.01792262116176919,0.1742468386199113,0.017541820927720785,0.017588709896497256
4000,2205,0.18453928421382643,0.017695204450002968,0.18453928421382643,0.01769299241118565,1.7763568394002505e-15,0.006432166491992926,0.1841049444884264,0.01759695130655114,0.1841049444884264,0.017594751550144453,8.881784197001252e-16,0.006567944548616923,0.18471814215703486,0.01769325778122054,0.1840401420303004,0.01760695432830589,0.18564146657880765,0.017670191163116248,0.017669666462598085
4000,2206,0.1586751151973177,0.018000017323882646,0.1586751151973177,0.017997767181074445,1.7763568394002505e-15,0.004050230215858797,0.15885645759914746,0.017929272893387724,0.15885645759914746,0.017927031594186096,1.3322676295501878e-15,0.005027999167484293,0.1592803583600521,0.018051725850248352,0.15878567671448102,0.01793697760323985,0.15960290176932712,0.017328280909233044,0.017384215005758773
4000,2207,0.21425904317637728,0.018690739919064114,0.21425904317637728,0.01868840343053457,3.552713678800501e-15,0.012663593524011852,0.21358558468964556,0.01858340219586354,0.21358558468964556,0.018581079125388075,8.881784197001252e-16,0.013158399608806106,0.2122846283149662,0.01858535809204309,0.2136048254773633,0.018608981445451915,0.21277916069340347,0.01863158130216973,0.018693309239107652
4000,2208,0.1932768174963645,0.018279317779477416,0.1932768174963645,0.01827703272192996,1.7763568394002505e-15,0.0042216422192495225,0.19249224019259453,0.018124604348083138,0.19249224019259453,0.018122338630923454,1.7763568394002505e-15,0.004092924738873117,0.1920771505519433,0.018268157003832827,0.1925007515170163,0.018137282654300993,0.19357063553382614,0.018539130433175944,0.01844682007735787
4000,2209,0.19830112252191012,0.018126220413231517,0.19830112252191012,0.018123954494051065,1.7763568394002505e-15,0.002290588691767582,0.1966646697849153,0.017902871187365756,0.1966646697849153,0.01790063318858367,8.881784197001252e-16,0.002866885801265446,0.19672774203100918,0.01795548410004815,0.1966494736879183,0.017915739109766203,0.1962831940665556,0.017962712849477012,0.018003507568169638
4000,2210,0.20251882324918657,0.019082820688686587,0.20251882324918657,0.01908043518699733,1.7763568394002505e-15,0.015095827677685796,0.20222813958751973,0.01895283127791671,0.20222813958751973,0.018950462025919462,1.7763568394002505e-15,0.014169922994476131,0.2033280881304051,0.01921005503894648,0.2023296976762225,0.018985743557336367,0.20349703221859738,0.018942315168807882,0.018931880843658704
4000,2211,0.18480725140062398,0.018846804750634008,0.18480725140062398,0.01884444875278111,8.881784197001252e-16,0.01774247589198418,0.18490510097646273,0.018651315628581192,0.18490510097646273,0.018648984068396,1.7763568394002505e-15,0.015541828663701502,0.1860769688270219,0.018787403851550297,0.18493527246081454,0.01867974022839936,0.18513345778762907,0.018548161538784184,0.018554058743226146
4000,2212,0.19101939720926214,0.022275762091216518,0.19101939720926214,0.022272977446903965,1.7763568394002505e-15,0.01413925964346806,0.18968003814969953,0.02194008488641378,0.18968003814969953,0.021937342204374637,7.105427357601002e-15,0.014576202658854391,0.19353045521428014,0.023212270021329275,0.1898256618867955,0.02204588362210656,0.1899925373467426,0.02210327305536719,0.024459952783471274
4000,2213,0.15268996197822077,0.017656759283397324,0.15268996197822077,0.017654552050526223,1.7763568394002505e-15,0.012041777117883555,0.15170821682204844,0.017562331063356747,0.15170821682204844,0.01756013563475096,8.881784197001252e-16,0.011468361309299912,0.151348949454349,0.017649072022492114,0.15165274394653944,0.017567055403202834,0.15174153306978305,0.01771616752152606,0.017823212815291666
4000,2214,0.21795628636710795,0.01819237619783743,0.21795628636710795,0.018190102008666994,8.881784197001252e-16,0.009103756356686515,0.21735877973190065,0.018044621615054383,0.21735877973190065,0.01804236589636127,1.7763568394002505e-15,0.008885656325819228,0.2167569678918423,0.0182716744926543,0.21732491120806285,0.01805353933549185,0.21822528373346983,0.017822242995679995,0.01782493890022448
4000,2215,0.20101641810247217,0.018127147474049768,0.20101641810247217,0.018124881438979463,8.881784197001252e-16,0.011006045508428331,0.20025566188428567,0.017950132446437585,0.20025566188428567,0.017947888539628837,1.3322676295501878e-15,0.011955348030599434,0.20034845272806784,0.018014276771147215,0.20025735944430506,0.017959637159071153,0.1993217662840887,0.01862398042679579,0.018577078108116662
4000,2216,0.16111643258692443,0.018460619473468415,0.16111643258692443,0.01845831175179261,3.552713678800501e-15,0.011389854547648143,0.1611582250906865,0.018413835169613337,0.1611582250906865,0.018411533296341064,8.881784197001252e-16,0.011203250920534138,0.1615060225264251,0.018562488821866254,0.16114226685776395,0.0184297158389357,0.16108069950995857,0.01741601833944269,0.017593628770482882
4000,2217,0.18782540954304716,0.01833820968567784,0.18782540954304716,0.01833591726618195,1.7763568394002505e-15,0.01991153040343143,0.18782928795013915,0.018312435309104258,0.18782928795013915,0.01831014611160683,8.881784197001252e-16,0.016685524129611204,0.1874379663110209,0.0184235388495982,0.18783740498081053,0.01833310477503121,0.18786111719105208,0.018602176477518103,0.01863273414446309
4000,2218,0.20709887352534334,0.01820622270103507,0.20709887352534334,0.018203946780943545,1.7763568394002505e-15,0.008440563096185306,0.2070745455997951,0.018144415202547254,0.2070745455997951,0.01814214700887597,8.881784197001252e-16,0.008836043955322689,0.20639578529634606,0.018223198858513676,0.20706468486744561,0.018158609235178674,0.20731190918587877,0.017819271797903297,0.017789576715457427
4000,2219,0.20713045996340962,0.01826623495221355,0.20713045996340962,0.018263951530121725,1.7763568394002505e-15,0.008922032490913131,0.20632220702441606,0.018133393080177324,0.20632220702441606,0.018131126264357457,1.7763568394002505e-15,0.008493615243798304,0.20664714201502515,0.018262664770931063,0.20634298085831243,0.018147346342287714,0.20615972086351847,0.018367988799214162,0.018348445599837452
4000,2220,0.2050837622739991,0.020471202180251665,0.2050837622739991,0.02046864312002787,3.552713678800501e-15,0.010293775907618461,0.2033561535028533,0.02014229111314797,0.2033561535028533,0.020139773169377505,1.7763568394002505e-15,0.010558174354089237,0.2016889933134055,0.020686334310784083,0.20341920592625684,0.0201907816460266,0.2028719034928143,0.019737819144114474,0.019850916179976003
4000,2221,0.1742816654087806,0.017559871879522817,0.1742816654087806,0.017557676758334227,1.7763568394002505e-15,0.012346360597400732,0.17468281504903316,0.017504284850193848,0.17468281504903316,0.01750209667781825,1.7763568394002505e-15,0.010528312084103214,0.17447423786259986,0.017715302282489607,0.1746500521428067,0.017511846562149755,0.17394068757750636,0.0178767548855003,0.01792352693748291
4000,2222,0.14024232753290344,0.018247039432111076,0.14024232753290344,0.018244758409609246,1.7763568394002505e-15,0.010524510073549128,0.13809946090179825,0.018056795347479702,0.13809946090179825,0.018054538106974917,1.7763568394002505e-15,0.010794172315423655,0.13762041339729358,0.018143391667869147,0.13811855750273977,0.018073373158854395,0.1400497906988471,0.018633515225175597,0.018694955513192824
4000,2223,0.19114156833719165,0.018153785123598873,0.19114156833719165,0.018151515758614248,1.7763568394002505e-15,0.007117952480673293,0.191757911687427,0.018051046582827007,0.191757911687427,0.018048790060962723,1.7763568394002505e-15,0.007669958903839966,0.1930904139334621,0.018139607982100802,0.191723073832832,0.018065249316603676,0.19164095909741752,0.017898175325138266,0.017900653137185047
4000,2224,0.1862675807096148,0.018763486355106763,0.1862675807096148,0.018761140772704313,1.7763568394002505e-15,0.0027597239623199554,0.1863993590402917,0.018697867874666135,0.1863993590402917,0.018695530495086446,1.7763568394002505e-15,0.003503882315420094,0.18719745368146595,0.018766202416061008,0.18640770012624253,0.01872334339762624,0.18583240864068268,0.017998074603245984,0.017996959613194207
4000,2225,0.17128543063496476,0.017897050142066464,0.17128543063496476,0.017894812870960522,8.881784197001252e-16,0.013479937995656078,0.17210725913298447,0.017760430241361234,0.17210725913298447,0.017758210048810355,3.552713678800501e-15,0.013244762941109845,0.17315659209509837,0.018136977713707883,0.17212499993407832,0.017772414890867373,0.17177909886230958,0.018098229145957788,0.018169673895434675
4000,2226,0.18574459149974154,0.01835477073064762,0.18574459149974154,0.018352476240891723,8.881784197001252e-16,0.012459434161782638,0.18595300835481737,0.0182507323352088,0.18595300835481737,0.018248450851065228,8.881784197001252e-16,0.012996399911482407,0.1860578360203935,0.018409811133740715,0.18591503254087,0.01826114365310779,0.18582746181350557,0.018202848099208836,0.018199917338587474
4000,2227,0.19928055277035855,0.01782516292348975,0.19928055277035855,0.01782293463884782,8.881784197001252e-16,0.0011905968167588584,0.1987733292637539,0.017740646401630575,0.1987733292637539,0.01773842868221424,8.881784197001252e-16,0.0014095129835169553,0.19938034496782936,0.017850902493170666,0.19873587702103762,0.017750475779510572,0.1998726116691082,0.017730038779688616,0.01772309446959489
4000,2228,0.18261055177928376,0.017761824055840647,0.18261055177928376,0.017759603689052068,8.881784197001252e-16,0.018782680903840585,0.18356222223392554,0.017706863593183065,0.18356222223392554,0.01770465009688175,1.7763568394002505e-15,0.017681533722348094,0.1835491763868624,0.017764213791698485,0.18353447152980523,0.017717562842501904,0.1843343603379834,0.01810357676430473,0.018103189029248352
4000,2229,0.20068264545448777,0.0191743560041605,0.20068264545448777,0.019171959059841596,1.7763568394002505e-15,0.010535977727958924,0.19858435026792437,0.018858383020723107,0.19858435026792437,0.01885602557549598,8.881784197001252e-16,0.009796287944516617,0.19693425257184494,0.0191475267433811,0.19860997473103603,0.01888351692559709,0.19909669674713343,0.01837737681913882,0.01840024030121381
4000,2230,0.19064407407639317,0.018501839918141836,0.19064407407639317,0.018499527043588374,1.7763568394002505e-15,0.008453938891546508,0.19217826861083842,0.018468465933923622,0.19217826861083842,0.018466157231378955,1.7763568394002505e-15,0.007387928614698608,0.19213708585188793,0.018738733597888746,0.19219172705127818,0.018485680831278214,0.19470636149210058,0.01899165244491084,0.019062353729486156
4000,2231,0.19874780515414947,0.017417669886222193,0.19874780515414947,0.017415492541393858,8.881784197001252e-16,0.007062754611560854,0.1998638528416365,0.017364369464811864,0.1998638528416365,0.017362198782952667,8.881784197001252e-16,0.007339084184162756,0.20004988777384508,0.017488523614756987,0.19983137753262425,0.017367011515116472,0.1986623655474955,0.017853262692915192,0.017739718722594677
4000,2232,0.18422578624188757,0.017980343085957626,0.18422578624188757,0.01797809540258289,8.881784197001252e-16,0.01478063230000713,0.18508874275888754,0.01789435411186193,0.18508874275888754,0.017892117177780827,8.881784197001252e-16,0.015922302813757578,0.18487671630691244,0.017977782279125,0.185043368961348,0.0178974181514913,0.18473883914519063,0.018152974139102353,0.018167050431976722
4000,2233,0.18435146931899288,0.018061947649943372,0.18435146931899288,0.018059689765360522,8.881784197001252e-16,0.010313431518761337,0.18439733444349676,0.017961648512556903,0.18439733444349676,0.017959403166149912,1.7763568394002505e-15,0.010452538287037414,0.1843504068276629,0.018032517547541208,0.18435660050253483,0.017972735853884887,0.1848586622723214,0.017843356592952487,0.01783381319391443
4000,2234,0.2233955794705177,0.018294632966140527,0.2233955794705177,0.018292345994075074,1.7763568394002505e-15,0.01057829747211383,0.22322611139540527,0.018152206895422924,0.22322611139540527,0.018149937727729146,8.881784197001252e-16,0.010075701477702943,0.22220698131081124,0.018249537245893697,0.22318804948126486,0.01816868285213752,0.22600069467393247,0.01808554534139316,0.01815190712133908
4000,2235,0.20245171452516436,0.018717129999800387,0.20245171452516436,0.018714790212304554,1.7763568394002505e-15,0.0050700548963409295,0.20290056807631962,0.01857762091361972,0.20290056807631962,0.01857529856584971,1.7763568394002505e-15,0.005888061590961743,0.20188777843147326,0.018754820636196514,0.20291237900209824,0.018593206025796893,0.20255053511095128,0.018199632991643004,0.01817963454018655
4000,2236,0.171397729820066,0.018360586961809786,0.171397729820066,0.018358291744979542,1.7763568394002505e-15,0.023539204682307795,0.1708078845417299,0.018164262224295274,0.1708078845417299,0.018161991549591198,1.3322676295501878e-15,0.022321391964541977,0.171829706738501,0.01836101199926743,0.17079190714953096,0.018183051770793636,0.17110158079186089,0.01810460632672155,0.018117112404281925
4000,2237,0.1774104054691626,0.01965351944820061,0.1774104054691626,0.019651062604707267,1.7763568394002505e-15,0.004630509010489422,0.17736505891511384,0.019623144555767892,0.17736505891511384,0.01962069150937344,3.552713678800501e-15,0.004568127910795473,0.17724567211839398,0.01980725347343521,0.17742807203183125,0.01966203521088314,0.1792164416925735,0.018194575039625127,0.0182088651586949
4000,2238,0.1574129728485168,0.018914327712531223,0.1574129728485168,0.0189119632737805,1.7763568394002505e-15,0.005549604985521866,0.15728022580243955,0.018823712627055563,0.15728022580243955,0.018821359515898542,3.552713678800501e-15,0.005602029922862098,0.15611529541236008,0.018933785001555594,0.15728928040593493,0.018848847943036713,0.1560369804609082,0.01812486619937903,0.01812562563747578
4000,2239,0.23071429945885763,0.01912461932715058,0.23071429945885763,0.01912222860030492,1.7763568394002505e-15,0.0058394838507420275,0.228397303250786,0.018919998381310647,0.228397303250786,0.018917633233682014,8.881784197001252e-16,0.004767333712029357,0.22821762380127308,0.0191474614597676,0.22840006980661365,0.01895556227963307,0.22961626888863557,0.018336752750464366,0.01860712850634035
4000,2240,0.1967606506083603,0.01777591697707008,0.1967606506083603,0.017773694848556235,8.881784197001252e-16,0.009243636098295982,0.19677062017985392,0.017723161180904886,0.19677062017985392,0.017720945647277764,8.881784197001252e-16,0.009697058293681381,0.19866394601621506,0.017857630895210738,0.1967691163237033,0.017732108481671758,0.19771964581471685,0.01779792849731414,0.017862634468110133
4000,2241,0.21251333692381053,0.018832862213213734,0.21251333692381053,0.01883050795828695,1.7763568394002505e-15,0.008158348258069924,0.2132177216953567,0.01874425102292162,0.2132177216953567,0.01874190784508599,1.7763568394002505e-15,0.0077423048043865185,0.21260119081072437,0.018917979741235127,0.21335266608163994,0.01874022106723679,0.20887440179994937,0.02006002787340734,0.018757655623299438
4000,2242,0.18447124940045745,0.018265028844398422,0.18447124940045745,0.018262745573079494,8.881784197001252e-16,0.02174570020592176,0.18449804393416985,0.01813847382982622,0.18449804393416985,0.01813620637887295,8.881784197001252e-16,0.017206528481676087,0.18402635515560645,0.018300378481339485,0.1844893310575721,0.018150812633212915,0.18396106208811341,0.0188044826699384,0.01882386579959422
4000,2243,0.1698411207463481,0.018590001517914144,0.1698411207463481,0.018587677622471863,8.881784197001252e-16,0.008877992567845425,0.1702955107696844,0.01841306026117288,0.1702955107696844,0.01841075848477022,3.552713678800501e-15,0.009890108674675043,0.17100127521962566,0.018744534974757556,0.17031231830006305,0.018438650123726894,0.17271850470119443,0.020722706277742503,0.020617458198005506
4000,2244,0.21461970513794115,0.018632512519226076,0.21461970513794115,0.018630183309576467,1.7763568394002505e-15,0.006148606207492794,0.21434021885437637,0.018441591985370702,0.21434021885437637,0.018439286642279586,1.7763568394002505e-15,0.005773162113535883,0.21455468962161134,0.018560433317741976,0.21438619816895105,0.018455969169946646,0.21303138940788569,0.018911230212800396,0.018889159851335907
4000,2245,0.19356426146666045,0.018016742576517496,0.19356426146666045,0.018014490342922036,8.881784197001252e-16,0.007599814596470852,0.1930455172997541,0.017894951209160705,0.1930455172997541,0.017892714200437778,1.7763568394002505e-15,0.007571157578896028,0.19276754608458424,0.017997380380414544,0.19295850774777318,0.017897890278651636,0.19344617101058553,0.01792974926555618,0.017929655203094894
4000,2246,0.18561542832217826,0.01824388989450011,0.18561542832217826,0.018241609265715088,1.7763568394002505e-15,0.007057172395621605,0.1851483467055734,0.018126058264940632,0.1851483467055734,0.01812379236602998,1.7763568394002505e-15,0.00665022754087916,0.18599026571483557,0.018304660210397936,0.1851206743661309,0.01813960360083796,0.1853351233555,0.018053951785422167,0.018047987910030476
4000,2247,0.2228383312073397,0.017631668929402374,0.2228383312073397,0.017629464833021566,1.7763568394002505e-15,0.009689004641804663,0.223167983566388,0.01755584294266841,0.223167983566388,0.017553648325128405,8.881784197001252e-16,0.007296643562653243,0.22407453631352264,0.017639477332533494,0.22312833288719613,0.017562598191439717,0.22388076964528786,0.01810749789717136,0.01797122978097385
4000,2248,0.20227714235950944,0.01735121624559092,0.20227714235950944,0.017349047207986894,8.881784197001252e-16,0.018985251179632377,0.20191655448823864,0.017269721933259697,0.20191655448823864,0.01726756308308147,8.881784197001252e-16,0.01884406055767644,0.20106272958486698,0.017364484462078826,0.20184271199405973,0.017274419036974936,0.19946070461426602,0.017975485258322564,0.018008616609212363
4000,2249,0.2035724470608749,0.018760254695419202,0.2035724470608749,0.01875790951699946,1.7763568394002505e-15,0.013121278994207213,0.20358545952962986,0.01869603100933473,0.20358545952962986,0.018693693859377563,3.552713678800501e-15,0.014645801390189303,0.2040334525634535,0.018709474385344104,0.20361566707693846,0.018716740087796446,0.20384367722140329,0.019295972378697058,0.019357320782317684
4000,2250,0.1504806914209676,0.018370035223603233,0.1504806914209676,0.01836773882566644,1.7763568394002505e-15,0.003789220841456372,0.14972402852415612,0.018212583024874666,0.14972402852415612,0.018210306309692965,8.881784197001252e-16,0.003322488324218024,0.1490201704128562,0.01832910811600501,0.14970136613618706,0.01822844603149069,0.15119074808264021,0.017633716050663648,0.017718329593129006
4000,2251,0.17151754692179766,0.01804991086575446,0.17151754692179766,0.018047654485863686,1.7763568394002505e-15,0.02047556807433963,0.17313475938478606,0.017933887234038257,0.17313475938478606,0.017931645358007994,1.7763568394002505e-15,0.020873839124406875,0.17150254279503396,0.018027384838678467,0.17312203839488272,0.017945788878659722,0.1724569115330284,0.018117252919761222,0.01813483537052611
4000,2252,0.18708513608664157,0.018737766483668983,0.18708513608664157,0.018735424116451422,1.7763568394002505e-15,0.00661819020542045,0.18842660044058684,0.018599133025247547,0.18842660044058684,0.018596807988295497,8.881784197001252e-16,0.007544665156747272,0.18701746655893442,0.018717871930012907,0.18839759915940113,0.01861689305032096,0.18708662362059347,0.01802492866249961,0.018024536898685342
4000,2253,0.19313170900466914,0.018161661822694554,0.19313170900466914,0.018159391473060994,8.881784197001252e-16,0.009827335788643095,0.1925764823411124,0.018077280886582222,0.1925764823411124,0.018075021085224987,1.7763568394002505e-15,0.009569546458356325,0.19309224591634394,0.018176247580255045,0.19255323147292053,0.018089526807741823,0.1931968947503655,0.01808627044811228,0.01806916939800334
4000,2254,0.19238440465447615,0.01850819841590762,0.19238440465447615,0.018505884746492257,1.7763568394002505e-15,0.007659603091308143,0.19274370433307353,0.01844671537061345,0.19274370433307353,0.018444409387059144,1.7763568394002505e-15,0.007445642463433256,0.19281508286331672,0.018679124909023605,0.19275981639315537,0.01846368882488073,0.19242323728293775,0.019142677840472192,0.019104001992865667
4000,2255,0.17797895296034688,0.017796384856291415,0.17797895296034688,0.01779416016913274,8.881784197001252e-16,0.005222070581003295,0.17782077085557763,0.017701126731880863,0.17782077085557763,0.01769891395273204,8.881784197001252e-16,0.00553820053723508,0.17743846989199274,0.017827702433840145,0.17771335875308641,0.017712454591179285,0.17779257277915106,0.01730355530861098,0.017367951178391995
4000,2256,0.19707650700952906,0.018052018848282825,0.19707650700952906,0.01804976220487776,1.7763568394002505e-15,0.006956784437804776,0.19511349207444129,0.01788349452411128,0.19511349207444129,0.017881258947563497,1.7763568394002505e-15,0.005669649750213145,0.19473674442966354,0.017992984327332776,0.19513857034372495,0.01789437277214383,0.19606066224019275,0.018694133601520987,0.01871367865228324
4000,2257,0.16461063480009308,0.018348937891789992,0.16461063480009308,0.018346644131184517,3.552713678800501e-15,0.009009666019855181,0.16365984237166453,0.01826085866535415,0.16365984237166453,0.018258575915340188,1.7763568394002505e-15,0.009739532397547613,0.16464181958122204,0.018383376614906032,0.16366199770912215,0.018281135553479523,0.16286572025371898,0.0177717552973245,0.01779115301444912
4000,2258,0.1668527085040009,0.01859790938611812,0.1668527085040009,0.018595584502130523,1.7763568394002505e-15,0.008805463826188268,0.16615789665437536,0.018182947225108118,0.16615789665437536,0.018180674214632944,3.552713678800501e-15,0.00873464072512812,0.166551291546239,0.018478537444986565,0.16615981041650213,0.018195678463232137,0.16795549463577036,0.018902232770073763,0.018922789027425953
4000,2259,0.1997073224122109,0.017902841487909736,0.1997073224122109,0.01790060349284031,1.7763568394002505e-15,0.011534749872609046,0.2010437990201498,0.01782729408584667,0.2010437990201498,0.01782506553479279,1.7763568394002505e-15,0.010175058241666021,0.2012675341250818,0.017922890205749647,0.20101438881017897,0.017836872696031666,0.20095609813846677,0.018242989635714794,0.01822312190684459
4000,2260,0.15944697285353082,0.019098882563027223,0.15944697285353082,0.01909649505347817,3.552713678800501e-15,0.009837494057081524,0.15984415270769053,0.018893803400455177,0.15984415270769053,0.018891441527403827,3.552713678800501e-15,0.00996170070319995,0.15975544334283637,0.01898937292957531,0.15982546972136247,0.01892121064048852,0.15927348134610736,0.01788922990295913,0.01788516701808203
4000,2261,0.2038149328795119,0.018062761681482593,0.2038149328795119,0.01806050369513944,8.881784197001252e-16,0.007654291204315441,0.2037847488399857,0.017988359008647453,0.2037847488399857,0.01798611032321975,1.7763568394002505e-15,0.0075333153030439255,0.20552411418392935,0.01816133247278742,0.2037450191200274,0.01799828506012183,0.20396158125178981,0.018063155768738022,0.018014988692285155
4000,2262,0.1862239934356799,0.0190139325508072,0.1862239934356799,0.019011555660673432,1.7763568394002505e-15,0.007578099511210158,0.18610528487236255,0.018858632023894047,0.18610528487236255,0.01885627454753958,1.7763568394002505e-15,0.006536990029238772,0.18649908650401614,0.018951201643048275,0.186135941963595,0.0188795885267335,0.1868494091130677,0.01834899864887072,0.018367137972220296
4000,2263,0.17139565408942137,0.0186805371865622,0.17139565408942137,0.01867820197345394,1.7763568394002505e-15,0.005434399975480208,0.17388457952780811,0.01857353643376676,0.17388457952780811,0.018571214596588646,1.7763568394002505e-15,0.004793371938443216,0.17520327254584994,0.018732012463408856,0.17386781933581846,0.018590546295528115,0.17305924149302648,0.01823768502801947,0.018230926610908735
4000,2264,0.1893656155496251,0.01842837705228869,0.1893656155496251,0.01842607336116746,1.7763568394002505e-15,0.010315227139108752,0.1881103023229327,0.018281890552608385,0.1881103023229327,0.018279605173444183,1.7763568394002505e-15,0.01214136228629329,0.18819709756887432,0.01844759491382873,0.1881232569923234,0.0182958074336273,0.18784075891992136,0.018738501335167527,0.018738469811543167
4000,2265,0.18642400926781477,0.01820908600595198,0.18642400926781477,0.018206809727924968,8.881784197001252e-16,0.009041914481166795,0.1861452602116721,0.018070671872912628,0.1861452602116721,0.01806841289773374,8.881784197001252e-16,0.010193931232808174,0.18459549359750788,0.01820841150972132,0.18613871907794094,0.018081733977314995,0.18662290505913615,0.017607322985998743,0.017587086929519408
4000,2266,0.1735860949012557,0.0181613435259171,0.1735860949012557,0.018159073216073126,8.881784197001252e-16,0.02105243444177282,0.17377467204494002,0.018128752271358278,0.17377467204494002,0.018126486035675776,1.7763568394002505e-15,0.021806680223747613,0.1739670818148048,0.018253035691060685,0.17376927382467705,0.01814135185057279,0.17373181492144163,0.0181371475837281,0.018155560832653597
4000,2267,0.20071969569193587,0.017614447570401846,0.20071969569193587,0.01761224562682547,8.881784197001252e-16,0.005523445713898858,0.20001805396759398,0.017513573782148698,0.20001805396759398,0.01751138444858403,1.7763568394002505e-15,0.006427590184593102,0.19959124768045666,0.017608407997026756,0.2000267395105691,0.017516581488496094,0.1984048736714929,0.017984934611736975,0.018093068964257015
4000,2268,0.19101472212109077,0.01813357837335992,0.19101472212109077,0.018131311534376957,1.7763568394002505e-15,0.015199202299183546,0.19027516106188785,0.01808116738907434,0.19027516106188785,0.018078907101873928,8.881784197001252e-16,0.01454205673679603,0.1892977030875252,0.018188709372002176,0.19029374693259005,0.018087051931219435,0.1911941294158554,0.01873656134583448,0.018804300289880446
4000,2269,0.1829697533491756,0.018538899535974353,0.1829697533491756,0.018536582028679093,1.7763568394002505e-15,0.011662688384592442,0.18230814017903335,0.01844461893276085,0.18230814017903335,0.018442313211277657,1.7763568394002505e-15,0.011241569308795505,0.1819945303495737,0.018810677630286925,0.18232102025219815,0.018461646373428394,0.18198957023494955,0.018085091663715535,0.018102389874923283
4000,2270,0.19692880642039245,0.019981441593842745,0.19692880642039245,0.019978943757518988,1.7763568394002505e-15,0.011504391517950102,0.19635253004353836,0.019709305402035315,0.19635253004353836,0.019706841584861863,3.552713678800501e-15,0.010641211290217547,0.19395765781140667,0.019889055305939308,0.196439362485805,0.01975687210357057,0.19476663709911207,0.019418651582405994,0.019725370976939986
4000,2271,0.19548529311197727,0.019517894000995406,0.19548529311197727,0.01951545411174267,1.7763568394002505e-15,0.014459469369978275,0.19590635619025076,0.019439292738477266,0.19590635619025076,0.0194368626749965,3.552713678800501e-15,0.01618557229248874,0.1969515784083915,0.019592649916209553,0.19594755515014295,0.01947053474780259,0.19659935669445755,0.019905655785319266,0.020100910278119877
4000,2272,0.17474479687073935,0.018050811584279753,0.17474479687073935,0.018048555091792123,1.7763568394002505e-15,0.006061895347688066,0.17426465505328942,0.0178877482940621,0.17426465505328942,0.017885512185759837,1.7763568394002505e-15,0.007065231254362183,0.17423620749833435,0.017962544315960522,0.1742679583839084,0.017903067838153583,0.17438749878501342,0.018772055931676197,0.01873899870124122
4000,2273,0.19075814482113979,0.01850595169051945,0.19075814482113979,0.018503638301962312,8.881784197001252e-16,0.010389980208888303,0.19149820671765277,0.018401617028586528,0.19149820671765277,0.018399316682677348,1.7763568394002505e-15,0.010142003557560468,0.19167692771703904,0.018516233391157294,0.1915403583338125,0.018418733058704242,0.19025345447880415,0.01854766252261394,0.018501109031547537
4000,2274,0.18581402417185922,0.017777127724206105,0.18581402417185922,0.017774905444339403,1.7763568394002505e-15,0.007427814613118286,0.18593983809656234,0.017662697447247456,0.18593983809656234,0.017660489472059476,8.881784197001252e-16,0.007053845882902712,0.18612086154643237,0.017766817241977043,0.1858904134861098,0.017669685794280392,0.18554086727670377,0.017521983251423668,0.017587859518692184
4000,2275,0.19805222705032405,0.018269743657820223,0.19805222705032405,0.01826745979711278,1.7763568394002505e-15,0.006246948992367474,0.1980442819936819,0.018171252854970954,0.1980442819936819,0.018168981306383423,1.7763568394002505e-15,0.0073869753743673215,0.1996416000546548,0.018372239431205164,0.19800680969883588,0.018183209392023246,0.19829986990897153,0.017973208091058054,0.01797417322970979
4000,2276,0.19685325557540934,0.01793134167131074,0.19685325557540934,0.017929100113495706,1.7763568394002505e-15,0.023571764035375104,0.1973104843048064,0.01778733504865279,0.1973104843048064,0.017785111492790783,8.881784197001252e-16,0.024864563696625305,0.19678901172337165,0.017824759125061797,0.19731765663270123,0.017793832366792883,0.196707338049816,0.01904533334108576,0.018647713680241127
4000,2277,0.1977462670004504,0.01886451201806286,0.1977462670004504,0.018862153806663177,1.7763568394002505e-15,0.012293563577257414,0.19907519276881747,0.01867124708493732,0.19907519276881747,0.018668913033164352,3.552713678800501e-15,0.010181043226450914,0.19940927016314325,0.01883763446039384,0.19910747308054522,0.01869637557092398,0.20010793354483697,0.018088360893282213,0.018087517737920108
4000,2278,0.18735203112636162,0.018826625934138756,0.18735203112636162,0.018824272458795584,1.7763568394002505e-15,0.011142046135040209,0.18771259955825176,0.018761602741028737,0.18771259955825176,0.018759257394092763,1.7763568394002505e-15,0.012074679412846828,0.189373602115199,0.01907235256605793,0.18770276797949614,0.01878653410874892,0.18704231546068129,0.017656967722225518,0.017656247531191376
4000,2279,0.16564272984984252,0.01800110946952673,0.16564272984984252,0.01799885919019179,1.7763568394002505e-15,0.006662688335552161,0.16530530200249755,0.01795626629399255,0.16530530200249755,0.017954021620404933,1.7763568394002505e-15,0.007254488590744965,0.16515837763449637,0.01805253361978336,0.16527780489292887,0.0179653829816083,0.1661625602194945,0.01771501830192661,0.01775435697249956
4000,2280,0.16062111586946537,0.017808515688355828,0.16062111586946537,0.017806289484748362,8.881784197001252e-16,0.01210594582646883,0.15947405182882501,0.017730737380638375,0.15947405182882501,0.017728520899927092,1.7763568394002505e-15,0.011906286189761747,0.15981162088723627,0.017948681685605927,0.159393338076033,0.017742341871853803,0.15970170010285434,0.017508657414807595,0.017606366904876394
4000,2281,0.21408551768523854,0.017870059987476244,0.21408551768523854,0.01786782609035051,8.881784197001252e-16,0.008232483983944928,0.2148082374682237,0.017780972283410683,0.2148082374682237,0.017778749522944046,1.7763568394002505e-15,0.00724393508047895,0.21507852264359678,0.01792258395387838,0.21477161606653794,0.017790130751495093,0.21517273685592875,0.017381422005606894,0.01733210436428572
4000,2282,0.19341010727051833,0.01859621137488087,0.19341010727051833,0.018593886703157946,1.7763568394002505e-15,0.015428637334625503,0.19348417866499118,0.018467018677919233,0.19348417866499118,0.018464710156292873,8.881784197001252e-16,0.012186673930307956,0.1931178953255347,0.018573783429943726,0.19350690349386435,0.018480484969628078,0.19276082587528454,0.018737398225822592,0.018731731323632272
4000,2283,0.1839402656729442,0.01796701702047109,0.1839402656729442,0.017964771002958662,8.881784197001252e-16,0.016098090590716492,0.18260580716827057,0.017804534978828956,0.18260580716827057,0.017802309272841283,8.881784197001252e-16,0.01524368037254187,0.18212985546127908,0.017919169462267872,0.18258441825924826,0.017816011343707194,0.18344219476747137,0.01808663918702714,0.01813368659789957
4000,2284,0.21984880454204708,0.018821590065517937,0.21984880454204708,0.018819237219697697,3.552713678800501e-15,0.006934727630961914,0.22068147644572006,0.018823700748824963,0.22068147644572006,0.01882134763915281,8.881784197001252e-16,0.007049506132453585,0.22079888097719874,0.019221672045781533,0.22069683558218567,0.018853852827416695,0.22052368537249883,0.01851946574980893,0.018552732234408564
4000,2285,0.19439580504928788,0.018316093214256396,0.19439580504928788,0.018313803559492244,8.881784197001252e-16,0.005404846369448524,0.19440313925761638,0.018182482765813773,0.19440313925761638,0.01818020981339964,8.881784197001252e-16,0.006140735159372455,0.19440463374333788,0.018320598552132094,0.19436687822251064,0.018197944430378647,0.19579236443308584,0.018300436746785345,0.018346756646930373
4000,2286,0.20390443869439706,0.01871179253423801,0.20390443869439706,0.018709453413967073,1.7763568394002505e-15,0.007623034831531744,0.20453235933582814,0.018614064940427975,0.20453235933582814,0.018611738036869857,1.7763568394002505e-15,0.007306841772882205,0.20348966602750346,0.018756334878039394,0.20456308685365027,0.018630010611833506,0.2044295322047373,0.01826066983201833,0.018224223947701172
4000,2287,0.1885484005165622,0.018113123751708208,0.1885484005165622,0.018110859469712776,8.881784197001252e-16,0.01548211223515799,0.18900550567433405,0.01802531019004717,0.18900550567433405,0.018023056885433077,8.881784197001252e-16,0.017645756668502308,0.19046903404761095,0.01816169975441947,0.18901758557603393,0.018038805320743565,0.1890944598563266,0.018207994593879888,0.018222185336963827
4000,2288,0.22833557157123313,0.018054872490239127,0.22833557157123313,0.01805261549010652,8.881784197001252e-16,0.017167824355720583,0.22825637274247806,0.017947491481526214,0.22825637274247806,0.017945247904858713,8.881784197001252e-16,0.01696106883142203,0.2279269267294204,0.018066447239400218,0.22825501446822294,0.01795654868828438,0.2279209416455545,0.018341378721087407,0.01833555835704722
4000,2289,0.19251198530043,0.01830461408765913,0.19251198530043,0.0183023258678755,1.7763568394002505e-15,0.006710091106770749,0.19297223590657425,0.018200675401944793,0.19297223590657425,0.018198400175308993,1.7763568394002505e-15,0.007490932390631852,0.1934816471327494,0.018249974682011103,0.19290275887450653,0.018213046415452554,0.19362075129482337,0.017812038349945283,0.017827553051463732
4000,2290,0.17296735883027614,0.01818067972237165,0.17296735883027614,0.018178406995352038,1.7763568394002505e-15,0.010267019395878105,0.17179984703002482,0.01793279397188852,0.17179984703002482,0.017930552232524564,1.7763568394002505e-15,0.01019726136342254,0.17152233313427184,0.018045430932399652,0.17177863057113452,0.017944254549794345,0.17220858456223082,0.01872342150323984,0.01870620053423848
4000,2291,0.20849472859241225,0.018303808084692612,0.20849472859241225,0.01830151996566565,1.7763568394002505e-15,0.005726259729225192,0.20806481684182077,0.018221555566999316,0.20806481684182077,0.018219277730179742,1.7763568394002505e-15,0.005897902828046415,0.20717255187298378,0.018382800463756784,0.20807441671471355,0.018234450456386938,0.20885341430364368,0.01855281334732266,0.018606813586257105
4000,2292,0.15319254023895662,0.01856657720663874,0.15319254023895662,0.018564256239418393,1.7763568394002505e-15,0.023534052480135462,0.1538689948473041,0.018555447992996525,0.1538689948473041,0.018553128417014838,3.552713678800501e-15,0.022649701446478956,0.15462454410312537,0.01864716653064489,0.15392532169678375,0.01858082453544493,0.15436896612294537,0.019035054100558713,0.019010933905777155
4000,2293,0.19559368008231193,0.020407700644197772,0.19559368008231193,0.020405149522162155,8.881784197001252e-16,0.014895750607279972,0.19497021720905472,0.020267910943341835,0.19497021720905472,0.020265377296111064,3.552713678800501e-15,0.013227512675357635,0.19591895523983582,0.020585603564318766,0.19508836119003198,0.02032451728507648,0.19492258092501197,0.020894109834216856,0.021501050311907
4000,2294,0.15435764255121803,0.017796368786884224,0.15435764255121803,0.017794144101734348,1.7763568394002505e-15,0.014466692157271012,0.15517852032915502,0.017751489690764975,0.15517852032915502,0.017749270615852776,1.7763568394002505e-15,0.01593221197708176,0.15490018468890987,0.017937255107697107,0.15514445471096483,0.01776137936382855,0.15471918826011177,0.01846239274285246,0.018464536743774594
4000,2295,0.19661875216062397,0.01837499738528907,0.19661875216062397,0.018372700367043294,1.7763568394002505e-15,0.012965889149456148,0.19677325912919902,0.018319721502088614,0.19677325912919902,0.018317431393760134,1.7763568394002505e-15,0.013086111764494578,0.19709386070195672,0.01843924544769342,0.19679470154316164,0.018337142824286005,0.1979605533520999,0.018930715473475364,0.01895072953052296
4000,2296,0.1977906165461089,0.017897751405723958,0.1977906165461089,0.01789551404695458,1.3322676295501878e-15,0.007617892236673887,0.19701351053578608,0.01781139428495495,0.19701351053578608,0.017809167721500416,8.881784197001252e-16,0.007883652473963242,0.19734377926578145,0.01791553389023398,0.1969357907106885,0.01781720693245877,0.19735343767808505,0.017823783515203574,0.01779099013862502
4000,2297,0.20461520703255437,0.019039092380977757,0.20461520703255437,0.01903671234566863,3.552713678800501e-15,0.012847513886275136,0.2038790717843133,0.018893328975008176,0.2038790717843133,0.018890967161263712,8.881784197001252e-16,0.013242891787769846,0.20347290570199972,0.018840463003561247,0.20388204272650157,0.01891734014333625,0.20320846637220907,0.01908247859959704,0.019219120992803998
4000,2298,0.19820214340508363,0.018059604911434442,0.19820214340508363,0.018057347319712206,8.881784197001252e-16,0.010839853605102714,0.19818841208746485,0.017940904208214037,0.19818841208746485,0.017938661455007176,1.7763568394002505e-15,0.011712585086593978,0.19823446588412685,0.018042256500599776,0.19818093566878736,0.017957066496766122,0.19855403314181452,0.01824551570158474,0.01816844402521129
4000,2299,0.1947137531756259,0.01820379607047781,0.1947137531756259,0.018201520453734063,1.7763568394002505e-15,0.008855349011706088,0.19476553362781218,0.01814901579617326,0.19476553362781218,0.018146747027391826,1.7763568394002505e-15,0.00933428286185729,0.1939111944611484,0.01825981287265324,0.19475770099185197,0.01816426618500508,0.1955676337913334,0.01853062209792608,0.01851055291652633
4000,2300,0.1776219843441954,0.017961199825132303,0.1776219843441954,0.017958954534814747,8.881784197001252e-16,0.008547635410862045,0.17727463001441907,0.017884391964511245,0.17727463001441907,0.0178821562757764,8.881784197001252e-16,0.008853495264608324,0.17721008878306022,0.01794174798629321,0.1772427143608123,0.01789061656718154,0.17755521638564692,0.017728305732657313,0.017742913835469484
4000,2301,0.19138346666848666,0.018394553603444604,0.19138346666848666,0.01839225414051876,1.7763568394002505e-15,0.023743580788383397,0.19121971868810317,0.0182488671004148,0.19121971868810317,0.018246585849440153,8.881784197001252e-16,0.025912626034801923,0.19015424310653783,0.018407417971558496,0.1912566720838194,0.01826402841824588,0.19256093193819523,0.019402093007332817,0.019381853822264112
4000,2302,0.18272837271828668,0.018090840051590375,0.18272837271828668,0.01808857855523157,1.7763568394002505e-15,0.014097342268539292,0.1831226109992219,0.017963994026348858,0.1831226109992219,0.017961748386734314,8.881784197001252e-16,0.013281608130582965,0.18168073091795406,0.018086842685284113,0.18312007474904596,0.01796547152136265,0.18431410093643935,0.018185717089091797,0.01821819176951654
4000,2303,0.1841695399497551,0.01836635327616695,0.1841695399497551,0.018364057338502354,8.881784197001252e-16,0.008507147746309788,0.18393100546139507,0.018317176294605046,0.18393100546139507,0.018314886504447393,8.881784197001252e-16,0.008359295540307968,0.18428425373240354,0.018367795540318445,0.18394052366295255,0.018331729873043528,0.18410436137963587,0.018778118235717928,0.018779628104359878
4000,2304,0.19510517916117043,0.01886842044031175,0.19510517916117043,0.018866061740328746,8.881784197001252e-16,0.014201151629265643,0.19465405208097092,0.01876430251033031,0.19465405208097092,0.01876195682590208,8.881784197001252e-16,0.015126230565906382,0.1940219962655354,0.018901898936396846,0.19457913496148238,0.01877942439242602,0.19482043400522547,0.01785478480903504,0.017864348907178085
4000,2305,0.17210658171687981,0.018308475490390875,0.17210658171687981,0.01830618678790173,8.881784197001252e-16,0.005250059536520378,0.17499801257408065,0.018168258156419294,0.17499801257408065,0.01816598698219248,8.881784197001252e-16,0.004925885009962329,0.1754997914072316,0.018265921410975362,0.1749577929451529,0.01818483549389172,0.17547182501094732,0.017759942576373703,0.01776639442584556
4000,2306,0.2005355320299999,0.01796524592407488,0.2005355320299999,0.01796300012796334,1.7763568394002505e-15,0.01705861326895882,0.2005030772922004,0.017893682242000886,0.2005030772922004,0.01789144539190876,1.7763568394002505e-15,0.01893652380514129,0.19977887541769407,0.017970149455363637,0.2004870586117215,0.017906717766720353,0.2007011071130796,0.018010211814039022,0.01801190456521767
4000,2307,0.19630050989212788,0.0181355265835976,0.19630050989212788,0.018133259501073137,1.7763568394002505e-15,0.012660708141390378,0.19565753600144348,0.018016721587137175,0.19565753600144348,0.01801446935616555,8.881784197001252e-16,0.013780067333586337,0.19639157208804225,0.018113795284438072,0.19565532469558455,0.01803180601199,0.19548865028096224,0.018165870970537835,0.018135550301919906
4000,2308,0.21387220639424404,0.01873473802781265,0.21387220639424404,0.018732396039175734,1.7763568394002505e-15,0.0026673907363616994,0.2148450253307057,0.018650990646756314,0.2148450253307057,0.01864865912719639,1.7763568394002505e-15,0.0030231505997078186,0.21398039766165666,0.018776066349003487,0.2147465179465048,0.01866851757169733,0.21592028263684204,0.017708973662361224,0.017721143806898612
4000,2309,0.22196877858841596,0.018078343860301195,0.22196877858841596,0.018076083926063937,1.7763568394002505e-15,0.0023518264501844344,0.22111251861881642,0.01794698534973906,0.22111251861881642,0.017944741836341992,8.881784197001252e-16,0.0025295301524157518,0.22234584044668965,0.01806401242492774,0.22106759590996966,0.0179580014098246,0.22187082967204969,0.017901152510701908,0.01783158026996425
4000,2310,0.16982537227606648,0.019065907297474625,0.16982537227606648,0.01906352391009142,8.881784197001252e-16,0.00820031537106009,0.1703107832588336,0.018886258160754392,0.1703107832588336,0.018883897230916963,1.7763568394002505e-15,0.007417826724691573,0.17031913866761672,0.018963135280160578,0.17034855339001276,0.018911321341237734,0.17085413950625883,0.018955744780280996,0.018938425675864477
4000,2311,0.17873884225556513,0.017788356263860237,0.17873884225556513,0.01778613258033835,1.7763568394002505e-15,0.008042162785119388,0.17858481305947194,0.017731434590229002,0.17858481305947194,0.017729218022361076,1.7763568394002505e-15,0.008696457468025966,0.17859790906569495,0.017838948811025088,0.17852883170637635,0.017741844597831888,0.17829706257350308,0.0180955106423907,0.018087026354265963
4000,2312,0.21682703541073817,0.018321877544982934,0.21682703541073817,0.01831958716713225,8.881784197001252e-16,0.011121811075335941,0.2179512886503458,0.018169858304425704,0.2179512886503458,0.018167586930167887,1.7763568394002505e-15,0.011794917290140247,0.21755946286016425,0.01820293440479628,0.21797177699645304,0.018177876773218273,0.21690929802234704,0.017860273482408453,0.017427195417102952
4000,2313,0.1829311599526921,0.01770607960563536,0.1829311599526921,0.017703866207338617,1.7763568394002505e-15,0.009760452950138922,0.18317621364590309,0.017631419034410317,0.18317621364590309,0.017629214969268336,1.7763568394002505e-15,0.009697736571284343,0.18333110251963625,0.01773910288802786,0.183125682842881,0.017638654548889927,0.18411674165010022,0.01742954669532487,0.017444969755661063
4000,2314,0.16656573680579156,0.019233868985383158,0.16656573680579156,0.019231464601476598,1.7763568394002505e-15,0.007208756865398628,0.1666294704840885,0.019161758625489824,0.1666294704840885,0.019159363255941687,1.7763568394002505e-15,0.006658620487721387,0.16760573891705655,0.0191680446509833,0.16671025054930033,0.019191562482706207,0.16810826614855146,0.01915995061229828,0.019005132980001904
4000,2315,0.1834599061507115,0.01826954532194284,0.1834599061507115,0.01826726148602893,1.7763568394002505e-15,0.0104803459757782,0.18472074855493464,0.018168652056626548,0.18472074855493464,0.01816638083315913,1.7763568394002505e-15,0.010627735138100865,0.18359861266760785,0.01828247966698456,0.18470749971905237,0.018182063485829528,0.18420062143704224,0.018124038321352384,0.018116952921408507
4000,2316,0.2064376752384458,0.01807783971196835,0.2064376752384458,0.018075579840753576,8.881784197001252e-16,0.014020255865697976,0.20639641405729997,0.01799864348317362,0.20639641405729997,0.017996393512106246,1.7763568394002505e-15,0.013778308511258948,0.2047420719726954,0.01811226993135155,0.206436225963805,0.018016936704270948,0.20653358625618756,0.01855937803909961,0.018658394722349467
4000,2317,0.18286463321417262,0.018299724593776663,0.18286463321417262,0.01829743698521797,8.881784197001252e-16,0.006272816516957489,0.1839931037486487,0.01821907743827023,0.1839931037486487,0.01821679991123611,1.7763568394002505e-15,0.005818584711818223,0.1849513254692451,0.018393477735802778,0.18393363654861866,0.018232819141195945,0.18338526732730015,0.017735078116355964,0.017742629327212225
4000,2318,0.20528562514102228,0.01785159329123714,0.20528562514102228,0.01784936170259273,1.7763568394002505e-15,0.0062135586763934665,0.20691115404854643,0.017688744729845707,0.20691115404854643,0.017686533498543884,1.7763568394002505e-15,0.006126281318601201,0.20778671381939445,0.017897611750283232,0.2068548308422239,0.017699830704062603,0.20754004134945397,0.017058462581928988,0.016956561314426626
4000,2319,0.18981160888111465,0.01819909549577192,0.18981160888111465,0.01819682046663674,1.7763568394002505e-15,0.005412443625432465,0.1886499960538897,0.018093387655467762,0.1886499960538897,0.018091125840638565,1.7763568394002505e-15,0.005155400206082467,0.18905581660733733,0.018174665621702016,0.18862923109991425,0.01810227134064292,0.18887570887233684,0.017884726393942653,0.017874195242261574
4000,2320,0.18721299685628173,0.018321579845535837,0.18721299685628173,0.01831928950489991,8.881784197001252e-16,0.005357355463867356,0.18718597700028794,0.018225867159721028,0.18718597700028794,0.018223588783918675,1.7763568394002505e-15,0.004781735754708388,0.18702959285009135,0.018278063559213874,0.1871667477526342,0.018242623125077864,0.18769888571850835,0.018150649852562883,0.018111408777924692
4000,2321,0.18805961711918812,0.01872688370516295,0.18805961711918812,0.018724542698377734,1.7763568394002505e-15,0.0067235083095107465,0.1882454246192129,0.01875022694420155,0.1882454246192129,0.018747883019329063,3.552713678800501e-15,0.0048107838568332215,0.18680257032354208,0.01888406075176691,0.1882903137148415,0.01877251369393586,0.18844925609761026,0.018725841393838375,0.018707110797583117
4000,2322,0.15298177768662463,0.01744100665568485,0.15298177768662463,0.017438826393577987,1.7763568394002505e-15,0.011599769799459491,0.15246596075080504,0.01735706346998869,0.15246596075080504,0.017354893701435933,8.881784197001252e-16,0.011753056022739466,0.15248299517911684,0.017416407331824507,0.1524010199031316,0.017365381304949676,0.15070745013335513,0.017160954187425324,0.017267660528488927
4000,2323,0.17517181887495897,0.017642384904712944,0.17517181887495897,0.01764017946875149,8.881784197001252e-16,0.006005440726905475,0.17479126844779064,0.01758444761989852,0.17479126844779064,0.017582249426550362,8.881784197001252e-16,0.006015259491926761,0.17602786904154222,0.017683567833292807,0.17477521808408436,0.0175908227333964,0.17388590156768718,0.017661048177881417,0.017667448546477508
4000,2324,0.20028506669685847,0.018509697965430807,0.20028506669685847,0.018507384108560034,1.7763568394002505e-15,0.007359794719682594,0.2004875444856451,0.018404923947369346,0.2004875444856451,0.018402623188069483,1.7763568394002505e-15,0.006886939364203442,0.19963261906479424,0.01861370007979767,0.20050924888652455,0.01842030943763541,0.20038978213394143,0.0183370175732771,0.018270444785272927
4000,2325,0.16850740046667,0.01745588436909455,0.16850740046667,0.01745370224715727,8.881784197001252e-16,0.01607628224141021,0.1693315101787583,0.017375950440417925,0.1693315101787583,0.01737377831084629,8.881784197001252e-16,0.018212005314415643,0.170626319940063,0.017487441194931,0.16929536526592426,0.017381122262995218,0.16881228331648074,0.01801854588237606,0.018056981861943343
4000,2326,0.16565011861115486,0.018511840261789737,0.16565011861115486,0.018509526137115182,3.552713678800501e-15,0.01140578152135121,0.1666043191061119,0.018317832552624855,0.1666043191061119,0.01831554268042982,1.7763568394002505e-15,0.01011522131126573,0.16596216036293043,0.018427915471801642,0.16660299516838395,0.018335348417776443,0.16558588370439192,0.017579333423265033,0.01759094211489016
4000,2327,0.18615492352599355,0.01834377248806074,0.18615492352599355,0.018341479373171092,1.7763568394002505e-15,0.006521850902025399,0.1881045397629949,0.018256653900324396,0.1881045397629949,0.018254371675938914,8.881784197001252e-16,0.0064075299784775285,0.18808984151204883,0.018360071173312772,0.18802560965264925,0.01827037896204059,0.1885314600775383,0.017638656154377916,0.017637846259855854
4000,2328,0.20069053128807196,0.018558663976833256,0.20069053128807196,0.018556343998828464,1.7763568394002505e-15,0.014706162045138978,0.20023719961881292,0.018399710285790773,0.20023719961881292,0.018397410178239343,8.881784197001252e-16,0.0179635477864084,0.20053259191264822,0.018449815174827598,0.20021758644487675,0.018414703952736578,0.2005399244148166,0.01869922299422452,0.01877505881654774
4000,2329,0.18550306827741192,0.017761560200199422,0.18550306827741192,0.01775933986639486,8.881784197001252e-16,0.008587844073747204,0.1856263074654378,0.017638953049655664,0.1856263074654378,0.017636748042702908,8.881784197001252e-16,0.007455116495050588,0.18550298886254663,0.017684524477492823,0.18560621462175553,0.017643258716463307,0.18501586668606784,0.018066987600160997,0.018065333686194986
4000,2330,0.17700796040560085,0.01812767428499504,0.17700796040560085,0.018125408184069255,1.7763568394002505e-15,0.010168818625534008,0.17742516721332724,0.017992042060365643,0.17742516721332724,0.017989792914527698,8.881784197001252e-16,0.00982340135714444,0.1761241014181366,0.01804986009558282,0.1774295913282523,0.01800108276420449,0.17723390891570895,0.018233788054028227,0.01821800910319195
4000,2331,0.1885128887023918,0.017897862182159816,0.1885128887023918,0.017895624809542515,8.881784197001252e-16,0.01283470987424555,0.18835615968227132,0.0178598991756339,0.18835615968227132,0.01785766654868904,8.881784197001252e-16,0.013239034301061594,0.18863920572249188,0.017967824563491157,0.18831876995782082,0.017871278276975523,0.18809622646210766,0.017796780460242006,0.017897785440541915
4000,2332,0.18209040264619075,0.018948506047248546,0.18209040264619075,0.01894613733593893,1.7763568394002505e-15,0.015316907791861348,0.18204583912984007,0.018752254195551397,0.18204583912984007,0.018749910017256653,3.552713678800501e-15,0.013390937900626553,0.1823846497188169,0.018769675503759718,0.1820594729013955,0.01878275186958304,0.18179992614431123,0.019576425437408434,0.01964947286291079
4000,2333,0.17707219576885735,0.017928881538683977,0.17707219576885735,0.01792664028840474,1.7763568394002505e-15,0.019405782241674052,0.17829728387242594,0.017839418823415727,0.17829728387242594,0.017837188756674914,8.881784197001252e-16,0.021055338186664146,0.1780626084053516,0.017968353224523684,0.17829399503449267,0.01784964166834316,0.17872945135132756,0.01829849561342747,0.018348468812509823
4000,2334,0.17020394983421544,0.017939232123090378,0.17020394983421544,0.017936989578907218,1.7763568394002505e-15,0.009314993410100041,0.1712147607952776,0.017906015651954103,0.1712147607952776,0.01790377726008937,1.7763568394002505e-15,0.011057212297489582,0.17044009095616774,0.017993922946368982,0.17119355673028852,0.01791381102064163,0.17103806081092576,0.018139858601435226,0.018171085434648408
4000,2335,0.18412108109168251,0.0182067494830052,0.18412108109168251,0.01820447349706181,8.881784197001252e-16,0.011839444410521203,0.18445570208340262,0.01810157879903508,0.18445570208340262,0.018099315960248937,8.881784197001252e-16,0.01100810431559175,0.18535623266122198,0.018238624490382323,0.18446999676993192,0.01811573422391999,0.18494108625978073,0.01800775984504773,0.01800900443478807
4000,2336,0.16678284900537282,0.01779768804809212,0.16678284900537282,0.017795463198024285,8.881784197001252e-16,0.023010748961765946,0.1665479686910144,0.017713576387841715,0.1665479686910144,0.01771136205238862,8.881784197001252e-16,0.02210886795462093,0.1664114667499429,0.01786056257247779,0.16655052343305166,0.017731605086207036,0.1674586455296762,0.0177485515042004,0.017752534528173748
4000,2337,0.1789120203451589,0.01790301958212642,0.1789120203451589,0.017900781564793827,8.881784197001252e-16,0.010602719472284706,0.1794636920126949,0.017812960336742744,0.1794636920126949,0.0178107335775195,8.881784197001252e-16,0.011007966954995093,0.17992037681327505,0.017912104833116706,0.17941779430098792,0.017821500069236034,0.17981487712072008,0.01783328916278146,0.01783829794710719
4000,2338,0.17311198622456941,0.01836436392185796,0.17311198622456941,0.018362068232878195,1.7763568394002505e-15,0.0016835652852949265,0.17172786558311287,0.018216302426542867,0.17172786558311287,0.018214025246406893,1.7763568394002505e-15,0.0020568534956081036,0.1722555963264935,0.018334439236947962,0.1717679778764406,0.018234169307873145,0.17226078629134622,0.018570482168153917,0.01855717790554471
4000,2339,0.18314386499943636,0.017829542917373896,0.18314386499943636,0.017827314085198505,1.7763568394002505e-15,0.012234457310056457,0.18202498081275786,0.017732361222127072,0.18202498081275786,0.017730144538422917,1.7763568394002505e-15,0.01215624784987027,0.1809416644143661,0.01784429481283592,0.18201106005079248,0.017743801741390886,0.18163314227307698,0.017933072316793527,0.017932593587000834
4000,2340,0.20208998161228264,0.018584669957459967,0.20208998161228264,0.0185823467285044,8.881784197001252e-16,0.006649202598478782,0.20280522240190912,0.018523344100662052,0.20280522240190912,0.01852102853791775,8.881784197001252e-16,0.0069491844641528045,0.2019612655848031,0.018703738946504015,0.2028266919612819,0.018536694660439102,0.20367068007928668,0.01905082806833437,0.019118469894328655
4000,2341,0.20095710110683013,0.018201650145796607,0.20095710110683013,0.01819937479731021,1.7763568394002505e-15,0.010340224993208073,0.20135368324833142,0.018096941415525928,0.20135368324833142,0.018094679156448957,1.7763568394002505e-15,0.011232076477336149,0.20077519169490388,0.018223855415394424,0.2013577588075237,0.018110605061926553,0.20228749129142748,0.018013527581480435,0.017921174995773875
4000,2342,0.18357992092991626,0.01808317672265629,0.18357992092991626,0.018080916184273477,8.881784197001252e-16,0.014652272217191778,0.18363059501180046,0.01794906427796612,0.18363059501180046,0.01794682050468678,1.7763568394002505e-15,0.013281330244110188,0.18348159952869608,0.01809603402911269,0.18358758650121604,0.017955481885440647,0.18401932304510882,0.01839515410634104,0.018394386696497237
4000,2343,0.19632235638513512,0.01783856969613253,0.19632235638513512,0.017836339735539268,8.881784197001252e-16,0.009704875798945831,0.19688412384846993,0.017741253219476106,0.19688412384846993,0.017739035424202805,8.881784197001252e-16,0.009712160564092407,0.19542121316322808,0.017897245719529782,0.19681018245634846,0.01775279351609585,0.19753119756924503,0.017594979582378496,0.017554181057248094
4000,2344,0.2021168233482542,0.01781346311032662,0.2021168233482542,0.017811236288252753,1.7763568394002505e-15,0.009435181939523864,0.2007539533353052,0.017720739532007052,0.2007539533353052,0.017718524301104967,8.881784197001252e-16,0.010055230053225138,0.2017172464592295,0.017778703209820546,0.20070332273155989,0.017728744559625247,0.2017908285035146,0.018340110768736696,0.018303548497411417
4000,2345,0.16324194536985187,0.018001144316752708,0.16324194536985187,0.017998894033061597,1.7763568394002505e-15,0.012845210286710913,0.16307214458246166,0.017874303535226326,0.16307214458246166,0.017872069107623973,1.7763568394002505e-15,0.01440378472063356,0.16313980411852358,0.01796605731290122,0.16309209733339364,0.017887378852467033,0.16366364804664946,0.018686064107424925,0.01869050343841225
4000,2346,0.19502887329165702,0.018546925564223323,0.19502887329165702,0.018544607053611824,8.881784197001252e-16,0.010838021689845819,0.1959339850816748,0.018412711419952064,0.1959339850816748,0.018410409687157278,8.881784197001252e-16,0.010599391264368494,0.19741296143512965,0.018715225258500695,0.19597330563212717,0.018438904522075885,0.1930050293218018,0.018359101267095272,0.018360504729343533
4000,2347,0.1721627207424304,0.019852652901959766,0.1721627207424304,0.01985017116522878,7.105427357601002e-15,0.007797352851091722,0.1711563166735573,0.01930096771140467,0.1711563166735573,0.019298554939633082,7.105427357601002e-15,0.007563954307849024,0.1715948818812172,0.01974941331595907,0.1711749392364672,0.01935052863647509,0.17180138297325392,0.018231880581309427,0.018208422119822255
4000,2348,0.20402387421543206,0.017662287147580644,0.20402387421543206,0.017660079223683324,8.881784197001252e-16,0.019526361196731776,0.20270751501269613,0.017554683844028973,0.20270751501269613,0.017552489371385357,8.881784197001252e-16,0.021160759093866836,0.2035530526125961,0.017645560420095175,0.20268638747542983,0.01756127326941957,0.2009879727333339,0.018334569584211844,0.018330524266190612
4000,2349,0.16644196587400945,0.017743235675500076,0.16644196587400945,0.01774101763240428,8.881784197001252e-16,0.023047255158227208,0.16826297927912404,0.01764905179410299,0.16826297927912404,0.017646845524728273,8.881784197001252e-16,0.022489833791063073,0.16890782080720024,0.01768209105143176,0.16823265155093953,0.017655939842608485,0.16733638239234827,0.017973396290230675,0.017994590950126035
4000,2350,0.18332593789094687,0.01785246583807528,0.18332593789094687,0.0178502341403557,8.881784197001252e-16,0.007190175595743735,0.1820831272133424,0.01779597676435709,0.1820831272133424,0.017793752128213092,8.881784197001252e-16,0.006865158206037073,0.1822222399251806,0.01786598745715846,0.18204697312615575,0.01780375136064745,0.18256238349189363,0.018172738668945886,0.018102656013537666
4000,2351,0.20795124233716394,0.01815413036942584,0.20795124233716394,0.018151860961282792,1.7763568394002505e-15,0.01205629698160633,0.2082565136934469,0.01807118544267394,0.2082565136934469,0.018068926403294817,8.881784197001252e-16,0.01301732207308402,0.20854090771828482,0.018133867075267013,0.20822661283275773,0.018080832020044263,0.20781760749844036,0.018168308685703547,0.018113197707770996
4000,2352,0.1731088981517167,0.018102510072239533,0.1731088981517167,0.018100247117036963,8.881784197001252e-16,0.010449598429142807,0.17223504020100777,0.01790148700481022,0.17223504020100777,0.017899249179061768,8.881784197001252e-16,0.01024109056330111,0.17024844273650186,0.018010768534825188,0.17222169767658202,0.017909991318644826,0.1723119985386286,0.018111536465461257,0.01819486714568456
4000,2353,0.2152481737223853,0.018528556986268714,0.2152481737223853,0.01852624077187298,1.7763568394002505e-15,0.007149221916061359,0.21617961736467312,0.018428049333630087,0.21617961736467312,0.018425745683476248,1.7763568394002505e-15,0.00799216673123794,0.2174844161430532,0.018549599388642955,0.2162233896227599,0.01844546590923389,0.21638726665939317,0.01921779396922197,0.01895190859346704
4000,2354,0.16732410057549046,0.017824929723550646,0.16732410057549046,0.01782270146806053,8.881784197001252e-16,0.013588016243035848,0.16667146589110698,0.017766962734003234,0.16667146589110698,0.017764741724839734,8.881784197001252e-16,0.012678142672730049,0.16717131318008122,0.017893172933933714,0.16661069417708774,0.017774296347796145,0.16734301144442681,0.017791012536198945,0.01781570960200235
4000,2355,0.16080569543805368,0.01758464087219057,0.16080569543805368,0.017582442654684362,8.881784197001252e-16,0.00632286635673968,0.16108023142731542,0.017538601173656385,0.16108023142731542,0.017536408711472228,8.881784197001252e-16,0.005667466057292569,0.16090690599257318,0.01764665939903478,0.1609801712166442,0.01754255509476138,0.1607526194193618,0.017262184718293643,0.017347830593999188
4000,2356,0.19451787232945428,0.018693159905830127,0.19451787232945428,0.018690823114783327,1.7763568394002505e-15,0.008682588286997755,0.19450580040633964,0.018595766221396637,0.19450580040633964,0.018593441605321375,8.881784197001252e-16,0.009103771922057625,0.19507701940477695,0.01876603209723965,0.194523340549641,0.018620668527760304,0.19465799599889544,0.018210567524665013,0.01820786295672074
4000,2357,0.18559571787966372,0.019882331729095617,0.18559571787966372,0.019879846282279345,1.7763568394002505e-15,0.007270998651934624,0.18630706156326593,0.019500945998058898,0.18630706156326593,0.01949850822743895,1.7763568394002505e-15,0.005782348782141895,0.18662554285620675,0.01973422426696383,0.18632763558621812,0.019533584742566133,0.185858543527946,0.01894265567463139,0.01894993870971883
4000,2358,0.18586068458826122,0.018966324691840508,0.18586068458826122,0.018963953753061095,1.7763568394002505e-15,0.012642722220759446,0.18596721377256775,0.01894098412647962,0.18596721377256775,0.018938616355468868,1.7763568394002505e-15,0.01156785949198637,0.18587794044692985,0.019080066491903684,0.18598575695950187,0.018963198024569777,0.18657580268457313,0.01828932995021508,0.018292478346476612
4000,2359,0.20393956853509437,0.019815766829545965,0.20393956853509437,0.01981328970386224,7.105427357601002e-15,0.011383298638307478,0.20320133177976557,0.01947231466273034,0.20320133177976557,0.019469880471251023,1.7763568394002505e-15,0.011576770555185174,0.20317406958904105,0.019475063492520196,0.20322849526854575,0.019519274309701733,0.2020135682482389,0.01928756241145337,0.01964580874861069
4000,2360,0.17967234837155815,0.01806320177756029,0.17967234837155815,0.01806094373620169,1.7763568394002505e-15,0.002721078591028839,0.18147003100169046,0.017944912722810652,0.18147003100169046,0.017942669468508147,8.881784197001252e-16,0.002800935177805921,0.18141757751530868,0.018038040264201277,0.18144091262117085,0.01795200112503021,0.18177140994383745,0.018105621317101844,0.01788829919775576
4000,2361,0.1686639022777131,0.017336037264519794,0.1686639022777131,0.017333870124407007,8.881784197001252e-16,0.007667082597903337,0.16891238041537177,0.017235691657800187,0.16891238041537177,0.017233537061672285,8.881784197001252e-16,0.007025361337144101,0.1681701358234578,0.017310162379885703,0.1688663702582634,0.017241602448244235,0.16860439646441322,0.017761079355175766,0.017807373103873893
4000,2362,0.17151513305883626,0.017909964921361647,0.17151513305883626,0.017907726035807384,1.7763568394002505e-15,0.015263316967287213,0.17197107404492823,0.017772413272565332,0.17197107404492823,0.017770191582041923,8.881784197001252e-16,0.013821173299899042,0.17143332251187,0.01784305518280803,0.17197392734393258,0.01777779690814516,0.1722957008407403,0.018029767157288847,0.018119871770079225
4000,2363,0.19267161541824074,0.017738828466863244,0.19267161541824074,0.017736610974702968,8.881784197001252e-16,0.0207737695219831,0.1924307403905285,0.01767586710070512,0.1924307403905285,0.017673657479207558,8.881784197001252e-16,0.022064323134280545,0.1917079654395064,0.017798344864354963,0.1924167445546195,0.017685414877808756,0.1921128182776568,0.017817468566642323,0.01779387762524437
4000,2364,0.17669814519382154,0.018718888565275062,0.17669814519382154,0.018716548557944804,3.552713678800501e-15,0.01710789387565678,0.17619557589114582,0.018534886374569935,0.17619557589114582,0.018532569368951212,3.552713678800501e-15,0.017286748841819865,0.1747562035361206,0.018568539464892224,0.17621245572235694,0.018551609128112306,0.1760610072557225,0.018383586625366655,0.018375813578094872
4000,2365,0.19452764636433845,0.01873648096355352,0.19452764636433845,0.01873413875703602,1.7763568394002505e-15,0.014956037018033776,0.1940784680528198,0.018618791097231094,0.1940784680528198,0.018616463602866447,3.552713678800501e-15,0.014521260164587785,0.19406417102336226,0.01868938089339995,0.19406747359847343,0.018639508936311718,0.19476117661193548,0.018695223740558993,0.01872783718495798
4000,2366,0.15647128409699823,0.01828920262465485,0.15647128409699823,0.018286916331424506,8.881784197001252e-16,0.014937750064614152,0.15654523835278367,0.018199224861047712,0.15654523835278367,0.018196949815740864,1.7763568394002505e-15,0.013297877447358534,0.1567817887050056,0.018302418504534027,0.1565287716661215,0.018215528257982783,0.1569901721925417,0.01773398972910982,0.01779453004586403
4000,2367,0.18722994160413936,0.018700779211238208,0.18722994160413936,0.0186984414677187,1.7763568394002505e-15,0.017752802653247884,0.18585822019786563,0.018599392680541036,0.18585822019786563,0.018597067611130048,1.7763568394002505e-15,0.016993411234327054,0.18569739086699738,0.018735697625686908,0.18587757173699632,0.01862143308840298,0.18684981118683996,0.018565024155655172,0.018537702806105564
4000,2368,0.18641426617186357,0.01819148192315529,0.18641426617186357,0.018189207845776177,1.7763568394002505e-15,0.009196167542031196,0.18558148676545821,0.01810067718489059,0.18558148676545821,0.01809841445881326,8.881784197001252e-16,0.008925341783842666,0.1868750133377779,0.018472138777093135,0.18558823140291175,0.018114218587763575,0.18548893992820353,0.018098598808445134,0.018045323949222442
4000,2369,0.18902295815060755,0.01827702734230848,0.18902295815060755,0.018274742571083566,3.552713678800501e-15,0.006109831738236284,0.18958726292034955,0.018133499447716833,0.18958726292034955,0.018131232618600196,8.881784197001252e-16,0.006733966312435964,0.1893979946823235,0.018266391016482027,0.18955038442032024,0.018151534958986876,0.18900799487601255,0.018025672075874213,0.018018777500330645
4000,2370,0.17231345662873798,0.019081754962046574,0.17231345662873798,0.019079369593581468,1.7763568394002505e-15,0.009689334996925845,0.17206075755370487,0.018822070941707066,0.17206075755370487,0.01881971803577354,1.7763568394002505e-15,0.010539134498342628,0.1728016228423775,0.01895719786061264,0.17212951130333787,0.018839984168839707,0.17250435854422985,0.019602268249396145,0.01959622587952277
4000,2371,0.1932455711480171,0.01784127805999087,0.1932455711480171,0.017839047760830958,8.881784197001252e-16,0.014766212001505751,0.19395218817476212,0.017745946718298856,0.19395218817476212,0.01774372833630153,8.881784197001252e-16,0.012233192375773257,0.19366869012373594,0.01788132107433359,0.193942945571778,0.017756036270797557,0.19244363838503364,0.017535285148267507,0.01760210330548016
4000,2372,0.18274830922789348,0.01850017747700989,0.18274830922789348,0.018497864810274562,8.881784197001252e-16,0.009943377936590557,0.18126171846967454,0.018374158831420552,0.18126171846967454,0.01837186191800056,1.7763568394002505e-15,0.00938739293764948,0.18269225045498655,0.018619620448404203,0.18123154979990957,0.018387007737619893,0.180210906646473,0.018179783343612494,0.018163811199445275
4000,2373,0.18327827693604515,0.018770852428359228,0.18327827693604515,0.018768505925140063,1.7763568394002505e-15,0.0025112225925690655,0.1850771610525207,0.018546606042761777,0.1850771610525207,0.01854428757209296,1.7763568394002505e-15,0.003384247071452713,0.18488574358988802,0.018644674342447806,0.18503245505182492,0.01856572712186843,0.18431184002369055,0.0184269456759835,0.01841179991292033
4000,2374,0.19533875595488986,0.01844536011414279,0.19533875595488986,0.018443054300006125,1.7763568394002505e-15,0.008777464182905769,0.19420156092571395,0.018219993512727954,0.19420156092571395,0.01821771587117737,1.7763568394002505e-15,0.009804088363127687,0.19532205866994712,0.018324730225305647,0.19420389322033832,0.01823723478763412,0.19391307196625812,0.018407481207910654,0.018430921161442206
4000,2375,0.18600530266632137,0.017921084471758986,0.18600530266632137,0.017918844196174042,1.7763568394002505e-15,0.004951879611239153,0.1856892348672592,0.017784849141032757,0.1856892348672592,0.017782625895928626,8.881784197001252e-16,0.005420396710830649,0.18461980978326636,0.01783984309301562,0.18564521626251246,0.01779501079372682,0.18608333298219726,0.018087830462253155,0.018090923136138477
4000,2376,0.2046949168009713,0.019220935683301056,0.2046949168009713,0.01921853291615831,1.7763568394002505e-15,0.00902429632336676,0.20495994835069986,0.019218445679531567,0.20495994835069986,0.019216043223658746,3.552713678800501e-15,0.008372479367386663,0.20558165719687171,0.019390253705209238,0.20501721275202217,0.019251468577606574,0.2051296428768401,0.018764155458278167,0.018788302870604984
4000,2377,0.19302005532104366,0.018141525459462116,0.19302005532104366,0.0181392576270313,8.881784197001252e-16,0.01499447881446018,0.19281421613074967,0.018039042036055757,0.19281421613074967,0.018036787014853617,1.7763568394002505e-15,0.015903081721784187,0.1923036997712707,0.01811299818171522,0.19280248164025898,0.0180535957625389,0.19188197170512306,0.018396947337046256,0.01839783171600228
4000,2378,0.20114591183051694,0.018428981342818677,0.20114591183051694,0.01842667757615641,8.881784197001252e-16,0.0020100607614761175,0.2010709586373453,0.01827605224141804,0.2010709586373453,0.018273767592088354,8.881784197001252e-16,0.001776212140706349,0.20205211136613227,0.01838233326485823,0.20103150267356928,0.018282832229459527,0.2001460840738638,0.018035951937008823,0.017994412678545266
4000,2379,0.2122379188033583,0.017433844442920992,0.2122379188033583,0.01743166507614669,8.881784197001252e-16,0.01299411864326326,0.21316083504169225,0.01734701432784541,0.21316083504169225,0.017344845815513942,3.552713678800501e-15,0.013859334609967211,0.2139495530682633,0.017445040891906943,0.21311887778246358,0.017347021718410977,0.21220933066628428,0.01807834150969452,0.017975655237738912
4000,2380,0.20471087810042465,0.01745298631034687,0.20471087810042465,0.017450804550689574,8.881784197001252e-16,0.0045993467473114885,0.20493355148838882,0.01737305020722433,0.20493355148838882,0.017370878440204504,8.881784197001252e-16,0.004687811125241293,0.2052152099471231,0.017442433713795287,0.20488370904143316,0.017379842499104275,0.20588866882009965,0.0174496173069327,0.017467759828637963
4000,2381,0.1978617832350676,0.020462381557831578,0.1978617832350676,0.020459823600254508,1.7763568394002505e-15,0.004923999273118474,0.1960735975201442,0.020224438994466916,0.1960735975201442,0.020221910781569426,8.881784197001252e-16,0.005005796193831598,0.19600462257053064,0.020493652406406198,0.19617879506835,0.02029065121036607,0.19525221524157232,0.01970709269675746,0.02012740349889001
4000,2382,0.19152243693218018,0.01862839341968554,0.19152243693218018,0.018626064724955562,1.7763568394002505e-15,0.007441317424112819,0.1906547150545313,0.0184797405658892,0.1906547150545313,0.01847743045392744,3.552713678800501e-15,0.00647177416736001,0.1937016605622892,0.01874906770642323,0.19070412795198383,0.018504002157895657,0.19134527745159774,0.0187852758299971,0.01879561034988018
4000,2383,0.17434992323445359,0.019227860913913392,0.17434992323445359,0.019225457281062713,1.7763568394002505e-15,0.010388134261376025,0.17445092478167856,0.0190723831190445,0.17445092478167856,0.019069998922133,1.7763568394002505e-15,0.00976405596530076,0.1744786177390884,0.019227241194337222,0.17450649323037415,0.019096353324398026,0.17253910980418857,0.018067105321094016,0.018054895034102368
4000,2384,0.18543921566332855,0.018304908929773735,0.18543921566332855,0.018302620673132534,8.881784197001252e-16,0.007937330616223644,0.1860063189170077,0.01820542345769439,0.1860063189170077,0.018203147637514527,1.7763568394002505e-15,0.007344221298054844,0.18436186537024274,0.018423557462197444,0.18597112472314115,0.018220660217684263,0.18685317175381516,0.018141795724226886,0.018125937146669324
4000,2385,0.20043026250926,0.0187186082624596,0.20043026250926,0.018716268290169386,1.7763568394002505e-15,0.008590898018966989,0.20029230441495988,0.018616031610457304,0.20029230441495988,0.018613704461050068,1.7763568394002505e-15,0.008076071743807544,0.20098460467957163,0.01872719136946001,0.2002991224117066,0.018631216853064517,0.19786042947512933,0.018530002404274565,0.018472389634527773
4000,2386,0.18148343033868175,0.018553489781440353,0.18148343033868175,0.018551170450250412,8.881784197001252e-16,0.0031466111391798713,0.18213575179384617,0.018460424121402218,0.18213575179384617,0.01845811642414695,1.7763568394002505e-15,0.003433036400817082,0.18306522036175865,0.018599232316767505,0.18214982549284908,0.01846546994391015,0.18344849713574163,0.018348379029978462,0.018361568840347477
4000,2387,0.19894949677856616,0.018889987789009476,0.19894949677856616,0.01888762639293937,1.7763568394002505e-15,0.012658505573300775,0.19840482425821626,0.018779190056949526,0.19840482425821626,0.018776842511461646,1.7763568394002505e-15,0.013882011264097209,0.20030668957250153,0.018909529385456984,0.19839983999840582,0.01879770464889541,0.19867837464773624,0.018579605186527636,0.01858045726819103
4000,2388,0.1768622644664148,0.0189652285160657,0.1768622644664148,0.01896285771431682,8.881784197001252e-16,0.011936851583633914,0.17796496118762872,0.0189443203275564,0.17796496118762872,0.018941952139494445,3.552713678800501e-15,0.0111686948431635,0.17742791387546253,0.019032216287323944,0.17799747993143744,0.018965819928317678,0.17778737001515538,0.018491970759481016,0.018459489070004966
4000,2389,0.1925682323652697,0.02029524830965704,0.1925682323652697,0.020292711245041884,8.881784197001252e-16,0.004660616264727772,0.1923103138142634,0.019998288168108565,0.1923103138142634,0.019995788225831396,7.105427357601002e-15,0.004385815845294562,0.19267381604545286,0.02048738053271938,0.19232449730676154,0.020056068226804266,0.19301641221445603,0.01919035277655796,0.019290783598436303
4000,2390,0.16275782478903195,0.017815963064761933,0.16275782478903195,0.017813735930174227,1.7763568394002505e-15,0.005145057145968653,0.16221208564806017,0.017705840958196925,0.16221208564806017,0.017703627589732974,1.7763568394002505e-15,0.0048255403298615735,0.16271968365593192,0.01780246440563846,0.16219550782891312,0.017719495728665307,0.1629280362367556,0.0177293235998458,0.01776535689190426
4000,2391,0.20269667923284346,0.01837633605497973,0.20269667923284346,0.018374038869389785,1.7763568394002505e-15,0.00849137229707412,0.20220085650843855,0.018282934468835773,0.20220085650843855,0.018280648959173886,1.7763568394002505e-15,0.007954753546019223,0.20232453042799958,0.018425632158220906,0.20217953403708544,0.018300553389701046,0.20175965927129696,0.017693298896736084,0.017705002989358877
4000,2392,0.16394216695430003,0.018529187546287965,0.16394216695430003,0.018526871253067304,8.881784197001252e-16,0.014177247577987299,0.16327029151277145,0.018422683251105094,0.16327029151277145,0.018420380271753498,8.881784197001252e-16,0.012079815977654928,0.16285174038433342,0.018615636129876986,0.16323535616397672,0.0184280576468423,0.16100108867049723,0.01830340373945115,0.018280661475455037
4000,2393,0.17734387317787514,0.01924209262389328,0.17734387317787514,0.019239687211967647,8.881784197001252e-16,0.012966674615604922,0.17830447044642056,0.019105296505241055,0.17830447044642056,0.01910290819389911,1.7763568394002505e-15,0.015306398745576542,0.17842509010413643,0.019243136244946574,0.17833234813127308,0.01912160519543788,0.17848229458374854,0.018496769992265873,0.018496106697089468
4000,2394,0.16938067229795956,0.017852245207862646,0.16938067229795956,0.01785001353772356,8.881784197001252e-16,0.008311181597049671,0.1707125049918215,0.017793888856732398,0.1707125049918215,0.01779166448159317,8.881784197001252e-16,0.009319620389090517,0.17128750905851642,0.01796848086642696,0.17070550463959305,0.017802388173452227,0.16906319901777345,0.017921135612189363,0.017980901906121376
4000,2395,0.16959547071380238,0.018224187304710853,0.16959547071380238,0.018221909138903505,1.7763568394002505e-15,0.010162689976381886,0.16978326934871074,0.018227278390929354,0.16978326934871074,0.018224999838712074,1.7763568394002505e-15,0.011238813412397528,0.16946750483057804,0.018406737965609342,0.169749494093064,0.018241366794584275,0.16946809450286227,0.017860170939823228,0.017886503992522403
4000,2396,0.17132164010448792,0.018995100735972516,0.17132164010448792,0.018992726199962742,3.552713678800501e-15,0.004481445756944105,0.1724042225465064,0.01895057708159308,0.1724042225465064,0.018948208111387987,3.552713678800501e-15,0.004398383852356081,0.1722345939694886,0.019137488747295237,0.17243947420266392,0.018975199662983493,0.17096223938206112,0.018288408768602316,0.018253981065206953
4000,2397,0.18614260567837948,0.01821989480067323,0.18614260567837948,0.018217617171462423,1.7763568394002505e-15,0.010792982517454709,0.18740736553902004,0.018067716623652717,0.18740736553902004,0.018065458017903078,8.881784197001252e-16,0.01190389052782092,0.18746986767788837,0.01812105042223806,0.18742770750497112,0.01807528084299788,0.1862189970826419,0.018693894366960534,0.01858447589114555
4000,2398,0.1927578965133373,0.01762945116485873,0.1927578965133373,0.01762724734571582,8.881784197001252e-16,0.015497887408419708,0.19384714630059258,0.01756610250757551,0.19384714630059258,0.01756390660750973,8.881784197001252e-16,0.014961681695892957,0.19368728374349847,0.017670963510365855,0.19386442231078305,0.017569121774342396,0.19131907608743115,0.018134115104855734,0.01800557976682985
4000,2399,0.23929736683970215,0.02200453782404192,0.23929736683970215,0.022001787084881975,1.4210854715202004e-14,0.007766735468433797,0.24035835193396765,0.022099245550761638,0.24035835193396765,0.022096482972395852,1.7763568394002505e-15,0.007238359631504482,0.2394042216119484,0.02304818634151111,0.24056497612811223,0.022189602223140356,0.23726255937637997,0.021332531249797018,0.02473400693663068
4000,2400,0.18381217111906312,0.02143478147795701,0.18381217111906312,0.0214321019627921,3.552713678800501e-15,0.007119456621546911,0.18317487328990445,0.021215309696406816,0.18317487328990445,0.021212657616929434,1.7763568394002505e-15,0.007771218174688326,0.18277220378261422,0.020889622864100378,0.18327279000826713,0.02128994146149438,0.18073005274207088,0.01932258018002903,0.01933702322596402
4000,2401,0.23381620291365468,0.01887434947594051,0.23381620291365468,0.01887199003478173,1.7763568394002505e-15,0.007726400501814111,0.23409538841419436,0.018789129459103285,0.23409538841419436,0.01878678067111247,1.7763568394002505e-15,0.008182926537492871,0.23444641077718442,0.018918270999589808,0.2341165823995467,0.018814850418926176,0.2340856693159456,0.017907374612395506,0.018201905235450663
4000,2402,0.19769244547219578,0.0189472987765334,0.19769244547219578,0.018944930216142054,3.552713678800501e-15,0.012872791348730385,0.19747321098434045,0.018795695045867335,0.19747321098434045,0.01879334543712688,8.881784197001252e-16,0.012429065715920956,0.19509696581514224,0.01894633175689046,0.19752897469798902,0.01881808368109381,0.19889571681977852,0.019146620955535484,0.019383469976641178
4000,2403,0.18211159384864972,0.01866139551403251,0.18211159384864972,0.018659062693782875,8.881784197001252e-16,0.01008866815531295,0.18164902335967575,0.01847175714504865,0.18164902335967575,0.01846944803107687,8.881784197001252e-16,0.012894111241061856,0.1816658502910909,0.018600763658550075,0.1816489556353309,0.018489447325803793,0.1809329220438608,0.01789861522215282,0.017900792212093345
4000,2404,0.17139433550798905,0.018591293071752776,0.17139433550798905,0.01858896901485617,8.881784197001252e-16,0.011172614505621835,0.1710933799926384,0.018414373530633885,0.1710933799926384,0.018412071590062275,1.7763568394002505e-15,0.012656381605797165,0.17139772855382568,0.018500842333733974,0.17108496673164975,0.018429506056812827,0.1704271428412697,0.018073682169820082,0.018051791882306593
4000,2405,0.18668787962569228,0.018633527957825385,0.18668787962569228,0.018631198621238024,1.7763568394002505e-15,0.006307947604164084,0.18682028371400367,0.018554246033513144,0.18682028371400367,0.018551926607785787,8.881784197001252e-16,0.006785732030084545,0.1891389756565417,0.018703557543628426,0.18686207826279527,0.01856892706936548,0.186143971658222,0.018179905315071385,0.01810545279304257
4000,2406,0.20679477647672762,0.020937470706746435,0.20679477647672762,0.02093485335931365,1.3322676295501878e-15,0.019333302998112582,0.2052683326919596,0.020373309393451756,0.2052683326919596,0.020370762570591196,8.881784197001252e-16,0.02121928503372241,0.20536078487840753,0.020922089898769758,0.20535680839701104,0.020427007632063707,0.2048123701462951,0.021287609584839186,0.021452332593287732
4000,2407,0.19761536646832728,0.018708823575346915,0.19761536646832728,0.018706484826219043,1.7763568394002505e-15,0.005606378684148591,0.19873595743926492,0.0186805314070375,0.19873595743926492,0.018678196194651726,1.7763568394002505e-15,0.005472097749860906,0.19868847665718214,0.01897626757337398,0.19871827415524684,0.018705719810365867,0.19898960570708824,0.018657841728171597,0.01879081743468192
4000,2408,0.15849820473613574,0.01840076046657355,0.15849820473613574,0.018398460227741314,1.7763568394002505e-15,0.016733378391611764,0.157693329465927,0.018232800298599305,0.157693329465927,0.01823052105610042,1.7763568394002505e-15,0.015428639045908478,0.158339958514096,0.018348961712705045,0.15771262055151503,0.018251893641396916,0.15949539602417512,0.018858550328924997,0.018848995746962964
4000,2409,0.20948318258825838,0.018947917623295736,0.20948318258825838,0.01894554898554371,1.7763568394002505e-15,0.008558301523068034,0.20889360120736478,0.01896654952935306,0.20889360120736478,0.0189641785624672,1.7763568394002505e-15,0.009894572732708114,0.2096967253883507,0.019109557074318304,0.2089524649750814,0.019006434495563235,0.20847184171081073,0.018378617680198224,0.018675213202479977
4000,2410,0.1764810258534405,0.017819738177745507,0.1764810258534405,0.017817510571239183,1.7763568394002505e-15,0.013802574148116656,0.17711244679589283,0.017709450478311985,0.17711244679589283,0.017707236658629815,8.881784197001252e-16,0.012185128997609502,0.17560710291351145,0.017787336509609362,0.17709482469651844,0.017719766747645794,0.1772863496064641,0.01822920666288743,0.018229301472926823
4000,2411,0.1913101313733105,0.018411862210006107,0.1913101313733105,0.0184095605833692,1.7763568394002505e-15,0.023954952044933822,0.19265924861474376,0.01832656900761134,0.19265924861474376,0.01832427804329117,8.881784197001252e-16,0.02628447070296826,0.19220679180978156,0.018492803047816263,0.1926369477211317,0.0183430037834221,0.19344349032045866,0.01840170238894991,0.01844204354805905
4000,2412,0.16800219389054494,0.018550736137789146,0.16800219389054494,0.018548417150826176,8.881784197001252e-16,0.01312331213320193,0.1685480131023423,0.01852770476397644,0.1685480131023423,0.018525388656115156,1.7763568394002505e-15,0.01217404034803536,0.168011509315255,0.018558054929198358,0.16857757302450788,0.018549995020759352,0.17013107299923524,0.019631147884757963,0.019605967036947423
4000,2413,0.18479032072438895,0.018866222848188757,0.18479032072438895,0.01886386442292194,3.552713678800501e-15,0.006938567024288277,0.18292715711773505,0.018641393394932627,0.18292715711773505,0.018639063075104167,3.552713678800501e-15,0.0067895331515989464,0.18417973100809704,0.018765633906637637,0.18292394848767163,0.018663363204877263,0.18350251493133685,0.018870523611872487,0.018853626389995028
4000,2414,0.1754352224648144,0.019234176947751494,0.1754352224648144,0.019231772525347232,3.552713678800501e-15,0.009703668854777739,0.17430296533395812,0.018975630783727913,0.17430296533395812,0.018973258681614296,8.881784197001252e-16,0.010626276070740247,0.1742185004569345,0.019138596803448694,0.17428916226101382,0.019007799396545982,0.17463352101194102,0.018290430182553732,0.0182422267852696
4000,2415,0.18576762360076893,0.018293567414250207,0.18576762360076893,0.018291280575387064,8.881784197001252e-16,0.007067829469593791,0.1857906061412511,0.018139306489766464,0.1857906061412511,0.018137038934724195,1.7763568394002505e-15,0.007630409510112941,0.18536989183513375,0.018225951281759138,0.18572894964072756,0.018152025305069774,0.18679206109336893,0.018077633734095558,0.018074722882121648
4000,2416,0.17370250770884116,0.017681203521733514,0.17370250770884116,0.017678993233141625,8.881784197001252e-16,0.008085330757578104,0.17404562159951753,0.017623104502178535,0.17404562159951753,0.017620901476418045,1.7763568394002505e-15,0.008664149984727773,0.1749477975403167,0.017703505466724702,0.17401780725870186,0.017633206156913384,0.17331661048624786,0.01785851847078204,0.01786825158587805
4000,2417,0.20332373149291794,0.018646539335263928,0.20332373149291794,0.01864420837215272,1.7763568394002505e-15,0.007974426666831945,0.20332253993014887,0.018537151643299384,0.20332253993014887,0.01853483435450437,1.7763568394002505e-15,0.007263591925347263,0.202407531349944,0.01868978735032906,0.2032880269534587,0.018549834694328176,0.2041816187073956,0.018040300796521545,0.01804306930708357
4000,2418,0.21333524235883417,0.018274853955932507,0.21333524235883417,0.01827256945639787,8.881784197001252e-16,0.0035691715973289796,0.2142359159370189,0.018139185907782854,0.2142359159370189,0.018136918367814274,1.7763568394002505e-15,0.0033171048825924366,0.21485718047842978,0.018221034804153532,0.21417172306269483,0.01815614260537236,0.21606175074273654,0.017890089747649336,0.017886850951864267
4000,2419,0.16369683950169717,0.019153905711547296,0.16369683950169717,0.019151511323674757,1.7763568394002505e-15,0.00894242178152891,0.16373620113337445,0.01878698389610769,0.16373620113337445,0.01878463537632902,1.7763568394002505e-15,0.008153932233273112,0.16434870478163377,0.019028060052200303,0.1637796457630773,0.018805965992198893,0.16644798734393484,0.019887044470048496,0.01983014559093366
4000,2420,0.1778101229033116,0.018095498702088,0.1778101229033116,0.01809323662336148,8.881784197001252e-16,0.006161172188510209,0.17810650394676492,0.018019969341648737,0.17810650394676492,0.018017716704682423,8.881784197001252e-16,0.005626091752429843,0.17928654392526538,0.01811007041270079,0.17806432000422673,0.018027381467496432,0.17768642847317578,0.018275228209305903,0.018300547557265717
4000,2421,0.18506246403250187,0.018333561978894634,0.18506246403250187,0.018331270140398415,8.881784197001252e-16,0.004556374683309957,0.1852857742453548,0.018200114423371272,0.1852857742453548,0.018197839266862182,1.7763568394002505e-15,0.005302447430065653,0.18546422204650842,0.01831268260417772,0.18526293945359296,0.0182162543464336,0.18435064656581562,0.017756829762536997,0.01777118037222653
4000,2422,0.22498699480926,0.01987912657290014,0.22498699480926,0.019876641526753436,8.881784197001252e-16,0.0021536891144582097,0.22514417845954682,0.01976349117843769,0.22514417845954682,0.019761020587618805,1.7763568394002505e-15,0.0018780908653445118,0.22528620219470674,0.019940098369294633,0.22521845655009165,0.01981865290374367,0.2224587244200485,0.01952257436688245,0.01960142428628589
4000,2423,0.16970403895008251,0.01817977352311202,0.16970403895008251,0.018177500909374394,1.7763568394002505e-15,0.006265310638497176,0.16981710417446894,0.018048377571295342,0.16981710417446894,0.018046121383078352,1.7763568394002505e-15,0.005809550813516337,0.16875064206967877,0.01818307781429791,0.16980565347545212,0.018065119592538443,0.1695700374209696,0.01762251980203482,0.01764432550276925
4000,2424,0.1629667363332803,0.018153580683724614,0.1629667363332803,0.018151311344296567,1.7763568394002505e-15,0.015362668876733232,0.1635689201685765,0.01813236280481232,0.1635689201685765,0.018130096117784922,8.881784197001252e-16,0.016095284094196045,0.16252783110764085,0.018214095686018106,0.1636133333207735,0.018147087014922385,0.1633145439134417,0.01867035256183548,0.01867118130323498
4000,2425,0.20737751470964372,0.018000112816346663,0.20737751470964372,0.01799786266160116,1.7763568394002505e-15,0.014090422993330637,0.2072657416702952,0.017893517433039657,0.2072657416702952,0.017891280603549945,1.7763568394002505e-15,0.01472863826595997,0.20555013757745383,0.017953267832115385,0.20725461672798984,0.017894356786339462,0.20632107367114777,0.01827117662413218,0.01815698873010052
4000,2426,0.19727581180064396,0.018708985555778834,0.19727581180064396,0.018706646786402138,8.881784197001252e-16,0.006160859311197459,0.19703435209711145,0.01850758182897023,0.19703435209711145,0.018505268236633052,8.881784197001252e-16,0.004918596970594124,0.19794858062662696,0.01869182276373145,0.19700462008592518,0.018524459719970725,0.19615763699149702,0.018123409360498496,0.01812552489342569
4000,2427,0.17778259207384023,0.01870337869544842,0.17778259207384023,0.01870104062697308,1.7763568394002505e-15,0.004282612703586718,0.17767365429213294,0.01853683630233539,0.17767365429213294,0.01853451905296046,1.7763568394002505e-15,0.004922483127638286,0.17894669887631098,0.018752057805645428,0.1776557223717814,0.018555672863189755,0.17876191432739108,0.01792982350743181,0.017947395734440014
4000,2428,0.19809360305518497,0.01894587575794428,0.19809360305518497,0.018943507375441378,1.7763568394002505e-15,0.008771341110384075,0.1985351933103781,0.018856795393815778,0.1985351933103781,0.01885443814705442,8.881784197001252e-16,0.008202451562790609,0.19757486572151278,0.018963011559884304,0.19859765534301577,0.01887302568561626,0.19717371824635405,0.018517778065222895,0.01851087972634147
4000,2429,0.1684467300369364,0.018584181616752862,0.1684467300369364,0.018581858448843695,3.552713678800501e-15,0.023732020279347867,0.16897349854233518,0.01849032634211009,0.16897349854233518,0.018488014906843597,1.7763568394002505e-15,0.02527487330492075,0.16793578078520188,0.018557026581150698,0.16900985902031118,0.018506628557607502,0.1688971309751135,0.018650476742178478,0.01863879099462748
4000,2430,0.20077129996834775,0.01805577335259739,0.20077129996834775,0.01805351623984995,1.7763568394002505e-15,0.009941106147581522,0.2007876610658254,0.018002825113109175,0.2007876610658254,0.01800057461930538,1.7763568394002505e-15,0.009045959158155316,0.2000761355499659,0.018270936050263666,0.2007747020569089,0.01801893383152383,0.20177493717635936,0.017498855053423846,0.017508153885167698
4000,2431,0.1686714125256642,0.01941016999923966,0.1686714125256642,0.019407743576328844,1.7763568394002505e-15,0.011060871852467171,0.1688448992533922,0.019317927362941363,0.1688448992533922,0.019315512471080817,1.7763568394002505e-15,0.010665795044866791,0.17023873466779027,0.01967020648814713,0.16885832408179446,0.01935938443174426,0.1666480560586447,0.019130162931844448,0.018972019498950127
4000,2432,0.170868750430136,0.019056094991369704,0.170868750430136,0.019053712830601432,8.881784197001252e-16,0.007435760020524635,0.17017303034949083,0.019021888149540353,0.17017303034949083,0.019019510264894582,1.7763568394002505e-15,0.008178010999922687,0.1707242814437096,0.019007074880967693,0.17021170691225573,0.019039395258817184,0.16948469003026456,0.017660811650507396,0.01764019947200954
4000,2433,0.19711767138854747,0.017573215754411002,0.19711767138854747,0.01757101896513379,8.881784197001252e-16,0.011631784470772845,0.1963834616500461,0.017453659741759824,0.1963834616500461,0.017451477897918337,1.7763568394002505e-15,0.013805661011551437,0.19936351411417297,0.017704679348096875,0.1963464971235387,0.017458466506015864,0.19679871159056067,0.017917989698263855,0.017925559951544663
4000,2434,0.1814438874271434,0.018579180497465854,0.1814438874271434,0.018576857954735675,8.881784197001252e-16,0.023559372124422443,0.18104679077428726,0.0184484257221656,0.18104679077428726,0.018446119524803985,1.7763568394002505e-15,0.024952824483065593,0.1809870518222917,0.018567091171880653,0.18106173299922934,0.018461140839662365,0.182338351491446,0.019048746670218816,0.01904693750729722
4000,2435,0.18424044397511263,0.018772704819040312,0.18424044397511263,0.01877035808425784,1.7763568394002505e-15,0.01579280480510375,0.1834256193748237,0.01866651484366368,0.1834256193748237,0.018664181383457844,1.7763568394002505e-15,0.015047716256584126,0.1833813757896513,0.01886653990271782,0.18344875188438514,0.018687493164653055,0.18443756616136447,0.018393757926218845,0.01841251867514815
4000,2436,0.2171622012838888,0.018537537837435652,0.2171622012838888,0.01853522050036335,8.881784197001252e-16,0.006703477062672837,0.2167789976592827,0.01849745046637486,0.2167789976592827,0.01849513814053716,1.7763568394002505e-15,0.008467705321963857,0.2145006593029825,0.018597802775757503,0.21678058247698195,0.01851685319106553,0.2175728308461466,0.01827684033178451,0.018286686061904405
4000,2437,0.20748047286995908,0.018133684760049666,0.20748047286995908,0.018131417907767535,8.881784197001252e-16,0.014903609331287137,0.20798337807717276,0.017955216088143662,0.20798337807717276,0.017952971545839982,1.7763568394002505e-15,0.015851081546606933,0.2087019780354855,0.01808323700137435,0.20798558343483559,0.01796669617579306,0.20826149148942036,0.01843970554136684,0.01841067874981362
4000,2438,0.195827774053341,0.017957390799564907,0.195827774053341,0.017955145985405308,1.7763568394002505e-15,0.013129120161208424,0.19540723981030955,0.01789133524623788,0.19540723981030955,0.017889098689538568,1.7763568394002505e-15,0.011838873958767922,0.19514831008400746,0.017992970875908176,0.19531722115958505,0.017899727584333926,0.19555673611068586,0.01840387000388214,0.01843212205462085
4000,2439,0.18042052922383123,0.01932584560251938,0.18042052922383123,0.01932342972081702,1.7763568394002505e-15,0.0032628693031387904,0.180332823046655,0.019309647395769895,0.180332823046655,0.019307233538969945,1.7763568394002505e-15,0.002952429438289683,0.17971359145647026,0.019510962177715314,0.18040547583224348,0.019331263923583017,0.18197742227748015,0.019110917857266308,0.01910754991153462
4000,2440,0.17472315896340274,0.018092614691024002,0.17472315896340274,0.0180903529728214,1.7763568394002505e-15,0.0067769860259548065,0.17408565078661647,0.018108477064169484,0.17408565078661647,0.0181062133630463,1.7763568394002505e-15,0.008112006605234102,0.17531488600027806,0.018202958995366596,0.17406502959460407,0.018128551113756157,0.17403778633661598,0.01819804437362421,0.018161038142736587
4000,2441,0.185550821603989,0.01826077512272245,0.185550821603989,0.018258492383151973,1.7763568394002505e-15,0.011762043043197506,0.18655436956468463,0.018210708058854212,0.18655436956468463,0.01820843157805791,1.7763568394002505e-15,0.01106758256635928,0.18724071235584067,0.018361402657445552,0.18656418536746977,0.018224406839569947,0.18763786847543107,0.01892349391570311,0.01892802289200031
4000,2442,0.17371764966021142,0.018681901847471954,0.17371764966021142,0.01867956646377042,1.7763568394002505e-15,0.00968356374472225,0.17369132625901157,0.018620464235304293,0.17369132625901157,0.01861813653178432,1.7763568394002505e-15,0.009766180552508889,0.17395891156380927,0.018885129248134916,0.17372769436685054,0.018639816434622158,0.17308707961380232,0.01863740874203698,0.018641604172858654
4000,2443,0.18958948164091188,0.01897612472337134,0.18958948164091188,0.01897375255951141,1.7763568394002505e-15,0.008866040558509187,0.1897765930867612,0.018744781095432234,0.1897765930867612,0.018742437851333393,3.552713678800501e-15,0.007876879679967445,0.18788887592908332,0.018943205260620717,0.18983881988014356,0.018772386638955845,0.18989328067936173,0.018831826428512388,0.018835573297194104
4000,2444,0.2005832573715981,0.018091703154574985,0.2005832573715981,0.018089441550321564,1.7763568394002505e-15,0.011596522697768138,0.20005117047600973,0.017979809458145504,0.20005117047600973,0.017977561841478414,1.7763568394002505e-15,0.011002204712391467,0.19904123804313256,0.01813729053659336,0.20009442417032036,0.017989190736878886,0.19985003657328232,0.01818886626739653,0.018056750208443658
4000,2445,0.16468619483930586,0.018322189751224148,0.16468619483930586,0.01831989933434524,1.7763568394002505e-15,0.004626868289561513,0.16395661580678905,0.018164382761394014,0.16395661580678905,0.01816211207162186,8.881784197001252e-16,0.004664614962387745,0.16397972332219907,0.01827843952826552,0.1639644192087671,0.01817613139977768,0.16411838781050775,0.01853926962962826,0.01851264715475569
4000,2446,0.18414090652510662,0.018776622072340297,0.18414090652510662,0.018774274847870556,1.7763568394002505e-15,0.011468616385122265,0.18418038053175834,0.018692936038547464,0.18418038053175834,0.018690599275485827,1.7763568394002505e-15,0.013896701451302226,0.18491099235445735,0.018834228231339754,0.18418612949067448,0.0187160157878964,0.1841672242891919,0.018721819089664787,0.018731634712811696
4000,2447,0.17238133445389842,0.018491431400427895,0.17238133445389842,0.018489119827020475,8.881784197001252e-16,0.01956293422412026,0.17355939619568617,0.01849952733332769,0.17355939619568617,0.018497214747865396,1.7763568394002505e-15,0.01859829090922331,0.17520960302787214,0.01862951819500891,0.17360613617230364,0.01851899374657821,0.1739785157212817,0.01921437841539306,0.01922890082168641
4000,2448,0.19169476858235746,0.018244541434074234,0.19169476858235746,0.01824226072384168,1.7763568394002505e-15,0.0037860514405934657,0.1915620101964185,0.018129398355162415,0.1915620101964185,0.018127132038714383,8.881784197001252e-16,0.004348247271762052,0.1903663419003938,0.01826932116859708,0.19158223972555194,0.01814170250663234,0.1917269911751333,0.018271702472896813,0.018312641666254872
4000,2449,0.20361090503425078,0.018618906472879202,0.20361090503425078,0.018616578964091704,8.881784197001252e-16,0.0095007635249765,0.20253484387742982,0.018454360985524384,0.20253484387742982,0.018452054046208474,1.7763568394002505e-15,0.011456875310384211,0.20102276131442354,0.018476129855591546,0.2025615109390419,0.018471954758515964,0.2035895690278714,0.018915075413030752,0.018938320052433143
4000,2450,0.18482069944708263,0.018356637500826667,0.18482069944708263,0.018354342777709906,3.552713678800501e-15,0.0091384101184579,0.18449406319942302,0.018194057403657378,0.18449406319942302,0.018191783004323076,1.7763568394002505e-15,0.007877779810996915,0.18374211470968072,0.018296186374011907,0.18454745064208444,0.018205144243138963,0.18444758878409967,0.01827219117408036,0.018317025117881237
4000,2451,0.1877447094573636,0.017296892945619768,0.1877447094573636,0.0172947306988527,8.881784197001252e-16,0.0037414273596445644,0.18768242088858772,0.0171583170493535,0.18768242088858772,0.01715617212565622,1.7763568394002505e-15,0.004058046778820202,0.18812911335553595,0.01717530115370062,0.18766507869848326,0.01716491400337173,0.18764360875364067,0.018006770439578226,0.018105129282237335
4000,2452,0.16529648274530173,0.018040770937522304,0.16529648274530173,0.018038515700193974,8.881784197001252e-16,0.009735830407874962,0.165249175458494,0.017831466880263616,0.165249175458494,0.017829237807577832,1.7763568394002505e-15,0.010300020617444462,0.16565789831656502,0.017919247797276258,0.16523855763991657,0.01785073577819279,0.16318328576343344,0.017621134935289443,0.017624336303406356
4000,2453,0.18950241233798998,0.018007477684546278,0.18950241233798998,0.018005226609134704,8.881784197001252e-16,0.01136517788485995,0.18995171289460577,0.01796801242095492,0.18995171289460577,0.017965766279009653,1.7763568394002505e-15,0.01148557557075134,0.1911646714046652,0.017988211220243373,0.18996410298818628,0.01798161290290624,0.18975817450984894,0.01843512426386415,0.018430030788425915
4000,2454,0.1857737236479038,0.01778474483954863,0.1857737236479038,0.017782521607482994,8.881784197001252e-16,0.009185060698312927,0.18439882549517667,0.017669635907752588,0.18439882549517667,0.01766742706520283,1.7763568394002505e-15,0.01071742904898453,0.18324022852804356,0.017708511993557746,0.18430999853553226,0.01768086551034237,0.18523261887212755,0.017684511658559644,0.01768435593680512
4000,2455,0.19526075154132766,0.018835449050089444,0.19526075154132766,0.01883309447178784,1.7763568394002505e-15,0.009628231438105437,0.19603153662984363,0.01871444243348132,0.19603153662984363,0.018712102981952274,1.7763568394002505e-15,0.010918468888348206,0.19389629566916505,0.018796895744191536,0.1960649247535725,0.018735164152726132,0.19614634778775192,0.019030813756688515,0.01907819254812045
4000,2456,0.16826323351097883,0.018626258357393573,0.16826323351097883,0.018623929929563063,1.7763568394002505e-15,0.008596142527849484,0.16970542637231312,0.01859527818348645,0.16970542637231312,0.018592953628419742,8.881784197001252e-16,0.00906792354370799,0.17066016555233526,0.01879896397638115,0.1697003391711009,0.018618613573640894,0.17011117111590102,0.01816745252311021,0.018167743244852826
4000,2457,0.18111265673894278,0.01851517664791981,0.18111265673894278,0.01851286210617092,1.7763568394002505e-15,0.005973791890323364,0.1801094132138042,0.018393549158973475,0.1801094132138042,0.018391249821611035,8.881784197001252e-16,0.006186857313360566,0.17997628549580946,0.018511081575006503,0.1801070078941221,0.018407799220152694,0.17997477711556553,0.018134642383375168,0.01816241127115143
4000,2458,0.19321127350459893,0.019379996584948676,0.19321127350459893,0.019377573933950405,3.552713678800501e-15,0.005138645870807803,0.1933647689567637,0.019317943506221256,0.1933647689567637,0.01931552861234268,1.7763568394002505e-15,0.00531559125236326,0.19367356472986424,0.01940473825902518,0.19336957502849228,0.019345537783574278,0.19101880818598882,0.018192899146840837,0.018269792203521193
4000,2459,0.2112661344821996,0.018026864250259372,0.2112661344821996,0.018024610751375604,1.7763568394002505e-15,0.01313636824229321,0.21100015911920267,0.01780903246169177,0.21100015911920267,0.017806806193483595,1.7763568394002505e-15,0.012917101718542424,0.20935412727761993,0.017914447792250127,0.21097340663187197,0.01782370944429174,0.2119832399803424,0.017755244531653516,0.01774172961772996
4000,2460,0.1806618654716548,0.017914361704472217,0.1806618654716548,0.017912122269285707,1.7763568394002505e-15,0.016617712106299268,0.18007685980072646,0.017851785403370426,0.18007685980072646,0.017849553790710498,8.881784197001252e-16,0.01616717731175127,0.18150856459786252,0.017911792747603825,0.18005090712231214,0.017862068693706403,0.17918822222737674,0.01789203319167428,0.017911951282591147
4000,2461,0.1611884025416776,0.017999601495368618,0.1611884025416776,0.017997351404542228,8.881784197001252e-16,0.012359650587733674,0.16204756475773435,0.01793568398062268,0.16204756475773435,0.017933441879985055,8.881784197001252e-16,0.01241116404272635,0.162767095672412,0.018030886186328813,0.16204198638147316,0.017945154114275382,0.161769407559538,0.01810223311574583,0.018125547652215326
4000,2462,0.16939434381391216,0.018163571822032636,0.16939434381391216,0.018161301233634238,8.881784197001252e-16,0.008838288091258932,0.16902137441611687,0.018135255161997415,0.16902137441611687,0.01813298811340277,8.881784197001252e-16,0.009202807335180635,0.168440419690005,0.018311896492944374,0.1690201808679626,0.01815263064102902,0.16832367033540635,0.018222411008557135,0.018249931871848268
4000,2463,0.18378665416694,0.018094846950674856,0.18378665416694,0.018092584953422357,8.881784197001252e-16,0.016965234170591845,0.18379717476023405,0.018040858796419975,0.18379717476023405,0.01803860354810859,8.881784197001252e-16,0.017918794527483788,0.18353725515640928,0.018115130847634834,0.18378297677637273,0.01804613974866475,0.18376226576459415,0.01815072392316497,0.018185922011628546
4000,2464,0.16004041394545604,0.018064137231700174,0.16004041394545604,0.018061879073402495,1.7763568394002505e-15,0.004525955922386012,0.1584633589130981,0.01797308804344562,0.1584633589130981,0.017970841267007886,1.7763568394002505e-15,0.005931895006111688,0.1578896625242664,0.018060090392446323,0.15843799509913725,0.01798297075672221,0.15853827839040419,0.017738434095096883,0.017758607259720418
4000,2465,0.1929694738093637,0.01799744273036958,0.1929694738093637,0.017995192909405686,1.7763568394002505e-15,0.0042969054884245475,0.190910918589772,0.017859576790870753,0.190910918589772,0.017857344204226508,8.881784197001252e-16,0.0044661497673981684,0.19212222939265,0.017947362522918127,0.1908882930232325,0.01786646926685616,0.19096547302038724,0.018031278777070676,0.018058149908318433
4000,2466,0.2045645720528418,0.017966791386818337,0.2045645720528418,0.01796454539751188,8.881784197001252e-16,0.007154698974466103,0.20371106569618352,0.01781474540383464,0.20371106569618352,0.017812518421464058,8.881784197001252e-16,0.008752454329369035,0.20391098276954556,0.01793606573363838,0.20369653558018408,0.017822633768095952,0.20369388038554104,0.01722288240622533,0.017193534638221278
4000,2467,0.18658159508066535,0.017984065490210845,0.18658159508066535,0.01798181734150649,8.881784197001252e-16,0.008054375573622728,0.18697419173812124,0.017867668615810756,0.18697419173812124,0.017865435017625168,8.881784197001252e-16,0.006966198917175731,0.186610005215889,0.018004537452369577,0.18697910364559361,0.0178764156912868,0.1869847835957424,0.018039451739310826,0.01800196192706989
4000,2468,0.21229215942616436,0.018836330255741076,0.21229215942616436,0.018833975567281884,1.7763568394002505e-15,0.012911918604917487,0.21228021104748485,0.018680498452283128,0.21228021104748485,0.018678163244016954,8.881784197001252e-16,0.012049779555885569,0.21302208994734928,0.018829054816278543,0.21231454949450745,0.01870033446933421,0.21183966632031798,0.018424039575137635,0.018373881856738734
4000,2469,0.2042862134287159,0.018141107676138222,0.2042862134287159,0.01813883989593358,8.881784197001252e-16,0.004870844479674224,0.20390034679133584,0.018063666942493593,0.20390034679133584,0.01806140884298574,8.881784197001252e-16,0.004357782179388297,0.20460313846804656,0.018215944566959047,0.20390406447309706,0.018074839903603614,0.2042904160140186,0.018352936022930175,0.018295734937623754
4000,2470,0.19313038429651297,0.018006929982283034,0.19313038429651297,0.018004678975338525,8.881784197001252e-16,0.009401454850584011,0.19377132021188415,0.017908833698583825,0.19377132021188415,0.017906594954441246,1.7763568394002505e-15,0.010502691606536201,0.19337531239627687,0.018004669116536164,0.19374804094709347,0.01792015355104818,0.19482250486862263,0.0182054084756255,0.018201057809056894
4000,2471,0.18253212169605487,0.017539051099277444,0.18253212169605487,0.01753685858084907,8.881784197001252e-16,0.01597971887616847,0.1823456437877074,0.017504766032248077,0.1823456437877074,0.017502577799720965,8.881784197001252e-16,0.016120260070354744,0.1815316886799186,0.017558804838706286,0.18232657619526244,0.0175128860697338,0.18150909397568044,0.018450543633321638,0.018450490442587824
4000,2472,0.2006861957426701,0.01794121576520482,0.2006861957426701,0.017938972973050898,3.552713678800501e-15,0.00566791706139114,0.20179295345270792,0.01784049384199785,0.20179295345270792,0.017838263640871314,1.7763568394002505e-15,0.006216422087188127,0.2015969859226865,0.017956559475739,0.20179701137461725,0.01785268406004153,0.2011878784787115,0.018009202470233018,0.017945282986165677
4000,2473,0.19571943911339756,0.01824582838091324,0.19571943911339756,0.018243547509802272,8.881784197001252e-16,0.010811987215579414,0.1965255693184259,0.018173304025053565,0.1965255693184259,0.018171032220053746,8.881784197001252e-16,0.011554546382700082,0.1964968540552135,0.018237598178210863,0.19649243037300068,0.018183614736209417,0.19702303507712404,0.01753438862074922,0.017522676208971803
4000,2474,0.18693692863109257,0.018542076794371594,0.18693692863109257,0.01853975888989421,1.7763568394002505e-15,0.00786655531023337,0.18725229176215752,0.018419446396255507,0.18725229176215752,0.018417143821536062,8.881784197001252e-16,0.008568246032505614,0.18683698052445158,0.018509340042965252,0.1872737957931811,0.018435764217910253,0.1876532919960664,0.01865105298083486,0.018625877964800433
4000,2475,0.17952889375330938,0.019500052817436192,0.17952889375330938,0.019497615158470805,8.881784197001252e-16,0.013882951491166293,0.17916612392841047,0.019318443964262424,0.17916612392841047,0.01931602900782268,1.7763568394002505e-15,0.011055558278352374,0.18018852475374758,0.019730241135732532,0.17922797993876932,0.01935332513309682,0.17934601404130446,0.019312033949837267,0.019371348691129105
4000,2476,0.18518908312528615,0.017858536520029767,0.18518908312528615,0.017856304063427506,8.881784197001252e-16,0.006639282555928626,0.18477553079523384,0.017725998873098014,0.18477553079523384,0.017723782984737195,8.881784197001252e-16,0.006458317411067023,0.1855200042522267,0.017874581261645095,0.18475564121589838,0.01773627619651694,0.18485952679454282,0.018064649274905198,0.018083167592658357
4000,2477,0.17719447368444718,0.017697438107504015,0.17719447368444718,0.01769522578946206,8.881784197001252e-16,0.00897713535080205,0.17849671218141755,0.01763106963503451,0.17849671218141755,0.01762886561357018,8.881784197001252e-16,0.008029703154387164,0.17764512123126863,0.017750447480237033,0.17844934411644353,0.01764171666394743,0.17585153769763562,0.017355620274454704,0.017398458637825704
4000,2478,0.19521064789259968,0.017680418686349182,0.19521064789259968,0.01767820849586785,1.7763568394002505e-15,0.0075456344974814005,0.1964393238258415,0.017547676662521296,0.1964393238258415,0.017545483065830116,8.881784197001252e-16,0.006241916921046884,0.19659105574683594,0.017628657821155313,0.19636791016993432,0.017556412347574785,0.19852704638531454,0.017373751371513604,0.017413199181040933
4000,2479,0.20636256378819767,0.017974721952470896,0.20636256378819767,0.01797247497178177,1.7763568394002505e-15,0.019159064531048358,0.2068431531727315,0.01789645952179575,0.2068431531727315,0.017894222324521956,1.7763568394002505e-15,0.01971122738131775,0.2058731910801232,0.01800988138648935,0.2067959914293816,0.01791055945783238,0.2069182100611367,0.018283378078827996,0.018253437495824358
4000,2480,0.15832637926814497,0.01818488313837895,0.15832637926814497,0.01818260988589949,1.7763568394002505e-15,0.013892261578881383,0.15863135747619828,0.018154314875316307,0.15863135747619828,0.01815204544410857,3.552713678800501e-15,0.01342657955093257,0.15764777265758295,0.018220542196831266,0.15864321782209123,0.01817518883926674,0.16029153253508183,0.018278499783739632,0.01833200251831573
4000,2481,0.1736115368894483,0.01850088371161027,0.1736115368894483,0.018498570956590094,8.881784197001252e-16,0.011377260473961504,0.1740799346325897,0.01841334032147175,0.1740799346325897,0.01841103851005936,1.7763568394002505e-15,0.011867650790118207,0.17593802062682806,0.018670164632973354,0.17408345761148364,0.018427024178134667,0.1740806276078657,0.018656125677033217,0.018658207266751745
4000,2482,0.15712800482000117,0.01830600551055906,0.15712800482000117,0.018303717116836694,8.881784197001252e-16,0.00437198437714243,0.1575216907320119,0.018178996392047644,0.1575216907320119,0.018176723875457473,8.881784197001252e-16,0.00523428113944447,0.1563042949616743,0.01824244078395939,0.15751413584705282,0.018190432415124407,0.15758279676352782,0.017467137261987568,0.017542971884509397
4000,2483,0.2057531431216762,0.018789656887338618,0.2057531431216762,0.01878730803341515,1.7763568394002505e-15,0.0050000736885966665,0.2053859969804862,0.018672237411038097,0.2053859969804862,0.018669903235466623,3.552713678800501e-15,0.005328955573935408,0.20544751997239497,0.01884112157039319,0.20536911562046856,0.01869431842269207,0.2070214335791794,0.018417828655110147,0.018417767166867934
4000,2484,0.17443601474970954,0.0182286719050146,0.17443601474970954,0.018226393178597172,8.881784197001252e-16,0.01151719068236664,0.1738124116152316,0.018168868968651504,0.1738124116152316,0.018166597718068386,1.7763568394002505e-15,0.010675307015157376,0.17299631343070293,0.018304913586341447,0.17380291992149322,0.018185018332755903,0.17369136966259907,0.018543376205874665,0.01854178165672181
4000,2485,0.16923912053168094,0.018199111909398758,0.16923912053168094,0.018196836878211744,8.881784197001252e-16,0.007174866500885983,0.16922302720583177,0.018109815201051992,0.16922302720583177,0.018107551332651243,1.7763568394002505e-15,0.00722614503631291,0.1691981100899288,0.018308260891290003,0.16921420433490847,0.01812347630038234,0.1700078764883146,0.018334146018246386,0.018336048677369664
4000,2486,0.1873382183827646,0.01831265080343182,0.1873382183827646,0.01831036157899592,8.881784197001252e-16,0.01899182495170647,0.1875317467172134,0.018191234463424664,0.1875317467172134,0.018188960416979948,8.881784197001252e-16,0.018815586064036237,0.18589272638485616,0.01834042225585783,0.1875565327962247,0.018204168689804907,0.1864669847926877,0.018979007391691297,0.01897183722382439
4000,2487,0.17790877851459297,0.018384929989971745,0.17790877851459297,0.018382631730072777,1.7763568394002505e-15,0.009439368413275058,0.17871085263577563,0.018249141617822047,0.17871085263577563,0.018246860332530576,1.7763568394002505e-15,0.00940005141842084,0.1788832728967193,0.018350118225491242,0.17866333332496226,0.0182646351712,0.17959779577295754,0.01745308313440427,0.01745651700904929
4000,2488,0.20819322479456204,0.019167202009833677,0.20819322479456204,0.019164805959819963,1.7763568394002505e-15,0.014670772700310223,0.20848466890352363,0.01898109940815963,0.20848466890352363,0.01897872662242523,1.7763568394002505e-15,0.01544032257647798,0.20772095438025895,0.01909753815416964,0.2085372947090246,0.01901925343280573,0.2064823846996865,0.018271645745991494,0.018296012192364486
4000,2489,0.15155520054273436,0.018599072414018827,0.15155520054273436,0.018596747384643654,1.7763568394002505e-15,0.014450989977647129,0.15001876088822347,0.018414836104875487,0.15001876088822347,0.018412534106478484,1.7763568394002505e-15,0.013649478395380261,0.1516580040216211,0.018693471350481564,0.1500299574527842,0.018426407343557716,0.14992705014425,0.017815660238038777,0.017857493301464446
4000,2490,0.1840857169046733,0.01823154459285968,0.1840857169046733,0.018229265507333822,8.881784197001252e-16,0.018091222556460205,0.18419309597626182,0.018164783915572486,0.18419309597626182,0.018162513175652924,1.7763568394002505e-15,0.01696670249774601,0.18245772629686358,0.018313662086607875,0.18417884290719855,0.018175909476040652,0.18379218005786746,0.018492909343279237,0.018477677715115153
4000,2491,0.21091404623357884,0.018275422086575056,0.21091404623357884,0.01827313751601965,8.881784197001252e-16,0.0029231748711282097,0.20939842660110625,0.018107926214253525,0.20939842660110625,0.018105662581990884,1.7763568394002505e-15,0.002696591961403733,0.20876284571318304,0.018261101176618277,0.20936039461260564,0.018122047551084423,0.21076426283285993,0.0179182411795375,0.017910081545224256
4000,2492,0.1838334278861899,0.018014391594704235,0.1838334278861899,0.018012139654999867,8.881784197001252e-16,0.01682354548565769,0.182856771633839,0.01792085662443234,0.182856771633839,0.01791861637733009,1.7763568394002505e-15,0.015600754244649542,0.18323756756420334,0.01798452746230589,0.1828351628566196,0.017925864935117962,0.18143407116254456,0.018252001948750828,0.018383505853713226
4000,2493,0.2013603626489069,0.018541501605058634,0.2013603626489069,0.01853918377248441,1.7763568394002505e-15,0.009265497185152773,0.20229243213573683,0.01850757682660631,0.20229243213573683,0.018505263234894462,1.7763568394002505e-15,0.009275363116487648,0.2023068729134746,0.018738760822248297,0.20229870044526127,0.018521787971257333,0.20151926851257668,0.018392157880803117,0.018399175199682725
4000,2494,0.16440337688021422,0.01911127949677122,0.16440337688021422,0.01910889043750859,8.881784197001252e-16,0.007872723880965868,0.16615179286479181,0.019124220152015866,0.16615179286479181,0.019121829475070216,8.881784197001252e-16,0.007436223757774585,0.16706064638844936,0.01926379378998052,0.1662042459045558,0.019153418596467655,0.16574158389076693,0.01912136969297306,0.019077833073899046
4000,2495,0.1634249446734689,0.017847940383612777,0.1634249446734689,0.017845709251610362,8.881784197001252e-16,0.0024177393133879986,0.1638348262791614,0.01773200471194629,0.1638348262791614,0.01772978807280869,8.881784197001252e-16,0.0029101061786631867,0.1623688047984313,0.017832503318206287,0.16381342437550472,0.017738852654401165,0.16464974944232952,0.017856855438353005,0.017898019107584737
4000,2496,0.19773105434585425,0.017349087664639846,0.19773105434585425,0.017346918893125073,8.881784197001252e-16,0.021736832974218415,0.1981698350644513,0.017229251146712928,0.1981698350644513,0.01722709735569923,8.881784197001252e-16,0.021159059009627494,0.19917208847136042,0.017405596796111096,0.19814180551076277,0.017236533033923165,0.19734320230491897,0.01782485322371191,0.01780910531323732
4000,2497,0.15811315658504593,0.01831225952867238,0.15811315658504593,0.018309970353148883,8.881784197001252e-16,0.005327518216530658,0.15858298393962406,0.018168424696557002,0.15858298393962406,0.01816615350151137,1.7763568394002505e-15,0.005960331231685427,0.15933232496746402,0.018279564202996545,0.15856777273701134,0.018179096917459395,0.15820836707826408,0.017894108411251237,0.01791507436676957
4000,2498,0.18216189768251367,0.018637927083447036,0.18216189768251367,0.018635597196934597,1.7763568394002505e-15,0.005231433778976643,0.1820374715920029,0.018467119925340284,0.1820374715920029,0.018464811391057205,1.7763568394002505e-15,0.005448796606893211,0.1817550406788408,0.01850728501504315,0.18200427917000966,0.01848243956145007,0.18122255333420328,0.01769151527991934,0.01769247258447459
4000,2499,0.21516799293403183,0.017837894448160477,0.21516799293403183,0.017835664571978486,8.881784197001252e-16,0.011320988965457473,0.214842719904077,0.017793305477709204,0.214842719904077,0.017791081175496912,8.881784197001252e-16,0.010541657426132257,0.2150191448132332,0.01785720411033164,0.21479394722770362,0.017795245094771407,0.21619927193949007,0.01821927634737332,0.01822287765609927
4000,2500,0.20090583453542282,0.018985716601511635,0.20090583453542282,0.018983343238591993,1.7763568394002505e-15,0.018239210485560663,0.2011166846226785,0.018619426938344518,0.2011166846226785,0.018617099364494766,1.7763568394002505e-15,0.017778258242840593,0.20033489789701114,0.018670718640395004,0.20112907815192022,0.01864309606106074,0.2003633225825565,0.018471962776279424,0.018435681210855443
4000,2501,0.17438238853449306,0.017901641911019606,0.17438238853449306,0.017899404065906666,8.881784197001252e-16,0.012635348249490301,0.176081582945603,0.017777388598831267,0.176081582945603,0.017775166286353204,1.7763568394002505e-15,0.011622873786541883,0.17551847848557273,0.01789997972331072,0.1760700016194801,0.017782164356683748,0.1753095766515902,0.018063733926587413,0.018056194897799534
4000,2502,0.17705127182947117,0.017723796079808493,0.17705127182947117,0.01772158046681405,1.3322676295501878e-15,0.00904804360078892,0.17698111687018925,0.01765179248624556,0.17698111687018925,0.01764958587426291,1.7763568394002505e-15,0.009618793127387825,0.17726802669646996,0.017704396608042815,0.17692580570604455,0.017661043230572316,0.17692526129655156,0.017710870068572145,0.01773574437782763
4000,2503,0.18052251834514593,0.018412422217838394,0.18052251834514593,0.01841012052119613,1.7763568394002505e-15,0.003926714757243999,0.18157273643971106,0.01835469648437507,0.18157273643971106,0.01835240200390053,1.7763568394002505e-15,0.0037594172752434805,0.18148014687586217,0.01845882839330396,0.18156272596750622,0.0183750609191394,0.18216846206418563,0.017826913114379055,0.017873918254123742
4000,2504,0.18200559815220513,0.018434976310247195,0.18200559815220513,0.018432671794167157,1.7763568394002505e-15,0.0107408121938876,0.18289420000688217,0.018364825802988757,0.18289420000688217,0.018362530056270244,1.7763568394002505e-15,0.012070029586369994,0.1827089942931665,0.01838900770086269,0.18293017140960877,0.018385886059734603,0.1820615271743956,0.01900221689010525,0.01900606955801093
4000,2505,0.19692557518320264,0.01822972129294995,0.19692557518320264,0.01822744243535083,8.881784197001252e-16,0.017491963405706735,0.1959562363678361,0.018166052242623642,0.1959562363678361,0.018163781344153286,8.881784197001252e-16,0.018381524637966745,0.19629214123828137,0.018243966992945365,0.19595294571592536,0.018183225693638245,0.19557597214522976,0.018348970844044424,0.018437218414437285
4000,2506,0.19177629923737366,0.018793519613562445,0.19177629923737366,0.018791170276768025,3.552713678800501e-15,0.005814106773633668,0.1904015198114964,0.018513984202847732,0.1904015198114964,0.01851166981016379,1.7763568394002505e-15,0.004945980547362694,0.19059554310782817,0.01865825633414807,0.19037734046305843,0.01853568631805491,0.19029072601583297,0.018179600908508307,0.01820633094551361
4000,2507,0.18724454219495024,0.018657888493120063,0.18724454219495024,0.018655556111275444,1.7763568394002505e-15,0.00336927203686092,0.18721748036623675,0.018547846605405843,0.18721748036623675,0.018545527979656997,1.7763568394002505e-15,0.0030333549436661516,0.18600656959673867,0.018581050709834235,0.18717790913005128,0.018566471896040528,0.18789850389279622,0.01782102873822425,0.01780381530781937
4000,2508,0.19321283526923655,0.018155493103912606,0.19321283526923655,0.018153223525417095,8.881784197001252e-16,0.012547341252429952,0.19272602094780406,0.01801494012576147,0.19272602094780406,0.018012688117486436,1.7763568394002505e-15,0.011722764615097225,0.19208455694926008,0.018157714522015592,0.19267461627614868,0.01802130393505837,0.19294516768589526,0.01832302387360321,0.018345852201829705
4000,2509,0.17286933431635487,0.018935651765285107,0.17286933431635487,0.018933284660861173,1.7763568394002505e-15,0.007466587541594269,0.173633474995516,0.018817301456625534,0.173633474995516,0.01881494914691491,1.7763568394002505e-15,0.007355903914970305,0.1745719288781295,0.018945784553602886,0.17369230115656953,0.018834119621282706,0.17287322483980128,0.01843351693017523,0.018363848515525815
4000,2510,0.1988014120797219,0.018295587576388588,0.1988014120797219,0.018293300484989394,1.7763568394002505e-15,0.02078430886321992,0.19836470897310232,0.018213336874237374,0.19836470897310232,0.018211060064818613,1.7763568394002505e-15,0.02040096857568751,0.198604242476825,0.01833671278296286,0.19838151441037272,0.018229868905725446,0.19814324384056647,0.018820425505293604,0.018832865264738766
4000,2511,0.192191197017473,0.01820810347443242,0.192191197017473,0.018205827319229526,1.7763568394002505e-15,0.009445457511001211,0.19265949824537992,0.01812840968771481,0.19265949824537992,0.01812614349485794,8.881784197001252e-16,0.009937976661911851,0.19295850460233543,0.018265683086881403,0.19266069461455948,0.018138830571425353,0.19259400440295127,0.018478013992703622,0.01847986071649185
4000,2512,0.1864790044785593,0.018064966158040825,0.1864790044785593,0.01806270789612088,1.7763568394002505e-15,0.015517368834220599,0.1858573350549203,0.017959878626932334,0.1858573350549203,0.017957633501774876,1.7763568394002505e-15,0.014160443982027305,0.1873595072060671,0.018146178848685947,0.18580924493095435,0.01796863414249439,0.18686664654656027,0.017871135250836726,0.017848222990258025
4000,2513,0.17048707566781085,0.01842213484755217,0.17048707566781085,0.018419831936755306,1.7763568394002505e-15,0.0059327681456868364,0.17048498848397853,0.01830568069982165,0.17048498848397853,0.018303392346703164,8.881784197001252e-16,0.005760990814570927,0.17048400686304882,0.01844308774382138,0.1704925440567095,0.01831832129358213,0.1711171351321134,0.01777490943985814,0.017835539359093367
4000,2514,0.18465056472869518,0.018461588329142173,0.18465056472869518,0.018459280486351842,1.7763568394002505e-15,0.017306332145866545,0.18276174769727882,0.018351301671629648,0.18276174769727882,0.018349007615533226,3.552713678800501e-15,0.01528088998149683,0.18345307246164033,0.018448861778559627,0.18279265497054364,0.018373748083276343,0.18270368315222785,0.01854018338043367,0.01848376697524543
4000,2515,0.21587746359193727,0.020853326963031892,0.21587746359193727,0.02085072013422453,8.881784197001252e-16,0.004997994939360217,0.21473032472693182,0.020260047709475874,0.21473032472693182,0.02025751504521078,7.105427357601002e-15,0.004125118222605753,0.2152550873955038,0.02060865771521891,0.21481999415327252,0.020319903421351898,0.2140108946355836,0.020522901213891786,0.021112048043885074
4000,2516,0.18214343336522681,0.017668765839730184,0.18214343336522681,0.01766655710594573,8.881784197001252e-16,0.009248570227201847,0.18172759417494694,0.017610115722226,0.18172759417494694,0.017607914320164494,8.881784197001252e-16,0.010218592981010605,0.18045573629844996,0.01773033978695627,0.18166684268937983,0.017612259622800146,0.1825398571204621,0.01743875919589297,0.01747745975804377
4000,2517,0.16422707551827742,0.01785372173115381,0.16422707551827742,0.01785148987643778,1.7763568394002505e-15,0.01621902706124271,0.1643643251999069,0.017737808482329236,0.1643643251999069,0.017735591117674993,1.7763568394002505e-15,0.014945410992618232,0.16536967201864222,0.017826661180275462,0.16434055116052082,0.017746515111157046,0.16447315436119447,0.01785393744068292,0.017983227202502474
4000,2518,0.17804746829792756,0.019156945458192354,0.17804746829792756,0.019154550690327732,3.552713678800501e-15,0.0067705584808132446,0.17938063862037956,0.018775474616002513,0.17938063862037956,0.018773127534973778,3.552713678800501e-15,0.006575239324757809,0.17965530197147622,0.018855142358282475,0.17938834395320497,0.018794828943428443,0.17899088645010153,0.018215294384644178,0.018212250429116974
4000,2519,0.181080967142975,0.018492196946095517,0.181080967142975,0.01848988527698891,3.552713678800501e-15,0.01272754924539784,0.1812947965747032,0.018386313079301896,0.1812947965747032,0.018384014646505954,8.881784197001252e-16,0.011674767629004311,0.18142413577966748,0.018494575612952313,0.18129573557446166,0.018404188164422044,0.18219514629269085,0.018760495894241766,0.018801416184395132
4000,2520,0.17560535426377655,0.01852848358948941,0.17560535426377655,0.01852616738426885,1.7763568394002505e-15,0.00830834137667145,0.17447214926346571,0.018432844294388302,0.17447214926346571,0.0184305400448269,1.7763568394002505e-15,0.00721648775980168,0.17544349137610948,0.01867140796172892,0.17449113542596018,0.018454218261029998,0.1739399268740784,0.018292469520388807,0.01826137544343342
4000,2521,0.20680654525792008,0.01881344007559756,0.20680654525792008,0.018811088248589736,8.881784197001252e-16,0.00733328800055686,0.20534242187005647,0.018510204558621863,0.20534242187005647,0.018507890638422984,8.881784197001252e-16,0.008982543442892814,0.2056859151052008,0.018673600068578745,0.205359872928231,0.018520800077444614,0.2050026290251299,0.018436429804767538,0.018444714318237534
4000,2522,0.19005725844821336,0.018034858070473947,0.19005725844821336,0.018032603572300195,1.7763568394002505e-15,0.005123095310018549,0.19001990185457013,0.017869505943887417,0.19001990185457013,0.017867272116021463,8.881784197001252e-16,0.005550328584477389,0.19008567316912034,0.017936068044461018,0.18999629801309825,0.017878954259921313,0.19169752643504823,0.018358737496308203,0.018295246383442088
4000,2523,0.20190465714352718,0.02062585120265986,0.20190465714352718,0.02062327281009992,3.552713678800501e-15,0.005702808550164898,0.20051432800203722,0.02011314380092057,0.20051432800203722,0.020110629500791875,3.552713678800501e-15,0.0055073551268149355,0.20069245116692308,0.020590489278808945,0.20073759246275635,0.020106069673476164,0.19529791980143368,0.0208820045345674,0.018885439474324323
4000,2524,0.1715205514689342,0.01788074988515952,0.1715205514689342,0.017878514651713046,8.881784197001252e-16,0.017208915189571322,0.17211947323362514,0.01778479990261554,0.17211947323362514,0.017782576663666592,8.881784197001252e-16,0.017530987580533276,0.17202083654521128,0.01794553732116643,0.17206049866339052,0.01779732896056534,0.17194241031690805,0.0175921607410265,0.017592555770737556
4000,2525,0.1574859619506332,0.017946983031328866,0.1574859619506332,0.017944739518221616,1.7763568394002505e-15,0.018310872073993976,0.156530159959123,0.017801326074593414,0.156530159959123,0.017799100769743847,8.881784197001252e-16,0.01947218612964371,0.1564753514721,0.01791781561482316,0.1564922785717856,0.017809243675373173,0.1576355390921102,0.01849861574360074,0.01853651622621668
4000,2526,0.1919932488196287,0.01938897347877953,0.1919932488196287,0.01938654970559939,3.552713678800501e-15,0.016751682984789625,0.19155017288100845,0.019236787394873455,0.19155017288100845,0.019234382646142904,1.7763568394002505e-15,0.016754079871984538,0.19158063454222274,0.019544787875465642,0.19164752311103955,0.019262941740182515,0.19047584891713187,0.01953986297634342,0.019736407362537067
4000,2527,0.18422528092662355,0.01972611640984889,0.18422528092662355,0.01972365049116811,1.7763568394002505e-15,0.010855031668563723,0.1829519023224066,0.019392996307916677,0.1829519023224066,0.019390572031851464,1.7763568394002505e-15,0.011255627318292915,0.1827323254271741,0.019533061526314028,0.18301492532524832,0.01943090952689772,0.1823324767864692,0.019210734759743987,0.01925742780129954
4000,2528,0.17937377384512382,0.01775019177404417,0.17937377384512382,0.017747972861381706,8.881784197001252e-16,0.012150050585412157,0.18031928362231853,0.017692337229147384,0.18031928362231853,0.017690125548755074,8.881784197001252e-16,0.012643704231294382,0.18023185428405125,0.01781779824877568,0.18028816012490856,0.017702263637323728,0.17976318498256327,0.018371297958002127,0.01836907625521525
4000,2529,0.1973991366730481,0.018194712790143047,0.1973991366730481,0.018192438308880312,1.7763568394002505e-15,0.01460518211120946,0.19746238976135994,0.018065725796110228,0.19746238976135994,0.018063467439229583,8.881784197001252e-16,0.01419147962619986,0.19832796026947275,0.018174685102443817,0.19745857932192878,0.01807904849815743,0.1977055055076496,0.018675132108550763,0.01860785603291142
4000,2530,0.227167499806597,0.01975878897050476,0.227167499806597,0.019756318967498607,1.7763568394002505e-15,0.010654727477218236,0.22742718406510426,0.01927878022694608,0.22742718406510426,0.01927637022878341,1.7763568394002505e-15,0.0104710301031666,0.22803791716668098,0.019431514268978437,0.2274464112477379,0.019307208744478468,0.22626581163993242,0.018522392377246552,0.01857074596565496
4000,2531,0.19379182630387887,0.018135887118454985,0.19379182630387887,0.01813361999086085,8.881784197001252e-16,0.017733007136161934,0.19362051690579984,0.01806427102167261,0.19362051690579984,0.01806201284665014,1.7763568394002505e-15,0.01783456949053119,0.1928924111605711,0.018373873457690728,0.19364449809549256,0.01808277361662378,0.19347826780277366,0.018845023356278325,0.018867250779281097
4000,2532,0.15580957851170973,0.018444541504828518,0.15580957851170973,0.018442235793024418,1.7763568394002505e-15,0.007054713570898439,0.15490926277776762,0.01829279905168685,0.15490926277776762,0.01829051230887503,1.7763568394002505e-15,0.0077970248017796865,0.15540430403049005,0.018380853080984336,0.15492736879977387,0.01830917885692159,0.15534042501426149,0.0184990715345202,0.01847396895035745
4000,2533,0.16077930399804974,0.018164611771496125,0.16077930399804974,0.01816234105309592,1.3322676295501878e-15,0.00785017903373149,0.1596110571518905,0.018005366918131375,0.1596110571518905,0.01800311610658209,1.7763568394002505e-15,0.00918951326921388,0.1600482844574334,0.018157740891045458,0.15959821369522814,0.01801494449094554,0.16006779540666077,0.01808332887606114,0.018097276341999313
4000,2534,0.17132836129098122,0.017694487742755827,0.17132836129098122,0.01769227579353251,8.881784197001252e-16,0.007695116343810824,0.1715750779204197,0.017616935016224078,0.1715750779204197,0.01761473276169754,8.881784197001252e-16,0.006796431779877199,0.17142398389038865,0.01771776139754587,0.17155151676977998,0.0176235824735442,0.1705452069050482,0.01773651114974977,0.017807933960303477
4000,2535,0.20722972122320804,0.01945222194527398,0.20722972122320804,0.01944979026554134,1.7763568394002505e-15,0.007815512645229675,0.20861190634303717,0.01939477669515726,0.20861190634303717,0.019392352196529728,1.7763568394002505e-15,0.008552756242960825,0.2086023408161824,0.019594620821477685,0.20866047936559257,0.019424669647142,0.20936084641401792,0.01870123224367067,0.018764721137075044
4000,2536,0.18687199723311881,0.017874844354268865,0.18687199723311881,0.017872609859059904,1.7763568394002505e-15,0.00800574860318911,0.18610563344602832,0.017790590268208638,0.18610563344602832,0.01778836630541875,1.7763568394002505e-15,0.007645461176259974,0.18450483627441472,0.01787942270817954,0.18606676159451513,0.017801890605564478,0.18655066117850866,0.017597671724207557,0.01756916475367716
4000,2537,0.18134489423906736,0.017982632372561435,0.18134489423906736,0.017980384403007987,1.7763568394002505e-15,0.007715811460132526,0.18250325877633355,0.01798255135144372,0.18250325877633355,0.017980303392018546,8.881784197001252e-16,0.007896292657208396,0.18221502841546205,0.01811147863870858,0.18250956376008154,0.01799457634178814,0.18221084302323537,0.017393924858459742,0.017497466102051603
4000,2538,0.1759407961627063,0.01818594693792609,0.1759407961627063,0.018183673552463375,3.552713678800501e-15,0.02197031508700547,0.17716749058523418,0.01805797197839508,0.17716749058523418,0.018055714590802234,8.881784197001252e-16,0.022189874064940517,0.17772032942799793,0.018376846311815652,0.17717674690311325,0.01806823438409956,0.17738091016999286,0.018148436804160093,0.01816442241448093
4000,2539,0.17416352535032387,0.01827660812360472,0.17416352535032387,0.018274323404785416,8.881784197001252e-16,0.0072071659746436425,0.17303097586589572,0.01808784949008867,0.17303097586589572,0.01808558836757342,8.881784197001252e-16,0.010130505739539344,0.17409187361739525,0.018265574672404146,0.17301035673259502,0.018100056434962673,0.1723668919916626,0.018021186801374493,0.018033177358765196
4000,2540,0.20236468940371094,0.018527184998631378,0.20236468940371094,0.018524868955744823,1.7763568394002505e-15,0.0070688554439339735,0.20134321460197663,0.018266689809913864,0.20134321460197663,0.018264406330961273,1.7763568394002505e-15,0.00851642632676254,0.2023042401231978,0.018383999712155076,0.20133414427501783,0.01828112461745448,0.20295210286137944,0.018615333933233714,0.01857216726508558
4000,2541,0.1783811076203316,0.01785171950710457,0.1783811076203316,0.017849487902682187,1.7763568394002505e-15,0.01866483601829029,0.17872071334388417,0.017831724466468947,0.17872071334388417,0.017829495361582876,8.881784197001252e-16,0.017342403630806736,0.17653440338007803,0.017910252219353797,0.17869907081238012,0.017836023504738563,0.1784262595451815,0.017904380163029733,0.017931728792930684
4000,2542,0.18095736755583147,0.01839578465852147,0.18095736755583147,0.01839348504170412,1.7763568394002505e-15,0.006317964731908788,0.18073190811819384,0.018276222030887027,0.18073190811819384,0.018273937360332334,8.881784197001252e-16,0.007105212947111726,0.17966438313532102,0.018354229715799877,0.18071278556572096,0.018285925183955186,0.181840284661347,0.018192645666755186,0.01824164055376824
4000,2543,0.18751913462429853,0.017947197548740364,0.18751913462429853,0.017944954008816762,1.7763568394002505e-15,0.007636799633085877,0.18723941523194076,0.0178722430947422,0.18723941523194076,0.017870008924711,1.7763568394002505e-15,0.007767093231841706,0.18736871393701993,0.018006562368535324,0.18718991879589325,0.017883592767779385,0.18673240874030522,0.018440620924256596,0.018452716961398084
4000,2544,0.17546309253667003,0.018281883669788727,0.17546309253667003,0.018279598291484928,1.7763568394002505e-15,0.007804974821609761,0.17693313354269014,0.018160935647081076,0.17693313354269014,0.018158665388225147,8.881784197001252e-16,0.008417252669078413,0.176863281416329,0.018195717307879576,0.17697423983555327,0.01817258391829808,0.17707632864832856,0.018224335834738196,0.018244835945476563
4000,2545,0.20081528610673832,0.018158725798610276,0.20081528610673832,0.01815645581600267,1.7763568394002505e-15,0.01903405249321856,0.2002076862753696,0.018036200941529468,0.2002076862753696,0.018033946275486344,8.881784197001252e-16,0.019778073072252725,0.2003225616405599,0.018137998693240315,0.20019551265082103,0.018046355797835298,0.20088390446806537,0.018405575319452024,0.01840450667285395
4000,2546,0.20109004757046378,0.018613379727226258,0.20109004757046378,0.018611052909325146,1.7763568394002505e-15,0.011285535888188846,0.2022198715537361,0.01844939285538401,0.2022198715537361,0.018447086537123184,8.881784197001252e-16,0.010590576024406422,0.20181604806418624,0.018563539501785246,0.20222166736038116,0.018465646632047673,0.20182310874877196,0.018128728098524012,0.018127493163128148
4000,2547,0.16405778128637954,0.017821403715449564,0.16405778128637954,0.017819175900738008,8.881784197001252e-16,0.016673869708168164,0.1633582796759223,0.017756347821106265,0.1633582796759223,0.01775412813888982,8.881784197001252e-16,0.016792129358629806,0.16308177939589308,0.017871693604361697,0.1633350995109097,0.017759389532326638,0.16244615621796082,0.017903867480698374,0.017967094489493355
4000,2548,0.20932593242433972,0.019317581203735047,0.20932593242433972,0.01931516635514711,1.7763568394002505e-15,0.008276942491942729,0.21049561892187935,0.01902002113468932,0.21049561892187935,0.01901764348343499,1.7763568394002505e-15,0.008443253817204193,0.20996740031619038,0.01928405234828332,0.21055848730564386,0.01903550955626168,0.2089409647408177,0.019584186259404928,0.019055278621668708
4000,2549,0.1807252517289043,0.01736729809086419,0.1807252517289043,0.017365127042903855,8.881784197001252e-16,0.014001810240385605,0.18152860716597236,0.017309497587501676,0.18152860716597236,0.01730733376505588,8.881784197001252e-16,0.013212442855320536,0.1815274137290993,0.01744105252418206,0.18147311357949159,0.017316675253765797,0.18213514593169194,0.017668644279141527,0.01766828786382478
4000,2550,0.17675676702690296,0.01839523698966904,0.17675676702690296,0.018392937441314577,1.7763568394002505e-15,0.005286905199786445,0.17707049693324162,0.018234323532270603,0.17707049693324162,0.018232044099355606,8.881784197001252e-16,0.005796635603341323,0.17730084404283636,0.01839399869450297,0.17704495503283246,0.01824563824202978,0.1780608759213091,0.017661148059760913,0.017713558195495357
4000,2551,0.18352873077143023,0.017974529695770573,0.18352873077143023,0.017972282739115032,1.7763568394002505e-15,0.003697229089164779,0.18384946194716018,0.01790385430769503,0.18384946194716018,0.01790161618601522,8.881784197001252e-16,0.003412851468840044,0.18375105919788165,0.01795388505387559,0.18381253973588652,0.01790933916438653,0.1835953478901488,0.017780631679296662,0.017774078033559584
4000,2552,0.15923534164783604,0.017933879060348122,0.15923534164783604,0.01793163718533963,8.881784197001252e-16,0.007512123784353958,0.15982709841665488,0.017870211619781064,0.15982709841665488,0.01786797770370011,8.881784197001252e-16,0.00793811166997968,0.1590112212416715,0.018012365286347497,0.15982557362004657,0.017879305044770238,0.15918392855490682,0.017965573814791788,0.018013002589485582
4000,2553,0.19073948870249796,0.018015344691977297,0.19073948870249796,0.018013092633128325,1.7763568394002505e-15,0.005581875863835743,0.19142820291784657,0.017860469476726516,0.19142820291784657,0.01785823677848956,8.881784197001252e-16,0.005383876112581434,0.19324841143281835,0.017972174914734417,0.19140414412711088,0.017872231284806854,0.1914668087653102,0.017179352967397244,0.01721068932152009
4000,2554,0.180380986837973,0.018343599350245144,0.180380986837973,0.01834130625699908,1.7763568394002505e-15,0.016659376661498415,0.17963097790717997,0.01819411077497755,0.17963097790717997,0.01819183636897142,3.552713678800501e-15,0.016122177318891297,0.1791240212298001,0.01833744303019902,0.17964658871512368,0.018210330608027975,0.1803300978794659,0.01859205303193434,0.018589896149479
4000,2555,0.17245096144329458,0.018288747416258026,0.17245096144329458,0.01828646117993229,8.881784197001252e-16,0.012200914658545217,0.1722603165589412,0.018129190623952282,0.1722603165589412,0.01812692433347228,8.881784197001252e-16,0.011991484667890922,0.17310994629500753,0.018205574185782912,0.17223674216444856,0.01814009649414049,0.1714701158467043,0.017968493048769175,0.017983263265847663
4000,2556,0.1569395235361511,0.018538439704268408,0.1569395235361511,0.018536122254455712,1.7763568394002505e-15,0.009270119654730881,0.1560935895994241,0.01846648757420098,0.1560935895994241,0.018464179118966733,1.7763568394002505e-15,0.009097539747054748,0.1557713639333247,0.018601519865220493,0.15609207249144602,0.018481289859400958,0.15706277549986813,0.018043254900346358,0.018095734682014104
4000,2557,0.18616140966272082,0.01879031477296823,0.18616140966272082,0.01878796583680392,1.7763568394002505e-15,0.005073991700859815,0.18697359857247564,0.018649148211821853,0.18697359857247564,0.018646816922580692,1.7763568394002505e-15,0.005456677318286351,0.18781669647732302,0.018806558531046746,0.18697409955801336,0.018674666823545096,0.18584748743134105,0.017898002623786408,0.017897985658147576
4000,2558,0.1699049695641553,0.017765319064001233,0.1699049695641553,0.017763098260309328,1.7763568394002505e-15,0.014826551087573425,0.1702858432170889,0.017683436874924456,0.1702858432170889,0.01768122630714597,8.881784197001252e-16,0.014735191703959843,0.16924064716300358,0.01775405517720583,0.1702442861569453,0.017690414227546282,0.17070191985752764,0.018116498909067465,0.01811845716152141
4000,2559,0.20344606290860956,0.018094619988567765,0.20344606290860956,0.0180923580196873,8.881784197001252e-16,0.01415158366627394,0.20233062976771954,0.017989454989161924,0.20233062976771954,0.017987206166728092,1.7763568394002505e-15,0.01349883451254083,0.2041877534807619,0.018139459464995143,0.202334652126491,0.018006701539418017,0.20291276901013527,0.018601370381894824,0.01864050762899798
4000,2560,0.21137998131739338,0.018836098136236143,0.21137998131739338,0.0188337434767937,1.7763568394002505e-15,0.006516899837546373,0.21070523282836362,0.018665664062406186,0.21070523282836362,0.018663330708554655,1.7763568394002505e-15,0.0061634617291394765,0.20986043890256834,0.018841757222631678,0.210696426401145,0.018687928407002743,0.21192473534739342,0.01868789489468895,0.018771229473897998
4000,2561,0.16316473456883612,0.017971784980737752,0.16316473456883612,0.01796953836719304,8.881784197001252e-16,0.016855285006164455,0.16372276043152106,0.0178384602773977,0.16372276043152106,0.01783623033048263,8.881784197001252e-16,0.018276603045995914,0.16654825847103472,0.018089560696850145,0.16369798731630436,0.017846544839470523,0.164695699501771,0.017481814599463946,0.01752458018515552
4000,2562,0.19328394128759552,0.017664321346018565,0.19328394128759552,0.017662113167830548,1.7763568394002505e-15,0.00975810099006711,0.1919537486733479,0.01753923400570596,0.1919537486733479,0.01753704146441285,8.881784197001252e-16,0.00945395434266717,0.1923593963753003,0.017606584520810507,0.1918644015950966,0.017539864094472047,0.1931852411192117,0.017697792607103434,0.01768706633923269
4000,2563,0.16323419455938293,0.018486678776833423,0.16323419455938293,0.018484367797541083,8.881784197001252e-16,0.009222371483461677,0.16374788493840697,0.01837069276660957,0.16374788493840697,0.018368396286474763,1.7763568394002505e-15,0.009731858237402052,0.16540575787647543,0.018584337217993744,0.16377608751746264,0.0183863093358676,0.16507547310207926,0.019121919611759707,0.019161315376546455
4000,2564,0.16788008835115292,0.018128302183019303,0.16788008835115292,0.01812603600360136,1.7763568394002505e-15,0.016716591809065064,0.16807477084912797,0.018026627008866595,0.16807477084912797,0.018024373539639857,1.7763568394002505e-15,0.01519887087372197,0.16811980247773906,0.01815164566581825,0.16808826199331683,0.018038168601901862,0.1693530954349911,0.01875031907914971,0.018719172459943555
4000,2565,0.2121353708221877,0.018422590553456294,0.2121353708221877,0.01842028758569263,8.881784197001252e-16,0.017334934746262985,0.21185121176432725,0.01830378871242852,0.21185121176432725,0.018301500595823243,1.7763568394002505e-15,0.01626895711482055,0.21229962824486676,0.01846945925179573,0.21188018742078013,0.01832327395096889,0.21209845140562233,0.018766955509395097,0.018820868865778002
4000,2566,0.15149317545025281,0.018701298924398837,0.15149317545025281,0.018698961115911125,1.7763568394002505e-15,0.005258472984493016,0.15255591649765426,0.01858744140623321,0.15255591649765426,0.01858511783082489,1.7763568394002505e-15,0.006111603599746145,0.1528702119078298,0.018702173561086003,0.15256072112703994,0.018602094747530336,0.15051066183764805,0.0184486001224918,0.01838859170849319
4000,2567,0.16650806896241138,0.017606962111431253,0.16650806896241138,0.017604761103595736,8.881784197001252e-16,0.014010082939374828,0.1660892264724082,0.017557760519067798,0.1660892264724082,0.01755556566181576,8.881784197001252e-16,0.01532173184099209,0.16340891768220722,0.017696694529391137,0.16602722410946452,0.017565929676466963,0.16586566712352357,0.017686508988239615,0.017737019596195558
4000,2568,0.17909832343784848,0.018609475233806325,0.17909832343784848,0.018607148903997395,3.552713678800501e-15,0.00965800698936255,0.17922038837459597,0.018374146545292364,0.17922038837459597,0.018371849633408235,1.7763568394002505e-15,0.00970313220486935,0.17842662298141493,0.018598964613327176,0.17921119829099752,0.018383115794178364,0.17900412660616855,0.019014231810829063,0.018978302987834747
4000,2569,0.17577384093893877,0.017739872376028837,0.17577384093893877,0.017737654753371756,8.881784197001252e-16,0.020772348242447874,0.17505941197738029,0.017626981229936868,0.17505941197738029,0.017624777719555115,8.881784197001252e-16,0.02084903803743964,0.17506567293245479,0.01775289963677171,0.1749699718029205,0.017637544981247633,0.17437694494663503,0.017523154493538286,0.017564847860374645
4000,2570,0.19130633415937714,0.01897039052998885,0.19130633415937714,0.018968019082947898,1.7763568394002505e-15,0.013035093282322444,0.192322156850255,0.018802091932930358,0.192322156850255,0.018799741524529033,3.552713678800501e-15,0.012574025476133045,0.19336328064666192,0.018900130872382712,0.19240677931682715,0.018824759554224347,0.1931001495060553,0.01905115762362456,0.019084006383348368
4000,2571,0.18249362678980496,0.01786851501547701,0.18249362678980496,0.01786628131148485,8.881784197001252e-16,0.012232496118002924,0.18163559294623677,0.017745989965940942,0.18163559294623677,0.01774377157853732,1.7763568394002505e-15,0.011182754921375198,0.18092391902179167,0.017922364635699243,0.1816164634546792,0.017756425913403893,0.18190576879064246,0.01800083781222252,0.017991042712331717
4000,2572,0.1784882907096812,0.018422766973158526,0.1784882907096812,0.01842046398334102,8.881784197001252e-16,0.005781706433039611,0.17759824929703327,0.018293065005530938,0.17759824929703327,0.018290778229472806,8.881784197001252e-16,0.005745718299442214,0.1789328682198853,0.0184566531760919,0.17758841840407463,0.01830747659755019,0.17797622259511175,0.017901010092455386,0.017902477865594717
4000,2573,0.19786926947742534,0.01809542772708477,0.19786926947742534,0.018093165657230684,1.7763568394002505e-15,0.014237271776121531,0.19779158541098474,0.017996985424134655,0.19779158541098474,0.017994735660337612,8.881784197001252e-16,0.015311670155591121,0.1980353550693299,0.018109526685772436,0.1977859248721902,0.018005566855982334,0.19851917794824459,0.017771523501967996,0.017846186518877476
4000,2574,0.21982987167443424,0.018498199966892413,0.21982987167443424,0.018495887547361298,8.881784197001252e-16,0.0066096910363586635,0.22037828320035624,0.018369867065648585,0.22037828320035624,0.018367570688732848,1.7763568394002505e-15,0.007278581631575212,0.22097730143866623,0.018470797358721154,0.22033172118452649,0.018385476083325077,0.2210301387404931,0.018215036376941513,0.018301333497251247
4000,2575,0.19220219764446544,0.01864293241059444,0.19220219764446544,0.018640601898377,8.881784197001252e-16,0.009430284475777923,0.19205551771633067,0.01861171152572327,0.19205551771633067,0.018609384916360383,1.7763568394002505e-15,0.010082246687343397,0.19223000708227672,0.01879037979146111,0.19212889716334858,0.01862151969904317,0.18967874456011147,0.0189616057345277,0.01845199549145199
4000,2576,0.1854017705440214,0.018297337491162993,0.1854017705440214,0.018295050181010776,8.881784197001252e-16,0.012593163932497023,0.1841867892758089,0.01821724216042355,0.1841867892758089,0.018214964862813498,1.7763568394002505e-15,0.012893172716132915,0.18462848148965316,0.01837394299935894,0.1841756094856204,0.01823189010627264,0.18566871686497827,0.018907144834604876,0.01891931145262518
4000,2577,0.1812441556945698,0.017940679753683256,0.1812441556945698,0.01793843702853496,8.881784197001252e-16,0.005517780173481112,0.17989860094819482,0.017832184500202714,0.17989860094819482,0.017829955337808828,8.881784197001252e-16,0.0059393714759492,0.17864486599420792,0.017952243342590914,0.17989374869998198,0.017838274276603335,0.17913515513308714,0.01804446200170987,0.018075383109663053
4000,2578,0.19352410014294757,0.0179659067240613,0.19352410014294757,0.0179636608453446,1.3322676295501878e-15,0.006351174106222812,0.1934987094617841,0.017886105352419836,0.1934987094617841,0.017883869449498116,8.881784197001252e-16,0.006483096364384018,0.19364141862124346,0.017967853710877762,0.19345056568525265,0.017892420127084255,0.19317786016401467,0.017868965000712653,0.017888346111630118
4000,2579,0.19420606045307615,0.01860954829570236,0.19420606045307615,0.018607221956760126,1.7763568394002505e-15,0.006486326423339828,0.19585669007548528,0.01852485977387487,0.19585669007548528,0.018522544021659575,1.7763568394002505e-15,0.0063653359432481,0.1967283989348415,0.018707626186412005,0.19585679592820426,0.018538998387270716,0.19581825112393436,0.018496348090587755,0.018507878806452
4000,2580,0.1814758013850556,0.019549828739020107,0.1814758013850556,0.019547384857675595,1.7763568394002505e-15,0.016424998432034685,0.1818558950480656,0.019589595396683743,0.1818558950480656,0.01958714654419631,3.552713678800501e-15,0.017299403305862587,0.1827268088985911,0.019900580419784056,0.1818757181313897,0.01961818678920428,0.18188463703491853,0.0198094289089518,0.019700078996961565
4000,2581,0.17692575972283037,0.018010813768289807,0.17692575972283037,0.018008562275841695,1.7763568394002505e-15,0.003061829101497105,0.1752234773231387,0.01789255814972249,0.1752234773231387,0.017890321440150687,8.881784197001252e-16,0.0032114113748296096,0.1741467067318307,0.018035675287553843,0.17524151614535172,0.01790429916741159,0.17590077298834705,0.018026234255271386,0.018044406051828218
4000,2582,0.15828252892077516,0.01849046773588102,0.15828252892077516,0.018488156282939195,8.881784197001252e-16,0.011280834500500157,0.1578866167297343,0.018427570023924013,0.1578866167297343,0.018425266433687634,1.7763568394002505e-15,0.01058048670364181,0.15810002827242942,0.018523502813750092,0.15788369841366995,0.018447095039752007,0.15875216391969776,0.01815478003787358,0.0181878102337863
4000,2583,0.2244077091625598,0.018183640553999823,0.2244077091625598,0.01818136745685312,8.881784197001252e-16,0.008232752125298838,0.2255779528941686,0.01805340452812772,0.2255779528941686,0.01805114771150185,1.7763568394002505e-15,0.007142977807661027,0.22548903147423288,0.0181558776788109,0.22570173058262122,0.018055353234767146,0.2251638031942445,0.017952031530589715,0.017888865573383404
4000,2584,0.16837639904984764,0.018035274296789097,0.16837639904984764,0.018033019746583803,8.881784197001252e-16,0.006509851762113981,0.16839844563958828,0.017973853986995376,0.16839844563958828,0.017971607114808715,8.881784197001252e-16,0.007449569211288016,0.1668747736350752,0.01807050423750659,0.16837057245306775,0.01798245969725933,0.168085764738108,0.01815870581479912,0.01818485184636169
4000,2585,0.19435312300952695,0.018078607789875453,0.19435312300952695,0.01807634782264494,8.881784197001252e-16,0.015505348961741078,0.1930326913350014,0.017948898486653327,0.1930326913350014,0.01794665473409919,1.7763568394002505e-15,0.012975472033201664,0.19409172958790027,0.01810404936415891,0.19301382300406295,0.017957645852976597,0.1926152020900106,0.018400499336863475,0.018387657631467852
4000,2586,0.2097228400513007,0.02009322377658673,0.2097228400513007,0.02009071196661672,8.881784197001252e-16,0.008567422541882799,0.21037294014445496,0.019897918523556903,0.21037294014445496,0.019895431128269535,1.7763568394002505e-15,0.008326370160419476,0.20974272291831764,0.02004418701035907,0.21045513348142575,0.01993110086543675,0.2096946608287345,0.019137139022795957,0.019211797434678813
4000,2587,0.18223300137077553,0.01911652508619466,0.18223300137077553,0.019114135371192366,1.7763568394002505e-15,0.010311660157805231,0.18187072081224903,0.018929050113378428,0.18187072081224903,0.018926683834212563,1.7763568394002505e-15,0.010051523715873876,0.18213344750770466,0.019101239919255063,0.1818939596202725,0.01895400543546732,0.1804242736411526,0.01854672022497366,0.018547072423004504
4000,2588,0.20780868732909757,0.018746220969103826,0.20780868732909757,0.018743877545009526,1.7763568394002505e-15,0.009649196479142197,0.20817271811070104,0.01859799951544284,0.20817271811070104,0.018595674620188376,1.7763568394002505e-15,0.010608850045344826,0.20661104336736075,0.018713430671977997,0.20818631859002795,0.018616319888146275,0.20695549866678775,0.018721726901365348,0.01862038160251503
4000,2589,0.19206057603313292,0.018961499859051857,0.19206057603313292,0.01895912952341424,1.7763568394002505e-15,0.004651678162673687,0.19131566793054866,0.01892729923241752,0.19131566793054866,0.018924933172125458,1.7763568394002505e-15,0.0051301211652683264,0.1927807795076426,0.01909027914067958,0.19132047570273708,0.018952364305836175,0.1914303597582902,0.0182744836759165,0.018281206877629776
4000,2590,0.1675353168115601,0.018157503136978906,0.1675353168115601,0.01815523330721356,1.7763568394002505e-15,0.01593282023710437,0.16753108973596348,0.018055942569568863,0.16753108973596348,0.018053685435667977,8.881784197001252e-16,0.016146173847421067,0.16690133929805956,0.018178557782671006,0.16754179193408641,0.01806336208960215,0.16566152902900316,0.018193871141451178,0.01818659340227687
4000,2591,0.21464867460169035,0.017926127765824914,0.21464867460169035,0.017923886859788803,8.881784197001252e-16,0.013933305924289728,0.21472594458061534,0.017795045542951478,0.21472594458061534,0.017792821023217435,8.881784197001252e-16,0.01491405761243622,0.21512244816369047,0.01788347776252671,0.21467502855614945,0.017812593363805966,0.21561172698288839,0.018350474862400514,0.01839260843275234
4000,2592,0.19996846851327726,0.018948481404686888,0.19996846851327726,0.01894611269645778,8.881784197001252e-16,0.008538032582102109,0.2006857564396627,0.01882728158109214,0.2006857564396627,0.01882492802378798,3.552713678800501e-15,0.00926279467998251,0.20071042482710422,0.019107637402745275,0.20068912071912365,0.018849774765186053,0.19898090457094786,0.018329146365647527,0.018353753575060257
4000,2593,0.17203365182950436,0.018469788895191925,0.17203365182950436,0.01846748002726676,1.7763568394002505e-15,0.008691054155162683,0.17067199444620407,0.01837212112766179,0.17067199444620407,0.018369824468970692,8.881784197001252e-16,0.008644029140905247,0.1701275503407943,0.018482248272681145,0.17062506611681033,0.01838504728156877,0.17028669599593454,0.018552401119753974,0.01855491159888432
4000,2594,0.18395976052717394,0.01977936910610565,0.18395976052717394,0.019776896530421747,3.552713678800501e-15,0.0034980688987637934,0.18316186741391544,0.01988789135398249,0.18316186741391544,0.01988540521216967,3.552713678800501e-15,0.0037761276066957286,0.1846657142241751,0.02024126085073048,0.18326648708444165,0.01992388135378782,0.18236333892484696,0.01872918587396475,0.018679156307464074
4000,2595,0.1612933849766507,0.01817835557572034,0.1612933849766507,0.018176083139237218,1.7763568394002505e-15,0.015628024964209182,0.16179515507518177,0.017928199450088955,0.16179515507518177,0.017925958285076125,8.881784197001252e-16,0.01348846127825798,0.16225473437585108,0.01801900809630348,0.1617835769580464,0.017935478130049545,0.16176723548488747,0.01797935411615834,0.018097951974764822
4000,2596,0.18925724821806933,0.01894653683709448,0.18925724821806933,0.01894416837195152,1.7763568394002505e-15,0.0072829323789329855,0.18924171304640647,0.018819803768562942,0.18924171304640647,0.01881745114604377,1.7763568394002505e-15,0.0075696346242882726,0.19055822624528895,0.018907544754551663,0.18927437267542085,0.018842487074893843,0.1889034653037882,0.018291680866870767,0.01832602395641774
4000,2597,0.1654517511276567,0.017886624089020427,0.1654517511276567,0.017884388121252582,1.3322676295501878e-15,0.008547160645714195,0.16733281076384143,0.017817710735962815,0.16733281076384143,0.017815483382902553,8.881784197001252e-16,0.008555115522479985,0.16796051479028712,0.017886040101825817,0.16731486860585937,0.0178248541099024,0.16630857033472368,0.01795069598928573,0.0179777082059047
4000,2598,0.19026921465369334,0.017949909400799224,0.19026921465369334,0.017947665521872925,1.7763568394002505e-15,0.022165933461092573,0.1896390348292501,0.017768734136236676,0.1896390348292501,0.017766512905634056,8.881784197001252e-16,0.023712926805365075,0.19022797961577714,0.017851262273865045,0.18961170423986035,0.01777642729243939,0.18940929003000456,0.01872173854514087,0.018715973653177495
4000,2599,0.17161169501025209,0.018675982614408344,0.17161169501025209,0.01867364797065719,1.7763568394002505e-15,0.007444582511754623,0.17256087349381577,0.018579018526062568,0.17256087349381577,0.018576696003580084,1.7763568394002505e-15,0.007407488052061664,0.17365924869328658,0.018707226551585368,0.17257993721636927,0.01859947259942943,0.1721012438629655,0.018174120884880695,0.01824084307796659
4000,2600,0.19975209378458492,0.01766799886630682,0.19975209378458492,0.017665790228400036,1.7763568394002505e-15,0.00980889801172459,0.20024541448597938,0.017575199229854722,0.20024541448597938,0.01757300219262758,8.881784197001252e-16,0.010811499366214518,0.20007157982374685,0.017639629601116893,0.20021537879103057,0.017581229507433845,0.2009228623356245,0.017833192003802168,0.01776227146638439
4000,2601,0.1620068470210646,0.017718512720111743,0.1620068470210646,0.017716297767578545,8.881784197001252e-16,0.012291688988222181,0.161718941655835,0.017631551053667288,0.161718941655835,0.017629346972021866,8.881784197001252e-16,0.01463009942637205,0.16028552228365228,0.017750207499136774,0.16168197608181128,0.017640386983500973,0.1644753372103268,0.017560880687482343,0.01753661927780298
4000,2602,0.18651313826388388,0.01840471295652285,0.18651313826388388,0.01840241222359849,1.7763568394002505e-15,0.018184443807938638,0.1866106846611914,0.018345015348055316,0.1866106846611914,0.01834272207779846,1.7763568394002505e-15,0.017913308528429612,0.18596859559242873,0.018505241140310238,0.1866294793819155,0.018363721932824328,0.1872563727199783,0.01883383389014967,0.018822071821565867
4000,2603,0.18058847070175538,0.018167907754951126,0.18058847070175538,0.018165636624527238,8.881784197001252e-16,0.01589714926019497,0.1808918002425231,0.01810397343231527,0.1808918002425231,0.018101710294181256,1.7763568394002505e-15,0.015829864427982634,0.18142325655272817,0.01831036338408699,0.18088443931349307,0.01811807263401084,0.18056732209167442,0.017990393997847756,0.017993730205080053
4000,2604,0.21185283913477254,0.018499380116605523,0.21185283913477254,0.018497067549546473,8.881784197001252e-16,0.00819482920425778,0.21222359278175162,0.018364567052453446,0.21222359278175162,0.01836227133808077,8.881784197001252e-16,0.00866780349619296,0.2118898120081973,0.01840008095492396,0.21219690999484486,0.01838295179948271,0.21234687725388224,0.018384763749891748,0.01840700940163202
4000,2605,0.17693258902422987,0.018207842221177835,0.17693258902422987,0.01820556609863364,1.7763568394002505e-15,0.013412483381547822,0.175919589393909,0.018113286502698934,0.175919589393909,0.018111022200358352,8.881784197001252e-16,0.013971477952143457,0.17610491522163024,0.01826095930591321,0.17591093911438188,0.018128499712465582,0.1748326719320496,0.01825973906511327,0.01825836304068127
4000,2606,0.181250670780297,0.01774541710510216,0.181250670780297,0.01774319878931062,8.881784197001252e-16,0.01490664504441559,0.1806255169044801,0.01764857868992855,0.1806255169044801,0.017646372479695548,8.881784197001252e-16,0.01684057514223666,0.1806020974890471,0.01770037498212707,0.18059940194493662,0.017657346052296324,0.18014147640401357,0.017828939193560375,0.01788691542265091
4000,2607,0.23799284666197196,0.019242012592500773,0.23799284666197196,0.019239607190579697,1.7763568394002505e-15,0.013452433466104814,0.23702793735805344,0.019134910029586845,0.23702793735805344,0.019132518016322972,8.881784197001252e-16,0.009639948844779018,0.23897116699513954,0.019474706740311702,0.2371424443673814,0.019162212359839698,0.22838207057684884,0.02145884584025417,0.019297240612935442
4000,2608,0.2007316136690283,0.017727113279910684,0.2007316136690283,0.017724897252240312,1.7763568394002505e-15,0.013193125832810777,0.20113829257918825,0.017662021030007205,0.20113829257918825,0.017659813139376666,1.7763568394002505e-15,0.013864454423459361,0.20155933827052003,0.017742658114120503,0.2010829429711139,0.017672096331707104,0.2011754378667293,0.017890429410228625,0.017874238641955
4000,2609,0.23162658027964667,0.018091389047588384,0.23162658027964667,0.01808912748260079,8.881784197001252e-16,0.011901910454711525,0.23119711604586402,0.017921145718440307,0.23119711604586402,0.017918905435199046,8.881784197001252e-16,0.010152593689715496,0.231793375474818,0.01800363912948225,0.23115338650776207,0.017937977212742574,0.23348770275397185,0.017915456318048174,0.017974371741721302
4000,2610,0.20692806408749614,0.018175452615809374,0.20692806408749614,0.018173180542218927,1.7763568394002505e-15,0.014199160366646047,0.20604363519051583,0.01805045568221554,0.20604363519051583,0.018048199234218448,1.7763568394002505e-15,0.014371476120140367,0.20545339497627524,0.01808122752563658,0.20600892896191347,0.01806613788662838,0.2081757499623254,0.017704572534016163,0.017706985523608096
4000,2611,0.19963792111755552,0.017626204837022364,0.19963792111755552,0.017624001423695794,8.881784197001252e-16,0.013670609974893678,0.19917101700230555,0.01756178572959559,0.19917101700230555,0.017559590369160785,1.7763568394002505e-15,0.01393507672317893,0.1990494787696901,0.01768507147504494,0.19916337986825927,0.017569690073341936,0.19848054018041966,0.018188857092297565,0.018013460033989112
4000,2612,0.15409922582408841,0.018087012196262103,0.15409922582408841,0.018084751178415123,1.7763568394002505e-15,0.011431925836768528,0.15534684107350272,0.01801483277426905,0.15534684107350272,0.018012580779413787,1.7763568394002505e-15,0.010585957234030562,0.15412905837924695,0.018122681956798316,0.1553237532897307,0.018027587366277624,0.15627349418031222,0.01775314722288891,0.017838505064270524
4000,2613,0.17766833752756306,0.01785159573908097,0.17766833752756306,0.01784936415013056,8.881784197001252e-16,0.011938340492582966,0.17843636057516354,0.017717959498184194,0.17843636057516354,0.017715744614808054,1.7763568394002505e-15,0.013685012723937398,0.17828857422096428,0.01777392439150521,0.17842863894814837,0.017728697994545375,0.17770689956051022,0.017774872868002195,0.017875505941867657
4000,2614,0.20925692451764932,0.019811961436379946,0.20925692451764932,0.019809484786400097,3.552713678800501e-15,0.007556147916454592,0.20851971930912944,0.01945494243625519,0.20851971930912944,0.01945251041643992,1.7763568394002505e-15,0.00796960601627839,0.20783145678029608,0.019581390628877104,0.2086514379774917,0.019478266745431128,0.2061467718787871,0.01948503361004785,0.019214504061186754
4000,2615,0.1841082034412166,0.01825847354439913,0.1841082034412166,0.018256191092543922,8.881784197001252e-16,0.009024640817151949,0.18575314659519737,0.018072790466563945,0.18575314659519737,0.018070531226544298,1.7763568394002505e-15,0.006823556559051441,0.18450671076240194,0.01820058655995054,0.1857415378513188,0.01808661022758629,0.18545485479702428,0.018031320026784894,0.018031476496605817
4000,2616,0.2072702449902898,0.018522162036193435,0.2072702449902898,0.01851984662121643,1.7763568394002505e-15,0.010050027607787995,0.20816436105043545,0.018451487080132934,0.20816436105043545,0.018449180500077655,1.7763568394002505e-15,0.010000961075560744,0.2087346273350545,0.01858751581869621,0.20812071869469906,0.018461715135750782,0.20831640951045205,0.017938219907622004,0.017973759094929317
4000,2617,0.19630958942494964,0.01823413904086895,0.19630958942494964,0.01823185963101682,1.7763568394002505e-15,0.01564480086307972,0.19663376002560445,0.01809227650496951,0.19663376002560445,0.018090014829042815,8.881784197001252e-16,0.017601152492189936,0.19617466512300508,0.018116710662934587,0.19666278812409188,0.018104663387621373,0.19711892254009727,0.018915338792216005,0.018999865842295446
4000,2618,0.14075455201297304,0.017910953161315957,0.14075455201297304,0.017908714152223976,8.881784197001252e-16,0.015807210016582612,0.14007139978186334,0.01788046090950316,0.14007139978186334,0.01787822571218091,1.7763568394002505e-15,0.015756396415079102,0.13993381866212024,0.017956280902567418,0.1400577045654013,0.017891357646167363,0.1393776999699824,0.018062548318788393,0.018111989055809546
4000,2619,0.16344518545922915,0.018584122638431642,0.16344518545922915,0.018581799477895233,1.7763568394002505e-15,0.005991538380024808,0.1630108813470736,0.018494458978907235,0.1630108813470736,0.01849214702702885,1.7763568394002505e-15,0.00579939414885574,0.16288988901668355,0.01856773525275949,0.16300353696976477,0.01850969988638451,0.16346322798437263,0.017761523314214777,0.017816576059119554
4000,2620,0.19569101417925555,0.018598261549636348,0.19569101417925555,0.018595936621625564,1.7763568394002505e-15,0.013892348483030554,0.1955740047115248,0.018291747753436713,0.1955740047115248,0.01828946114204539,1.7763568394002505e-15,0.013522376489001392,0.19696811615155785,0.01853517085767075,0.1955856394158283,0.018313117487481212,0.19459163184934036,0.018509365545967583,0.018477058234791115
4000,2621,0.22064418467411728,0.018083204705604823,0.22064418467411728,0.01808094416372392,1.7763568394002505e-15,0.019157746603060008,0.21984145755902035,0.018025473919873507,0.21984145755902035,0.018023220594791906,1.7763568394002505e-15,0.01937124494869173,0.22008963806500004,0.01806456907882159,0.21987859972108764,0.01804529487291253,0.21994763446502086,0.01822119147479171,0.018069107352188928
4000,2622,0.1884079302545535,0.018912108062073316,0.1884079302545535,0.018909743900796243,1.7763568394002505e-15,0.01181878890883988,0.18828608301430794,0.018730454555041496,0.18828608301430794,0.018728113101872147,8.881784197001252e-16,0.012354805977097748,0.18897408398062593,0.018904492261247276,0.18831806661947403,0.018746984584879212,0.18847998499071084,0.018136013249377435,0.018136050751428583
4000,2623,0.14622485089797338,0.01806523291031771,0.14622485089797338,0.018062974615051644,8.881784197001252e-16,0.007864372791671907,0.14743344208985298,0.017970337629057677,0.14743344208985298,0.017968091196443232,8.881784197001252e-16,0.007562372988078005,0.14738681595558162,0.018032301229144395,0.14741080197437662,0.017979648563371805,0.147717186300245,0.017668934362862286,0.017742199525359947
4000,2624,0.22879513589936595,0.019225762496526903,0.22879513589936595,0.01922335912599479,1.7763568394002505e-15,0.010132722315876575,0.2282167308537203,0.019073475560664886,0.2282167308537203,0.019071091227189647,1.7763568394002505e-15,0.009379895314280948,0.23130662006312513,0.01924962030658436,0.22826914352519628,0.019091175180076993,0.2274763494931884,0.018636206074058526,0.018635789048896206
4000,2625,0.16722429941417555,0.018956093935104314,0.16722429941417555,0.01895372427524943,3.552713678800501e-15,0.013961342397418744,0.1698637685711818,0.01877884333546827,0.1698637685711818,0.018776495833323283,8.881784197001252e-16,0.016093125584595434,0.16843592464179385,0.018997350921840263,0.16991301203424358,0.018807241491274024,0.16836497837787134,0.018591347898740677,0.018559156062474748
4000,2626,0.15967056994739653,0.01845457129479755,0.15967056994739653,0.01845226432919134,3.552713678800501e-15,0.0027929209565099077,0.1587347312373374,0.018397030084027124,0.1587347312373374,0.018394730311521855,3.552713678800501e-15,0.0026048647422833478,0.15846946519591887,0.0184947476165303,0.15873282112816917,0.018416997518892215,0.15892574219527583,0.01887042591601473,0.018772799848521645
4000,2627,0.1967076094423688,0.017987130568850904,0.1967076094423688,0.017984882036987775,8.881784197001252e-16,0.006016861419968323,0.1956349592888531,0.01786215955118846,0.1956349592888531,0.017859926641678996,1.7763568394002505e-15,0.006475665950954371,0.19397221437812512,0.017970474211871826,0.1955836785548269,0.017870145917030962,0.1947956008018591,0.017489714245067216,0.017579442537639243
4000,2628,0.19242410080240951,0.01817249591566754,0.19242410080240951,0.018170224211687708,1.7763568394002505e-15,0.012974234431323449,0.19375298479068837,0.017986030347606274,0.19375298479068837,0.017983781953279394,8.881784197001252e-16,0.014391498194072806,0.19448480165955412,0.01807639506461921,0.1937349652305751,0.018001034346986623,0.19389613290485874,0.018000859659101292,0.017999292840438323
4000,2629,0.19471639840591265,0.01799124448847698,0.19471639840591265,0.017988995442341754,1.7763568394002505e-15,0.014794516941587062,0.19474525311689306,0.017935875687646787,0.19474525311689306,0.017933633563044286,1.7763568394002505e-15,0.013227672993173165,0.1952210259881461,0.018037908788415328,0.19474535998700188,0.017946643829771104,0.1958212435695254,0.017404237441013545,0.01746357022993579
4000,2630,0.21047863071954592,0.017987581297022468,0.21047863071954592,0.01798533270881479,8.881784197001252e-16,0.016776177303896918,0.2110039344462981,0.017834941473860177,0.2110039344462981,0.017832711966823046,8.881784197001252e-16,0.01724005523858094,0.20911652279633047,0.017928046394305112,0.21099000080582325,0.01784139291351468,0.20985306534077797,0.018238720642492684,0.01824707459972054
4000,2631,0.2311862414992102,0.01809554363568991,0.2311862414992102,0.01809328155134634,1.7763568394002505e-15,0.01526036652678692,0.22998180377202815,0.017989200309787776,0.22998180377202815,0.017986951519190855,1.7763568394002505e-15,0.013460167593893527,0.22995702300328602,0.0180866091528962,0.22997497439935471,0.017997006891841562,0.23039831401833433,0.018151485811311124,0.01793573835427822
4000,2632,0.19927406551666527,0.018486380873824565,0.19927406551666527,0.018484069931772432,1.7763568394002505e-15,0.007041950222673037,0.20070247540944514,0.018380972592468924,0.20070247540944514,0.01837867482727556,1.7763568394002505e-15,0.007207299019987529,0.1994232323015005,0.018473981206384105,0.2007276566912365,0.018393430936203478,0.2004487731602282,0.01793062906499304,0.017683048954582024
4000,2633,0.17662892056449092,0.018760563180460817,0.17662892056449092,0.018758217963478034,1.7763568394002505e-15,0.006605165731025458,0.17679286613449985,0.018652211680273693,0.17679286613449985,0.018649880008075038,1.7763568394002505e-15,0.007050012562269107,0.17631135940881015,0.018702940135357782,0.17682531851952937,0.01867522114534358,0.17661390692691725,0.018586968129618263,0.018581482809616547
4000,2634,0.1700732497045888,0.018470782761643725,0.1700732497045888,0.018468473769477484,8.881784197001252e-16,0.011176182517967169,0.1709493096780022,0.01837205334029457,0.1709493096780022,0.018369756690077423,8.881784197001252e-16,0.012424207022687367,0.1717031980308451,0.018534809973603298,0.17096196992328633,0.018382951486335824,0.17182767157286394,0.018492192040554255,0.018522553761487728
4000,2635,0.14917949402868297,0.017953036304796204,0.14917949402868297,0.017950792034982475,1.7763568394002505e-15,0.015985468286712656,0.14870316313085086,0.017834026977570513,0.14870316313085086,0.017831797584852566,1.7763568394002505e-15,0.017644869111558173,0.14661723954746303,0.017969881527864627,0.14871850831353894,0.017838987075033844,0.1505798286340982,0.018173521224808295,0.018315158589122287
4000,2636,0.20725462438994896,0.018548768577263827,0.20725462438994896,0.018546449836261296,1.7763568394002505e-15,0.007838637880765846,0.20762173600039496,0.018447980967444492,0.20762173600039496,0.018445674825680693,8.881784197001252e-16,0.00797227280823794,0.20734311373850478,0.0185472720815752,0.2075408540338493,0.018461516682563437,0.21074799933771454,0.01817416559877667,0.018169586941810575
4000,2637,0.2058994646430739,0.018021459336750773,0.2058994646430739,0.018019206513523428,1.7763568394002505e-15,0.015684977175806986,0.2053044372286943,0.017924581206988557,0.2053044372286943,0.017922340494284386,1.7763568394002505e-15,0.012989051432646451,0.2041739551250199,0.018009308924694333,0.20520949805242633,0.01794086766856239,0.2072403431543638,0.017492399046929816,0.017497460351920506
4000,2638,0.20436233812832855,0.01834328285434146,0.20436233812832855,0.018340989800659856,1.7763568394002505e-15,0.005293408888054167,0.2045291816806467,0.018297483010952634,0.2045291816806467,0.01829519568260931,8.881784197001252e-16,0.006730523475864448,0.20486988836171288,0.01836658399350222,0.20451596141050393,0.018316003996055534,0.20565206023771326,0.017978270859162385,0.01797874458225981
4000,2639,0.20455136520850264,0.019608435663482388,0.20455136520850264,0.0196059844558144,3.552713678800501e-15,0.009985690138653032,0.2046713119639859,0.019623899534617947,0.2046713119639859,0.01962144639384524,1.7763568394002505e-15,0.010305538706097121,0.20389227980364483,0.019770496449234048,0.20472239698196898,0.01966653467608845,0.2044021689387095,0.01955311095486051,0.02010632774167644
4000,2640,0.18618588073817283,0.018165066210101447,0.18618588073817283,0.018162795434892864,8.881784197001252e-16,0.007145236678002221,0.18713081161538142,0.017994096795639965,0.18713081161538142,0.017991847392944054,8.881784197001252e-16,0.009574579539377797,0.18796140193455957,0.01809507195303572,0.18711798300221222,0.017999076376930413,0.1876164336155544,0.017978333075363888,0.018068535801857633
4000,2641,0.16164221429259323,0.01811769506989297,0.16164221429259323,0.018115430216447043,1.7763568394002505e-15,0.016853502573585453,0.16136326991042232,0.018004931363977666,0.16136326991042232,0.018002680606876056,8.881784197001252e-16,0.017415498338691944,0.16146927095286912,0.018096927591409125,0.16134447392944218,0.01801406305542553,0.15998613300442155,0.017694258261314443,0.017806114757388178
4000,2642,0.21219583499912092,0.018663858542808897,0.21219583499912092,0.018661525414661425,1.7763568394002505e-15,0.006314041883289538,0.21025864977598918,0.01851943686964676,0.21025864977598918,0.018517121795336867,8.881784197001252e-16,0.006434223386605397,0.2094579906131006,0.018649618427926028,0.21023658943911838,0.018553473626346018,0.2115796174429352,0.01790648374152145,0.01793766615705353
4000,2643,0.2017445120009963,0.019362746867561252,0.2017445120009963,0.019360326372912438,1.7763568394002505e-15,0.01471079863453244,0.20481544031122656,0.01892586891164867,0.20481544031122656,0.01892350303015788,8.881784197001252e-16,0.013368173757010382,0.20573618939714056,0.01900237353027121,0.2048854376753788,0.018938213405607213,0.20238192800538846,0.019099816795150378,0.018799176005231535
4000,2644,0.17595273789898858,0.01788244629316572,0.17595273789898858,0.017880210847655,8.881784197001252e-16,0.0045884668218828546,0.17562023936264998,0.01773504636312121,0.17562023936264998,0.017732829343753448,8.881784197001252e-16,0.0035589994395915907,0.17518994860344705,0.017834674870764844,0.17559605977756493,0.017746051716083917,0.1757431849944619,0.01765589732407041,0.017676899598742572
4000,2645,0.16874016344502152,0.01794018571657104,0.16874016344502152,0.017937943053181245,8.881784197001252e-16,0.006665602219548045,0.16874081557324105,0.01786226996287434,0.16874081557324105,0.01786003703956255,8.881784197001252e-16,0.006917861885975588,0.16869936233698513,0.018000015317240336,0.16872491405560525,0.01786843510773135,0.1680908073430848,0.01760577694628647,0.01780475138234623
4000,2646,0.19414195861029454,0.01850505761350652,0.19414195861029454,0.018502744336716,1.7763568394002505e-15,0.018818401870673306,0.1929182698951613,0.018421828100706788,0.1929182698951613,0.01841952522825567,3.552713678800501e-15,0.017611371170937196,0.19434384231344565,0.01857149253193423,0.1928980808653259,0.01843728095054573,0.19428974234857682,0.018485807597415083,0.018481327744039464
4000,2647,0.20644156738388036,0.0191353693663041,0.20644156738388036,0.01913297729561955,8.881784197001252e-16,0.00734844956197549,0.20688881527286024,0.019128778235457944,0.20688881527286024,0.01912638698871625,1.7763568394002505e-15,0.006834542509010046,0.20909587511908456,0.019341537080646076,0.20700189678632752,0.019132535797254012,0.20685724428551544,0.019257072906142206,0.018875121521269314
4000,2648,0.2101780762143225,0.018016626759946253,0.2101780762143225,0.018014374540828763,1.7763568394002505e-15,0.012583073406767292,0.2100147752876806,0.017890155996680892,0.2100147752876806,0.01788791958739699,1.7763568394002505e-15,0.012921439131853972,0.21021217525566177,0.018060059119272408,0.2099944073433948,0.01790452834510501,0.210506650793231,0.018075228643938956,0.018027380172636966
4000,2649,0.198325915320737,0.017975463219242604,0.198325915320737,0.017973216145889336,8.881784197001252e-16,0.011080253274661351,0.19875284034034157,0.017909636691632525,0.19875284034034157,0.01790739784710954,1.7763568394002505e-15,0.01172398368470245,0.1993370748202115,0.017988249912637207,0.19874386119435622,0.01791960534087602,0.19873053953475994,0.018086129737847664,0.01808505084689327
4000,2650,0.17966041340420436,0.018050458036430427,0.17966041340420436,0.01804820158813904,8.881784197001252e-16,0.016310362328467633,0.17922077229230665,0.017958630078881675,0.17922077229230665,0.017956385109802478,8.881784197001252e-16,0.015383364045096387,0.18008412750367758,0.01808620023059418,0.1791989906685899,0.01797416795802603,0.17957885819783875,0.018360548593332034,0.01838248162710893
4000,2651,0.21259097673222077,0.018449403926445552,0.21259097673222077,0.018447097606800758,1.7763568394002505e-15,0.0035279003260491617,0.21120417985419615,0.018355130082892513,0.21120417985419615,0.01835283554821477,1.7763568394002505e-15,0.003462043746013531,0.21078795741075868,0.01843140425230441,0.21120463143554008,0.018368670102246392,0.2118113026417563,0.01848784892618971,0.018478272181570898
4000,2652,0.1696623574756569,0.01865558928059766,0.1696623574756569,0.018653257186172573,1.7763568394002505e-15,0.006671864138447764,0.16978976649012717,0.018494233422095795,0.16978976649012717,0.018491921498413774,1.7763568394002505e-15,0.007194460819174018,0.17036165039807155,0.01863199348745824,0.1697788666950909,0.018510159111886214,0.16933209616174844,0.018276152409528134,0.018289006948316214
4000,2653,0.1510666347404272,0.021130770279827904,0.1510666347404272,0.021128128768438146,1.7763568394002505e-15,0.007354073187801404,0.15008670499290938,0.020276534422712114,0.15008670499290938,0.020273999697479044,7.105427357601002e-15,0.008271053995100034,0.15065909032882452,0.020810256863561367,0.15012722976232884,0.02033788820689548,0.14841158086948336,0.019400376677256578,0.019207537648235316
4000,2654,0.1926450102179713,0.01831302461212444,0.1926450102179713,0.018310735340959533,1.7763568394002505e-15,0.0022467088701451383,0.19360726893249747,0.018290277717301146,0.19360726893249747,0.01828799128967582,8.881784197001252e-16,0.001745347820996759,0.19348955259397094,0.018410011180396188,0.19363182337324103,0.01830182117204323,0.19399304787177113,0.018075823580551396,0.01806394405734323
4000,2655,0.206037053227898,0.01885109958458802,0.206037053227898,0.018848743049847322,1.7763568394002505e-15,0.014660468578393055,0.20636024958403415,0.018744416190980454,0.20636024958403415,0.01874207299249752,3.552713678800501e-15,0.014252171146841871,0.20544511179091096,0.018811110937554124,0.20637301360437948,0.0187695204513877,0.206712917651107,0.01906601452858779,0.01909767204203779
4000,2656,0.19587970250253744,0.01862585423868672,0.19587970250253744,0.01862352586137421,1.7763568394002505e-15,0.012906172446370006,0.1961097664757338,0.01849049844273233,0.1961097664757338,0.01848818698595191,8.881784197001252e-16,0.016120473679769116,0.19568801382515766,0.01859045493090481,0.1961240499043912,0.018501075181166934,0.1949736209963714,0.019141305957646546,0.01913247313632907
4000,2657,0.16691076146108585,0.01905409670023049,0.16691076146108585,0.019051714789264224,3.552713678800501e-15,0.01015183876615759,0.16760942898984887,0.018946593271045847,0.16760942898984887,0.0189442247988482,1.7763568394002505e-15,0.009403418859244743,0.16843376343455824,0.019237812289233654,0.16764183350888728,0.018976962380247604,0.1666742301867789,0.01878166674790349,0.018808243598417634
4000,2658,0.16907236952143856,0.018163098694772388,0.16907236952143856,0.018160828165518592,1.7763568394002505e-15,0.01161704334883891,0.17033635001651354,0.018038012460975274,0.17033635001651354,0.018035757568478063,1.7763568394002505e-15,0.012663170632441807,0.1699413786903916,0.018150040336966933,0.17038946948097183,0.01805310019955863,0.17112817342585013,0.01916566185596525,0.01916987314739435
4000,2659,0.2012257033910116,0.01825508770388581,0.2012257033910116,0.018252805675287122,8.881784197001252e-16,0.016178367085853393,0.20069002154153592,0.01818649657837277,0.20069002154153592,0.018184223124200708,1.7763568394002505e-15,0.01639678609046245,0.20078474208794506,0.018278403550219084,0.20068275193886614,0.0181986904877178,0.20336521912706268,0.018971614354413312,0.01905813421541625
4000,2660,0.21113253096095908,0.01785356951717222,0.21113253096095908,0.017851337681484128,1.7763568394002505e-15,0.0018133832148273293,0.21079437577163213,0.01775060973512556,0.21079437577163213,0.017748390770214693,1.3322676295501878e-15,0.0017378851821863324,0.21012426166610476,0.01785609410547744,0.21075242281384787,0.017764896726640188,0.21033484146092085,0.01776404271934891,0.017687162501493364
4000,2661,0.18812170768257974,0.01980623252965968,0.18812170768257974,0.019803756595837937,8.881784197001252e-16,0.003478513765744072,0.18916920488453232,0.019739199355850934,0.18916920488453232,0.01973673180169968,1.7763568394002505e-15,0.004162073387598734,0.18954352254723433,0.020063679229039268,0.18921460407677043,0.019791500751607675,0.18917978913905598,0.019548768843249215,0.01968864114394167
4000,2662,0.18858693152926947,0.018129755962965424,0.18858693152926947,0.018127489601813627,1.7763568394002505e-15,0.006107387127415073,0.1889807244393087,0.01801825330123683,0.1889807244393087,0.018016000878788973,8.881784197001252e-16,0.005145081475541942,0.18721672600600098,0.01814661651230767,0.18900881939301528,0.01802552284894156,0.1908457296001596,0.017772585054844258,0.017859190483260855
4000,2663,0.17922446498288092,0.01789855244285615,0.17922446498288092,0.017896314983950872,8.881784197001252e-16,0.018966267270525625,0.1798739370416489,0.01780886599211071,0.1798739370416489,0.017806639744712537,8.881784197001252e-16,0.01990925566892231,0.18085456022898722,0.017907215266403965,0.17983504467156491,0.01781870123533857,0.17973534801572116,0.017832609976009575,0.017867922022378135
4000,2664,0.14999090503342988,0.017890896286689488,0.14999090503342988,0.01788865978486355,1.7763568394002505e-15,0.016262922136679583,0.15064097728622067,0.017817665691588953,0.15064097728622067,0.01781543834415959,1.7763568394002505e-15,0.015497481908858735,0.14915162184905795,0.017956118552574032,0.15060281423987848,0.01782647427295564,0.15018006680605112,0.017624654998239217,0.017648234006378615
4000,2665,0.19225877958823445,0.018486472686831495,0.19225877958823445,0.01848416173330202,1.7763568394002505e-15,0.012795508206146326,0.1927402464457979,0.01848171325806518,0.1927402464457979,0.018479402899501486,1.7763568394002505e-15,0.010964680205924306,0.1930265715894341,0.018611942161386476,0.19274530665721828,0.018502339779850253,0.19308884524379089,0.018070866825264546,0.018089926010013975
4000,2666,0.17608128080758167,0.017955828454943108,0.17608128080758167,0.01795358383608879,1.7763568394002505e-15,0.008305008238503218,0.17585737712700594,0.017825944525853336,0.17585737712700594,0.017823716143505006,8.881784197001252e-16,0.007227875178212357,0.17468778644853583,0.017925889851705804,0.1758123400553846,0.01783633639877131,0.17563276084988488,0.01815029973458919,0.018185810484857554
4000,2667,0.18786699327714163,0.018389215505385786,0.18786699327714163,0.01838691670976391,1.7763568394002505e-15,0.002980303040873134,0.1862760321242184,0.018286452907512796,0.1862760321242184,0.01828416695801858,1.7763568394002505e-15,0.003514211822902885,0.18402539908264776,0.018466266485976608,0.18625047028366393,0.018303386055087786,0.18639991325767552,0.01815590982872888,0.018157188965386446
4000,2668,0.19468806520472182,0.018446058475230693,0.19468806520472182,0.01844375257379344,1.7763568394002505e-15,0.013502620734297243,0.19474449533407623,0.018359782230312843,0.19474449533407623,0.018357487114080327,8.881784197001252e-16,0.014094369432368707,0.19520500554080783,0.018525977209101686,0.19475343569027398,0.01837480210119784,0.19539827175496216,0.018515670288404038,0.018515729608703124
4000,2669,0.21414248790615747,0.01773754381098149,0.21414248790615747,0.01773532647941323,8.881784197001252e-16,0.010547164669376361,0.21435196233837278,0.017639554665422417,0.21435196233837278,0.01763734958326299,1.7763568394002505e-15,0.012598962572084085,0.21426174924390767,0.017707970419787975,0.21435147622851275,0.01764331986058142,0.2138630225523629,0.01836226100421679,0.01830545798994574
4000,2670,0.21476693309458234,0.01850764963504228,0.21476693309458234,0.018505336034228808,1.7763568394002505e-15,0.002541963667257352,0.21524295796975496,0.018388555342859287,0.21524295796975496,0.01838625662976288,8.881784197001252e-16,0.0026237918900326495,0.21577691362318518,0.018484172780969574,0.2152297556878527,0.018402944557209092,0.21649594220838841,0.01848633401198599,0.018445040664420355
4000,2671,0.19211677779024894,0.019293541856096216,0.19211677779024894,0.019291130012614566,3.552713678800501e-15,0.009019569971206237,0.1901086011891922,0.019042990997311222,0.1901086011891922,0.01904061047464459,3.552713678800501e-15,0.010322046978238181,0.19108655741034158,0.0193805071655034,0.1901320937173881,0.019075950919526425,0.190466171549326,0.018614664224682203,0.018647468316101284
4000,2672,0.18025905491274669,0.018200411870795657,0.18025905491274669,0.018198136677103315,8.881784197001252e-16,0.025213344508422338,0.17844283709930675,0.018058216316267073,0.17844283709930675,0.018055958898130085,8.881784197001252e-16,0.025158955355498742,0.17781473740122256,0.018248682930616503,0.17841008581890339,0.01807236385092813,0.1771393382759464,0.018173060576822567,0.018180259135889113
4000,2673,0.1859251140133148,0.01851738781374827,0.1859251140133148,0.018515072995586374,8.881784197001252e-16,0.014427457663143515,0.18695741544074929,0.018451895827626203,0.18695741544074929,0.018449589196474294,8.881784197001252e-16,0.013341101956000145,0.1880376007096723,0.018620654828222807,0.18697387562824358,0.018464797153423848,0.1875217057362128,0.018346579404837804,0.01834738972045672
4000,2674,0.16240868224254862,0.017756748817828457,0.16240868224254862,0.017754529085484288,1.7763568394002505e-15,0.006070047630048701,0.1631880160376507,0.017682973532224158,0.1631880160376507,0.017680763022367128,1.7763568394002505e-15,0.004969858726470202,0.16273387187575372,0.017828779217242748,0.16318814423830452,0.017689859549428796,0.16229864708107405,0.018179187020973493,0.018238071446815548
4000,2675,0.1937121473147772,0.01872344760680519,0.1937121473147772,0.01872110702955912,1.7763568394002505e-15,0.002926844952810548,0.193347318979875,0.018639358518308703,0.193347318979875,0.018637028452855718,1.7763568394002505e-15,0.002571282435849735,0.19326459353087916,0.018711451215487982,0.1933466222840775,0.018653577709498555,0.1931044021268064,0.018572825266491767,0.018564560715081887
4000,2676,0.17157567498576126,0.018665950689841587,0.17157567498576126,0.018663617300159384,1.7763568394002505e-15,0.016946122546412788,0.17169643699594944,0.018614638691052173,0.17169643699594944,0.018612311715770744,1.7763568394002505e-15,0.014509289764943464,0.17128419758337654,0.018740995571066975,0.17170007914129665,0.01863315250360747,0.17135716988828892,0.018530392746331545,0.018521799098601383
4000,2677,0.19609078523345685,0.01979024548572225,0.19609078523345685,0.01978777155040591,3.552713678800501e-15,0.01113866491253147,0.19743342748768772,0.019758402255906214,0.19743342748768772,0.019755932301242406,3.552713678800501e-15,0.009770460394553145,0.1996368870313776,0.02003756267746747,0.19750818370785322,0.01979706769244662,0.19654110809123126,0.019044894884465348,0.019149616977204856
4000,2678,0.19770622715159875,0.017664271436692906,0.19770622715159875,0.017662063264743948,8.881784197001252e-16,0.007139214131170648,0.19776624092002226,0.017548672309239993,0.19776624092002226,0.017546478588085192,8.881784197001252e-16,0.007650052237580138,0.1978039907062244,0.017654570565980455,0.19777091926199514,0.017560601193853168,0.19642545539097994,0.01786155121744949,0.01786613471200332
4000,2679,0.20125002285538074,0.01777191276610352,0.20125002285538074,0.01776969113814733,1.7763568394002505e-15,0.006863733758381103,0.20163375679913298,0.017701823158354654,0.20163375679913298,0.01769961029214708,3.552713678800501e-15,0.00759709856352042,0.2013581589235227,0.017870105732642035,0.20160080725569773,0.01771500760149383,0.20295242116649354,0.01812689032854776,0.018176863396305847
4000,2680,0.20485259906715086,0.018277488401831913,0.20485259906715086,0.018275203572970956,1.7763568394002505e-15,0.007302472353008346,0.20532832526969091,0.01820956222454444,0.20532832526969091,0.01820728588698638,1.7763568394002505e-15,0.0069223200737615525,0.20493545327014584,0.018345049191895457,0.2053165639898527,0.018234618551689837,0.20527916468308466,0.018285176114279583,0.01830099816558827
4000,2681,0.20650517242480126,0.01924759729377656,0.20650517242480126,0.01924519119372418,8.881784197001252e-16,0.011972302257542077,0.20653746382620364,0.01906490535997098,0.20653746382620364,0.019062522097837792,8.881784197001252e-16,0.011537991173729943,0.20662766193319126,0.019215570029833557,0.20660724646392487,0.019091480515083182,0.20568749805763398,0.019852281013581885,0.020161954579372372
4000,2682,0.21896630095737485,0.018292846772587697,0.21896630095737485,0.018290560023810395,1.7763568394002505e-15,0.007888431165423232,0.2188117686190844,0.01826045385766449,0.2188117686190844,0.018258171158254656,1.7763568394002505e-15,0.007976805224047765,0.219234802566472,0.018414637710686337,0.21876923283326155,0.018282962993555477,0.2218723808723087,0.018150201646139345,0.01839780177427467
4000,2683,0.19541827408407442,0.01846571760492775,0.19541827408407442,0.018463409245945677,1.7763568394002505e-15,0.003577044864308456,0.19524912207953599,0.018335896143862537,0.19524912207953599,0.018333604013577455,1.7763568394002505e-15,0.0040393947119246425,0.19533541527177034,0.01838555979686412,0.195247242800762,0.01835476479315515,0.19455724959488152,0.018325511414331915,0.018332872057728784
4000,2684,0.15528730139954128,0.01783451396951976,0.15528730139954128,0.01783228451592401,8.881784197001252e-16,0.0038597559191660895,0.15725651892726555,0.017752866779422477,0.15725651892726555,0.017750647532363436,1.7763568394002505e-15,0.003855638747468838,0.15735186150131747,0.017813621385386467,0.15722024274595714,0.017761302796266188,0.15587146760759385,0.017705278772433965,0.01779780618185969
4000,2685,0.16662167269386274,0.017842520665149037,0.16662167269386274,0.017840290210653774,8.881784197001252e-16,0.016416158709322084,0.1665300757376585,0.0177544254094997,0.1665300757376585,0.017752205967599723,8.881784197001252e-16,0.01690337483677217,0.1665343686524911,0.01788326445872901,0.1664599582889587,0.017766358466752973,0.16613309933059506,0.01784840131408686,0.017864653893628003
4000,2686,0.1651736555678613,0.01788966146372997,0.1651736555678613,0.01788742511626655,8.881784197001252e-16,0.008981209918404133,0.16607970369240022,0.01782491156036802,0.16607970369240022,0.017822683307148444,8.881784197001252e-16,0.008894025088183254,0.16579215337683745,0.017915644016794446,0.16607656149577432,0.017833701334435997,0.16711788942590516,0.01782728818746941,0.017899599674386278
4000,2687,0.20664165825481223,0.01826675558051177,0.20664165825481223,0.018264472093337335,8.881784197001252e-16,0.008065673506660898,0.20578513942643611,0.018127345436492318,0.20578513942643611,0.018125079376675166,8.881784197001252e-16,0.00901795588200683,0.2063620638452222,0.01823115144851776,0.20576709172702107,0.018140548022846197,0.20587931575188123,0.01823529402368066,0.01824285167258253
4000,2688,0.1998850418121758,0.01925025493201626,0.1998850418121758,0.01924784849973834,1.7763568394002505e-15,0.006437513037666775,0.2000763495324726,0.018924967163447944,0.2000763495324726,0.018922601394682725,1.7763568394002505e-15,0.0062828740928226766,0.20002962866671065,0.019077751020355905,0.20011913856490693,0.01895527655160024,0.19952898592283674,0.018862925603466182,0.018862458097463536
4000,2689,0.22620186658099517,0.018295293850515017,0.22620186658099517,0.01829300679583385,8.881784197001252e-16,0.003938112020722545,0.22696719933737192,0.01818344177179035,0.22696719933737192,0.018181168699492975,1.7763568394002505e-15,0.0048147710847490765,0.227810526737938,0.018306711354086378,0.22693812692572363,0.018197120633482885,0.22667296827615363,0.01847339330859659,0.018392483848145354
4000,2690,0.1737304578558957,0.018550882660778725,0.1737304578558957,0.01854856365549924,1.7763568394002505e-15,0.02116598903577682,0.17443914565059782,0.01849753197621733,0.17443914565059782,0.01849521964019027,1.7763568394002505e-15,0.02030037414170063,0.17464287568370712,0.01866208919781676,0.1744343622478411,0.018515390749344236,0.17366860080326996,0.018675779214586408,0.018731496741110305
4000,2691,0.18100229416233038,0.01797942097381464,0.18100229416233038,0.017977173405711127,8.881784197001252e-16,0.009623389148684325,0.1818231482135425,0.017805612910301555,0.1818231482135425,0.017803387069564025,1.7763568394002505e-15,0.009248682948557914,0.18190626029759938,0.017929396179788157,0.18176663773234553,0.01781641155091298,0.18225969207055337,0.0177311034005691,0.017747305898659305
4000,2692,0.15544356091913913,0.018097132184094675,0.15544356091913913,0.01809486990117014,1.7763568394002505e-15,0.010550519514238736,0.15506636282093839,0.01800358347833647,0.15506636282093839,0.018001332889731103,1.7763568394002505e-15,0.012268246407008491,0.15460204471753702,0.018113392942480388,0.15505726079100868,0.018022335866515478,0.1552333905778031,0.017830836995015264,0.017913320056176556
4000,2693,0.19304776888742964,0.02000393305473833,0.19304776888742964,0.020001432406806217,8.881784197001252e-16,0.010596069791650248,0.1941462208051492,0.019610284118251664,0.1941462208051492,0.019607832679512383,7.105427357601002e-15,0.011265547023934001,0.1951153011485271,0.01992015915423175,0.1942458625868108,0.019667512898928992,0.19357136109584783,0.019881417841474933,0.022638668888962463
4000,2694,0.21839822512744184,0.01801514999816848,0.21839822512744184,0.01801289796365775,8.881784197001252e-16,0.008329781736708078,0.2168023610916457,0.017894967459643477,0.2168023610916457,0.01789273044888911,8.881784197001252e-16,0.008650320403334417,0.2161383696511106,0.018002916807225846,0.21677456069546724,0.01791149366482693,0.21735674684898582,0.017791873304279043,0.017768730508885843
4000,2695,0.16897315271896296,0.017788678457824524,0.16897315271896296,0.017786454734025868,8.881784197001252e-16,0.006894216737617588,0.1695423158510454,0.017641343587404115,0.1695423158510454,0.017639138281615466,8.881784197001252e-16,0.0071405047205081,0.16933380484315302,0.01774033293501414,0.16949300902263809,0.01764813139607175,0.16942891795988624,0.017608026784623754,0.017659817294667
4000,2696,0.17863096346983948,0.01891419710631226,0.17863096346983948,0.018911832683888335,1.7763568394002505e-15,0.01038445118174564,0.17802367078878645,0.018735813195920752,0.17802367078878645,0.018733471072879423,1.7763568394002505e-15,0.012579966517719103,0.17702567252918067,0.01881983981183239,0.17804397801784516,0.018757637040901262,0.17829766369237704,0.01814042869520357,0.018122563864137083
4000,2697,0.1620360353217058,0.017735546846659084,0.1620360353217058,0.01773332976472697,1.7763568394002505e-15,0.011991001686013124,0.1617359796477243,0.01769588387978248,0.1617359796477243,0.01769367175603113,1.7763568394002505e-15,0.01231031724016426,0.16170131580343278,0.01787182829427505,0.16171909300967802,0.017704752470795546,0.1614059391097621,0.018049526841649722,0.01807666562532406
4000,2698,0.16561552792075196,0.018020321848530654,0.16561552792075196,0.01801806916749822,8.881784197001252e-16,0.009249837058547443,0.16570928945818447,0.0179034617249483,0.16570928945818447,0.0179012236523444,1.7763568394002505e-15,0.009691421060958376,0.16584491232142656,0.017997953311603237,0.16567900716641043,0.01790775908907006,0.16467783956216447,0.018063467835635477,0.018108752237374626
4000,2699,0.2098660394336196,0.01864742414639373,0.2098660394336196,0.018645093072674215,1.7763568394002505e-15,0.0088565508196753,0.2109594005092591,0.018487470997178956,0.2109594005092591,0.018485159918852887,1.7763568394002505e-15,0.009913572821018363,0.2096471012535156,0.018639040563025185,0.21095759236119882,0.018509083258596917,0.20896649644456555,0.018304959658346873,0.018296646277753986
4000,2700,0.17516548564483625,0.017759271106445054,0.17516548564483625,0.0177570510587951,1.7763568394002505e-15,0.009477191351503208,0.17421170211941206,0.017659393660883243,0.17421170211941206,0.017657186098694367,1.7763568394002505e-15,0.008362674659023262,0.17273939471320554,0.01771738084500447,0.17417432115716847,0.017671591289676276,0.17235293417483244,0.017871019616976173,0.017912802762920645
4000,2701,0.19494799955024883,0.01799832884402173,0.19494799955024883,0.0179960789122867,1.7763568394002505e-15,0.004462803840884993,0.1939363808491371,0.017882815167794826,0.1939363808491371,0.01788057967617189,1.7763568394002505e-15,0.004060225487650739,0.19361201501870012,0.017952457326110713,0.19394575879484888,0.017892959666046687,0.1950156416324048,0.018839260720544215,0.018846831656460252
4000,2702,0.2096384247958638,0.01814370592239546,0.2096384247958638,0.01814143781738974,8.881784197001252e-16,0.019008271833760262,0.2106545181136169,0.018034747187230384,0.2106545181136169,0.018032492702917905,1.7763568394002505e-15,0.015540098303746218,0.20934191873025038,0.018120031076949098,0.2106460235068105,0.018044467442527416,0.20983446347173007,0.01827034825998467,0.018181702539072492
4000,2703,0.1850679792846609,0.017867992922812395,0.1850679792846609,0.0178657592840859,8.881784197001252e-16,0.014216378004136875,0.18596732625290113,0.01783749684485208,0.18596732625290113,0.017835267018373603,8.881784197001252e-16,0.01413863311880511,0.18672587526593754,0.017913069307029437,0.18596348780600247,0.01784343963921671,0.18511480489481574,0.01797564977719127,0.017973183167246953
4000,2704,0.14980495772835245,0.01756317590318952,0.14980495772835245,0.017560980368972155,8.881784197001252e-16,0.015194683256833244,0.1505203207591423,0.01748284813404882,0.1505203207591423,0.01748066264143024,1.7763568394002505e-15,0.013511145963546904,0.1500625970733368,0.01759112896345866,0.15048060359521048,0.01748903296282642,0.14900427248506382,0.01771877196257203,0.01776741836216193
4000,2705,0.19284386624463462,0.01920995469884202,0.19284386624463462,0.019207553304408133,1.7763568394002505e-15,0.005981978845477845,0.191502839218608,0.01911160389141318,0.191502839218608,0.019109214791598682,3.552713678800501e-15,0.0054467185959933585,0.19012510179305625,0.019160701728378318,0.19155212469171806,0.019141654497942983,0.19170554613266472,0.01926312805265562,0.019414184073535835
4000,2706,0.20658514825538637,0.018024486181699308,0.20658514825538637,0.01802223298009269,8.881784197001252e-16,0.008587750119106955,0.20650654931335233,0.01790573088087258,0.20650654931335233,0.017903492524606462,1.7763568394002505e-15,0.009311186873724533,0.2065386376115137,0.018008401973083905,0.20645024640211784,0.017919405054551828,0.21021698012890555,0.017763374906539408,0.017773645055817366
4000,2707,0.16770882863868297,0.01828200678343662,0.16770882863868297,0.018279721389742657,8.881784197001252e-16,0.0026753238695728667,0.16755096297672645,0.01817478872198383,0.16755096297672645,0.018172516731385296,8.881784197001252e-16,0.002237222039302745,0.16793008989663405,0.018290821232728457,0.16752963528641457,0.018188709562905046,0.16703547894490361,0.017800721530136076,0.01781884460506473
4000,2708,0.18898376306352638,0.021992532713900573,0.18898376306352638,0.021989783475473194,8.881784197001252e-16,0.0023779918663970946,0.18940276465960126,0.02275429016870812,0.18940276465960126,0.022751445704646916,7.105427357601002e-15,0.0025567419323862237,0.18921607328791912,0.022764809834806894,0.1895306479533076,0.022884152804163626,0.18926218316498367,0.02345753949984524,0.023360838678225904
4000,2709,0.17962034216424916,0.018193399114782502,0.17962034216424916,0.01819112479773945,8.881784197001252e-16,0.0090690389583002,0.17951070795981589,0.01811481420642991,0.17951070795981589,0.01811254971311443,8.881784197001252e-16,0.009179082315345437,0.1784170075516957,0.01826702116794005,0.17947445225119085,0.018127869042035165,0.17774927337725221,0.018026566231403612,0.01803149952486438
4000,2710,0.17722416945459285,0.017774161631763347,0.17722416945459285,0.01777193972268138,1.7763568394002505e-15,0.009698630732995967,0.17790975670496,0.01774222338386852,0.17790975670496,0.01774000546731709,8.881784197001252e-16,0.009586682521241537,0.1778260929792757,0.01784603448479129,0.17789587954285868,0.017753169916367433,0.17859936557639328,0.017913486728315536,0.01791255539574202
4000,2711,0.18304409265984994,0.018119802628782693,0.18304409265984994,0.01811753751187544,1.7763568394002505e-15,0.005727065898602954,0.18357293761321036,0.018034882692376297,0.18357293761321036,0.018032628191124615,8.881784197001252e-16,0.005135460390290839,0.1826746527355707,0.01822650300265931,0.18359767589740328,0.01805262266485465,0.1805534601131678,0.018633448286738054,0.018449590236638364
4000,2712,0.17787188620503447,0.018916072344883184,0.17787188620503447,0.018913707688039783,1.7763568394002505e-15,0.015493166879293857,0.1781724124560779,0.018735115174659343,0.1781724124560779,0.018732773138876124,8.881784197001252e-16,0.01581697502428831,0.17800758551922846,0.018805109830574752,0.1781830576236471,0.018757313023760876,0.1792384010377306,0.018597978631747007,0.018600063047983548
4000,2713,0.18008338311867672,0.019188248534069353,0.18008338311867672,0.01918584985307566,1.7763568394002505e-15,0.007133824625035209,0.18108089383791542,0.01917831120039336,0.18108089383791542,0.019175913761644025,1.7763568394002505e-15,0.008387076407579809,0.18122707088733686,0.01940781606421119,0.18114213169695953,0.019204872657997148,0.18063541387881665,0.018349891769667247,0.018346646806418825
4000,2714,0.1925894717764437,0.019086398026715287,0.1925894717764437,0.019084012077830823,1.7763568394002505e-15,0.004799615079467139,0.19289135427194848,0.019051485971494083,0.19289135427194848,0.019049104386889306,1.7763568394002505e-15,0.005754588181064544,0.1936798407123384,0.01926214078245401,0.1929447800300229,0.019074256205853804,0.1925150065229722,0.01829020164106435,0.01829509853635544
4000,2715,0.18109746459131437,0.01800912920558724,0.18109746459131437,0.01800687792372263,1.7763568394002505e-15,0.01871951823758814,0.18063113361540356,0.017909997168485438,0.18063113361540356,0.01790775827890003,8.881784197001252e-16,0.01667674310095001,0.18050169830095814,0.01801846317042122,0.18056777423384385,0.017916766322965048,0.18003925545242977,0.017711428202066573,0.01775973248384038
4000,2716,0.1605998169808986,0.018582411080163622,0.1605998169808986,0.018580088133585367,8.881784197001252e-16,0.008419549322055441,0.16049039292405004,0.018574894511681345,0.16049039292405004,0.01857257250473288,1.7763568394002505e-15,0.007615971818681247,0.16086906968358378,0.018655502043481917,0.16050130860050454,0.018599021516986818,0.15896427684552294,0.018392229933874977,0.01835328657866838
4000,2717,0.18583607698836124,0.01862188798114878,0.18583607698836124,0.01861956009964945,1.7763568394002505e-15,0.014206550268243653,0.18630607778854447,0.018471999556478057,0.18630607778854447,0.01846969041220296,1.7763568394002505e-15,0.01643823832116714,0.18634130422294143,0.018596976750223086,0.18632431401377908,0.018476385929042657,0.1860329585627285,0.0184316879092197,0.01838564630202636
4000,2718,0.18197318988219352,0.01841464846512583,0.18197318988219352,0.01841234649018526,1.7763568394002505e-15,0.008747710698658128,0.18247094400988872,0.018318543434115913,0.18247094400988872,0.018316253473055134,1.7763568394002505e-15,0.008433802883243344,0.18268766667847536,0.01836157010609128,0.18247833327028135,0.018330413044049372,0.1831420889886427,0.01870943727227363,0.018707079915914384
4000,2719,0.17548127756038517,0.018070291762914893,0.17548127756038517,0.01806803283525273,8.881784197001252e-16,0.009119784044877333,0.17623606597419333,0.018031581147996578,0.17623606597419333,0.01802932705946374,1.7763568394002505e-15,0.009484598007508395,0.17493995453688294,0.01815178888351004,0.17617249442353566,0.018046932672135883,0.17743801179087593,0.017679834906119036,0.017698786861532607
4000,2720,0.18579038019357208,0.01756773563720313,0.18579038019357208,0.017565539532983388,8.881784197001252e-16,0.0130760914397756,0.18571474920994163,0.017490382987126442,0.18571474920994163,0.01748819655259235,1.7763568394002505e-15,0.010561518197963493,0.18505493689364355,0.017589929672141038,0.1857038958233388,0.017496868011256623,0.18587827408220875,0.01764594937519084,0.01768136972496538
4000,2721,0.19456011165414355,0.018137337384872162,0.19456011165414355,0.01813507007598339,1.7763568394002505e-15,0.015262048511963944,0.19527113334391566,0.018030289106450794,0.19527113334391566,0.018028035179433244,8.881784197001252e-16,0.015322159799350497,0.19627967838807459,0.018169134232932448,0.19530291991082338,0.018051487114270796,0.1957771059931387,0.018458123245662584,0.018477282416028105
4000,2722,0.22083644966033295,0.019923266939353076,0.22083644966033295,0.019920776375315676,7.105427357601002e-15,0.0098828867246772,0.221735326493667,0.01971562561924963,0.221735326493667,0.019713161011999644,3.552713678800501e-15,0.008494685223356002,0.2229480517501154,0.020041735399476245,0.2218014913113418,0.019774988717263794,0.22087180324719508,0.01851350902644756,0.018847283385389862
4000,2723,0.1817901388066912,0.018173860046846384,0.1817901388066912,0.0181715881723395,1.7763568394002505e-15,0.009035890326029354,0.1811071269516843,0.018087296675833964,0.1811071269516843,0.018085035622424816,8.881784197001252e-16,0.009736192517210992,0.18024333029242295,0.018158144284934445,0.18108154677015253,0.018104227373272087,0.1794333794323386,0.018393780095458244,0.01839137336559638
4000,2724,0.1832642083627795,0.01867013576934222,0.1832642083627795,0.01866780185649238,1.7763568394002505e-15,0.010146253742351131,0.18299591790708225,0.018628759947719637,0.18299591790708225,0.018626431207170793,1.7763568394002505e-15,0.009009616600300035,0.1823020236733991,0.018755210161931282,0.18301785839787432,0.01865332527828253,0.18311393096998574,0.01866224861325785,0.018670247820119758
4000,2725,0.1802213029437555,0.018337524084940007,0.1802213029437555,0.018335231751149574,1.7763568394002505e-15,0.010460030993597545,0.18118793393106658,0.018203547639339037,0.18118793393106658,0.01820127205365113,1.7763568394002505e-15,0.009661400975845428,0.18146783998718846,0.018331447669344653,0.18113663467080454,0.01821654509729992,0.1814273083607954,0.017717076345417172,0.017709268074484846
4000,2726,0.17393789592811315,0.017572822754361013,0.17393789592811315,0.017570626014211877,1.7763568394002505e-15,0.021977949048848287,0.17334893999469314,0.017473923431988458,0.17334893999469314,0.017471739055027368,8.881784197001252e-16,0.02278372537034913,0.17386372103422226,0.017554742281391818,0.17334733497420596,0.017479693982315157,0.17149807981563664,0.018511751321902328,0.01854454531223661
4000,2727,0.1848823276803377,0.018509440130621484,0.1848823276803377,0.01850712630598208,3.552713678800501e-15,0.010874830116965748,0.18594358252078214,0.018473182750940093,0.18594358252078214,0.01847087345875644,1.7763568394002505e-15,0.013546722158607444,0.18554807856788724,0.01870100005046294,0.18597711517498494,0.018501023657691573,0.18506941365978158,0.017977462573177685,0.017963892308489316
4000,2728,0.17955113535888906,0.01838573725484058,0.17955113535888906,0.01838343889402719,1.7763568394002505e-15,0.003583376171976969,0.18012265226348,0.018256627999981064,0.18012265226348,0.018254345778833326,1.7763568394002505e-15,0.0033511308466750633,0.18095203814929334,0.018540327140142993,0.1801296021917142,0.018273197865766356,0.18068205551211208,0.017841794366786744,0.017881030503135643
4000,2729,0.1986635653156683,0.0187730084511201,0.1986635653156683,0.018770661678381245,1.7763568394002505e-15,0.010749983878518152,0.2006010462915951,0.018570346133206277,0.2006010462915951,0.01856802469484066,8.881784197001252e-16,0.00867245231192306,0.20188594489293,0.018679453352041055,0.2006244264865834,0.01859050285682446,0.20049149214333534,0.01863748402350206,0.01868261771947836
4000,2730,0.16916493454882853,0.018831051303291532,0.16916493454882853,0.018828697274742637,3.552713678800501e-15,0.005596470001966683,0.1685412861673798,0.018564333521808054,0.1685412861673798,0.01856201283506584,3.552713678800501e-15,0.005600384771082655,0.17014904835194544,0.018714137409434714,0.1685578797555649,0.018588873054451106,0.16846314358437625,0.018394253578017276,0.018370608801607177
4000,2731,0.16046683454918498,0.018260803057811588,0.16046683454918498,0.018258520314749,8.881784197001252e-16,0.014203373770488949,0.16014941372415598,0.018205425030622,0.16014941372415598,0.018203149210245507,8.881784197001252e-16,0.014497575613309279,0.15924972775116092,0.01827412760952711,0.16010757911898538,0.01821909872946002,0.15973013497632332,0.018213936670533806,0.0181748617743526
4000,2732,0.19999677969303015,0.018228801666892107,0.19999677969303015,0.018226522924253433,1.7763568394002505e-15,0.024928896726179914,0.20008891129254575,0.01813705422201199,0.20008891129254575,0.018134786948520786,8.881784197001252e-16,0.022982293492531,0.19957293834346557,0.018215694527095472,0.20008774102570587,0.018146118777121953,0.20057712433010133,0.018498433595512266,0.018491878581634067
4000,2733,0.19953483911047515,0.018707546957336056,0.19953483911047515,0.018705208367795406,1.7763568394002505e-15,0.007288742586524634,0.19932330608272042,0.01872432864743448,0.19932330608272042,0.018721987960051444,1.7763568394002505e-15,0.007654010324177492,0.19978816445735947,0.018940597481994084,0.1992938099400603,0.018746704352686452,0.19818484806350667,0.01827151806141768,0.01830177465186308
4000,2734,0.1916499131558556,0.018101700413976123,0.1916499131558556,0.018099437559987164,1.7763568394002505e-15,0.010214515180110772,0.1926159990445327,0.018088520264407312,0.1926159990445327,0.01808625905804003,1.7763568394002505e-15,0.0099906817947328,0.1927102192711196,0.01819581361163628,0.19264305809421534,0.01811612078828111,0.19380726614558236,0.0174197124935666,0.017464827117810198
4000,2735,0.23336118591341581,0.018645332003040388,0.23336118591341581,0.01864300119085514,1.7763568394002505e-15,0.003337318215422688,0.23291756772336197,0.01857097626892974,0.23291756772336197,0.018568654751792233,1.7763568394002505e-15,0.0028561925314603263,0.23431921188870536,0.018642806735187704,0.23295968205206274,0.018596476446284187,0.2337541462075335,0.018695337603409613,0.019129033569544956
4000,2736,0.17031072778989625,0.018246181518603705,0.17031072778989625,0.018243900603347765,1.7763568394002505e-15,0.00588720622312847,0.17083795264627716,0.018171391069531594,0.17083795264627716,0.018169119503666165,8.881784197001252e-16,0.006141944851771057,0.17037989452483965,0.018285765393321867,0.17075691981352892,0.018184369524316166,0.1715191268259415,0.017493009187267768,0.017503769571827484
4000,2737,0.18789527845994253,0.020741464273051277,0.18789527845994253,0.0207388714279542,8.881784197001252e-16,0.012486279505877681,0.18619991649425766,0.019970954402520735,0.18619991649425766,0.019968457877177836,3.552713678800501e-15,0.009265485687663581,0.18477581059598963,0.020284992918668723,0.18627999685041663,0.020033833118508027,0.18562550851105164,0.019681722319092158,0.019697052692344265
4000,2738,0.1871986417029654,0.018135112281952116,0.1871986417029654,0.018132845251218593,8.881784197001252e-16,0.017240503728654016,0.18896937268692537,0.017979771778187673,0.18896937268692537,0.01797752416623087,1.7763568394002505e-15,0.0159592762663884,0.1887473523350522,0.01802955215297837,0.18898787212988588,0.017991114806586522,0.18780426880032564,0.01875305777739897,0.01864033665822637
4000,2739,0.19088669793595503,0.017955163756032656,0.19088669793595503,0.017952919220270896,1.7763568394002505e-15,0.006149290565813172,0.1897146981868298,0.017844343218357896,0.1897146981868298,0.01784211253602924,1.7763568394002505e-15,0.005922551258144105,0.18987509690147897,0.017976297519563797,0.18972206935640795,0.01784691982396995,0.1880207037404359,0.01839993072051281,0.01831522373830312
4000,2740,0.18287473323983588,0.017939763968327194,0.18287473323983588,0.017937521357659223,8.881784197001252e-16,0.013700640147270612,0.18243673045642916,0.0178613437121323,0.18243673045642916,0.01785911090460909,8.881784197001252e-16,0.01368448166674562,0.18223183133835358,0.01796332314924333,0.1824013756148824,0.01787237160645939,0.18275414457990424,0.018106881582629235,0.01814272536379646
4000,2741,0.1496859827031362,0.01841686827821167,0.1496859827031362,0.01841456602577712,3.552713678800501e-15,0.010839166596793692,0.14932042532388734,0.01831627807614821,0.14932042532388734,0.018313988398274878,8.881784197001252e-16,0.012810826547205632,0.14958899436761675,0.018480536883160308,0.1493189865603458,0.018343678839848995,0.14861558998369667,0.018562856168474886,0.01841095717384528
4000,2742,0.1830041997717995,0.017537070015314644,0.1830041997717995,0.017534877744537238,8.881784197001252e-16,0.01792191421820637,0.18134364374689832,0.017385394516455734,0.18134364374689832,0.0173832212063008,8.881784197001252e-16,0.02232417608816094,0.18177026787331424,0.01750341969414736,0.18135261974642147,0.017388831311550244,0.1789280042758118,0.01796616397466034,0.017985452905213226
4000,2743,0.18396940781779292,0.01820756821957136,0.18396940781779292,0.018205292131279506,8.881784197001252e-16,0.004758833099065451,0.18457911130077848,0.018135116515710547,0.18457911130077848,0.018132849484447773,1.7763568394002505e-15,0.005383126555131412,0.18411018490018288,0.018232883943868974,0.18454367860785847,0.018149489475346284,0.1835158969004827,0.017801904577342164,0.01782050361867734
4000,2744,0.2039277170187883,0.01857826782225059,0.2039277170187883,0.018575945393611945,1.7763568394002505e-15,0.01847801589460576,0.20492266871791132,0.018472993754754516,0.20492266871791132,0.01847068448619686,8.881784197001252e-16,0.018278210945038596,0.20416281368846972,0.018589209454789788,0.20495440229262363,0.01849431968416132,0.2052460867991321,0.018657506694588138,0.018661474773707
4000,2745,0.18649596760448112,0.018006256128597936,0.18649596760448112,0.0180040052058904,8.881784197001252e-16,0.00858040301808635,0.18605238084761394,0.017888732165389734,0.18605238084761394,0.017886495934095872,1.7763568394002505e-15,0.007582413816311475,0.18689248059312202,0.01805294921995669,0.18609720505047217,0.01789276406400119,0.18485537392792112,0.018205141399868407,0.018111358322851143
4000,2746,0.14472538673126528,0.01831991568388824,0.14472538673126528,0.01831762555128552,8.881784197001252e-16,0.007513258289333637,0.14512217203237415,0.01825283941499244,0.14512217203237415,0.01825055766744743,1.7763568394002505e-15,0.008130312151949091,0.14563633826732775,0.018325083419701304,0.14512932653650074,0.018266011480231784,0.14717140664135658,0.018183602058172897,0.018199345471291355
4000,2747,0.17761979597536687,0.018024258678714114,0.17761979597536687,0.018022005505547146,1.7763568394002505e-15,0.012303531936029581,0.1788644242836852,0.017947559679124935,0.1788644242836852,0.017945316093932205,8.881784197001252e-16,0.01418515443535801,0.17967649536576447,0.018139538746446984,0.1788413264025312,0.017964901116560284,0.17975319706697168,0.01818895158478368,0.018226031974126825
4000,2748,0.17924871770733536,0.019501007611667513,0.17924871770733536,0.019498569833345386,1.3322676295501878e-15,0.015484629558306165,0.1798925945414515,0.019393290243944462,0.1798925945414515,0.01939086593113495,8.881784197001252e-16,0.014043790234268059,0.17960356450579845,0.019380525580224954,0.17994936105814568,0.019442088589911796,0.17894736332539518,0.018638128298356843,0.018689653578753365
4000,2749,0.1832032388879105,0.019526958378307042,0.1832032388879105,0.01952451735593632,3.552713678800501e-15,0.010996982272023455,0.18221302736291778,0.019255696709710744,0.18221302736291778,0.019253289597168093,1.7763568394002505e-15,0.010092346214611976,0.18285533591281394,0.01941666211387144,0.18228424969021845,0.01928323341003772,0.18312126660612132,0.019211852888032562,0.01921684462270213
4000,2750,0.21053768904100728,0.018568132820189782,0.21053768904100728,0.018565811658505585,8.881784197001252e-16,0.00887415382789257,0.21087129412851846,0.018442832124482698,0.21087129412851846,0.0184405266263645,3.552713678800501e-15,0.010163494918784861,0.21134359349386278,0.018666212005923825,0.21086750157474898,0.01846384235027783,0.20921205963676576,0.018574814585846488,0.018598586075521336
4000,2751,0.16472138902996786,0.019954277133652984,0.16472138902996786,0.019951782693099,8.881784197001252e-16,0.004235067325851435,0.16526502808556015,0.020066467465868,0.16526502808556015,0.020063959000645892,7.105427357601002e-15,0.0052395489028744646,0.1641480866808801,0.020336527147443013,0.1653297178011472,0.02012449578674737,0.1651833760524562,0.019659938005848795,0.01957000131161956
4000,2752,0.182118188808558,0.018285167689025078,0.182118188808558,0.018282881900193216,1.7763568394002505e-15,0.006368417353435067,0.1813671522413527,0.01816509723519733,0.1813671522413527,0.018162826456110365,8.881784197001252e-16,0.007212148970868052,0.18106560429084945,0.01833701871785176,0.18135099440095914,0.018182672196103363,0.180265316856085,0.01769078190714563,0.017694822616427307
4000,2753,0.1889289602801662,0.019526774094894988,0.1889289602801662,0.019524333095561133,1.7763568394002505e-15,0.010494741022812325,0.1921278976108935,0.019612289240772848,0.1921278976108935,0.019609837551377584,1.7763568394002505e-15,0.01086074642384765,0.19264030348872901,0.02014619640881336,0.1921738823717281,0.019637518001680076,0.19116512717238776,0.01969537254919041,0.019795489926828704
4000,2754,0.20164589064023836,0.01841127511867873,0.20164589064023836,0.018408973565432824,8.881784197001252e-16,0.010567900018367035,0.20165938225861696,0.018397285596668738,0.20165938225861696,0.01839498579222239,3.552713678800501e-15,0.010592523218454572,0.20159023888860733,0.018560961700256118,0.20165985228750205,0.018416239915147226,0.20252505387067188,0.017656637436470682,0.017595895129287515
4000,2755,0.18704330352231918,0.018932507097249054,0.18704330352231918,0.018930140385933193,8.881784197001252e-16,0.0071868716060616376,0.18645032244940124,0.018854017260475964,0.18645032244940124,0.01885166036100298,3.552713678800501e-15,0.006210775097169292,0.18606742566939266,0.018993861205454703,0.18648891170376658,0.018880410377134407,0.18754177595969046,0.01888053496466779,0.018873009611287257
4000,2756,0.2407669594244894,0.018312927576683884,0.2407669594244894,0.018310638317649165,1.7763568394002505e-15,0.004262668571555322,0.24046012181563425,0.018182275565578623,0.24046012181563425,0.01818000263906614,1.7763568394002505e-15,0.004493737221512301,0.24157686598402683,0.018337443959642367,0.24044735864628008,0.01819915941484442,0.24150646328042602,0.01833570062893457,0.01835247607029637
4000,2757,0.1928912689163096,0.01795839784319964,0.1928912689163096,0.017956152903151716,8.881784197001252e-16,0.014937264452453308,0.19212759462658457,0.017809950482841508,0.19212759462658457,0.017807724099873516,8.881784197001252e-16,0.01433705160617838,0.19218558384163398,0.01795824331790244,0.19210216632550015,0.017823746397465003,0.19309805741075864,0.017446211715950986,0.017447349193542128
4000,2758,0.2065428214947312,0.01877134193767461,0.2065428214947312,0.018768995373262955,8.881784197001252e-16,0.009352717376450369,0.20640804850399902,0.018675631183923132,0.20640804850399902,0.018673296584103535,1.7763568394002505e-15,0.010116852184849664,0.206233271666376,0.01877258122995255,0.20639114865658853,0.018702713873782563,0.20658379994517978,0.018327435028212626,0.018360663357473248
4000,2759,0.15672368427214328,0.0178410033180258,0.15672368427214328,0.017838773053210785,8.881784197001252e-16,0.020290850069211577,0.1583768430658654,0.017731693420153703,0.1583768430658654,0.017729476819930007,8.881784197001252e-16,0.02192299468816391,0.16122893669966165,0.017974959883481304,0.15837457366072744,0.017743048709534446,0.15912645728241415,0.018160655506042837,0.01817725356016705
4000,2760,0.16943316707026623,0.018921488187106834,0.16943316707026623,0.01891912285324084,3.552713678800501e-15,0.008031489936428549,0.16971240986017616,0.018802913768125724,0.16971240986017616,0.01880056325698858,1.7763568394002505e-15,0.008648429690430446,0.16885576407269054,0.018883467671881617,0.16973677880672394,0.018828480876410054,0.17039510609757036,0.019053592310155045,0.01897699053603888
4000,2761,0.21998817017609884,0.01821290228965697,0.21998817017609884,0.018210625534564675,8.881784197001252e-16,0.009837453808215785,0.2195679386989342,0.018076718626817728,0.2195679386989342,0.018074458895747356,1.7763568394002505e-15,0.008738370098936457,0.22058880405732306,0.018221475453440623,0.21960708320912697,0.018096611435186746,0.2171219483533538,0.018515697501975136,0.018157381665360413
4000,2762,0.19454669130363456,0.018950169851920204,0.19454669130363456,0.018947800932622,8.881784197001252e-16,0.009625305094434442,0.1938358856810869,0.018986094539603808,0.1938358856810869,0.018983721129438955,8.881784197001252e-16,0.00881397945483533,0.19242497652734813,0.019347641759066225,0.1938571479161008,0.019016179101448365,0.19317883666164104,0.018524296257297193,0.01854732611271744
4000,2763,0.1868549448044176,0.01785247558517228,0.1868549448044176,0.017850243886234227,8.881784197001252e-16,0.007717983793602959,0.18729521521562392,0.017718038451804616,0.18729521521562392,0.01771582355855866,8.881784197001252e-16,0.008768045231248156,0.18782214864202712,0.017877775860302227,0.18728360106243735,0.017718265220560674,0.18702872901238804,0.018273593365123915,0.018258014985689033
4000,2764,0.2166847182961758,0.020956964273175126,0.2166847182961758,0.020954344488894227,1.7763568394002505e-15,0.007005800186154812,0.2153561537727252,0.020710450388489936,0.2153561537727252,0.020707861420370753,1.7763568394002505e-15,0.006785502417187903,0.2162252465525345,0.020795034030118644,0.2154795319024026,0.020785690164149374,0.21039753130109323,0.019629865233340548,0.02038476287887286
4000,2765,0.1828245057355692,0.018670687490204705,0.1828245057355692,0.018668353508385447,1.7763568394002505e-15,0.008169492085122014,0.18335670002450383,0.018517253392927813,0.18335670002450383,0.018514938591569566,8.881784197001252e-16,0.007946462909644765,0.18320954827808877,0.01863427823967453,0.18333688085426092,0.018535217551600407,0.18184065352386952,0.018230093742714268,0.018250131416011905
4000,2766,0.20392679595463142,0.018015939920029304,0.20392679595463142,0.018013687786772172,8.881784197001252e-16,0.009822865498077229,0.2034399783526898,0.01793520548988265,0.2034399783526898,0.017932963449060105,8.881784197001252e-16,0.009305931955076304,0.20306901395040977,0.017994611855678813,0.20334159809844626,0.017943614661174372,0.20379985459798505,0.017552356930140324,0.01754499103983427
4000,2767,0.2004227707375662,0.01783364797289791,0.2004227707375662,0.017831418627558503,8.881784197001252e-16,0.018939877556361243,0.2007175404190793,0.017775661001396565,0.2007175404190793,0.017773438904881676,1.7763568394002505e-15,0.01768078909080966,0.20037871226234982,0.017873814695905377,0.2007438483469784,0.01778624628330298,0.19846087940241186,0.01848510306251484,0.01832839529258602
4000,2768,0.1616550730986483,0.01802819832633871,0.1616550730986483,0.01802594466068501,1.7763568394002505e-15,0.013617860332121407,0.1623858864950562,0.017949986570538548,0.1623858864950562,0.017947742681965435,1.7763568394002505e-15,0.013319271868926357,0.162684827819367,0.018131307054715058,0.16237044064006462,0.017965078565198803,0.16206779598238685,0.017912808235790532,0.017923961465285975
4000,2769,0.14728191440335198,0.018382887858428332,0.14728191440335198,0.018380589853811764,8.881784197001252e-16,0.013631189246129584,0.14727521269888977,0.01826408693699846,0.14727521269888977,0.018261803783425318,8.881784197001252e-16,0.013431564898906087,0.1462573673918705,0.018348228366761574,0.1472427099831644,0.018277828489855843,0.14751112502666247,0.01794650491458892,0.017990499052087265
4000,2770,0.1487098898632262,0.01829020929358468,0.1487098898632262,0.01828792287451286,8.881784197001252e-16,0.008408876232975714,0.1479258195984487,0.01822365537575122,0.1479258195984487,0.018221377276439146,8.881784197001252e-16,0.008057046095585076,0.14745607091818502,0.018370613577912434,0.14789967185173308,0.018240030062256673,0.14545094344212456,0.01805115018895239,0.018049403069620343
4000,2771,0.20708167285792922,0.018459334012842266,0.20708167285792922,0.018457026451859083,1.7763568394002505e-15,0.010030507650833824,0.20818819456455923,0.01835335473537737,0.20818819456455923,0.018351060422631935,8.881784197001252e-16,0.008023789699049395,0.20876802479318768,0.018549474344412658,0.20820603831811713,0.01837007339674089,0.20842189145332402,0.01864272141213549,0.018637956203843387
4000,2772,0.19055706525117094,0.01861632857253465,0.19055706525117094,0.018614001386004834,8.881784197001252e-16,0.0024517929366495656,0.18969418470520405,0.0184725924258898,0.18969418470520405,0.01847028320750139,1.7763568394002505e-15,0.0022230583300909346,0.18945624366062414,0.018605131118012482,0.18962946196276242,0.018487592021695295,0.18714297254316636,0.018035333246109137,0.018056411470384146
4000,2773,0.18195101397019497,0.018475759155519387,0.18195101397019497,0.018473449541265032,8.881784197001252e-16,0.009855457020014603,0.1811029240731129,0.018407296918821613,0.1811029240731129,0.018404995862881777,1.7763568394002505e-15,0.011098595296068017,0.18091909051301885,0.018528755238041254,0.18113728623517872,0.018424559509008957,0.18017405890567972,0.01859576421425719,0.018630384590433584
4000,2774,0.1702775384694692,0.018625273537267603,0.1702775384694692,0.018622945232547306,1.7763568394002505e-15,0.010899501423370567,0.17046291443125433,0.01855066224576213,0.17046291443125433,0.018548343268036244,8.881784197001252e-16,0.010680496561745401,0.17093475076117287,0.01866949255038469,0.1705076266284266,0.018568244963950147,0.1704860198942641,0.018137006783732004,0.018137504413138272
4000,2775,0.20129303180070057,0.018794819102765224,0.20129303180070057,0.0187924696035245,1.7763568394002505e-15,0.006278495671715245,0.20071048474369585,0.0185136809814873,0.20071048474369585,0.0185113666267084,1.7763568394002505e-15,0.007644561480282671,0.20088790399895368,0.018612889889436105,0.2007490103190499,0.018529161719191382,0.19760560448268422,0.018722137711725297,0.018575473257029115
4000,2776,0.18371102848802462,0.018322516509527202,0.18371102848802462,0.018320226051800958,1.7763568394002505e-15,0.0058540102316335645,0.18242144795859394,0.018164455206226813,0.18242144795859394,0.018162184507398486,8.881784197001252e-16,0.005381048280078301,0.18232134328839578,0.018275377802188686,0.1823649611250754,0.018181312588859452,0.18353343194116822,0.017597579329833617,0.017602379990351677
4000,2777,0.19086761521244633,0.019130402568300515,0.19086761521244633,0.019128011118504526,1.7763568394002505e-15,0.007534103816237871,0.190149072690951,0.018843275999133317,0.190149072690951,0.018840920442401928,3.552713678800501e-15,0.008836772402683879,0.189396406387848,0.019010070576107232,0.19017380091152652,0.018872764495286895,0.19025621353480038,0.018957136318798903,0.01895065258399675
4000,2778,0.1569030913134471,0.01767527005377893,0.1569030913134471,0.017673060506916895,1.7763568394002505e-15,0.012357784962040989,0.1570910008976963,0.017538825785444183,0.1570910008976963,0.0175366332951818,8.881784197001252e-16,0.014993747201411943,0.1570589638723841,0.017612575327866906,0.1570512326136379,0.017547772121763613,0.15709543968872086,0.017748257160935116,0.017836456270246125
4000,2779,0.16586222926701583,0.018558608639033164,0.16586222926701583,0.01855628866794603,8.881784197001252e-16,0.011244267217147868,0.1677470647154387,0.01838373704285198,0.1677470647154387,0.01838143893208072,1.7763568394002505e-15,0.010860568218088677,0.16553491730645437,0.018514305217235443,0.1677702798761198,0.018400290838792282,0.16787795455994675,0.018519779182870746,0.018520617460997663
4000,2780,0.1818345263659944,0.018215435000083127,0.1818345263659944,0.01821315792838224,8.881784197001252e-16,0.010082341887529978,0.18124054565512238,0.018158810829969205,0.18124054565512238,0.018156540836732016,1.7763568394002505e-15,0.009266962918885608,0.18043590658412167,0.018328695788198103,0.18122582453907043,0.018172927635423657,0.18108171328032324,0.018207787551304377,0.018206172549953208
4000,2781,0.16311792886443982,0.017487644590239684,0.16311792886443982,0.0174854584980266,8.881784197001252e-16,0.0048478074226909204,0.16498424954633906,0.017403703171563836,0.16498424954633906,0.01740152757268396,8.881784197001252e-16,0.005289955727512226,0.163679166243073,0.01748391716555473,0.16487557105259087,0.017411322182014535,0.16677805444692934,0.017226660560475688,0.017262764960755992
4000,2782,0.19752220138369952,0.018229149264215098,0.19752220138369952,0.01822687047812404,1.7763568394002505e-15,0.009373235645351856,0.1966818323807008,0.018127868130020066,0.1966818323807008,0.01812560200486214,1.7763568394002505e-15,0.009560696847177436,0.1973843222962448,0.01810792850264339,0.19668120322712057,0.018146679995966135,0.1962189725447812,0.018002003191385535,0.018000888093197418
4000,2783,0.13725276139175258,0.01840368906827026,0.13725276139175258,0.01840138846333993,1.7763568394002505e-15,0.00425313996929121,0.13716590941207896,0.018392304538780692,0.13716590941207896,0.018390005357005496,8.881784197001252e-16,0.003663903456682623,0.1379683089203254,0.018589123891517338,0.13718072361633138,0.018412463470211263,0.13785443054746577,0.018622882480123393,0.01849892171947102
4000,2784,0.17868516427404946,0.01901917722634925,0.17868516427404946,0.01901679968059006,1.7763568394002505e-15,0.007888268568691334,0.1774280233956751,0.018916900587546866,0.1774280233956751,0.01891453582716666,1.7763568394002505e-15,0.00758891873186638,0.17933720620082877,0.01911142193034029,0.17747989170409684,0.018943065362768578,0.1766040507581812,0.01873905541646105,0.018721129550149186
4000,2785,0.1453548347901627,0.018595845963266893,0.1453548347901627,0.018593521337223272,1.7763568394002505e-15,0.005480335302408926,0.14491169009426275,0.018454144932564275,0.14491169009426275,0.01845183802025667,1.7763568394002505e-15,0.005962943341906385,0.14449023818992962,0.018520350642731335,0.1448981696336809,0.018468027378929847,0.14491808468894612,0.01765632934926346,0.017701431700744102
4000,2786,0.1876070864778988,0.01738037744923211,0.1876070864778988,0.01737820476624978,8.881784197001252e-16,0.01827435843792736,0.18729936546180037,0.01733512701705178,0.18729936546180037,0.017332959990727037,8.881784197001252e-16,0.017345653039350997,0.1879864737717608,0.017433428913477916,0.1872608757357883,0.017339869572983002,0.18797874228748734,0.017175377179299036,0.01726074851032086
4000,2787,0.17627906789611547,0.01751645894895204,0.17627906789611547,0.01751426925471898,8.881784197001252e-16,0.016667618766935843,0.17584093193497508,0.017450122645494386,0.17584093193497508,0.017447941243817575,8.881784197001252e-16,0.01724907300060186,0.1752853138190274,0.017525176671734206,0.1758194554128985,0.01745711092119661,0.17473121754723575,0.017883591538910698,0.017971842393784864
4000,2788,0.19087833789434216,0.018223211965589365,0.19087833789434216,0.018220933921707025,1.7763568394002505e-15,0.009760264849509455,0.1906776173938492,0.01817416233647047,0.1906776173938492,0.018171890424175018,1.7763568394002505e-15,0.008777620677658343,0.1902216496890235,0.01836900516631999,0.19061862255981493,0.01818354566976825,0.1905257715208658,0.017880789941572457,0.017871372592046155
4000,2789,0.19262493448909535,0.01888907237303633,0.19262493448909535,0.018886711091400374,1.7763568394002505e-15,0.01192321202696091,0.1912058086832536,0.01868750027306251,0.1912058086832536,0.018685164189514027,1.7763568394002505e-15,0.012717777925626558,0.19376659632470022,0.01902993337472739,0.19120997727664274,0.018712953430397618,0.19086423758186194,0.017754939851706956,0.017802680173931898
4000,2790,0.20479466966474857,0.018392430462953323,0.20479466966474857,0.018390131265436625,8.881784197001252e-16,0.011216471782862301,0.20605523681898535,0.0183503105976009,0.20605523681898535,0.018348016665396476,1.7763568394002505e-15,0.009688566580918875,0.2055246907538532,0.018400806668007186,0.20606798084394962,0.018362734431901725,0.20567595093930502,0.01850583464758722,0.01838052696219231
4000,2791,0.20775711904275324,0.018185966938606673,0.20775711904275324,0.018183693550643715,8.881784197001252e-16,0.0037884543172778348,0.2084227951403539,0.0180794327194563,0.2084227951403539,0.018077172649103142,1.7763568394002505e-15,0.0033686425729708563,0.20943483111234074,0.018182043694490505,0.20838679452645187,0.018088640302930024,0.20923289236378878,0.017725434507990998,0.01772161360598563
4000,2792,0.1778517579021221,0.018007066883254666,0.1778517579021221,0.01800481585919646,1.3322676295501878e-15,0.002893615832121982,0.17658837086659662,0.01787026396577648,0.17658837086659662,0.017868030043151868,8.881784197001252e-16,0.0034378638890736786,0.17689850017640357,0.017967540344696865,0.17653486110497718,0.017878013495297038,0.1758712314770562,0.01753151678944669,0.017572010177735246
4000,2793,0.2089930278808249,0.018539524236302632,0.2089930278808249,0.01853720665091495,8.881784197001252e-16,0.0113850583286309,0.209388613132115,0.018598575667608593,0.209388613132115,0.018596250700330604,8.881784197001252e-16,0.012242007823038772,0.2104705443356824,0.018767518533590204,0.20939851200821674,0.01861938261674299,0.2085967613402716,0.018906718670519945,0.018775948999907685
4000,2794,0.18702974749168422,0.01824309434331923,0.18702974749168422,0.018240813813984316,3.552713678800501e-15,0.008420678906856676,0.1859538177259767,0.018187713597117346,0.1859538177259767,0.01818543999080843,1.7763568394002505e-15,0.00962250364090425,0.18736481091239598,0.018341480450806222,0.185942069353012,0.018195924687405142,0.18506073475845825,0.018016606276230328,0.018026923271121955
4000,2795,0.18664256142151842,0.01774710399486767,0.18664256142151842,0.01774488546820173,1.7763568394002505e-15,0.012266005485777602,0.18575874069471798,0.01765249561350903,0.18575874069471798,0.01765028891362998,8.881784197001252e-16,0.012906698155705129,0.18611239951686065,0.01784501835306033,0.1857086572233715,0.017660100084099944,0.18514666735158863,0.017947839763914026,0.018011470694042388
4000,2796,0.2016023861999895,0.018076022893610242,0.2016023861999895,0.018073763249511956,8.881784197001252e-16,0.00733884997936363,0.20292575775851884,0.018017949357549013,0.20292575775851884,0.018015696973096493,1.7763568394002505e-15,0.007702353701478507,0.20271205416969357,0.01811042006142183,0.20288947380583083,0.018027885873458948,0.20272078469816157,0.017847396249039034,0.017825580173621253
4000,2797,0.16655971884495485,0.018111123803812655,0.16655971884495485,0.018108859771826333,1.7763568394002505e-15,0.004535399530504147,0.16629815076935228,0.018033783739936853,0.16629815076935228,0.01803152937606281,8.881784197001252e-16,0.004365625453166906,0.16748403789255678,0.018199285633169065,0.16629258704777278,0.018046303057492896,0.16655422141495607,0.017811008179126328,0.017957492435794788
4000,2798,0.17246962057207316,0.017848985696100172,0.17246962057207316,0.017846754433425524,1.7763568394002505e-15,0.01640025299128416,0.17295009017717583,0.01772974702518995,0.17295009017717583,0.01772753066828084,8.881784197001252e-16,0.017397329126462354,0.17283120405330343,0.017821557257540543,0.17295829256014333,0.017734049032931073,0.17220927854144114,0.017994694617682085,0.018111442403527897
4000,2799,0.18779871917183621,0.017739902097671425,0.18779871917183621,0.017737684471298906,8.881784197001252e-16,0.012966210627959789,0.18858536627536476,0.0177032911283196,0.18858536627536476,0.01770107807860431,8.881784197001252e-16,0.012817148197415758,0.1879372336460931,0.017790222907918193,0.1885717730074783,0.01771216981062868,0.18739186329822227,0.01787158440578714,0.01783410846960302
4000,2800,0.1731147287003894,0.01859159071425793,0.1731147287003894,0.018589266620153685,3.552713678800501e-15,0.004568610639384808,0.1734647471659862,0.018434035457418074,0.1734647471659862,0.01843173105895199,3.552713678800501e-15,0.004474400559855998,0.17323857911276652,0.01854125333259202,0.17346276780466213,0.018453563985063322,0.17326599329003844,0.01813784636425584,0.01808970659045285
4000,2801,0.21230552978533695,0.01824966455818917,0.21230552978533695,0.018247383207526068,1.7763568394002505e-15,0.012754761343171661,0.213004989874297,0.01814983137585646,0.213004989874297,0.018147562505121194,8.881784197001252e-16,0.01108712158257921,0.21224863217301604,0.018243694204325638,0.2129900485289356,0.018163485897280188,0.2148061980701984,0.017752004534760394,0.017724827483135502
4000,2802,0.187904042533232,0.018091884514891746,0.187904042533232,0.018089622887966866,8.881784197001252e-16,0.011561671809452926,0.18883388153998032,0.017910622496274942,0.18883388153998032,0.017908383528518677,1.7763568394002505e-15,0.01177984019860841,0.18787881846470667,0.01800276042622378,0.18878482599105806,0.01792477339252532,0.1888061394920738,0.018215987837201228,0.01822143444235391
4000,2803,0.18295110266818365,0.018189729577421793,0.18295110266818365,0.018187455719099584,1.7763568394002505e-15,0.004862909926038595,0.18231827385900312,0.01811089314703613,0.18231827385900312,0.018108629143883708,1.7763568394002505e-15,0.0061153633104124375,0.18126456224116888,0.018130444428094188,0.1823096901200199,0.018124873445476402,0.18295319016701245,0.018390324118365095,0.0184277766510845
4000,2804,0.21834268661399903,0.018748565437449863,0.21834268661399903,0.0187462217202787,8.881784197001252e-16,0.01120344621253404,0.2189468020374164,0.01870337685755602,0.2189468020374164,0.01870103878931043,1.7763568394002505e-15,0.010770603996170598,0.21762743574289622,0.019011695738209627,0.21899211437546096,0.018724422802340813,0.21981218144212883,0.018930963045760366,0.01913754145446041
4000,2805,0.18880149914593725,0.017854096894935265,0.18880149914593725,0.017851864993320823,8.881784197001252e-16,0.014429161854221951,0.18804318264490094,0.01776286883642313,0.18804318264490094,0.017760648339028816,8.881784197001252e-16,0.01391173831374983,0.18683403462469728,0.01789267734475926,0.18811120665449288,0.01776274457672885,0.18566201789678027,0.018923214877819908,0.018761179153204435
4000,2806,0.2161866482799712,0.01960256899444771,0.2161866482799712,0.019600118520159186,3.552713678800501e-15,0.006689257798003137,0.21816644386684936,0.01949743103358763,0.21816644386684936,0.019494993702365706,3.552713678800501e-15,0.005410128256382174,0.21940685141906346,0.0198894718684384,0.2182319045896582,0.01952682982250223,0.21771552768775926,0.018337853238931834,0.018407026223593206
4000,2807,0.17608336166191008,0.017930419394309074,0.17608336166191008,0.017928177951785876,8.881784197001252e-16,0.00791907887775158,0.17633233470831827,0.017848697160191863,0.17633233470831827,0.01784646593358646,8.881784197001252e-16,0.008171005552069052,0.17682780157788852,0.017945045076512768,0.17627817039999955,0.017858796801332108,0.1761756106802682,0.017875389914162623,0.017837870408135417
4000,2808,0.19997729550092275,0.01798126377887933,0.19997729550092275,0.01797901598041078,8.881784197001252e-16,0.011558786370163814,0.20015223463433135,0.017878312433360227,0.20015223463433135,0.01787607750461428,1.7763568394002505e-15,0.010637962653357844,0.20004411326993876,0.018038975516132757,0.2001051846499911,0.017897977254128956,0.20246847763927217,0.017777119272699368,0.01770669524726997
4000,2809,0.19309842525276594,0.019461361879125314,0.19309842525276594,0.019458929056829527,3.552713678800501e-15,0.01745779810701511,0.19365630941176287,0.019317616999664593,0.19365630941176287,0.019315202146601887,3.552713678800501e-15,0.016698814262765652,0.195488189617485,0.01965725064147698,0.19369397301131852,0.01935124863665536,0.1939717411927266,0.019660814178092564,0.019807447808743765
4000,2810,0.20644112009153098,0.018097952539571447,0.20644112009153098,0.01809569015409607,1.7763568394002505e-15,0.019968716754180417,0.20549393134084087,0.017872279069958693,0.20549393134084087,0.017870044895430315,8.881784197001252e-16,0.02069149165866316,0.20494496046962096,0.018072525395895524,0.20542441252250443,0.017882163581604545,0.205763070695136,0.01843564387002529,0.018381454857151047
4000,2811,0.17861065805841464,0.017949671156842918,0.17861065805841464,0.017947427307698972,1.7763568394002505e-15,0.005830240716658709,0.17782567230350949,0.01783502156945924,0.17782567230350949,0.01783279205240953,8.881784197001252e-16,0.006655145453228849,0.17747523444822566,0.017891197017671875,0.1777882562765129,0.017843284157510846,0.17728528322217568,0.01807716037669705,0.018091413235745243
4000,2812,0.18680837360799318,0.01863826171798445,0.18680837360799318,0.01863593178964008,1.7763568394002505e-15,0.013344027841385815,0.18601223339301715,0.01850027369935545,0.18601223339301715,0.018497961020591574,1.7763568394002505e-15,0.014821345866069808,0.186825562411349,0.018582757180526648,0.1859669663803405,0.018520145350907166,0.18546944547622757,0.018473611442648353,0.01845537124146092
4000,2813,0.17133587164343822,0.019067851650081444,0.17133587164343822,0.019065468019638973,1.7763568394002505e-15,0.007137326174637428,0.1700017644224216,0.018917532575963375,0.1700017644224216,0.01891516773657968,3.552713678800501e-15,0.0068345377765046044,0.16835532820050575,0.019069470132582155,0.1700010663874666,0.018943295711127177,0.16851864721681964,0.01881077361056039,0.018717431909808575
4000,2814,0.13167837761423357,0.01777930102254993,0.13167837761423357,0.01777707847100396,1.7763568394002505e-15,0.01725379713860064,0.12945526818824238,0.017581485202153586,0.12945526818824238,0.01757928737913079,1.7763568394002505e-15,0.014652294335866995,0.12831227586789878,0.017718392953657385,0.1294244264585917,0.017587362294630215,0.12960668246929413,0.017876395833510444,0.017916102050126545
4000,2815,0.18824457507834969,0.017678516690586704,0.18824457507834969,0.017676306737869702,8.881784197001252e-16,0.011400271054749988,0.18814170928608132,0.01764316774253114,0.18814170928608132,0.01764096220870884,8.881784197001252e-16,0.011300329972731147,0.18749872446761218,0.01776297162725616,0.18811339002470123,0.01764498882831192,0.1873743863134813,0.017896996644185193,0.01792110708049983
4000,2816,0.18463536843664718,0.018041766680552976,0.18463536843664718,0.01803951131874898,1.7763568394002505e-15,0.008842603619508478,0.1835086294583707,0.017925586675919147,0.1835086294583707,0.017923345837523506,8.881784197001252e-16,0.00926276934418052,0.18466403511647173,0.018072637650184162,0.18350827122733754,0.017937097682480824,0.18451242420122038,0.017681908553770376,0.017645422591892126
4000,2817,0.21234943660781758,0.018169301679333633,0.21234943660781758,0.0181670303746583,8.881784197001252e-16,0.01231209805963318,0.21259011061735927,0.01804275732031943,0.21259011061735927,0.018040501834677727,1.7763568394002505e-15,0.012579571655580057,0.21315755925803892,0.018180370211046244,0.21254895286189918,0.018054629119641393,0.21288711066319388,0.018039881769783505,0.017956606992620142
4000,2818,0.1821970933120326,0.018683679136100122,0.1821970933120326,0.018681343530223615,1.7763568394002505e-15,0.010181200114840371,0.18283124528670097,0.01867706510135769,0.18283124528670097,0.018674730322287208,8.881784197001252e-16,0.011420886654918418,0.18266508964093775,0.01885222625509902,0.1828607264404028,0.018698186608392155,0.18337076787949652,0.019007241925187726,0.019002649386046077
4000,2819,0.21378370943371355,0.018243215544271885,0.21378370943371355,0.018240934999785914,1.7763568394002505e-15,0.003717493169050751,0.21285454646526097,0.01816861426980818,0.21285454646526097,0.018166343051064408,1.7763568394002505e-15,0.0035718930020549595,0.21302374453145217,0.018303036043420255,0.21286705589223526,0.018177665512245374,0.21192715286115849,0.018208919934500332,0.017911044311091584
4000,2820,0.17289370869440523,0.018031043794345353,0.17289370869440523,0.018028789772985918,1.7763568394002505e-15,0.012978049919392255,0.17161475013754773,0.0178812177703816,0.17161475013754773,0.017878982478445823,1.7763568394002505e-15,0.016029171800165685,0.1709148036792439,0.018025958449335553,0.17156408279415492,0.0178894384654008,0.17080660038437934,0.017726504963091857,0.01774966306971429
4000,2821,0.18099118953920473,0.018243724075578782,0.18099118953920473,0.01824144346752242,1.7763568394002505e-15,0.014161142750581286,0.18055763222863436,0.018135614821848365,0.18055763222863436,0.018133347728293434,8.881784197001252e-16,0.013698538592521946,0.18000774424021138,0.018285762304723775,0.18054309652393347,0.018149909758459513,0.18056180429034868,0.018321267720696036,0.018334405715537714
4000,2822,0.19589344362460698,0.01865568524151638,0.19589344362460698,0.01865335313509543,8.881784197001252e-16,0.006389574092961725,0.19408770715124857,0.018466392631104733,0.19408770715124857,0.018464084187739115,1.7763568394002505e-15,0.006089414661480605,0.19425059869150008,0.01857285758723042,0.19407930003213902,0.018479664361899517,0.19400593628535462,0.017944036967439868,0.017942906486646742
4000,2823,0.17775160194532125,0.018723795966318228,0.17775160194532125,0.018721455345524496,1.7763568394002505e-15,0.01118874105840772,0.17831572417637243,0.01857361320361813,0.17831572417637243,0.018571291356843184,1.7763568394002505e-15,0.011659679272780015,0.1788709940931975,0.018718317226974403,0.17829573381550162,0.01859091038647847,0.17718803266989325,0.01819053626724824,0.01820134879608542
4000,2824,0.1876116199269532,0.018008201388834702,0.1876116199269532,0.018005950222954436,8.881784197001252e-16,0.013513556881869788,0.1879952300708494,0.017900111268176214,0.1879952300708494,0.01789787361440559,8.881784197001252e-16,0.0133394421197837,0.18884560473566253,0.018119836653290408,0.1879521413078366,0.01790845644396564,0.1879111963725278,0.01778326701396615,0.017811856451820977
4000,2825,0.20668704917956265,0.01762148751662269,0.20668704917956265,0.017619284692998033,8.881784197001252e-16,0.016384426014561512,0.2076764035548357,0.017550480485594083,0.2076764035548357,0.017548286538403114,1.7763568394002505e-15,0.01729096239378011,0.20830076901171146,0.01767661864151134,0.20766603488593666,0.01755970030017082,0.20824385520676275,0.017835136585719363,0.017711821089812035
4000,2826,0.15529471189355748,0.019090657658647498,0.15529471189355748,0.01908827117727576,1.7763568394002505e-15,0.005415093392758548,0.1560670802159046,0.018952149263877647,0.1560670802159046,0.018949780097137485,1.7763568394002505e-15,0.006081053962173978,0.15602125657920468,0.019072574021858395,0.1560883830641306,0.018970502717162118,0.15601152601314972,0.018541393803747756,0.01855632879499351
4000,2827,0.17155985441304672,0.018518646828248782,0.17155985441304672,0.018516331852700237,8.881784197001252e-16,0.010433693326175277,0.172258958791064,0.01838117424742355,0.172258958791064,0.018378876457021746,1.7763568394002505e-15,0.010960539800143589,0.1722584001260662,0.018476523181337696,0.1722771376433443,0.01839793225972115,0.1721750132705792,0.018279000062187335,0.018250551097199114
4000,2828,0.20055781159363367,0.018012891759644597,0.20055781159363367,0.018010640007431328,1.7763568394002505e-15,0.011036364819193609,0.20018983433802667,0.017938640310944186,0.20018983433802667,0.017936397840742167,1.7763568394002505e-15,0.011294982524517447,0.2002483169328929,0.018004555410140205,0.20019426485689862,0.017945946674897215,0.19872673249859735,0.018248474818202784,0.018222490757622212
4000,2829,0.18163060357145944,0.018504763431791936,0.18163060357145944,0.018502450191776425,1.7763568394002505e-15,0.015980221149695484,0.18304458310940985,0.018451063125916208,0.18304458310940985,0.01844875659885852,1.7763568394002505e-15,0.01754528930736774,0.18376407078456009,0.01858207490149313,0.18306714767681748,0.01847090274205169,0.18294220274441897,0.018250141288293855,0.018254035540090967
4000,2830,0.19012865174888738,0.018262235743769034,0.19012865174888738,0.018259952821609512,1.7763568394002505e-15,0.014814852328242232,0.18869964542245954,0.018157950043533908,0.18869964542245954,0.01815568015790175,1.7763568394002505e-15,0.01352756113707751,0.18901248906198836,0.01827316880630086,0.18870036679738506,0.018166508570633694,0.18802395130942662,0.01843838657272955,0.018456822489407367
4000,2831,0.19597847409897828,0.018397830443852212,0.19597847409897828,0.018395530571295716,1.7763568394002505e-15,0.01135639645987912,0.19553387839546832,0.018226620305532754,0.19553387839546832,0.01822434183558129,8.881784197001252e-16,0.010599425518835208,0.19433948405092083,0.0183797932904074,0.19553238537799744,0.018248156293186147,0.19565500115716378,0.018400689058074193,0.01840210651475587
4000,2832,0.1448213071956036,0.01772639207237729,0.1448213071956036,0.017724176134863493,8.881784197001252e-16,0.015779530909362297,0.14367937593396385,0.0176513118740903,0.14367937593396385,0.017649105322187924,8.881784197001252e-16,0.015029043391543978,0.1452795993870471,0.017737066678948518,0.14365468006669962,0.017658842592019747,0.14586497872001158,0.01767631084552376,0.017866848182042462
4000,2833,0.17771070612444184,0.01819121594768354,0.17771070612444184,0.01818894190355344,8.881784197001252e-16,0.00852008258320048,0.17773283499294212,0.01816095621284738,0.17773283499294212,0.018158685951420568,1.7763568394002505e-15,0.00961609711161775,0.1779290122343522,0.018246397922377217,0.17768546651752215,0.018171680471297687,0.17728921658834768,0.01750282779406525,0.017512767736009804
4000,2834,0.17040604730198627,0.019173472390396084,0.17040604730198627,0.019171075556535806,3.552713678800501e-15,0.008490320705255282,0.17167246000282105,0.019009233040925902,0.17167246000282105,0.019006856738267585,3.552713678800501e-15,0.00845346448752592,0.17152440281901277,0.0191077549369457,0.17166960982975066,0.019036690955133245,0.17085994886990985,0.019073913978198923,0.019150023794525822
4000,2835,0.16328098493136628,0.018121325163293695,0.16328098493136628,0.01811905985605773,1.7763568394002505e-15,0.009379154862708934,0.16513050307981908,0.017966503125042475,0.16513050307981908,0.017964257171770987,1.7763568394002505e-15,0.008001372279660674,0.1666091615873616,0.018131494884712055,0.16510296030602545,0.017979726749742665,0.16442850602934422,0.018141861362580603,0.0181646013098932
4000,2836,0.14508654786468234,0.017757673841674426,0.14508654786468234,0.017755453993695047,8.881784197001252e-16,0.010306104381600937,0.14663431271170618,0.017647016612042363,0.14663431271170618,0.017644810597081305,1.7763568394002505e-15,0.010634454114629424,0.14684146647123497,0.017824136871518056,0.1466080139572511,0.017656204031369548,0.14744759083662606,0.017433615022192078,0.017642530586077777
4000,2837,0.2264450419383472,0.018003002167809812,0.2264450419383472,0.0180007516518728,8.881784197001252e-16,0.0055519321497975085,0.22641455953402023,0.01789739088029888,0.22641455953402023,0.017895153566597998,8.881784197001252e-16,0.005205436835174584,0.2272033818840805,0.018127671966756017,0.22643895926937213,0.017912935300368117,0.22576976303412177,0.01828533125693627,0.018281370047493077
4000,2838,0.17726616935944117,0.017829652949479656,0.17726616935944117,0.017827424103549393,8.881784197001252e-16,0.006668300342063857,0.1772203872091656,0.017730252158642972,0.1772203872091656,0.017728035738588232,8.881784197001252e-16,0.006003575329417528,0.17632125361448442,0.017816119586781552,0.1771219301774195,0.017742383418449564,0.17894067199092667,0.017523770622239847,0.01752972599634009
4000,2839,0.1604503575563348,0.017699527459841748,0.1604503575563348,0.017697314880614424,8.881784197001252e-16,0.010184418332166066,0.16015588374347356,0.01760096862141935,0.16015588374347356,0.017598768362816916,1.7763568394002505e-15,0.011463772561564747,0.16058718234528346,0.017636421130233813,0.16013048367879235,0.017608074686744656,0.15887578052804324,0.01810018312867642,0.018136074696841052
4000,2840,0.1822636616044751,0.017966548880265186,0.1822636616044751,0.01796430292127394,8.881784197001252e-16,0.020486494460831936,0.18218523819652455,0.01779619341928262,0.18218523819652455,0.01779396875605507,1.7763568394002505e-15,0.020182027387423487,0.18238947801786276,0.017960723516481526,0.18214654289390625,0.017811760323142568,0.18168783163124846,0.017823973434023654,0.01784476006525074
4000,2841,0.19562373093404678,0.01917865965691119,0.19562373093404678,0.01917626217460207,1.7763568394002505e-15,0.007456678363439006,0.19544411814739515,0.019074915206343565,0.19544411814739515,0.01907253069290137,3.552713678800501e-15,0.008725786707354686,0.19599847897338146,0.01918532389710723,0.19543078124200147,0.019102400913659213,0.19556180661244682,0.01816849137431134,0.01822460103060768
4000,2842,0.1677817176851415,0.018090458221536286,0.1677817176851415,0.01808819677290922,8.881784197001252e-16,0.014034425548752392,0.1681646757346978,0.018025383323282327,0.1681646757346978,0.018023130009526003,8.881784197001252e-16,0.013814709126868491,0.16742615001463235,0.018134449504664092,0.16814809814151138,0.018042901742653394,0.16872184576109528,0.017773118910563053,0.01783265848985779
4000,2843,0.20022146997835333,0.018137263214176934,0.20022146997835333,0.018134995914560078,3.552713678800501e-15,0.019309138302572096,0.20079704323224007,0.018060041818544835,0.20079704323224007,0.018057784172205802,8.881784197001252e-16,0.02001539861004519,0.19962397700057583,0.01820718439833155,0.20081300994500645,0.018085137101572297,0.20144452385210926,0.01842374005398379,0.018429537049703935
4000,2844,0.16346924800924045,0.01841820007953094,0.16346924800924045,0.01841589766061082,1.7763568394002505e-15,0.008557983502321061,0.1637005405405717,0.01842935230470915,0.1637005405405717,0.01842704849167375,3.552713678800501e-15,0.008178147017210056,0.16446268968788907,0.018575667773239928,0.16372733980986476,0.01845638888698763,0.1635457793288237,0.0182049753604268,0.01822410468229137
4000,2845,0.15435499577363426,0.017706604267208482,0.15435499577363426,0.017704390803324938,1.7763568394002505e-15,0.01587830217279493,0.1562256347423846,0.0176302831880962,0.1562256347423846,0.017628079264943884,1.7763568394002505e-15,0.015831392092240933,0.1565859705655202,0.017785837289750712,0.15620262415794295,0.017639634459427265,0.15551814466620106,0.018165097010815135,0.018182548976559215
4000,2846,0.1865291337402203,0.01829737302327591,0.1865291337402203,0.0182950857086819,1.7763568394002505e-15,0.00946722021571186,0.18621681514949034,0.018183112023733215,0.18621681514949034,0.018180838992656927,8.881784197001252e-16,0.009651042578487293,0.18752340796867595,0.018333600456603722,0.18616424337427268,0.01820068772377999,0.18686472833362144,0.017939462443537488,0.01795306543824089
4000,2847,0.20913050765716917,0.017391945880125447,0.20913050765716917,0.017389771750998866,8.881784197001252e-16,0.009184968260619177,0.20943364547317406,0.017318789498140297,0.20943364547317406,0.017316624514133072,8.881784197001252e-16,0.008984208694439177,0.20996111278138874,0.017406963372409705,0.20938011260986883,0.017324761282720324,0.21085212612717802,0.017458806687787463,0.017331045217661233
4000,2848,0.1892293309222261,0.018165375713916007,0.1892293309222261,0.018163104900017026,1.7763568394002505e-15,0.0049487255920965595,0.1893022991800687,0.018111918278441944,0.1893022991800687,0.018109654147140088,1.7763568394002505e-15,0.005978985465561255,0.18895329272455907,0.018219381858042543,0.1892957903546536,0.01812727010951155,0.18911896168521813,0.018115905451923507,0.01811490340505477
4000,2849,0.15977266696431164,0.018297444613348285,0.15977266696431164,0.018295157289804957,8.881784197001252e-16,0.004050101478129462,0.15976283784116985,0.018152398163200627,0.15976283784116985,0.01815012897159689,1.7763568394002505e-15,0.003468391280275079,0.1583350914011329,0.01829780943364715,0.15974275770230817,0.018168973656854846,0.1591541744481501,0.018434010188116686,0.018432101885088082
4000,2850,0.19972309375702074,0.01973321729183819,0.19972309375702074,0.019730750485491676,3.552713678800501e-15,0.00869844309658866,0.20058254268514336,0.019682350938469668,0.20058254268514336,0.01967989049081477,3.552713678800501e-15,0.00891824883464835,0.20095992710340504,0.01985469060266547,0.20067969169753408,0.01972095453091024,0.19941483721108555,0.019473038486560925,0.019818068580374857
4000,2851,0.21569075918410463,0.01904806361087158,0.21569075918410463,0.019045682454088622,1.7763568394002505e-15,0.007949896568423615,0.2143184455869599,0.018817608945175365,0.2143184455869599,0.018815256597026268,3.552713678800501e-15,0.009845504276254259,0.21462832922511133,0.019002026489870944,0.21437608564266514,0.01884383508233759,0.21248536515590294,0.018888156447091006,0.019004158511232987
4000,2852,0.19500220367727383,0.01888739672122357,0.19500220367727383,0.018885035649057184,1.7763568394002505e-15,0.012225078440150156,0.19508940611479925,0.018819325990133834,0.19508940611479925,0.018816973427340702,1.7763568394002505e-15,0.012917504206549997,0.19557402078943842,0.01900839354179734,0.19512198303292305,0.018840992286526963,0.19538380501523867,0.018520636076979565,0.018550313245434855
4000,2853,0.17954891639148574,0.018704216715897348,0.17954891639148574,0.0187018785426629,3.552713678800501e-15,0.014634867053529217,0.18099569533464338,0.01865738732229312,0.18099569533464338,0.018655055003098775,1.7763568394002505e-15,0.01445897599894158,0.179796588295226,0.018792057923320504,0.18099640110155435,0.01867908195524332,0.18122682397107243,0.018085793409309475,0.018103998879882236
4000,2854,0.1558501794624641,0.01830948679760231,0.1558501794624641,0.01830719796869186,1.7763568394002505e-15,0.005150015678239478,0.15635927224805612,0.01818218619162947,0.15635927224805612,0.018179913276289428,1.7763568394002505e-15,0.004486628599688276,0.1544210655287293,0.018251926775933503,0.1563923655860726,0.01819183323750925,0.15893673240547784,0.017650334044998852,0.01776031161435687
4000,2855,0.1914889625200682,0.01807250304867647,0.1914889625200682,0.018070243844586307,8.881784197001252e-16,0.013462719404077575,0.1915432913163227,0.018017837339538566,0.1915432913163227,0.018015584969089175,8.881784197001252e-16,0.012649505404845328,0.1906216892889121,0.018102946288671002,0.19150477665605253,0.018030276507534426,0.192396938965203,0.01782428981607879,0.01777102039333082
4000,2856,0.1519711053502974,0.017728515126977658,0.1519711053502974,0.017726298924065444,1.7763568394002505e-15,0.008167416175379716,0.15331337349279278,0.017694834117232806,0.15331337349279278,0.01769262212470998,8.881784197001252e-16,0.007832602632273516,0.15237948221482328,0.017784961910051477,0.15327841846589096,0.017703993680914236,0.15364878714512498,0.018267715889086423,0.018288759508635555
4000,2857,0.12942273288356576,0.01894830740209107,0.12942273288356576,0.018945938715613654,1.7763568394002505e-15,0.004860537439598355,0.12903064693070498,0.0188190151347645,0.12903064693070498,0.01881666261083072,1.7763568394002505e-15,0.005164830683075475,0.12954730265374859,0.019008868003325706,0.12897719672129765,0.01883963982880952,0.12621050416601637,0.018441276663195803,0.01835831111431008
4000,2858,0.18828150329582088,0.01784440829842678,0.18828150329582088,0.017842177607962608,1.7763568394002505e-15,0.016251833997747416,0.18769866168665572,0.01780109606453803,0.18769866168665572,0.017798870788441515,8.881784197001252e-16,0.01558882369203335,0.18740182847808123,0.017877872062454794,0.18770404540973634,0.017812941091253254,0.18659435283458292,0.018519624528409072,0.01851925800857113
4000,2859,0.2213397437792045,0.018174606946765207,0.2213397437792045,0.01817233497888999,8.881784197001252e-16,0.016962441525593966,0.22015077264525962,0.018105533197829045,0.22015077264525962,0.018103269864712154,8.881784197001252e-16,0.01880028057449714,0.2197107780916746,0.018163123403730788,0.22010528460680973,0.018113184699692527,0.22128194934229267,0.018315452248452522,0.018286107514752264
4000,2860,0.19211882510478628,0.01863371488362551,0.19211882510478628,0.018631385523670958,1.7763568394002505e-15,0.008270794224798112,0.19261063564104997,0.018516331018559505,0.19261063564104997,0.018514016332505264,1.7763568394002505e-15,0.007676948964726868,0.1922875019342546,0.0187074449720443,0.19264235707268618,0.018532174049051678,0.19245957603773933,0.01848730614981222,0.018467081859042403
4000,2861,0.18943270529272582,0.017944244261709572,0.18943270529272582,0.017942001090969925,8.881784197001252e-16,0.0052931832862084804,0.19020015332880646,0.017884348256304944,0.19020015332880646,0.01788211257303397,8.881784197001252e-16,0.005151644408973463,0.1897223631527944,0.018001426589819833,0.19017612981551846,0.017895708825769515,0.1904219718910426,0.01847952491548524,0.018475809309974996
4000,2862,0.2032923901391262,0.01807713328512187,0.2032923901391262,0.01807487350221597,1.7763568394002505e-15,0.020108013838524313,0.2035294719748113,0.017944350598058403,0.2035294719748113,0.01794210741402588,1.7763568394002505e-15,0.019011804110427574,0.2035880145114638,0.01804347762324306,0.20351300255002935,0.017956970205022536,0.20228520291346364,0.017788490417295307,0.017792691372375574
4000,2863,0.19021744936223456,0.018282074970440095,0.19021744936223456,0.018279789568222224,3.552713678800501e-15,0.009863716071530136,0.19077965988990597,0.018149013427636543,0.19077965988990597,0.0181467446591512,8.881784197001252e-16,0.009512445118783196,0.19230727964437438,0.018242881810581698,0.1907574599344526,0.018165148420746555,0.19069894887111843,0.017889514813562307,0.01790408074469438
4000,2864,0.1955971614224951,0.01766588612392664,0.1955971614224951,0.017663677750129156,1.7763568394002505e-15,0.005373711587154753,0.1959273998783702,0.017605199026109075,0.1959273998783702,0.017602998238673,8.881784197001252e-16,0.005470601545182478,0.194136536627323,0.01773785263166548,0.19586969146929123,0.0176099024296954,0.19609192531059683,0.017237381598760728,0.01725535638156268
4000,2865,0.187959698069321,0.01766665865099025,0.187959698069321,0.017664450180620853,1.7763568394002505e-15,0.01132959018371411,0.18709058162490455,0.017594119655635482,0.18709058162490455,0.017591920253207282,1.7763568394002505e-15,0.013154756126610288,0.18662012562017616,0.017640169999353094,0.18701412184654348,0.017596801413863668,0.18806689996063486,0.01780607771175554,0.017806954667680487
4000,2866,0.1914806204009215,0.01914066283587791,0.1914806204009215,0.019138270103468306,3.552713678800501e-15,0.0025478861291707796,0.19239314132720164,0.019071576363059253,0.19239314132720164,0.01906919226699855,3.552713678800501e-15,0.0026872591105770926,0.19319096515931217,0.019277258889523075,0.19241410106647078,0.019099807667159407,0.19181747766860424,0.018572377757386772,0.01861334197971398
4000,2867,0.20115553690775506,0.018694484807533093,0.20115553690775506,0.01869214785086323,1.7763568394002505e-15,0.0022350494642047044,0.20082167535324758,0.018582717537810014,0.20082167535324758,0.01858039455292216,1.7763568394002505e-15,0.002521548515995723,0.20122750453696953,0.018709296243487546,0.20082148896266688,0.018596781516039218,0.20110606159991407,0.01821922105666369,0.018221413189065245
4000,2868,0.18208839974419833,0.017938081649358024,0.18208839974419833,0.017935839248993075,1.7763568394002505e-15,0.009010530809395007,0.18228159099582603,0.01774617222485498,0.18228159099582603,0.017743953814667566,8.881784197001252e-16,0.011448128636163709,0.18305040037523307,0.017882724998817868,0.18219158804491292,0.01775596018372479,0.18114951357791786,0.017249906022494585,0.017290019265600042
4000,2869,0.1681263450561678,0.01726655310232371,0.1681263450561678,0.017264394648274107,8.881784197001252e-16,0.019082019832467816,0.16722207325848204,0.01718158895998878,0.16722207325848204,0.01717944112712084,4.440892098500626e-16,0.019474054596556243,0.16677021868179093,0.01722351315078675,0.1671733808544995,0.017185967184917703,0.16579750175682756,0.017840298897256652,0.017899589944508045
4000,2870,0.1812034651043496,0.018247870021576906,0.1812034651043496,0.018245588895244906,1.7763568394002505e-15,0.006935342330210741,0.1824262536604906,0.018172748868167787,0.1824262536604906,0.018170477132566917,1.7763568394002505e-15,0.007871493226564913,0.182327699794404,0.01835624372584186,0.18241611009623238,0.018186856513739597,0.18265173877305452,0.017904947932428295,0.01789739483973678
4000,2871,0.15046894036702418,0.017527819652757713,0.15046894036702418,0.01752562853834791,1.7763568394002505e-15,0.01218146856394017,0.15125195661679092,0.017487719541309392,0.15125195661679092,0.01748553343972684,8.881784197001252e-16,0.012258058112384644,0.1514906266287922,0.017530699638710477,0.1512124702404662,0.017486051758767315,0.1497134908233207,0.01807790515135704,0.018150533690589502
4000,2872,0.204494947561146,0.018098071596136092,0.204494947561146,0.018095809195777714,8.881784197001252e-16,0.016836359956416858,0.20495894813802618,0.018016188221447717,0.20495894813802618,0.01801393605715097,1.7763568394002505e-15,0.01573487565969465,0.20436526341816452,0.018135243115198537,0.2049299154033058,0.018026847591503956,0.20501374017392926,0.01809764364163966,0.018077210185741214
4000,2873,0.1844885059678616,0.018413300589329922,0.1844885059678616,0.01841099878288436,1.7763568394002505e-15,0.01357888620754498,0.1846102205389904,0.018333126715003666,0.1846102205389904,0.018330834930918832,1.7763568394002505e-15,0.013847522967135085,0.18525378247767582,0.01841234113797874,0.1846371431000116,0.018342090742768474,0.185306565058855,0.018034180516776008,0.01803138143627265
4000,2874,0.18622226631906946,0.018326395667373856,0.18622226631906946,0.01832410472472257,1.7763568394002505e-15,0.004537978119420302,0.18666924148614328,0.018168220678333145,0.18666924148614328,0.018165949508791385,8.881784197001252e-16,0.005540872838530086,0.1863495732859523,0.018290406547336296,0.18668201531156176,0.0181798304619827,0.1871383304392456,0.018032806500135425,0.018006834929599074
4000,2875,0.20580885141985117,0.018327744312540778,0.20580885141985117,0.018325453201298306,8.881784197001252e-16,0.009831464126192947,0.2045447380234281,0.018255506105279724,0.2045447380234281,0.018253224024377592,1.7763568394002505e-15,0.009249308550758022,0.20440665704187827,0.018279764776292562,0.20454461519515404,0.018271237458809677,0.20464699925647006,0.01816902512643187,0.01816048327301607
4000,2876,0.18371536962843493,0.01845668823898805,0.18371536962843493,0.018454381008747276,1.7763568394002505e-15,0.011699809968862258,0.18503707702118538,0.018374725930466268,0.18503707702118538,0.018372428946154467,1.7763568394002505e-15,0.011235646755872318,0.18437352323798362,0.018525797639124868,0.18504876333003017,0.018384110845297737,0.18556290310547557,0.018754981472800466,0.018753138876474503
4000,2877,0.17005463996657788,0.017500083354058383,0.17005463996657788,0.01749789570690263,8.881784197001252e-16,0.01541575602729253,0.169550925270734,0.0174470257690286,0.169550925270734,0.017444844754485538,8.881784197001252e-16,0.0147415497971238,0.16970695209114584,0.01760361638884024,0.16949333983161174,0.01745524619940514,0.1695730114624045,0.017257001303193444,0.017317072671145472
4000,2878,0.1532326760272169,0.01779578569785017,0.1532326760272169,0.01779356108559098,8.881784197001252e-16,0.009043792843552341,0.15298356829267462,0.01773561606524239,0.15298356829267462,0.01773339897465741,8.881784197001252e-16,0.009241910957666744,0.1527774408321685,0.017805076005680997,0.15293768073959502,0.017747228086453085,0.15335500313872702,0.017646427632064858,0.01766727551963583
4000,2879,0.1453478835936865,0.018885138464983405,0.1453478835936865,0.018882777675116695,1.7763568394002505e-15,0.006352117380017027,0.14574859649783206,0.01876017349213152,0.14574859649783206,0.018757828323862826,1.7763568394002505e-15,0.00693431504775122,0.1448572438446215,0.019018095060025005,0.14577605844031355,0.0187775171825667,0.14753025855232055,0.01805817585184117,0.018138969640303648
4000,2880,0.19822436204492144,0.019750096996997844,0.19822436204492144,0.019747628080556297,1.7763568394002505e-15,0.00432943523076422,0.1978782359330884,0.01970566818998009,0.1978782359330884,0.01970320482748656,1.7763568394002505e-15,0.004792913082831057,0.19923472914078955,0.01998860331945879,0.19795858622998086,0.019746418066794384,0.19761827107988023,0.01925791908955241,0.019709119978947715
4000,2881,0.15576790291778697,0.01822085830153747,0.15576790291778697,0.018218580551881528,1.7763568394002505e-15,0.0038098682416886484,0.1569466126235331,0.018223102424587658,0.1569466126235331,0.0182208243943988,8.881784197001252e-16,0.0041571034534706695,0.15625901239603968,0.018489461002427522,0.15693247244227843,0.018242051694131605,0.1566149205839601,0.017931790584100323,0.01794979806014267
4000,2882,0.17108488101400904,0.01849115152358571,0.17108488101400904,0.01848883998516508,1.7763568394002505e-15,0.005590408376690598,0.1714559273222208,0.018459450188555902,0.1714559273222208,0.01845714261304985,8.881784197001252e-16,0.005502726562075513,0.17192811288772242,0.018659522954422844,0.17143398201706778,0.018473584389858605,0.17205597335335243,0.01802824447179564,0.018027261982717677
4000,2883,0.12831751946972014,0.01761754702716462,0.12831751946972014,0.017615344696131928,1.7763568394002505e-15,0.01577247651238149,0.12990237123466303,0.017558357433871567,0.12990237123466303,0.017556162502000518,8.881784197001252e-16,0.016114434478316297,0.12949783682712135,0.017621825522289573,0.12987445365828926,0.01755877142893325,0.13151891308124036,0.017567131492820052,0.017830287088841698
4000,2884,0.1762276198183097,0.018641999360327344,0.1762276198183097,0.018639668964748477,1.7763568394002505e-15,0.012000758734158538,0.17666505429353907,0.018576928523931318,0.17666505429353907,0.018574606262715426,1.7763568394002505e-15,0.012485128787215274,0.17709045421387098,0.01883561418742994,0.17673623408476413,0.018600952544522695,0.17663513207636738,0.0191349267397594,0.019030367415907138
4000,2885,0.2066885212791948,0.018265982602008735,0.2066885212791948,0.018263699211462654,1.7763568394002505e-15,0.010495156760344621,0.20631478581259355,0.018160066858375373,0.20631478581259355,0.01815779670812482,8.881784197001252e-16,0.010094379446053476,0.20698993609822497,0.01829347746077222,0.20632027018462773,0.018176307888122488,0.2067286551679225,0.018323096933559727,0.01829645220732386
4000,2886,0.15999731945186668,0.018650073577120844,0.15999731945186668,0.01864774217220179,1.7763568394002505e-15,0.008864053394305878,0.1597949194567468,0.0185906795788422,0.1597949194567468,0.018588355598637,1.7763568394002505e-15,0.00832954463916182,0.15974940507409646,0.01871594056991393,0.15980618173591848,0.018602872310809204,0.16030175476328834,0.018259619196211992,0.018263795568350973
4000,2887,0.22556278396991675,0.01842798368520818,0.22556278396991675,0.01842568004326091,8.881784197001252e-16,0.007097267030055846,0.2267160762566076,0.018413239850330033,0.2267160762566076,0.01841093805147732,8.881784197001252e-16,0.0067765029688501835,0.2266130098574084,0.018607274703267746,0.22671842694134942,0.018435563469491635,0.22758693253991658,0.018630631891720144,0.018433174184239662
4000,2888,0.20859026303769446,0.01801807899973884,0.20859026303769446,0.018015826599080034,8.881784197001252e-16,0.007020780411778623,0.2073830339478137,0.017909215614470078,0.2073830339478137,0.017906976822585033,8.881784197001252e-16,0.007867460476755714,0.2081678282277455,0.018059277281655215,0.2072982225344715,0.017920241340151518,0.20767586010839056,0.017754176441573503,0.01776806457448944
4000,2889,0.15797007923772766,0.017881362073806393,0.15797007923772766,0.01787912676383156,8.881784197001252e-16,0.010499662503623849,0.15916800756488864,0.0177682830485667,0.15916800756488864,0.01776606187435356,1.7763568394002505e-15,0.009751913681467442,0.16115365119470415,0.017989876866264572,0.15918085664587978,0.017778757783490987,0.16130775183704094,0.01789464396006193,0.017919368479274823
4000,2890,0.1657145751852882,0.018244210744114756,0.1657145751852882,0.018241930075221027,1.7763568394002505e-15,0.009855521792511446,0.16537491028485057,0.018124351989675432,0.16537491028485057,0.01812208630406252,1.7763568394002505e-15,0.010455125940494423,0.165872238016954,0.018190073175014494,0.1653890268966849,0.018141218024280134,0.16558647531484538,0.01853617844220133,0.018487577377705785
4000,2891,0.17345504987720312,0.01893725306669258,0.17345504987720312,0.018934885762093456,3.552713678800501e-15,0.009044050315964723,0.17198593613989804,0.018820041195781744,0.17198593613989804,0.018817688543582317,1.7763568394002505e-15,0.010357082927939089,0.17187552260142142,0.019039810876268597,0.17198544636115903,0.018842182123180003,0.17301445222152795,0.018401672299020445,0.01840711149464722
4000,2892,0.16833455108924356,0.017492554929268555,0.16833455108924356,0.01749036822322473,1.7763568394002505e-15,0.025385647402429188,0.16789452149410872,0.01734637727467589,0.16789452149410872,0.01734420884198104,8.881784197001252e-16,0.026537428126174125,0.16705808667868544,0.01743449504053553,0.16786866980889037,0.017351282505115175,0.16828338210922733,0.017996002953656266,0.018105841936578455
4000,2893,0.18667163932665032,0.0199322955877462,0.18667163932665032,0.019929803895057205,1.7763568394002505e-15,0.014843384582751645,0.18864408709246028,0.019912805518597237,0.18864408709246028,0.01991031626231917,8.881784197001252e-16,0.014630400391499123,0.18792138455224633,0.02016721199904694,0.18870969096266804,0.019938841251195178,0.18787428975071407,0.01877418175882051,0.018776101755684522
4000,2894,0.16124371933630866,0.018401033193624638,0.16124371933630866,0.01839873292069939,8.881784197001252e-16,0.01204066771848661,0.16108340275018956,0.01821237841240225,0.16108340275018956,0.018210101722798702,8.881784197001252e-16,0.012095082294680542,0.1607237898569756,0.018345039661892,0.161097496023749,0.018226653503348112,0.16178930581358103,0.01830886721710846,0.018325490693172256
4000,2895,0.19756582216646068,0.01856433185160454,0.19756582216646068,0.018562011165071116,8.881784197001252e-16,0.00905278452060291,0.19699052807257467,0.01847104500041431,0.19699052807257467,0.01846873597546618,3.552713678800501e-15,0.008715833899960324,0.19825620311267095,0.018593605818887787,0.19699678644782104,0.01849325535777592,0.19711574322033165,0.01869566866437663,0.018718906556457093
4000,2896,0.19252179823841148,0.01908489367403174,0.19252179823841148,0.019082507913203112,1.7763568394002505e-15,0.004503993955266941,0.19061208154311282,0.019002964825581326,0.19061208154311282,0.019000589306498904,1.7763568394002505e-15,0.004771750282080519,0.1906574121660694,0.019185338740060842,0.1906176537954185,0.019022631584992702,0.1904244152611489,0.01884450575237997,0.018810136616181635
4000,2897,0.1912835026210939,0.01862428297020002,0.1912835026210939,0.018621954789308344,1.7763568394002505e-15,0.0127444368016396,0.1920518326194096,0.018476042314738955,0.1920518326194096,0.018473732665087485,1.7763568394002505e-15,0.012010964662923085,0.1912218490410404,0.018559364744399256,0.1920346211506303,0.018492977422538213,0.19278883230952182,0.01791341239171757,0.017905906664451285
4000,2898,0.20994118912914334,0.018252663518849015,0.20994118912914334,0.018250381793292397,8.881784197001252e-16,0.004753077271027943,0.21153019363160397,0.018196955494825817,0.21153019363160397,0.018194680733207475,8.881784197001252e-16,0.004201414345293491,0.21235489131588892,0.018305259285860194,0.21146377423774482,0.01821155534143534,0.2105890251450646,0.018030588677246932,0.018028898208798463
4000,2899,0.1775545622304034,0.018436088767509733,0.1775545622304034,0.018433784112363846,8.881784197001252e-16,0.01755468699942083,0.17767177509108922,0.01831766820754085,0.17767177509108922,0.018315378355890238,1.7763568394002505e-15,0.017519856174776017,0.17892158461847657,0.018523240325164055,0.1776731316771757,0.018330951654613133,0.17731706854777435,0.018064820310662935,0.018067749354700867
4000,2900,0.16932825739412322,0.018053076996269374,0.16932825739412322,0.018050820220587543,8.881784197001252e-16,0.013146716218852538,0.16974319699532803,0.018000758616523033,0.16974319699532803,0.017998508381047457,8.881784197001252e-16,0.01287432963476455,0.17090553110556977,0.018114509979082254,0.16969441189031653,0.018014941491284964,0.16923174808752683,0.017999600536201765,0.018031442671029574
4000,2901,0.20020704905516024,0.01862855359321751,0.20020704905516024,0.01862622487846459,1.7763568394002505e-15,0.007261874854537406,0.20129604251374522,0.0186077524789944,0.20129604251374522,0.01860542636454329,1.7763568394002505e-15,0.007077615397162871,0.2019172186204436,0.018714422170624027,0.20129331191387373,0.018628386197198386,0.20169857883741116,0.018245113256024674,0.018278777311047857
4000,2902,0.18934926429041338,0.01797786992074176,0.18934926429041338,0.017975622546532004,8.881784197001252e-16,0.01141968003194274,0.1900241910180127,0.017890461881465664,0.1900241910180127,0.017888225433943774,8.881784197001252e-16,0.01195855250448286,0.19053021551662197,0.0180234105831241,0.18999728628334023,0.017900826157694148,0.18998000927495418,0.018074999803397572,0.01808606594989707
4000,2903,0.1794034604767854,0.01843887101949407,0.1794034604767854,0.01843656601654494,1.7763568394002505e-15,0.011274061784628416,0.17975577257693448,0.018367387679613968,0.17975577257693448,0.01836509161264086,1.7763568394002505e-15,0.010498164903206944,0.17833198533910272,0.01856402173311285,0.17976283337662502,0.018382442013242573,0.17942875225863664,0.018429335346648604,0.01842273164498545
4000,2904,0.20247544305393478,0.01769316749958179,0.20247544305393478,0.017690955715399186,8.881784197001252e-16,0.013126047550249952,0.20383759713788752,0.01758020432996791,0.20383759713788752,0.01757800666706415,8.881784197001252e-16,0.01240870763391508,0.20411704235131184,0.01770119497811376,0.20379826270594092,0.017587640591935107,0.2045001987081692,0.01766328587449132,0.017651891619587738
4000,2905,0.2048648968205155,0.017896689629548032,0.2048648968205155,0.01789445240350897,8.881784197001252e-16,0.010268723094796772,0.2050559006507427,0.017758291208503144,0.2050559006507427,0.017756071283348083,8.881784197001252e-16,0.010779605877263274,0.20447727853750303,0.01786531639424147,0.20499035051496628,0.017768866757705056,0.20610394655911674,0.017638696101031727,0.017620892221999383
4000,2906,0.2348436765082172,0.018163487061745483,0.2348436765082172,0.018161216483942783,3.552713678800501e-15,0.01389586839803048,0.23459273462847224,0.018092575157929478,0.23459273462847224,0.01809031344466882,1.7763568394002505e-15,0.014026910781539052,0.23320793244467197,0.018140594186074374,0.23468417128093738,0.018097021362871033,0.2317848797664825,0.019493663451095468,0.018737966163978412
4000,2907,0.16453849291658101,0.01839740695911231,0.16453849291658101,0.01839510713949471,1.7763568394002505e-15,0.010128734746738791,0.16421351129734818,0.01827493525196818,0.16421351129734818,0.018272650742270906,1.7763568394002505e-15,0.00900971408155184,0.16501260282493196,0.018418871745442322,0.16424701355255195,0.018291436871650756,0.1632424876710567,0.01874637239370654,0.018721985394589982
4000,2908,0.18053073665287733,0.017855490756016827,0.18053073665287733,0.017853258680158864,1.7763568394002505e-15,0.014114449080779252,0.18247908370751925,0.01769392762563539,0.18247908370751925,0.017691715746431094,8.881784197001252e-16,0.015621391926324935,0.1830927426191754,0.017844170034970564,0.18241757564261907,0.01770481834675372,0.1837418656961496,0.018094546786187694,0.018090218607576022
4000,2909,0.18248532014981356,0.018147625492107557,0.18248532014981356,0.018145356897124994,1.7763568394002505e-15,0.005277006368636387,0.18179497979488773,0.01803761112706182,0.18179497979488773,0.01803535628473448,8.881784197001252e-16,0.005153940915905106,0.18228626924802105,0.018163555491872877,0.18179347836631832,0.018050835687355073,0.18209598068636795,0.018587838036644298,0.01860884351141809
4000,2910,0.18422348395548782,0.01836510848221426,0.18422348395548782,0.018362812700158635,1.7763568394002505e-15,0.012477690915676335,0.18333343447713918,0.0181991884613472,0.18333343447713918,0.018196913420590596,1.7763568394002505e-15,0.012514159356508837,0.18225174889957518,0.018414226885501324,0.18334141836136836,0.01821210678646419,0.1842623419337031,0.018628745989662975,0.018628560464797855
4000,2911,0.19429005418219103,0.018327144652787414,0.19429005418219103,0.018324853616507097,1.7763568394002505e-15,0.006580872325233511,0.19449851387753425,0.018219004972162143,0.19449851387753425,0.01821672745418685,3.552713678800501e-15,0.007148944367100378,0.19414905802701415,0.018330944744469085,0.19450235175963987,0.018228077323604628,0.19560514256492895,0.018123588471828586,0.018148457744728782
4000,2912,0.21219688740487302,0.01880561164983667,0.21219688740487302,0.018803260801443237,3.552713678800501e-15,0.009617145379518879,0.2130141747062902,0.01873170487153702,0.2130141747062902,0.018729363262068338,8.881784197001252e-16,0.009693858785887938,0.21331559697114733,0.0190383392088683,0.21302456978032797,0.01876065688552091,0.21364266912537888,0.018882644069534164,0.019077417993920487
4000,2913,0.17873176436822286,0.018067303732445184,0.17873176436822286,0.018065045178310167,8.881784197001252e-16,0.0027601683475549543,0.17825667466993073,0.017918414294820058,0.17825667466993073,0.017916174353028096,1.7763568394002505e-15,0.002844057187065218,0.17891145893546562,0.018061910775461553,0.17823162080563826,0.01792489022921952,0.17863970846262284,0.01736822027713935,0.017377856758284464
4000,2914,0.16468272273064832,0.020046974038214687,0.16468272273064832,0.020044468009823343,1.7763568394002505e-15,0.004083756454655465,0.16464380583265364,0.019604427087358024,0.16464380583265364,0.01960197638079337,3.552713678800501e-15,0.004638508369795074,0.16548881315926695,0.01977624632089747,0.1648210510031765,0.019606989557935946,0.16841704738771124,0.01810817859995302,0.01816139448009998
4000,2915,0.16527228163554375,0.017925451896641926,0.16527228163554375,0.017923211075094748,8.881784197001252e-16,0.013453224231212453,0.16623874695378282,0.017863192421264086,0.16623874695378282,0.01786095938263779,3.552713678800501e-15,0.01597972288361135,0.1658456960465442,0.017960665829907085,0.16623091010715857,0.01787961271641948,0.1650290123342481,0.017866305681284275,0.017900128683771818
4000,2916,0.19835413740754937,0.018415067370277954,0.19835413740754937,0.01841276534297097,8.881784197001252e-16,0.019645474137237922,0.19741183792501543,0.01829672525814169,0.19741183792501543,0.018294438024523386,1.7763568394002505e-15,0.019688427357778718,0.19764255266324898,0.018407014871566336,0.1973798021264685,0.01830340543012477,0.19738687190500726,0.018150395337063644,0.018126202447927876
4000,2917,0.1858695623558298,0.017978886058951468,0.1858695623558298,0.017976638557716494,1.7763568394002505e-15,0.011139936501662258,0.18536786547062162,0.017840652379709433,0.18536786547062162,0.017838422158764446,1.7763568394002505e-15,0.01248088635739838,0.1849210447918871,0.01791370024046159,0.18528624240619684,0.017850958403960313,0.1875691745693676,0.01731522005841927,0.01731074534056708
4000,2918,0.18505018937988166,0.018812678623469647,0.18505018937988166,0.018810326891649284,1.7763568394002505e-15,0.007490091993307444,0.18516939485914918,0.018730702240357718,0.18516939485914918,0.01872836075622577,1.7763568394002505e-15,0.009358545647051051,0.1855917565767597,0.018883070030992103,0.18520207086086682,0.018749419928928996,0.18414831827131928,0.018653062924622973,0.018647947308388358
4000,2919,0.15512270907551623,0.01825312002059682,0.15512270907551623,0.01825083823797392,1.7763568394002505e-15,0.012157886486042638,0.15652397211208063,0.01814224921724889,0.15652397211208063,0.0181399812943427,1.7763568394002505e-15,0.012333477194082938,0.15681174997389102,0.01822967452743138,0.15651219395923893,0.018157170514506618,0.15663815535900039,0.018926111029533985,0.01895942006613221
4000,2920,0.18343602051749058,0.017923939087784026,0.18343602051749058,0.01792169845534977,1.7763568394002505e-15,0.015919839654917195,0.18439133373226124,0.017800982528785914,0.18439133373226124,0.017798757266882258,8.881784197001252e-16,0.015063855291582494,0.18388187942509227,0.01790009191350235,0.18431912279130236,0.017806893988360092,0.18370941297886645,0.018036810992822623,0.018064282242045062
4000,2921,0.20280506033611617,0.01762320209567849,0.20280506033611617,0.017620999057718054,8.881784197001252e-16,0.008792630129169404,0.20149698150823891,0.01752578174112622,0.20149698150823891,0.01752359088147129,8.881784197001252e-16,0.00786110650454435,0.20081149241396362,0.01763683070898016,0.20143662245877064,0.01753236660105195,0.201866665807383,0.017496039891796867,0.017527411873072198
4000,2922,0.1975584125027569,0.01837455164882625,0.1975584125027569,0.018372254686301017,8.881784197001252e-16,0.009852850232574616,0.19860969245158588,0.01825374476120003,0.19860969245158588,0.01825146290047967,1.7763568394002505e-15,0.013675840907774559,0.19841756857761234,0.01842034716739983,0.1986024603535969,0.01826185954407498,0.1980035738264394,0.018265277348361975,0.018205623970781345
4000,2923,0.16234713628982878,0.017983930931635195,0.16234713628982878,0.017981682799751715,1.7763568394002505e-15,0.005752992148539352,0.16370099612001116,0.017873196540829292,0.16370099612001116,0.017870962251609886,1.7763568394002505e-15,0.006125511513657621,0.16358445420682116,0.017950812531034598,0.16365295465162855,0.01788349946181181,0.162953628022888,0.0178945114106547,0.017914273835653523
4000,2924,0.1706203589858839,0.01767989465920438,0.1706203589858839,0.017677684534230537,8.881784197001252e-16,0.004169171273253973,0.1690985344330273,0.017575778114619335,0.1690985344330273,0.017573581005027077,1.3322676295501878e-15,0.004593611246831618,0.16894749151942123,0.017706117443233922,0.16903536173901307,0.01758419632124289,0.17136513573214668,0.017354999699672115,0.01740822982016762
4000,2925,0.1934171673501447,0.01916148360926609,0.1934171673501447,0.019159088274097125,8.881784197001252e-16,0.018768014811727397,0.19361094785486327,0.019085435133054034,0.19361094785486327,0.0190830493045388,3.552713678800501e-15,0.017882459107075678,0.1943115207695798,0.019257903985847015,0.19361612758730812,0.01911770545136461,0.19375620117609937,0.01862105804794674,0.018624429113233257
4000,2926,0.19374518029444515,0.019608500346116556,0.19374518029444515,0.01960604913036273,1.7763568394002505e-15,0.011573594452121486,0.19258951813678088,0.019413299475019078,0.19258951813678088,0.019410872660899338,8.881784197001252e-16,0.013142366564288707,0.1929697602955195,0.01970304284367697,0.19265944041683553,0.01944963171558172,0.19272627891297794,0.019929489525474447,0.020058886344725725
4000,2927,0.17138902731195266,0.01878408877826678,0.17138902731195266,0.01878174062040045,1.7763568394002505e-15,0.00620076555321468,0.17110862138042066,0.018753622616431077,0.17110862138042066,0.01875127826707303,3.552713678800501e-15,0.007676220723334931,0.17182860883172008,0.019030904018657722,0.17115855326943447,0.01878797766991712,0.17115149134624802,0.01870101680801872,0.01860552442577701
4000,2928,0.18497754424020207,0.01953382977374386,0.18497754424020207,0.019531387892395016,8.881784197001252e-16,0.010976675828804107,0.18436025785984583,0.01946862082519429,0.18436025785984583,0.019466187095473528,1.7763568394002505e-15,0.009778423870158483,0.18365447218539666,0.01960572105004701,0.18441544676083998,0.019502626474451428,0.18377777124378475,0.019212879363457846,0.01916919571904158
4000,2929,0.1870774758532764,0.019296416634056117,0.1870774758532764,0.01929400443120476,1.7763568394002505e-15,0.01214376078007557,0.1862976463214091,0.01904131433315514,0.1862976463214091,0.01903893402008463,8.881784197001252e-16,0.012792871523027433,0.18637658334414908,0.019122961641303355,0.1863355016986432,0.019068950783782596,0.18543896853984843,0.018189152317492092,0.018188742362872466
4000,2930,0.2034732463831005,0.017937622294097323,0.2034732463831005,0.017935379951155368,1.7763568394002505e-15,0.02208032195137108,0.20371237928778796,0.017844578749797658,0.20371237928778796,0.017842348038025733,8.881784197001252e-16,0.02170765463995294,0.20309652419259472,0.017997788334562437,0.20369783858082707,0.017858297431011787,0.20369416370261384,0.018153622765509206,0.018218290845282988
4000,2931,0.1841972514175665,0.018534711997591415,0.1841972514175665,0.018532395013771175,1.7763568394002505e-15,0.006492404117545845,0.1852032809258034,0.018398365861180987,0.1852032809258034,0.018396065921693138,1.7763568394002505e-15,0.0054915041664466485,0.18480057310274467,0.018495736227015305,0.1851796632236435,0.01841385788849681,0.1854071213685048,0.017697955081285303,0.017699407056207463
4000,2932,0.1634479927414173,0.018103084068883377,0.1634479927414173,0.01810082104192674,1.7763568394002505e-15,0.006143911589537034,0.16354884201322284,0.01802498196743299,0.16354884201322284,0.018022728703849286,1.7763568394002505e-15,0.006738447207319035,0.16400332845141946,0.018184522338781244,0.16349502787208958,0.01803492467796708,0.16176628279278316,0.017641538826251055,0.017651886498370777
4000,2933,0.1569708286734669,0.01857040498972042,0.1569708286734669,0.018568083543997277,1.7763568394002505e-15,0.006254657169614843,0.15859707855297278,0.01841289989295331,0.15859707855297278,0.018410598136597924,8.881784197001252e-16,0.006925116441124524,0.1606007055957575,0.01867529749613993,0.15861602465626234,0.018430761923097155,0.1558704931442103,0.01826156109898029,0.018205049826504976
4000,2934,0.1874185380661616,0.018638934358331097,0.1874185380661616,0.018636604345901423,1.7763568394002505e-15,0.014940381274964625,0.18801350118518656,0.01848228580223594,0.18801350118518656,0.01847997537209975,8.881784197001252e-16,0.01474061443198159,0.18931336561416756,0.018655303134089363,0.18807121145908556,0.01849307188189975,0.18918684924228846,0.018551487435427498,0.018578100578887924
4000,2935,0.17262414261241432,0.01831971784301185,0.17262414261241432,0.018317427735140782,1.7763568394002505e-15,0.007505712339080863,0.17055781537981562,0.01813072646324948,0.17055781537981562,0.01812845998077757,1.7763568394002505e-15,0.00817906425241174,0.16840950338796162,0.018230957626536835,0.17067252865626598,0.01812930084096866,0.17353602313364702,0.01775619000592158,0.018095956547744367
4000,2936,0.1991873695625574,0.018203054703809483,0.1991873695625574,0.01820077917974236,1.7763568394002505e-15,0.01164369821154994,0.19905068364905748,0.018122978666156055,0.19905068364905748,0.018120713152219314,1.7763568394002505e-15,0.01089562237119284,0.19964799243025055,0.018304825411569903,0.19905161622270184,0.018136440567910757,0.20007405314742566,0.018494905162624153,0.01852163622222043
4000,2937,0.2097816108770887,0.01830225743826884,0.2097816108770887,0.018299969513084793,8.881784197001252e-16,0.01064648906389363,0.20974129453251256,0.01814436407277004,0.20974129453251256,0.01814209588549038,8.881784197001252e-16,0.008331618622974428,0.20896155842784658,0.018299029860937947,0.20974805851724304,0.018164112993320877,0.20998934400099456,0.0182093997540716,0.01823892205037879
4000,2938,0.1826284566091746,0.017706204013479145,0.1826284566091746,0.017703990599630445,8.881784197001252e-16,0.0070992337099302265,0.18188414050060342,0.01764615271236449,0.18188414050060342,0.017643946805397638,8.881784197001252e-16,0.007099476511231463,0.18236763409901208,0.017746838127916564,0.18182280260419997,0.017651934453983397,0.18218973606444788,0.01742999135374143,0.017482672652339864
4000,2939,0.1940699514311512,0.01887914455932095,0.1940699514311512,0.018876784518739278,3.552713678800501e-15,0.013180793434786803,0.19224054816935698,0.01862444826304292,0.19224054816935698,0.018622120061488348,8.881784197001252e-16,0.011398450714407518,0.1929469638804952,0.018839351158948144,0.19229367711933498,0.018649403797116562,0.19277529212365396,0.018920731449202415,0.01934803986524861
4000,2940,0.1816378515353122,0.017682861805178255,0.1816378515353122,0.017680651309287976,1.7763568394002505e-15,0.011501100935775282,0.18165614764908555,0.017588004469122242,0.18165614764908555,0.01758580583114014,8.881784197001252e-16,0.012016812333066486,0.1811369459894811,0.017726691978478672,0.18162687886280648,0.017601066941488025,0.18284188880978997,0.017637920664639335,0.017674715026861094
4000,2941,0.18735916477869863,0.017470356820451543,0.18735916477869863,0.017468172889344765,8.881784197001252e-16,0.011257253008152914,0.18737930657902374,0.01742663958075859,0.18737930657902374,0.017424461114648352,8.881784197001252e-16,0.01150044562431698,0.1877283802988189,0.01754539978898604,0.18730956481663563,0.017430844966168674,0.18802534146479338,0.01765498729180834,0.017632231659492847
4000,2942,0.17846731256302467,0.017858667825775946,0.17846731256302467,0.017856435352759437,1.7763568394002505e-15,0.007052359729033277,0.17765766641669584,0.017785666938010987,0.17765766641669584,0.01778344359067584,8.881784197001252e-16,0.007158753391658893,0.17712849180021573,0.017905896043851056,0.17761540876487864,0.01779452204539069,0.17848768732566445,0.01757453207142477,0.01753700413154198
4000,2943,0.1881103417549062,0.019111251386456838,0.1881103417549062,0.019108862330708215,3.552713678800501e-15,0.011517201814969368,0.1886373414566488,0.018934795788500634,0.1886373414566488,0.018932428791080487,3.552713678800501e-15,0.013199688847799287,0.18821367518768733,0.0190820430108329,0.18865698152376392,0.01895756045429535,0.1892851257609512,0.018948722308972717,0.019126774916188385
4000,2944,0.20337853298699166,0.018486447746179822,0.20337853298699166,0.018484136795768123,1.7763568394002505e-15,0.006272571259714255,0.20262345559494294,0.018351055562467945,0.20262345559494294,0.018348761537137093,1.7763568394002505e-15,0.006381574106942035,0.20174623398185904,0.01848803997220099,0.20257839348633322,0.01836933030498987,0.20253956976866788,0.018205881152819663,0.01823331660506306
4000,2945,0.2207971856899424,0.018828646739682684,0.2207971856899424,0.018826293011723033,1.7763568394002505e-15,0.0024885767754950663,0.21907391971262286,0.018704966260161205,0.21907391971262286,0.018702627993227864,1.7763568394002505e-15,0.0030260358556400656,0.2172402784939908,0.01882363972973874,0.2190583209829376,0.018726710891696405,0.22006763231495552,0.017496280917571518,0.017525243335134316
4000,2946,0.17659884551057575,0.017565112284431843,0.17659884551057575,0.017562916508151692,8.881784197001252e-16,0.0042137235684960896,0.17555548740378907,0.01746911918637457,0.17555548740378907,0.017466935409981718,8.881784197001252e-16,0.0046907443831893355,0.1773556053300615,0.017553315345028322,0.17550997537317414,0.017476355885925356,0.17543596126769995,0.017851313276774264,0.01787653438722527
4000,2947,0.17428792576135227,0.01803639331910137,0.17428792576135227,0.018034138629009547,1.7763568394002505e-15,0.0119934941397611,0.17483741396470448,0.017991871744407868,0.17483741396470448,0.017989622619860746,8.881784197001252e-16,0.013348756070180778,0.17559942732931538,0.018048594171247153,0.17480745301073292,0.01799859483276973,0.1758740983296025,0.017491545132439806,0.017585042626412823
4000,2948,0.18722395329065122,0.01902905723830526,0.18722395329065122,0.019026678457467378,1.7763568394002505e-15,0.004467527518237458,0.1881358072711387,0.018994530505955367,0.1881358072711387,0.0189921560412288,1.7763568394002505e-15,0.004487588570896188,0.18908479570686143,0.019094303870633843,0.18820425508454153,0.019014521487167677,0.18716850966230264,0.018969931091542845,0.01891516124131546
4000,2949,0.18531967298062735,0.018976407949320755,0.18531967298062735,0.018974035750055372,3.552713678800501e-15,0.010845390531820548,0.18449718901763612,0.018691380033196512,0.18449718901763612,0.018689043464647698,8.881784197001252e-16,0.011932489780201352,0.18581954158873987,0.01886267843772825,0.18452067572559416,0.01872092966753972,0.18451999790293916,0.018814787400623652,0.01888329101566706
4000,2950,0.20799320791126524,0.0179954043161025,0.20799320791126524,0.017993154749956317,8.881784197001252e-16,0.011172141323433846,0.20730492307621745,0.017823567773494003,0.20730492307621745,0.017821339688258286,8.881784197001252e-16,0.014145025905216472,0.2092685741475695,0.017966294814169524,0.2072510624812623,0.01783435921916207,0.20941240420182394,0.017620724859797994,0.01764291479317979
4000,2951,0.1708652836471345,0.01789734375434132,0.1708652836471345,0.017895106446531552,1.7763568394002505e-15,0.013052106323382584,0.1715594269902056,0.017772815110651895,0.1715594269902056,0.017770593369895588,8.881784197001252e-16,0.012657814932076447,0.17155386138292034,0.017886427824098432,0.17155122704412878,0.017782590069390758,0.17275415709061204,0.018117926225185745,0.01819921529906011
4000,2952,0.18195535632259924,0.017776958526632854,0.18195535632259924,0.017774736267917174,1.7763568394002505e-15,0.0033324715418585225,0.18231388464502934,0.017710249759818504,0.18231388464502934,0.017708035840219905,1.7763568394002505e-15,0.0032541540215113704,0.18174350022981728,0.017778927061481348,0.18226363505035914,0.01771810444860074,0.18185714092630484,0.018074969016274305,0.01810291911513681
4000,2953,0.18430770097004284,0.019289149901188796,0.18430770097004284,0.019286738606735822,8.881784197001252e-16,0.005127100796222287,0.18243061286831885,0.01908493029584356,0.18243061286831885,0.019082544530436927,1.7763568394002505e-15,0.005615367285126369,0.18075554382612213,0.019178631433647595,0.18243572616124687,0.019111707918955233,0.1815759612392463,0.01862942239317106,0.018653990825460702
4000,2954,0.18801150593109117,0.01861260828662293,0.18801150593109117,0.01861028156515792,1.7763568394002505e-15,0.009906173965362253,0.18919359156529658,0.018560752343006262,0.18919359156529658,0.01855843210393938,1.7763568394002505e-15,0.008319498934967856,0.19031870215782853,0.018716568605348285,0.18914890145439756,0.018568318621609025,0.18730995223492403,0.01807331880194919,0.0180743961670514
4000,2955,0.17785108731134153,0.018202440634025714,0.17785108731134153,0.018200165186722118,8.881784197001252e-16,0.009687895723154056,0.17726838122712746,0.018074938406355486,0.17726838122712746,0.018072678897826582,1.7763568394002505e-15,0.00953336749190941,0.1785495765086677,0.018159227789759747,0.17723419581963784,0.018085846312476665,0.17723873303592752,0.018102260003203807,0.018109941150822515
4000,2956,0.17258044801752065,0.017999556837422624,0.17258044801752065,0.017997306752178827,1.3322676295501878e-15,0.009016888394259048,0.1721749520763347,0.017801324426221087,0.1721749520763347,0.017799099121577573,1.7763568394002505e-15,0.009151292853559314,0.17087888103518806,0.01790813989232389,0.17214621426163274,0.017815128461167503,0.17242818220754008,0.018179632658202726,0.018153764376829494
4000,2957,0.15118325164908603,0.01775674769250189,0.15118325164908603,0.017754527960298392,8.881784197001252e-16,0.00933333119960873,0.1509016800601567,0.017692537546303712,0.1509016800601567,0.017690325840870196,8.881784197001252e-16,0.008757902427457021,0.1504716394249065,0.01779081239465821,0.15087245254454945,0.017698301702003597,0.15203398673913215,0.017639783201903486,0.017717870565925796
4000,2958,0.20815282397847973,0.019377013625538377,0.20815282397847973,0.019374591347433343,1.7763568394002505e-15,0.008575029092759838,0.20757984610131797,0.01912369060963073,0.20757984610131797,0.019121299998882017,1.7763568394002505e-15,0.009093711699719054,0.2085416889479843,0.019161072665325452,0.20762640690745365,0.019162483138595147,0.20698483149654578,0.018343681225303814,0.01840802224406431
4000,2959,0.1880896655480221,0.018090536913481794,0.1880896655480221,0.018088275455017618,8.881784197001252e-16,0.0171054617194592,0.18860044031704715,0.01801480443642634,0.18860044031704715,0.01801255244511353,1.7763568394002505e-15,0.01733706017390709,0.18827202103701363,0.018093296460880856,0.18856922287614036,0.018028917416872972,0.18842708427902327,0.018263960782016628,0.018266065936832908
4000,2960,0.1699244504858063,0.017984033835476705,0.1699244504858063,0.01798178569072944,1.7763568394002505e-15,0.01681891226832971,0.16904258570706104,0.01790038705893029,0.16904258570706104,0.017898149370683666,1.7763568394002505e-15,0.01747881012963419,0.16962955221220588,0.01805798341245003,0.16903449846962543,0.017909051994237608,0.1689700309478298,0.01829719465118035,0.0183074851710173
4000,2961,0.18196040101692484,0.018412293786370736,0.18196040101692484,0.01840999210578341,8.881784197001252e-16,0.013186466560932935,0.1824113393554318,0.01826612975851288,0.1824113393554318,0.018263846349571084,1.7763568394002505e-15,0.013937322127631413,0.18245331714870283,0.018368578037198657,0.1824230744317515,0.018275887779898827,0.1818423854523537,0.018339854756775492,0.018349864114217865
4000,2962,0.20096067426784264,0.017975404375421656,0.20096067426784264,0.017973157309424323,3.552713678800501e-15,0.01628976317977645,0.20123205215159412,0.017880912882907565,0.20123205215159412,0.017878677629085106,8.881784197001252e-16,0.016775527773052846,0.20121774025476047,0.01798735477188529,0.2012506532248476,0.017892167326639327,0.20121719146758,0.017978679186712934,0.018017752715896382
4000,2963,0.22245662210322903,0.019356237109112634,0.22245662210322903,0.01935381742823449,8.881784197001252e-16,0.00975623892880309,0.2247245924902408,0.019393997088365703,0.2247245924902408,0.019391572687195113,8.881784197001252e-16,0.009995664309360873,0.2261674704542272,0.019866940508239554,0.224740957124287,0.01943499917562768,0.22486995775512386,0.01896595122524941,0.020005715766349505
4000,2964,0.1922395917273001,0.01844946881241502,0.1922395917273001,0.01844716248465898,1.7763568394002505e-15,0.00957485620691914,0.19392815210604725,0.018297953181604456,0.19392815210604725,0.018295665794486125,8.881784197001252e-16,0.010505485718059504,0.19372747737033247,0.01842967119121435,0.19389888876912903,0.0183078245587353,0.1948354613272391,0.017913274754131025,0.017906188181384883
4000,2965,0.1968357491841407,0.018202304449288602,0.1968357491841407,0.018200029019009162,1.7763568394002505e-15,0.008356872832753968,0.19661408709747807,0.018035941380582458,0.19661408709747807,0.01803368674698648,1.7763568394002505e-15,0.007633596218874574,0.1968603312579425,0.01814261198881128,0.19660009151275598,0.01804667462386987,0.19774561020744053,0.017947784005518396,0.01801198196360209
4000,2966,0.1940175262683554,0.018145111359502288,0.1940175262683554,0.018142843078805943,1.7763568394002505e-15,0.008132770817164904,0.19475190135272868,0.01812379119757342,0.19475190135272868,0.018121525582063903,8.881784197001252e-16,0.007162245700980147,0.19423418584229596,0.018210780781277098,0.19474211171420014,0.018137969289193517,0.19376685946657352,0.018251553269505952,0.018245941182069528
4000,2967,0.17928590238878023,0.01852194190223209,0.17928590238878023,0.01851962651477355,8.881784197001252e-16,0.004651190177738383,0.18005726415068507,0.018456129460772967,0.18005726415068507,0.018453822300383834,1.7763568394002505e-15,0.003490683512060599,0.1782800514409334,0.018588862051155,0.18006968665889078,0.01846039101459212,0.18057066619539558,0.018214732450935578,0.018230666720412913
4000,2968,0.15811367833161938,0.017882916264044847,0.15811367833161938,0.01788068075978409,8.881784197001252e-16,0.013140065142149906,0.15750741180981426,0.017809943452817244,0.15750741180981426,0.017807717070728063,1.7763568394002505e-15,0.014573723567204077,0.15703550592495408,0.01796559050003466,0.1574925844762985,0.017819026037385798,0.15752820368790343,0.018349484067222466,0.01837184669336055
4000,2969,0.17222968145094236,0.018070802049570796,0.17222968145094236,0.018068543058118815,1.7763568394002505e-15,0.011732979543951319,0.17223180909846103,0.017941107743175033,0.17223180909846103,0.01793886496452471,8.881784197001252e-16,0.010686583020107002,0.1724542402970488,0.0180345929105438,0.17219771203917278,0.017949690583929853,0.1714077080869299,0.018292457836869915,0.0183094027485898
4000,2970,0.1914873098298982,0.017539257071286514,0.1914873098298982,0.017537064527110027,8.881784197001252e-16,0.004020041418889672,0.19136267289619346,0.01736577097239864,0.19136267289619346,0.017363600115340046,8.881784197001252e-16,0.0038192421511969417,0.1917579858648535,0.017447319128172073,0.19135779993040214,0.017365365051580494,0.19063013930872336,0.017812215553244547,0.017769721861960887
4000,2971,0.1762032951973846,0.018376962579866648,0.1762032951973846,0.018374665315956194,1.7763568394002505e-15,0.002456870041039146,0.17514706448847983,0.018144485416215782,0.17514706448847983,0.018142217213767242,1.7763568394002505e-15,0.0022568916633793315,0.1758846263569196,0.01836705690856805,0.17513372644320818,0.018164357805614872,0.1736622922146973,0.017828111472380333,0.017793613940490092
4000,2972,0.17871858752829045,0.018268593295141307,0.17871858752829045,0.01826630957823819,1.7763568394002505e-15,0.008700242753198455,0.17905577500997727,0.01815974255888429,0.17905577500997727,0.018157472449173703,8.881784197001252e-16,0.008106228970225523,0.17823677548069605,0.018332177262726304,0.17897015054562287,0.018173425972652573,0.17863847894191243,0.0174838695794355,0.017491898603984084
4000,2973,0.15997307795364224,0.017815036163266757,0.15997307795364224,0.01781280914454898,8.881784197001252e-16,0.0026402337412694404,0.1602471787592285,0.01769960806427555,0.1602471787592285,0.01769739547497204,1.7763568394002505e-15,0.003450230107402915,0.16091843779394338,0.017844198376049798,0.16016180457384793,0.017711612365432297,0.1604742875020374,0.017367051662215915,0.017376886536027637
4000,2974,0.1888987777665181,0.017928134351944177,0.1888987777665181,0.017925893195069122,8.881784197001252e-16,0.010635565119338445,0.19058811602890824,0.017772843848578614,0.19058811602890824,0.01777062210422984,1.7763568394002505e-15,0.009267266298188921,0.18939460524006801,0.017851269709527363,0.19054886894470535,0.017782659189474904,0.1910920072949619,0.017908369295347823,0.017897621680150244
4000,2975,0.17073041657763594,0.01776545012442199,0.17073041657763594,0.017763229304346508,8.881784197001252e-16,0.014848767874713134,0.17155337184770508,0.01767827597750457,0.17155337184770508,0.017676066054878585,8.881784197001252e-16,0.016530661203298727,0.17160275569573769,0.017782271616306494,0.17148025116226173,0.017685395264246236,0.17098850897743478,0.017575721035050527,0.017622796783359717
4000,2976,0.19583833297685138,0.018026036402817205,0.19583833297685138,0.01802378300742084,1.7763568394002505e-15,0.012870213318547279,0.19585402611207664,0.018031945011993025,0.19585402611207664,0.018029690877974347,3.552713678800501e-15,0.013660257895141725,0.19560864524856375,0.018206135875191855,0.19585529824055475,0.018048494005857566,0.19672268718792368,0.019064365440826927,0.019093564669319857
4000,2977,0.17987595219393238,0.01821942963728919,0.17987595219393238,0.01821715206622744,1.7763568394002505e-15,0.011194891230229485,0.17881418322149456,0.018096486836939672,0.17881418322149456,0.01809422463468858,1.7763568394002505e-15,0.013502975162436844,0.1807395638112525,0.018265547507227694,0.1788017067801282,0.01811019547806295,0.17861284439949843,0.018145662597121342,0.01819547319656004
4000,2978,0.16127894516035707,0.018683241313346508,0.16127894516035707,0.018680905762201265,1.7763568394002505e-15,0.00349126494576224,0.16171960910619276,0.0185800984930271,0.16171960910619276,0.01857777583554031,1.7763568394002505e-15,0.0032104212256374113,0.16222187090086143,0.018847947684977044,0.16172773519660844,0.018593079987580995,0.1602253111939953,0.018022372621361454,0.01810400026235869
4000,2979,0.1981626837532282,0.018953768957536938,0.1981626837532282,0.018951399588322416,8.881784197001252e-16,0.015623282790016338,0.19902289465298917,0.01878311465615675,0.19902289465298917,0.018780766620063304,1.7763568394002505e-15,0.014327131335105103,0.20022625764030078,0.019157597456750535,0.1990884841751822,0.01882165070062394,0.19856986043326097,0.01933958364868431,0.019362274682739912
4000,2980,0.20984539905975153,0.018795124106486528,0.20984539905975153,0.018792774569117952,1.7763568394002505e-15,0.0028149440900619204,0.20927866727890881,0.018746721863626234,0.20927866727890881,0.018744378376916206,8.881784197001252e-16,0.0021891187376935585,0.2097787109233139,0.01897913518297494,0.2092636143732915,0.018771507141169538,0.20838708475696643,0.018603906460608097,0.018639155577898543
4000,2981,0.17950650581047967,0.018493916110360133,0.17950650581047967,0.018491604226344556,8.881784197001252e-16,0.003151452916111431,0.18052217474889182,0.018379797780605934,0.18052217474889182,0.018377500162273238,1.7763568394002505e-15,0.00371486959196604,0.18043147663418047,0.01849300746476507,0.1805334979654694,0.018393974288086173,0.1807927909262972,0.01845579261294975,0.01845972013164382
4000,2982,0.18266604219391008,0.017802979059307826,0.18266604219391008,0.01780075354782225,8.881784197001252e-16,0.011788573695689489,0.18348752182059413,0.01765845878909464,0.18348752182059413,0.017656251343772047,1.7763568394002505e-15,0.011090358075567542,0.18323762509973124,0.017740799275786843,0.18345757982186756,0.01767111403474455,0.1863541520518523,0.017622942853035124,0.01762648729919114
4000,2983,0.17369075778198984,0.018268903205752605,0.17369075778198984,0.01826661945010824,8.881784197001252e-16,0.02095914396271103,0.17360869742992752,0.01815676400241866,0.17360869742992752,0.01815449426505091,8.881784197001252e-16,0.020048769857376254,0.17393784352600583,0.01833327964710345,0.17361588495239239,0.01816951042573493,0.1753746310911246,0.018542893977903586,0.01852026008517504
4000,2984,0.2014207624459996,0.018378456525443874,0.2014207624459996,0.01837615907477855,8.881784197001252e-16,0.011991685835380822,0.2020594730800751,0.018208340165792543,0.2020594730800751,0.01820606398100138,8.881784197001252e-16,0.012205521160305504,0.20077448157473737,0.018375213295769105,0.2020395675128296,0.018216005923058613,0.2028666337685513,0.018303102260814,0.01827094295535595
4000,2985,0.15865238217298439,0.018198982602141433,0.15865238217298439,0.01819670758711884,1.7763568394002505e-15,0.012684733185627297,0.1590369151413974,0.018198966914504955,0.1590369151413974,0.018196691901443438,3.552713678800501e-15,0.01142063634023984,0.1571418618158446,0.018360063565619783,0.15905739570976268,0.018215707777265548,0.16030610053793337,0.019388359163940147,0.019287618416766156
4000,2986,0.1646442885116945,0.018247983653347507,0.1646442885116945,0.018245702512810644,1.7763568394002505e-15,0.007816695272903353,0.16563958511096188,0.018166784563126752,0.16563958511096188,0.01816451357311061,3.552713678800501e-15,0.007936823047947749,0.16464396421580207,0.01830621127895806,0.16562838665486496,0.018175538409893208,0.16590439021947673,0.017991375412666096,0.01803816347473606
4000,2987,0.18474820009212717,0.018188317113905304,0.18474820009212717,0.018186043432152074,1.7763568394002505e-15,0.011528421150898605,0.18578367086814357,0.018092307668793616,0.18578367086814357,0.018090045988971196,1.7763568394002505e-15,0.011553466044597987,0.18607600012334607,0.018184162298889615,0.18578336119791256,0.018101363265905276,0.18643979167191044,0.017606003131203644,0.01759703828647721
4000,2988,0.19504574421897486,0.018263878631802753,0.19504574421897486,0.018261595504269385,8.881784197001252e-16,0.007135055933975368,0.19534107787171057,0.01813271894520129,0.19534107787171057,0.018130452213653562,1.7763568394002505e-15,0.0069439167251109084,0.19565558769569502,0.018331288066074976,0.19531967866126093,0.0181510031767523,0.19586450516371123,0.017718553264502054,0.017728276915587045
4000,2989,0.17036064634864606,0.01844401249210331,0.17036064634864606,0.018441706846429932,1.7763568394002505e-15,0.00852130514491895,0.17075528105644172,0.018434682294115243,0.17075528105644172,0.018432377814789517,8.881784197001252e-16,0.008539108531138224,0.1713631758942803,0.01862325342394445,0.17074842670780305,0.018457253747179422,0.17133866080818988,0.01817779316362249,0.01817751521195327
4000,2990,0.17826119903179033,0.018032488950886723,0.17826119903179033,0.01803023474887143,8.881784197001252e-16,0.011151945675469867,0.17808199837042915,0.017892315965172458,0.17808199837042915,0.017890079285875615,1.7763568394002505e-15,0.01192072663689317,0.17948622509800888,0.01806024312071923,0.17807305098408255,0.01790475176123304,0.17764417338208127,0.01814384494217017,0.018145112223485835
4000,2991,0.2235076804999071,0.01879962046481715,0.2235076804999071,0.018797270365368653,3.552713678800501e-15,0.017152652206370293,0.22327085485831133,0.018672100695537833,0.22327085485831133,0.018669766537056865,8.881784197001252e-16,0.016912969843285074,0.22345890622768327,0.018769353185809405,0.22331096380706078,0.018698553699849692,0.22303846978457514,0.018717762838919988,0.01892776603152819
4000,2992,0.21376489479278193,0.018141271228008897,0.21376489479278193,0.018139003427358993,1.7763568394002505e-15,0.014970272584039745,0.21283688011540236,0.018037874707578748,0.21283688011540236,0.018035619832301786,1.7763568394002505e-15,0.014851740016813247,0.21280166572871728,0.01807802884279466,0.2127904624157081,0.018043689863712915,0.21341743923543932,0.0181508904347732,0.01815149426379001
4000,2993,0.15635816183745815,0.018811933294721875,0.15635816183745815,0.018809581656073434,1.7763568394002505e-15,0.013339422620710228,0.1571200167947603,0.018668876149367734,0.1571200167947603,0.018666542393980235,1.7763568394002505e-15,0.013547842889120587,0.15728354673407885,0.01887352031828224,0.15714783002883315,0.01869080645706946,0.15679121750939806,0.01899560945788345,0.01890642960187408
4000,2994,0.1578480496774201,0.018199437213491865,0.1578480496774201,0.0181971621416393,8.881784197001252e-16,0.014074163845739847,0.15793943952829143,0.018089057574995328,0.15793943952829143,0.018086796301460022,1.7763568394002505e-15,0.014952680502785896,0.15815742378554232,0.01812860303885367,0.15791756248053207,0.01810294153237274,0.15722882110256398,0.018126576595236307,0.01812575738641007
4000,2995,0.19117417145300586,0.017687616723279932,0.19117417145300586,0.01768540563298774,8.881784197001252e-16,0.007819085384894961,0.19206294460561085,0.017601909828986,0.19206294460561085,0.017599709452725265,1.7763568394002505e-15,0.007826653250450356,0.1925346703244103,0.01770288891072484,0.19201927072937908,0.01761460940866545,0.19273167054412288,0.017517228831228658,0.017511880808438424
4000,2996,0.1493375579839532,0.019546289683810798,0.1493375579839532,0.019543846244875842,3.552713678800501e-15,0.0044081484869303595,0.1475607579910822,0.019246419926904422,0.1475607579910822,0.019244013974032106,1.7763568394002505e-15,0.005711616435233537,0.14771109058352833,0.019459022649908942,0.14758162342897252,0.01927307116056501,0.14553337407999395,0.018959708187599494,0.018870057316502934
4000,2997,0.20910279160899586,0.018610321636026685,0.20910279160899586,0.018607995200410867,1.7763568394002505e-15,0.009799144577610176,0.209000024467821,0.018577454629586678,0.209000024467821,0.01857513230260347,1.7763568394002505e-15,0.008762144575636175,0.2092211555935754,0.018637917463267508,0.2090143110141926,0.018598952192625133,0.2094757673738113,0.018564803113526828,0.01884965637273263
4000,2998,0.20217246839343417,0.01846927507354445,0.20217246839343417,0.018466966269851004,8.881784197001252e-16,0.004491779007164317,0.2015107529206841,0.01831377233664905,0.2015107529206841,0.018311482972012738,8.881784197001252e-16,0.005174449172608848,0.200014443962575,0.018440389682622415,0.20153072014980833,0.018326738612490144,0.20255656720963183,0.01774584477677002,0.017677808036147977
4000,2999,0.18899473340530004,0.018417025961966562,0.18899473340530004,0.018414723689820313,1.3322676295501878e-15,0.0037205790389153543,0.18948837173685068,0.018363877104196947,0.18948837173685068,0.018361581476073197,8.881784197001252e-16,0.0047512181754597906,0.1896137296923026,0.018436849193622314,0.18947623596339191,0.018376451746856676,0.1905132651665432,0.018188364651231626,0.018170541231100373
4000,3000,0.2055841678626245,0.018438533034667675,0.2055841678626245,0.018436228073969295,3.552713678800501e-15,0.0024033008725405035,0.20566115256069806,0.0182967710282089,0.20566115256069806,0.01829448378886898,3.552713678800501e-15,0.002504011884090616,0.20368842287559658,0.018466165767288382,0.2056412389553714,0.018312425901556566,0.20691605902223265,0.018481268599938785,0.018509277844343256
4000,3001,0.1956588176384993,0.01807923397371619,0.1956588176384993,0.018076973928207805,8.881784197001252e-16,0.005155867474735953,0.1971192646906731,0.017974020675723193,0.1971192646906731,0.017971773782699135,8.881784197001252e-16,0.004918583671496685,0.19542075060006453,0.018105332404515277,0.19706812391080786,0.01798213458837414,0.1981731703209898,0.01794334955216835,0.017979193362869406
4000,3002,0.16893343568738978,0.018042175487894174,0.16893343568738978,0.018039920074986067,8.881784197001252e-16,0.008836286400611505,0.1695032118257584,0.018001959744202066,0.1695032118257584,0.01799970935857615,8.881784197001252e-16,0.007908207747375004,0.1701274234633272,0.01811629746908196,0.1694532195817111,0.01801684532384454,0.16881601309514516,0.017999416926942936,0.017999333712352177
4000,3003,0.1872140630468455,0.018589510633949657,0.1872140630468455,0.018587186799871706,1.7763568394002505e-15,0.0074446614224754955,0.1878146629677202,0.018536523466024392,0.1878146629677202,0.018534206255756445,1.7763568394002505e-15,0.008403130971997642,0.18644019191784167,0.018730768719580383,0.18780009903281464,0.018559628937997837,0.18708937926299446,0.01834938633343215,0.01832259123214595
4000,3004,0.14519343520612743,0.018090010759823777,0.14519343520612743,0.01808774936713292,8.881784197001252e-16,0.02277736439001974,0.1455137516238833,0.0180075357239486,0.1455137516238833,0.018005284641281646,1.7763568394002505e-15,0.020901269414846633,0.14386219842685194,0.018031369375452775,0.14552164960158265,0.018017460084787308,0.14720155022383602,0.01846428477167606,0.01855261187857563
4000,3005,0.20778426697237778,0.017899233846771837,0.20778426697237778,0.017896996302685743,8.881784197001252e-16,0.013047810541065298,0.20741898213854565,0.01782985613821209,0.20741898213854565,0.01782762726688165,8.881784197001252e-16,0.013382902684382988,0.2062126572256514,0.01791316493066704,0.20743111159818245,0.01783636436786061,0.20657433205891573,0.017966994950729228,0.01788900531745381
4000,3006,0.16414043385967753,0.018109244549750006,0.16414043385967753,0.018106980752685128,8.881784197001252e-16,0.007741972166988739,0.16464293583842993,0.018045943425592008,0.16464293583842993,0.018043687541662252,8.881784197001252e-16,0.0071783032726895485,0.164431988491275,0.018111757443561492,0.1645389902878045,0.01805537437139237,0.1634653362712178,0.017264002536244497,0.017296545360483705
4000,3007,0.20409278145448917,0.018694799165122376,0.20409278145448917,0.01869246216915536,1.7763568394002505e-15,0.007574915302192795,0.20478260735916703,0.01852746118042331,0.20478260735916703,0.01852514510301187,8.881784197001252e-16,0.00801459086168216,0.20468055983668976,0.018619329597495692,0.2047558715827204,0.018543482740742145,0.20373080333860544,0.018153668076785454,0.018174484433681113
4000,3008,0.17383059453419342,0.01889511549539431,0.17383059453419342,0.01889275345832084,1.7763568394002505e-15,0.002365000821512421,0.1749325037901766,0.018848855991576687,0.1749325037901766,0.018846499737302642,1.7763568394002505e-15,0.0025785531370204895,0.1742544692316617,0.018974190995226556,0.17495470731699825,0.018871129313966794,0.17570041833846317,0.018778547315251224,0.018812891627966767
4000,3009,0.17026533465535587,0.018163698211280686,0.17026533465535587,0.018161427607082645,8.881784197001252e-16,0.008897855507818403,0.16962499687259042,0.018067520267879774,0.16962499687259042,0.018065261686676142,8.881784197001252e-16,0.010047292815686306,0.1695683127287208,0.0182004235979812,0.16960679133405887,0.018081366601934545,0.170132944870869,0.01816332276186919,0.018205155358347488
4000,3010,0.18316987764155623,0.017717290019406397,0.18316987764155623,0.01771507521972034,8.881784197001252e-16,0.004034949357322505,0.18298872199441873,0.017618339910978352,0.18298872199441873,0.017616137480828988,1.7763568394002505e-15,0.0043483922030019715,0.18347699371382048,0.017689930776214488,0.1829263087204362,0.017629058629883745,0.18283477103761203,0.01806070780457642,0.018062971611104976
4000,3011,0.21187999857563988,0.018809315696938608,0.21187999857563988,0.01880696438551034,8.881784197001252e-16,0.01459459282549616,0.21275858091226607,0.018718656597025606,0.21275858091226607,0.01871631661869319,3.552713678800501e-15,0.014158775225516694,0.21184900075272195,0.01890673092924222,0.2127567880536994,0.01874474701808779,0.2133622148350136,0.018562720456556766,0.018598161716577594
4000,3012,0.19026102220485963,0.017702027734384583,0.19026102220485963,0.0176998148426034,8.881784197001252e-16,0.0063463781772871136,0.1909852959728906,0.01763624120089427,0.1909852959728906,0.0176340365329438,8.881784197001252e-16,0.006830431905502059,0.19088641521969424,0.017711018672228858,0.19092620220822226,0.01763959894997716,0.19163914548841482,0.017719401465919687,0.017589801508028902
4000,3013,0.19979895919563279,0.02008212156706901,0.19979895919563279,0.02007961114496194,3.552713678800501e-15,0.004643475011805475,0.19928433364425058,0.019996760462860808,0.19928433364425058,0.01999426071155873,1.7763568394002505e-15,0.004231896619071078,0.19948200681402334,0.02000667205963015,0.19942822443315317,0.020031486670231174,0.19650745596979324,0.020584510044029822,0.020198931450964026
4000,3014,0.18040063139591922,0.019381193915788644,0.18040063139591922,0.01937877111511466,3.552713678800501e-15,0.015090326624891525,0.18027425286984905,0.01893676171249278,0.18027425286984905,0.01893439446931677,1.7763568394002505e-15,0.01366965448269402,0.18023930054233367,0.018958429372164257,0.1802945739982434,0.018969483521222477,0.18321812727450598,0.019415514950058308,0.019526949491752224
4000,3015,0.21537992051494015,0.018115266794127307,0.21537992051494015,0.018113002244234826,1.7763568394002505e-15,0.009676217763518463,0.21472776832838653,0.01797688094213142,0.21472776832838653,0.01797463369155171,8.881784197001252e-16,0.010180700241730534,0.21591001106680568,0.018101947485701108,0.2147063871606762,0.01798972018242759,0.21692911322353758,0.017691838940485215,0.017585483201990652
4000,3016,0.17424358357874836,0.017695793997822524,0.17424358357874836,0.017693581885307123,1.3322676295501878e-15,0.009775241201768797,0.1757240393186395,0.017589075497667757,0.1757240393186395,0.017586876725798718,8.881784197001252e-16,0.009275429401876324,0.17644568589418647,0.017742821662746367,0.1756621690673717,0.017602724808424897,0.17478789255351335,0.017560600499678728,0.017572367583956916
4000,3017,0.18459281295631758,0.017924280493354025,0.18459281295631758,0.01792203981824141,1.7763568394002505e-15,0.013620073275276298,0.18518691511555657,0.0178808863286274,0.18518691511555657,0.01787865107812443,1.7763568394002505e-15,0.011831773926081554,0.18402256096766667,0.01798767954204516,0.1852037388628917,0.017899925200459344,0.18386886437296712,0.018457689963874258,0.018465679096736045
4000,3018,0.19468053440418365,0.01834041050405583,0.19468053440418365,0.018338117809440453,1.7763568394002505e-15,0.01164578974631299,0.19341210121268776,0.018229837246615636,0.19341210121268776,0.0182275583745214,1.7763568394002505e-15,0.013195242601519113,0.19444551853108677,0.018347821026488513,0.1933965010014005,0.01824367325629283,0.19331450833837416,0.018040072020268475,0.018043459749485197
4000,3019,0.19565522573258198,0.01850033947097101,0.19565522573258198,0.01849802678398517,1.7763568394002505e-15,0.0033533700735696647,0.1963985550188963,0.018440162287941472,0.1963985550188963,0.018437857123573702,8.881784197001252e-16,0.003056545602672593,0.19473459615777705,0.018632791551382408,0.19637501134969249,0.01845647612898865,0.19509020018604462,0.017658196638575145,0.017670123358259578
4000,3020,0.18681038727116472,0.0180374664324601,0.18681038727116472,0.01803521160822072,8.881784197001252e-16,0.01315420756598484,0.1872356292917171,0.0179845987729275,0.1872356292917171,0.017982350557558643,8.881784197001252e-16,0.013527020561567961,0.18736875427229505,0.018093629124687996,0.18721208530859862,0.017992020206085174,0.18718471766501815,0.017852066888714182,0.017859113712024633
4000,3021,0.2027674282034539,0.01869502408273162,0.2027674282034539,0.018692687058648145,1.7763568394002505e-15,0.009742517663013652,0.20299570361173414,0.01853367131946494,0.20299570361173414,0.018531354465737594,1.7763568394002505e-15,0.01057702211036441,0.20298441462845257,0.018714397689920437,0.2029790607668036,0.018553499397120376,0.2009231839024912,0.018300258944953816,0.018262596400496444
4000,3022,0.2261943027029123,0.017572288220355482,0.2261943027029123,0.017570091547027274,8.881784197001252e-16,0.0059542562124595445,0.2248819646705631,0.01751042427425698,0.2248819646705631,0.017508235334405407,8.881784197001252e-16,0.006045399892883484,0.2263031812952077,0.017616972091508816,0.22479812468948135,0.01751641246100489,0.22663353709284034,0.017697777930989696,0.01763404536831849
4000,3023,0.16575181964462632,0.017846929942124595,0.16575181964462632,0.01784469893643526,8.881784197001252e-16,0.014660883354880931,0.16505367006064608,0.017773337549470643,0.16505367006064608,0.017771115743405404,1.7763568394002505e-15,0.016058148296422835,0.16511976011119456,0.0178946356954057,0.16502722672552805,0.01778253540917493,0.16587060187956337,0.01761654610932442,0.017653970230908367
4000,3024,0.213401732557444,0.018935182049267096,0.213401732557444,0.018932815003561334,8.881784197001252e-16,0.008251759391664188,0.21256560381181505,0.018778900822999982,0.21256560381181505,0.018776553313668603,1.7763568394002505e-15,0.010038376837411269,0.21006108940632023,0.018931912156450004,0.2125983835323918,0.018802835074819998,0.21253272862893385,0.018664505313002778,0.018761312930277902
4000,3025,0.19609674006107447,0.017372102357820073,0.19609674006107447,0.017369930709288824,8.881784197001252e-16,0.018783634231813055,0.19623465589464595,0.01730507050501116,0.19623465589464595,0.01730290723598527,8.881784197001252e-16,0.017594488568519834,0.19736641383287695,0.017395305072545934,0.1962007689950765,0.017314288991736,0.19603297403269282,0.01769356350314008,0.01755815545707835
4000,3026,0.1845800847691339,0.018099536121858217,0.1845800847691339,0.018097273538422682,1.7763568394002505e-15,0.0036922065086922033,0.18539363436240897,0.017899094606710218,0.18539363436240897,0.017896857080030217,8.881784197001252e-16,0.004369041011535918,0.18541396331086624,0.017959153317757787,0.18537865539304466,0.017907366287454967,0.18510514147741364,0.018136058238300473,0.018173976921467147
4000,3027,0.20165975373445189,0.01787687724798953,0.20165975373445189,0.017874642498652966,1.7763568394002505e-15,0.020407198077607634,0.2009472690385934,0.0177752240336225,0.2009472690385934,0.017773001991731995,8.881784197001252e-16,0.02172736656010337,0.20098363815835485,0.017869469668899202,0.20092352059967572,0.017783959374270967,0.20032401102353742,0.018341696743626474,0.018139890320123912
4000,3028,0.16426701548813377,0.01771388437434036,0.16426701548813377,0.017711670000386547,1.7763568394002505e-15,0.009790083918345117,0.16437486901920828,0.01760877640068707,0.16437486901920828,0.01760657516605122,1.7763568394002505e-15,0.008773852801508001,0.16429224666367487,0.017698589720645877,0.1643291334598555,0.017616170368640948,0.16556398128063055,0.018112314765965736,0.01815414690858687
4000,3029,0.1822517316516774,0.018364262508720895,0.1822517316516774,0.01836196683241857,1.7763568394002505e-15,0.006361035902570329,0.18465226384243244,0.018272396194652544,0.18465226384243244,0.018270112002357272,1.7763568394002505e-15,0.006795913565893976,0.18391389964183302,0.01840063784601514,0.18464877399848545,0.018280927806356203,0.18578904465515106,0.017700182689691712,0.017676237617166468
4000,3030,0.20117546642754602,0.017793296809049085,0.20117546642754602,0.01779107250792044,1.7763568394002505e-15,0.009670337654971753,0.20100192973572623,0.017719888463343138,0.20100192973572623,0.017717673338831282,1.7763568394002505e-15,0.009373061791139005,0.2010321123885216,0.01804631098211144,0.20100768988010215,0.017731521808599146,0.2023649669684336,0.017783192037942593,0.017801677663752253
4000,3031,0.19810765838723515,0.018280104354044775,0.19810765838723515,0.01827781919816935,1.7763568394002505e-15,0.004377942566834476,0.19702862555283357,0.018098536683478855,0.19702862555283357,0.018096274224980925,8.881784197001252e-16,0.006061657847716001,0.19677686976711367,0.018238383510786105,0.19701938566400046,0.018109767255541163,0.19586276896285565,0.01797856008708901,0.017915724773831333
4000,3032,0.19472381015066725,0.01782955898805608,0.19472381015066725,0.01782733015387173,8.881784197001252e-16,0.006450219347179786,0.19435955572508923,0.017766661400671638,0.19435955572508923,0.01776444042917716,8.881784197001252e-16,0.006725984811986831,0.19417109321039655,0.017888081869712726,0.19431441572213032,0.017773439646236393,0.19492765077443358,0.01735333179818702,0.017353289702946632
4000,3033,0.19441450246185238,0.018445435315226587,0.19441450246185238,0.018443129491689202,8.881784197001252e-16,0.014087297071083821,0.19440786676126975,0.018332701914809922,0.19440786676126975,0.018330410183828437,8.881784197001252e-16,0.014133637556046392,0.1967331415387294,0.018402174762044532,0.1944485044134881,0.018345312883036563,0.1946122304312115,0.01815780688319013,0.018151136743079267
4000,3034,0.20627866663252165,0.01923351796949248,0.20627866663252165,0.01923111362946565,3.552713678800501e-15,0.002129312889566089,0.20697482260175903,0.019477233958255347,0.20697482260175903,0.019474799151825654,3.552713678800501e-15,0.001678079128008305,0.20622267673281403,0.01971301327700033,0.2069753443181997,0.01951272946785555,0.20702384253343864,0.019194722914428884,0.019447347243218442
4000,3035,0.1817257133540881,0.018370707863373442,0.1817257133540881,0.018368411381351424,1.7763568394002505e-15,0.007452583918905697,0.18200364503294403,0.018272416004399786,0.18200364503294403,0.01827013180962814,1.7763568394002505e-15,0.006228222940241135,0.17922984006435527,0.01847360257688944,0.18202475594854495,0.01828622841154363,0.18291996563213653,0.01771526605372066,0.017723126561526262
4000,3036,0.17149620091941042,0.01746075157645905,0.17149620091941042,0.017458568846082816,8.881784197001252e-16,0.011844448601699135,0.17248638198101396,0.01741181343317563,0.17248638198101396,0.017409636820449683,8.881784197001252e-16,0.010953562499993552,0.1723455098424897,0.017535813501379314,0.17248376223720652,0.017419367824786144,0.17341635277950151,0.01768889857919323,0.017774309653725458
4000,3037,0.15521471769515816,0.017350408535805516,0.15521471769515816,0.017348239599171526,8.881784197001252e-16,0.011049310855581826,0.1549418469342982,0.017273684449468106,0.1549418469342982,0.017271525103944394,8.881784197001252e-16,0.011809463817540264,0.15507473004675754,0.01732822763711762,0.15491602993415482,0.01727864348889291,0.15816557700897865,0.01737254097216629,0.017498602575356757
4000,3038,0.19333944073839265,0.018204389759601137,0.19333944073839265,0.01820211406864161,8.881784197001252e-16,0.011561567111341783,0.19273152118904274,0.018098958355611924,0.19273152118904274,0.01809669584440168,8.881784197001252e-16,0.012887179201231542,0.19246477970203762,0.018209540279244,0.19272113465000634,0.01811387069737754,0.19186279016377628,0.018298937435244415,0.018274181300597294
4000,3039,0.1708604180538894,0.018487078850042863,0.1708604180538894,0.018484767820738247,3.552713678800501e-15,0.009199596125836736,0.17181285469406798,0.01833459961856232,0.17181285469406798,0.018332307650353034,8.881784197001252e-16,0.010224343292601887,0.17114760648804894,0.01851469960969735,0.1717848312954382,0.018343847398532575,0.17200474891842427,0.01815884202063119,0.018141229896270518
4000,3040,0.17950816403824593,0.01805661992505707,0.17950816403824593,0.018054362706481458,1.7763568394002505e-15,0.027387939366649725,0.17756532438625744,0.017929707124396378,0.17756532438625744,0.017927465770912483,1.7763568394002505e-15,0.027292543741039996,0.17787226914836918,0.01812743404671946,0.17757590349260305,0.017935347946307745,0.17791791674858043,0.018626360418931894,0.018651176927182843
4000,3041,0.16322055762674048,0.01827742137430414,0.16322055762674048,0.018275136553822142,1.7763568394002505e-15,0.006400000433987227,0.16449799959934608,0.018190517107445677,0.16449799959934608,0.018188243150676065,1.7763568394002505e-15,0.00683975028943513,0.16551479770346178,0.018357500821894877,0.16451907758405554,0.018199545366028868,0.16491985068015813,0.018026265611054505,0.018181989071748537
4000,3042,0.1672837639659132,0.018257691260168574,0.1672837639659132,0.018255408906105008,1.7763568394002505e-15,0.011324168575883429,0.1689489742778204,0.01810760667069326,0.1689489742778204,0.01810534307837606,1.7763568394002505e-15,0.010923406557044189,0.16754386928664516,0.01817737223387227,0.1689542944277973,0.01812302243234105,0.16834233843235785,0.018163892148415284,0.018195894617692304
4000,3043,0.17350609814172518,0.018257315733870294,0.17350609814172518,0.01825503342675045,1.7763568394002505e-15,0.010552158430001263,0.1733483636446158,0.018089350141314072,0.1733483636446158,0.018087088831205692,1.7763568394002505e-15,0.010085087233656562,0.17291991437548682,0.018198037539184298,0.17335081004010494,0.018103778957799403,0.17373581117510978,0.01853300796482739,0.018529998904345788
4000,3044,0.17239360982410845,0.018127503822325582,0.17239360982410845,0.018125237742708963,1.7763568394002505e-15,0.014378299791887435,0.17398465098909105,0.018087177596860536,0.17398465098909105,0.018084916558337185,8.881784197001252e-16,0.014015397389479286,0.1762272508653832,0.018372898174233626,0.17397223770506431,0.01810281427107255,0.17450521840216476,0.01863667929485002,0.01861887191412256
4000,3045,0.16676467150836244,0.018374387434436045,0.16676467150836244,0.018372090492438892,1.7763568394002505e-15,0.01261730694554442,0.1664183735332453,0.018199251372548148,0.1664183735332453,0.018196976323927153,1.7763568394002505e-15,0.011591328171721236,0.1672739204818829,0.01835501946266958,0.16641189666409623,0.01821171827749892,0.166886029832351,0.018343239698394388,0.01832231785504724
4000,3046,0.1829288955405926,0.01942137984887611,0.1829288955405926,0.019418952024646503,1.7763568394002505e-15,0.00902455923251372,0.18430547233575612,0.01917840895325915,0.18430547233575612,0.019176011502289942,3.552713678800501e-15,0.008133954735535343,0.18364029295060325,0.019285759365455138,0.1843393071452683,0.019203512161646796,0.18395867717531383,0.01895836437234144,0.018962198000567646
4000,3047,0.1476493415547,0.018444499456147144,0.1476493415547,0.018442193749599458,1.7763568394002505e-15,0.0059482732039735295,0.1475480235240723,0.018393663808869608,0.1475480235240723,0.018391364457175034,3.552713678800501e-15,0.005476164631673917,0.14866655432221293,0.018613799751092154,0.1475677264319591,0.01841307125562984,0.14800385323986232,0.018385095564413464,0.018361051635767258
4000,3048,0.21122745177847835,0.01813363982797469,0.21122745177847835,0.01813137298130942,8.881784197001252e-16,0.016582515027187196,0.21194829198306847,0.018027573116448398,0.21194829198306847,0.01802531952895082,8.881784197001252e-16,0.01619253546083086,0.21206184515171506,0.018090877876128918,0.21191339038459284,0.018041008581216107,0.2156505058966025,0.017700132409802546,0.017587313698134953
4000,3049,0.1827329203624264,0.019050411419958294,0.1827329203624264,0.019048029969680857,1.7763568394002505e-15,0.011520036332709777,0.1841778841490253,0.018939121484730204,0.1841778841490253,0.018936753946564227,1.7763568394002505e-15,0.012317462806290761,0.18553641687637157,0.019161297409290255,0.18425488638930138,0.01895340819539613,0.183645346984866,0.018297995461191714,0.018296256714319222
4000,3050,0.18281670902825647,0.018344902584497263,0.18281670902825647,0.018342609328336732,8.881784197001252e-16,0.01706334987192845,0.18283338714572145,0.018236341844813403,0.18283338714572145,0.01823406215959357,1.7763568394002505e-15,0.018067682407420994,0.18175920054777817,0.018360389404536395,0.18283330745508553,0.018249023725024408,0.18351553325927178,0.018301938301665537,0.018334301371947758
4000,3051,0.1430667906739726,0.018199112455212704,0.1430667906739726,0.018196837423957463,1.7763568394002505e-15,0.00857614651475029,0.1416640887601699,0.017982651969721458,0.1416640887601699,0.01798040399771821,8.881784197001252e-16,0.008915643420389724,0.14292982792511466,0.018129207665547025,0.14165352895924122,0.017993140569524835,0.14290946641230373,0.018362715222556843,0.018355671911180784
4000,3052,0.2070095852277659,0.02040329537476607,0.2070095852277659,0.020400744803423552,7.105427357601002e-15,0.00805337719147721,0.20570722852873757,0.020221397646617168,0.20570722852873757,0.020218869813911924,1.7763568394002505e-15,0.00910423569085338,0.20710053062757672,0.020955412702134437,0.2058150270067891,0.020293515214364163,0.2060454357109271,0.020694639027262096,0.021960741178680857
4000,3053,0.17296692407734637,0.017805597353600683,0.17296692407734637,0.017803371514807865,8.881784197001252e-16,0.006145244627280271,0.1728756954581755,0.01768087302866856,0.1728756954581755,0.01767866278139089,8.881784197001252e-16,0.007763168378606738,0.17374031529921513,0.017772722274877462,0.1728553518821228,0.01768737382780606,0.173596862838581,0.01816833136178671,0.018261792153956572
4000,3054,0.1927597677972393,0.018313236611172033,0.1927597677972393,0.018310947313505587,1.7763568394002505e-15,0.004061898548904089,0.19310801018087304,0.018065329356853985,0.19310801018087304,0.018063071049531348,1.7763568394002505e-15,0.0037483325855189507,0.19273408185619934,0.01818882364425494,0.19307586045370306,0.018080565856648415,0.19232499713774975,0.017758130328534887,0.017768864100424053
4000,3055,0.21811124918042263,0.018266280703900573,0.21811124918042263,0.018263997276089426,8.881784197001252e-16,0.006149204162170576,0.2186607080927453,0.01811020203816479,0.2186607080927453,0.018107938121406375,8.881784197001252e-16,0.00617428234934573,0.2194865614166326,0.01820573521547341,0.21861930039261046,0.018121702104271737,0.21855533653264508,0.017712129920206137,0.017733445910984472
4000,3056,0.17399280201759915,0.018418870891970765,0.17399280201759915,0.018416568389193845,8.881784197001252e-16,0.008372269059035185,0.17401577668584828,0.018294537835267105,0.17401577668584828,0.018292250875093754,8.881784197001252e-16,0.008686250133943729,0.17312449962754345,0.0184003494025681,0.1740037818731342,0.01830529312263117,0.174305675434263,0.018881313706149393,0.018895552982918742
4000,3057,0.20779542757208602,0.018582516807154,0.20779542757208602,0.018580193847359042,1.7763568394002505e-15,0.005198320214204225,0.20712083666276898,0.01843046624447029,0.20712083666276898,0.018428162292183716,8.881784197001252e-16,0.005779492770353606,0.20807112990767163,0.01849449189801426,0.20704693843091937,0.01844564540750754,0.20888773685881068,0.01788524395642645,0.017858488320579756
4000,3058,0.1836518598494971,0.01729449500396196,0.1836518598494971,0.01729233305695633,8.881784197001252e-16,0.014589942580997824,0.18507081605656567,0.017223642876644386,0.18507081605656567,0.017221489786708274,1.7763568394002505e-15,0.013559161571256223,0.18525952186208655,0.017312270941682143,0.18501276164584146,0.01723805390734546,0.18482599921474763,0.0176661186705372,0.017683573859958432
4000,3059,0.18988557150819696,0.018004213264095948,0.18988557150819696,0.018001962596762438,1.7763568394002505e-15,0.006979216729071157,0.18984539977203918,0.017853998694369974,0.18984539977203918,0.017851766805031376,1.7763568394002505e-15,0.0062249399095342375,0.1897112529052163,0.017965059640524996,0.18984556966816912,0.01786353335888413,0.1897540681981726,0.018653598064613995,0.018643745554531986
4000,3060,0.17341416511547408,0.017903682806300333,0.17341416511547408,0.017901444706059536,1.7763568394002505e-15,0.012182168548249949,0.17315093036823198,0.017771388972354727,0.17315093036823198,0.01776916740987685,4.440892098500626e-16,0.012713611514644764,0.17284283254912775,0.01787719239578438,0.17306671697057896,0.0177834765798399,0.1725937277288278,0.01845620870935859,0.018460146239050585
4000,3061,0.20524032908531958,0.018689052399818527,0.20524032908531958,0.018686716122242073,1.7763568394002505e-15,0.010910141193244882,0.2045062668168307,0.018473132831350922,0.2045062668168307,0.01847082354540761,8.881784197001252e-16,0.013322449243055317,0.20429739732044244,0.01853262600236036,0.20451728582101047,0.018489512337011557,0.2044302160673413,0.018280120824116387,0.01824989689793778
4000,3062,0.18997959679473142,0.018499354553587453,0.18997959679473142,0.018497041989723982,8.881784197001252e-16,0.013919149960923442,0.1899271692636254,0.0183906045567624,0.1899271692636254,0.018388305587498245,1.7763568394002505e-15,0.01385091949618589,0.19047655267361785,0.018546078818750217,0.18991731977975113,0.018407398497735632,0.18928060436958039,0.017960197036244716,0.01796476767963439
4000,3063,0.18655485027299645,0.018496558577890454,0.18655485027299645,0.01849424636354579,8.881784197001252e-16,0.014958965758850383,0.18653597937926247,0.01843661741034003,0.18653597937926247,0.018434312689109656,8.881784197001252e-16,0.014716837150594395,0.18630728169146205,0.018536476393491458,0.1865503949363551,0.018451074305471677,0.1870309363284932,0.01859014321087878,0.018579767649439548
4000,3064,0.18626371990962265,0.01762425109162787,0.18626371990962265,0.017622047922534738,8.881784197001252e-16,0.005321102318259862,0.18433137801324007,0.01755783772199091,0.18433137801324007,0.017555642855087907,1.7763568394002505e-15,0.005156716758716734,0.18390789626726445,0.017674868948313695,0.18429018751830034,0.017565103119137355,0.18337209440337493,0.018101108921257627,0.018144024851810627
4000,3065,0.20106364785510045,0.0175535089345495,0.20106364785510045,0.017551314608778748,8.881784197001252e-16,0.008934056860207085,0.2010838989352079,0.017476825895737454,0.2010838989352079,0.017474641155945714,8.881784197001252e-16,0.007658702617782507,0.20060440404406849,0.017586783301369396,0.20100931677585132,0.017482842555661033,0.20129836793415923,0.01754307702611021,0.017534658539763655
4000,3066,0.17308488447777032,0.01873938963049655,0.17308488447777032,0.018737047060372953,1.7763568394002505e-15,0.008356711845274879,0.17341462295041116,0.018682049520106703,0.17341462295041116,0.018679714117944935,1.7763568394002505e-15,0.008263968793785884,0.17355415763823773,0.01880936049995007,0.1734135986351496,0.018704752897995617,0.1693023172335854,0.018331155681433668,0.01830491633476772
4000,3067,0.16316912344264334,0.01844149473191184,0.16316912344264334,0.018439189400978162,1.7763568394002505e-15,0.009786542208231325,0.16190754556393638,0.018340546911967615,0.16190754556393638,0.018338254200300184,1.7763568394002505e-15,0.009124885212866262,0.1608872034600432,0.018360571813463122,0.16192643021527903,0.018356437191080887,0.1621662114230849,0.018723935505586254,0.01868357722830357
4000,3068,0.19832244604623295,0.01885251307692897,0.19832244604623295,0.018850156365490683,1.7763568394002505e-15,0.011080388587767383,0.19935671262716131,0.018644842954919194,0.19935671262716131,0.018642512203868786,1.7763568394002505e-15,0.012145727809255463,0.20053465328928044,0.018884614437474644,0.19938570858223303,0.0186580063858961,0.1990905737141514,0.018700394138692455,0.01838486109718638
4000,3069,0.21435884225592516,0.01845039338635392,0.21435884225592516,0.01844808694301891,3.552713678800501e-15,0.005227879534791633,0.21546783518880408,0.018347611909009832,0.21546783518880408,0.018345318314162567,1.7763568394002505e-15,0.00561924885272862,0.2148835733054545,0.018438991335068388,0.21545495498697287,0.01837042178359464,0.21517733324256422,0.01869165631832621,0.01871656375227354
4000,3070,0.1967465000139999,0.017624102746539236,0.1967465000139999,0.017621899595990403,1.7763568394002505e-15,0.018874271676874863,0.19596867213747132,0.017554856438246343,0.19596867213747132,0.0175526619440271,8.881784197001252e-16,0.018717385253479952,0.19525916825785244,0.01762681677300438,0.19591519191614465,0.017562312911515072,0.1962430696499209,0.01805356309731001,0.018039009833054242
4000,3071,0.15328586520927445,0.01810345252644134,0.15328586520927445,0.018101189453424628,1.7763568394002505e-15,0.008409417410449269,0.15512637013991604,0.018006681163070127,0.15512637013991604,0.01800443018722996,8.881784197001252e-16,0.007767713725338822,0.15630086800926046,0.01813773305204091,0.15512484012614092,0.018023052363989153,0.15637418223435462,0.018238711032066326,0.01819177995101858
4000,3072,0.239626630792738,0.018101540709563605,0.239626630792738,0.01809927787553894,8.881784197001252e-16,0.009058017560976466,0.23906832464915978,0.017991162942165944,0.23906832464915978,0.01798891390622464,1.7763568394002505e-15,0.008828736709717778,0.2409740598131362,0.01813775764281971,0.23901551198142879,0.018003133126111102,0.23952626627094337,0.01819527574508497,0.018228494788646524
4000,3073,0.19092904992725773,0.019272976408696317,0.19092904992725773,0.019270567136056276,8.881784197001252e-16,0.00820224228617567,0.190192686569378,0.01909509275261517,0.190192686569378,0.01909270571682203,1.7763568394002505e-15,0.00842806234050004,0.19104503547889196,0.019455809564212775,0.19022346313656907,0.019125834600455943,0.18990020450729295,0.019011647083257255,0.019080883594514347
4000,3074,0.20903259688658632,0.01948541790688125,0.20903259688658632,0.019482982077394028,3.552713678800501e-15,0.013219068790215952,0.20773368408903264,0.019259384820136463,0.20773368408903264,0.01925697724655119,1.7763568394002505e-15,0.01506415964940022,0.20746530195078927,0.019545703691235615,0.2078120293630747,0.019298815196429456,0.20840728595077262,0.01932313390326558,0.019705116846112414
4000,3075,0.19412775686536232,0.01846420814050934,0.19412775686536232,0.01846189997022212,1.7763568394002505e-15,0.009435185566280656,0.19227924316701672,0.018290546067285744,0.19227924316701672,0.01828825960611458,1.7763568394002505e-15,0.008822983198556119,0.19172597915852313,0.018497755103286745,0.19229001427492998,0.01830274013233805,0.19254474410548994,0.01793401165327596,0.017933764834710257
4000,3076,0.19040675311549854,0.017826388364931955,0.19040675311549854,0.017824159927100267,8.881784197001252e-16,0.010991495361904934,0.19097393825960413,0.01777377959044695,0.19097393825960413,0.01777155772912313,8.881784197001252e-16,0.011757155039587124,0.19114167440180996,0.017900275016847208,0.19088666896174,0.0177828119335747,0.18779206355460704,0.0176629089207686,0.017673497375675067
4000,3077,0.1663906810247367,0.01835791790888666,0.1663906810247367,0.018355623025708884,1.7763568394002505e-15,0.004765510509898069,0.1665503783397651,0.01830902325363517,0.1665503783397651,0.01830673448267134,3.552713678800501e-15,0.005074207466544252,0.16701107151316286,0.01843295420033269,0.16655586993823585,0.018324515497368302,0.16577215018131353,0.01786220455690428,0.017937149572441517
4000,3078,0.17654097251565282,0.017667001345147443,0.17654097251565282,0.017664792831938596,1.7763568394002505e-15,0.017236397769691665,0.17547415751100792,0.017549351893584995,0.17547415751100792,0.017547158087476845,8.881784197001252e-16,0.018829767758648495,0.17419019869333696,0.01766439005096596,0.17545665539612693,0.017556783735181533,0.17489652496022312,0.01757893027069472,0.017552460542151753
4000,3079,0.1911509965691598,0.018894476496885724,0.1911509965691598,0.01889211453969206,1.7763568394002505e-15,0.022151568184055257,0.1915672641975918,0.018765543673975794,0.1915672641975918,0.018763197834392408,1.7763568394002505e-15,0.023096315195070605,0.19179517582508882,0.01893641565669291,0.19158548867056546,0.018784902203300254,0.19246850106909585,0.01978836739877123,0.019760592100099037
4000,3080,0.22281556961487986,0.018288724580314143,0.22281556961487986,0.01828643834684308,1.7763568394002505e-15,0.010972373498221439,0.22410366713893193,0.018182019663312118,0.22410366713893193,0.018179746768789414,8.881784197001252e-16,0.011648472140417674,0.22376041263055063,0.018284902170051794,0.22411296559550942,0.01819233994886747,0.22535560326269527,0.01810050804988396,0.018073561432675838
4000,3081,0.16964933654669512,0.017870612482945428,0.16964933654669512,0.017868378516753443,1.7763568394002505e-15,0.013004156435497372,0.16949150803615332,0.017799278551905204,0.16949150803615332,0.017797053503011966,1.7763568394002505e-15,0.011955290031508376,0.16971222697543947,0.017887931362501955,0.1694528581863241,0.017807726427029425,0.16876724338895632,0.01803793363035046,0.01808111816569766
4000,3082,0.1703412072995254,0.018584819070063666,0.1703412072995254,0.018582495822467855,1.7763568394002505e-15,0.011386488743379825,0.1703058049204405,0.01848856160976577,0.1703058049204405,0.0184862503951046,8.881784197001252e-16,0.011429335546662785,0.16887165972806767,0.018778657196418705,0.17037478334222872,0.018505245881851012,0.1704152001231391,0.018587691843122974,0.01861941379937289
4000,3083,0.1989900833636889,0.01857874287606744,0.1989900833636889,0.01857642038804336,1.7763568394002505e-15,0.008473273666160823,0.19976421703437147,0.018446011589231603,0.19976421703437147,0.018443705693655468,8.881784197001252e-16,0.009058558442561232,0.20003650033538117,0.018555984005772314,0.199755534013894,0.018462615603741295,0.19900780449251765,0.01782354428975598,0.0178116914368284
4000,3084,0.1878074849894475,0.018139117969510645,0.1878074849894475,0.018136850438034882,1.7763568394002505e-15,0.012571662630718019,0.18765471535282824,0.017982708810682115,0.18765471535282824,0.017980460831573303,8.881784197001252e-16,0.011084564563916441,0.1879926414901063,0.018125381705569158,0.18760626197374997,0.017997913979508163,0.18668559387291878,0.018196123276841662,0.01819704448380288
4000,3085,0.1835033954420352,0.018881946168004305,0.1835033954420352,0.01887958577719966,8.881784197001252e-16,0.01199246480917663,0.18405841811115792,0.018822145009830933,0.18405841811115792,0.018819792094638313,1.7763568394002505e-15,0.012618541686232693,0.1839849690559643,0.01895642868451195,0.18409245215387787,0.018837161247117647,0.18433555555832093,0.018293315691650647,0.018291222731178437
4000,3086,0.23420461991349223,0.01847039580994518,0.23420461991349223,0.01846808686615093,8.881784197001252e-16,0.011022642231314984,0.23280702361296057,0.018462724175799708,0.23280702361296057,0.018460416191019666,8.881784197001252e-16,0.01018205377894282,0.2330369693895934,0.018599642141597966,0.23282865369918676,0.01848232598983587,0.23259838501353491,0.01806289497114894,0.018070531626054733
4000,3087,0.18367601414374107,0.01853343124208206,0.18367601414374107,0.01853111441836627,1.7763568394002505e-15,0.008112738237957967,0.184494532158203,0.018406311863638215,0.184494532158203,0.01840401093083797,1.7763568394002505e-15,0.007635072740593221,0.18426557275630173,0.01851476735009957,0.18451317089278607,0.018423158317253743,0.18359348113418317,0.018327769835578024,0.018327626391365637
4000,3088,0.17540380150589235,0.01929566528448791,0.17540380150589235,0.019293253175561118,3.552713678800501e-15,0.00767735250147817,0.17667036552649495,0.018908707741048074,0.17667036552649495,0.018906344004837695,3.552713678800501e-15,0.010278674512013294,0.17615105846858864,0.01923739235051707,0.1767214790221664,0.018930854979254903,0.1788516262942832,0.01926483673631542,0.019282397058454994
4000,3089,0.20831599008267304,0.018929930257185906,0.20831599008267304,0.01892756386799519,1.7763568394002505e-15,0.014382632189780052,0.2075899686511397,0.018770778342698,0.2075899686511397,0.018768431848740125,1.7763568394002505e-15,0.015340971330329101,0.20695421239116674,0.01883636030653998,0.20761614168748088,0.01879084948365228,0.20758146048606474,0.018464053279359006,0.018468695347360755
4000,3090,0.20869740021180622,0.01851262487424458,0.20869740021180622,0.01851031065148734,1.7763568394002505e-15,0.017709111928881926,0.20936944226559595,0.01837117791223783,0.20936944226559595,0.018368881371456033,1.7763568394002505e-15,0.017569883338522344,0.20953751423016875,0.018497399871813883,0.20935532898451892,0.018389617754205057,0.2110593520584338,0.018610840560733474,0.018657584017264993
4000,3091,0.21150959255062968,0.018000606177681653,0.21150959255062968,0.017998355961262123,1.7763568394002505e-15,0.017059838436623714,0.2108032886685191,0.01785133079404174,0.2108032886685191,0.01784909923821153,8.881784197001252e-16,0.01420931993036227,0.2106199700877024,0.01791397386122564,0.21077021127431816,0.01786612177602266,0.21194287491724823,0.017946436054427927,0.017989461555403877
4000,3092,0.1866228008298006,0.0177116548430294,0.1866228008298006,0.017709440747784418,8.881784197001252e-16,0.012757462371602966,0.18658786465539218,0.01761281170764,0.18658786465539218,0.017610609968559253,8.881784197001252e-16,0.013203711744086797,0.18719535076568622,0.017693923968860298,0.18644686098194996,0.01761946252043898,0.18927383834772565,0.01752060640444529,0.017492699984860978
4000,3093,0.21529442522577158,0.017623788376240564,0.21529442522577158,0.017621585264990476,8.881784197001252e-16,0.015327899400250726,0.21396610345877204,0.01749519126211591,0.21396610345877204,0.017493004226509873,1.7763568394002505e-15,0.014712338925088449,0.21360006807931053,0.017589756101506728,0.21395767754222134,0.017497019674879585,0.21334187620924255,0.0178094993182547,0.017739977687848314
4000,3094,0.17128231920281428,0.017776768370173165,0.17128231920281428,0.017774546135228525,8.881784197001252e-16,0.02141004076981333,0.17229095206615302,0.01770222159910493,0.17229095206615302,0.017700008683089147,8.881784197001252e-16,0.02191893675867187,0.17278952338567544,0.01780965032808452,0.17221774829163838,0.01770780290973166,0.1700339265609312,0.01821116431956938,0.018314896295543292
4000,3095,0.18945327498059245,0.01846611997378774,0.18945327498059245,0.01846381156450642,1.7763568394002505e-15,0.007546011444021894,0.19052088215717483,0.018354172365551886,0.19052088215717483,0.018351877950596295,1.7763568394002505e-15,0.008279611555828228,0.19131398951964096,0.018515311271482846,0.19052847910943715,0.01836874507714389,0.1916462398363188,0.017843854189760318,0.01784902520428403
4000,3096,0.17673042442685832,0.019351814734043755,0.17673042442685832,0.019349395605997046,3.552713678800501e-15,0.010440898998418437,0.17721631224753825,0.019318009483478723,0.17721631224753825,0.01931559458135247,1.7763568394002505e-15,0.010163715949706666,0.17716782067630044,0.01953664810213161,0.1772637888158346,0.01934961799201592,0.17988527668794918,0.019042120592144447,0.01903491079546915
4000,3097,0.18901246904186986,0.018313833603064784,0.18901246904186986,0.018311544230769687,1.7763568394002505e-15,0.011465268096541203,0.1898793405610692,0.01825130820385945,0.1898793405610692,0.018249026647727797,8.881784197001252e-16,0.011271691231696796,0.18919199166714895,0.018335583627976618,0.18984253885816266,0.018259598856088563,0.19150432939119766,0.018081219211971446,0.01787201502802569
4000,3098,0.1847007029364035,0.018250505238599297,0.1847007029364035,0.018248223782844575,8.881784197001252e-16,0.004729636567211563,0.1847430759258768,0.018094923204927373,0.1847430759258768,0.018092661198142495,1.7763568394002505e-15,0.005348830705294095,0.18504954419714975,0.01820262905624219,0.1846984744732046,0.018100296303442977,0.18439030699055625,0.017664075595174866,0.017687078125479053
4000,3099,0.1534159949556902,0.018172812748571635,0.1534159949556902,0.018170541004985215,8.881784197001252e-16,0.00945368924200604,0.15162773593111195,0.018028691816267275,0.15162773593111195,0.01802643808892348,1.7763568394002505e-15,0.010667965883627584,0.15155857161199343,0.01816077108321011,0.1516077079731894,0.018037196928659304,0.15251993127779445,0.017593775177418284,0.017699319626155296
4000,3100,0.18810661805366963,0.018563336704603306,0.18810661805366963,0.018561016142471035,1.7763568394002505e-15,0.008398529251381603,0.186842154994092,0.018413881221787734,0.186842154994092,0.01841157934275858,8.881784197001252e-16,0.008684045648942753,0.18682460790954525,0.018553904969738237,0.1867797810658059,0.018429018991095034,0.1874822707404864,0.017593800405572083,0.017598074228877315
4000,3101,0.15919528911939002,0.018356807755201116,0.15919528911939002,0.018354513010801227,1.7763568394002505e-15,0.018092084823704953,0.15978034041694983,0.018310089512939255,0.15978034041694983,0.01830780060868468,8.881784197001252e-16,0.018623619259519452,0.1603444682901996,0.018456466461598594,0.15978220573853874,0.018321159506111667,0.16072976720284465,0.0183805026256738,0.018474457863332207
4000,3102,0.17272953714574102,0.018243124275318948,0.17272953714574102,0.01824084374224231,1.7763568394002505e-15,0.005202951851494525,0.17394458794303458,0.018142625564558337,0.17394458794303458,0.018140357594605784,8.881784197001252e-16,0.005547062067436496,0.17467646401374093,0.01840099280415151,0.1739015375842749,0.018157661532773223,0.17334704561827574,0.018240574738754664,0.018226239433426186
4000,3103,0.18781336471089205,0.018324733761796025,0.18781336471089205,0.018322443026895924,8.881784197001252e-16,0.01119386257808256,0.1898712572277409,0.01818430836953699,0.1898712572277409,0.018182035188908128,1.7763568394002505e-15,0.009303763783167135,0.18981434405593334,0.018320108069141035,0.18987806658699025,0.01819778607421166,0.189939340567521,0.018216157577090678,0.018216411471719735
4000,3104,0.17503419723836527,0.017594201874808625,0.17503419723836527,0.01759200246210239,1.7763568394002505e-15,0.02359404496457452,0.17491392162354313,0.017531566408192922,0.17491392162354313,0.017529374825409408,8.881784197001252e-16,0.023391390477644044,0.17580485045332794,0.017618561557537202,0.1748796140350537,0.017537348228004443,0.17434818179495076,0.017930079636934507,0.018021338406001893
4000,3105,0.21405323692505213,0.01791389538768478,0.21405323692505213,0.017911656010791515,1.7763568394002505e-15,0.014649779001377865,0.21401652575828362,0.017900782329340826,0.21401652575828362,0.017898544591682317,1.7763568394002505e-15,0.014925062339973495,0.21291731190270974,0.018033003897972046,0.21397418667095502,0.017912991793981283,0.2172648560464242,0.01799302298786055,0.017962153872269154
4000,3106,0.17220497998058504,0.019331738279282393,0.17220497998058504,0.0193293216609494,1.7763568394002505e-15,0.010282377377199699,0.17309654538946595,0.01913070186396095,0.17309654538946595,0.019128310376750664,1.7763568394002505e-15,0.010952469487845843,0.17238375336088302,0.019284451643948836,0.17314171070077217,0.019158546422839047,0.17263684297689758,0.019176029390093365,0.019195764900886945
4000,3107,0.19863213778829553,0.018501357688847295,0.19863213778829553,0.01849904487457626,8.881784197001252e-16,0.01679790006508033,0.19845595633379537,0.018418412211192538,0.19845595633379537,0.018416109765754304,1.7763568394002505e-15,0.015492354474918998,0.19925242139133836,0.018579896262524008,0.19845154608600213,0.01843658402128832,0.2000198534632749,0.018837131192441358,0.018898384246323414
4000,3108,0.19460907460462346,0.0182915190199678,0.19460907460462346,0.01828923243716995,8.881784197001252e-16,0.011165144738434083,0.19394685386317662,0.018186085624689888,0.19394685386317662,0.018183812221890246,8.881784197001252e-16,0.010656954040257762,0.19468880259021987,0.018317266594039282,0.19392787415509571,0.018198431249210556,0.19366238268678349,0.018347873283992035,0.018344270647673903
4000,3109,0.2037792023486475,0.01877385905347307,0.2037792023486475,0.01877151217440227,1.7763568394002505e-15,0.014591631868873765,0.20300980101996058,0.01853700349892129,0.20300980101996058,0.018534686228645476,1.7763568394002505e-15,0.013440141348825619,0.20337063622384216,0.018768613780212603,0.20307223970464738,0.018543163972985513,0.20177366179508527,0.01816726092248514,0.01807413278477307
4000,3110,0.17748290010790851,0.01841076492810036,0.17748290010790851,0.018408463438632266,1.7763568394002505e-15,0.008238721203910683,0.17849972270736508,0.01829047900001032,0.17849972270736508,0.018288192547223085,1.7763568394002505e-15,0.009591176083257342,0.17706030311846988,0.018357471588514702,0.17853078928239513,0.018305352883800453,0.17936711631409152,0.0187381245384501,0.018740785359978803
4000,3111,0.1918806135469987,0.018159225107171915,0.1918806135469987,0.018156955062146835,8.881784197001252e-16,0.010284244954084339,0.19064704125012893,0.018033789822485925,0.19064704125012893,0.01803153545785152,1.7763568394002505e-15,0.010902937895483062,0.19182030309137316,0.018217064221131493,0.1906344177011366,0.018050278201543125,0.19057695342470005,0.018131419077931345,0.018131376284933002
4000,3112,0.19961718170875942,0.018177230503746342,0.19961718170875942,0.018174958207906006,8.881784197001252e-16,0.003230360476676367,0.1999431914665904,0.017989363187056805,0.1999431914665904,0.017987114376098953,1.7763568394002505e-15,0.0029584936948312455,0.19996576614813838,0.01814517443551039,0.19993218937871576,0.01800069529059851,0.2004370698356352,0.018218801171110025,0.018209857899307607
4000,3113,0.2062393553555606,0.020961047282218155,0.2062393553555606,0.020958426987529224,1.7763568394002505e-15,0.012673274403316745,0.20768998061774213,0.020941954861730352,0.20768998061774213,0.02093933695374316,8.881784197001252e-16,0.012881770136580185,0.20511257223205248,0.021038446844806234,0.2078281962823908,0.021045421845806437,0.20576482505760324,0.019061295436093136,0.02010038341357216
4000,3114,0.18905989319238137,0.01846994251319682,0.18905989319238137,0.018467633626068205,1.7763568394002505e-15,0.007455196674576447,0.18962972489070062,0.01840514188970868,0.18962972489070062,0.018402841103164317,1.7763568394002505e-15,0.007969488968343992,0.18747775373414505,0.018646820947292655,0.1896523018390247,0.01842024665549079,0.18910524010997443,0.017977401834801367,0.01799140423179028
4000,3115,0.20125460827141367,0.01858335989039423,0.20125460827141367,0.01858103682520728,1.7763568394002505e-15,0.008040978003577842,0.20151136759801647,0.018483082996012545,0.20151136759801647,0.018480772466220905,1.7763568394002505e-15,0.00877846457182739,0.20195441636520228,0.01869205352034353,0.20150259343419047,0.018502026284235865,0.20083611028029047,0.018289653971570178,0.018317177930242748
4000,3116,0.16511089343062135,0.01821455804942102,0.16511089343062135,0.01821228108734582,8.881784197001252e-16,0.0139056243285983,0.16453775552776662,0.018077349905105598,0.16453775552776662,0.018075090095120504,1.7763568394002505e-15,0.011269294601458485,0.16327085728237056,0.018186026065974678,0.1645162888089836,0.018087586885650632,0.16404224442397847,0.018168042983559538,0.018178860239601576
4000,3117,0.17577405820155495,0.018015006986500333,0.17577405820155495,0.018012754969867182,8.881784197001252e-16,0.002372701077575567,0.17525366760914673,0.017960419238937615,0.17525366760914673,0.01795817404619943,1.7763568394002505e-15,0.0025715503194529356,0.17728278150814003,0.0180942332930038,0.1752224335861538,0.017971568233276943,0.17374814675044975,0.017909422182264132,0.017905656466723662
4000,3118,0.18582299613648506,0.01796851540366384,0.18582299613648506,0.017966269198841808,8.881784197001252e-16,0.008001348569279672,0.18578465483860218,0.017858249642692864,0.18578465483860218,0.01785601722195251,8.881784197001252e-16,0.007043738395768707,0.18606090497849181,0.017952059967311456,0.18575853555952931,0.017869783852145694,0.18665702741325102,0.017598346111654974,0.017597873415859933
4000,3119,0.21081635335766774,0.018763700234226147,0.21081635335766774,0.018761354625087136,1.7763568394002505e-15,0.010524304462849687,0.2127080814986197,0.018709379330333023,0.2127080814986197,0.018707040511731433,3.552713678800501e-15,0.009498074296857293,0.21349700165654106,0.01890417482817894,0.21267525018797429,0.01873137463231516,0.21216542748056566,0.018331729724379294,0.01837218405501059
4000,3120,0.1973318652044202,0.019430278600467747,0.1973318652044202,0.019427849663824662,1.7763568394002505e-15,0.00919333073687504,0.19724181870425728,0.01927880661415494,0.19724181870425728,0.019276396612693668,3.552713678800501e-15,0.010273911095313136,0.19786352284496556,0.01975397422967396,0.19725276191252533,0.019317584117498433,0.1975697775342417,0.01860614740855105,0.018589965905655998
4000,3121,0.18781116116279312,0.017546768272213402,0.18781116116279312,0.01754457478907811,1.7763568394002505e-15,0.012335143478387666,0.18847655743710984,0.0174893306213634,0.18847655743710984,0.01748714431838325,8.881784197001252e-16,0.013971492965555159,0.1885820278186054,0.01757428865633085,0.18842156157517875,0.01749683384171307,0.18788458982062256,0.018083140459036116,0.018103459288012408
4000,3122,0.20863051703126095,0.01886026099049819,0.20863051703126095,0.01885790331051017,1.7763568394002505e-15,0.008037704844387181,0.20888341960254508,0.018833614321978012,0.20888341960254508,0.01883125997303176,1.7763568394002505e-15,0.008730764986972393,0.2071992976678006,0.018866699014584223,0.2089010542659116,0.018860373572346295,0.21094715434697653,0.019059555173796743,0.01935798430666005
4000,3123,0.16237665468856166,0.017986069205716375,0.16237665468856166,0.01798382080653193,8.881784197001252e-16,0.0067375038779339345,0.16403174422177447,0.01789155058791127,0.16403174422177447,0.017889314004292566,8.881784197001252e-16,0.006527237083647023,0.16346906908687336,0.017990066625449774,0.16398464400472418,0.017900111027628444,0.1654333540037108,0.017732265299766348,0.017808484667964874
4000,3124,0.18836020589166158,0.01814181651902439,0.18836020589166158,0.01813954865020885,1.7763568394002505e-15,0.012076408118336707,0.18899835607946924,0.018023318593883723,0.18899835607946924,0.018021065538234706,1.7763568394002505e-15,0.015061923099268945,0.18972763947830684,0.01813508820726919,0.18900306891294805,0.018033962361574455,0.18875634666331514,0.017990011083166547,0.01798960307406676
4000,3125,0.15209699089101464,0.018074798912465356,0.15209699089101464,0.018072539421374278,1.7763568394002505e-15,0.00632629577278429,0.15130069056597428,0.017966656434674218,0.15130069056597428,0.01796441046223783,8.881784197001252e-16,0.006425580518641749,0.15203962243730035,0.018110496439905654,0.15126154230310557,0.017978036049357497,0.15152368190338006,0.017642118346144955,0.017736530044493673
4000,3126,0.19764541275576786,0.020424244578218512,0.19764541275576786,0.020421691388061877,1.7763568394002505e-15,0.007693274382553207,0.1951613140049931,0.019891334756740722,0.1951613140049931,0.01988884818447565,1.7763568394002505e-15,0.008597865917407967,0.1944278171202541,0.01974783626686459,0.19523771862796607,0.01993791198454391,0.195317058403578,0.019939616217534862,0.02049835340618186
4000,3127,0.1860597943230155,0.017738116978119303,0.1860597943230155,0.017735899574900675,1.7763568394002505e-15,0.012306101525950111,0.18685353386303444,0.01766289710324333,0.18685353386303444,0.017660689103096792,8.881784197001252e-16,0.013312273090597931,0.18801840955115584,0.017800229424049224,0.18681652854104236,0.017674626512640814,0.18773772391517152,0.01775372536935292,0.01771159412866286
4000,3128,0.18441706769109328,0.01822925677704622,0.18441706769109328,0.018226977977515216,1.7763568394002505e-15,0.01936377267067813,0.1826152976548045,0.01799579272497624,0.1826152976548045,0.01799354311027591,8.881784197001252e-16,0.019635464824303644,0.1829374149043002,0.018084271930072685,0.18262228446560314,0.0180127412170599,0.183647647589747,0.01839488355608711,0.01836940682741051
4000,3129,0.17508820739887354,0.018501709855259202,0.17508820739887354,0.018499396996964616,1.7763568394002505e-15,0.013612447193527555,0.1750630362802001,0.01844502015562136,0.1750630362802001,0.018442714383982175,1.7763568394002505e-15,0.013812098962360835,0.1742819592659769,0.018669061237649998,0.17507769476597157,0.018462485422831573,0.17624012940637002,0.01819057632777044,0.01818788602915746
4000,3130,0.1494875078239153,0.01801250125377816,0.1494875078239153,0.01801024955038118,1.7763568394002505e-15,0.011498948274350619,0.14691307781099444,0.017863124959900067,0.14691307781099444,0.017860891929706968,8.881784197001252e-16,0.01149167384194893,0.1483763629207624,0.017980691339218997,0.14690410190683062,0.01787977188345523,0.14580573971759536,0.01766672530932236,0.017681895549055957
4000,3131,0.2199643605691145,0.018461515755317105,0.2199643605691145,0.01845920792159907,3.552713678800501e-15,0.008592034173420379,0.21924088785079177,0.018382306803506217,0.21924088785079177,0.018380008871526052,8.881784197001252e-16,0.009054458345404576,0.22137857473840977,0.018696015636386253,0.2192451817976227,0.01840419660541089,0.21943932267916844,0.018675105177886762,0.01877177907803479
4000,3132,0.20984325331479342,0.018393698964715086,0.20984325331479342,0.018391399608625757,1.7763568394002505e-15,0.012464965340635967,0.21073950263139474,0.01828644825774616,0.21073950263139474,0.01828416230883321,8.881784197001252e-16,0.011821581315037256,0.20954206156014393,0.01849971023179979,0.2106826125182646,0.018303645288625565,0.2111894707006019,0.01777783207770015,0.017789509276232178
4000,3133,0.16384251940458838,0.017776520938742647,0.16384251940458838,0.017774298734728872,8.881784197001252e-16,0.004080635473911806,0.16382512614868688,0.017680970231428395,0.16382512614868688,0.017678759971999615,8.881784197001252e-16,0.004169278535478454,0.16407634653617592,0.01780339572761684,0.16376754695948625,0.017688958148787823,0.16295835664178726,0.01759474684209834,0.01768122114831263
4000,3134,0.20426785112613588,0.018485980366258613,0.20426785112613588,0.018483669474273053,1.7763568394002505e-15,0.01688705069948619,0.20274301788907512,0.01838869033698671,0.20274301788907512,0.018386391607014982,8.881784197001252e-16,0.01576980736327842,0.20272380983502158,0.018496519439334443,0.20277255960956359,0.018406163691388776,0.2024554508222433,0.0183862189484008,0.018378416499909515
4000,3135,0.19549625818346722,0.01888730366444729,0.19549625818346722,0.018884942603913726,1.7763568394002505e-15,0.01237886826191901,0.19443532147717035,0.018738460722189296,0.19443532147717035,0.018736118268186497,8.881784197001252e-16,0.011440517703769876,0.19390558886146086,0.018979294729408624,0.1944020916285118,0.01875960322052563,0.19340017698862372,0.01823078430923038,0.018227426109517633
4000,3136,0.19000893502114036,0.01812989350107342,0.19000893502114036,0.018127627122728283,8.881784197001252e-16,0.012412948102296407,0.18953735536601574,0.018041347663986615,0.18953735536601574,0.018039092354562965,8.881784197001252e-16,0.013794885406253787,0.19080692316535203,0.018135362854613767,0.18951811843420996,0.01805277160176592,0.18870885943895566,0.01812114466060444,0.018137811330689955
4000,3137,0.16152605574120982,0.018281542640248463,0.16152605574120982,0.018279257304576024,8.881784197001252e-16,0.013143173093003542,0.16145973437066952,0.018091000762675006,0.16145973437066952,0.01808873924622606,1.7763568394002505e-15,0.01315120730412445,0.16290143364732912,0.018250545383390448,0.161470342214028,0.018102575864247693,0.16082623033854215,0.018433191494447512,0.018501705247727148
4000,3138,0.16809635579451043,0.017595985933253743,0.16809635579451043,0.01759378629752626,1.7763568394002505e-15,0.017615606384802415,0.1694807960793901,0.017505974963739523,0.1694807960793901,0.017503786580086528,8.881784197001252e-16,0.017312446561011267,0.168731674333437,0.017606129390110806,0.16940455291919027,0.017512460942678523,0.1694818727739067,0.017533258324018367,0.01753514198353363
4000,3139,0.16392064660115435,0.01811451311617643,0.16392064660115435,0.01811224866049958,1.7763568394002505e-15,0.004001317452888251,0.16392629109041895,0.018060735079238686,0.16392629109041895,0.018058477346236647,1.7763568394002505e-15,0.004336871238467408,0.16257524870375345,0.01813957427070392,0.16391319695827583,0.01807306905438568,0.16365935314186403,0.018407942872492606,0.018410045335268386
4000,3140,0.19681223730778646,0.017826438563893682,0.19681223730778646,0.017824210119786736,8.881784197001252e-16,0.013516061815299166,0.1983332318746832,0.017682352267947267,0.1983332318746832,0.017680141835753123,8.881784197001252e-16,0.012524190219925051,0.19748493991723276,0.017768969429288996,0.198303699139165,0.017691975416410887,0.19957961788055822,0.01777006967499979,0.017711367680539374
4000,3141,0.21007747716837183,0.018405739900358542,0.21007747716837183,0.018403439039058174,1.7763568394002505e-15,0.015017462614652683,0.20958864145953604,0.018271558015196573,0.20958864145953604,0.018269273927680286,1.7763568394002505e-15,0.016837675476460343,0.20974285098403117,0.01843359483480826,0.209602431717538,0.018282271256859644,0.2090620687105944,0.018656011129701115,0.018638395745566895
4000,3142,0.15548291789123775,0.01818251522156067,0.15548291789123775,0.018180242265089318,3.552713678800501e-15,0.01098997742531635,0.15546354363940634,0.018017554739358524,0.15546354363940634,0.01801530240423636,1.7763568394002505e-15,0.009826393734724641,0.15562242971882084,0.018176019868375175,0.1554731669987494,0.018029541023545287,0.15612993959254273,0.01812111055517817,0.0182106665055268
4000,3143,0.20061529860773586,0.01817420419507453,0.20061529860773586,0.01817193227754642,1.7763568394002505e-15,0.013015771671047087,0.20024240260035125,0.017982630697718282,0.20024240260035125,0.017980382728374197,1.7763568394002505e-15,0.014083008183226832,0.198911617689972,0.018028514403904954,0.20019438396454414,0.017999495713057735,0.19937093009377194,0.018427922216932815,0.018445622031427997
4000,3144,0.19663413141989589,0.019678305670759635,0.19663413141989589,0.019675845728794807,3.552713678800501e-15,0.012021158928593267,0.19636688135585134,0.01954592129154768,0.19636688135585134,0.019543477898664636,3.552713678800501e-15,0.01246742935984151,0.19631986757787045,0.019769429624111413,0.19646635802158413,0.01958217575506419,0.19713009448650914,0.019231973297622832,0.019264421357370002
4000,3145,0.22075784449510572,0.019772560560396772,0.22075784449510572,0.019770088835834282,3.552713678800501e-15,0.014787013612201508,0.2205207677318594,0.019890115032405564,0.2205207677318594,0.019887628612615563,3.552713678800501e-15,0.012988615528177982,0.22170568228540444,0.02033901867348304,0.22066282278764215,0.019952929399419696,0.21735342736333985,0.020613634932073646,0.02179906989839641
4000,3146,0.18277112646064447,0.018297691465174747,0.18277112646064447,0.018295404110773017,1.7763568394002505e-15,0.010872692940009268,0.18405788326917288,0.018143877517027632,0.18405788326917288,0.018141609390571238,8.881784197001252e-16,0.00882388147688367,0.184642001135027,0.01830087065171019,0.1840722487698807,0.01815898577725647,0.1839105131640501,0.018361152694081406,0.018361559680577882
4000,3147,0.19642464983989494,0.018360686085553784,0.19642464983989494,0.0183583908563323,1.7763568394002505e-15,0.017856026529270572,0.19504027089134224,0.018233363020163543,0.19504027089134224,0.01823108370732007,1.3322676295501878e-15,0.019704042217334974,0.19497755012438955,0.018308810838976543,0.19503555107282833,0.018245614615251128,0.19379482160459682,0.01895750412663919,0.018995456771100844
4000,3148,0.1894883927463929,0.018584570429728425,0.1894883927463929,0.018582247213214602,8.881784197001252e-16,0.007807880950338259,0.18929377866178948,0.018511980029407987,0.18929377866178948,0.018509665887261387,8.881784197001252e-16,0.007424145396761172,0.1904486366957317,0.01874574819233704,0.18930115352732718,0.018526203401582314,0.18824600491426657,0.018163548330030175,0.018156420064645563
4000,3149,0.1874760409985552,0.019335050345562016,0.1874760409985552,0.019332633313194854,8.881784197001252e-16,0.012147449736166901,0.18655618358410792,0.019218382518473208,0.18655618358410792,0.019215980070496012,8.881784197001252e-16,0.012360135629059469,0.18683602990464449,0.0195805204516923,0.18657261315948892,0.019244296203949986,0.18512613608406342,0.018813238054256238,0.0191095473399226
4000,3150,0.18182868630735705,0.017749601152027214,0.18182868630735705,0.017747382313197117,8.881784197001252e-16,0.010446633232169579,0.18157084734846807,0.017643038866682337,0.18157084734846807,0.017640833348970528,8.881784197001252e-16,0.01183814084945614,0.18117128849313197,0.017769679260742192,0.1815137488914897,0.017650368781707136,0.18249237590403666,0.017380860373206766,0.017350070104934737
4000,3151,0.21817533035234637,0.017988442512418868,0.21817533035234637,0.01798619381655254,1.7763568394002505e-15,0.00464906264647958,0.21930402141078503,0.017884617755158434,0.21930402141078503,0.017882382038198,8.881784197001252e-16,0.0046254326118771935,0.21909883207869602,0.017998006040347188,0.21924335591108146,0.017897817971829592,0.22050541160178022,0.017573655506268073,0.01760134257130874
4000,3152,0.19225211327574676,0.019472798006410746,0.19225211327574676,0.019470363754509692,1.7763568394002505e-15,0.01056790390754637,0.19367201997549888,0.019280808426366283,0.19367201997549888,0.019278398174662835,1.7763568394002505e-15,0.010774824635820978,0.1951280029548274,0.019842072890238923,0.19373503772232037,0.019313623704236265,0.19325164343967927,0.01822667683791713,0.01825161486205132
4000,3153,0.17927801654561842,0.018603964197060306,0.17927801654561842,0.018601638556174034,8.881784197001252e-16,0.014648815162552264,0.1791091529352497,0.01853539959771507,0.1791091529352497,0.018533082527939445,1.7763568394002505e-15,0.017303461430190997,0.17886475255451723,0.018743339764653602,0.17915491876715278,0.01855731602395717,0.17864335179993307,0.01857092589112409,0.018570757581451627
4000,3154,0.20372758409471753,0.018488941835163676,0.20372758409471753,0.018486630572971365,1.7763568394002505e-15,0.009761152046049862,0.2042319083967844,0.018476670167820085,0.2042319083967844,0.018474360439682074,2.6645352591003757e-15,0.009316545632677248,0.2040450625443766,0.018628102868904275,0.20427505829110193,0.01850245206933434,0.2034741734052316,0.018112551995145103,0.018117574514002477
4000,3155,0.20542072270182182,0.017927816421444365,0.20542072270182182,0.017925575304313105,8.881784197001252e-16,0.016118560067807555,0.20610770311870108,0.0178824807147904,0.20610770311870108,0.017880245264976707,1.7763568394002505e-15,0.016672767196751665,0.20596159046079437,0.018024764069786075,0.20610444271453426,0.01789351817756436,0.20753927747031597,0.019123519153540658,0.019199258457620286
4000,3156,0.18073666959708012,0.01853492598352618,0.18073666959708012,0.018532608972956027,1.3322676295501878e-15,0.010511975087912616,0.1809380847961632,0.01850994986350304,0.1809380847961632,0.01850763597514304,8.881784197001252e-16,0.010432447108586484,0.18048192203263863,0.0186193330180564,0.18096445998706456,0.018527847511330933,0.18071265443396578,0.01843624266136891,0.01843329749300348
4000,3157,0.17951505699506481,0.018279666805464827,0.17951505699506481,0.01827738170428639,8.881784197001252e-16,0.01251057302329466,0.1788653867729435,0.018188055304626673,0.1788653867729435,0.01818578165560165,8.881784197001252e-16,0.012572014462713168,0.17850704038889875,0.018248790119278095,0.1788488353078726,0.018200800237457845,0.17790512123054858,0.01805945177138527,0.018066454989154934
4000,3158,0.160155679191254,0.018290130007183474,0.160155679191254,0.018287843598023074,8.881784197001252e-16,0.008965707740460403,0.16018333939146245,0.018118377007164413,0.16018333939146245,0.018116112068471003,4.440892098500626e-16,0.009222502974422665,0.16083283307782154,0.018275190895892888,0.1601957304550689,0.01812668149834113,0.16076203953923157,0.01831757045524103,0.018362900613704557
4000,3159,0.19679204759155727,0.0193452447345711,0.19679204759155727,0.019342826427825657,1.7763568394002505e-15,0.009412828900358617,0.1981641404234497,0.019129169929682444,0.1981641404234497,0.01912677863397591,3.552713678800501e-15,0.009275108391788254,0.1971193318663183,0.019227099120563772,0.19824612116213308,0.01916009521947316,0.19858815583726447,0.01843981026040029,0.01844216502144443
4000,3160,0.16462373212225412,0.017313032682794122,0.16462373212225412,0.017310868418433798,8.881784197001252e-16,0.016567599939308463,0.16435945863264445,0.017252360673923734,0.16435945863264445,0.01725020399403858,8.881784197001252e-16,0.018374185247850113,0.16447502744873033,0.01730670866538395,0.16433677570487604,0.017257153619977546,0.16186259163376093,0.01768593004263445,0.017827071901565645
4000,3161,0.16681454065843454,0.019255427984629845,0.16681454065843454,0.01925302090567993,8.881784197001252e-16,0.008148961667550787,0.16726932051832988,0.018977153378432376,0.16726932051832988,0.018974781085982523,3.552713678800501e-15,0.00832880846635675,0.16653833024417392,0.01923166945795246,0.16727513327168508,0.019007734470986,0.16801876746016858,0.018873508430971336,0.018808527037246378
4000,3162,0.14792084100614572,0.018834063599168747,0.14792084100614572,0.018831709194059333,8.881784197001252e-16,0.009448527414342918,0.14889599423406863,0.018762742950434272,0.14889599423406863,0.01876039746096321,1.7763568394002505e-15,0.010208229157394519,0.14693876117887594,0.01887560369412247,0.1488951988724483,0.018779551635967177,0.14754947018370307,0.017963233558378103,0.017972991051768097
4000,3163,0.20703059787921702,0.018564668727821917,0.20703059787921702,0.018562347999176335,8.881784197001252e-16,0.011732633504485755,0.20588661362425553,0.018392280222543925,0.20588661362425553,0.018389981043808453,8.881784197001252e-16,0.010447752018175981,0.2069021951636073,0.018745916512295673,0.20589728366844817,0.018412615630463716,0.20560651043958927,0.01855671221918816,0.018523355581850375
4000,3164,0.17785604099084618,0.018015023436702117,0.17785604099084618,0.018012771418012562,1.7763568394002505e-15,0.008942140010686191,0.17764999879415716,0.017954373273175627,0.17764999879415716,0.017952128836230402,8.881784197001252e-16,0.008532870264165182,0.1779642773418234,0.01806268070557242,0.17763325567171312,0.017962347586682362,0.17750582494456268,0.017748498184996197,0.01775619166895536
4000,3165,0.16694903545976825,0.017536515462606126,0.16694903545976825,0.017534323261152146,1.7763568394002505e-15,0.008678312829219256,0.16682215814034151,0.01745152166097964,0.16682215814034151,0.01744934008441496,8.881784197001252e-16,0.008426301256615467,0.1660880155936953,0.017507573599851323,0.16679093100154996,0.017461257386809873,0.16560056739531587,0.01736969835519189,0.017451812948677745
4000,3166,0.18387907823090122,0.018469630901354308,0.18387907823090122,0.018467322053179604,1.7763568394002505e-15,0.013946294534958008,0.1831368749687749,0.01835884063870842,0.1831368749687749,0.01835654564018221,1.7763568394002505e-15,0.013213475431453408,0.18317285231243102,0.0185520930720654,0.18314520327066358,0.018372840589226,0.18199717845626712,0.018626039472883396,0.018637234523892782
4000,3167,0.17247696269687945,0.018242094365647426,0.17247696269687945,0.01823981396131754,1.7763568394002505e-15,0.017171972537517965,0.17430942715267084,0.018157266659303277,0.17430942715267084,0.018154996859099482,1.7763568394002505e-15,0.018792970651331883,0.17368412874946138,0.018233735433912664,0.17432054274805697,0.018168312537681836,0.17366283453125064,0.018529553526285113,0.018527013009489623
4000,3168,0.1912114180065319,0.01799704739694204,0.1912114180065319,0.017994797625397914,1.7763568394002505e-15,0.008718311205519372,0.19016684244954613,0.0178897743659808,0.19016684244954613,0.01788753800440372,1.7763568394002505e-15,0.009411587480646537,0.18982935335185097,0.01799890439780201,0.19012287088808383,0.01790301454258773,0.19061628515882567,0.017960697121315358,0.017964689945770034
4000,3169,0.17979061099095106,0.017917721521898824,0.17979061099095106,0.01791548166670889,8.881784197001252e-16,0.020798260946846354,0.18070628109429393,0.017815562852469335,0.18070628109429393,0.01781333576791129,1.7763568394002505e-15,0.021562203646539792,0.17962547629520997,0.017957319601090503,0.18069933264680182,0.017824797207773576,0.18245527540910988,0.018405730977529136,0.018353678933789936
4000,3170,0.22119201913850883,0.017778725129646945,0.22119201913850883,0.017776502650092084,1.7763568394002505e-15,0.0066332981696946005,0.2210813786850071,0.017705020702368953,0.2210813786850071,0.01770280743644339,8.881784197001252e-16,0.006614776891563676,0.22202770943689437,0.017794792690745857,0.22098807049525448,0.017714141478721423,0.22291182979233665,0.017696593201175843,0.017682576932214127
4000,3171,0.2132029514422652,0.018502243539089698,0.2132029514422652,0.018499930614080465,3.552713678800501e-15,0.007054176282936969,0.21279169223686806,0.018300118566690386,0.21279169223686806,0.018297830908882002,1.7763568394002505e-15,0.00791545558037305,0.21297823849350328,0.01843654334554032,0.21275334321590422,0.018322266707262114,0.21609182322401355,0.017705083154627908,0.017791418552329356
4000,3172,0.2056352157817561,0.018422843195032623,0.2056352157817561,0.01842054019568679,1.7763568394002505e-15,0.006018563443786322,0.20609557029823605,0.018229502634001082,0.20609557029823605,0.01822722380373604,1.7763568394002505e-15,0.007025975178720949,0.20594013761490754,0.01837441178647874,0.2061110344975991,0.01823925325327264,0.20624241271312327,0.018106131728823603,0.018107279907530357
4000,3173,0.22215673567129884,0.018886093881942706,0.22215673567129884,0.018883732972641412,1.3322676295501878e-15,0.010420392914971923,0.2213740270525706,0.018708852422893024,0.2213740270525706,0.01870651367015898,3.552713678800501e-15,0.01088384353985785,0.22069670841299688,0.01875697411201234,0.22138697496564563,0.018732260949085946,0.22112649918945154,0.018930493879722437,0.01894793968608959
4000,3174,0.1891887115211322,0.018274411295719103,0.1891887115211322,0.018272126851520454,1.7763568394002505e-15,0.010294555570771767,0.19072208288100773,0.01807622470355595,0.19072208288100773,0.018073965034229846,1.7763568394002505e-15,0.010476075509033877,0.19051377130541947,0.018172697032183754,0.19069149872804037,0.01808871476953799,0.1885775626091109,0.01798639281183335,0.017994283061976292
4000,3175,0.18631430801313031,0.018609231543455836,0.18631430801313031,0.018606905244110107,1.7763568394002505e-15,0.009355913469781508,0.1878870813532007,0.018453096042407368,0.1878870813532007,0.018450789261219232,3.552713678800501e-15,0.007496906254902855,0.18870084906863438,0.018550730073172927,0.18789339701054847,0.01848152812055921,0.1884733377951776,0.01887805044688229,0.01887337437573397
4000,3176,0.19477534085304898,0.018438392363299316,0.19477534085304898,0.018436087420185952,8.881784197001252e-16,0.010422497231293099,0.19507223840826216,0.018278723642474543,0.19507223840826216,0.018276438659198854,1.7763568394002505e-15,0.011895439496405244,0.19540586674405996,0.018399962583541797,0.19504932205133008,0.01829713948248829,0.19231861711669168,0.018052197090320306,0.018025819759686857
4000,3177,0.15683927621370441,0.01863590966302432,0.15683927621370441,0.01863358002870519,3.552713678800501e-15,0.008358398814642566,0.1560628540893037,0.018450451410135307,0.1560628540893037,0.01844814495954687,8.881784197001252e-16,0.009092305111291684,0.15633789925448616,0.018547969369898176,0.156098510560297,0.018473932306567083,0.156364101525451,0.01834677908639707,0.0183691571708819
4000,3178,0.17381835498311382,0.018779998172967,0.17381835498311382,0.018777650526458304,8.881784197001252e-16,0.01575267962295824,0.17185797810193665,0.018662190768290062,0.17185797810193665,0.018659857848627434,8.881784197001252e-16,0.015275573213057222,0.17233538342314786,0.01879513226408433,0.1718673905747442,0.018681866214927255,0.17151667969702244,0.01857023295153893,0.01862912677856713
4000,3179,0.1723062060356475,0.018404867860434736,0.1723062060356475,0.018402567108146174,8.881784197001252e-16,0.0025890030620063067,0.17161008271837241,0.018318084874518543,0.17161008271837241,0.018315794970781295,1.7763568394002505e-15,0.0021375870792224197,0.17341201647409743,0.018447868263223793,0.17161759515758418,0.018329035330606067,0.17198254605125424,0.017910985607827463,0.01797057092689428
4000,3180,0.19657185989884696,0.018700985873534956,0.19657185989884696,0.01869864810418105,1.7763568394002505e-15,0.005850480191258969,0.19603903068989137,0.018541932052434894,0.19603903068989137,0.018539614166051384,1.7763568394002505e-15,0.0059309687012200464,0.19717329614976176,0.018738675842327406,0.19608767637352265,0.0185559621712682,0.19610814890106332,0.018359599584489763,0.01824978649450777
4000,3181,0.1703462012239803,0.018286453187054862,0.1703462012239803,0.018284167237525704,8.881784197001252e-16,0.013448949183990219,0.17105478912849076,0.01811139059022774,0.17105478912849076,0.01810912652489103,1.7763568394002505e-15,0.014750273874709388,0.1720132054758144,0.01821031461952133,0.171017385755657,0.01812265581960641,0.17161534652000432,0.01788504834417392,0.017912322301560982
4000,3182,0.17757306263174755,0.018650400184450567,0.17757306263174755,0.018648068738703043,1.7763568394002505e-15,0.007952479696792183,0.1772805290669644,0.018466151290102845,0.1772805290669644,0.01846384287690674,1.7763568394002505e-15,0.00878176288618302,0.17887196578414105,0.018615920052946888,0.1772736922037607,0.01848127259811188,0.17757459016389843,0.018178137846221337,0.018181661665748396
4000,3183,0.1827945236280067,0.018387397084328103,0.1827945236280067,0.018385098516023064,1.7763568394002505e-15,0.014542763191797252,0.181445907108451,0.018275773089729493,0.181445907108451,0.01827348847529595,8.881784197001252e-16,0.016126793180816588,0.18042142940856237,0.018386918417967323,0.18143815212984205,0.01828609860200117,0.18022148939930083,0.018487928576614077,0.018484036693139964
4000,3184,0.21104624305461556,0.01824519453385712,0.21104624305461556,0.018242913741981986,1.7763568394002505e-15,0.009084968389339214,0.20941706478502148,0.018105509885229167,0.20941706478502148,0.018103246555026535,8.881784197001252e-16,0.010130062205125388,0.20903941979483742,0.018186372055391704,0.2094427763340188,0.018110635344627365,0.20845587092901574,0.018713800986813543,0.018663165162774616
4000,3185,0.2053560269170449,0.017756597865105275,0.2053560269170449,0.017754378151631372,8.881784197001252e-16,0.012339481760280848,0.20552592209113352,0.017658941040009774,0.20552592209113352,0.017656733534402048,1.7763568394002505e-15,0.013494525791070957,0.2060346259687525,0.017730868003800547,0.2055111838213442,0.0176642793879936,0.20504602377544595,0.017842392041659674,0.01791180839829137
4000,3186,0.17455430555347012,0.017884640104867434,0.17455430555347012,0.017882404385113106,1.7763568394002505e-15,0.01220982658874752,0.17503118875280377,0.017841285912272433,0.17503118875280377,0.01783905561213093,1.7763568394002505e-15,0.012148078069777477,0.17335810338486884,0.017913327824373868,0.1750008289473557,0.01784671671620531,0.17499179670628667,0.018009838902331016,0.01804659069654222
4000,3187,0.18999938692298646,0.018902172634095465,0.18999938692298646,0.01889980971482452,8.881784197001252e-16,0.005845254713986128,0.18991686589571405,0.018754763937937673,0.18991686589571405,0.01875241944590552,8.881784197001252e-16,0.005477139246310586,0.18812439575673467,0.01890866214122729,0.18990743605086208,0.018769012596896603,0.1902933248763377,0.018172156139383607,0.01817256446773844
4000,3188,0.1460883086026284,0.018601936391850465,0.1460883086026284,0.018599611004455688,1.7763568394002505e-15,0.017769998232162465,0.14582333170486522,0.01843202189299847,0.14582333170486522,0.018429717746243676,1.7763568394002505e-15,0.019881122779616633,0.1456572369267211,0.01862501064737344,0.14584571931432222,0.018454902529085233,0.14609339692885126,0.01877357749851799,0.018713245789741352
4000,3189,0.22065736942063396,0.01923103337359642,0.22065736942063396,0.019228629344163486,3.552713678800501e-15,0.0047212531328164106,0.22099339348485714,0.019172336497263093,0.22099339348485714,0.01916993980539833,3.552713678800501e-15,0.005035388816762627,0.22093459186365677,0.01941478186979206,0.220990009241054,0.01920138099219503,0.2214579509285926,0.01866180128346047,0.018731567775132307
4000,3190,0.18519780844029687,0.01817566214145221,0.18519780844029687,0.018173390041669416,1.7763568394002505e-15,0.017428877524218865,0.18593997423883202,0.018133619520502908,0.18593997423883202,0.01813135267637623,1.7763568394002505e-15,0.018027989249257335,0.18464537634820816,0.018231712701467433,0.18593682528064326,0.018146106341847153,0.1868897884139683,0.018209845089064064,0.01816573671826582
4000,3191,0.17901564927675556,0.018484170076545278,0.17901564927675556,0.01848185941086008,1.7763568394002505e-15,0.010180736843411095,0.17834311290552562,0.01841375718488847,0.17834311290552562,0.018411455321364893,8.881784197001252e-16,0.009274442897353937,0.17841793626564362,0.01848831831292962,0.1783354383364001,0.01842904483581101,0.1784011311701726,0.01821236350119102,0.01822107087658793
4000,3192,0.16331734643578671,0.018339738744154677,0.16331734643578671,0.018337446133514537,1.7763568394002505e-15,0.020776939291164146,0.16278252505701968,0.018244961401353087,0.16278252505701968,0.018242680638621334,1.7763568394002505e-15,0.020818659936279325,0.16181314539487907,0.01840463299641747,0.16280381405615657,0.018259698752012474,0.16273359692229722,0.018373594205002137,0.018409246543634062
4000,3193,0.20317868455168742,0.01724837084380664,0.20317868455168742,0.017246214662681423,8.881784197001252e-16,0.028911567525419957,0.2016431757393381,0.017140869546385787,0.2016431757393381,0.017138726803762706,1.3322676295501878e-15,0.027723300429417144,0.20310736894021797,0.01723722711403151,0.2016256357568541,0.017143421598181635,0.19809741011683102,0.018061375668126548,0.018023387654562215
4000,3194,0.16070740394961613,0.02057552794266293,0.16070740394961613,0.02057295584090369,7.105427357601002e-15,0.003841300585689057,0.16261070841390213,0.020404318504102688,0.16261070841390213,0.02040176780486101,8.881784197001252e-16,0.004256823671416638,0.1624934771048281,0.020510070704200006,0.16265984400510486,0.020462951821340274,0.16205540598424956,0.01962292177133271,0.019634427494899857
4000,3195,0.2059087298525949,0.018366609079695066,0.2059087298525949,0.018364313110053033,8.881784197001252e-16,0.013850612719480416,0.20488468513883562,0.01821520465829451,0.20488468513883562,0.018212927615388147,8.881784197001252e-16,0.014437784408793671,0.204778435452171,0.018391257973442376,0.20483198675282416,0.018234223139273822,0.205826878203206,0.017710659458422408,0.01772724857104922
4000,3196,0.1790611376328589,0.01781765837347375,0.1790611376328589,0.017815431026959205,8.881784197001252e-16,0.014995863640915243,0.1787925506365436,0.01776474999121444,0.1787925506365436,0.01776252925866108,1.7763568394002505e-15,0.014416800495238283,0.179940098649361,0.017948958373831352,0.17875937904102213,0.017773754543738626,0.17743316313359575,0.017651945566804043,0.01769625903178519
4000,3197,0.19063405578190173,0.018416809636469147,0.19063405578190173,0.01841450739136528,8.881784197001252e-16,0.009980455863181031,0.19097375196464406,0.018264113408988113,0.19097375196464406,0.018261830252105767,8.881784197001252e-16,0.00992866176909586,0.19172740276791217,0.018446994017619154,0.19097269264272249,0.018279426116505317,0.19013632158045213,0.01827207345064099,0.018207358100319655
4000,3198,0.15557136094208646,0.018440648813451293,0.15557136094208646,0.01843834358826403,1.7763568394002505e-15,0.024328154783819108,0.15555190974536093,0.018336138057635756,0.15555190974536093,0.01833384589710956,8.881784197001252e-16,0.02322751791429108,0.15491570279245004,0.018470431928764155,0.15556411195418307,0.018349984819547523,0.15735978208837986,0.01869514427486175,0.018688912751191666
4000,3199,0.20038572548032096,0.018480812134290436,0.20038572548032096,0.018478501888374254,1.7763568394002505e-15,0.0126215725861555,0.19996763934261996,0.018308527508915103,0.19996763934261996,0.018306238799923238,1.7763568394002505e-15,0.012856403197205688,0.20102948603581855,0.018499504434825783,0.19997492896091273,0.018322544471797007,0.19996754277167017,0.01817922154288232,0.018182945883135373
4000,3200,0.170772735933307,0.018035352518251065,0.170772735933307,0.018033097958267474,1.7763568394002505e-15,0.01960494558691387,0.1700213391079347,0.017924444717629783,0.1700213391079347,0.01792220402198785,8.881784197001252e-16,0.019729600770904437,0.1697615106040865,0.01801142402961112,0.1700091550649368,0.017937427365866145,0.16929042943608535,0.01839795710237969,0.018393448474677648
4000,3201,0.21171801906450916,0.017872289344741735,0.21171801906450916,0.017870055168928922,1.7763568394002505e-15,0.008563083151881097,0.21213435668110242,0.01789647808976045,0.21213435668110242,0.017894240890165516,8.881784197001252e-16,0.009002353864355701,0.21189074639881073,0.017991389868353354,0.21205789752858706,0.017905168149255725,0.2140801639792378,0.017978562044049354,0.017995114943874634
4000,3202,0.18532706858054276,0.018143359360322783,0.18532706858054276,0.018141091298640024,8.881784197001252e-16,0.008397854715326098,0.18582726609886774,0.01800582182704547,0.18582726609886774,0.018003570958629016,1.7763568394002505e-15,0.009530602131495373,0.18539938980562481,0.018100465663493315,0.18579596409807597,0.018022426911045313,0.18716287667515918,0.017899367407903714,0.017900563851266305
4000,3203,0.18697375053037468,0.01815303809824001,0.18697375053037468,0.018150768826639394,1.7763568394002505e-15,0.008246114084048116,0.18572095111968917,0.018035032869591947,0.18572095111968917,0.01803277834956694,1.7763568394002505e-15,0.008591014312945783,0.18726563864271062,0.018220781625486168,0.18567023609008843,0.018051438765606585,0.1851267528677945,0.01788362162415921,0.017865566486088936
4000,3204,0.16512878648328871,0.017817246227581993,0.16512878648328871,0.017815018932588907,1.7763568394002505e-15,0.005497197719664164,0.16435252413965257,0.017732894065687378,0.16435252413965257,0.017730677315373616,1.7763568394002505e-15,0.005586777289221969,0.16467162880654546,0.01780698488755752,0.1643752031365529,0.01774200278589382,0.16336295081174984,0.01822277018441655,0.018236527035598145
4000,3205,0.17681299514821452,0.018380287971033915,0.17681299514821452,0.018377990291423583,1.7763568394002505e-15,0.013571851698123716,0.1751839201687833,0.018250010704869823,0.1751839201687833,0.01824772931093568,8.881784197001252e-16,0.012397466166397308,0.174722285148101,0.018352695010990537,0.17515655263927005,0.018267192225263146,0.1746463099021393,0.01817259194699755,0.018144328956091443
4000,3206,0.18082135276522243,0.01870261747856675,0.18082135276522243,0.018700279505249467,1.7763568394002505e-15,0.008756212330659395,0.17977627135630292,0.018503283150600493,0.17977627135630292,0.018500970095631692,8.881784197001252e-16,0.007703909754172919,0.17955209313657466,0.018793386661382847,0.1797780773407595,0.01852199717618397,0.17878725717657135,0.018082754167895784,0.018077251207704613
4000,3207,0.1814899791424423,0.017858186040114764,0.1814899791424423,0.017855953627325227,8.881784197001252e-16,0.008706444196678549,0.181289607106624,0.01775841192530578,0.181289607106624,0.01775619198506018,8.881784197001252e-16,0.009074591159875444,0.18045158057034677,0.017851469784824266,0.1812817537877464,0.01776654227860029,0.18252687655225724,0.01737457150288378,0.017407005475335226
4000,3208,0.16086629555432996,0.01795909010498983,0.16086629555432996,0.017956845078403776,8.881784197001252e-16,0.015199227467059874,0.16094443419985904,0.01784565165238806,0.16094443419985904,0.01784342080649493,8.881784197001252e-16,0.017112700397065708,0.16135168320573606,0.018104701385816057,0.1609209929116372,0.017861011514299353,0.15830210461651933,0.018013478472038255,0.017964105575982752
4000,3209,0.1714909740716415,0.018384313410391092,0.1714909740716415,0.018382015227569392,1.7763568394002505e-15,0.01275310096329229,0.17191050133335356,0.018344403686776693,0.17191050133335356,0.01834211049298228,8.881784197001252e-16,0.013104639704432644,0.17214428929317416,0.018532226343528607,0.17190860781457673,0.018356560502754464,0.17188727546445393,0.018093936644807334,0.018097402833519852
4000,3210,0.20198479409705417,0.019178535416360918,0.20198479409705417,0.019176137949582835,1.7763568394002505e-15,0.012885569809339706,0.20237200516154652,0.01892262913121604,0.20237200516154652,0.01892026365472312,1.7763568394002505e-15,0.014922476304878647,0.20183098248057463,0.018991609228721083,0.20243890531624487,0.01894972824968012,0.20426537374782622,0.01955334453020487,0.019700089910726835
4000,3211,0.14288282611543762,0.01847839628381177,0.14288282611543762,0.018476086339895774,1.7763568394002505e-15,0.01072358879700526,0.14221487337632516,0.01836042108013071,0.14221487337632516,0.01835812588403697,1.7763568394002505e-15,0.011049344697519798,0.14159713440562632,0.01837717553252849,0.14222385526018416,0.018377683091034033,0.14308525632142083,0.018379657880401846,0.018309142661987448
4000,3212,0.15496986201351487,0.018210863991976328,0.15496986201351487,0.018208587491687172,1.7763568394002505e-15,0.012044682466862992,0.15567572538157387,0.01816008202831879,0.15567572538157387,0.01815781187617187,8.881784197001252e-16,0.012379608105309805,0.15652104242044296,0.018222105830796868,0.15568216022712633,0.01817430948938821,0.1557057035690027,0.018520716140482986,0.018516490793747096
4000,3213,0.17545911472964498,0.018313689864927145,0.17545911472964498,0.018311400510600442,8.881784197001252e-16,0.007804354871139227,0.17434118182601227,0.017997077642760137,0.17434118182601227,0.017994827867435045,1.7763568394002505e-15,0.008766792240813113,0.1743574351738726,0.01817080924385077,0.17433556472976675,0.018021426412455202,0.1741683872688184,0.017671584149255015,0.01768711073934995
4000,3214,0.23537023030102516,0.017791680184214863,0.23537023030102516,0.017789456085176958,1.7763568394002505e-15,0.013698887404185815,0.23487566397942472,0.017703960454043547,0.23487566397942472,0.01770174732065731,1.7763568394002505e-15,0.01359877562469476,0.23509408719182628,0.01779372134036083,0.23483373363704457,0.01771147297916011,0.23850459680978292,0.018394607110794898,0.01847525023086755
4000,3215,0.19307630193617437,0.017810010677636323,0.19307630193617437,0.017807784287143514,8.881784197001252e-16,0.010511389577856198,0.19267170018910496,0.01769759533873756,0.19267170018910496,0.017695383001040465,8.881784197001252e-16,0.01262690430435275,0.19166756916085265,0.017740259357653,0.19264477999059804,0.017707927546212674,0.19267634778796555,0.01791527046387574,0.017902304243992608
4000,3216,0.21043916848396493,0.018127516824505373,0.21043916848396493,0.01812525074326338,1.7763568394002505e-15,0.010627448428120875,0.21130884562257657,0.018051545396470414,0.21130884562257657,0.018049288812250524,8.881784197001252e-16,0.01048224389847851,0.21256904783100705,0.01819482610909407,0.21136398956371977,0.0180619607799399,0.20933245919100774,0.018453684065533087,0.018168443395368092
4000,3217,0.19384334490256827,0.01810013695121564,0.19384334490256827,0.018097874292671737,8.881784197001252e-16,0.012123942849203513,0.1913553455242692,0.017928450356881676,0.1913553455242692,0.01792620916050354,8.881784197001252e-16,0.01160471280100964,0.19142977544772477,0.01797565271449133,0.191340209411265,0.017940445672123665,0.19141891615988116,0.018674297761632434,0.018671341614402193
4000,3218,0.19469499967068582,0.017730643346237474,0.19469499967068582,0.017728426877281225,8.881784197001252e-16,0.011791564631629111,0.19602994000255508,0.017645600849811083,0.19602994000255508,0.01764339501183137,8.881784197001252e-16,0.01207774494906321,0.1970087024706561,0.017769248295644993,0.1960211664937232,0.01765259992284171,0.1962090795485889,0.018049389289876382,0.018056229874036777
4000,3219,0.1831243849202588,0.019230710577037104,0.1831243849202588,0.019228306587956268,3.552713678800501e-15,0.01382953330725076,0.18378881499482974,0.019049474673678023,0.18378881499482974,0.019047093340501187,8.881784197001252e-16,0.016723862098079294,0.18409923875620515,0.01920905690047972,0.18385310708015906,0.019075478462472352,0.18412509395162674,0.01919757441407791,0.019165623240394863
4000,3220,0.17396925868650898,0.018073107240462072,0.17396925868650898,0.01807084796084321,1.7763568394002505e-15,0.007958172410925989,0.17371595889034314,0.01791794980253088,0.17371595889034314,0.01791570991880408,8.881784197001252e-16,0.008558124268403184,0.17261241417037032,0.018022646082420747,0.17368144070540575,0.0179263103582945,0.1739451850005253,0.01763659499626306,0.01768491920154838
4000,3221,0.17686662675934262,0.018007909721280347,0.17686662675934262,0.018005658591860804,1.7763568394002505e-15,0.016539570805914273,0.17665841941442267,0.017969602005107863,0.17665841941442267,0.017967355664452154,1.7763568394002505e-15,0.016440479097860523,0.1750749000960859,0.018118398208423807,0.17659914879722044,0.017973150631803714,0.17565672953451167,0.018150036675276555,0.018128401787255343
4000,3222,0.1771889056711175,0.018673425500509395,0.1771889056711175,0.018671091176417458,1.7763568394002505e-15,0.016928887905812078,0.17673428239077238,0.01851225293555147,0.17673428239077238,0.018509938759289468,1.7763568394002505e-15,0.01710856876346302,0.1777059136391615,0.01859012940819794,0.17676186601741573,0.018533932293335782,0.1765967396438834,0.019073735412401014,0.019061872328264968
4000,3223,0.18569311824835116,0.018577269078369204,0.18569311824835116,0.018574946774581352,8.881784197001252e-16,0.011019202064705271,0.18459800766999507,0.018518622758145323,0.18459800766999507,0.018516307785605726,1.7763568394002505e-15,0.01085027752117042,0.18589779119822175,0.018797556563305475,0.18463651395615094,0.018532223006485733,0.18577162870426406,0.01864131981319402,0.018652914807625806
4000,3224,0.18036872912343754,0.018847496598149993,0.18036872912343754,0.01884514051381075,8.881784197001252e-16,0.008266568091303111,0.17957520706108093,0.018733309833032664,0.17957520706108093,0.01873096802293125,1.7763568394002505e-15,0.00726814286234626,0.1788929872145683,0.018831635138290222,0.17958333580917307,0.018758560691581334,0.17833088063309854,0.018247472752675922,0.018244307207107964
4000,3225,0.1905785623041153,0.019261650813554458,0.1905785623041153,0.019259242956702307,8.881784197001252e-16,0.0055678368343754295,0.18998408233546604,0.019130675703839157,0.18998408233546604,0.01912828421989909,3.552713678800501e-15,0.005164880286988408,0.18895996770647638,0.019262868666564376,0.1900159352719203,0.019158967719292416,0.1900198822404951,0.018277764156079658,0.018330687982030195
4000,3226,0.1539800913885544,0.017869035679359473,0.1539800913885544,0.017866801910280256,8.881784197001252e-16,0.0047462554118680635,0.15279222178876245,0.01777083086137474,0.15279222178876245,0.017768609368665093,8.881784197001252e-16,0.004661951737288086,0.15311228233428176,0.017843320887773285,0.15275130648042928,0.01778124251781228,0.15328642754432875,0.01753674414989066,0.01758832478676158
4000,3227,0.19449818280318126,0.018046716307196606,0.19449818280318126,0.018044460326650608,1.7763568394002505e-15,0.00935485640438856,0.19467304023461407,0.0179413897684914,0.19467304023461407,0.01793914695458571,1.7763568394002505e-15,0.010280126234150583,0.19460066223496597,0.017987868703885745,0.1946774594506273,0.017953524964879473,0.1943639305478454,0.018662793959668023,0.0187026063724798
4000,3228,0.17703908882125924,0.017593513659306875,0.17703908882125924,0.01759131433263295,1.7763568394002505e-15,0.02204937029909573,0.17835794425148693,0.017471287103274107,0.17835794425148693,0.017469103055874704,1.7763568394002505e-15,0.023888715415554405,0.17895264024000368,0.017562992702432688,0.17834871656812062,0.017476672020128155,0.17763429894276955,0.018056164777425523,0.018122912124760138
4000,3229,0.18353760178178297,0.01875519250776835,0.18353760178178297,0.01875284796216162,8.881784197001252e-16,0.011009723020080733,0.1819523711863466,0.01849034623134487,0.1819523711863466,0.018488034793592064,8.881784197001252e-16,0.010083312176511941,0.18245961515961018,0.01852740871905425,0.181963119844625,0.018517516161511916,0.18130784591823867,0.01831807737872364,0.01830542540455232
4000,3230,0.19913652099196022,0.02037395166376164,0.19913652099196022,0.020371404760612274,1.7763568394002505e-15,0.010879183581514571,0.19748025370694444,0.02028484847442001,0.19748025370694444,0.020282312709865514,1.7763568394002505e-15,0.012389651833937202,0.19665995588538027,0.02075195178581348,0.19760909156508139,0.0203293582433946,0.19636233882899895,0.020530659819372545,0.02046820634396613
4000,3231,0.20100117334725703,0.01846666457019769,0.20100117334725703,0.018464356092837562,1.7763568394002505e-15,0.007820767657689938,0.19844755889721938,0.01836750763488088,0.19844755889721938,0.018365211552912424,1.7763568394002505e-15,0.00896058275808453,0.19801704394263353,0.018436485679064505,0.1984244947659098,0.018387924804271844,0.19851323260507464,0.018216869182788597,0.018227044503505978
4000,3232,0.17946083485315562,0.01877970330089601,0.17946083485315562,0.018777355691248623,1.7763568394002505e-15,0.0035226731709757453,0.17813417934451675,0.018680234059159972,0.17813417934451675,0.018677898883945002,1.7763568394002505e-15,0.00359356552900431,0.1776955223974792,0.01877088098564538,0.17814632986896578,0.018699592154854214,0.17734076969036816,0.01798314821600786,0.017980870548414164
4000,3233,0.15023631598945136,0.018307064077363325,0.15023631598945136,0.018304775551311835,1.7763568394002505e-15,0.004961437279359099,0.1520676192405802,0.018105541507414984,0.1520676192405802,0.01810327817325933,1.7763568394002505e-15,0.0051961761682064785,0.15273388745064742,0.01832957316027943,0.15205934081815703,0.01811897558956582,0.15321262414342696,0.017992122906418277,0.018052180908728673
4000,3234,0.20434314261668535,0.018205744594421154,0.20434314261668535,0.018203468734096694,3.552713678800501e-15,0.007975455610508874,0.2065393497969486,0.018089103805945427,0.2065393497969486,0.018086842526630894,1.7763568394002505e-15,0.00862591393309642,0.20744947008672626,0.018205583863138475,0.20654158140466267,0.01810244604061934,0.20624898189025892,0.018911622935361454,0.018960938692485864
4000,3235,0.19229623841285765,0.017963993204205976,0.19229623841285765,0.017961747564694208,8.881784197001252e-16,0.004968049800523503,0.19090911333014887,0.01787336956396748,0.19090911333014887,0.01787113525311883,8.881784197001252e-16,0.005663420457417662,0.19082876460950732,0.017936089331224772,0.19090004635398417,0.017882973960551128,0.1912647529412247,0.01846680332764734,0.018463018296774384
4000,3236,0.19513000148425802,0.01851074883960035,0.19513000148425802,0.0185084348513621,1.7763568394002505e-15,0.010546593048385821,0.1956102912494846,0.0184527532295724,0.1956102912494846,0.018450446491238545,8.881784197001252e-16,0.01112419587477005,0.19493791990230008,0.0186412531898985,0.1955913007515378,0.018468160609316896,0.19472039827892568,0.018855895796494163,0.018903616529785984
4000,3237,0.16078718824260785,0.01809881592645952,0.16078718824260785,0.018096553433054035,8.881784197001252e-16,0.009649102955301345,0.16001395507412386,0.01800580712291993,0.16001395507412386,0.01800355625634161,8.881784197001252e-16,0.00968579042134793,0.16115595570840152,0.01819262776392697,0.1600019384906457,0.018014189555854265,0.1595009835501896,0.01806331562410648,0.018109896920236557
4000,3238,0.2093704199463441,0.017681018566455615,0.2093704199463441,0.017678808300984578,1.7763568394002505e-15,0.015831414484047908,0.20971368074242513,0.017574224687468495,0.20971368074242513,0.01757202777206677,1.7763568394002505e-15,0.01446757637092783,0.20774781440001244,0.017808070245209594,0.20967735932510673,0.017584081300639882,0.20893201846328646,0.01830133477351115,0.018243080448507837
4000,3239,0.20568213602671082,0.018429371913309386,0.20568213602671082,0.018427068097822755,1.7763568394002505e-15,0.010442645887921294,0.20502291077544332,0.018285300386319082,0.20502291077544332,0.018283014580899024,8.881784197001252e-16,0.010109102790374757,0.20353992727798131,0.018426159247079795,0.20499769359373332,0.018299019087919827,0.20740951950949704,0.01813536383915718,0.018124493266672793
4000,3240,0.1868242088911402,0.018926663615843557,0.1868242088911402,0.018924297635008528,1.7763568394002505e-15,0.0021426300721309488,0.187633905080705,0.01881038579217008,0.187633905080705,0.018808034346971546,1.7763568394002505e-15,0.002431262809818126,0.1866849171837922,0.01905851509327181,0.18762435646208542,0.018838054845605176,0.18522527923719923,0.01832144873810036,0.018288050727321384
4000,3241,0.1438761549811104,0.017427000796399732,0.1438761549811104,0.017424822285134717,8.881784197001252e-16,0.011584292270128235,0.14317172389052002,0.017344350167141313,0.14317172389052002,0.01734218198785074,1.7763568394002505e-15,0.01166737274898497,0.143009035597694,0.017418670724394215,0.14310926208218566,0.01734935386284303,0.14363779949330424,0.017676808334361947,0.01778267620965448
4000,3242,0.19874068540208523,0.01838826966250656,0.19874068540208523,0.01838597098512243,8.881784197001252e-16,0.008417990737363603,0.20063253447307344,0.018252631848524745,0.20063253447307344,0.018250350126927165,8.881784197001252e-16,0.009873331625913513,0.20090102366695928,0.01832924892932503,0.2006328043812181,0.018260377722894308,0.20145957936075692,0.018050068451984903,0.018058146131564166
4000,3243,0.18685507868698747,0.01823202437766591,0.18685507868698747,0.018229745232163204,1.7763568394002505e-15,0.010822357017389294,0.18680558679149806,0.01819055771255801,0.18680558679149806,0.018188283750712436,8.881784197001252e-16,0.010282369728668639,0.18555697481021677,0.018265506134511972,0.18680068091135782,0.018210562491128908,0.1870858124843197,0.01888032418810314,0.018860076965568875
4000,3244,0.21529506499354972,0.01969299715234687,0.21529506499354972,0.019690535373832054,1.7763568394002505e-15,0.0032124510777252076,0.21586950605283106,0.019483756358900622,0.21586950605283106,0.019481320737119882,8.881784197001252e-16,0.003758966831774831,0.21513334484298435,0.019861987747386664,0.21595386991813675,0.019514279552613457,0.21557853276060956,0.01902790563169197,0.0190600604298836
4000,3245,0.13540578844337775,0.017554209274345926,0.13540578844337775,0.017552014861027223,1.7763568394002505e-15,0.01376401973372069,0.1354662023255221,0.017484425334805317,0.1354662023255221,0.01748223964502432,1.7763568394002505e-15,0.014549329379887647,0.135707942762832,0.017595221632552394,0.13541324457363724,0.017491471175838085,0.13559630702930037,0.017602734699931732,0.017849163970434293
4000,3246,0.17755577711067844,0.018205128560128455,0.17755577711067844,0.018202852776813088,1.7763568394002505e-15,0.00826369109830024,0.1775108134192211,0.018134450025185076,0.1775108134192211,0.018132183077238826,8.881784197001252e-16,0.007757037533374149,0.17617831482389779,0.018273896279750967,0.1775057303990179,0.018149056025012704,0.1772101890467333,0.017709187445784962,0.017711192743094233
4000,3247,0.16487609437149603,0.020822015791782583,0.16487609437149603,0.020819412877116274,3.552713678800501e-15,0.006141659467384181,0.16494542992032457,0.020530487094029465,0.16494542992032457,0.020527920622728228,1.7763568394002505e-15,0.0065971159818023085,0.16608582362180518,0.02075718501453761,0.16502356386091405,0.02057938305874676,0.16281435430548258,0.019912008157893152,0.019807021379855426
4000,3248,0.19120716768606827,0.01814377431097535,0.19120716768606827,0.018141506197420523,8.881784197001252e-16,0.0077938825423022415,0.19084847653566883,0.0180451459847946,0.19084847653566883,0.018042890200551172,8.881784197001252e-16,0.007011242633935208,0.19160956645328525,0.018152765030127724,0.19087880675872043,0.018052663823730882,0.18962133729608271,0.01798102862213715,0.01794622515568803
4000,3249,0.1937287595684542,0.01848774990926256,0.1937287595684542,0.0184854387960703,1.7763568394002505e-15,0.013786214609275432,0.1938868482006335,0.018349276975518594,0.1938868482006335,0.018346983172525005,1.7763568394002505e-15,0.014131133315666875,0.19288801359590496,0.018420029487289626,0.19391742611128449,0.018365127783129896,0.19344018192614354,0.018671608928434467,0.018696968513233943
4000,3250,0.19514270490623503,0.018493879056709857,0.19514270490623503,0.01849156717732628,8.881784197001252e-16,0.009884980563703644,0.19567321717654107,0.01841422411513443,0.19567321717654107,0.018411922193240927,8.881784197001252e-16,0.010664191732881878,0.19555331321020974,0.018529702256636187,0.19565518779337215,0.018425107000951183,0.19604129581335494,0.0183678137592954,0.018364850156670266
4000,3251,0.19183675484220236,0.018146260944603438,0.19183675484220236,0.018143992520199975,1.7763568394002505e-15,0.00590502386358391,0.1922044093908572,0.018070003918277764,0.1922044093908572,0.018067745026598424,8.881784197001252e-16,0.006029123538471753,0.19322507003307976,0.018209659997544897,0.19215951604996423,0.018087095860155777,0.1935155983364359,0.017964644107957027,0.01796179287834863
4000,3252,0.1648760223598117,0.018033941108304103,0.1648760223598117,0.018031686724757787,1.7763568394002505e-15,0.007758739989029461,0.16546436172145418,0.017924661594474044,0.16546436172145418,0.017922420871720808,1.7763568394002505e-15,0.00803809780594018,0.16493408389069875,0.018022560802062174,0.16543548728788693,0.017930565277363225,0.16676861330616433,0.017946846895517194,0.01796673926744411
4000,3253,0.21074187290039997,0.018653041102362995,0.21074187290039997,0.018650709326480094,3.552713678800501e-15,0.00827080895295368,0.2113709173655623,0.018529703458907813,0.2113709173655623,0.018527387101194046,3.552713678800501e-15,0.009521546432436318,0.21204637750089422,0.01870839062462339,0.21144341644331882,0.01854095842586361,0.20721704781107247,0.01884071013491731,0.01858565142637268
4000,3254,0.18164068895037233,0.018264737444845032,0.18164068895037233,0.018262454209953326,1.7763568394002505e-15,0.011649638281768909,0.18146478889574336,0.018148327785492604,0.18146478889574336,0.018146059102717885,8.881784197001252e-16,0.011231462430576995,0.1821160861062388,0.018303463478453793,0.18141307391607292,0.01816115133252962,0.18261562345227333,0.018149464522188866,0.018144270703967503
4000,3255,0.20275054763244021,0.01839522856011338,0.20275054763244021,0.018392929012812673,8.881784197001252e-16,0.007062840240401854,0.20200039562017708,0.018291317955127343,0.20200039562017708,0.018289031397464163,8.881784197001252e-16,0.006330069764853863,0.20197077809599462,0.01845092648161507,0.20190379796234492,0.01830461833086823,0.20610595185644576,0.017764161204330952,0.01773875851824908
4000,3256,0.1950661518220837,0.020284409738443736,0.1950661518220837,0.020281874028734666,1.7763568394002505e-15,0.008641519056688229,0.19395377814391251,0.019536783227820063,0.19395377814391251,0.019534340977266383,8.881784197001252e-16,0.009256044649227009,0.1944036404533645,0.019592724563184036,0.19408507895660837,0.01953042997541574,0.19202236481709806,0.018712169327601006,0.01805655035767153
4000,3257,0.20313497350076898,0.018038254125410977,0.20313497350076898,0.018035999202703823,8.881784197001252e-16,0.0063759776010299815,0.2042264439730052,0.0179699648268421,0.2042264439730052,0.01796771844083084,8.881784197001252e-16,0.006486777383543852,0.20380816193439616,0.018045850360506776,0.20420906600582822,0.017979748591911406,0.20364614577060802,0.018115715156259125,0.0181061520496499
4000,3258,0.20312191202946267,0.018570384014733377,0.20312191202946267,0.018568062571632273,8.881784197001252e-16,0.003230782479323708,0.2036415458916152,0.018417677652548727,0.2036415458916152,0.018415375298936065,1.7763568394002505e-15,0.004043043286857138,0.20296417448803655,0.01845451766256244,0.20365952747725646,0.01843779050284528,0.20393867306452207,0.017881666861118573,0.017887239549464362
4000,3259,0.111128822706268,0.018107781665108333,0.111128822706268,0.018105518050915467,8.881784197001252e-16,0.0034428734383868628,0.11038503210962858,0.01796369619064757,0.11038503210962858,0.017961450588264812,1.7763568394002505e-15,0.0033113639340675853,0.11229804351489509,0.018149002174026974,0.11037326727635377,0.01797956545489141,0.10935930331779564,0.017300603071487033,0.017357693505024595
4000,3260,0.18409672387382942,0.01823683647577454,0.18409672387382942,0.018234556728721974,3.552713678800501e-15,0.007002784692203159,0.18332696786169356,0.018050588421305132,0.18332696786169356,0.018048331956714618,8.881784197001252e-16,0.006378267822211727,0.18370914561374846,0.018256231128067672,0.18325301449232856,0.018061784929244398,0.18386463646230256,0.017820043685635986,0.017846024566826355
4000,3261,0.20537135200988776,0.018114921358560597,0.20537135200988776,0.018112656851850262,1.7763568394002505e-15,0.016562137771668334,0.20585343368622044,0.018044089532475934,0.20585343368622044,0.018041833880297304,8.881784197001252e-16,0.016398399497550425,0.2044903862124362,0.018189816047554305,0.2058363715125579,0.018057365405291567,0.20697238583951316,0.018004395348864496,0.018014799490940963
4000,3262,0.16707519184897757,0.01815720389708766,0.16707519184897757,0.018154934104729636,1.7763568394002505e-15,0.013339472257675912,0.16768792951733374,0.018066051588773765,0.16768792951733374,0.018063793191166497,8.881784197001252e-16,0.014367520706505344,0.16913532295807615,0.018342166350726156,0.1676807043517194,0.018081254390782456,0.16765715678212845,0.017758612837817014,0.017772623893171663
4000,3263,0.17278084161249746,0.01864734464069315,0.17278084161249746,0.01864501357691247,1.7763568394002505e-15,0.00626538696103192,0.17295766700260173,0.018575648339910957,0.17295766700260173,0.018573326238728073,1.7763568394002505e-15,0.005356982272788013,0.17349812191302294,0.018722118618252685,0.1729512320587086,0.018591764133761325,0.17309785537950384,0.017727085285196547,0.01772341923707354
4000,3264,0.1911210633449303,0.018041810748338022,0.1911210633449303,0.018039555381025214,1.7763568394002505e-15,0.015692811452371846,0.19198662926887833,0.01800249358583765,0.19198662926887833,0.018000243133477357,1.7763568394002505e-15,0.016783903241509978,0.19283558855966615,0.01806072169996786,0.19198421038040292,0.01801543727023335,0.19158116022578686,0.018046562736685704,0.018054796983036456
4000,3265,0.19680880944287799,0.018436031178308627,0.19680880944287799,0.01843372653036184,8.881784197001252e-16,0.0059873285190197335,0.19603741576935568,0.018392031013523717,0.19603741576935568,0.01838973186594132,1.7763568394002505e-15,0.006462198912269727,0.19512978785412832,0.01857533481567975,0.19600366636491268,0.01841211867250677,0.19610063373943548,0.01770148467483162,0.01770776714854577
4000,3266,0.1648160162145894,0.019364343444297286,0.1648160162145894,0.0193619227500639,8.881784197001252e-16,0.006340081989578615,0.16385364086984555,0.01915497806218603,0.16385364086984555,0.019152583540261284,8.881784197001252e-16,0.006307160591672149,0.16335781222136558,0.01948027052959317,0.16391423473502792,0.01918899972362546,0.16491936191040618,0.019318103277031793,0.019310727130257718
4000,3267,0.2074097974230955,0.018577961804389222,0.2074097974230955,0.018575639414005203,1.7763568394002505e-15,0.015276781023204556,0.2074271170495015,0.018468057576968632,0.2074271170495015,0.018465748925471773,8.881784197001252e-16,0.017220880325088922,0.2072892711292757,0.01857827126254406,0.20747411336257277,0.018479453994298622,0.20800207401002446,0.017962775154196496,0.01796724752788171
4000,3268,0.18028869760426003,0.018732882874174225,0.18028869760426003,0.01873054111744601,1.7763568394002505e-15,0.0036834367233957556,0.18022202000982857,0.018567113162883956,0.18022202000982857,0.01856479212866489,8.881784197001252e-16,0.004055879144614191,0.1803015997558033,0.01876632223690791,0.1802329857994105,0.018589914714040482,0.18036068447479953,0.018980745785510064,0.01893815486089121
4000,3269,0.18954731424928045,0.018875628946911166,0.18954731424928045,0.018873269345808515,3.552713678800501e-15,0.007680558356582433,0.18969557678311516,0.01870278896019697,0.18969557678311516,0.018700450965443136,1.7763568394002505e-15,0.008622729240469076,0.19134319820886003,0.0191313832924446,0.18972329246641417,0.018729770734999592,0.18930105678253661,0.019084220850760517,0.01904784104492295
4000,3270,0.17487067656850797,0.017970448931602198,0.17487067656850797,0.017968202485074067,8.881784197001252e-16,0.004383159162121543,0.17543157438445323,0.01789086181161602,0.17543157438445323,0.017888625314099734,1.7763568394002505e-15,0.003985734750474813,0.1751091890633853,0.017987658515884457,0.17540853181398647,0.0179000242533578,0.17639482047333072,0.018054852663410278,0.018048301015801484
4000,3271,0.19049087844737583,0.01844033407513067,0.19049087844737583,0.01843802888928816,1.7763568394002505e-15,0.01236856183808649,0.18988792101612917,0.018253107075746275,0.18988792101612917,0.01825082529474158,1.7763568394002505e-15,0.013659348761717639,0.18809982438395756,0.018359595045319314,0.18993380347977185,0.01827021534660156,0.19063294899066063,0.018274103570146322,0.018282602950063995
4000,3272,0.16630720262386983,0.019022330699633636,0.16630720262386983,0.019019952759665643,1.7763568394002505e-15,0.014516169372570213,0.1646958803511392,0.0188297930694276,0.1646958803511392,0.018827439198167775,1.7763568394002505e-15,0.015285343240688174,0.16594577183619103,0.01907184884826076,0.1647459495311011,0.01885145173601685,0.1647054227183496,0.018853609170301815,0.018806534775334498
4000,3273,0.21624134989050875,0.019802982524687922,0.21624134989050875,0.01980050699714219,8.881784197001252e-16,0.012956681574060332,0.2140900854499746,0.019560536722521348,0.2140900854499746,0.019558091502595236,1.7763568394002505e-15,0.012255039652421907,0.21350956859900933,0.01972551709794942,0.21414659828512095,0.019590033998978466,0.21362341295758658,0.019125582159273822,0.019432581880443466
4000,3274,0.18543730056670615,0.018787519378664796,0.18543730056670615,0.018785170791946616,3.552713678800501e-15,0.0084576964256076,0.18576475683167581,0.01844533524239499,0.18576475683167581,0.018443029431367497,8.881784197001252e-16,0.010556758192606163,0.18673279627609263,0.018579232030414877,0.18578073265789585,0.018468731182883145,0.18543855953940064,0.01880215230017002,0.018819549072968015
4000,3275,0.1620834116167562,0.017869747047447114,0.1620834116167562,0.017867513189441332,8.881784197001252e-16,0.011949049061330895,0.16135321182746404,0.017775699904307003,0.16135321182746404,0.01777347780292895,8.881784197001252e-16,0.01444716594109654,0.16085332883903386,0.01787870530944392,0.16134818012246716,0.017779080759565694,0.1608968497587719,0.017990281562312083,0.018106275733624874
4000,3276,0.18354789855515435,0.017815212156399616,0.18354789855515435,0.01781298511568132,8.881784197001252e-16,0.015282537739406132,0.18265747539266558,0.01775742377222975,0.18265747539266558,0.017755203955511004,8.881784197001252e-16,0.016955359339138765,0.1832198831557575,0.017825064189760646,0.18264688094035586,0.017766396059465894,0.18129061919451211,0.018177850524490093,0.018099752205382895
4000,3277,0.22095358632474382,0.019042767441313276,0.22095358632474382,0.019040386946592894,1.7763568394002505e-15,0.00595818949310112,0.22090248034043491,0.018911875695707327,0.22090248034043491,0.018909511563477862,3.552713678800501e-15,0.005634032651704953,0.22098338930092265,0.01921416745659031,0.22093948968770472,0.018945931325940767,0.22092121707853518,0.018915615668789607,0.01923897612148995
4000,3278,0.19602640831105933,0.019847572304941545,0.19602640831105933,0.01984509120332488,1.3322676295501878e-15,0.009429109708231449,0.1968357472613721,0.01988117477013246,0.1968357472613721,0.019878689467945097,8.881784197001252e-16,0.008719134461970788,0.1969705493383666,0.020005810322307582,0.19687550101559148,0.019928789221650228,0.19583639089158894,0.018724792239140017,0.018837706561184754
4000,3279,0.19123321218313227,0.01889901923294172,0.19123321218313227,0.01889665670787056,1.7763568394002505e-15,0.007358491487832395,0.19115185243106125,0.018717751332001886,0.19115185243106125,0.01871541146683467,8.881784197001252e-16,0.007128569533351986,0.19045729933922284,0.018774385949852788,0.19120567597345245,0.01874420822746447,0.19168013032768239,0.018414700631844753,0.018437744014031657
4000,3280,0.2259729742374455,0.019947505977700453,0.2259729742374455,0.01994501238359387,7.105427357601002e-15,0.005078299442475624,0.2270433406184461,0.019830489493764175,0.2270433406184461,0.019828010527632386,7.105427357601002e-15,0.004880757126483606,0.22590416650019862,0.019961491839392546,0.22711258708005105,0.019882417989324483,0.22555397537542993,0.019119422663577145,0.019214600613914553
4000,3281,0.1982017724804342,0.018786437167731485,0.1982017724804342,0.01878408871629813,8.881784197001252e-16,0.011754580980850766,0.19712594297044755,0.018558179458298758,0.19712594297044755,0.01855585954086257,1.7763568394002505e-15,0.014338411810851609,0.1958658835069868,0.018655529719872346,0.19716762442457608,0.018572286573883462,0.19779787622349632,0.018913275549400414,0.018915528255650977
4000,3282,0.19093491419595637,0.018530391813826836,0.19093491419595637,0.018528075370063325,1.7763568394002505e-15,0.008588909754552553,0.1907431223198034,0.018391069251966926,0.1907431223198034,0.01838877022461224,1.7763568394002505e-15,0.008553680812833635,0.19143398562327363,0.018598343214285107,0.19074271972118506,0.018415952301975666,0.19089121565992218,0.0179632931561067,0.01796205307605508
4000,3283,0.1871264654964117,0.018597934190409268,0.1871264654964117,0.01859560930332094,8.881784197001252e-16,0.00869830071030816,0.18848519739822944,0.018409287020490543,0.18848519739822944,0.018406985715772445,8.881784197001252e-16,0.011595141318567094,0.18831652030795948,0.018578743564308706,0.18851183632134283,0.018430085452063878,0.18939402747729306,0.018294477142123417,0.018308211739993203
4000,3284,0.1621698056420996,0.01814012916418905,0.1621698056420996,0.018137861506306047,8.881784197001252e-16,0.016173245179424728,0.16241546277403063,0.01810860559247597,0.16241546277403063,0.01810634187528574,8.881784197001252e-16,0.01649946926572023,0.1629182343169459,0.018256003745659537,0.16241476417111883,0.018128138448111012,0.16171619921968972,0.018505893308934603,0.018495009718235686
4000,3285,0.17264524198997921,0.01823234496580603,0.17264524198997921,0.018230065780227303,1.7763568394002505e-15,0.0067920473958768155,0.17268332313339685,0.01812414691764133,0.17268332313339685,0.018121881257664025,1.7763568394002505e-15,0.007066111354763479,0.1734956862406305,0.01820724543029138,0.17267558982892356,0.018140629892030396,0.17277165012119722,0.01803305484659053,0.01807879079198063
4000,3286,0.1990257572095887,0.018920336845853137,0.1990257572095887,0.018917971655913798,1.7763568394002505e-15,0.00914844107959341,0.200588452970705,0.018823546629980176,0.200588452970705,0.018821193539574087,1.7763568394002505e-15,0.00906974449790893,0.20076476630670853,0.018958032469550044,0.2006113051429924,0.01884470312412113,0.19984210195680624,0.01821400495917357,0.018184405839218334
4000,3287,0.1583092348885991,0.01957030095079319,0.1583092348885991,0.019567854510262248,1.7763568394002505e-15,0.016558003110322593,0.15873115492981976,0.019471112922813817,0.15873115492981976,0.01946867888156138,1.7763568394002505e-15,0.016779896151766865,0.15884082017093742,0.019561988327860505,0.15876124101921274,0.019497260890751406,0.15925875797062117,0.01902458190705104,0.018998947425985648
4000,3288,0.1483182163010215,0.018949201039322593,0.1483182163010215,0.018946832241133537,8.881784197001252e-16,0.014458674337390698,0.14835205054298056,0.01874016314277068,0.14835205054298056,0.01873782047595201,1.7763568394002505e-15,0.01404019898896827,0.14744813929739053,0.018758320811885908,0.1483741178290634,0.018749323775887682,0.14864737849002385,0.018506589225683226,0.01854643597117713
4000,3289,0.17659366877813631,0.01850346556459718,0.17659366877813631,0.018501152486825212,1.7763568394002505e-15,0.006960848420098495,0.1747973087427161,0.018290817782820327,0.1747973087427161,0.018288531287682597,8.881784197001252e-16,0.006279019384512284,0.17617581663787513,0.0185253793409333,0.17483692921434546,0.018303860383328954,0.1765340533078809,0.01828406490734833,0.01838895426374013
4000,3290,0.19384811587297246,0.01802571518621716,0.19384811587297246,0.01802346183097538,1.7763568394002505e-15,0.008150940234121083,0.19336352676159385,0.017938117089181246,0.19336352676159385,0.01793587468438604,1.7763568394002505e-15,0.0082341288161963,0.1934636699081972,0.018045666813813446,0.19330904361538453,0.01795026435503912,0.1937647655051829,0.017928414705618078,0.01789013799621004
4000,3291,0.2155748313633104,0.01950948213636718,0.2155748313633104,0.019507043298663252,3.552713678800501e-15,0.009388254545104724,0.21480501758632659,0.019241486691454257,0.21480501758632659,0.019239081355274915,3.552713678800501e-15,0.009241848337599421,0.21391550404906645,0.019422224468910985,0.21487126464153694,0.01927392798814888,0.21536560802337162,0.019708770588877517,0.02020436208299764
4000,3292,0.2314738379675007,0.02051524088558933,0.2314738379675007,0.020512676320183276,7.105427357601002e-15,0.008064805235744614,0.23192122484003874,0.020405712736632723,0.23192122484003874,0.020403161863101083,7.105427357601002e-15,0.008976920529478493,0.23303231234534483,0.020890044651633452,0.23194255215688403,0.020458032578987657,0.23105895818730954,0.02048249486189811,0.021334585588249876
4000,3293,0.19218115821261111,0.018376448084993717,0.19218115821261111,0.018374150885399145,1.7763568394002505e-15,0.00982265145971822,0.19225675764136507,0.018323206995303813,0.19225675764136507,0.018320916451261448,1.7763568394002505e-15,0.009693300350461344,0.19378398106597922,0.018488738107526118,0.1922378953822308,0.01834154395182076,0.1918495488362303,0.017872897817779673,0.017864674975580374
4000,3294,0.1721784565701921,0.017759072212175035,0.1721784565701921,0.017756852189388418,8.881784197001252e-16,0.011153087005265995,0.17237571059386914,0.017694304869244417,0.17237571059386914,0.01769209294288172,1.7763568394002505e-15,0.011320168112693827,0.17101202456522946,0.01781581232145797,0.17237490350115325,0.017708867827169128,0.172115455505722,0.017883407248526474,0.01799610299159209
4000,3295,0.17752018401401648,0.018320980445512218,0.17752018401401648,0.018318690179805974,8.881784197001252e-16,0.017670755098359674,0.1775729553732297,0.018229696988867776,0.1775729553732297,0.018227418134306853,8.881784197001252e-16,0.017697252652307323,0.17823791445969395,0.01831565699036712,0.17755045621085064,0.018237847871873363,0.17870598650033714,0.01826508387878212,0.01829923034800573
4000,3296,0.20307714916082592,0.018646574302298043,0.20307714916082592,0.018644243334815683,1.7763568394002505e-15,0.021815058150123787,0.20065562215873362,0.018403185276862768,0.20065562215873362,0.018400884734910302,8.881784197001252e-16,0.019494459390297144,0.20053851870801792,0.018519263611650537,0.20064535217665957,0.0184250921349746,0.20133740238516878,0.018424962287855444,0.018429294968619395
4000,3297,0.19552481126315796,0.01843241599347429,0.19552481126315796,0.018430111797453852,1.7763568394002505e-15,0.017092390649700806,0.1956795808353365,0.018384275626743322,0.1956795808353365,0.018381977448644872,1.7763568394002505e-15,0.017561332021722508,0.1966665026794288,0.018492122728173296,0.19566074931921112,0.01840147198094047,0.19609870191582307,0.018894828006962204,0.01889758126891415
4000,3298,0.15637916151260578,0.01809857443300055,0.15637916151260578,0.018096311969783636,8.881784197001252e-16,0.007287896693326648,0.15667567148421252,0.017983722537966925,0.15667567148421252,0.017981474432134284,8.881784197001252e-16,0.007660837386637698,0.15760912949778777,0.018241303634664318,0.15668278540702701,0.018000255061829912,0.1591048565988541,0.017972728897617297,0.017982568439090137
4000,3299,0.19511941281334483,0.018198493255542358,0.19511941281334483,0.01819621830169191,8.881784197001252e-16,0.002923462344353039,0.19556198933917351,0.018127268917871937,0.19556198933917351,0.01812500286762021,1.7763568394002505e-15,0.00279323800219528,0.1958471147747997,0.018190437441431253,0.19550460513429613,0.018145485450565286,0.1984475450090306,0.01784500425521268,0.017789517368611712
4000,3300,0.1935451908918044,0.01809263045234588,0.1935451908918044,0.018090368732172988,8.881784197001252e-16,0.015030414581194279,0.19273096104468956,0.01789771025272668,0.19273096104468956,0.01789547289910175,8.881784197001252e-16,0.01313039974061991,0.1910058155282986,0.017991348129475192,0.19266745768415783,0.017907597810915995,0.19200023248474524,0.01788679841551743,0.017897340077247796
4000,3301,0.1742695268449786,0.01777798641442111,0.1742695268449786,0.017775764027211424,8.881784197001252e-16,0.02022362697517226,0.17367171186085856,0.017670717602858543,0.17367171186085856,0.017668508625088446,8.881784197001252e-16,0.018004744930597883,0.1744357007812296,0.017909701681406084,0.17367505130772987,0.017681090223294418,0.17364732591459542,0.01795258121793006,0.01802192324213326
4000,3302,0.22775590617606645,0.019712345438584203,0.22775590617606645,0.019709881241382426,1.7763568394002505e-15,0.00803885394791614,0.22645030612928563,0.01956340851247235,0.22645030612928563,0.019560962933550054,8.881784197001252e-16,0.008528491405719808,0.22757836748366456,0.020286102118190753,0.22657694829449987,0.01961645671777939,0.2269447100447165,0.01955907181324631,0.022208088157062097
4000,3303,0.1669112377844435,0.01764500931773117,0.1669112377844435,0.017642803553697583,8.881784197001252e-16,0.008975592679254666,0.16698572349517976,0.017598280882739844,0.16698572349517976,0.017596080960125746,8.881784197001252e-16,0.010842057530732562,0.16612792125169357,0.01770589131342554,0.16696262129630768,0.01760769114866249,0.1667573703183332,0.017588451896119524,0.017681676659854362
4000,3304,0.19397148054828162,0.017633757974092806,0.19397148054828162,0.017631553616565085,1.7763568394002505e-15,0.006305202929301109,0.19451115563333315,0.017596100060483198,0.19451115563333315,0.01759390041048892,8.881784197001252e-16,0.005634950087601643,0.19602803543964836,0.017744871127679362,0.19447009040736202,0.017607120719950194,0.1957693202553516,0.01804936927298324,0.01791569280512599
4000,3305,0.20475092713737952,0.01800272764407425,0.20475092713737952,0.018000477162454846,8.881784197001252e-16,0.011176713233707043,0.2033103589623652,0.017880056455688246,0.2033103589623652,0.01787782130892588,8.881784197001252e-16,0.011657438773113713,0.20379822406495768,0.01793745361836789,0.20328254997907574,0.017894144083018187,0.20300394077023598,0.018214080875880355,0.018217356457931336
4000,3306,0.17192765014031303,0.018332625273750618,0.17192765014031303,0.018330333552349858,8.881784197001252e-16,0.011483613468767575,0.170412385073629,0.01821513060524297,0.170412385073629,0.01821285357159382,8.881784197001252e-16,0.010349417817458259,0.16944358322010822,0.01834273204419339,0.17038059505993036,0.018228103899886047,0.1704423296104624,0.018387535454001746,0.0183871493901375
4000,3307,0.2059849616222984,0.01796465479070855,0.2059849616222984,0.0179624090684933,1.7763568394002505e-15,0.010989311491551683,0.20639971679421337,0.017902261024221544,0.20639971679421337,0.017900023101714617,8.881784197001252e-16,0.009448778787899624,0.20660098655943532,0.017976651229516846,0.2063665441297588,0.017914131835134968,0.20797263070335648,0.018131709707403697,0.018159679320770745
4000,3308,0.19260111410910125,0.017786389916958294,0.19260111410910125,0.01778416647924513,1.7763568394002505e-15,0.0042716143463338,0.19247305033952294,0.01769344144683022,0.19247305033952294,0.017691229628402073,8.881784197001252e-16,0.00452532051479705,0.191958608111102,0.01778421132104646,0.19245401962270603,0.017705146369811645,0.19162671827049887,0.017729186987223637,0.017740101633381387
4000,3309,0.1770836502044062,0.01864406699919731,0.1770836502044062,0.01864173634514743,1.7763568394002505e-15,0.013567778468489498,0.1752187277618314,0.018404776728625692,0.1752187277618314,0.01840247598772932,1.7763568394002505e-15,0.013269719667662517,0.17539452702086583,0.018423606148609706,0.17522539908683576,0.018424041430258005,0.17507174281807453,0.018796181964746177,0.01874825189664472
4000,3310,0.1908000363140251,0.01816259087727806,0.1908000363140251,0.018160320411505417,1.7763568394002505e-15,0.00907613328940495,0.1910421374713812,0.018148695029176466,0.1910421374713812,0.01814642630049341,1.7763568394002505e-15,0.010433902524812022,0.19098065888100152,0.01823514349542261,0.19104208453238458,0.018156735460676917,0.19273131492821188,0.018244247051224263,0.018219097113310347
4000,3311,0.1610403762416403,0.017749349903791574,0.1610403762416403,0.017747131096369467,8.881784197001252e-16,0.00555686656784721,0.1620009531180318,0.017689345747842648,0.1620009531180318,0.01768713444140888,8.881784197001252e-16,0.005835698878981113,0.16258091915993478,0.017773357999153517,0.16197229947451625,0.01769601355774568,0.16295203537801745,0.017152248895664114,0.01723598112717364
4000,3312,0.17277687309626077,0.019861759582872295,0.17277687309626077,0.01985927670773504,8.881784197001252e-16,0.005687371302318511,0.17226715451451963,0.019628465605731206,0.17226715451451963,0.019626011894163933,1.7763568394002505e-15,0.005157498140237173,0.1704481603654811,0.020036892463626804,0.17228214714723672,0.019682393868055304,0.17076907593368218,0.017779493031913562,0.017742595234897907
4000,3313,0.17009970944863273,0.018231293916464164,0.17009970944863273,0.018229014862274816,1.7763568394002505e-15,0.017943563470659056,0.1687576253115461,0.018145546120501697,0.1687576253115461,0.01814327778545683,1.7763568394002505e-15,0.017817168689314905,0.16920099372605002,0.01825403898152078,0.16876719806120571,0.018157884527231632,0.16956976133864432,0.01824615309428226,0.018248936625685948
4000,3314,0.19610309768391382,0.017737685767237808,0.19610309768391382,0.017735468417923908,1.7763568394002505e-15,0.014850580609678683,0.1958605428761413,0.017628465728380678,0.1958605428761413,0.017626262032425025,1.7763568394002505e-15,0.01588266676907977,0.1959019282344961,0.017741536848153137,0.19579809880977755,0.017633322767429665,0.19679924934631915,0.01756336474240993,0.01756215638136153
4000,3315,0.17592246263982048,0.01805109186642733,0.17592246263982048,0.018048835338902246,8.881784197001252e-16,0.01195382493606844,0.17618750339222394,0.01796535615933602,0.17618750339222394,0.017963110349444207,8.881784197001252e-16,0.010721478858979108,0.17681119927086425,0.018021434657486436,0.17617701820902715,0.01797217064712131,0.17721187362269414,0.018385106842437604,0.01842367586818978
4000,3316,0.1647443082901296,0.01776989397191059,0.1647443082901296,0.017767672596319447,8.881784197001252e-16,0.013590495134508466,0.1649306139684682,0.01769657347649676,0.1649306139684682,0.017694361266540434,1.7763568394002505e-15,0.014847775903607908,0.164128858463643,0.01780287289835113,0.16491319902325569,0.017701602998635577,0.16369481937609492,0.017888558780141315,0.01801254519538458
4000,3317,0.16496166175921495,0.01781647787193488,0.16496166175921495,0.017814250672992252,1.7763568394002505e-15,0.010527981748124046,0.16493477138703333,0.01772355477138129,0.16493477138703333,0.017721339188552284,1.7763568394002505e-15,0.010090572769219826,0.16447531570688062,0.017849469571363352,0.16490380582741682,0.017731701905061438,0.16403689513276448,0.01814321219178674,0.018158713005649436
4000,3318,0.1928529310012842,0.01865765365149163,0.1928529310012842,0.018655321299004053,1.7763568394002505e-15,0.008766081151005556,0.1932397026904552,0.018636945499225406,0.1932397026904552,0.01863461573541866,1.7763568394002505e-15,0.008724568722276144,0.1931858829091262,0.018694068951005317,0.19328855012824736,0.018646339837440767,0.19286071577843378,0.018655447198554463,0.018322720813290456
4000,3319,0.15699314274150344,0.018211148680336825,0.15699314274150344,0.018208872144459397,8.881784197001252e-16,0.007595503218389511,0.15868377836902153,0.01805463905945054,0.15868377836902153,0.018052382088498603,1.7763568394002505e-15,0.006408697986928678,0.16010650461478348,0.018156509309950206,0.15867911965749415,0.01806758162147102,0.15864810117567252,0.01867349364974361,0.018663289438959663
4000,3320,0.16022353338870132,0.01821014006708064,0.16022353338870132,0.018207863657287746,3.552713678800501e-15,0.014541405080161766,0.16193724624859296,0.01814753598396699,0.16193724624859296,0.018145267400173647,8.881784197001252e-16,0.014106372396972402,0.16211354196470962,0.01820602639902977,0.16187628017606004,0.01816139143972178,0.16155550841017513,0.01820111962642385,0.01818097362984352
4000,3321,0.17428280288341907,0.018458750947171525,0.17428280288341907,0.018456443459076106,8.881784197001252e-16,0.007681737312812372,0.17448405302658931,0.01835624731752486,0.17448405302658931,0.018353952643184058,8.881784197001252e-16,0.0097934690431734,0.1724564427106412,0.01845473873017324,0.1745069536210347,0.018365680382330718,0.1740305915366384,0.017880615049613774,0.01789590145277122
4000,3322,0.18453821374977253,0.01795809238497252,0.18453821374977253,0.01795584748310926,1.3322676295501878e-15,0.011566127279415283,0.18570014170167803,0.017809516774994916,0.18570014170167803,0.0178072904462438,1.7763568394002505e-15,0.013280007000028292,0.18403106998476543,0.017871906402221097,0.18568714782299073,0.017813494165990394,0.18509906312275481,0.017935579545006162,0.017957222247274345
4000,3323,0.19565316266663962,0.019580830074908618,0.19565316266663962,0.019578382318154897,3.552713678800501e-15,0.008333503910002524,0.19443100277205816,0.019180931871404745,0.19443100277205816,0.01917853410505106,1.7763568394002505e-15,0.009963884185874074,0.1943895769562637,0.019244104660421202,0.1945035263726988,0.019211237711720626,0.19389100062975906,0.018900908261791933,0.019317896620946132
4000,3324,0.2107451580927726,0.018403173403409228,0.2107451580927726,0.018400872862941033,8.881784197001252e-16,0.007080133410240114,0.20885896712163626,0.01823831484178946,0.20885896712163626,0.018236034909929588,1.7763568394002505e-15,0.006326393766780376,0.20773228375254688,0.01835599458972826,0.20883835475417162,0.01825473655290341,0.20778358274644887,0.01818549318038429,0.01820593948984972
4000,3325,0.1626909024364076,0.018760956126707137,0.1626909024364076,0.018758610860603007,1.7763568394002505e-15,0.01190035723066535,0.1610125560391374,0.018621569712023937,0.1610125560391374,0.018619241870310735,1.7763568394002505e-15,0.01176152749544789,0.15992086455447274,0.018735644788367145,0.16105635094023796,0.018636416648440852,0.16179164580099648,0.018137621069966352,0.018179128177209104
4000,3326,0.19660846151907052,0.01809347916092463,0.19660846151907052,0.01809121733465654,8.881784197001252e-16,0.01630202604988927,0.19597378759148237,0.017954747284644707,0.19597378759148237,0.017952502800945125,8.881784197001252e-16,0.016276744627883585,0.1964729293324371,0.018268023067389876,0.19593348930239773,0.017972410182552006,0.1968978715365216,0.01812756044828873,0.018124675418495304
4000,3327,0.17965274797733355,0.018441996965207874,0.17965274797733355,0.01843969157149111,8.881784197001252e-16,0.006448933749838622,0.17911288137961773,0.018279007213771074,0.17911288137961773,0.018276722195046755,8.881784197001252e-16,0.0068215351644496025,0.17988148744108284,0.018374738044107577,0.17912389119601557,0.018294485048819555,0.18043712938015077,0.018701727718213153,0.018694396291076876
4000,3328,0.2006874254720422,0.01821644564145522,0.2006874254720422,0.018214168443416265,1.7763568394002505e-15,0.016312034371639028,0.20172948934307972,0.018115743388058166,0.20172948934307972,0.018113478778587717,1.7763568394002505e-15,0.018030385051856997,0.20195096242682875,0.018217052639368556,0.20170217759016867,0.018127734080760273,0.20146402172065064,0.018245270571029586,0.01826405434552567
4000,3329,0.1844016487216748,0.018321015438997137,0.1844016487216748,0.018318725168916434,1.7763568394002505e-15,0.012981099456434624,0.18447110411292839,0.01817228429902402,0.18447110411292839,0.018170012621497925,1.7763568394002505e-15,0.011523261952182442,0.18547100427929397,0.0183934498300675,0.18446116399106482,0.018187586991063497,0.18481336396365067,0.017571834561450273,0.017619089304151028
4000,3330,0.20359625065055786,0.019608909090299744,0.20359625065055786,0.019606457823449705,1.7763568394002505e-15,0.008269436320617404,0.20363471219869766,0.019358830907590448,0.20363471219869766,0.019356410902467223,1.7763568394002505e-15,0.0075604167092239195,0.20302680650401844,0.019466436641582884,0.20367658748495698,0.01938810199307114,0.20453450128950862,0.018632631615071883,0.018768877702276327
4000,3331,0.1710964325057882,0.017940990111039005,0.1710964325057882,0.01793874734709362,8.881784197001252e-16,0.013279248587659496,0.17139086315901386,0.01783002886199643,0.17139086315901386,0.017827799969074163,8.881784197001252e-16,0.011247161932636541,0.17197188060875968,0.017957776703701342,0.17132676568112282,0.017843969653917695,0.17194875931068687,0.017724386000472957,0.01773376747279835
4000,3332,0.166655755028292,0.018357667094487412,0.166655755028292,0.018355372242663395,8.881784197001252e-16,0.004263209877249,0.16708012787730997,0.018251664227106307,0.16708012787730997,0.018249382626468965,1.7763568394002505e-15,0.0050851184668060795,0.16542185762700123,0.018380010571604575,0.16704184572454905,0.018263932208591818,0.1679505978805239,0.017550662645454202,0.017570238630025773
4000,3333,0.181475202871142,0.02016638044499554,0.181475202871142,0.02016385948987037,3.552713678800501e-15,0.003943115747434913,0.18027494046349696,0.019961806234517727,0.18027494046349696,0.019959310852767302,3.552713678800501e-15,0.004130070826350956,0.18129439928351465,0.020159779155240032,0.1803455163882155,0.019999581249982617,0.1820040991988099,0.020100417423193788,0.020013624156424
4000,3334,0.23130956909848366,0.018443792990270214,0.23130956909848366,0.018441487372036283,1.7763568394002505e-15,0.010896885803598362,0.23019645537331995,0.018369372014331555,0.23019645537331995,0.018367075699301107,1.7763568394002505e-15,0.0106628001749309,0.2299127939647152,0.018481006277364292,0.2301250688047013,0.01838638390301373,0.23053075535501255,0.017979062181144836,0.018012670850502236
4000,3335,0.19444784817652427,0.01838477376791523,0.19444784817652427,0.018382475527545242,1.7763568394002505e-15,0.01622736418798509,0.1943705629199321,0.018240888091788636,0.1943705629199321,0.018238607838252412,1.7763568394002505e-15,0.014993295198620086,0.19520374188776374,0.018390748046359966,0.19440625342412493,0.01825509806746252,0.19446063565504118,0.019316454693354294,0.01936184077552692
4000,3336,0.20758598926972638,0.018258723003538087,0.20758598926972638,0.01825644052049854,8.881784197001252e-16,0.007327249994731607,0.2088630430324539,0.01821145980279514,0.2088630430324539,0.01820918322802497,1.7763568394002505e-15,0.007107245093768009,0.20933132644901026,0.0182746762652692,0.2088018956776092,0.018222236085684792,0.21140003653782946,0.017953336161579958,0.0179550186467357
4000,3337,0.1831138726176208,0.017889109972165897,0.1831138726176208,0.01788687369364323,1.7763568394002505e-15,0.010736120115353473,0.18241004079308243,0.017781368698436197,0.18241004079308243,0.01777914588841458,8.881784197001252e-16,0.010556983937436865,0.18293558907568946,0.017914528735702328,0.18233308546580712,0.017788368660061206,0.18263651677000242,0.0178163806000517,0.01780877019883528
4000,3338,0.18543823194106346,0.017703246186417144,0.18543823194106346,0.017701033142319942,8.881784197001252e-16,0.008681424272523695,0.18494253248918047,0.017603550492787796,0.18494253248918047,0.017601349911431266,8.881784197001252e-16,0.00810390016871949,0.18556084038458498,0.01771287200649722,0.18491431153950783,0.017609108420323902,0.1843835348844785,0.017414133835091068,0.01743830526343098
4000,3339,0.19278283511147043,0.018093442991953937,0.19278283511147043,0.01809118117020725,8.881784197001252e-16,0.011578038727461002,0.19238946783522143,0.01801960736802721,0.19238946783522143,0.01801735477631042,1.7763568394002505e-15,0.011353528965743064,0.1913550665204028,0.01815570840325931,0.19237562533061847,0.018030987104092497,0.19034955822794786,0.018010483479313756,0.018014314140744697
4000,3340,0.1548215913017571,0.017942545004322505,0.1548215913017571,0.017940302046003307,1.7763568394002505e-15,0.008104627684080457,0.1556766351002794,0.017856518860247257,0.1556766351002794,0.017854286655868235,1.3322676295501878e-15,0.007932653003043638,0.15596907211028793,0.01798674804888026,0.1556302697035577,0.017865846362252726,0.15539034782868938,0.01760900473001535,0.017735512794575865
4000,3341,0.19096882098592105,0.018620408481009963,0.19096882098592105,0.018618080784459708,8.881784197001252e-16,0.012815003155785815,0.18981489237058247,0.018546774599736124,0.18981489237058247,0.018544456107996366,8.881784197001252e-16,0.013168316026587084,0.1860776447724798,0.018713324620572062,0.18985937315322732,0.018564079676152114,0.18959522868692003,0.018888478884205976,0.018877616170276515
4000,3342,0.19591753215367008,0.01932566247307084,0.19591753215367008,0.019323246614261092,1.7763568394002505e-15,0.006406843844945836,0.19405932717722857,0.019063045682765584,0.19405932717722857,0.019060662653106575,8.881784197001252e-16,0.007254063378460689,0.19425944233196446,0.01924266503371207,0.19409411241541952,0.01909389121811105,0.19233549302021674,0.01884791171410581,0.01887803534651205
4000,3343,0.16343203265173767,0.017570216814271147,0.16343203265173767,0.017568020399884882,8.881784197001252e-16,0.007004962950294993,0.16382703877253108,0.01749444749826782,0.16382703877253108,0.017492260555638076,8.881784197001252e-16,0.006267752624300702,0.1634229746805691,0.017592596770689806,0.16375802552566582,0.017500534787598415,0.16598552179579007,0.016888929073619417,0.016996780576288416
4000,3344,0.1828109443093962,0.017336410339517043,0.1828109443093962,0.017334243152766965,1.7763568394002505e-15,0.0029472312169127406,0.1805872105702676,0.017180089514610187,0.1805872105702676,0.017177941869184633,8.881784197001252e-16,0.002551375077569069,0.181647020459677,0.0173094454152091,0.18051399800087287,0.017187563043380736,0.18241029004425974,0.017076601923134177,0.017268175663366577
4000,3345,0.18006267657451897,0.018662419650803116,0.18006267657451897,0.018660086702528385,8.881784197001252e-16,0.010792276371119762,0.17875462394982183,0.01849604267115577,0.17875462394982183,0.018493730521303476,1.7763568394002505e-15,0.012150835939552004,0.17760700651027345,0.01857795610189425,0.1787626553192312,0.018507875349786044,0.17910680529600098,0.018086125885027147,0.018053138245487283
4000,3346,0.19309218076416612,0.018319902626448954,0.19309218076416612,0.018317612495478513,1.7763568394002505e-15,0.014212672700388,0.19378608537237618,0.018359291482317484,0.19378608537237618,0.018356996427432302,8.881784197001252e-16,0.01349691477269966,0.19485195990275184,0.01857340012865732,0.1937807227730154,0.018373575870121183,0.1937192056646423,0.018446772372194498,0.01844394810905094
4000,3347,0.16259245379128368,0.018185568415269353,0.16259245379128368,0.018183295077124927,1.7763568394002505e-15,0.014216873352691962,0.16255810367266932,0.018130102833549665,0.16255810367266932,0.018127836429036336,1.7763568394002505e-15,0.014816782880592454,0.16196786666801072,0.01827745587038711,0.16258219252382827,0.018141041144636733,0.16182892585414543,0.01834324920684889,0.01835259593651288
4000,3348,0.17620308280132435,0.01824799721692082,0.17620308280132435,0.018245716074688403,1.7763568394002505e-15,0.005507775984839452,0.1758358086871848,0.0181455821715908,0.1758358086871848,0.01814331383203927,1.7763568394002505e-15,0.006009451390843176,0.1756288478083019,0.018336506287132355,0.17576433422484972,0.01816666506154882,0.17362938808722367,0.017628734869818547,0.017629333162814648
4000,3349,0.19625225388827572,0.01852216800908122,0.19625225388827572,0.018519852593357557,1.7763568394002505e-15,0.012624478651127672,0.1965603899144242,0.018444493139594266,0.1965603899144242,0.0184421874338362,8.881784197001252e-16,0.01309103354071546,0.1994088961914715,0.01872568591058821,0.19652597588575232,0.018460620476586035,0.19679256422752744,0.01805360595193618,0.0180317143873762
4000,3350,0.18117808851511563,0.01862769404361162,0.18117808851511563,0.018625365436309115,1.7763568394002505e-15,0.013339331524651098,0.18272187579205884,0.018486636011876976,0.18272187579205884,0.018484325037930592,1.7763568394002505e-15,0.014444461317683776,0.1839163740037052,0.018705476957676163,0.18281128769909422,0.018494266861677627,0.18418594377216868,0.01795900460614028,0.01796247333059718
4000,3351,0.17922370452957592,0.017890749192543805,0.17922370452957592,0.01788851270910578,8.881784197001252e-16,0.0069656451416188776,0.1793145583043826,0.017848946819939128,0.1793145583043826,0.017846715562124305,8.881784197001252e-16,0.006382490836957434,0.17906740141199562,0.017904686291649333,0.17928691113817696,0.017863900645523338,0.18083970554826456,0.017596834402698512,0.0176053728456455
4000,3352,0.21216808030308704,0.019008888130886574,0.21216808030308704,0.019006511871344712,1.7763568394002505e-15,0.013659393084253686,0.2125073390775688,0.018939804966109152,0.2125073390775688,0.018937437342502667,1.7763568394002505e-15,0.013339482991005886,0.21091547415768652,0.01913668025220556,0.21254789480115283,0.018966119118790953,0.21273234868291535,0.01908248776303359,0.01916274988005066
4000,3353,0.1823581714220519,0.018713681964486986,0.1823581714220519,0.018711342608022506,1.7763568394002505e-15,0.010792028598646251,0.18162801675827117,0.018682856813771912,0.18162801675827117,0.018680521310692127,1.7763568394002505e-15,0.011084869236001896,0.18198299493320674,0.0189443893441303,0.18166982317410246,0.01869969988159866,0.1806410482086962,0.018415778585912375,0.018389514938073125
4000,3354,0.19049197052341105,0.018127581051355132,0.19049197052341105,0.01812531496208428,1.7763568394002505e-15,0.01742763764671556,0.18999324907456294,0.01805225978735965,0.18999324907456294,0.01805000311383532,1.7763568394002505e-15,0.0162550830938179,0.1902674639545382,0.018202290533798435,0.18999513088544068,0.01805753463486889,0.18969715867916565,0.01844114657574953,0.018442275745080915
4000,3355,0.1721777965788136,0.01814522333861917,0.1721777965788136,0.018142955043924564,1.7763568394002505e-15,0.013775688264024054,0.1721889623651458,0.018041413292661138,0.1721889623651458,0.018039157975033394,8.881784197001252e-16,0.01435922697763577,0.1720696452166927,0.018190577375410025,0.17218726918132155,0.018055062703049542,0.17196531402684717,0.017798435697094876,0.01783989277745414
4000,3356,0.16443140562370262,0.01795273538758093,0.16443140562370262,0.017950491155384204,1.7763568394002505e-15,0.010237686217164546,0.16517158434046098,0.01785802619118141,0.16517158434046098,0.017855793798374243,1.7763568394002505e-15,0.008431180849025981,0.16509605400834848,0.017953407986120523,0.16515459481989142,0.0178715671098109,0.16438130520252475,0.018022915434039694,0.017996982196165422
4000,3357,0.16604108342278945,0.01758821291096055,0.16604108342278945,0.017586014246921588,8.881784197001252e-16,0.010719883787740891,0.16694455967048738,0.01751340407555872,0.16694455967048738,0.0175112147632087,8.881784197001252e-16,0.010688499747234636,0.16631173315556286,0.017573322413677272,0.16690461032576526,0.0175196346008051,0.16616349594541302,0.017799439203503298,0.017882493860940585
4000,3358,0.17546640858358326,0.018730397042270527,0.17546640858358326,0.018728055596290722,3.552713678800501e-15,0.011380662645599532,0.1749359033895243,0.018589279267043776,0.1749359033895243,0.0185869554618885,1.7763568394002505e-15,0.011313363653277897,0.1750423796938257,0.018613142448947784,0.17495405125253394,0.0186165203368114,0.17634675748869116,0.018162909016342862,0.01816831040511949
4000,3359,0.1869795747491021,0.017832056461780377,0.1869795747491021,0.0178298273153923,8.881784197001252e-16,0.008843409658687386,0.18900818237954936,0.01771260844304348,0.18900818237954936,0.017710394228591046,8.881784197001252e-16,0.009052994039533278,0.1882268151040103,0.01784533797264231,0.18896036639946456,0.01772225396020656,0.18843787843423188,0.017391490542739425,0.01742609059578093
4000,3360,0.2016594675654036,0.01796516576729839,0.2016594675654036,0.017962919981207075,1.7763568394002505e-15,0.004980442437229672,0.20235664282549443,0.01791323907169093,0.20235664282549443,0.017910999776842292,1.7763568394002505e-15,0.004901147768324678,0.202172359866939,0.018046076389640474,0.20232745382606138,0.017926032899900385,0.2019840994093618,0.01827827092202654,0.01829152018153682
4000,3361,0.18350950773255792,0.01859879448608807,0.18350950773255792,0.018596469491456064,8.881784197001252e-16,0.01172890935772798,0.18298871628876084,0.018525968721051018,0.18298871628876084,0.01852365283020866,1.7763568394002505e-15,0.011946546229850764,0.18460312828566533,0.018743237941075,0.18298932054866068,0.01855263749675104,0.18281236970022402,0.01830208604964808,0.018299619239579425
4000,3362,0.15552453879027256,0.018205658152016618,0.15552453879027256,0.01820338230249813,1.7763568394002505e-15,0.009744125089748944,0.15546789783313897,0.018033427856909853,0.15546789783313897,0.01803117353752397,8.881784197001252e-16,0.009573913600733952,0.15528654557313276,0.01811888695296126,0.15546911839901023,0.018055098357957506,0.1552742402980687,0.01776532307144018,0.017814863933949317
4000,3363,0.13581231202418675,0.018311710025002502,0.13581231202418675,0.018309420918171258,1.7763568394002505e-15,0.007429161106108805,0.13677731516532243,0.018309303541236516,0.13677731516532243,0.018307014735234543,1.7763568394002505e-15,0.007290901465266114,0.13622719592220667,0.018424800200192715,0.13680489896311082,0.018320788230938242,0.13800041782066158,0.01835492277390789,0.018368322207488085
4000,3364,0.19676861500899784,0.019333042785058433,0.19676861500899784,0.01933062600365202,1.7763568394002505e-15,0.00938172269810898,0.19781028864497474,0.019174386132535307,0.19781028864497474,0.01917198918445012,3.552713678800501e-15,0.00870097078847526,0.19858620780159242,0.01931829554288036,0.1978529431671205,0.01921127831432208,0.19762925894425215,0.018240495376783454,0.018322842574719687
4000,3365,0.16938408316149273,0.018031830055001717,0.16938408316149273,0.018029575935353558,8.881784197001252e-16,0.01845168279197474,0.16882333386387616,0.0179632577538781,0.16882333386387616,0.017961012206303365,1.7763568394002505e-15,0.01729952412457557,0.16914872864059377,0.01812172512337332,0.16880032093949748,0.017973951084755614,0.16987279946236084,0.01863591402749045,0.01864059624141727
4000,3366,0.21193572316418746,0.01858950979303506,0.21193572316418746,0.018587185959062228,1.7763568394002505e-15,0.015336903863543661,0.21272279078524964,0.018395137214256473,0.21272279078524964,0.018392837678374713,8.881784197001252e-16,0.01720528466779407,0.21294083648699952,0.01850084883547446,0.2127658002064189,0.018409241095414277,0.2122114878855877,0.01912894258785092,0.019095962906122813
4000,3367,0.19360676380140662,0.017967740088789083,0.19360676380140662,0.017965493980887468,8.881784197001252e-16,0.008611071766511779,0.19346118602767792,0.01778367364779717,0.19346118602767792,0.017781450549638873,8.881784197001252e-16,0.008300527735558469,0.19215174755833414,0.017885330251534572,0.19345300693592998,0.017796497897274426,0.19388769272542233,0.01785449145631684,0.017792810324230447
4000,3368,0.11807256632333929,0.017340165618662036,0.11807256632333929,0.017337997962472724,8.881784197001252e-16,0.011225547095517591,0.11917960341869299,0.017218618218208356,0.11917960341869299,0.017216465756393805,8.881784197001252e-16,0.010032899917924325,0.11866694476712752,0.01730751240731471,0.11910063294143108,0.017226693394555737,0.11834947078486485,0.01740699916684693,0.017555877933922322
4000,3369,0.1929922563120638,0.018027049081995976,0.1929922563120638,0.018024795560006798,8.881784197001252e-16,0.006582805829659548,0.192951703497713,0.01797112152629423,0.192951703497713,0.017968874995686505,8.881784197001252e-16,0.006665748858879646,0.19273231341433844,0.018079434694859623,0.192888824986518,0.017982913018895687,0.19199044109741153,0.018014795489693373,0.018015505042233287
4000,3370,0.17249891285286584,0.017613613416603734,0.17249891285286584,0.017611411577303098,8.881784197001252e-16,0.006511160513002052,0.17379692239861932,0.017531849470853848,0.17379692239861932,0.017529657852685298,8.881784197001252e-16,0.0070201372398203295,0.17422270626948344,0.017600263282754654,0.17378430321258015,0.01753335471933749,0.1730103363540692,0.01804549796291998,0.018130443883644785
4000,3371,0.19208658517647076,0.018428154648299326,0.19208658517647076,0.01842585098498033,1.7763568394002505e-15,0.011985163108835573,0.19121931838333123,0.018275133855856416,0.19121931838333123,0.0182728493213321,8.881784197001252e-16,0.01109736523177908,0.19151039561240185,0.01835049862792487,0.19120662005013767,0.018282241339765155,0.19168529603106987,0.018225291203925034,0.01823867121782139
4000,3372,0.1729112187563412,0.017780266241829233,0.1729112187563412,0.017778043569623304,1.7763568394002505e-15,0.007622634436651674,0.17259579174185247,0.017638088855758884,0.17259579174185247,0.017635883956837118,1.7763568394002505e-15,0.007830253694010563,0.17224334252256002,0.017711469419521737,0.17258773485284873,0.017640907530380136,0.17228609633249203,0.017720859716421233,0.017783583481022606
4000,3373,0.16319557252832467,0.018443309529382886,0.16319557252832467,0.018441003971585344,1.7763568394002505e-15,0.013410433673650503,0.16283383803733859,0.018317394388666173,0.16283383803733859,0.018315104571245057,1.7763568394002505e-15,0.013030959798133603,0.1629859996422725,0.018413649992804478,0.1628409708080069,0.01833033321023013,0.1633305331957554,0.01853312087914335,0.018555712861628052
4000,3374,0.17858006053546366,0.018538483067481237,0.17858006053546366,0.018536165612247798,1.7763568394002505e-15,0.006277131769367178,0.17861230063422878,0.018408572632496373,0.17861230063422878,0.018406271417082357,1.7763568394002505e-15,0.006148364345229652,0.17925794798035127,0.018468661642579647,0.1786274842702521,0.018434187440733222,0.1768928950714661,0.018157159596363943,0.018147910483107904
4000,3375,0.16921625574874072,0.01809117374207633,0.16921625574874072,0.018088912204003604,8.881784197001252e-16,0.00785747294576557,0.168529514542263,0.01805255558275563,0.168529514542263,0.01805029887225456,1.7763568394002505e-15,0.0082699761755625,0.169003137517509,0.018102514697032123,0.16852221945112456,0.018066838220095693,0.1686692875950604,0.01867372458423196,0.018680325218766648
4000,3376,0.1721724158966938,0.0192178708467382,0.1721724158966938,0.01921546846272397,3.552713678800501e-15,0.010586189688902844,0.1724458408803387,0.019253044340061087,0.1724458408803387,0.019250637559085366,1.7763568394002505e-15,0.011577424245674846,0.17140939164841623,0.01928858740707583,0.17249086853984014,0.0192808555936551,0.17157785070752152,0.019326470848892642,0.019226303501107253
4000,3377,0.15534706714970903,0.01837593387269351,0.15534706714970903,0.018373636737379493,3.552713678800501e-15,0.009708124193886978,0.15610700160891633,0.01833612497462603,0.15610700160891633,0.01833383281573532,1.7763568394002505e-15,0.00903978085272524,0.15441639787978723,0.018495145468602845,0.1560972265757546,0.018355193905326188,0.15617058314342958,0.01814215221426084,0.01814798467136856
4000,3378,0.18860445249993135,0.018191085986180737,0.18860445249993135,0.018188811958296833,8.881784197001252e-16,0.021368805013029783,0.18775460817718764,0.018025296842114912,0.18775460817718764,0.01802304353916941,1.7763568394002505e-15,0.0178402785919075,0.18810897875079158,0.018150641948482135,0.1877497002736646,0.01803576403326545,0.18697051551305705,0.018284001466992595,0.018207259836224825
4000,3379,0.1928598925283464,0.018639456982516747,0.1928598925283464,0.01863712690475497,8.881784197001252e-16,0.008287225451911375,0.19200425521017828,0.018489746724817274,0.19200425521017828,0.01848743536200747,1.7763568394002505e-15,0.007862336616426246,0.19171591984273834,0.01868121444881436,0.1920237401303625,0.018515412125480996,0.1921019134629986,0.018577626640472546,0.018632044442006064
4000,3380,0.18997493548966338,0.017801082832778065,0.18997493548966338,0.017798857558335622,8.881784197001252e-16,0.016366257450423687,0.19040387718194363,0.01776909679159367,0.19040387718194363,0.017766875515656297,1.7763568394002505e-15,0.016742055924298605,0.19076387198561529,0.017865012721384375,0.19037040513665254,0.017781785694470635,0.19105648067564673,0.01798857019342298,0.017979489893537568
4000,3381,0.20832283027501253,0.018245695940696367,0.20832283027501253,0.018243415086141457,1.7763568394002505e-15,0.003172818228974483,0.2079579810510107,0.01814328385947526,0.2079579810510107,0.018141015807230702,1.7763568394002505e-15,0.0026762711716442748,0.20765004616883992,0.018278061628263148,0.20789685164122262,0.018153666338880388,0.2087840515496549,0.017692987984579238,0.01768497763716078
4000,3382,0.18961205317487545,0.018597157073048987,0.18961205317487545,0.018594832283106398,8.881784197001252e-16,0.006792102020001894,0.18955773076330568,0.01847102565826561,0.18955773076330568,0.0184687166357354,1.7763568394002505e-15,0.00619313355830783,0.19005019738444973,0.018723251952762802,0.1895592243688467,0.018487132425015946,0.19098283695790363,0.01857271017088869,0.018584586826881976
4000,3383,0.2025979713334215,0.017866474631869158,0.2025979713334215,0.01786424118294089,1.7763568394002505e-15,0.008721387352926043,0.20182774798389164,0.01774429790036278,0.20182774798389164,0.017742079724480577,8.881784197001252e-16,0.00836368238747027,0.20275508845964996,0.017898179067470765,0.20178328094719394,0.017756150572304615,0.2031303792184056,0.01786947667946535,0.017873377116236867
4000,3384,0.15401129117206125,0.01773750460600916,0.15401129117206125,0.017735287279341833,8.881784197001252e-16,0.013841719359194853,0.1541607398156094,0.017638522231603056,0.1541607398156094,0.017636317278505925,8.881784197001252e-16,0.013022771744578917,0.1529268244606935,0.017776974519271665,0.15410391979213378,0.01764757394684362,0.15477408992153463,0.01725510296393165,0.01733976833457277
4000,3385,0.18407928190905287,0.019145409265648367,0.18407928190905287,0.01914301593989795,1.7763568394002505e-15,0.011445035704048994,0.18420165564054225,0.01893243988509004,0.18420165564054225,0.01893007318217622,1.7763568394002505e-15,0.009713470280695061,0.18447888988907435,0.01893713465733966,0.18418996299746865,0.018963857641776397,0.18423825433327784,0.017813078321328682,0.017795351294209068
4000,3386,0.17373937134271922,0.017664004837603404,0.17373937134271922,0.017661796698981415,8.881784197001252e-16,0.011219295062015848,0.17392056214611779,0.017625547953896988,0.17392056214611779,0.01762334462268594,1.7763568394002505e-15,0.01331282492969743,0.17436403565064795,0.017717827700472373,0.17391834738255424,0.017633202183159363,0.1740361487123568,0.017981084894397103,0.018081711228798012
4000,3387,0.1913535203968612,0.017808638453386323,0.1913535203968612,0.01780641223443227,8.881784197001252e-16,0.015830881372967433,0.19162385983435615,0.017777518120826605,0.19162385983435615,0.017775295792157277,8.881784197001252e-16,0.015748392748916807,0.191857170833036,0.017905655851474543,0.19161777897764914,0.017781874092206287,0.19271333659440504,0.017675322391537605,0.01766293647347445
4000,3388,0.19360454392509596,0.018354695080265784,0.19360454392509596,0.01835240059996677,1.7763568394002505e-15,0.006710919235686848,0.1938498158900236,0.018264878014990885,0.1938498158900236,0.018262594762526813,1.7763568394002505e-15,0.0076192274046204015,0.19438749132329497,0.018421742076364572,0.19384462699183108,0.018279964555856534,0.19442341885298525,0.017945120763256012,0.017953375037519932
4000,3389,0.18374411751961872,0.018571226545366012,0.18374411751961872,0.018568904996941995,1.7763568394002505e-15,0.004986245532719911,0.1837654541835504,0.018414389303166044,0.1837654541835504,0.018412087360622748,1.7763568394002505e-15,0.005417347313508673,0.18364028210228245,0.018469723996335098,0.1837389744177335,0.01843474008776314,0.18361020592420896,0.01758943385323073,0.017594916712148367
4000,3390,0.18857957963947874,0.01831626484110136,0.18857957963947874,0.018313975164882514,8.881784197001252e-16,0.015754672108197396,0.18858677951453234,0.01825408297289461,0.18858677951453234,0.018251801069895147,8.881784197001252e-16,0.01570424979192378,0.1893369337709847,0.01849826316655303,0.18860238982783317,0.01827128288526634,0.1888843514695201,0.018289859890904047,0.018297858051690104
4000,3391,0.18281747990943903,0.018662144093732118,0.18281747990943903,0.018659811179904177,1.7763568394002505e-15,0.012169215851438953,0.18308021353518078,0.018579390520070793,0.18308021353518078,0.01857706795108615,8.881784197001252e-16,0.011889132854620312,0.18326320190884843,0.018742776729633533,0.18311827051062435,0.018594909625907218,0.18529440949943649,0.01872284797856033,0.018732653399111693
4000,3392,0.19674407356755724,0.018471704085337846,0.19674407356755724,0.01846939497799895,1.7763568394002505e-15,0.006683930872123039,0.1956893468868115,0.018312586741909637,0.1956893468868115,0.01831029752548193,3.552713678800501e-15,0.0057690627211725186,0.19463151814821222,0.018470148811064038,0.19559590037964675,0.018324537463268523,0.194803269048679,0.017483312923931068,0.017483059998628217
4000,3393,0.2075693489900879,0.018283782744939372,0.2075693489900879,0.018281497129236348,1.7763568394002505e-15,0.009830332891931965,0.2076867715724055,0.018153531144236793,0.2076867715724055,0.018151261811001573,1.7763568394002505e-15,0.008856001731273006,0.2084802265897608,0.018391931875990152,0.20767894482436267,0.018167179353119314,0.20780608837882925,0.01792627952854935,0.017869358582504873
4000,3394,0.1793591491451728,0.018485893979928107,0.1793591491451728,0.018483583098741516,8.881784197001252e-16,0.004764582518297238,0.18014221785039747,0.018392775127676356,0.18014221785039747,0.018390475887073876,8.881784197001252e-16,0.005167245600603681,0.18049136177224417,0.018516933740482508,0.18014022199938312,0.01841348288711291,0.17996911801136,0.01831500899613582,0.0183159504965229
4000,3395,0.19511822423733133,0.01840587971608524,0.19511822423733133,0.018403578837306818,8.881784197001252e-16,0.011154140409896485,0.19579229404546117,0.018279034382183926,0.19579229404546117,0.018276749360063342,1.7763568394002505e-15,0.011297684744851344,0.19601330258729383,0.01838327080222863,0.1957647395590576,0.018292697874105215,0.19746351948616825,0.018000688159001205,0.018034011706784397
4000,3396,0.21490542653366967,0.01944761967146883,0.21490542653366967,0.019445188567056373,1.7763568394002505e-15,0.00927879053841791,0.21518673280163253,0.01945118241071597,0.21518673280163253,0.01944875086093327,3.552713678800501e-15,0.009304477686333768,0.2144430433981238,0.019603571114405405,0.21523619556759788,0.019476941416792376,0.21467536757057382,0.0192003198323871,0.019233772813842684
4000,3397,0.17758946875750103,0.019106860533646804,0.17758946875750103,0.01910447202678909,1.7763568394002505e-15,0.009281359465558402,0.17672293944727296,0.01890061662740694,0.17672293944727296,0.018898253902648987,3.552713678800501e-15,0.010573189362954769,0.17798508118337464,0.019114466516808003,0.1767812591709778,0.01892384624134423,0.17610618181534288,0.019385207750345457,0.019406553397962094
4000,3398,0.17673325903464293,0.018311516885853876,0.17673325903464293,0.018309227803166534,8.881784197001252e-16,0.010715205862451286,0.1773879913668141,0.018227313727099664,0.1773879913668141,0.018225035170465087,8.881784197001252e-16,0.010381952504460069,0.17726183846155946,0.018417106843493843,0.1773801599297129,0.01824212512779227,0.17679062931679485,0.01803500950386294,0.01803924879242359
4000,3399,0.1958907734050535,0.017972468663964115,0.1958907734050535,0.017970221964953657,8.881784197001252e-16,0.009645722635569082,0.1960465687919719,0.01784292389445399,0.1960465687919719,0.017840693389551913,8.881784197001252e-16,0.010401403484163392,0.19586114681413042,0.01788035292587568,0.1960044570412593,0.017850308521242284,0.19666389412447255,0.01795023252208285,0.017976805620318576
4000,3400,0.1931625325237748,0.018855795740472765,0.1931625325237748,0.01885343861867588,1.7763568394002505e-15,0.013407176395401585,0.19388326213879525,0.018877729019120767,0.19388326213879525,0.01887536915549268,1.7763568394002505e-15,0.013777348310085273,0.1928911432604709,0.018897161615782303,0.1939278068337414,0.01890914246906779,0.19330614718368777,0.019096813849553966,0.019084292978263095
4000,3401,0.16540993912547763,0.018672431099401435,0.16540993912547763,0.018670096899617402,8.881784197001252e-16,0.005690442985581983,0.16394334864743354,0.01851158993407872,0.16394334864743354,0.01850927584069708,3.552713678800501e-15,0.0061437308618025035,0.16415396856810194,0.018549166703856406,0.1639385855727899,0.01852294746665551,0.1632253507768046,0.01851829602118578,0.018517473862292494
4000,3402,0.21926894653041334,0.020612893028181346,0.21926894653041334,0.020610316255494462,8.881784197001252e-16,0.020247976797296997,0.2202778478818851,0.02106857579539605,0.2202778478818851,0.0210659420588028,1.7763568394002505e-15,0.01816852090686712,0.22133721316630645,0.021818949150879525,0.22041917235948438,0.021167653145043402,0.21855110845539694,0.021999075928341143,0.024563326723555063
4000,3403,0.1580602095079911,0.017940552558801285,0.1580602095079911,0.017938309849553344,8.881784197001252e-16,0.011477039487201081,0.15805012238491567,0.017827375553043225,0.15805012238491567,0.017825146991805308,8.881784197001252e-16,0.010052245239732553,0.1587352678657618,0.017934888777358538,0.1580254558383809,0.01784224950040633,0.15786800327818773,0.01789343763571806,0.01792682627737009
4000,3404,0.20104434326870335,0.017887242674880878,0.20104434326870335,0.017885006629784966,8.881784197001252e-16,0.017108974112637915,0.20126115202666328,0.017723574897565673,0.20126115202666328,0.017721359312220738,8.881784197001252e-16,0.013531080633175268,0.2018452764066314,0.017798349511564133,0.20125673168043967,0.01773128104332475,0.2016732234406346,0.018019946943363205,0.017972726798782344
4000,3405,0.1883512345157224,0.018605893571630876,0.1883512345157224,0.018603567689557707,1.7763568394002505e-15,0.02387261016832323,0.1889648989570074,0.01848707745506039,0.1889648989570074,0.01848476642593016,1.7763568394002505e-15,0.022460821850148152,0.18788686251580117,0.018581781980130007,0.1890242384677137,0.01850790282708882,0.18820412551288773,0.01881783782993587,0.018817413457768807
4000,3406,0.1869437908448387,0.01877838309963406,0.1869437908448387,0.018776035655022148,8.881784197001252e-16,0.007162696651696206,0.1878863878676308,0.018666960019493844,0.1878863878676308,0.018664626503637552,1.7763568394002505e-15,0.007296760968774451,0.18973850607964393,0.018828874826002578,0.18790903507981482,0.018692133755315903,0.18774225305917008,0.018625427539966755,0.018616162977374236
4000,3407,0.17084886024836782,0.018177783951555396,0.17084886024836782,0.01817551158652976,8.881784197001252e-16,0.008120194422527956,0.17225502637920598,0.018101442430766716,0.17225502637920598,0.018099179609027672,8.881784197001252e-16,0.008013626979693387,0.17321462919859576,0.01822719266997291,0.17222913345171853,0.01811647026291787,0.17282711533072265,0.017769845355743438,0.017778709559275033
4000,3408,0.2112795502821449,0.018290983520407526,0.2112795502821449,0.018288697004551303,8.881784197001252e-16,0.009944335972496351,0.21233596835730673,0.018147568974467225,0.21233596835730673,0.01814530038654981,1.7763568394002505e-15,0.009636624409561709,0.2132158397304194,0.018275805749746413,0.21232529499797603,0.01815987134114549,0.21240483629602414,0.01868113582566643,0.018710913066196086
4000,3409,0.1850435149929393,0.018205116119603657,0.1850435149929393,0.018202840337843456,8.881784197001252e-16,0.013201456929960822,0.1842474763147111,0.018115354470622933,0.1842474763147111,0.018113089909770206,8.881784197001252e-16,0.012315460069290341,0.18448900829946424,0.018217142999378766,0.1842260636900736,0.018126884396088856,0.184349230845348,0.018253760522042906,0.0182333697473485
4000,3410,0.17844927590893483,0.01859599478061916,0.17844927590893483,0.018593670135972212,1.7763568394002505e-15,0.00805999272149623,0.1788969587437781,0.018489663763909106,0.1788969587437781,0.018487352411470058,1.7763568394002505e-15,0.00819853444077015,0.17812013531149556,0.018579560821796896,0.17884029726548484,0.018507081204605355,0.178492661759794,0.01786563105735219,0.017866180835528635
4000,3411,0.171055314404905,0.018930769819899985,0.171055314404905,0.018928403325757365,3.552713678800501e-15,0.009009416882715672,0.17185487543393674,0.018735110312763897,0.17185487543393674,0.018732768277588453,8.881784197001252e-16,0.008841457428713442,0.17161818063685202,0.018787912451366042,0.17186085164508774,0.01875895486020654,0.17130247019080524,0.01882262946636441,0.01880954200865839
4000,3412,0.17966156935859534,0.018184581377012565,0.17966156935859534,0.018182308162255637,1.7763568394002505e-15,0.011719185450525518,0.1804137407066973,0.018066603837478195,0.1804137407066973,0.01806434537083552,1.7763568394002505e-15,0.012323134601497452,0.17907151712970604,0.018207341473580992,0.18036052651651452,0.018080177849722552,0.17917362393431113,0.017907251107666798,0.017906888473933385
4000,3413,0.2046877447758279,0.0191262874740904,0.2046877447758279,0.019123896538713332,1.7763568394002505e-15,0.012931563330313305,0.20364426929755042,0.018824212148723273,0.20364426929755042,0.01882185897512214,3.552713678800501e-15,0.011445400450956031,0.20407077248227462,0.01892352403943013,0.20369242509139585,0.018843570879377977,0.20294393259248072,0.018464542850842813,0.018444146035539205
4000,3414,0.16435977312125805,0.01848561853480653,0.16435977312125805,0.01848330768805273,1.7763568394002505e-15,0.013523379899957137,0.16399300670490768,0.0184511282925057,0.16399300670490768,0.018448821757301677,1.7763568394002505e-15,0.011429895704158699,0.16301580522765136,0.01858994870622523,0.1640279411768743,0.01846322325734776,0.1638412245984746,0.018661319153989095,0.018633214709667258
4000,3415,0.18778969353041808,0.018419979486993806,0.18778969353041808,0.018417676845633852,1.7763568394002505e-15,0.01817626639632567,0.18739407168855288,0.01833555090008524,0.18739407168855288,0.018333258812958334,1.7763568394002505e-15,0.02059441868593087,0.18761814121016557,0.018393049999260256,0.18742835985699996,0.01834639644610237,0.18845031979941856,0.018524368338512946,0.01853358801505636
4000,3416,0.19875477328397323,0.019340256547551442,0.19875477328397323,0.01933783886436835,3.552713678800501e-15,0.010420034776093863,0.19796348925177393,0.01899896884609968,0.19796348925177393,0.018996593826545918,1.7763568394002505e-15,0.011965942007709701,0.19886837704297522,0.019081638777102734,0.19802002287776238,0.019005875676965933,0.1970580615307848,0.019505329499503045,0.018827278612341476
4000,3417,0.2004277138936969,0.018013248832317228,0.2004277138936969,0.018010997035467085,8.881784197001252e-16,0.014899659381326518,0.19977144762651505,0.01793709443124083,0.19977144762651505,0.017934852154285856,8.881784197001252e-16,0.014118980100723329,0.19965820505158932,0.018012652901069588,0.19973950405199364,0.017948043039180316,0.1981740147027204,0.018227023234966333,0.018229750613679895
4000,3418,0.19491754770276049,0.0178722526304601,0.19491754770276049,0.017870018459236865,1.7763568394002505e-15,0.013291021659081585,0.1947418892626141,0.017774280510072325,0.1947418892626141,0.017772058586129638,8.881784197001252e-16,0.012777807943184128,0.19399523621733217,0.01791114180288369,0.19472705231731585,0.01778434478240152,0.1954565680481603,0.01809683593666825,0.01812609034318049
4000,3419,0.21155981859948575,0.019243277553462577,0.21155981859948575,0.01924087199341149,1.7763568394002505e-15,0.01687739380097519,0.21418936650227216,0.01896709734851192,0.21418936650227216,0.01896472631314438,8.881784197001252e-16,0.014201713188225574,0.21489659684154022,0.019118720785434612,0.21424317300142443,0.0190043651415315,0.2156930861917647,0.0190976972598895,0.019802991987824172
4000,3420,0.15273099367849102,0.018177758209837698,0.15273099367849102,0.018175485848029978,1.7763568394002505e-15,0.0194621175620042,0.15338498903641856,0.018125293737299892,0.15338498903641856,0.018123027933961176,1.7763568394002505e-15,0.02001627455275451,0.15289634996450846,0.018225169688780282,0.15335838020477072,0.018138511735498058,0.1528736813419318,0.018102286964083485,0.01804841872073017
4000,3421,0.19877035058881531,0.01836669898073961,0.19877035058881531,0.018364402999859242,8.881784197001252e-16,0.015030127023166232,0.19769365439350173,0.018304965681278366,0.19769365439350173,0.018302677417542785,8.881784197001252e-16,0.015565085601856354,0.19949653907474174,0.01849677689971622,0.19768800297075045,0.01832179786375471,0.19973487906708337,0.018617300870685465,0.01861885769164934
4000,3422,0.18963735183612973,0.01825748699531216,0.18963735183612973,0.018255204666783296,8.881784197001252e-16,0.010762219656595058,0.19241024753883496,0.018151092332780873,0.19241024753883496,0.01814882330441614,1.7763568394002505e-15,0.011469024303689032,0.19056548560216635,0.018288709556619508,0.19237280710855692,0.018162152078470113,0.1922809270779673,0.017957556448419534,0.01797943344876994
4000,3423,0.14453218330341538,0.01795166140139069,0.14453218330341538,0.017949417303450628,1.7763568394002505e-15,0.012023214606327394,0.14221313200313718,0.017873551747831954,0.14221313200313718,0.017871317414208894,8.881784197001252e-16,0.013430992374328122,0.14147872415688928,0.017936859774343176,0.14218232517975427,0.017886338153833115,0.1412891832292173,0.01782059872836662,0.017878777563821332
4000,3424,0.21524431250933923,0.018328973955844898,0.21524431250933923,0.018326682690887403,1.7763568394002505e-15,0.0046088667827153375,0.2149022109088155,0.018196071456615705,0.2149022109088155,0.018193796805509047,1.7763568394002505e-15,0.004004233816174924,0.21630751192874936,0.018320664816759053,0.21485068098972038,0.01821244971409966,0.21597080642406624,0.0177846166748172,0.017796636054821586
4000,3425,0.21936906975331294,0.0186334444225577,0.21936906975331294,0.018631115096412895,8.881784197001252e-16,0.012048974061256617,0.2185042757847095,0.0185692882581862,0.2185042757847095,0.018566966952063228,8.881784197001252e-16,0.01268974505758688,0.2198436489662592,0.018688356952745434,0.21849918667306883,0.018589400198832533,0.21807117464059034,0.018443031600065322,0.01846364699068687
4000,3426,0.16758660372626455,0.01866716186856417,0.16758660372626455,0.018664828327475166,8.881784197001252e-16,0.004608421428016025,0.1678340646540138,0.018540412341590786,0.1678340646540138,0.01853809464518301,8.881784197001252e-16,0.005110750389970495,0.16721444258815743,0.018658408821139758,0.1677934620569307,0.018552870688319446,0.16837809110035912,0.018074409445981078,0.018076486091266598
4000,3427,0.17324588519779371,0.01831524100905643,0.17324588519779371,0.018312951460824588,1.7763568394002505e-15,0.008427412150926898,0.1748280279810901,0.018220116591202946,0.1748280279810901,0.01821783893426659,8.881784197001252e-16,0.008412203453767964,0.17426214943761098,0.018361556596253308,0.17484876805525829,0.018233625737146177,0.17567784092241495,0.018205397736852508,0.018209570936043275
4000,3428,0.178974525113115,0.02587521412149474,0.178974525113115,0.02587197951755417,1.4210854715202004e-14,0.004073810681237339,0.17836087696321462,0.026607063441776192,0.17836087696321462,0.0266037373509523,8.881784197001252e-16,0.004638761797137363,0.1789000396856129,0.02714988916969074,0.17859098805915818,0.02685987251266261,0.18010732999983298,0.027477693465220547,0.030569164094632964
4000,3429,0.17805327220883005,0.018612480680191588,0.17805327220883005,0.01861015397467838,3.552713678800501e-15,0.01594710775795903,0.17654919440037564,0.018517194689448433,0.17654919440037564,0.01851487989542858,8.881784197001252e-16,0.01388817457977765,0.17611737573123076,0.018756334967910692,0.17655214389374108,0.018538362686042333,0.17684325134024387,0.01864704596337228,0.018630961336135506
4000,3430,0.16174833154017704,0.018595229457958343,0.16174833154017704,0.018592904908982705,3.552713678800501e-15,0.012329295433690305,0.15937657195235788,0.018358158598223647,0.15937657195235788,0.018355863684957827,8.881784197001252e-16,0.011721307950805653,0.15977588510859686,0.01845611591336832,0.15941199113554821,0.018373925220951572,0.15933574678046547,0.01764683734729043,0.01763036564161929
4000,3431,0.20396617971323067,0.01802709909167674,0.20396617971323067,0.01802484556343596,8.881784197001252e-16,0.01619854802669668,0.20302791199428755,0.017866484426838077,0.20302791199428755,0.017864250976685363,8.881784197001252e-16,0.017236422911741704,0.2054910885644297,0.017991660034268414,0.20294378881761999,0.01787890770122269,0.20553388235014475,0.01772851700501803,0.017715691219570735
4000,3432,0.15785926931537886,0.018999509329234346,0.15785926931537886,0.01899713424211597,8.881784197001252e-16,0.011111338795814888,0.15795793715998463,0.01891387134385539,0.15795793715998463,0.018911506962154316,3.552713678800501e-15,0.010940130392456279,0.15831268192493603,0.01915365306761878,0.15802376887047442,0.01893385864630531,0.15940182567808686,0.01893801795648765,0.018833606609814296
4000,3433,0.18249304970916086,0.017884170668674426,0.18249304970916086,0.01788193500760329,8.881784197001252e-16,0.00972913509268925,0.18340783803415744,0.01784312583611259,0.18340783803415744,0.017840895305966227,8.881784197001252e-16,0.010750171254928418,0.1820216791595285,0.017987366903481936,0.18337533004504036,0.017845914179442965,0.1836634372909859,0.017894393288151282,0.01789018493926641
4000,3434,0.1860782403980729,0.018536510699425076,0.1860782403980729,0.01853419349075305,1.7763568394002505e-15,0.0067728905094913945,0.18684149239187375,0.01834832439565999,0.18684149239187375,0.018346030711746328,1.7763568394002505e-15,0.008390404364486253,0.18557850903795498,0.01842365366378787,0.18686660555879553,0.01836672898329381,0.18816855957543543,0.01884015825734803,0.018823333273691754
4000,3435,0.1996363145613052,0.017882615236244376,0.1996363145613052,0.017880379769614447,1.7763568394002505e-15,0.013143412889403733,0.1980562977875761,0.017685936543741627,0.1980562977875761,0.017683725663485,8.881784197001252e-16,0.012605068784462558,0.19867506354250036,0.01777469446389721,0.19801197475129628,0.017691283282284007,0.19608696878102666,0.018104381071460705,0.018047448930616036
4000,3436,0.20340367071525833,0.018736827549308336,0.20340367071525833,0.01873448529946491,8.881784197001252e-16,0.01862654235522371,0.20430593845692724,0.01864528421574093,0.20430593845692724,0.018642953409529466,8.881784197001252e-16,0.018206493103776037,0.20315407146440123,0.0186457776398511,0.20433092591740848,0.018661453890805164,0.2050499314756314,0.018788773597866792,0.018799505984464993
4000,3437,0.16536120195227816,0.018816717894563684,0.16536120195227816,0.018814365657802874,8.881784197001252e-16,0.0018352279804049955,0.16645796516246353,0.01863655786914714,0.16645796516246353,0.018634228153797186,1.7763568394002505e-15,0.0019110565176755781,0.1663885618896207,0.018755759234625625,0.1664532236329247,0.018656213464392096,0.16533160737385683,0.017321665947852345,0.017376165857049552
4000,3438,0.1868901227965563,0.018206318286575325,0.1868901227965563,0.01820404235453486,8.881784197001252e-16,0.012271693231261739,0.1866173296870693,0.018077649555391078,0.1866173296870693,0.018075389707947358,8.881784197001252e-16,0.008768279323442879,0.18755207500296195,0.018224377659025317,0.18658583620435437,0.018092150760215444,0.18749069628798898,0.018175001645872265,0.018193520491604956
4000,3439,0.20398767053386857,0.01803889911765913,0.20398767053386857,0.018036644114322906,8.881784197001252e-16,0.021036672492564197,0.2040923544760579,0.017977855661458333,0.2040923544760579,0.017975608289031095,1.7763568394002505e-15,0.021125174075653813,0.20412552738904433,0.018216478113426065,0.20407949256895658,0.01798991674926777,0.2040749204705809,0.018497010578302952,0.018503230936259715
4000,3440,0.19610167435208015,0.019018671004482346,0.19610167435208015,0.019016293522004846,3.552713678800501e-15,0.01074262562410959,0.1955162346908183,0.018834221284381766,0.1955162346908183,0.01883186685956047,1.7763568394002505e-15,0.011976438373903817,0.1967178072403556,0.019025778957356312,0.1955368720604096,0.018863613047283553,0.19706457981029013,0.01906813217382565,0.019041003626285725
4000,3441,0.18156647476228216,0.018122589875360282,0.18156647476228216,0.018120324410025427,1.7763568394002505e-15,0.00699936735696875,0.1821612276734635,0.018045253758963875,0.1821612276734635,0.018042997961247836,8.881784197001252e-16,0.006038740896211968,0.18183450312442417,0.018178564953631793,0.18214588333225185,0.018055799134198282,0.18143244288233035,0.017682340601927308,0.017695063813349964
4000,3442,0.20624098713070466,0.018577118996835,0.20624098713070466,0.018574796711808512,1.7763568394002505e-15,0.012734994168807827,0.2053429874646498,0.018385808403299838,0.2053429874646498,0.01838351003359234,8.881784197001252e-16,0.010679311921263186,0.20669045256530244,0.0185792741891374,0.20533091384594815,0.01839919237817595,0.20422326556620773,0.01850040253614895,0.018250227977890898
4000,3443,0.18510369841311486,0.018132121191499824,0.18510369841311486,0.01812985453467598,8.881784197001252e-16,0.010110078677246923,0.18546344190555125,0.01804615698502181,0.18546344190555125,0.01804390107439546,8.881784197001252e-16,0.01013105311154614,0.1859735800714895,0.01813388619913538,0.1854816524302394,0.018054170335431472,0.18506579876716378,0.01827196476956041,0.01831075506422666
4000,3444,0.17584665189878468,0.01830629272680763,0.17584665189878468,0.018304004297180987,3.552713678800501e-15,0.016647844531630967,0.17581311233275454,0.01806792497611522,0.17581311233275454,0.018065666344319897,1.7763568394002505e-15,0.014319044418854317,0.17699031226357548,0.01818787277605227,0.1758284355404494,0.018082801607290686,0.17577454556339817,0.0187107499771258,0.01873085836108013
4000,3445,0.19083803785182007,0.01816772683695411,0.19083803785182007,0.01816545572914638,1.7763568394002505e-15,0.01634602603125564,0.19059612011365135,0.018125703458536986,0.19059612011365135,0.01812343760397991,1.7763568394002505e-15,0.016881973023325794,0.18721788066958006,0.018306350967069094,0.19059413298762867,0.018140894317695954,0.1906732173966969,0.01828907750923547,0.01828996954743678
4000,3446,0.18413546300510597,0.01848332858166182,0.18413546300510597,0.01848101802117005,1.7763568394002505e-15,0.017247170672585427,0.18314459140693862,0.01835599370674356,0.18314459140693862,0.018353699064106086,1.3322676295501878e-15,0.018706599093997536,0.18117158944820877,0.018501221197557805,0.1831104162091664,0.018369475759366444,0.1841656250253471,0.018615118468398795,0.018622233672351777
4000,3447,0.18464973059292555,0.01766893016608582,0.18464973059292555,0.01766672141175929,8.881784197001252e-16,0.00907793869412431,0.18511570368513064,0.0176174340452872,0.18511570368513064,0.017615231728378127,8.881784197001252e-16,0.008659661851712717,0.18487541844261707,0.01770119594377499,0.18512812998015282,0.017621051183801903,0.18305653565462499,0.01814797659706108,0.018054112660076005
4000,3448,0.17214326698764537,0.018024360527173888,0.17214326698764537,0.01802210734127507,8.881784197001252e-16,0.011722007888135239,0.17181325435612538,0.017882042244374074,0.17181325435612538,0.01787980684937261,1.7763568394002505e-15,0.012520532580132377,0.17100533526530132,0.01797571697038917,0.17180878125135896,0.017888577521900383,0.1716780676438897,0.017986786032433165,0.017999961119657387
4000,3449,0.15868000198972515,0.01837031176777881,0.15868000198972515,0.018368015335271833,1.7763568394002505e-15,0.004534102329084348,0.15865339963564556,0.018341070297932405,0.15865339963564556,0.01833877752083764,8.881784197001252e-16,0.0044993700020380814,0.15943200082522124,0.018504740740108227,0.15861063150685167,0.01836216055858471,0.15668324579186926,0.018098338651413918,0.01805992803104154
4000,3450,0.16920858222425328,0.017803965659177478,0.16920858222425328,0.017801740024359212,8.881784197001252e-16,0.016393489488211475,0.16852096352394236,0.017720757847471742,0.16852096352394236,0.017718542614280082,8.881784197001252e-16,0.015380075204167374,0.1706528709059093,0.017825929671276684,0.168495303198209,0.017731236727872596,0.16879553850852125,0.017822779576062143,0.017901202426971703
4000,3451,0.15474890751462345,0.017898527412225654,0.15474890751462345,0.0178962899564494,8.881784197001252e-16,0.01041853926488517,0.1549486904263387,0.01781704115676691,0.1549486904263387,0.017814813887409277,8.881784197001252e-16,0.011127978030779079,0.15541890363092925,0.017867659628724008,0.15494545671075766,0.017824845084855375,0.15586075467570454,0.018189634510136905,0.018298341841840562
4000,3452,0.18241006980831626,0.01878611690773865,0.18241006980831626,0.018783768496340295,3.552713678800501e-15,0.006597627652034761,0.18283314162067438,0.018648084699663555,0.18283314162067438,0.018645753543369725,8.881784197001252e-16,0.007103435045692098,0.1813581585839798,0.018901108174923225,0.1828541671583409,0.018667263417454838,0.18221510396561624,0.018182274015692133,0.01831191652996277
4000,3453,0.20364728581172936,0.018157319903013,0.20364728581172936,0.018155050096153327,1.7763568394002505e-15,0.006355813298418756,0.20529109978149696,0.018070532716908366,0.20529109978149696,0.018068273759125064,1.7763568394002505e-15,0.007174988725844617,0.20519244580616786,0.018079448738380223,0.20532387753849407,0.01808329681447512,0.20452663272626337,0.019310285097691074,0.01931185505241391
4000,3454,0.18184352221627464,0.018094134311044698,0.18184352221627464,0.018091872402877723,8.881784197001252e-16,0.007987430057325181,0.18295998092941274,0.01794609612915245,0.18295998092941274,0.0179438527269149,8.881784197001252e-16,0.00992296249768376,0.18337190653042362,0.018062225756575487,0.18289719179440522,0.017956476847161756,0.182892486631211,0.01794268108316783,0.017947768710526658
4000,3455,0.19680099011900476,0.01805165570741486,0.19680099011900476,0.01804939910940524,1.7763568394002505e-15,0.01466895663620146,0.19742143720193706,0.017953378656019515,0.19742143720193706,0.017951134343409208,1.7763568394002505e-15,0.013641127876689259,0.196182826724551,0.01804399000624403,0.19743829992605322,0.017958504576973594,0.19705599993794215,0.018285078299311943,0.01827240954771023
4000,3456,0.17713665419994745,0.018644924419876273,0.17713665419994745,0.018642593658642105,8.881784197001252e-16,0.006482066531664535,0.1790478433075851,0.018594629406641933,0.1790478433075851,0.0185923049326774,3.552713678800501e-15,0.006232163218999557,0.17841085901542802,0.018792735167563936,0.17901811137976426,0.018600454514346797,0.17879892691799792,0.018035400039401614,0.01804319477237358
4000,3457,0.19832479103857825,0.018438802816071933,0.19832479103857825,0.01843649782164877,1.7763568394002505e-15,0.019127703868782438,0.1983299879643436,0.01835915091764524,0.1983299879643436,0.018356855880331736,1.7763568394002505e-15,0.018759851650476916,0.19825756221163487,0.018501779509391362,0.19833123309962253,0.018375121742834597,0.20027714926710294,0.018725949279314237,0.01875864101003328
4000,3458,0.19512884055482232,0.01939993113369764,0.19512884055482232,0.019397505990725015,8.881784197001252e-16,0.014632273481218537,0.19421638052329027,0.019283175657048738,0.19421638052329027,0.019280765109422962,1.7763568394002505e-15,0.01649399945761714,0.19473447519953874,0.01945551334248079,0.19426726986424486,0.019311640547697045,0.19461059356263716,0.018882282501888618,0.018874180134357498
4000,3459,0.2263190437277186,0.018643339227611078,0.2263190437277186,0.018641008664538328,1.7763568394002505e-15,0.0035266583398222756,0.2261526383844159,0.018529660443000046,0.2261526383844159,0.018527344090663603,1.7763568394002505e-15,0.004150897271443644,0.22843201043561484,0.018728567149339678,0.2261280077788656,0.01855110137890875,0.225781434322899,0.01801440078135798,0.018074048874762428
4000,3460,0.15944820138825794,0.017705403773029288,0.15944820138825794,0.0177031904592169,1.3322676295501878e-15,0.008578330623235543,0.1608033471824859,0.017588563966730534,0.1608033471824859,0.017586365258806854,1.7763568394002505e-15,0.00844280289970402,0.16020341206858552,0.01767528849839282,0.16076006380590502,0.017601863279406035,0.16128960390523217,0.017616371029364888,0.017721371284863188
4000,3461,0.21058926366433572,0.017691274401237512,0.21058926366433572,0.017689062853706996,8.881784197001252e-16,0.009956712061135556,0.21127854965681397,0.01760266761066065,0.21127854965681397,0.017600467139671287,1.7763568394002505e-15,0.010696563588050404,0.2100320659412343,0.017640353456347395,0.21121559055790157,0.01761313029631674,0.2136500130514689,0.018070822876352775,0.018094690476857106
4000,3462,0.18220771809741138,0.018703893810244572,0.18220771809741138,0.01870155567737585,3.552713678800501e-15,0.010811147435158167,0.18303308617352043,0.018517769358724435,0.18303308617352043,0.018515454492866436,1.7763568394002505e-15,0.01067719513781996,0.1836109027564221,0.018832283367520044,0.183061467673445,0.01854085391202191,0.1841736117444665,0.018250670090570145,0.01829649665580187
4000,3463,0.19251925812789927,0.018058889798348778,0.19251925812789927,0.01805663229602127,1.7763568394002505e-15,0.005488806049071376,0.1914911751288394,0.017939241887759163,0.1914911751288394,0.017936999342355344,1.7763568394002505e-15,0.005517121753016933,0.191161658650986,0.01801961251265836,0.19144588645408667,0.017952387455282076,0.19247593612324243,0.01741555144937254,0.01740580832111761
4000,3464,0.18314567502481183,0.019214009132849257,0.18314567502481183,0.01921160723157944,1.7763568394002505e-15,0.007899018377044249,0.18239213693876877,0.019018422794111697,0.18239213693876877,0.019016045342662432,1.7763568394002505e-15,0.007021596003747016,0.18217681739160552,0.019149052708283553,0.18241224362931174,0.019042115527266125,0.1823147218637287,0.01878686277665995,0.018795602069838654
4000,3465,0.17705535035622894,0.0188937383534249,0.17705535035622894,0.018891376488504936,1.7763568394002505e-15,0.013379278008700196,0.1767999143373633,0.018827689973085655,0.1767999143373633,0.018825336364729304,1.7763568394002505e-15,0.01450401894750668,0.1778002079734225,0.018999128683902015,0.17683321693364068,0.018852410887949936,0.17740002084882428,0.018788216382997193,0.018800753547992977
4000,3466,0.19087791855005526,0.018182988523556546,0.19087791855005526,0.018180715507918745,8.881784197001252e-16,0.011068411309661219,0.19108683538364363,0.018186482541338072,0.19108683538364363,0.01818420908892075,3.552713678800501e-15,0.012145636549049158,0.19208312038058606,0.018412388052018815,0.19109414606283248,0.018211320592712885,0.19089123932275004,0.01820804938420972,0.018206458204294673
4000,3467,0.1570348884042851,0.018484211531959765,0.1570348884042851,0.018481900861092315,3.552713678800501e-15,0.009976699212464208,0.15809595473418303,0.018424079920983525,0.15809595473418303,0.018421776767037285,1.7763568394002505e-15,0.01044048212849207,0.1567187410264469,0.01852802683663841,0.15809412667952805,0.01844016892306881,0.15866540683662123,0.017804047815240455,0.01786189376942105
4000,3468,0.17871047394033684,0.01853613767315124,0.17871047394033684,0.01853382051111042,1.7763568394002505e-15,0.01073531374179589,0.1781102940985032,0.01838641343748154,0.1781102940985032,0.018384114992140047,8.881784197001252e-16,0.008378398901274323,0.17834157239479015,0.018554158034972314,0.17812221823733626,0.018402188663233354,0.17662678719438407,0.0183858797838751,0.01835460061683773
4000,3469,0.21193362322829917,0.01797466890068271,0.21193362322829917,0.01797242192662547,8.881784197001252e-16,0.015042406447454262,0.21251875664510594,0.017844341873646218,0.21251875664510594,0.017842111191485665,8.881784197001252e-16,0.012879696920876527,0.2131363353425778,0.01793813566040786,0.21244104823210552,0.017851862721895317,0.2142487990305178,0.01778916501866954,0.017665083330884793
4000,3470,0.20845490762826918,0.018213514480499737,0.20845490762826918,0.0182112376488788,1.7763568394002505e-15,0.011678897172275337,0.20831975107825196,0.018135811202744594,0.20831975107825196,0.018133544084640515,1.7763568394002505e-15,0.014385730284162136,0.20792453691774154,0.01824958575845448,0.20833930068095724,0.018150804321681157,0.20765752797008485,0.01855976468324515,0.018519732716555035
4000,3471,0.20249563876337517,0.017900904929601124,0.20249563876337517,0.01789866717661662,8.881784197001252e-16,0.00590903505603545,0.20198710150798055,0.017763100079241586,0.20198710150798055,0.01776087955294011,8.881784197001252e-16,0.006616700597963962,0.2015213500390985,0.01784524706088223,0.20188582827474427,0.017775557711681943,0.20366845026822922,0.017592651961661952,0.017539012642258177
4000,3472,0.18445737198819084,0.018991016939739397,0.18445737198819084,0.018988642914236062,1.7763568394002505e-15,0.012073543790361452,0.1838694128637256,0.01877583047344915,0.1838694128637256,0.01877348334793546,1.3322676295501878e-15,0.014621104920578547,0.1836331873157946,0.01899334393168955,0.18390786627437827,0.01880420846093413,0.18445035636927104,0.01833976439495467,0.018333427500291235
4000,3473,0.18798253421833522,0.019106080977949896,0.18798253421833522,0.019103692568542732,1.7763568394002505e-15,0.003120881153873455,0.18654381462577213,0.018744558636607858,0.18654381462577213,0.01874221542031811,3.552713678800501e-15,0.002888856588781202,0.18821811045770193,0.019110262821568573,0.18657726974131256,0.01876945633055321,0.18573700574826496,0.018230053200195103,0.018235984297283285
4000,3474,0.22729582113572389,0.01854799916390937,0.22729582113572389,0.018545680519089523,3.552713678800501e-15,0.00521351205196451,0.2273837181385469,0.018414251156260924,0.2273837181385469,0.01841194923098707,1.7763568394002505e-15,0.005548319043848898,0.2288361492816952,0.01848337756560994,0.22731181539912537,0.018434633215259295,0.22950861084509228,0.017812503394347718,0.01784403273209215
4000,3475,0.18758899677321916,0.01873442493516316,0.18758899677321916,0.018732082985665276,1.7763568394002505e-15,0.0028820477105264224,0.18818281478273713,0.018589944265682085,0.18818281478273713,0.01858762037739678,8.881784197001252e-16,0.003491126333136719,0.18665024039926592,0.01880141665450015,0.18817037859220376,0.01861520110485024,0.18732822912307767,0.01869367424892021,0.018693825973355845
4000,3476,0.21216395622767076,0.019202230074679336,0.21216395622767076,0.019199829645883827,1.7763568394002505e-15,0.009447399871033331,0.2139885847514556,0.0190928780733567,0.2139885847514556,0.019090491314415772,3.552713678800501e-15,0.00916972647702246,0.2152401200464406,0.019315126664585482,0.21402690709298816,0.019117488464288256,0.21456435150944958,0.018599500481843907,0.018612482193779267
4000,3477,0.17742352252818488,0.01853233707044378,0.17742352252818488,0.018530020383507987,8.881784197001252e-16,0.017105924621285313,0.17879160640517433,0.01842496464075441,0.17879160640517433,0.01842266137621128,8.881784197001252e-16,0.019168302739635077,0.17901247748552024,0.018507977916601255,0.17880376276302984,0.018437286562192637,0.17833782539931153,0.018527985580867525,0.018530882699566285
4000,3478,0.19437324062315042,0.01786015960610318,0.19437324062315042,0.017857926946602477,1.7763568394002505e-15,0.012433492970677546,0.19365064508094376,0.01777383659511531,0.19365064508094376,0.017771614726665462,1.7763568394002505e-15,0.011335280282079033,0.1929192630025125,0.017941450956399527,0.193670748476025,0.017780220760319206,0.19167911237202828,0.01781663270477844,0.01786194276275097
4000,3479,0.17510347382526792,0.01835988214359871,0.17510347382526792,0.018357587014876248,1.7763568394002505e-15,0.009011541813512132,0.17656901674301945,0.018218248671062354,0.17656901674301945,0.01821597124763061,1.7763568394002505e-15,0.008319306430141888,0.1776175627439709,0.018391153944231842,0.17655686644036672,0.018234372299597904,0.17607233779165465,0.017852684859560444,0.017862591519986246
4000,3480,0.17060424148136666,0.018773111470147597,0.17060424148136666,0.01877076468453056,1.7763568394002505e-15,0.010990751830331984,0.1724493159411366,0.018596635909880834,0.1724493159411366,0.018594311185087718,8.881784197001252e-16,0.010403131104356733,0.17334604051948754,0.018711493795995408,0.17243374834384428,0.018615582554098155,0.1720725016925087,0.017839413665810384,0.0178207215649948
4000,3481,0.19469113012657713,0.018702761470022724,0.19469113012657713,0.01870042347870538,8.881784197001252e-16,0.011897070523447323,0.19431931751275033,0.0186195712484599,0.19431931751275033,0.01861724365657026,1.7763568394002505e-15,0.011927916383710003,0.19379903811198745,0.018717288889739326,0.1943742798760384,0.01864773180749761,0.1936712535779283,0.018574596741318544,0.018562945953856057
4000,3482,0.1898806261897828,0.018313024110064403,0.1898806261897828,0.018310734838962256,1.7763568394002505e-15,0.005998416793667393,0.19153744311399895,0.01818791474660769,0.19153744311399895,0.018185641115153514,1.7763568394002505e-15,0.00638808037522768,0.1911556559197254,0.018323355479184237,0.19151877049192118,0.018195485228702027,0.19128592147560702,0.01789737815411079,0.01790205659626566
4000,3483,0.181466637424949,0.01843132685877235,0.181466637424949,0.01842902279890226,1.7763568394002505e-15,0.013713146450312394,0.18037016550220009,0.018213962385141988,0.18037016550220009,0.018211685497529474,8.881784197001252e-16,0.013041986352302823,0.18096743748728222,0.018328436656793998,0.18043661811377537,0.018230714022332156,0.17913248704422507,0.019365462892203148,0.019339551567928555
4000,3484,0.18941234241381094,0.018413355919756524,0.18941234241381094,0.018411054106394226,1.7763568394002505e-15,0.011387903174431625,0.19013212305916244,0.01833208346114417,0.19013212305916244,0.01832979180747422,1.7763568394002505e-15,0.011580747975948094,0.18874791545368108,0.018430455820845196,0.1900997248284041,0.01834873923585812,0.19042224464188195,0.017704913376442026,0.0176964012004898
4000,3485,0.16596159412542527,0.019102051538746324,0.16596159412542527,0.019099663633050545,3.552713678800501e-15,0.003001471370814561,0.16774954017314425,0.019426898860700544,0.16774954017314425,0.019424470346551332,1.7763568394002505e-15,0.003325702498701237,0.1694200952128424,0.02014877961134185,0.1677831962557948,0.01947140296877511,0.16723686023434453,0.019567067039607918,0.019443501215723663
4000,3486,0.17470987270376814,0.018321097255848167,0.17470987270376814,0.01831880697553972,1.7763568394002505e-15,0.015381130645880564,0.17285381857543447,0.018208136402454222,0.17285381857543447,0.018205860243135065,3.552713678800501e-15,0.01440560768619418,0.1740435281330674,0.018461165818907065,0.17285556992162748,0.018230168852480657,0.1728067005227817,0.01883748392924331,0.018765952180849695
4000,3487,0.21789981235117423,0.019353974236018607,0.21789981235117423,0.01935155483801728,8.881784197001252e-16,0.01147388427647165,0.21470391919326787,0.019050660253723237,0.21470391919326787,0.01904827877233963,3.552713678800501e-15,0.011597718329419115,0.21423821723140557,0.019293331285886416,0.2147190118621325,0.019074276880183223,0.21659939326937078,0.018439966621799773,0.018465798545928586
4000,3488,0.19414790215777605,0.018751936796325065,0.19414790215777605,0.018749592657707703,1.7763568394002505e-15,0.01726488168028478,0.19467077522385334,0.018721238487968736,0.19467077522385334,0.018718898186879777,8.881784197001252e-16,0.016911901261191173,0.19533867238584074,0.01889268959182758,0.19468286478864005,0.01874106310166224,0.19426951400181247,0.018601446173883093,0.018611046808646847
4000,3489,0.17923954132534314,0.0180067277155962,0.17923954132534314,0.018004476733936604,8.881784197001252e-16,0.003776310512182551,0.1783426277889213,0.017870109268232903,0.1783426277889213,0.017867875364946693,1.7763568394002505e-15,0.0033560577223393988,0.17852620439124067,0.018062162278168648,0.17833461376235576,0.01788407005070646,0.17869310478550493,0.017749745158372732,0.017769815973495532
4000,3490,0.15583485902660338,0.018385704462467362,0.15583485902660338,0.01838340610575328,8.881784197001252e-16,0.013452457145700735,0.15614382106799896,0.018265041266834377,0.15614382106799896,0.01826275799396255,8.881784197001252e-16,0.013918265445234864,0.15609455424297658,0.018393788538253655,0.15616087290506292,0.018275484105668233,0.15633978647711178,0.018392385132371153,0.01843597467396209
4000,3491,0.17553529642574334,0.01886110562840936,0.17553529642574334,0.018858747842834995,3.552713678800501e-15,0.01113741060635322,0.17467313219002573,0.018653495044930878,0.17467313219002573,0.018651163212301612,1.7763568394002505e-15,0.012020343936824203,0.17540798481375802,0.01872538858951163,0.17468597067605707,0.01866420820886627,0.17450410026719454,0.018168717141545335,0.018193336913507684
4000,3492,0.15302692178712973,0.017996514460679333,0.15302692178712973,0.0179942647557564,8.881784197001252e-16,0.012793139844878645,0.15267849691334628,0.017893112749365076,0.15267849691334628,0.017890875970463987,8.881784197001252e-16,0.013474154748935967,0.1516733301106512,0.01802554884333401,0.15265488767866447,0.017899447556213602,0.15232199709759364,0.01783078038251775,0.017958531329733976
4000,3493,0.1677523482791689,0.018977487615495878,0.1677523482791689,0.018975115281263784,8.881784197001252e-16,0.007746415879881235,0.16719351498253832,0.018882159588307124,0.16719351498253832,0.01887979917082327,8.881784197001252e-16,0.008362641328948402,0.16578193670970398,0.019030280608145905,0.1672100788320242,0.01890666574430671,0.16806411941317373,0.0191553604494868,0.019172784095576847
4000,3494,0.20486422352908468,0.018194244805786283,0.20486422352908468,0.018191970383025252,1.7763568394002505e-15,0.010286467989962937,0.2044975116781767,0.018121960957664617,0.2044975116781767,0.01811969557094939,8.881784197001252e-16,0.00929751880042747,0.2033357741511057,0.01823047536037341,0.20449787324173196,0.01813584981013076,0.2040021164143036,0.01843319862115676,0.018437097971690766
4000,3495,0.17560510961013892,0.01776230869864737,0.17560510961013892,0.017760088271274656,8.881784197001252e-16,0.003646576460547442,0.17618263523838112,0.01771915786139264,0.17618263523838112,0.017716942828211738,1.7763568394002505e-15,0.003439582341092314,0.17562696075965922,0.017891090862169584,0.17613973893135032,0.01772827807681337,0.1776790986091324,0.017579525919453814,0.017593513332805615
4000,3496,0.21602912555573328,0.019946077280228864,0.21602912555573328,0.019943583864720626,8.881784197001252e-16,0.009898123345016092,0.21560657516263676,0.019677007906362384,0.21560657516263676,0.019674548126628243,8.881784197001252e-16,0.009913410678204351,0.21557379869358184,0.019934770234759147,0.2156528392896836,0.019720607170561812,0.21577356964255606,0.019200850981895445,0.01985998775399025
4000,3497,0.16258032420556096,0.017725408429979432,0.16258032420556096,0.01772319261542862,8.881784197001252e-16,0.0035780549631709503,0.16334380121676573,0.0175543783305093,0.16334380121676573,0.017552183896057262,1.7763568394002505e-15,0.004332006594310144,0.1628190496038669,0.01760104202222637,0.16331360431682346,0.017560380352143,0.16392989524406898,0.017389502583723567,0.01746012182191775
4000,3498,0.1768823486410031,0.017789561011893856,0.1768823486410031,0.01778733717776905,8.881784197001252e-16,0.00869112099629053,0.1777651422017334,0.017695297299376803,0.1777651422017334,0.01769308524895259,8.881784197001252e-16,0.00880207961639348,0.17829633636915615,0.017779457009810807,0.17767852787791738,0.017702734558438734,0.17920572351735758,0.017212241913615367,0.01721118350259283
4000,3499,0.20195462796996888,0.018571847039132845,0.20195462796996888,0.01856952541314226,8.881784197001252e-16,0.011369742194286525,0.20173635170514814,0.018432319633992215,0.20173635170514814,0.018430015450017465,8.881784197001252e-16,0.009045246693329735,0.2024289818490395,0.018594258128718403,0.2017419674373701,0.018445512569848346,0.20233065926192279,0.018284753781616862,0.01829230991992122
4000,3500,0.19882696851689297,0.01768400734806138,0.19882696851689297,0.017681796708969293,8.881784197001252e-16,0.01850985285386724,0.19838403152770517,0.017513553171868763,0.19838403152770517,0.017511363840880544,1.7763568394002505e-15,0.01850226012433934,0.19825302208271212,0.017577871633035723,0.19835011400299296,0.017523101332044717,0.19986951604025793,0.01779879308267105,0.017844057089683573
4000,3501,0.15459108888308493,0.018980549362786977,0.15459108888308493,0.01897817664581255,1.7763568394002505e-15,0.009786785945273484,0.15504555220078775,0.018793390320058157,0.15504555220078775,0.018791040999426432,3.552713678800501e-15,0.01161981884131154,0.15530755781269073,0.01899690473181669,0.15509558938903162,0.018814497222701967,0.15581715746450436,0.018662999923912158,0.018659121350621945
4000,3502,0.17511983022809463,0.017416637786027957,0.17511983022809463,0.01741446057022021,8.881784197001252e-16,0.017102408268959448,0.1744781272272321,0.01734746849951521,0.1744781272272321,0.017345299930408727,1.7763568394002505e-15,0.016073375293885923,0.17375414901632952,0.01743884742244021,0.1744729260660246,0.017350041583716908,0.17543299817493996,0.017505567918042145,0.01764806852056
4000,3503,0.1636092461753118,0.01852663834950447,0.1636092461753118,0.018524322374953325,1.7763568394002505e-15,0.004394211842175286,0.16432860611692257,0.01846702430114752,0.16432860611692257,0.01846471577881821,1.7763568394002505e-15,0.00472823674909202,0.16413924269587477,0.018582788049782733,0.16437160223932473,0.01848695711329243,0.16488705218700572,0.018607285897339846,0.01863063482943189
4000,3504,0.21289858803197997,0.01797932614429935,0.21289858803197997,0.01797707858805027,1.7763568394002505e-15,0.0107970118876802,0.21426136589377287,0.017939129500083688,0.21426136589377287,0.017936886968729207,8.881784197001252e-16,0.012613035479235462,0.2135275110609462,0.01808543571559062,0.21425366582263022,0.01795036304654718,0.21526396800551145,0.018908623868950387,0.018941402782732993
4000,3505,0.20854493430615462,0.017781564242352308,0.20854493430615462,0.017779341407886177,8.881784197001252e-16,0.018968289601644112,0.20856944628582857,0.01767195090150132,0.20856944628582857,0.017669741769559256,8.881784197001252e-16,0.01648700428657465,0.20890361210248187,0.01778850597065161,0.20852770744700588,0.017677568939812465,0.20798474113356719,0.018030330162258884,0.018028537306037887
4000,3506,0.17539985049625206,0.018220334171229566,0.17539985049625206,0.018218056487094007,3.552713678800501e-15,0.010221745620122952,0.17492983412146723,0.018139936328126743,0.17492983412146723,0.018137668694349754,3.552713678800501e-15,0.009941911445861686,0.17389606059028978,0.018248002551601642,0.17494856926054703,0.018156439983109465,0.17536789874874031,0.019387510553266266,0.019397499067034724
4000,3507,0.21492197814336333,0.018327376452420625,0.21492197814336333,0.018325085387163542,1.7763568394002505e-15,0.005259939430651709,0.21522581513827593,0.01825407851461787,0.21522581513827593,0.018251796612175724,3.552713678800501e-15,0.005670050999703817,0.21659557489535147,0.018585136710057102,0.21530559882357803,0.018264772924829305,0.21565208547588588,0.018616624009680748,0.01857786184500239
4000,3508,0.18019426531179944,0.017823945743826466,0.18019426531179944,0.017821717611341503,1.7763568394002505e-15,0.009489716846084956,0.17973197943211977,0.01769151792780718,0.17973197943211977,0.01768930634983394,8.881784197001252e-16,0.009736838738039225,0.18018262199008617,0.017905308945953415,0.1797167609261805,0.017699482153277074,0.17845029786328903,0.01756038718082911,0.01767309731650627
4000,3509,0.1868468350902156,0.019208139850109898,0.1868468350902156,0.01920573868254628,3.552713678800501e-15,0.013461078306554169,0.1864708691347423,0.01904085528562634,0.1864708691347423,0.01903847502994036,1.7763568394002505e-15,0.013073983603065376,0.18570234645409056,0.019211240250896128,0.18654353576830146,0.019074808260378294,0.18538473809169664,0.019170014557719165,0.019288126815436204
4000,3510,0.1857587010088247,0.018601327152748585,0.1857587010088247,0.018599001841513457,8.881784197001252e-16,0.011279953857494963,0.18553978509485586,0.018490275379368874,0.18553978509485586,0.018487963950473116,1.7763568394002505e-15,0.010006145230314227,0.18584209610885433,0.01854107844695339,0.18554997027458225,0.01850292747478318,0.18598955984915289,0.01808009909184144,0.01813186392790134
4000,3511,0.15670019159425996,0.01841836586089268,0.15670019159425996,0.018416063421248595,1.7763568394002505e-15,0.011681790528990346,0.15670315650583538,0.018341864539221212,0.15670315650583538,0.01833957166284008,1.7763568394002505e-15,0.011807125010702284,0.15732462205903203,0.018491719984770373,0.15668369919225567,0.01835601638570044,0.15617534978109493,0.01808082272630037,0.01811323234515676
4000,3512,0.17904395635815207,0.018353038348967985,0.17904395635815207,0.018350744075773324,1.7763568394002505e-15,0.009697211829752054,0.1788990340823256,0.01820654732242398,0.1788990340823256,0.018204271361752244,8.881784197001252e-16,0.00796377180430782,0.17829096879998352,0.018301899539271763,0.17891674958409182,0.018219167061752153,0.17935103032303873,0.018606849973992163,0.01861050832817746
4000,3513,0.1943465365530283,0.017934701373391673,0.1943465365530283,0.017932459395587626,8.881784197001252e-16,0.013296548636150405,0.19324619612957555,0.01786341003100276,0.19324619612957555,0.017861176965173548,8.881784197001252e-16,0.01448437943999752,0.19283529981458963,0.017928305654083872,0.1932049049015308,0.017875622142686075,0.19114600299836193,0.018192094219247404,0.0182009467989194
4000,3514,0.17615755948254486,0.017862181998780816,0.17615755948254486,0.017859949086465224,1.7763568394002505e-15,0.011203517765713614,0.17640815403961158,0.017757423390949906,0.17640815403961158,0.017755203574278823,8.881784197001252e-16,0.01252687786660017,0.17623292645863414,0.01785451221083592,0.1763863137351535,0.01776671822238924,0.17612591695939783,0.017345616421184925,0.01745689205471832
4000,3515,0.18951992975262744,0.018322411444285387,0.18951992975262744,0.018320120999693115,8.881784197001252e-16,0.0008110130802555653,0.1893783157757678,0.018243402027746193,0.1893783157757678,0.018241121459948332,1.7763568394002505e-15,0.0010650084616910605,0.1885489635485299,0.018436560946329134,0.18937026420378,0.018263348315270257,0.1891257626928478,0.01803181678373317,0.018029652798117232
4000,3516,0.1955748342805545,0.01851608099156605,0.1955748342805545,0.018513766336767136,8.881784197001252e-16,0.01559706840645322,0.1951023652610036,0.018446066255706505,0.1951023652610036,0.01844376035329663,1.7763568394002505e-15,0.016293243314357275,0.1955980021882297,0.01855967468410474,0.19509160149203614,0.018462870093380882,0.19462071536625097,0.017980500350405604,0.017979177469074167
4000,3517,0.15450189336653464,0.017750337577204046,0.15450189336653464,0.01774811864631505,8.881784197001252e-16,0.014953391288148736,0.15469685642269837,0.017674203888773117,0.15469685642269837,0.017671994475190043,8.881784197001252e-16,0.014428288520479978,0.15468519685409482,0.01777082370385372,0.15471685487176,0.017680121513765964,0.15685729900897422,0.017904516919527085,0.01806205781882309
4000,3518,0.15996920905200257,0.018057573764196946,0.15996920905200257,0.01805531642638399,8.881784197001252e-16,0.003825575735500719,0.16031582722851606,0.017975896422526803,0.16031582722851606,0.01797364929501974,8.881784197001252e-16,0.0047649920453392836,0.15988995368365239,0.01811162610678529,0.1602758679629216,0.01798755609038981,0.160946404485436,0.01742045629550444,0.017446544228084514
4000,3519,0.1879283007512551,0.017761322702177052,0.1879283007512551,0.017759102398061603,1.7763568394002505e-15,0.016515884088467294,0.18780472551200583,0.017721696963720043,0.18780472551200583,0.01771948161313151,1.7763568394002505e-15,0.017894368880074462,0.18783698788058922,0.017835588744845282,0.1877519966045854,0.017730668044032585,0.18713657211286217,0.017882600349018014,0.01789733589012034
4000,3520,0.20446073697811568,0.018767671478637622,0.20446073697811568,0.01876532537306203,1.7763568394002505e-15,0.009860737463845104,0.20409098918457452,0.01863623383777476,0.20409098918457452,0.018633904162931262,8.881784197001252e-16,0.011044692682474683,0.20293405033263495,0.01881508967967906,0.20409831567691494,0.018650253132285428,0.20467650776155527,0.018362807228082045,0.0183309460479489
4000,3521,0.17175055311396614,0.018138352006224517,0.17175055311396614,0.018136084570500147,1.7763568394002505e-15,0.006389201250450014,0.17154697686819032,0.017993281828051724,0.17154697686819032,0.01799103252723313,8.881784197001252e-16,0.00796274099708152,0.17064093077025272,0.018079180162275093,0.17152434653449367,0.0180056127476212,0.17132907918039414,0.018205419344456457,0.018224546453220143
4000,3522,0.17988076381163193,0.018216760902127153,0.17988076381163193,0.018214483664678153,1.7763568394002505e-15,0.004158249358374422,0.17980861243381402,0.018097770620866996,0.17980861243381402,0.01809550825813288,3.552713678800501e-15,0.0043439238731594245,0.17968523115228224,0.018201456833197367,0.17979147054065225,0.018110921877006355,0.1794985250417397,0.018265119101531516,0.018295582551135052
4000,3523,0.18344528961262646,0.018060578474586295,0.18344528961262646,0.018058320761161064,1.7763568394002505e-15,0.016177692291598433,0.18256656685788064,0.017945194591844703,0.18256656685788064,0.017942951302306363,3.552713678800501e-15,0.018097828367900567,0.18262704535139196,0.018063651843553047,0.1825528916683407,0.017963194622704265,0.1828720232774615,0.0183884471310142,0.018422789839882468
4000,3524,0.20442779659548455,0.020431872893038622,0.20442779659548455,0.02042931874928303,7.105427357601002e-15,0.009777145901237795,0.20607585313326426,0.02037411865277652,0.20607585313326426,0.020371571728752216,7.105427357601002e-15,0.010085742585090898,0.20553702722545186,0.02048774426190503,0.20616497920047128,0.02044013592895374,0.20636749800355286,0.019563467316297732,0.020061461521160874
4000,3525,0.21286114082073399,0.01900645411919006,0.21286114082073399,0.01900407816391867,8.881784197001252e-16,0.006019463322205082,0.21108379168851416,0.018690782783605062,0.21108379168851416,0.01868844628971712,1.7763568394002505e-15,0.00462794507066313,0.20991095838458684,0.01910205846932807,0.21111084438233535,0.01870970779555936,0.21217296026840543,0.019086318004127183,0.019093411232888033
4000,3526,0.18339047911890682,0.018547860776682155,0.18339047911890682,0.018545542149161796,1.7763568394002505e-15,0.002497441820174801,0.18269972626877629,0.018382354899827733,0.18269972626877629,0.018380056961835152,1.7763568394002505e-15,0.002648869706160066,0.18355312348271963,0.018462821056353152,0.1827164770742516,0.018399073235524366,0.18225070895072693,0.017556054709433125,0.017596436034794466
4000,3527,0.16332010520805573,0.01894262451315258,0.16332010520805573,0.018940256537080685,3.552713678800501e-15,0.00576451033843061,0.1630681423987448,0.01885397369346494,0.1630681423987448,0.018851616799438174,1.7763568394002505e-15,0.0053424529952593785,0.16359839129395742,0.019017989995720307,0.16308829881534592,0.018883059135921434,0.1622237195141163,0.01834699513172828,0.018340258191725658
4000,3528,0.1771493383950511,0.01813848461676964,0.1771493383950511,0.018136217164467915,8.881784197001252e-16,0.009681499298705711,0.17549304582529973,0.017992680230776537,0.17549304582529973,0.017990431005162302,3.552713678800501e-15,0.010736744304397215,0.17602959534152346,0.018080666470470682,0.17550404199294262,0.01800783846759587,0.17561922920586093,0.019058818394330643,0.019070042891488156
4000,3529,0.14886663538206962,0.018190395722610775,0.14886663538206962,0.018188121781015212,1.7763568394002505e-15,0.013570682836474042,0.15078066727964073,0.018255316763393425,0.15078066727964073,0.018253034706160506,1.7763568394002505e-15,0.011538531501367202,0.15094316746068187,0.018385538026536967,0.15078360035656035,0.018266334856180642,0.15100470375522745,0.018607355359580184,0.018566875997913398
4000,3530,0.16101059510512283,0.0183036133574453,0.16101059510512283,0.01830132526276076,1.7763568394002505e-15,0.008789454236310789,0.1613601601271174,0.0182107523145879,0.1613601601271174,0.01820847582825929,8.881784197001252e-16,0.011606814390233694,0.16281327659382355,0.01839000016000451,0.1613703690409935,0.018224500187849133,0.15944136834019634,0.018095346450513763,0.01812369291887136
4000,3531,0.22111270893214574,0.019856872959533974,0.22111270893214574,0.01985439069526282,3.552713678800501e-15,0.011427722031633582,0.2226050747345512,0.019742993808154568,0.2226050747345512,0.019740525779667128,3.552713678800501e-15,0.013207616373328755,0.22396958479283385,0.01984531839735387,0.2227042910384427,0.019799242615197863,0.22215776799416626,0.02018258231287416,0.021323422642644987
4000,3532,0.1928695636409477,0.018286356674378675,0.1928695636409477,0.01828407073691436,8.881784197001252e-16,0.006742240191210796,0.19355758638372755,0.018186088749696138,0.19355758638372755,0.018183815346505847,8.881784197001252e-16,0.007414592267578573,0.19370821621460105,0.01826795012566531,0.19365550147183774,0.018187958198451957,0.19062651198011488,0.019096141620172313,0.018441298423000248
4000,3533,0.17088688284367476,0.018357707935419486,0.17088688284367476,0.01835541307849004,8.881784197001252e-16,0.015654462520412738,0.1716521609797777,0.01826633404034053,0.1716521609797777,0.018264050605861913,3.552713678800501e-15,0.015760819523005957,0.17157764182700413,0.01838205670088194,0.17164804439891507,0.018282515207297543,0.17071565232860486,0.018172892208197688,0.01816654044147681
4000,3534,0.1672965352374427,0.018289897556876406,0.1672965352374427,0.018287611176774108,8.881784197001252e-16,0.013079876676628825,0.16747249942927978,0.0181306114898317,0.16747249942927978,0.018128345021732363,8.881784197001252e-16,0.013668247639869926,0.16744721554901953,0.018197676107879396,0.1674604774990891,0.01813825080910989,0.167639082530451,0.01824107230789389,0.018256546306526313
4000,3535,0.20877959316320965,0.018697817185110783,0.20877959316320965,0.01869547981186768,1.7763568394002505e-15,0.015578257979674182,0.20750540516763577,0.018538570790743975,0.20750540516763577,0.01853625332454444,1.7763568394002505e-15,0.014269842704507612,0.20885769368707752,0.01874536572319281,0.20753314465834694,0.018558923271845343,0.20768077553998343,0.018524529906925002,0.01854495162230942
4000,3536,0.19854960593619647,0.017136718124229827,0.19854960593619647,0.01713457590056695,8.881784197001252e-16,0.011206767823327269,0.1997553903752653,0.01708310817802524,0.1997553903752653,0.017080972656024516,8.881784197001252e-16,0.011032542639318226,0.19932304495690295,0.01720998847096477,0.19969097472223696,0.01708811256635258,0.19858463757127726,0.01747130979447325,0.017513893898390604
4000,3537,0.17398458143003032,0.018783727141249422,0.17398458143003032,0.01878137902859055,1.7763568394002505e-15,0.006099758797250625,0.17373483279089197,0.018696880469063384,0.17373483279089197,0.018694543212917115,1.7763568394002505e-15,0.006138423226132362,0.1745026753431319,0.018915811669813612,0.17375650354002997,0.01872135814115408,0.17478373238958067,0.01882050069933355,0.018816770183917687
4000,3538,0.19835833744010883,0.01847547101586709,0.19835833744010883,0.018473161437632446,8.881784197001252e-16,0.009723470188067856,0.19847959929842468,0.018326969815046668,0.19847959929842468,0.018324678800622433,8.881784197001252e-16,0.00900810054649408,0.19791973545677194,0.01837307715099769,0.19845968498175764,0.018341951774901537,0.19936943299056892,0.01788551939686611,0.017882726462812724
4000,3539,0.18279090320476038,0.019240302659638827,0.18279090320476038,0.01923789747147272,3.552713678800501e-15,0.010092060392465404,0.18399174316392802,0.01897503020255457,0.18399174316392802,0.018972658175518298,3.552713678800501e-15,0.011718914643370751,0.18635580816221925,0.019606941684033128,0.18404328880030846,0.019011331531854525,0.18295712282158377,0.01897953950441021,0.01893956062030433
4000,3540,0.15958484353730995,0.017843829702987573,0.15958484353730995,0.017841599084852354,8.881784197001252e-16,0.002672590276837671,0.15989445133569513,0.017688928638381646,0.15989445133569513,0.017686717384089817,8.881784197001252e-16,0.002659975242692604,0.15903460929390978,0.017778882229904352,0.1598745950881293,0.01770462247751148,0.1583789084838364,0.017605890780016373,0.017661544356232114
4000,3541,0.15809944299330397,0.018450621697240512,0.15809944299330397,0.018448315225364855,1.7763568394002505e-15,0.013291647158131536,0.15823291626679686,0.018348472836438468,0.15823291626679686,0.018346179133968545,1.7763568394002505e-15,0.014668768702527401,0.1581639542026438,0.018404269940169055,0.1582263369636447,0.018361174823143568,0.15811054141048841,0.017992397014813647,0.018010590866608587
4000,3542,0.1626258555233478,0.01860194289576988,0.1626258555233478,0.01859961750756206,1.7763568394002505e-15,0.024535065411623713,0.1623915172016886,0.01851463314980548,0.1623915172016886,0.018512318675998098,8.881784197001252e-16,0.02388865452732102,0.1631438567439088,0.018649814580258158,0.16238955540385608,0.018527199809433535,0.1629782461631742,0.019000721353796025,0.01892669674524526
4000,3543,0.1817712557128655,0.01821539675130586,0.1817712557128655,0.018213119684386363,1.7763568394002505e-15,0.0052896264702042665,0.18169202903655868,0.01823283974691756,0.18169202903655868,0.018230560499487326,8.881784197001252e-16,0.005418393084227242,0.18241892609793758,0.018340192903347433,0.18163854139478808,0.018250532418424004,0.1827579024175986,0.01770612148230202,0.01771764554977965
4000,3544,0.1758274817095976,0.018038113021633988,0.1758274817095976,0.018035858116565908,1.7763568394002505e-15,0.022030208356964676,0.1753580718224068,0.01776790727616289,0.1753580718224068,0.017765686148924244,1.7763568394002505e-15,0.020093393494894335,0.1763697456035217,0.017918484091759973,0.17535138587429044,0.017779039949209208,0.17499518217897408,0.018227593210833132,0.018253799530708596
4000,3545,0.18632300547732727,0.01779626979277952,0.18632300547732727,0.017794045120004685,1.7763568394002505e-15,0.014697949426731456,0.1852268921921279,0.017677257736638894,0.1852268921921279,0.017675047941300974,8.881784197001252e-16,0.015156875379572898,0.18557802534986823,0.017854176817332135,0.1852225599013438,0.01768393283657572,0.18322187916633326,0.017789278438226235,0.017934211365117962
4000,3546,0.1779825468952792,0.017827436136965906,0.1779825468952792,0.01782520756815453,8.881784197001252e-16,0.009186983833753107,0.17828204989907204,0.017672343215168973,0.17828204989907204,0.017670134034184635,8.881784197001252e-16,0.007952601048425855,0.17928421236355124,0.017761511875231267,0.17826521379146304,0.01768304038711935,0.1770846803735051,0.017284463348874724,0.017414265973961302
4000,3547,0.21323613872895558,0.01757691935451164,0.21323613872895558,0.017574722102255472,8.881784197001252e-16,0.01606287637369749,0.21269015344461023,0.01748357453635996,0.21269015344461023,0.01748138895293541,1.7763568394002505e-15,0.01341753764105028,0.21262009113237657,0.01756535274748515,0.21260652259581747,0.017491649625172065,0.21283518192245188,0.017407290133082,0.017412000609583176
4000,3548,0.21781732339118176,0.01815135754283238,0.21781732339118176,0.018149088481314316,8.881784197001252e-16,0.021111714996765882,0.2173322324644052,0.01804497266487141,0.2173322324644052,0.018042716902294326,8.881784197001252e-16,0.022658543689905258,0.2189883747499401,0.018200850853234623,0.21735732930518958,0.018056923088262535,0.21609653290208103,0.018744253557566763,0.01869921056079837
4000,3549,0.20281526760991386,0.021440027939575355,0.20281526760991386,0.021437347768561744,7.105427357601002e-15,0.017337653328177383,0.20294488951719525,0.02107247919979331,0.20294488951719525,0.02106984497524401,1.7763568394002505e-15,0.01740270032261634,0.20192051161588304,0.021549230658207373,0.20307516309381513,0.021174201454058263,0.20470297305236412,0.02131511355882166,0.022265716116431425
4000,3550,0.17144550970431915,0.018111989750377158,0.17144550970431915,0.018109725610140754,8.881784197001252e-16,0.012431433338587749,0.17409595674268213,0.0179640450468212,0.17409595674268213,0.0179617994008287,8.881784197001252e-16,0.011468371918295838,0.1732324014651334,0.01807332359536019,0.17405241749812855,0.017976520012463016,0.17373822663880667,0.018210141950498228,0.018216688925151804
4000,3551,0.18868622275146374,0.018334830932166788,0.18868622275146374,0.01833253893504149,1.7763568394002505e-15,0.008905978400290641,0.18854352292533533,0.01806088696254033,0.18854352292533533,0.018058629210551697,1.7763568394002505e-15,0.010535529279285442,0.1875530850592207,0.01821675228323796,0.18860712559443782,0.01806404935903234,0.18935916147762955,0.0178117553619672,0.017876587591333357
4000,3552,0.1598308662260739,0.017567915799415613,0.1598308662260739,0.017565719672674184,8.881784197001252e-16,0.007550238003477385,0.1601252133660902,0.01753100535014653,0.1601252133660902,0.01752881383749966,1.7763568394002505e-15,0.0070728927875695615,0.16069414472470045,0.01767221257764182,0.16011591686636456,0.017542597658535,0.16121694632918193,0.017691230297062918,0.017720296785804383
4000,3553,0.1938190021813141,0.018325835586244395,0.1938190021813141,0.01832354471360763,1.7763568394002505e-15,0.014973004480726521,0.1936569472649179,0.018343508429184443,0.1936569472649179,0.01834121534730422,1.7763568394002505e-15,0.01729335344963901,0.19361796839231732,0.018464515418262106,0.19365578816910112,0.01835490997659426,0.19431851642171288,0.018988819075331682,0.01898737463044764
4000,3554,0.19287835454976449,0.018384190174569916,0.19287835454976449,0.018381892007153657,8.881784197001252e-16,0.012367885048358545,0.19199833627711765,0.0183227392709336,0.19199833627711765,0.01832044878536044,1.7763568394002505e-15,0.014459708019124301,0.19251453053401552,0.018444247623821214,0.191981048515243,0.01833961110807303,0.1948759397875625,0.018366352731593233,0.018562191955108
4000,3555,0.18309223024157562,0.018117935534411767,0.18309223024157562,0.0181156706509059,8.881784197001252e-16,0.014518708811835377,0.18355577413868135,0.0180375897698245,0.18355577413868135,0.018035334930166985,8.881784197001252e-16,0.014341805887190048,0.18315662929700754,0.018213433482093536,0.18349462658694704,0.018047488908872204,0.18318047838091894,0.017429713810274982,0.01747796268226664
4000,3556,0.1526508291338407,0.018022890913332836,0.1526508291338407,0.01802063791114723,1.7763568394002505e-15,0.01337927575336836,0.15310088788673487,0.01795372339013455,0.15310088788673487,0.01795147903442978,8.881784197001252e-16,0.013849430770811596,0.15324617880907426,0.0180897644580369,0.1531109610286715,0.01797316238154266,0.15434427344904278,0.01815694298907209,0.018230419552616412
4000,3557,0.20433166515962187,0.01946124914894932,0.20433166515962187,0.019458816340745682,1.7763568394002505e-15,0.010041204506497637,0.2039076007668459,0.01918239550734776,0.2039076007668459,0.01917999755802814,1.7763568394002505e-15,0.010379749336285516,0.2031931298619558,0.01936357972598158,0.20396841406818278,0.019215936922920077,0.20402552267602647,0.018558768438501634,0.018680643758013916
4000,3558,0.19996967458836007,0.018710042256183126,0.19996967458836007,0.018707703354710628,1.7763568394002505e-15,0.010497799480923766,0.19885530582665817,0.01866840133746989,0.19885530582665817,0.01866606764143759,8.881784197001252e-16,0.012057441919128283,0.19791026894621544,0.01871954822095849,0.1988550657329643,0.018682230015524767,0.19768630727392728,0.01864855217834902,0.01861214698036855
4000,3559,0.1802640015009,0.019267235211542583,0.1802640015009,0.019264826656597046,1.7763568394002505e-15,0.005633131504900448,0.17981871785953701,0.01909461038204835,0.17981871785953701,0.019092223406555302,1.7763568394002505e-15,0.00610595590869447,0.17909743134151102,0.019282254359254125,0.17984150884297956,0.01912517172845575,0.18007404510946373,0.017977201293944665,0.017976706087824135
4000,3560,0.19608689931768764,0.01852343381341926,0.19608689931768764,0.018521118239460163,1.7763568394002505e-15,0.013564616247109744,0.19621327898822483,0.018382711725039972,0.19621327898822483,0.018380413742441454,3.552713678800501e-15,0.014241039783062171,0.19505613563132007,0.01849186495933328,0.1962233151030947,0.018400692042563928,0.19725830192477622,0.018084478800987184,0.018085152298031922
4000,3561,0.1807998150521714,0.018287215554884086,0.1807998150521714,0.018284929510052995,8.881784197001252e-16,0.007624699536210946,0.18040777165604444,0.01819319309369768,0.18040777165604444,0.018190918802408876,8.881784197001252e-16,0.006870843207356644,0.18055699422045973,0.018339953222778024,0.18044236162491317,0.01821230689137744,0.17996691456517888,0.01863610461600268,0.018646787366374366
4000,3562,0.17029942641088008,0.01807897501095605,0.17029942641088008,0.018076714997820032,8.881784197001252e-16,0.011189980623014784,0.17067949597166476,0.018050428598922214,0.17067949597166476,0.018048172154310742,1.7763568394002505e-15,0.011196581935403354,0.1707700693524798,0.018158013111774233,0.17066854640703466,0.018058770030327388,0.17073607487642767,0.01766021591120239,0.01768726320136658
4000,3563,0.18392377430518037,0.018081153877390278,0.18392377430518037,0.01807889359187893,1.7763568394002505e-15,0.016036559564642356,0.1821347141323968,0.01790090586384309,0.1821347141323968,0.0178986681107418,8.881784197001252e-16,0.01718624857832653,0.18261484898470426,0.017998544966424727,0.18214215509137738,0.01791754667301788,0.18080150371045994,0.0182222901448397,0.018207778644657127
4000,3564,0.1831830570412073,0.017986565818147504,0.1831830570412073,0.01798431735688262,1.7763568394002505e-15,0.010884699534965708,0.18428248800020175,0.017872242862747214,0.18428248800020175,0.017870008692745017,8.881784197001252e-16,0.010816916128556328,0.1852452493170682,0.01794066143006279,0.18428970054191768,0.01788055409802119,0.18440081887152426,0.017987552998374668,0.017942402406705013
4000,3565,0.23507101532938374,0.01842846298637991,0.23507101532938374,0.018426159284516252,1.7763568394002505e-15,0.009123886689184315,0.23557757769482673,0.01837808280894618,0.23557757769482673,0.018375785404998346,1.7763568394002505e-15,0.008014674498042187,0.2362224203637905,0.01852774883847469,0.2355884554129663,0.018393039932721855,0.23453559064031754,0.017842983169433252,0.017798435771628728
4000,3566,0.1987261890471873,0.018028133784616547,0.1987261890471873,0.018025880127031067,1.7763568394002505e-15,0.017731977398225178,0.1986378726011313,0.017864107450163313,0.1986378726011313,0.017861874297151255,8.881784197001252e-16,0.017972614860546233,0.19878072785104695,0.017987561543572235,0.19862029942825365,0.017874853051233888,0.19760273119968158,0.018651417716322748,0.018611336445926673
4000,3567,0.17723622233742248,0.01783066012615532,0.17723622233742248,0.017828431154320104,1.7763568394002505e-15,0.011317019677492091,0.17684647434631207,0.017660736234223106,0.17684647434631207,0.017658528504202076,8.881784197001252e-16,0.01160017413952502,0.1769286499453614,0.017735580503268622,0.17679836072734728,0.017668412587098534,0.1762336846265038,0.017781517457271676,0.01790488830183843
4000,3568,0.15910291287968975,0.018230672481850146,0.15910291287968975,0.01822839350534498,8.881784197001252e-16,0.006055680972804405,0.15879117434247503,0.018136491122386574,0.15879117434247503,0.018134223919287228,1.7763568394002505e-15,0.0066762651373231275,0.15864805849586866,0.018223174346907817,0.158770824399263,0.018153666539411563,0.15851517158030004,0.01775496296524455,0.017762575071562765
4000,3569,0.18327628584265443,0.018216718425661107,0.18327628584265443,0.018214441193521995,1.7763568394002505e-15,0.010270951272231951,0.1839763503585251,0.018190970560673772,0.1839763503585251,0.018188696547218962,1.7763568394002505e-15,0.010578224453605066,0.18412978671528107,0.018288397509992418,0.18397216153120627,0.01819735086209563,0.18386584824604318,0.01815044085294802,0.018152136371292198
4000,3570,0.18829874855910134,0.017307443384005198,0.18829874855910134,0.01730527981835089,8.881784197001252e-16,0.011233310811131368,0.18941061066519999,0.017224681474377543,0.18941061066519999,0.017222528254608595,8.881784197001252e-16,0.01094298284126295,0.18898953034904237,0.01728403884063105,0.18938474638528868,0.017227743461298076,0.18872783332872356,0.017691305813739244,0.01777412560693059
4000,3571,0.17061013366079447,0.017895592209953865,0.17061013366079447,0.017893355121100834,8.881784197001252e-16,0.008306049868896118,0.17067443314010028,0.017814973266531073,0.17067443314010028,0.017812746255675877,8.881784197001252e-16,0.007711956565628578,0.17115378917516655,0.017937615694848627,0.1706192189176185,0.017825987593560112,0.17138560087123178,0.01788275073346169,0.017899994313994787
4000,3572,0.20148048128755863,0.018477653022843515,0.20148048128755863,0.018475343171840946,8.881784197001252e-16,0.013993790479743626,0.20238747199088086,0.018462444380401965,0.20238747199088086,0.018460136430598535,8.881784197001252e-16,0.013419684366295757,0.20282607214263437,0.018727281905902362,0.20237862116696553,0.01847732583342122,0.20273859226386953,0.018562247640576107,0.01856339597660547
4000,3573,0.14917311122174476,0.017641273780174556,0.14917311122174476,0.017639068483112353,1.7763568394002505e-15,0.009290265104089632,0.14949709129134886,0.017539697055656337,0.14949709129134886,0.017537504456478364,1.7763568394002505e-15,0.010626136359826916,0.1487534380035726,0.017602558728575305,0.14948637473884768,0.01754625991346285,0.15054403559025376,0.01824502266077256,0.018323301651776206
4000,3574,0.19783109091176154,0.018952424117133534,0.19783109091176154,0.01895005491603457,8.881784197001252e-16,0.016329839380786214,0.1977482415883649,0.018929160181625288,0.1977482415883649,0.018926793888700034,1.7763568394002505e-15,0.01430347855813297,0.19802184720538435,0.019033958462526947,0.1977635149627397,0.0189560901413799,0.19780149537717612,0.018912601759525867,0.01917758031223639
4000,3575,0.1505212523826674,0.017476870012147237,0.1505212523826674,0.017474685266840602,1.7763568394002505e-15,0.01948930572841115,0.15003879410342363,0.01737349867720493,0.15003879410342363,0.01737132685412285,1.7763568394002505e-15,0.018991488913883452,0.1504538106179627,0.017448856992443144,0.150013800728639,0.017379737983858536,0.14985931147809,0.017631519694456664,0.017824648930158643
4000,3576,0.2171364523385947,0.018050731465442622,0.2171364523385947,0.01804847498297047,1.7763568394002505e-15,0.005230761694915319,0.21649017002192383,0.017985579138244636,0.21649017002192383,0.01798333080032245,1.7763568394002505e-15,0.004837109191922395,0.21613596999968843,0.01809705517972213,0.2164697403898962,0.017997421786465146,0.21630675046633246,0.01859411866410033,0.01847780219459957
4000,3577,0.18424583231820502,0.01825943005373328,0.18424583231820502,0.01825714748230693,8.881784197001252e-16,0.0015651486296243964,0.18378319669522497,0.01817485457848757,0.18378319669522497,0.018172582579656458,8.881784197001252e-16,0.001761041817151235,0.1824511012572897,0.018299899908915403,0.1837643555785638,0.018184808139746652,0.18400636623194416,0.018006249329678394,0.018010259739070368
4000,3578,0.17472901886193032,0.01855990437891065,0.17472901886193032,0.018557584245845908,8.881784197001252e-16,0.014557553945321005,0.1743812720247584,0.018512647769473468,0.1743812720247584,0.018510333543854143,8.881784197001252e-16,0.015280465573083615,0.1738293077995633,0.018610027803268488,0.17442506218377835,0.018527069483201118,0.1765964696229913,0.01867063054635227,0.01873216286277742
4000,3579,0.19736614118831164,0.018403267264097856,0.19736614118831164,0.01840096671189634,8.881784197001252e-16,0.009086147213362344,0.19679181480926522,0.018353074489604645,0.19679181480926522,0.018350780211892126,8.881784197001252e-16,0.009069254320375244,0.19744935148419912,0.01840429312188849,0.1967889132515443,0.0183650465979625,0.19645450214915755,0.01823827071185189,0.01822415038636849
4000,3580,0.162084504207112,0.017639125888918965,0.162084504207112,0.01763692086035995,8.881784197001252e-16,0.01564018683454416,0.16187010037218186,0.017556881871841894,0.16187010037218186,0.017554687124427624,8.881784197001252e-16,0.016694963023797908,0.16244205582023502,0.017677516777706164,0.16179415219057108,0.01756581580340757,0.16181442883432728,0.017121478716468838,0.01721505238907087
4000,3581,0.18135918369202675,0.017617183007442323,0.18135918369202675,0.017614980721914943,8.881784197001252e-16,0.01638295988833816,0.1814320586715022,0.017567331060257138,0.1814320586715022,0.01756513500661267,1.7763568394002505e-15,0.01854567545882361,0.18097635247859273,0.01765027990599104,0.18139295213537016,0.017570461343939726,0.18211027852327322,0.01789410923426628,0.017910936108890173
4000,3582,0.20126323841814142,0.018637792261946843,0.20126323841814142,0.018635462392288145,1.7763568394002505e-15,0.011271799361898448,0.1996722363549932,0.018485346948740416,0.1996722363549932,0.018483036135936996,1.3322676295501878e-15,0.011326170371083704,0.1986881284537957,0.018643164316527072,0.1997196193542542,0.018507413321448903,0.19915800729094946,0.018764938897914845,0.018791919518744885
4000,3583,0.19548019304799086,0.018439143875956656,0.19548019304799086,0.01843683883889834,1.7763568394002505e-15,0.015938301018792757,0.1945105502488162,0.018340465031052983,0.1945105502488162,0.018338172329621306,1.7763568394002505e-15,0.014772691922183742,0.19399653348583212,0.018532330827226027,0.19451762906006564,0.01835653715714668,0.19452746159450707,0.01831615038334994,0.018325658591781792
4000,3584,0.17758668269391936,0.019489206879208226,0.17758668269391936,0.01948677057606986,3.552713678800501e-15,0.008171046442694145,0.17704612644149642,0.019182285323588212,0.17704612644149642,0.01917988738804242,3.552713678800501e-15,0.008366480276535493,0.17646231596241024,0.019352292227319347,0.17710593941265373,0.01920963779874339,0.17743987424506247,0.019089059590631556,0.01906869486528414
4000,3585,0.1782703385913389,0.018217946354989484,0.1782703385913389,0.01821566896934961,1.7763568394002505e-15,0.010453086926668027,0.17766432536499582,0.01803696446117524,0.17766432536499582,0.018034709699686194,8.881784197001252e-16,0.012470769233589467,0.17751438983487233,0.018136265252485802,0.17767316372911945,0.018045402943761474,0.1770862167145475,0.018173394268821537,0.018082955759290167
4000,3586,0.16374897804690375,0.01784009579516224,0.16374897804690375,0.01783786564379467,8.881784197001252e-16,0.013912131430515038,0.16563716342123408,0.017715104343947533,0.16563716342123408,0.017712889817487983,1.7763568394002505e-15,0.014111949708987824,0.16544264781279017,0.017850715996061608,0.16559893182268126,0.01772389719996268,0.16523719569491574,0.017573028814253554,0.01764468664928956
4000,3587,0.18572880010232223,0.01844071694294422,0.18572880010232223,0.018438411709240238,1.7763568394002505e-15,0.005839879864416369,0.18458893588017133,0.01828032030656596,0.18458893588017133,0.01827803512369478,1.7763568394002505e-15,0.006688664408680738,0.1841545866288622,0.01844691221221513,0.18462042319904615,0.018295790061242132,0.18375712311820525,0.018576006604301854,0.01857570401297474
4000,3588,0.1920349891011383,0.01845342450724425,0.1920349891011383,0.01845111768499544,1.7763568394002505e-15,0.008495103273158791,0.19028741139948535,0.018238805433931887,0.19028741139948535,0.018236525440744163,1.7763568394002505e-15,0.008191609989245476,0.18958711336251394,0.01840655423812105,0.1902938284769043,0.0182590017946705,0.19016552655702346,0.0183164760075336,0.018365302128359417
4000,3589,0.20367924234855056,0.017988146396307154,0.20367924234855056,0.01798589773745765,1.7763568394002505e-15,0.015671965399314574,0.20370817574438693,0.017909397181631474,0.20370817574438693,0.017907158367049113,8.881784197001252e-16,0.01502345598055305,0.20417364844471925,0.017992446306237392,0.20368302245960668,0.01792181590358558,0.20368355900700302,0.01793799669745172,0.017940471914280588
4000,3590,0.1822950189864856,0.01800128705797961,0.1822950189864856,0.017999036756444722,1.7763568394002505e-15,0.011740174413619743,0.18249917546162686,0.0178622746881086,0.18249917546162686,0.017860041764206115,1.7763568394002505e-15,0.011466813624019561,0.1813359884346103,0.017928972117742067,0.18247805671954553,0.017877400796474246,0.1824782959923315,0.018052748764334072,0.018046853701027255
4000,3591,0.1805331133843719,0.01811161464108619,0.1805331133843719,0.018109350547741376,8.881784197001252e-16,0.010138384586798664,0.17971708965890343,0.018009361225519747,0.17971708965890343,0.01800710991465083,8.881784197001252e-16,0.01039176447073291,0.18035754895229422,0.018173178753390574,0.17969942928228844,0.018021151728061933,0.17997858254392146,0.018078477077021392,0.01812442511316441
4000,3592,0.19504505300683678,0.018316011075849643,0.19504505300683678,0.018313721431353437,1.7763568394002505e-15,0.004594081374504808,0.1948918521453848,0.018298304302592102,0.1948918521453848,0.018296016871580906,1.7763568394002505e-15,0.004340542544539455,0.19329802642088034,0.018434175845183913,0.19486014353750225,0.018312005008681263,0.19710922757351856,0.018257481017480932,0.018312964345303617
4000,3593,0.20778499764976366,0.01805101494660178,0.20778499764976366,0.01804875842869227,8.881784197001252e-16,0.009337049823902608,0.20869815141738524,0.017981096360685955,0.20869815141738524,0.017978848583145992,8.881784197001252e-16,0.010620253046178885,0.20855123175580853,0.018065776614619656,0.20868675978061058,0.017991559714168975,0.20866422243915617,0.01851692575112042,0.0185162172347378
4000,3594,0.1810450360396052,0.017894485486660595,0.1810450360396052,0.017892248536156622,8.881784197001252e-16,0.010627929019565455,0.1802875908048034,0.017798288456091008,0.1802875908048034,0.017796063530967486,1.7763568394002505e-15,0.011203518113553695,0.18037089565371567,0.0178660002113717,0.1802118744487201,0.017810244109605147,0.1808788701325021,0.01773147929178758,0.0177451384345708
4000,3595,0.18347078455085414,0.018219235051728185,0.18347078455085414,0.01821695750499115,1.7763568394002505e-15,0.010546213129218818,0.1818337963292982,0.01805655003506068,0.1818337963292982,0.018054292825221866,8.881784197001252e-16,0.009715909481289881,0.18205786639292382,0.018161886525066808,0.18178393286432903,0.01806490253909939,0.18092295514181228,0.01804857884045333,0.018073964456417638
4000,3596,0.18293292789414223,0.018313079567697968,0.18293292789414223,0.018310790289663186,8.881784197001252e-16,0.014370924942753206,0.18377619376965537,0.01828981309949353,0.18377619376965537,0.018287526729949065,8.881784197001252e-16,0.01648916946796984,0.18468166186886376,0.01846865773115744,0.1837867420444747,0.018306886162795404,0.18476896287426692,0.018408301554581265,0.01845117492625347
4000,3597,0.1671304797855251,0.01836793133813134,0.1671304797855251,0.018365635203196666,1.7763568394002505e-15,0.00784359772751015,0.1664539913838382,0.018181525608303824,0.1664539913838382,0.01817925277554186,8.881784197001252e-16,0.00779283182003732,0.166926660815227,0.01827000418789383,0.16646269815712988,0.018196639553438258,0.1645221276990308,0.017780044835456695,0.017777338409509756
4000,3598,0.1758398560274843,0.01812796367617586,0.1758398560274843,0.018125697539073914,1.7763568394002505e-15,0.00769938737612368,0.17549685757719674,0.018022593687690578,0.17549685757719674,0.0180203407226605,8.881784197001252e-16,0.008195222000081628,0.17454639748377054,0.01805533091119538,0.17557726425778392,0.018019012052745385,0.177735059984738,0.017396647011360462,0.01749343167523449
4000,3599,0.17006428543001717,0.017902711386574316,0.17006428543001717,0.017900473407768576,8.881784197001252e-16,0.005605791218577144,0.1698661919888364,0.017756964079319787,0.1698661919888364,0.017754744320066247,8.881784197001252e-16,0.006126415033221119,0.16765187948758464,0.01793046209092071,0.16979484303862857,0.017766861617758777,0.17066200040653662,0.017362396108177643,0.017363669996297997
4000,3600,0.20426010211144435,0.017796694768165682,0.20426010211144435,0.017794470042265604,8.881784197001252e-16,0.002608824389224234,0.20310932924361946,0.017722829623334414,0.20310932924361946,0.017720614131154583,8.881784197001252e-16,0.00291314669081957,0.2033441182881533,0.017800055441237823,0.20306944741987903,0.01772929608070621,0.20405048625733557,0.017752764171368562,0.017791163631491035
4000,3601,0.1693644060690931,0.018725421264770253,0.1693644060690931,0.018723080440801513,1.7763568394002505e-15,0.015746970506630226,0.16936213479045537,0.01861976601035457,0.16936213479045537,0.01861743839411817,1.7763568394002505e-15,0.01732772351313186,0.1692076916191967,0.018870954740458815,0.16937663863676927,0.01863608800006477,0.17057572835097123,0.019007012712628706,0.0190727525714791
4000,3602,0.1793026931066971,0.018023214875040237,0.1793026931066971,0.01802096183235689,1.7763568394002505e-15,0.021753441178114088,0.17794304665762778,0.017859350948339476,0.17794304665762778,0.01785711838992731,8.881784197001252e-16,0.02059727195892731,0.17833687377284296,0.017914815634515576,0.17798173379935722,0.017863688837455694,0.1774818458572105,0.018554399213942148,0.018480974005247865
4000,3603,0.18560017406185142,0.018404705752148146,0.18560017406185142,0.01840240502012439,8.881784197001252e-16,0.01208266445792949,0.18487976421078411,0.018274879195522765,0.18487976421078411,0.018272594692832978,8.881784197001252e-16,0.011310418665495986,0.18435006429900969,0.018393516596418226,0.1848502122306333,0.018285372807917366,0.18753142985969562,0.018468397398552508,0.018467952490597846
4000,3604,0.18115902253812088,0.017993803220616708,0.18115902253812088,0.01799155385461997,8.881784197001252e-16,0.004840502968690023,0.18185849655085734,0.01794440687678807,0.18185849655085734,0.017942163685720266,1.7763568394002505e-15,0.00515905969499868,0.1833696388281843,0.018177905751956255,0.18183598486769031,0.017958218785666658,0.1834746827318987,0.017740516045517025,0.01776070519949346
4000,3605,0.18887246550664277,0.01819668325294818,0.18887246550664277,0.0181944085253622,1.7763568394002505e-15,0.02080154172541896,0.19094228968108518,0.018051476668910688,0.19094228968108518,0.01804922009328228,1.7763568394002505e-15,0.0199539908010665,0.1905216008191063,0.01815932040871317,0.1909003562502778,0.01806490867958671,0.19135492160321788,0.017640176719928905,0.017631447340206628
4000,3606,0.20908931343422943,0.017994716309255226,0.20908931343422943,0.017992466829115275,8.881784197001252e-16,0.008108290031820356,0.21054738992908567,0.017862967630658255,0.21054738992908567,0.017860734620132542,1.7763568394002505e-15,0.008603486387188953,0.21104702659615765,0.01792929368273802,0.21051057400970136,0.01787912861579349,0.21228046610283885,0.017948368668388046,0.017824170681120015
4000,3607,0.20434051481875964,0.018107498429415423,0.20434051481875964,0.018105234850629228,8.881784197001252e-16,0.010157358130137574,0.20411563760799234,0.017968750782044435,0.20411563760799234,0.017966504547798263,8.881784197001252e-16,0.009454736101161525,0.2039670625011108,0.018120035170746392,0.20406586236522556,0.0179819436623622,0.20513993938389435,0.018201569887034287,0.018162329188715923
4000,3608,0.1902012509620053,0.01852000497469031,0.1902012509620053,0.018517689829362846,1.7763568394002505e-15,0.013325678926006087,0.1910755318930375,0.01846779551333039,0.1910755318930375,0.018465486894593538,8.881784197001252e-16,0.013802622984803024,0.19321959894230478,0.018795571643856927,0.19110862244458615,0.01848421624952852,0.19196712407698163,0.01904446505067042,0.019091154482806037
4000,3609,0.1937156684946315,0.01791159119706045,0.1937156684946315,0.017909352108209018,8.881784197001252e-16,0.010416300658772791,0.19310825848253704,0.017795628681453627,0.19310825848253704,0.017793404088822715,8.881784197001252e-16,0.01005860731760022,0.19275925832772683,0.017906092388599602,0.19306033876877599,0.01780173970750051,0.19399736052546596,0.01776881778808569,0.017701782104021138
4000,3610,0.18423532942067833,0.01982864960433837,0.18423532942067833,0.01982617086820714,7.105427357601002e-15,0.005501891598392111,0.18436687004701208,0.019406391588083768,0.18436687004701208,0.019403965637503868,1.7763568394002505e-15,0.005129623625508259,0.1820156135820773,0.01925207108850755,0.18439915482586028,0.019436214291539928,0.1836848637008452,0.01867141991714578,0.018684716704626007
4000,3611,0.16537177337659376,0.017840827075509557,0.16537177337659376,0.017838596832726233,1.7763568394002505e-15,0.0076097360955310065,0.16622748582800123,0.017750605872586037,0.16622748582800123,0.01774838690815802,8.881784197001252e-16,0.0070845773349835885,0.16562513920758376,0.017830357809824383,0.16621532345350576,0.017761230514250236,0.1677747217269276,0.017250278119998942,0.017444846875988122
4000,3612,0.17629870390291608,0.01840760737905398,0.17629870390291608,0.018405306284304184,1.7763568394002505e-15,0.008870134297118453,0.17617871649241562,0.01831936785066563,0.17617871649241562,0.018317077786546346,1.7763568394002505e-15,0.008708600235109009,0.17583926080440265,0.018446503514305792,0.1761404785757298,0.01833498071155174,0.17682886211835863,0.01748643601169487,0.01748300404810923
4000,3613,0.18406960599645716,0.018036919653809817,0.18406960599645716,0.01803466489792204,1.7763568394002505e-15,0.007191649880359952,0.18264778781272695,0.01793368567696908,0.18264778781272695,0.017931443826135023,1.7763568394002505e-15,0.007907163331399385,0.1822711494784085,0.018051871044042836,0.1826260067653599,0.017945027459703798,0.1836423255917456,0.01831731809448087,0.018310483279680743
4000,3614,0.18142426085673657,0.01862395935512789,0.18142426085673657,0.01862163121469063,1.7763568394002505e-15,0.00920608710117605,0.1824184750321866,0.018460938570682265,0.1824184750321866,0.018458630809116815,8.881784197001252e-16,0.008557113903109004,0.1826985278341005,0.018615983040773696,0.18245335442937888,0.018477886123347206,0.18261344594466905,0.01871364610525571,0.018715009770354497
4000,3615,0.16896975803563985,0.018823816234794753,0.16896975803563985,0.018821463110685957,8.881784197001252e-16,0.00526308584107743,0.16884852146073015,0.018703339226410088,0.16884852146073015,0.01870100116286868,1.7763568394002505e-15,0.0045580979456004405,0.1668872963960043,0.019171992382070794,0.16879615358149153,0.018722494933679786,0.17026118286411068,0.01821988114027144,0.018223860140368454
4000,3616,0.1935370327947401,0.018705936244329625,0.1935370327947401,0.01870359785614069,1.3322676295501878e-15,0.00726309827236304,0.1929505711479806,0.018574374471013958,0.1929505711479806,0.01857205252907464,1.7763568394002505e-15,0.006631002856352141,0.19143960887298805,0.01871143894478954,0.19293904205394624,0.018579715998608606,0.19365003370361616,0.018411761837575338,0.01841570672944863
4000,3617,0.204317073678138,0.018877417591668513,0.204317073678138,0.018875057766971293,3.552713678800501e-15,0.0104510695085239,0.2052911425829757,0.018979021774961774,0.2052911425829757,0.01897664924894776,8.881784197001252e-16,0.010793751190667932,0.20607225621204056,0.019018955940903217,0.20534689860022565,0.019008612369214174,0.206305172091297,0.018086842687513482,0.018047541009388428
4000,3618,0.1755054337303526,0.017981485259765218,0.1755054337303526,0.017979237433609834,8.881784197001252e-16,0.00260371303377537,0.17447683336444658,0.017837842000502063,0.17447683336444658,0.01783561213087644,1.7763568394002505e-15,0.002624067045257398,0.1744239710050321,0.017938088828928955,0.17447677810164386,0.01784538229556878,0.1734372861443526,0.017928779953164112,0.017909350517046844
4000,3619,0.19303257501678173,0.01818498476012638,0.19303257501678173,0.01818271149494341,1.7763568394002505e-15,0.016681462606556306,0.19344593647870567,0.01807142704885336,0.19344593647870567,0.01806916797927158,8.881784197001252e-16,0.014773122884560017,0.19334483034728717,0.018159993730468577,0.19342935446884169,0.018087780911750152,0.1941637015850622,0.018231857400169336,0.018235527499782602
4000,3620,0.16750110198728763,0.017571277497025282,0.16750110198728763,0.017569080950045387,8.881784197001252e-16,0.014089266996092467,0.1679022728135416,0.017490544656077803,0.1679022728135416,0.01748835820133383,1.7763568394002505e-15,0.012750642504589356,0.16714088814918,0.01765928530052008,0.16788069129299954,0.017494224852471565,0.16787676973435728,0.017825728319067344,0.01805485982268808
4000,3621,0.20030213814235642,0.017920218534712585,0.20030213814235642,0.017917978367376537,1.7763568394002505e-15,0.016268016629402703,0.20112848243703857,0.01788919181152375,0.20112848243703857,0.017886955522770524,1.7763568394002505e-15,0.017286579884474674,0.20222672976172074,0.01796242249542554,0.20109115121771665,0.01790166645192679,0.19990239105579433,0.01836140966598231,0.0183532452630195
4000,3622,0.18571011283811178,0.01780485466235854,0.18571011283811178,0.017802628916407933,1.7763568394002505e-15,0.014783764864414663,0.1878472018759531,0.017750618652787823,0.1878472018759531,0.017748399686762183,1.7763568394002505e-15,0.016445793260367866,0.18661330380649388,0.0179084030589152,0.18788002512973517,0.017755170732527227,0.1885083359632176,0.018245137175918743,0.01822819614481296
4000,3623,0.2065319099028174,0.017910717315058732,0.2065319099028174,0.01790847833544938,8.881784197001252e-16,0.011553519409201357,0.2065315299811274,0.017830102920770228,0.2065315299811274,0.017827874018590036,8.881784197001252e-16,0.011192883806916128,0.20762297668527535,0.017931073326859833,0.20645159775197763,0.017840747910280924,0.2080109413055014,0.017303100213555973,0.017249740024939873
4000,3624,0.1675165525763465,0.0187142652101149,0.1675165525763465,0.018711925780740157,8.881784197001252e-16,0.009744974806791342,0.16905337861698744,0.018585050067142034,0.16905337861698744,0.018582726790669787,1.7763568394002505e-15,0.00949624240869731,0.1693811802574573,0.018629931950871103,0.1690822138828596,0.01860303941837092,0.16854997667206228,0.018634000641920237,0.018635263442392785
4000,3625,0.21362778669704013,0.018281685860032083,0.21362778669704013,0.01827940050645605,1.7763568394002505e-15,0.016270025171909626,0.21206380003778702,0.01814662984014807,0.21206380003778702,0.018144361369629783,1.7763568394002505e-15,0.016404716732725432,0.21025157874494288,0.01831883611159696,0.21202543633222698,0.018162339720881455,0.21238353369306878,0.017835800616492595,0.017865746152285773
4000,3626,0.1836675667381139,0.019078868412116045,0.1836675667381139,0.019076483404492237,1.7763568394002505e-15,0.0166724416668888,0.18223732834286288,0.018626341904172852,0.18223732834286288,0.018624013465898346,8.881784197001252e-16,0.01600912792968637,0.18258251091088273,0.01877722792704241,0.18228458967750838,0.01865077224269147,0.18179975296999368,0.018748427766900135,0.018665016707607365
4000,3627,0.21283084368669591,0.020211055380034326,0.21283084368669591,0.02020852884019321,1.7763568394002505e-15,0.004378299473392156,0.2148294423138537,0.01996893394745449,0.2148294423138537,0.01996643767468426,1.7763568394002505e-15,0.0038841652495259253,0.21489238136817101,0.020360420784449152,0.21493550735016337,0.020026449673194783,0.21481723094215704,0.019204470838778704,0.019495156915722418
4000,3628,0.2064692055782224,0.01860006193473353,0.2064692055782224,0.018597736781660535,3.552713678800501e-15,0.01122295939035608,0.2064886878603857,0.018495952458785388,0.2064886878603857,0.018493640320210347,1.7763568394002505e-15,0.010267560575725154,0.20636983431772926,0.018641860541681363,0.20649735918111828,0.0185074362182513,0.2064888769464837,0.018609037089133862,0.018677789146905755
4000,3629,0.16942259185196995,0.019068373798584975,0.16942259185196995,0.019065990102869856,1.7763568394002505e-15,0.005940126198700047,0.1702836705341076,0.018849152883756194,0.1702836705341076,0.018846796592368306,8.881784197001252e-16,0.00806200555938391,0.1682114528766383,0.019138012422093936,0.17033358197437692,0.01887097914192413,0.17027510477657493,0.018696267376594192,0.018681005782254637
4000,3630,0.18947649326766058,0.018133908540448676,0.18947649326766058,0.01813164166019225,1.7763568394002505e-15,0.013218992177392572,0.18970001893112742,0.018046513950642017,0.18970001893112742,0.01804425799539217,8.881784197001252e-16,0.012840159286395203,0.18820085745035103,0.01812219264741263,0.18967414526404125,0.018059502749450153,0.18887620519047638,0.01792941414499404,0.017913098653718474
4000,3631,0.1560952121834967,0.018088878832829614,0.1560952121834967,0.018086617581638476,8.881784197001252e-16,0.010534056284948525,0.15584155406880895,0.01793456487619265,0.15584155406880895,0.017932322915451823,1.7763568394002505e-15,0.011164341775222323,0.1578085516348242,0.018081338794461055,0.15583793748222613,0.01794498927747075,0.15596411268002042,0.017784793960551527,0.01789862454943754
4000,3632,0.16256672856047827,0.017681206138262122,0.16256672856047827,0.017678995849343147,1.3322676295501878e-15,0.008264215675831134,0.16258308556004392,0.01761470723643278,0.16258308556004392,0.017612505260396122,1.7763568394002505e-15,0.007364204475055106,0.16067145273053562,0.017724569942959054,0.1625279703304276,0.017625607738723355,0.16150275714733686,0.01747457684162374,0.017482397610118473
4000,3633,0.20442341428996225,0.01817499629204186,0.20442341428996225,0.018172724275495444,1.7763568394002505e-15,0.02064785604539248,0.20493725835335785,0.01808561629246056,0.20493725835335785,0.01808335544911246,8.881784197001252e-16,0.02269649733841827,0.20557538394945207,0.018208963353103746,0.20497839341646956,0.018093791074378203,0.2051745481179984,0.01839970457326917,0.018369539396250027
4000,3634,0.15863582220222622,0.018090118786213024,0.15863582220222622,0.018087857380018026,1.7763568394002505e-15,0.01584361731697086,0.15808022946454675,0.01799245336996007,0.15808022946454675,0.017990204172705214,1.7763568394002505e-15,0.015329935477894779,0.1595089299153205,0.01813800219469447,0.15804613999980732,0.018000158838277793,0.1566307886348552,0.01821957964952347,0.018232091468482287
4000,3635,0.18021446465174967,0.018892948005528383,0.18021446465174967,0.01889058623940808,1.7763568394002505e-15,0.009444699636857049,0.18023870152838872,0.01883201994732704,0.18023870152838872,0.018829665797690076,1.7763568394002505e-15,0.009047123156628947,0.18041645757742258,0.0189738782179233,0.18031551408296143,0.018857096022418054,0.17887809785278286,0.01851146046231087,0.018509183723245243
4000,3636,0.2403522533065764,0.019637556298878315,0.2403522533065764,0.01963510145090337,3.552713678800501e-15,0.009460866914771379,0.24091942022894225,0.019450380490282543,0.24091942022894225,0.01944794904074617,3.552713678800501e-15,0.008714783154458774,0.240162534064902,0.01965720247523037,0.2410106805432145,0.01949124426523723,0.24032312952003376,0.018658305815999417,0.01906546536609945
4000,3637,0.19460226640517309,0.01908364350013883,0.19460226640517309,0.01908125789559171,3.552713678800501e-15,0.014293577158898892,0.195102442623103,0.019002725644612976,0.195102442623103,0.019000350155430046,3.552713678800501e-15,0.012068302937403734,0.19595947245351303,0.019249856307003824,0.19512566363602818,0.019029869564610558,0.19485912666741562,0.0185566523184455,0.01857041085300808
4000,3638,0.14977813179310034,0.01798176008938617,0.14977813179310034,0.017979512228874932,8.881784197001252e-16,0.012688184817116654,0.14996853847472474,0.017981965364001255,0.14996853847472474,0.017979717477829088,8.881784197001252e-16,0.012166490523664981,0.15044701543278366,0.018125610235945847,0.149944615688563,0.01799195716940189,0.15052678267718156,0.017990641866287675,0.017995567663361422
4000,3639,0.15848140864231353,0.01768072031810944,0.15848140864231353,0.017678510089921776,1.7763568394002505e-15,0.010813630866618369,0.15866653292869376,0.017605844167228005,0.15866653292869376,0.01760364329914425,1.7763568394002505e-15,0.010021923480591619,0.15859294782602218,0.017699811431595477,0.1586343716365562,0.017617566995401162,0.15760145598631187,0.017811770832308397,0.01782968106800725
4000,3640,0.16392029999742125,0.01820001983801562,0.16392029999742125,0.018197744693330437,8.881784197001252e-16,0.006023347734609926,0.16315858573139624,0.01804037126469485,0.16315858573139624,0.01803811607732874,1.7763568394002505e-15,0.005935883085050634,0.16273106716421126,0.018139459316871904,0.16313542067318076,0.01805598735580352,0.16242725268917252,0.01798123686768299,0.017979135548817436
4000,3641,0.19735728044764533,0.017688466544557115,0.19735728044764533,0.017686255348030623,8.881784197001252e-16,0.02361712417561765,0.19725268090528708,0.017593876600462258,0.19725268090528708,0.017591677228417858,8.881784197001252e-16,0.02299529480794258,0.19718134073003912,0.01771952456165042,0.19719972782843564,0.01759949662006124,0.19728263437884125,0.017692123607687116,0.017689188581730214
4000,3642,0.1807363177825917,0.018266781895554897,0.1807363177825917,0.018264498405090878,1.7763568394002505e-15,0.009874794967408467,0.1795803219895547,0.018159571254524737,0.1795803219895547,0.018157301166228535,8.881784197001252e-16,0.010695558635837248,0.18126168300413636,0.01833878418798391,0.17956781600133265,0.018172595971246742,0.18051939770352626,0.01832548729272215,0.018326936743036436
4000,3643,0.139321277054405,0.018410607983206855,0.139321277054405,0.0184083065133581,1.7763568394002505e-15,0.004843489830780087,0.1406837880402541,0.018304288186928714,0.1406837880402541,0.01830200000788522,1.7763568394002505e-15,0.004825528212902078,0.14032895869969353,0.018388000919630294,0.14067493616372095,0.01831940274861579,0.14127218079824483,0.017584435460182558,0.017627971968116277
4000,3644,0.18897403264109108,0.017715523124765608,0.18897403264109108,0.017713308545955184,1.7763568394002505e-15,0.009932019645817336,0.18809168742122495,0.01762080438788525,0.18809168742122495,0.01761860164965702,8.881784197001252e-16,0.009950614635738268,0.18749291302462673,0.017667558979317394,0.18804620604590677,0.01762781550012128,0.1886244366160474,0.01805328453345425,0.018039645758093668
4000,3645,0.18113323679274967,0.018028331575336846,0.18113323679274967,0.018026077893025978,8.881784197001252e-16,0.008758858151179537,0.18022474113031772,0.01793133714691224,0.18022474113031772,0.01792909558966279,1.7763568394002505e-15,0.007717764375058274,0.17961907176081104,0.01800361725350178,0.1801877390438753,0.01794346480105827,0.1801446994346983,0.01801930337837715,0.018020642232913792
4000,3646,0.22235744114495204,0.022284007172636927,0.22235744114495204,0.02228122149762478,7.105427357601002e-15,0.005907106258569146,0.22128764578350263,0.02204950004981555,0.22128764578350263,0.02204674369002607,1.7763568394002505e-15,0.006871764027839395,0.22178676659711116,0.022643482901794333,0.2215429873262576,0.022195497900297165,0.21603607198296315,0.019759080633678185,0.023996041432820674
4000,3647,0.20717660288558576,0.01820525870408775,0.20717660288558576,0.01820298290450337,8.881784197001252e-16,0.010064119620605601,0.20659036546834042,0.018135916068269833,0.20659036546834042,0.01813364893705674,1.7763568394002505e-15,0.00954739343736385,0.20645817906701636,0.018253011365217717,0.20658309316869444,0.018148782205715076,0.20724409124286025,0.018706798976713908,0.018706428975632045
4000,3648,0.19517233738105672,0.018237054337022832,0.19517233738105672,0.018234774562735905,8.881784197001252e-16,0.008152774587998204,0.1950205400317619,0.01818892500701461,0.1950205400317619,0.01818665124926999,8.881784197001252e-16,0.008555168401699174,0.1949987645772127,0.01831675710732459,0.19500945308648626,0.018194445554537496,0.19282833015065237,0.01779850457316886,0.017605552480958277
4000,3649,0.20006481518836416,0.018388962475883095,0.20006481518836416,0.018386663711891883,1.7763568394002505e-15,0.0063023337102934215,0.20008069283480256,0.018357004100001205,0.20008069283480256,0.018354709331056686,1.7763568394002505e-15,0.005948254711944492,0.20064308566015354,0.018641490718561325,0.20007499074248491,0.018375685170945465,0.20047777738211853,0.018418026917259925,0.01845375550025191
4000,3650,0.17721222073495696,0.018070750620441584,0.17721222073495696,0.01806849163541864,8.881784197001252e-16,0.011673309852007189,0.17646266492777068,0.018024091754622412,0.17646266492777068,0.018021838602322263,1.7763568394002505e-15,0.010831719821827016,0.17652968794319757,0.01813375284257086,0.17644011153317973,0.0180348808721471,0.1759419374771624,0.01759706390075831,0.017617042741567904
4000,3651,0.21336398233052584,0.018616043601335515,0.21336398233052584,0.018613716450429325,1.7763568394002505e-15,0.013787362016786152,0.2138890872710713,0.018468376770074683,0.2138890872710713,0.01846606807867619,1.7763568394002505e-15,0.013532301842233266,0.21484185877085538,0.018711840179241646,0.21398283118881778,0.018472121952486046,0.21323442805116533,0.018473429568166687,0.0183926359352977
4000,3652,0.17933269206151675,0.018251704290057246,0.17933269206151675,0.018249422684411723,1.7763568394002505e-15,0.004309519359679562,0.17900839904955396,0.018161136752355964,0.17900839904955396,0.018158866468360305,1.7763568394002505e-15,0.004095411471946548,0.17843989837855945,0.018248224300817715,0.17900789645121667,0.018171412061508532,0.1789262034471501,0.01764715769716797,0.017742398717825885
4000,3653,0.18901578822532678,0.019400689828440506,0.18901578822532678,0.019398264590625117,3.552713678800501e-15,0.020400729474136216,0.18908631558505112,0.01916961660518883,0.18908631558505112,0.019167220253331826,1.7763568394002505e-15,0.019260227495687277,0.18980884292263217,0.019488453907749722,0.18913887323464085,0.019201297682159807,0.188676698840117,0.018689400898380247,0.01878220756283328
4000,3654,0.17524750697129354,0.018288547802015033,0.17524750697129354,0.018286261590642637,1.7763568394002505e-15,0.007123078628917063,0.17617817642347572,0.018232110131492844,0.17617817642347572,0.018229830975270242,1.7763568394002505e-15,0.006138240100510063,0.17451128872343535,0.018318645285424894,0.17618546468263313,0.01824111280380852,0.1758705438656567,0.017998933964070273,0.018021715062182943
4000,3655,0.1949958193249115,0.01820573317398608,0.1949958193249115,0.018203457315089263,1.7763568394002505e-15,0.015323363478943882,0.1947378764874177,0.018106973488640293,0.1947378764874177,0.018104709975475797,1.7763568394002505e-15,0.014557148253232973,0.19433428433964645,0.018171973360231762,0.19475100201197065,0.018122609566449597,0.19645844917187438,0.018853809982086422,0.018907705320142312
4000,3656,0.18332142893774572,0.01805167899545257,0.18332142893774572,0.018049422394531764,1.7763568394002505e-15,0.009388935218708178,0.18206628325778468,0.017910548896118348,0.18206628325778468,0.017908309937562678,1.7763568394002505e-15,0.009932090638568671,0.18221898340425613,0.01801548051414132,0.18209452509263319,0.01792314591187544,0.18104354174485304,0.0182697987958329,0.01829117238855799
4000,3657,0.19572519524554294,0.02019932565381648,0.19572519524554294,0.02019680058028279,1.7763568394002505e-15,0.020581313796864988,0.195259193843558,0.019974235415978942,0.195259193843558,0.019971738480483718,3.552713678800501e-15,0.02118935672103667,0.19629502397790372,0.02043167246308544,0.19533068599605724,0.020025508566756386,0.19531306352237282,0.020933840299014683,0.02103344952559605
4000,3658,0.20913770116316488,0.02439797495748329,0.20913770116316488,0.0243949250199806,3.552713678800501e-15,0.010098998410514533,0.2098110945019287,0.02401799661635845,0.2098110945019287,0.02401499417911735,7.105427357601002e-15,0.008620280701839988,0.2094333221756935,0.0242844384425357,0.21000123127231096,0.02415228010895722,0.2121240558500888,0.025542510060371143,0.026862070151950485
4000,3659,0.1646774393066941,0.018709430561530585,0.1646774393066941,0.01870709173652469,1.7763568394002505e-15,0.005807948688975976,0.16495245377712303,0.018453641690367496,0.16495245377712303,0.0184513348409691,1.7763568394002505e-15,0.005667248688371206,0.165625123606645,0.01863817097898369,0.16495789359426127,0.01846946057628343,0.16682023847348543,0.0175855908919458,0.01758104616002015
4000,3660,0.20136878588939733,0.018045685826405273,0.20136878588939733,0.018043429974677425,8.881784197001252e-16,0.015070368481326374,0.20161404521866333,0.017936013011461208,0.20161404521866333,0.017933770869692157,1.7763568394002505e-15,0.016101454023899717,0.2009376723507812,0.0180615195776056,0.20158935721571553,0.017947722616555157,0.20206960374529243,0.017973588889618194,0.017929017445541224
4000,3661,0.18638195773813332,0.018096259451922045,0.18638195773813332,0.018093997278095856,8.881784197001252e-16,0.013610093305596576,0.18510790066201765,0.017997020252761137,0.18510790066201765,0.017994770484610245,8.881784197001252e-16,0.014440309947201599,0.18478285590677673,0.018113228025593557,0.18505064550687428,0.018008013541781658,0.185785896667504,0.017695197738560535,0.01772422760020911
4000,3662,0.2168915007345511,0.019833670777286858,0.2168915007345511,0.019831191413469777,3.552713678800501e-15,0.01773804865313317,0.21891881847176803,0.019848776081003782,0.21891881847176803,0.01984629482890571,1.7763568394002505e-15,0.01699354037017105,0.2157257389822348,0.02005902888795342,0.21904292460711666,0.01989620392628148,0.21593706709561883,0.018929222361350747,0.019729881408517558
4000,3663,0.1827964405663683,0.018134442819364854,0.1827964405663683,0.018132175872319387,1.7763568394002505e-15,0.007051557015697102,0.18313373030716734,0.018055963892903575,0.18313373030716734,0.01805370675633711,1.7763568394002505e-15,0.006990870771202756,0.184306933646826,0.018104988792989486,0.18310572185890012,0.01807018718753707,0.18226478863199275,0.01791165166067382,0.01791102269862689
4000,3664,0.17577559459176412,0.018305053282086738,0.17577559459176412,0.018302765007400367,8.881784197001252e-16,0.007364312326804925,0.17614966134497673,0.018228702822446305,0.17614966134497673,0.018226424092163955,1.7763568394002505e-15,0.007080897458605499,0.1757308076077561,0.018310342700685,0.17608774549818795,0.018243543713665628,0.177887639887659,0.017712702788092873,0.017734442071133474
4000,3665,0.1976609691315125,0.01804437977661332,0.1976609691315125,0.018042124088151906,8.881784197001252e-16,0.007554551898252001,0.19719171476782077,0.018000601053315333,0.19719171476782077,0.01799835083753639,1.7763568394002505e-15,0.008441679323689137,0.19733089141515325,0.018113922278852116,0.19716436015350242,0.01801160120307484,0.19637793313736607,0.017592966542216894,0.01761122515024835
4000,3666,0.19370501128181172,0.01796709925054573,0.19370501128181172,0.017964853222753898,1.7763568394002505e-15,0.007241674594279275,0.19412737960421544,0.017873381651625567,0.19412737960421544,0.017871147339265862,1.7763568394002505e-15,0.008361542998203393,0.1936919393597466,0.01798388214234152,0.19412039812424403,0.017883395972464175,0.19448218838889775,0.017813718825329686,0.0178314936166903
4000,3667,0.18130367105048806,0.018078894647577576,0.18130367105048806,0.018076634644487607,1.7763568394002505e-15,0.006221206584124183,0.18219041017156962,0.01799948237081085,0.18219041017156962,0.017997232294875966,8.881784197001252e-16,0.006271064966330489,0.18239846050117736,0.018091228232228185,0.1822011571333057,0.01800585758977118,0.1823823625890969,0.018023600108299696,0.0180610967143572
4000,3668,0.1830749527572108,0.019247558787124298,0.1830749527572108,0.019245152691885554,1.7763568394002505e-15,0.010331824451082623,0.18305006709427224,0.019010669331155642,0.18305006709427224,0.019008292848949823,1.7763568394002505e-15,0.009800731819983149,0.1832312802527623,0.019069378087231165,0.18308959604673786,0.019038523278561346,0.18255550542948407,0.01888539391911434,0.018932762694954385
4000,3669,0.17946651404360064,0.017945412044176295,0.17946651404360064,0.017943168727454713,1.7763568394002505e-15,0.010082841297770683,0.17858541625834012,0.01784860299737897,0.17858541625834012,0.01784637178254465,8.881784197001252e-16,0.009073556494320402,0.18054941451438417,0.017977960810182166,0.17856041075134804,0.017861626757789205,0.17881058682980094,0.01810480222318727,0.01810256957941683
4000,3670,0.18312049955097515,0.01806425955199156,0.18312049955097515,0.01806200137840289,8.881784197001252e-16,0.020440976731289102,0.18106956924080464,0.01785949978358013,0.18106956924080464,0.017857267206562395,1.7763568394002505e-15,0.019215572659714616,0.1810700237161625,0.01796476064832951,0.18108601592534213,0.017872053165380077,0.1814240791306092,0.018324339008985616,0.01831344248608101
4000,3671,0.17384132749957432,0.018036086344035404,0.17384132749957432,0.01803383169231786,8.881784197001252e-16,0.014762139113281876,0.17546969355365305,0.017929732822675962,0.17546969355365305,0.01792749146597958,1.7763568394002505e-15,0.015480338775038197,0.17620482790473213,0.018028533761288348,0.17540959504208437,0.017938621049438837,0.17636424377659904,0.017673291760758762,0.0177125052858004
4000,3672,0.1918907490053816,0.018221266680909218,0.1918907490053816,0.01821898888020266,8.881784197001252e-16,0.015857876501449788,0.19189325623109038,0.018196746760655462,0.19189325623109038,0.018194472025130522,8.881784197001252e-16,0.01583334089260605,0.19181504078840567,0.018234181171599063,0.19186986886262425,0.018214997846340574,0.19158987751188256,0.018560427184101815,0.0185628781003739
4000,3673,0.20466999773982025,0.018204648668453314,0.20466999773982025,0.018202372945128158,8.881784197001252e-16,0.0038717590110580896,0.20476668656720903,0.01809169639559414,0.20476668656720903,0.018089434792185645,1.7763568394002505e-15,0.0037990610148825503,0.20515228137431651,0.01816964972218815,0.20476285660585564,0.018103404974100935,0.2048407541955089,0.01868248375795197,0.018683093956684348
4000,3674,0.1577351325149171,0.01797795442138345,0.1577351325149171,0.017975707036610448,1.7763568394002505e-15,0.012150632099902324,0.15883836902298132,0.017918131564732598,0.15883836902298132,0.017915891658284104,1.7763568394002505e-15,0.010575224324166778,0.1597732250022419,0.018035663853990466,0.15879945394880857,0.017927895288862565,0.15870635065776206,0.017743985115718938,0.017758669837452598
4000,3675,0.16447805683939903,0.01843960208402208,0.16447805683939903,0.018437296989684174,1.7763568394002505e-15,0.0132983408656473,0.16307873610464507,0.018249964585561527,0.16307873610464507,0.01824768319739266,8.881784197001252e-16,0.014856853858516452,0.16286307409621692,0.018341464939319825,0.16307461683789326,0.018272485132118,0.16116868437407977,0.01774418086332102,0.01773844529911586
4000,3676,0.19654906550818269,0.018279598371544126,0.19654906550818269,0.018277313278920466,8.881784197001252e-16,0.012924646250524576,0.19623182670639777,0.018217137494830605,0.19623182670639777,0.01821486021030457,1.7763568394002505e-15,0.012828179605311756,0.19547325235323842,0.018276610672150112,0.1962096456934152,0.01823430195172815,0.1952762717995865,0.017621180651033352,0.017625332073893874
4000,3677,0.19437099955648052,0.01813285140293442,0.19437099955648052,0.018130584654828443,8.881784197001252e-16,0.010135832450713235,0.1935080839442665,0.018028307245825277,0.1935080839442665,0.018026053566555792,1.7763568394002505e-15,0.010069737051528301,0.19350498062810834,0.018119883970166676,0.19346149353611702,0.018039493064044513,0.19394871091835508,0.01785729394672979,0.017861543658784867
4000,3678,0.18222738379465064,0.01917259955469015,0.18222738379465064,0.019170202829941155,1.7763568394002505e-15,0.008682256050826257,0.18234017441404293,0.01906703466124985,0.18234017441404293,0.01906465113293736,8.881784197001252e-16,0.008069183230987013,0.18096792970815928,0.01925800041680499,0.18232610911923558,0.01909256029713732,0.1787713416632356,0.01810075022853153,0.01809251775779431
4000,3679,0.17866808631436248,0.01770999097990848,0.17866808631436248,0.01770777709265939,8.881784197001252e-16,0.015482155869905527,0.17985023645184955,0.017612212514156355,0.17985023645184955,0.017610010849979475,8.881784197001252e-16,0.013049073604219856,0.17977482207493872,0.01767497737167405,0.17980180847176164,0.01761977010015272,0.17959344443443293,0.017725256911091697,0.017753021623880774
4000,3680,0.19464424349192244,0.018166498303788747,0.19464424349192244,0.01816422734955726,1.7763568394002505e-15,0.012562252404894086,0.1939280453843536,0.017987806712287193,0.1939280453843536,0.01798555809590085,1.7763568394002505e-15,0.013331103851513643,0.19216301870185354,0.0181029964105135,0.19390633758687642,0.018004446218880473,0.19362316839559035,0.017815094156132364,0.017817505097396606
4000,3681,0.17629440354812614,0.01809315619707367,0.17629440354812614,0.01809089441117858,8.881784197001252e-16,0.015360341306403335,0.1750213464040118,0.018010071859279154,0.1750213464040118,0.018007820459575465,1.7763568394002505e-15,0.013963865083930155,0.1746533786974997,0.018099482408089153,0.17501636303234014,0.018020096717441512,0.1749322111344605,0.018098045864386215,0.01813047215955901
4000,3682,0.17299214360154935,0.020173963178906462,0.17299214360154935,0.020171441275880306,3.552713678800501e-15,0.009188930390859553,0.17111758685849,0.01981212005160297,0.17111758685849,0.019809643381794983,1.7763568394002505e-15,0.009967333597057556,0.17105559417518323,0.01987017158236715,0.17117593568966782,0.01986526333817198,0.1690305764682924,0.0188926537436188,0.01878395762306554
4000,3683,0.19940895895008148,0.018099283998937492,0.19940895895008148,0.01809702144701929,1.7763568394002505e-15,0.009528142150849689,0.1986743067356862,0.017884486447713743,0.1986743067356862,0.01788225074716776,1.7763568394002505e-15,0.01193818907443798,0.19828306371436571,0.01798974037262516,0.19866950671441547,0.017893827138156192,0.19924877598430835,0.01823461439621588,0.018237238728040474
4000,3684,0.17385595517578079,0.01771688832833887,0.17385595517578079,0.017714673578867333,8.881784197001252e-16,0.008515501543675006,0.1747043841866185,0.01760639933709459,0.1747043841866185,0.01760419839961026,1.7763568394002505e-15,0.010931719226043612,0.17301012362496876,0.01768006481843868,0.1746898467058574,0.017611546008104613,0.1755750470662018,0.01770435303088764,0.017812014684831817
4000,3685,0.17765764151256375,0.017583502542014497,0.17765764151256375,0.01758130446680846,8.881784197001252e-16,0.0062065544484543435,0.177500303806311,0.017497584702503916,0.177500303806311,0.017495397367699134,8.881784197001252e-16,0.006373677371985728,0.1781745335222888,0.017570311798790112,0.1774382565100755,0.017504846070167526,0.17641502059933117,0.017517679750019097,0.017592367260696597
4000,3686,0.193784392985483,0.018032212415153435,0.193784392985483,0.01802995824770727,8.881784197001252e-16,0.012433922794950559,0.19238244453385633,0.017961042204700323,0.19238244453385633,0.017958796934086547,1.7763568394002505e-15,0.012881071244211862,0.19260110550117565,0.018076180619236114,0.19237890541224995,0.017971547978433325,0.19175161914327782,0.018059603922320894,0.018027588620738527
4000,3687,0.1642469460335253,0.018843842721525096,0.1642469460335253,0.01884148709394898,8.881784197001252e-16,0.006961633280751461,0.16424211473434186,0.018720615949295135,0.16424211473434186,0.018718275726028376,8.881784197001252e-16,0.006422829490696722,0.16240126785106157,0.01878991845492019,0.16425002337897004,0.018736046905619693,0.16376811197857188,0.018317148121687193,0.018287883181396257
4000,3688,0.19343801630822516,0.01841055420827837,0.19343801630822516,0.0184082527451519,1.7763568394002505e-15,0.016253899445579985,0.19324085032882438,0.018248828573873246,0.19324085032882438,0.018246547327714715,1.7763568394002505e-15,0.0177046183699819,0.19480979257050574,0.01840982923349409,0.19327638929147645,0.01826992196998042,0.18906484027137166,0.0179643585824099,0.017949670933227416
4000,3689,0.15664448543704845,0.01809146191988732,0.15664448543704845,0.01808920034579012,1.7763568394002505e-15,0.008618917494142144,0.1568462098279168,0.01802621502956025,0.1568462098279168,0.01802396161183414,1.7763568394002505e-15,0.00932244357851423,0.1578696330813824,0.018148757731598544,0.15684990888493405,0.0180363473628922,0.15696044649418095,0.01823854125418579,0.018255451983996127
4000,3690,0.18090553477588184,0.017338550726915175,0.18090553477588184,0.01733638327259995,8.881784197001252e-16,0.02167746077764296,0.18118962419986778,0.017290341559750507,0.18118962419986778,0.017288180131957855,8.881784197001252e-16,0.01873699203495454,0.18147220019177446,0.017375903809293148,0.18114705045914925,0.017294065552543262,0.1805320734092571,0.017477106859206153,0.01754980930977301
4000,3691,0.18373390073590623,0.018224721724070202,0.18373390073590623,0.018222443491456256,8.881784197001252e-16,0.017147832265784934,0.18442739866717256,0.018179768580601042,0.18442739866717256,0.01817749596748127,1.7763568394002505e-15,0.016964604222446247,0.1850851389089408,0.018368278404385537,0.18444721807572162,0.018192284931666393,0.18391770592613477,0.018662979538042773,0.018643333860222898
4000,3692,0.13160652153634722,0.01800539462505984,0.13160652153634722,0.01800314381004698,8.881784197001252e-16,0.007106113287913913,0.13042961797902758,0.01790854657578549,0.13042961797902758,0.01790630786753551,8.881784197001252e-16,0.007479857833628124,0.13055907306626452,0.017984480900051746,0.13039320493501166,0.017921732984156835,0.13197337404424525,0.017502715981696358,0.01765460255853014
4000,3693,0.20162766452305675,0.018369223723118652,0.20162766452305675,0.01836692742662576,8.881784197001252e-16,0.016286070000522714,0.2011587905946305,0.018306904141811905,0.2011587905946305,0.018304615635753613,8.881784197001252e-16,0.016541903155825825,0.20068588630461748,0.018434373905891997,0.2011493015857091,0.018325517336725668,0.20142702751724895,0.01824546737269023,0.018290945340503455
4000,3694,0.22284287017356474,0.018464268246482254,0.22284287017356474,0.018461960068681317,1.7763568394002505e-15,0.0034583839252866435,0.22379224971808803,0.018353380791356726,0.22379224971808803,0.018351086475354092,1.7763568394002505e-15,0.0035318137249034398,0.22381356537004043,0.01845556465810027,0.2238061504471337,0.01837052208422348,0.22393102694930284,0.017867020874875628,0.01781137751865256
4000,3695,0.1642840431447583,0.01789961123625354,0.1642840431447583,0.01789737364499082,1.7763568394002505e-15,0.01223269105332074,0.1673849823412355,0.017852877727817414,0.1673849823412355,0.01785064597860839,1.7763568394002505e-15,0.012552180449774495,0.16708031252204986,0.017965794534773174,0.16736597180011503,0.017868664381094055,0.16752314241774824,0.01815498522089878,0.018214946344948444
4000,3696,0.14898229409185876,0.017758122353768353,0.14898229409185876,0.017755902449721455,1.7763568394002505e-15,0.017329958595104694,0.14878348740868286,0.01757875042702981,0.14878348740868286,0.017576552945875276,8.881784197001252e-16,0.01840712824457454,0.14706974409243595,0.0176502493236053,0.14877391260498085,0.017586950046622085,0.14818235250039763,0.018016850107693196,0.018041745236156183
4000,3697,0.20331150399559184,0.0181426577251207,0.20331150399559184,0.018140389751147828,1.7763568394002505e-15,0.01375995297859668,0.20282829745395192,0.01799618435378539,0.20282829745395192,0.0179939346901284,8.881784197001252e-16,0.012621650820293972,0.20493155779350514,0.018085727144087967,0.2027648755244481,0.018009430759185485,0.20246055014544445,0.017590785110324483,0.017585248894288665
4000,3698,0.19290302758444255,0.018792117712151935,0.19290302758444255,0.018789768550606142,8.881784197001252e-16,0.012802684323643128,0.1942615451305228,0.018686435279284732,0.1942615451305228,0.018684099328868792,8.881784197001252e-16,0.012862644419148788,0.1940737027156319,0.01879616825746073,0.19431465534884568,0.01870737652452141,0.192748678471877,0.01906214592887955,0.01874443895606063
4000,3699,0.16890956508240318,0.01778523734155614,0.16890956508240318,0.017783014047923908,1.7763568394002505e-15,0.015479286421313994,0.1693774635712234,0.017647553858070635,0.1693774635712234,0.017645347775949626,8.881784197001252e-16,0.014743483928329587,0.16839508436022044,0.01774951045045594,0.16935149951384681,0.017661677075617416,0.16836602088804886,0.017952965282503695,0.018012663208227322
4000,3700,0.17775960680720082,0.017647359506043823,0.17775960680720082,0.01764515344821833,1.7763568394002505e-15,0.015552588386705925,0.1785965868610664,0.017547766477889307,0.1785965868610664,0.017545572869970504,1.7763568394002505e-15,0.015001689206519826,0.1795678363482523,0.01767417061598755,0.1785733892529508,0.017558806340108722,0.1779692310399611,0.018084415524852022,0.01814897818016003
4000,3701,0.20776890513739404,0.018251602653675588,0.20776890513739404,0.0182493210607354,8.881784197001252e-16,0.007993356900461915,0.20914940233395118,0.018154650635715978,0.20914940233395118,0.01815238116253557,8.881784197001252e-16,0.00692144853563968,0.20836233553862876,0.01825986293550982,0.20913608188862148,0.018164853357301697,0.20946591234420636,0.018115060384484287,0.018103031574478765
4000,3702,0.16701796324385237,0.0179036928085191,0.16701796324385237,0.01790145470702795,8.881784197001252e-16,0.016929423292410005,0.16796629942958696,0.01782196934979534,0.16796629942958696,0.017819741464375073,8.881784197001252e-16,0.01577350299535637,0.16794864787662284,0.017918255122253014,0.16792988774140144,0.01783523629929723,0.16813288131180226,0.017696812187349604,0.01770441987749531
4000,3703,0.19131556965933566,0.017885311610873148,0.19131556965933566,0.017883075807175325,8.881784197001252e-16,0.006861933723554096,0.19146551167994935,0.017770236382939043,0.19146551167994935,0.017768014964543846,8.881784197001252e-16,0.006705810265837964,0.19194990424477426,0.017900438284532135,0.1913299192572137,0.017779036579063278,0.19676557719158705,0.017087022313913937,0.0170446553152462
4000,3704,0.18509099048027855,0.01800719352672232,0.18509099048027855,0.01800494248683269,8.881784197001252e-16,0.0151207224493619,0.18479210750021013,0.01781197864807314,0.18479210750021013,0.017809752011568654,1.7763568394002505e-15,0.015637866418626124,0.1850054965676965,0.01810876848941456,0.18480686412439934,0.01781656501769823,0.18610943064061458,0.017886888014304506,0.017998892412647658
4000,3705,0.2099038299753293,0.018598831009473335,0.2099038299753293,0.01859650601027562,1.7763568394002505e-15,0.01677236526544781,0.20935551599572716,0.018528627274015726,0.20935551599572716,0.018526311050833476,1.7763568394002505e-15,0.01534500914424854,0.209501482399997,0.018621778248035806,0.209374494762454,0.018550000040382125,0.20835424514935696,0.018422489682426272,0.018462087320055727
4000,3706,0.18722950721817244,0.018161236619957548,0.18722950721817244,0.018158966323477653,1.7763568394002505e-15,0.008762939509565556,0.18577835316407548,0.017986076964552827,0.18577835316407548,0.017983828564398462,8.881784197001252e-16,0.011466560615415003,0.18528266962348755,0.018088536316593178,0.18569331725381683,0.01800414739971458,0.18504840593236593,0.017630536658622836,0.017646401967359317
4000,3707,0.16583912401297762,0.018260664275486588,0.16583912401297762,0.018258381549772877,1.7763568394002505e-15,0.001979267315627732,0.1660216113184632,0.018151168105710852,0.1660216113184632,0.01814889906787391,8.881784197001252e-16,0.0017376264567932837,0.16699061554170802,0.018246638684938102,0.1659838908007319,0.018163482324598905,0.1662565094881247,0.017477583293813603,0.017520188950519943
4000,3708,0.18275406994510024,0.01811331020799524,0.18275406994510024,0.018111045902691317,1.7763568394002505e-15,0.005877566106255848,0.18359526387477,0.018040580766316237,0.18359526387477,0.01803832555276079,1.7763568394002505e-15,0.005857762936525026,0.18435410691567738,0.018223401426264798,0.18358621532664593,0.018048627624051874,0.1838345469639287,0.01811675715920753,0.01811775358799706
4000,3709,0.18467637895637412,0.017751458875368747,0.18467637895637412,0.017749239804308713,1.7763568394002505e-15,0.012402389734829882,0.18531887723190843,0.01759769324111003,0.18531887723190843,0.01759549339195572,1.7763568394002505e-15,0.012711232320090778,0.18505055786183394,0.01769293144552984,0.18531066857396783,0.01760677489092246,0.18506475057082283,0.018277263380075584,0.01834934838307778
4000,3710,0.15691700189042385,0.01831204512397251,0.15691700189042385,0.018309755975251276,1.7763568394002505e-15,0.00925314605500245,0.1575893271590778,0.018105208537277824,0.1575893271590778,0.018102945244746038,1.7763568394002505e-15,0.013283231581542642,0.15873949728946068,0.018229718490255235,0.15763464854173337,0.018116521943112477,0.15763055164297435,0.018243443189503415,0.018299157452907343
4000,3711,0.20914857393721709,0.01888416627494405,0.20914857393721709,0.01888180560660869,1.7763568394002505e-15,0.013682615328376859,0.2070850209323264,0.01872660929530377,0.2070850209323264,0.01872426832282193,1.7763568394002505e-15,0.013502171798180482,0.2079167238462617,0.018907157778693454,0.20711275403350532,0.018748432167287853,0.2074363414893332,0.01839805525756638,0.018476971770727945
4000,3712,0.1639024149754143,0.018825160689973627,0.1639024149754143,0.01882280739779742,8.881784197001252e-16,0.013735563064888465,0.16529969748319678,0.018669995945953723,0.16529969748319678,0.018667662050582904,1.7763568394002505e-15,0.013950792563205876,0.16543877335345114,0.0187502176744167,0.16530223672483046,0.018687719267928858,0.16548883464817798,0.01902448071761087,0.018956499030704968
4000,3713,0.19740227911196118,0.018420441841900035,0.19740227911196118,0.018418139142742103,1.7763568394002505e-15,0.014686145420141048,0.1975131190219485,0.018382353753988542,0.1975131190219485,0.018380055816139197,1.7763568394002505e-15,0.01591316889120479,0.1968060590184254,0.018451514791137436,0.19754647862550428,0.018401133112500245,0.1976716020013845,0.018887052789883646,0.01890397456997035
4000,3714,0.17061308860056768,0.018388079166240176,0.17061308860056768,0.01838578051266957,1.7763568394002505e-15,0.007591988196697081,0.17163793366545266,0.018270742216782074,0.17163793366545266,0.018268458231246957,8.881784197001252e-16,0.007585573152306567,0.1711129205616313,0.018350388475894645,0.17163990947639174,0.018285395080884174,0.17168917378968662,0.01817587066313791,0.018175102764528387
4000,3715,0.17807643367584708,0.018731723197637967,0.17807643367584708,0.01872938158587838,1.7763568394002505e-15,0.00837368223707707,0.1767156703842785,0.01862031076502881,0.1767156703842785,0.018617983080693817,1.7763568394002505e-15,0.008524713013177152,0.17733733228182796,0.01885910154331526,0.17666413429061095,0.018640157663666553,0.17469268298762652,0.017856495906408993,0.017854985774444058
4000,3716,0.1844318192816638,0.01811371146147679,0.1844318192816638,0.01811144710601304,1.7763568394002505e-15,0.013064982901447265,0.18417347481826973,0.01794333818428412,0.18417347481826973,0.01794109512681123,1.7763568394002505e-15,0.015431776628698412,0.18234747657781775,0.01803971054737236,0.18415307049016988,0.01795668102920101,0.18335031995450723,0.018224475142672555,0.018233868688058614
4000,3717,0.1825537220200385,0.019665350281727025,0.1825537220200385,0.019662891959287054,1.7763568394002505e-15,0.0056770902062382896,0.18418599792709106,0.01958544105149861,0.18418599792709106,0.019582992718336783,8.881784197001252e-16,0.005990318610586418,0.18351244691406415,0.019694459044359937,0.18424060047733465,0.01963834876523416,0.18354891319210093,0.018606837761195226,0.018595756501689473
4000,3718,0.18492326532752035,0.018155416871787268,0.18492326532752035,0.018153147302821367,1.7763568394002505e-15,0.018043243248220365,0.18527565481391844,0.017976855001395446,0.18527565481391844,0.017974607754058534,1.7763568394002505e-15,0.019463033151496285,0.1853451663287921,0.01804855718926096,0.18526137192357578,0.017989545342383787,0.18542882801538796,0.01842462693013109,0.01844476945052866
4000,3719,0.1903991578253914,0.018236990182178114,0.1903991578253914,0.018234710415911043,8.881784197001252e-16,0.012875202070692033,0.1907495906915186,0.018159794168766414,0.1907495906915186,0.01815752405260419,1.7763568394002505e-15,0.012412741193870714,0.19016328505708963,0.018246497570304967,0.19077336711798837,0.018173683557678996,0.19051118240396425,0.019162608413241976,0.019165460582493625
4000,3720,0.16905156096411905,0.017635813916592354,0.16905156096411905,0.01763360930205576,8.881784197001252e-16,0.017607655669903056,0.1697160903866744,0.017554889785911174,0.1697160903866744,0.01755269528752321,8.881784197001252e-16,0.018226824943312105,0.17051689647298085,0.017661018313648226,0.16964642306645827,0.01756425388930781,0.1699150074171596,0.017775777836832644,0.01779903996904971
4000,3721,0.18611942762919614,0.01778232111996462,0.18611942762919614,0.017780098190882873,8.881784197001252e-16,0.011856836464816289,0.18651601130830237,0.017711196281645844,0.18651601130830237,0.01770898224372462,1.7763568394002505e-15,0.01293072155267981,0.1870216639359007,0.017774397120746147,0.18648359206498327,0.017720889761371837,0.1863556528731815,0.017888682650756618,0.017896060405454814
4000,3722,0.14710767722190066,0.01807006731452896,0.14710767722190066,0.018067808414924596,8.881784197001252e-16,0.011111528212491424,0.14772213323649813,0.018011487867370224,0.14772213323649813,0.018009236290654464,8.881784197001252e-16,0.012502013988069284,0.1473501070983697,0.01812885652187109,0.14770195350752996,0.018018859376276963,0.14685759708399304,0.01837248735177236,0.018436983430308484
4000,3723,0.1839789576245358,0.018242299001653705,0.1839789576245358,0.01824001857174272,1.7763568394002505e-15,0.008060888663457822,0.18320852714736913,0.01816907115639764,0.18320852714736913,0.018166799880539476,1.7763568394002505e-15,0.008004712909380556,0.18170682381445585,0.01828263415951919,0.1831729417738524,0.018184642403181732,0.18391048252572595,0.017835662083996052,0.017837789838149303
4000,3724,0.16547090623573213,0.017935245928347335,0.16547090623573213,0.017933003882469666,1.7763568394002505e-15,0.007475831109305207,0.16590252217774698,0.017801795071493903,0.16590252217774698,0.017799569708016053,8.881784197001252e-16,0.007852186885815342,0.16715215940250622,0.01795152335267698,0.16586867598889027,0.017809726830111713,0.16559540065777634,0.01757253113662943,0.017592872699444612
4000,3725,0.20875406669434837,0.01846592030278442,0.20875406669434837,0.018463611918463532,8.881784197001252e-16,0.004992011440583041,0.2085390696740973,0.018160970083956725,0.2085390696740973,0.018158699820795914,1.7763568394002505e-15,0.007367920143703747,0.20911612160986376,0.018340562488226943,0.20853167309877868,0.018176186561414415,0.2083161152152705,0.018247325279953007,0.018138457946763446
4000,3726,0.15548432491831132,0.017634202797139134,0.15548432491831132,0.017631998384005056,8.881784197001252e-16,0.0038156780769006,0.15530143852528255,0.01755957994304736,0.15530143852528255,0.01755738485835311,1.7763568394002505e-15,0.0039037597196595053,0.15600075866273516,0.01767587065938652,0.15524643053683812,0.017560936340226582,0.15545685133305087,0.017298858545006932,0.017512297371343837
4000,3727,0.16424464324736,0.018664445551873285,0.16424464324736,0.01866211235034509,8.881784197001252e-16,0.015897124719914533,0.16464349913477028,0.01863428602288715,0.16464349913477028,0.018631956591535728,1.7763568394002505e-15,0.014660014382552081,0.16355973022926396,0.01888880323784979,0.16469393426204848,0.01865396837831829,0.16538691088440488,0.018882209382822947,0.01881851573629569
4000,3728,0.18403553273656037,0.018402607269954498,0.18403553273656037,0.01840030680025741,3.552713678800501e-15,0.005712374242051367,0.1839553994535431,0.018361358607861998,0.1839553994535431,0.018359063294569967,3.552713678800501e-15,0.005968742745263543,0.18338212999383724,0.018482462307507923,0.18393066005608139,0.018385675173261697,0.184347752485939,0.01754759174844689,0.01755808088233712
4000,3729,0.1883292182243922,0.01834864832413798,0.1883292182243922,0.018346354599730726,1.7763568394002505e-15,0.005303599898208323,0.18884683560051424,0.018184551865705566,0.18884683560051424,0.018182278654637778,8.881784197001252e-16,0.005946966303150113,0.18983758513975602,0.018417531481206166,0.18879245541153683,0.01820309658783102,0.18962455318665467,0.017783120197317766,0.017815725614521462
4000,3730,0.1887201878069361,0.019098753185140573,0.1887201878069361,0.019096365691764768,1.7763568394002505e-15,0.014142643806959851,0.18926766253423694,0.018947058182819002,0.18926766253423694,0.01894468965250375,8.881784197001252e-16,0.012595421563228112,0.1899845687466532,0.019266566702491068,0.1893558378594073,0.01897588003932673,0.18758423658378032,0.018410154543041072,0.01840998048056312
4000,3731,0.1796864693621421,0.018130793659154928,0.1796864693621421,0.018128527168283,1.7763568394002505e-15,0.008136623108962106,0.18054903248649662,0.01805104127150343,0.18054903248649662,0.018048784750303103,1.7763568394002505e-15,0.008392170139420027,0.17969994927632732,0.018199394620385646,0.1805169622306883,0.01806134144675926,0.1810858800923047,0.018180719046058058,0.018199290061840817
4000,3732,0.1733028893082193,0.020887470180223213,0.1733028893082193,0.020884859083246922,3.552713678800501e-15,0.011415562402666661,0.1743699081234048,0.020798751076231567,0.1743699081234048,0.02079615106983648,1.7763568394002505e-15,0.010780205547696844,0.1727686724890839,0.021355322165803617,0.1744797758105442,0.02085140104994627,0.17730700211540096,0.020863703803082022,0.020653206519021132
4000,3733,0.1834391794746349,0.017862420022371202,0.1834391794746349,0.017860187080300807,8.881784197001252e-16,0.015108727960473554,0.18417014644730123,0.01776698134166134,0.18417014644730123,0.017764760330171735,8.881784197001252e-16,0.013791997464593291,0.18563376844109047,0.017859194227278073,0.18412848983601537,0.01777549451795132,0.18307899748577905,0.01800612202250089,0.018011337998445228
4000,3734,0.1684324892116894,0.017521259265094548,0.1684324892116894,0.01751906897078446,8.881784197001252e-16,0.005655046351864743,0.17074833904919384,0.017417082807841572,0.17074833904919384,0.01741490553640262,8.881784197001252e-16,0.00574751689504852,0.17023778227450537,0.017550187725936486,0.17070501059247545,0.017419250185363562,0.1707514138767205,0.017467946804193866,0.017484417475269163
4000,3735,0.20763290000367657,0.01803713156399303,0.20763290000367657,0.018034876781614823,8.881784197001252e-16,0.013874604384309602,0.20882274797031047,0.017965023406597568,0.20882274797031047,0.017962777638302455,1.7763568394002505e-15,0.012387971552957042,0.2087612750795465,0.018089616274650843,0.2088281754040131,0.017976102710226375,0.20926836164243023,0.01820968573242542,0.018102307990186074
4000,3736,0.18460161617493298,0.019055394016790905,0.18460161617493298,0.019053011943649927,3.552713678800501e-15,0.011163797087238128,0.18429325211631292,0.01880758453501556,0.18429325211631292,0.018805233439996058,3.552713678800501e-15,0.009520673032633445,0.18356949451467292,0.018938995589812185,0.1843220939278939,0.018834127864302618,0.1819491835270715,0.018377128465779217,0.018400078269563577
4000,3737,0.1917151820875509,0.018961514230988727,0.1917151820875509,0.018959143893554502,1.7763568394002505e-15,0.004377495430014462,0.19153203742255515,0.018862462202429715,0.19153203742255515,0.018860104247273003,8.881784197001252e-16,0.004584472204124712,0.1918567133257188,0.01916405180428386,0.19157586830350076,0.018884051718446135,0.1911935460476088,0.01812146928611289,0.017971888650186195
4000,3738,0.17656793822663708,0.017437741508216108,0.17656793822663708,0.017435561654278193,8.881784197001252e-16,0.004934962128303675,0.17658743205789146,0.01733659512304663,0.17658743205789146,0.017334427913197167,8.881784197001252e-16,0.005350414526686238,0.17804585764208114,0.0174638542596289,0.17650176565928122,0.017344567933643106,0.17616135952832668,0.01731868060331265,0.017426900355419998
4000,3739,0.17398761251844602,0.01792141909115039,0.17398761251844602,0.017919178773735406,1.7763568394002505e-15,0.009842782710394996,0.17496220262558693,0.017794149031486343,0.17496220262558693,0.017791924623823237,8.881784197001252e-16,0.00889295628251239,0.17546791582814042,0.017913041356186456,0.17495727389316645,0.017808549973437587,0.17576051887397065,0.017482766618241743,0.017486574849581528
4000,3740,0.16570228389891856,0.018945421786215975,0.16570228389891856,0.01894305346046309,1.7763568394002505e-15,0.008690667195737857,0.16513087681040017,0.01876679009212553,0.16513087681040017,0.01876444409673014,1.7763568394002505e-15,0.008939237069898869,0.16426028986677255,0.01896448606791562,0.16519219362013704,0.01879276618011005,0.1652340883824659,0.01867126596096264,0.018686605530979426
4000,3741,0.17609986609430534,0.01811304633877236,0.17609986609430534,0.018110782066454147,8.881784197001252e-16,0.003358290635476866,0.17696913772806855,0.018062879101684283,0.17696913772806855,0.018060621100662685,1.7763568394002505e-15,0.0033997356341509237,0.17642839638295216,0.018142045472623748,0.1769779809500257,0.01806820508405285,0.1767822949500279,0.018144102709993275,0.018188962843718803
4000,3742,0.1896450385331518,0.018202495749897657,0.1896450385331518,0.018200220295704145,8.881784197001252e-16,0.006736563700624243,0.18908410285793997,0.01809191074189865,0.18908410285793997,0.01808964911169519,1.7763568394002505e-15,0.00713374407612521,0.18837024313445933,0.018155566999716537,0.1890349997378281,0.01811064159235695,0.19008307234142297,0.017649327066753498,0.017636051573777768
4000,3743,0.198153016431599,0.01859975165497232,0.198153016431599,0.018597426540686725,8.881784197001252e-16,0.012514279058752976,0.19829252576864537,0.018536959760406452,0.19829252576864537,0.018534642495598296,1.7763568394002505e-15,0.01366132183474207,0.19914159571018153,0.018735209152669845,0.1983810694344214,0.01855494714143403,0.19670213322957414,0.019095800001458954,0.019027525094267864
4000,3744,0.19971312228342303,0.01876320317948301,0.19971312228342303,0.018760857632479724,3.552713678800501e-15,0.005549167788785289,0.19913780800335013,0.018548823749742784,0.19913780800335013,0.018546505001843263,8.881784197001252e-16,0.005890487627132588,0.19852184351344848,0.0187609125230968,0.19907551042502653,0.0185769369358814,0.20144238182337,0.017845871058776136,0.0178384071376051
4000,3745,0.18399453637923807,0.018873152443718778,0.18399453637923807,0.01887079315219838,1.7763568394002505e-15,0.005381706318923924,0.18448166293137697,0.018835209564112464,0.18448166293137697,0.018832855015748474,1.7763568394002505e-15,0.005451036990176187,0.1838021976627368,0.019205770606638042,0.1845512083009202,0.018854264605492513,0.18472135376021143,0.018721861480450196,0.018778756751032178
4000,3746,0.18583842493469604,0.018134659631536872,0.18583842493469604,0.018132392657388193,8.881784197001252e-16,0.015021766695194822,0.18486775856308812,0.01806945631870915,0.18486775856308812,0.018067197495484036,8.881784197001252e-16,0.013805813982072077,0.1843394159429928,0.018227075842989326,0.18482753940497,0.018081027368754273,0.18412876933549088,0.01797164226447706,0.01797112675950912
4000,3747,0.17385721892874062,0.019541674623826506,0.17385721892874062,0.019539231761810105,3.552713678800501e-15,0.020615803758221272,0.17378301850348132,0.0192683415930141,0.17378301850348132,0.019265932899762236,1.7763568394002505e-15,0.021567987446809815,0.1741581429742169,0.01957013677952649,0.173808892021859,0.01929773631760554,0.17512969155989383,0.01922139750105267,0.019181355828026925
4000,3748,0.20527658243703056,0.019018997567229003,0.20527658243703056,0.0190166200439286,1.7763568394002505e-15,0.011511194864878197,0.20556840604895865,0.018885501664154047,0.20556840604895865,0.0188831408288846,8.881784197001252e-16,0.011714087349483024,0.20633825988083787,0.019070784571358364,0.2055749801603569,0.01890861357252948,0.2042875301131825,0.01877369049186727,0.018859657845482682
4000,3749,0.18592384242835813,0.017951496072090824,0.18592384242835813,0.017949251994818213,8.881784197001252e-16,0.015303979996135518,0.18549464764578755,0.01775884004666591,0.18549464764578755,0.01775662005290179,1.7763568394002505e-15,0.017208358929303304,0.1857934313701921,0.017911120575116467,0.18544318651762215,0.017769007321263883,0.1847350733648262,0.01773082964827204,0.017742105337434838
4000,3750,0.1727105052101886,0.01846975126731316,0.1727105052101886,0.018467442404091775,8.881784197001252e-16,0.01063289149140571,0.1747183976828034,0.018363370841183183,0.1747183976828034,0.018361075276346266,1.7763568394002505e-15,0.012071921329452088,0.17443661373426167,0.018492408545892694,0.1746993009881807,0.018367775131650103,0.17484811476513856,0.018296666935685026,0.01829688813421906
4000,3751,0.19637439230372872,0.018168645159432978,0.19637439230372872,0.018166373936827764,1.7763568394002505e-15,0.016545165449677872,0.19584562535603572,0.018079381081484783,0.19584562535603572,0.018077121017586774,8.881784197001252e-16,0.015341876883818696,0.19693324341382534,0.018222130583182884,0.1958666913031079,0.018090090974272086,0.19780302248796,0.01864053059018346,0.018650736436317327
4000,3752,0.16922222480119908,0.018201317610538725,0.16922222480119908,0.018199042303621838,8.881784197001252e-16,0.008610450717800748,0.1696638303182153,0.018087867889248765,0.1696638303182153,0.018085606764433475,1.7763568394002505e-15,0.008511995494130951,0.16793823515816497,0.01826656881236336,0.1696165870460548,0.018106370785932965,0.16823027731866613,0.01825905159811438,0.018217670779581148
4000,3753,0.20501845065647767,0.018395085936205136,0.20501845065647767,0.018392786406733537,1.7763568394002505e-15,0.01819218420602711,0.20663637699536413,0.018240995980920827,0.20663637699536413,0.018238715713897617,1.7763568394002505e-15,0.021081679927439,0.2073042847484438,0.0183691611409411,0.2066615876548219,0.01825333892780397,0.20689892657034786,0.018473799702882925,0.018498108903865527
4000,3754,0.18916263302755104,0.018155133601390323,0.18916263302755104,0.018152864067835436,8.881784197001252e-16,0.02027007593469352,0.18868861768462508,0.018063752066265593,0.18868861768462508,0.018061493956116604,8.881784197001252e-16,0.01984254920946698,0.18649141695038635,0.01831979157007122,0.1886441956178203,0.01807716638303919,0.18922391202229683,0.018045318445101183,0.018048782583056176
4000,3755,0.16310479851337834,0.01789870908239466,0.16310479851337834,0.017896471603908216,1.7763568394002505e-15,0.0068487705906637684,0.16385150873909854,0.01774026289376099,0.16385150873909854,0.017738045222286135,8.881784197001252e-16,0.006804166160081885,0.1632754743845693,0.017859230918237632,0.16382184759608248,0.017753245347718487,0.16372087191637058,0.017659286870097834,0.01766241832749554
4000,3756,0.17062532874273723,0.018405085427422467,0.17062532874273723,0.018402784647936335,1.7763568394002505e-15,0.008086494647845834,0.16902175236752787,0.018167818395682173,0.16902175236752787,0.018165547276428887,8.881784197001252e-16,0.0077889865119865655,0.16976524005576715,0.01836559368068805,0.1690403389087931,0.018191025620490367,0.1695620717420689,0.018499063831359297,0.0185364844537335
4000,3757,0.16174661253755723,0.018545986325014127,0.16174661253755723,0.018543667931814868,8.881784197001252e-16,0.007372902432115478,0.161895771665501,0.018429851601916635,0.161895771665501,0.01842754772646518,1.7763568394002505e-15,0.00811973510826204,0.16150730306688105,0.018568352985998328,0.16189877830525667,0.01844278101875562,0.16226636103340697,0.01830235272004253,0.0183171935999113
4000,3758,0.1514004740365944,0.018657924472831152,0.1514004740365944,0.01865559208648879,8.881784197001252e-16,0.007819887656137087,0.1520689863021364,0.018464060114225782,0.1520689863021364,0.018461751962443,1.7763568394002505e-15,0.009313132488445303,0.15324711742292496,0.018621327938727904,0.15207128347066845,0.018486627796520962,0.15140216931986739,0.018503940942579802,0.01847290500673208
4000,3759,0.15957197424136949,0.01780976254085817,0.15957197424136949,0.0178075361813844,1.7763568394002505e-15,0.008645689572760877,0.16000263295532458,0.01774588461338482,0.16000263295532458,0.01774366623915109,8.881784197001252e-16,0.008712325637838974,0.16109284693504533,0.017842301217602788,0.1599712458173289,0.017751649178367974,0.15953685080627944,0.017761299821143186,0.01783544223945962
4000,3760,0.1844798465759131,0.01804646419042071,0.1844798465759131,0.01804420824139128,1.7763568394002505e-15,0.025971715797923674,0.18320794318457584,0.017903215552686518,0.18320794318457584,0.017900977510856078,8.881784197001252e-16,0.023766269480091817,0.18214403592809864,0.017985971087507584,0.18322550565633233,0.01791457735711722,0.18475885788589747,0.018705666601686453,0.01870705716728358
4000,3761,0.16490737447235904,0.01814003742197919,0.16490737447235904,0.01813776977556468,1.7763568394002505e-15,0.007574710503032634,0.16539455542855863,0.018035820000823717,0.16539455542855863,0.018033565382401154,8.881784197001252e-16,0.008922996454418344,0.16447272941419488,0.018163659456351587,0.16541299208576676,0.018059064979693576,0.1660999920416752,0.018241833091942477,0.018251752795348217
4000,3762,0.21195989197188836,0.018044940547406487,0.21195989197188836,0.01804268478884434,8.881784197001252e-16,0.007685466986123116,0.21231487691328382,0.018026672865406383,0.21231487691328382,0.018024419390447223,8.881784197001252e-16,0.008229515576442626,0.2138523850934076,0.01813625563364073,0.2122672759416106,0.018043010222167272,0.2140094535504647,0.017694322090928905,0.01765896016717081
4000,3763,0.19162732581178188,0.01785987892214208,0.19162732581178188,0.017857646297729065,8.881784197001252e-16,0.018315902705855105,0.1916634545915783,0.01777356947702191,0.1916634545915783,0.017771347641963916,8.881784197001252e-16,0.016540207247177037,0.19230146822654665,0.017834061130102198,0.191621359384692,0.017778532268878957,0.19188545164008997,0.018211460693839672,0.018242173355021967
4000,3764,0.20281572235343015,0.018629819461296035,0.20281572235343015,0.018627490588299715,1.7763568394002505e-15,0.009108504559041733,0.20210159141734285,0.018482928911860805,0.20210159141734285,0.018480618401330886,1.7763568394002505e-15,0.008516349173067886,0.20333921300388236,0.018650670041812114,0.20207973643939048,0.018509831713703514,0.20304685236913556,0.018137860738983415,0.01822279143593215
4000,3765,0.20310921998443332,0.019225514033578993,0.20310921998443332,0.01922311069410669,1.7763568394002505e-15,0.009038766884819116,0.20275207283459695,0.019070182190406272,0.20275207283459695,0.019067798268628047,1.7763568394002505e-15,0.009379148280883494,0.20262068222321,0.019250616351282532,0.202803539455991,0.01909227524228912,0.203891187163442,0.0183746997073235,0.018378476018068624
4000,3766,0.20678859570651786,0.0176787000694127,0.20678859570651786,0.017676490093771913,8.881784197001252e-16,0.024080755906798392,0.20630486798175585,0.01757704668975424,0.20630486798175585,0.01757484942158017,8.881784197001252e-16,0.0248487606405556,0.20681568641657078,0.01772323367560536,0.20625707582762343,0.017582777684439062,0.2056000184168929,0.01779745718491962,0.017850755687659942
4000,3767,0.19257763481322898,0.019511182039024372,0.19257763481322898,0.019508742988819328,1.7763568394002505e-15,0.017584096467444948,0.1923891348453547,0.01941778404655637,0.1923891348453547,0.01941535667183015,8.881784197001252e-16,0.017138883014532664,0.19155987927950757,0.019599552428363892,0.19247816554497565,0.019456196468894252,0.1920919363227493,0.019771852460994086,0.019773852420889342
4000,3768,0.22480856717104625,0.018943073873783526,0.22480856717104625,0.018940705841538036,8.881784197001252e-16,0.007876646920736212,0.22413939383205944,0.018674051461375723,0.22413939383205944,0.018671717059033786,3.552713678800501e-15,0.007936022754182558,0.2243418589287014,0.018951010243582023,0.2241617030721415,0.018692522416641627,0.22426508743480084,0.018849063522519853,0.01886902202092144
4000,3769,0.18879928332376988,0.01887471803890936,0.18879928332376988,0.018872358551677324,1.7763568394002505e-15,0.017571461512258045,0.1880581403264885,0.01873849837196193,0.1880581403264885,0.018736155913252617,8.881784197001252e-16,0.018490976618353017,0.18727612582159264,0.018860346780704737,0.18809078404126833,0.018764182834100914,0.18822728095886043,0.01857538524470899,0.01857494675175199
4000,3770,0.18286939007545133,0.018407699204818505,0.18286939007545133,0.018405398098589775,1.7763568394002505e-15,0.003522114564218975,0.18386467512151566,0.018324605094697244,0.18386467512151566,0.01832231437588153,3.552713678800501e-15,0.003472191677650848,0.1861436757889785,0.018654448511430072,0.18391600464047453,0.018343273208561387,0.18170268830173403,0.018521756506773474,0.018389895072225233
4000,3771,0.1608875482542338,0.01861296189467973,0.1608875482542338,0.01861063512901095,1.7763568394002505e-15,0.013459711264712307,0.16100307705704353,0.01847480272536163,0.16100307705704353,0.01847249323066852,3.552713678800501e-15,0.01575987742895514,0.16076005571135987,0.018627515612781944,0.1610371694691553,0.018496227572497213,0.1621637784749091,0.018500269375676212,0.01849814593568676
4000,3772,0.17548250863675502,0.01739310017733136,0.17548250863675502,0.01739092590390861,1.7763568394002505e-15,0.009907856478233426,0.17535324717343337,0.017289541051691226,0.17535324717343337,0.01728737972396834,8.881784197001252e-16,0.01077432742244262,0.1744579560017338,0.01733474274334286,0.17527382879345166,0.017297926166452312,0.17644192052103003,0.01772504127953762,0.01772495404906015
4000,3773,0.1913169935400586,0.0183903064674501,0.1913169935400586,0.018388007535449436,8.881784197001252e-16,0.007732891589595643,0.19104417373319799,0.01826502105017861,0.19104417373319799,0.01826273777983402,8.881784197001252e-16,0.006977317860115042,0.19153552114249972,0.018437573649419888,0.1910230108592073,0.018277058225396964,0.1889665390564474,0.017755745384191154,0.017798404510519
4000,3774,0.18971957263849576,0.018508609218294045,0.18971957263849576,0.018506295497525173,8.881784197001252e-16,0.012910418553741435,0.19072407111798967,0.01841535847622523,0.19072407111798967,0.018413056412527728,8.881784197001252e-16,0.011317630184747289,0.19138863228242498,0.018764651878620774,0.19071549435902607,0.01843390870737009,0.1904189942108782,0.019122905647246002,0.019231245262644546
4000,3775,0.1900075761177617,0.018072921801340812,0.1900075761177617,0.01807066254490329,8.881784197001252e-16,0.011732276607063509,0.18899644143494143,0.018032948393372192,0.18899644143494143,0.018030694133923,1.7763568394002505e-15,0.012131138926435829,0.18837811617649097,0.018143042733895408,0.18896942741015638,0.018047020604801053,0.18902043588527562,0.01862709432232688,0.018645376431033086
4000,3776,0.1636470330939201,0.019189260050325667,0.1636470330939201,0.01918686124288454,1.7763568394002505e-15,0.006567529193541144,0.1640934424727012,0.019021159724244598,0.1640934424727012,0.019018781930657678,1.7763568394002505e-15,0.006494015426850317,0.16351753147314796,0.019159977876615802,0.16409768710887807,0.019056215988429968,0.16296808841114224,0.018195659850946375,0.01810407351322366
4000,3777,0.1939992195607123,0.019338641280874844,0.1939992195607123,0.019336223799612712,1.7763568394002505e-15,0.008954694106438793,0.19267410501756832,0.018894535163088335,0.19267410501756832,0.018892173198560937,1.7763568394002505e-15,0.010334023151298364,0.1924513046405542,0.01911511658585901,0.1927787291146772,0.018908013048754377,0.19267527760272501,0.01862264545896399,0.01858115707129524
4000,3778,0.2018889506581505,0.01800717303264904,0.2018889506581505,0.018004921995321336,1.7763568394002505e-15,0.013351415974495132,0.20139369388476702,0.017946472011973007,0.20139369388476702,0.01794422856274717,8.881784197001252e-16,0.014108193803067229,0.20099662852707495,0.018092649333298547,0.20136410424242546,0.017957410402481413,0.20060786833725763,0.017985750966475235,0.017992529939495138
4000,3779,0.19358522268107842,0.018244290613146943,0.19358522268107842,0.018242009934268964,1.7763568394002505e-15,0.01591655327313257,0.19393790885177614,0.01806562548039699,0.19393790885177614,0.0180633671360566,8.881784197001252e-16,0.017185440616434698,0.19365601210383115,0.018194177047386725,0.19393067909369138,0.0180788008991102,0.19338016217483406,0.018376352118935225,0.01838920627370043
4000,3780,0.19290575838383756,0.01839460213671292,0.19290575838383756,0.01839230266772004,1.7763568394002505e-15,0.014879037685590435,0.19279755437789592,0.01827563152786151,0.19279755437789592,0.018273346931124305,1.7763568394002505e-15,0.016996164520581697,0.19185493934429,0.01840060246295042,0.19283960579228898,0.018297847914848505,0.19263661386386322,0.018332103168712727,0.018329726393400508
4000,3781,0.19074156296310246,0.018778699219636923,0.19074156296310246,0.01877635173550754,1.7763568394002505e-15,0.0024188189421478767,0.19102054455453882,0.018643600400550832,0.19102054455453882,0.018641269804829427,1.7763568394002505e-15,0.0027021289993723785,0.1902147941786207,0.018761707793818205,0.19102785123021754,0.018654855399605517,0.19130577641474295,0.018834484686358236,0.01877700464001256
4000,3782,0.19964967245703474,0.01894799585164933,0.19964967245703474,0.018945627204118153,8.881784197001252e-16,0.012099784660787162,0.19929368488957805,0.018725852042125457,0.19929368488957805,0.018723511164306178,1.7763568394002505e-15,0.01030723328641207,0.20069679386497835,0.018826995289900547,0.199302141489485,0.01873905635885393,0.19940936000732506,0.018328644783139884,0.018402620979706345
4000,3783,0.21261834461240503,0.01849828191247706,0.21261834461240503,0.018495969482702105,1.7763568394002505e-15,0.02054633386842458,0.21192053373206227,0.018351925804455296,0.21192053373206227,0.018349631670337395,3.552713678800501e-15,0.02018653298350522,0.21065406586299779,0.018576338889644783,0.2119307806946012,0.018365941649582954,0.21382986058008308,0.018859831195532483,0.018890897943152386
4000,3784,0.20682514373892824,0.01761480599060903,0.20682514373892824,0.017612604002227326,8.881784197001252e-16,0.006826897318024482,0.2073241892523856,0.01753088427526104,0.2073241892523856,0.01752869277774948,1.7763568394002505e-15,0.006449194313819028,0.20807033500404198,0.017700990618491175,0.20729221054445857,0.017547381220012013,0.20678440601148518,0.017706998028166294,0.017709848057457442
4000,3785,0.13355093541711943,0.018206750481843077,0.13355093541711943,0.01820447449577483,8.881784197001252e-16,0.017647942032125254,0.13357001010313757,0.018155915352285962,0.13357001010313757,0.018153645721006105,1.7763568394002505e-15,0.017800556714372664,0.13352767501701546,0.018224721016947845,0.13351194117182374,0.01816804748287451,0.13365093593031702,0.01790577042794153,0.017987911545389458
4000,3786,0.1872339650137685,0.018250919238497677,0.1872339650137685,0.018248637730989732,1.7763568394002505e-15,0.010345771084931439,0.18678031171060983,0.018117116435102942,0.18678031171060983,0.018114851653990887,1.7763568394002505e-15,0.009547670812397956,0.18660793191554703,0.01822507379989137,0.18678414829987194,0.01813650850517134,0.18722613322797038,0.018211605444948417,0.018211570052270667
4000,3787,0.16837640738995924,0.01774792278013703,0.16837640738995924,0.017745704151116534,1.7763568394002505e-15,0.008080688878104373,0.16749142096319264,0.017680059669836358,0.16749142096319264,0.017677849524234894,1.7763568394002505e-15,0.009382302041056998,0.16893536044942953,0.017859653673807117,0.16744790939711607,0.017683988255726195,0.16776757796088448,0.017824134789218696,0.017838929767760196
4000,3788,0.2266428416502121,0.023973190469280304,0.2266428416502121,0.02397019363315768,1.7763568394002505e-15,0.013209453931214052,0.2246721505094782,0.022613089189004877,0.2246721505094782,0.022610262376169404,1.7763568394002505e-15,0.01620752943751557,0.22607209012817925,0.02341484950483304,0.2248424813765097,0.02273371572391495,0.22371044130579332,0.021419782961846406,0.023525312085531547
4000,3789,0.18599551165894707,0.0180660653861141,0.18599551165894707,0.018063806986782057,1.7763568394002505e-15,0.009918308911946432,0.1868745310652537,0.01789133492978398,0.1868745310652537,0.017889098373124232,8.881784197001252e-16,0.009078056962363374,0.1870600587514168,0.01803381878955661,0.18684180455079963,0.017904688089288103,0.1873101507842715,0.018274688364685366,0.01830368716666521
4000,3790,0.2129138231809875,0.018432593745367674,0.2129138231809875,0.01843028952712686,8.881784197001252e-16,0.010634196411478863,0.21262915803532284,0.018341154656942006,0.21262915803532284,0.0183388618693017,1.7763568394002505e-15,0.012633947497040568,0.2135197159270858,0.018546082513423538,0.21266773351623308,0.0183573917933455,0.21475824119578107,0.019295121184637817,0.0193162333579135
4000,3791,0.22001706184117859,0.018666977007068007,0.22001706184117859,0.018664643489088133,8.881784197001252e-16,0.012195493527482854,0.2201707358728796,0.018552262515876692,0.2201707358728796,0.018549943338104537,8.881784197001252e-16,0.012586345071884103,0.2215333372824807,0.018677783455332882,0.22017310567083326,0.018570842248141713,0.22003697419669327,0.018359496530152664,0.01838269818621528
4000,3792,0.22635089607793157,0.019436593765765914,0.22635089607793157,0.01943416403967782,1.7763568394002505e-15,0.0023829670092677144,0.22837837741715566,0.019243292249652332,0.22837837741715566,0.01924088668776411,1.7763568394002505e-15,0.0029214378570387,0.22858123210887032,0.019437536782382858,0.2285091887279127,0.019255065893246097,0.22805695954020683,0.018700104422917876,0.018775751069525632
4000,3793,0.19502337688996174,0.018074809409342838,0.19502337688996174,0.018072549916939566,1.7763568394002505e-15,0.010556521150287936,0.19463597989671316,0.0181043049960559,0.19463597989671316,0.018102041816473825,8.881784197001252e-16,0.010649439673610745,0.19416010118350985,0.01825475041063299,0.19466449875546266,0.018110167093004108,0.19471477086082845,0.01764506764449955,0.017458571766293424
4000,3794,0.20825388412673684,0.018496308426321523,0.20825388412673684,0.018493996243247757,8.881784197001252e-16,0.011312460402175064,0.20686441860282379,0.018364478209538803,0.20686441860282379,0.01836218250627219,8.881784197001252e-16,0.011341514053566646,0.20705518695155062,0.018553032665674065,0.20685782415913156,0.01838027861473215,0.20719303555097107,0.01783646865449995,0.017855035861914243
4000,3795,0.20197090464282125,0.018273076697382328,0.20197090464282125,0.018270792420018896,1.7763568394002505e-15,0.014015636202118292,0.2020084717201252,0.018222278405663813,0.2020084717201252,0.018220000478483756,8.881784197001252e-16,0.013468682372342933,0.20342227023682952,0.018393874013638106,0.20202118036707217,0.018232783809080996,0.20029870224045931,0.01838864503345513,0.018239508821101803
4000,3796,0.17644942666914504,0.018333390193943675,0.17644942666914504,0.018331098376921914,1.7763568394002505e-15,0.006103296861303143,0.176110612151271,0.01819588131695136,0.176110612151271,0.018193606689613645,3.552713678800501e-15,0.005643442414141965,0.17613149887987756,0.018315343607558005,0.17611456320386143,0.018207501311277494,0.17691253456638456,0.017682010765681613,0.017724757818031702
4000,3797,0.20545717620089865,0.01854263106779987,0.20545717620089865,0.018540313094033978,1.7763568394002505e-15,0.0037076749445264135,0.2063600155610839,0.018521644658148248,0.2063600155610839,0.01851932930784754,1.7763568394002505e-15,0.004377770680567038,0.2050584211769247,0.018660740821295204,0.20634553465955485,0.018541318750873167,0.20614349180070718,0.018265320588121765,0.018268871357002385
4000,3798,0.15231033890755574,0.018057768038020644,0.15231033890755574,0.01805551067592194,1.7763568394002505e-15,0.00874012183003919,0.15255268389754612,0.01796458351234232,0.15255268389754612,0.01796233779903743,8.881784197001252e-16,0.0094074165581103,0.15256799253106856,0.018092214451772223,0.15253573954484595,0.017972046050210196,0.1524471841219594,0.01783468983543679,0.017919031196847415
4000,3799,0.19888597511317885,0.01860949081879428,0.19888597511317885,0.018607164487037104,1.7763568394002505e-15,0.011194348074525991,0.19911346460128315,0.018381179232410068,0.19911346460128315,0.018378881441385102,1.7763568394002505e-15,0.011755934101531444,0.20046698050351236,0.018601334138981764,0.19909195556033532,0.01840121116828377,0.20001101487652384,0.018028650459685835,0.018084425442575373
4000,3800,0.19512053972078114,0.018317753496934767,0.19512053972078114,0.01831546363462231,1.7763568394002505e-15,0.013130462690183009,0.19516071881395047,0.018173384150230978,0.19516071881395047,0.018171112335214887,1.7763568394002505e-15,0.012572764035688081,0.19601902261089715,0.018287120992137782,0.19517506884201102,0.018184067787274872,0.19428323114302826,0.01808563945884343,0.018025509533800423
4000,3801,0.15361668203243062,0.018872843462157434,0.15361668203243062,0.018870484209262142,3.552713678800501e-15,0.010388012868792786,0.15367118888308756,0.01864510289075175,0.15367118888308756,0.01864277210720733,1.7763568394002505e-15,0.009746179533268,0.15434943991202388,0.01879785294484925,0.15370491686030247,0.01866699883391574,0.15386614558866268,0.018989043260165393,0.018951611856211373
4000,3802,0.1979691548262299,0.018664309352646857,0.1979691548262299,0.01866197616814463,1.7763568394002505e-15,0.0039364619057339146,0.1981833027745924,0.018593424289529852,0.1981833027745924,0.018591099966214372,8.881784197001252e-16,0.0034221121676743607,0.19920244808312348,0.01871189762119652,0.19822866518670196,0.01862251109248957,0.19703927912264702,0.01878139447061063,0.018745044944721793
4000,3803,0.17291181551872625,0.017773235780668268,0.17291181551872625,0.017771013987324922,1.7763568394002505e-15,0.00954375371532494,0.17194449808876877,0.017691858833763275,0.17194449808876877,0.017689647213174127,1.7763568394002505e-15,0.00959212221090514,0.17233346170522995,0.01780786766035092,0.1719489312928537,0.017700720625068642,0.17161337722124403,0.01826818608693056,0.01827430823100695
4000,3804,0.18386922610785378,0.01844676716176427,0.18386922610785378,0.018444461171735666,1.7763568394002505e-15,0.00556467427425676,0.18533584632010636,0.018203875265555232,0.18533584632010636,0.018201599638911485,8.881784197001252e-16,0.005220814619080549,0.18513846450415988,0.01834231993820456,0.1853588293551105,0.018211773826579736,0.1864552847993053,0.017401205168860196,0.017433755423129794
4000,3805,0.2057703635455997,0.018673112890969963,0.2057703635455997,0.01867077860595666,1.7763568394002505e-15,0.008989349165900449,0.20455693400333236,0.018495902880787844,0.20455693400333236,0.01849359074841044,8.881784197001252e-16,0.00897709770682709,0.20469704522042276,0.018643688460492476,0.20457850818778284,0.018509286796861344,0.2037331530082478,0.018706266577963,0.01872802209886728
4000,3806,0.21069362121775603,0.018055641977601882,0.21069362121775603,0.018053384881277345,1.7763568394002505e-15,0.011948611247233865,0.20912347275561938,0.017997185310732012,0.20912347275561938,0.017994935521947582,8.881784197001252e-16,0.011317503938490955,0.20857851343108968,0.01822012909020347,0.20909470333841707,0.01801172457404892,0.20829982543986486,0.018446465907240427,0.01845225392620375
4000,3807,0.23589501429620718,0.02038299134406983,0.23589501429620718,0.020380443310889795,1.7763568394002505e-15,0.010474443342558641,0.2356422319015486,0.020073306393581774,0.2356422319015486,0.020070797073440266,1.7763568394002505e-15,0.010765181690044413,0.23656331585897422,0.020424883878714963,0.23572428082408026,0.020122337019750122,0.23484148779351383,0.01968489437088392,0.020653539498347043
4000,3808,0.2063362414211159,0.018271762549734463,0.2063362414211159,0.018269478436649757,8.881784197001252e-16,0.005234145776241376,0.20728566214724048,0.018186570622523587,0.20728566214724048,0.018184297159095426,1.7763568394002505e-15,0.005902054752831765,0.2081857952460054,0.018346329126704836,0.20729135964969503,0.018197750106103208,0.20783944597296672,0.018272602133248116,0.018251165733892454
4000,3809,0.173375579326839,0.017898932375752866,0.173375579326839,0.017896694869353004,8.881784197001252e-16,0.008521049877245642,0.1730688081619563,0.01782508609198709,0.1730688081619563,0.017822857816949696,8.881784197001252e-16,0.007753372413525161,0.17301153784782392,0.017920167295406405,0.1730482560601383,0.01783481949814574,0.17414987196849885,0.01746742555628279,0.01751518493687614
4000,3810,0.20556824991217953,0.0183573604121258,0.20556824991217953,0.018355065598639475,8.881784197001252e-16,0.01391961429596168,0.20666805383292425,0.01832052095778179,0.20666805383292425,0.018318230749515108,1.7763568394002505e-15,0.013134778846224819,0.20737378750919483,0.018524181565860897,0.20665406707759337,0.018333315849985144,0.2077158084930374,0.01857781081866122,0.018533990271537133
4000,3811,0.18469788736999815,0.018208547530450963,0.18469788736999815,0.018206271319737594,8.881784197001252e-16,0.009913088524653347,0.18406608150924209,0.018113769790998543,0.18406608150924209,0.01811150542824315,8.881784197001252e-16,0.010349306919171467,0.18459760924822,0.018237038343970002,0.18404914976020598,0.01813078225527156,0.1847053725222222,0.017690218614959823,0.017687823510232577
4000,3812,0.17806546539024493,0.01791794898265687,0.17806546539024493,0.01791570909903256,8.881784197001252e-16,0.007217278055089931,0.17922217732487294,0.017856632686214347,0.17922217732487294,0.01785440046760619,1.3322676295501878e-15,0.006793360377854457,0.1794628294590525,0.017992847958277058,0.17919616746032174,0.017863870409104893,0.18081156241174767,0.01720426591160762,0.017387285805582457
4000,3813,0.19502206525926946,0.018063856930665895,0.19502206525926946,0.018061598807408034,1.7763568394002505e-15,0.01024759096401434,0.1950956402291898,0.017963052325383585,0.1950956402291898,0.01796080680348902,1.7763568394002505e-15,0.009795535308185829,0.1966268093454393,0.018086135138937618,0.1951161634140977,0.017976029256313194,0.19441047647409776,0.017757058690951934,0.01773941121535645
4000,3814,0.2283753348757615,0.01845113923878889,0.2283753348757615,0.018448832702216495,8.881784197001252e-16,0.010469818287144297,0.22788912779871562,0.01836866152131595,0.22788912779871562,0.018366365295102677,8.881784197001252e-16,0.010785482427156537,0.22529888625462158,0.01859064619115923,0.22784133406120965,0.018382910333939295,0.2289050750283595,0.01783514273187234,0.017840455528029733
4000,3815,0.22853238006078264,0.018485591733598407,0.22853238006078264,0.018483280890194964,3.552713678800501e-15,0.008400613025324535,0.22729187435167608,0.01836557832627529,0.22729187435167608,0.018363282485485487,3.552713678800501e-15,0.00811523536015817,0.22760627234663244,0.0184839286707724,0.22731003907672598,0.018374435888648816,0.22633531370785492,0.018298839891480744,0.0181143624193542
4000,3816,0.18629458055052922,0.0185296573664514,0.18629458055052922,0.018527341014499547,1.7763568394002505e-15,0.01550915740937651,0.18563012941478418,0.018431763030874203,0.18563012941478418,0.018429458916479194,8.881784197001252e-16,0.01683442861603368,0.18622782614844785,0.018573354605419912,0.18564253346147308,0.01844990111167888,0.18565450964086005,0.01812728432420141,0.018127070372457213
4000,3817,0.17866971031145235,0.0186311130614582,0.17866971031145235,0.018628784026751753,1.7763568394002505e-15,0.00978212279745033,0.1794393304901447,0.018561690182449662,0.1794393304901447,0.018559369826145523,1.7763568394002505e-15,0.010858209689035713,0.1802455504833781,0.01895820644896711,0.17945207266952,0.01858800092760038,0.18044879488272608,0.01945367121389614,0.019614382783644285
4000,3818,0.17750101587918166,0.017971854101493222,0.17750101587918166,0.017969607479307873,8.881784197001252e-16,0.011413946309476406,0.17803642841860706,0.01784957064753453,0.17803642841860706,0.017847339311736383,8.881784197001252e-16,0.013022264441415302,0.17846436485682776,0.01793053045231177,0.1780614815810838,0.017852797584000445,0.1790992721640834,0.017978156704995724,0.018007803782281128
4000,3819,0.20336088205558817,0.01872095625834445,0.20336088205558817,0.018718615992536405,1.7763568394002505e-15,0.011878712421964612,0.20326092501787285,0.018595498648093137,0.20326092501787285,0.018593174065466626,1.7763568394002505e-15,0.013295503407118752,0.20290367423531186,0.018676413768872434,0.20329166532154525,0.018619742260051423,0.20235450631641627,0.018405368564565323,0.018416229414647774
4000,3820,0.18971557738190192,0.019540017754223937,0.18971557738190192,0.019537575099329185,3.552713678800501e-15,0.01267603898045305,0.18936566736398963,0.019409039834022465,0.18936566736398963,0.019406613552391132,1.7763568394002505e-15,0.01185457237319576,0.18894233395185267,0.019542262998509384,0.18942989474195931,0.019440624454272516,0.18788027885642916,0.018770813442072952,0.018746814943969358
4000,3821,0.1765389572369384,0.01791362983403947,0.1765389572369384,0.017911390490342488,8.881784197001252e-16,0.012831190520990616,0.17649342057470796,0.017864245302762535,0.17649342057470796,0.017862012132517827,8.881784197001252e-16,0.01328578218962156,0.17709928053313223,0.01811488722485936,0.17645286155288292,0.017878002710098814,0.17667638729445057,0.018081586052221134,0.018083346291171018
4000,3822,0.2015029978293808,0.0191103401609729,0.2015029978293808,0.019107951219134583,1.7763568394002505e-15,0.008753476269880212,0.19967633832350357,0.018958733285914332,0.19967633832350357,0.018956363296119973,8.881784197001252e-16,0.007338026384742694,0.20160208313671585,0.019413742196461914,0.1997412139971939,0.018971363242572502,0.2001423642928612,0.01830466652208168,0.018239054241435654
4000,3823,0.18353587507447777,0.01835720475026192,0.18353587507447777,0.018354909956234546,1.7763568394002505e-15,0.009401304915482356,0.18340811394078987,0.018243065853446653,0.18340811394078987,0.0182407853276732,2.6645352591003757e-15,0.009012087312621812,0.18257473885311054,0.018338025311528585,0.1834052212885361,0.018254493287804777,0.1830283329391827,0.018425611682148294,0.018376201879625968
4000,3824,0.18489774845424856,0.017416963138460563,0.18489774845424856,0.01741478588198122,1.7763568394002505e-15,0.02154852749829885,0.18547767023068146,0.01731337466503376,0.18547767023068146,0.017311210357922987,1.7763568394002505e-15,0.022691180362312213,0.18355304416442703,0.01741349461830222,0.18540833570943838,0.017316340601300856,0.18623111056865033,0.017503924415181765,0.017571118469568284
4000,3825,0.21929434694075245,0.018377789073038622,0.21929434694075245,0.01837549170581007,2.6645352591003757e-15,0.01661016493130331,0.21933334889396439,0.018311483970173386,0.21933334889396439,0.018309194891600763,1.7763568394002505e-15,0.017016139366424373,0.219913819222947,0.01850733599282439,0.21934456762287113,0.018325204831572538,0.2184889891666394,0.01910895907951602,0.019069694976948815
4000,3826,0.158848662629214,0.01921742746071901,0.158848662629214,0.0192150251321315,1.7763568394002505e-15,0.009179549982871661,0.15782210503227423,0.01910385995450787,0.15782210503227423,0.01910147182274599,1.7763568394002505e-15,0.01005482984930087,0.16042198261185447,0.019415464612915722,0.15785559339253646,0.019133384128215906,0.15830092642421056,0.019535626206148814,0.019518833731979775
4000,3827,0.18534317674527795,0.01766815485563091,0.18534317674527795,0.017665946198224237,8.881784197001252e-16,0.014489195329118085,0.18418855559129133,0.01760652632128446,0.18418855559129133,0.017604325367926117,8.881784197001252e-16,0.014147486638944258,0.18578313193184653,0.01777262850025112,0.1841475388817384,0.017615901741129928,0.18384333729806573,0.01783034315534508,0.01785584871043659
4000,3828,0.18321626030892835,0.01803403873877248,0.18321626030892835,0.01803178434302159,8.881784197001252e-16,0.01605508018966783,0.18417154742570369,0.017970399330448448,0.18417154742570369,0.017968152890120846,8.881784197001252e-16,0.015507404368987477,0.18511644923778037,0.018120457187288642,0.18418740393975802,0.01798070058272629,0.18137941853033107,0.018472186208381317,0.018444519992618938
4000,3829,0.16830409650641026,0.017856499476557174,0.16830409650641026,0.017854267274601262,8.881784197001252e-16,0.012649584740752336,0.16844411631491019,0.017798905479140453,0.16844411631491019,0.01779668047688423,8.881784197001252e-16,0.01210660157054979,0.16751328325071713,0.017914142451889648,0.16842330154533197,0.017810868426944754,0.16926894139690563,0.017957527032808018,0.018054341924930817
4000,3830,0.16109480992208153,0.017871438329228235,0.16109480992208153,0.017869204259799015,8.881784197001252e-16,0.02017562509624379,0.16070857221545182,0.017780002027984288,0.16070857221545182,0.017777779388807157,8.881784197001252e-16,0.01856861454748516,0.16031002925496196,0.01788315592042737,0.1607007826800937,0.01779298685642238,0.16211829252606552,0.01759746309965899,0.01775476800169286
4000,3831,0.22025138744512684,0.019955324769377353,0.22025138744512684,0.019952830197860715,3.552713678800501e-15,0.008325542583199768,0.2222999914415406,0.019777831829413933,0.2222999914415406,0.019775359445901624,3.552713678800501e-15,0.009572807650505388,0.21969750544544142,0.02003417621021657,0.22251336811564293,0.019743906721220915,0.22039230902494505,0.022125998999009616,0.019715966036254428
4000,3832,0.23696728250377347,0.01895394623585253,0.23696728250377347,0.01895157684447683,8.881784197001252e-16,0.007420741884971431,0.236635371039981,0.01881867199731103,0.236635371039981,0.018816319516272113,8.881784197001252e-16,0.008668592696504404,0.23544124248529114,0.01873445870906059,0.2366132633544527,0.01885876884078295,0.23964604286566066,0.01798021212523599,0.0183612783871937
4000,3833,0.19238025989351004,0.01909851135306914,0.19238025989351004,0.01909612388992423,7.105427357601002e-15,0.01096507478444487,0.19268818547641825,0.018968528897207886,0.19268818547641825,0.01896615768288558,1.7763568394002505e-15,0.011057231017616057,0.19232835110033525,0.01906977860445712,0.19274142945727196,0.018986665791054336,0.19187702498566422,0.019179560791621794,0.01917865629803571
4000,3834,0.16783293061363458,0.017821809463970523,0.16783293061363458,0.017819581598537235,8.881784197001252e-16,0.005863281493020017,0.16754803052497813,0.017754047325884172,0.16754803052497813,0.017751827931247605,8.881784197001252e-16,0.006119759196266045,0.16642796063016552,0.017859748861476836,0.16751503073573143,0.017759885303161162,0.1695715393928655,0.01734121816613198,0.017407032709134046
4000,3835,0.1747896809425567,0.017830487090160056,0.1747896809425567,0.017828258139955692,8.881784197001252e-16,0.019345864170426868,0.17464092331207803,0.017778704514766635,0.17464092331207803,0.017776482037788796,1.7763568394002505e-15,0.01977059636792209,0.1744774796708447,0.017864945707958102,0.1746453662699196,0.017783511429299122,0.17464948938917618,0.018507842730268727,0.01856368643733559
4000,3836,0.1823903879112967,0.0181007464550446,0.1823903879112967,0.018098483720307958,8.881784197001252e-16,0.013512510722368578,0.18401156202090813,0.017980535100626464,0.18401156202090813,0.017978287393248395,8.881784197001252e-16,0.015487707159256712,0.1839549771653553,0.01813189272578342,0.1840104740625207,0.017989562711273572,0.18242198728417564,0.01846390312372768,0.018351335552632894
4000,3837,0.2057086335902386,0.018873088220562873,0.2057086335902386,0.01887072893707087,3.552713678800501e-15,0.005061481374189792,0.2056971075838715,0.018807384429579813,0.2056971075838715,0.018805033359575053,3.552713678800501e-15,0.005814116193226216,0.20515260777953515,0.01904294060137054,0.2056919804658845,0.018835953015477747,0.20725080771990828,0.01854983393076703,0.018743101711553217
4000,3838,0.20308895621298279,0.01823728054050301,0.20308895621298279,0.01823500073793888,1.7763568394002505e-15,0.014326589741263697,0.2038399906085967,0.01804054091483648,0.2038399906085967,0.018038285706262782,1.7763568394002505e-15,0.015173187759758516,0.20347577375848996,0.018234197974744404,0.20384244523635864,0.018062656383037775,0.20351573862357203,0.01800133153948382,0.018005544331795565
4000,3839,0.1862440883067253,0.018425202984946862,0.1862440883067253,0.01842289969060885,1.7763568394002505e-15,0.01699534998066144,0.18505294350043439,0.01827149100610306,0.18505294350043439,0.01826920692696343,1.7763568394002505e-15,0.017138446078181338,0.1874902754441724,0.018564936408571642,0.1850491625406364,0.018298231426951896,0.1864356050430614,0.018494936479412673,0.018540667158995747
4000,3840,0.18623411736085527,0.01848125100134885,0.18623411736085527,0.018478940700570858,1.7763568394002505e-15,0.01447514420005887,0.1861398946665298,0.01837643094757996,0.1861398946665298,0.0183741337501277,1.7763568394002505e-15,0.015559405206286146,0.18675057907049036,0.01850475432085622,0.1861547471010988,0.018388154539773292,0.1879652650657832,0.01879935755400272,0.018799487647669214
4000,3841,0.1720424795104103,0.01834548041607264,0.1720424795104103,0.018343187087678646,1.7763568394002505e-15,0.010309256096451964,0.17139744465846074,0.01827439311898576,0.17139744465846074,0.018272108677059338,1.7763568394002505e-15,0.011509048330060336,0.17115636525166067,0.01835274097505461,0.1713811649257338,0.018288156600156796,0.17108626196003962,0.017985685774641595,0.01799039675934105
4000,3842,0.16721670204856975,0.01799284934890626,0.16721670204856975,0.017990600102150936,1.7763568394002505e-15,0.015727399913016082,0.16853614252868204,0.017920319581710944,0.16853614252868204,0.017918079401743232,1.7763568394002505e-15,0.016916156683951723,0.16878055347654292,0.018035208479680407,0.1684922371412238,0.017930848929573362,0.16708656630459817,0.01810386890610921,0.018108092754029123
4000,3843,0.17143196570092967,0.018813289578070914,0.17143196570092967,0.018810937769876454,3.552713678800501e-15,0.0222211091934112,0.17150034099264944,0.018682069066586215,0.17150034099264944,0.018679733661980977,1.7763568394002505e-15,0.02025419582063163,0.1710728167395943,0.01879753103705309,0.17153100798825566,0.01869862949465864,0.17222149428314082,0.019240426028631078,0.01924559622651531
4000,3844,0.18803710791901662,0.01793835042310099,0.18803710791901662,0.01793610798913722,1.7763568394002505e-15,0.02039453226157108,0.18802884498616346,0.017827209564644026,0.18802884498616346,0.01782498102415596,1.7763568394002505e-15,0.01925503952599192,0.1884234066938157,0.017943319975849595,0.18801821547172243,0.017838577844412114,0.18850841547646063,0.017653447203425682,0.017654742353892895
4000,3845,0.19217296875696216,0.017777356209684562,0.19217296875696216,0.017775133901255392,8.881784197001252e-16,0.005641705500865706,0.19179910518959203,0.017725912903048917,0.19179910518959203,0.017723697025435026,8.881784197001252e-16,0.0057127089020510904,0.19194705964937842,0.017839974839363296,0.19176975902735027,0.01773495105858977,0.191339395236158,0.01788250024866028,0.017878161824260358
4000,3846,0.17824959095472082,0.018744832744723425,0.17824959095472082,0.01874248949416802,1.7763568394002505e-15,0.007026889178636554,0.1787444133979995,0.01868641894706522,0.1787444133979995,0.018684082998690937,1.7763568394002505e-15,0.006190051205189149,0.1784221026563227,0.018857721160260493,0.17875288286988916,0.018703695863205798,0.17997642533330632,0.018273795142141384,0.018283726843553134
4000,3847,0.20012606540171246,0.018682165112715643,0.20012606540171246,0.018679829696103895,8.881784197001252e-16,0.009661682643530336,0.20097911928388884,0.01862274418280071,0.20097911928388884,0.01862041619426948,1.7763568394002505e-15,0.010476125658715727,0.20121435131076426,0.018747322580603312,0.20099926468779755,0.01864156873962358,0.2015441147544465,0.018806996946990014,0.018817121641692733
4000,3848,0.196005796619116,0.018099237416860543,0.196005796619116,0.018096974870765465,1.7763568394002505e-15,0.01567014303911104,0.19499239182911748,0.017979646045597545,0.19499239182911748,0.0179773984493583,8.881784197001252e-16,0.016608630134952236,0.19506563379302516,0.01810625947978218,0.19498438498683596,0.017989076094743237,0.19391572543444335,0.01886586278877989,0.018853540112006604
4000,3849,0.15899094960367993,0.017881810855969554,0.15899094960367993,0.017879575489893447,8.881784197001252e-16,0.0029128529969606166,0.1571249298439199,0.017718489963251583,0.1571249298439199,0.017716275013563168,8.881784197001252e-16,0.003853206733180423,0.1566029432906093,0.017810480434839435,0.157035112217504,0.017727141890633267,0.1549028857189496,0.01777763423861118,0.017836742893054904
4000,3850,0.18058124582775087,0.018383662639141787,0.18058124582775087,0.018381364537671575,1.7763568394002505e-15,0.005945937672672815,0.1816604063472846,0.018332646041761685,0.1816604063472846,0.018330354317764763,8.881784197001252e-16,0.00575476387123553,0.18213499022168278,0.018504389223249717,0.1816661401818464,0.018340342132344374,0.18160307036305434,0.018837512978677036,0.018832196285975076
4000,3851,0.1937462926871309,0.018205217172615064,0.1937462926871309,0.018202941378222443,8.881784197001252e-16,0.013028017689841033,0.19351443958130926,0.018019915692130198,0.19351443958130926,0.01801766306187049,1.7763568394002505e-15,0.01474572606842711,0.19301059370814172,0.01812881480891441,0.19350633438026038,0.018028772177313343,0.19377474960641278,0.01806574587013146,0.01805097399676536
4000,3852,0.19706540194171174,0.01828446319453285,0.19706540194171174,0.018282177493768304,8.881784197001252e-16,0.016341786427910444,0.19766312466053337,0.01815753098372845,0.19766312466053337,0.01815526115048204,1.7763568394002505e-15,0.01652610681279341,0.19878515769739596,0.018304300364417075,0.197656971335472,0.018172267558215015,0.19776430421068053,0.018527423250177574,0.018517579137251234
4000,3853,0.1777350064183288,0.01828959216085867,0.1777350064183288,0.01828730581893326,1.7763568394002505e-15,0.016602060973483646,0.17764218041902202,0.018217199773212258,0.17764218041902202,0.018214922480900942,1.7763568394002505e-15,0.018012474279957752,0.1779292361287424,0.018337715716055043,0.17766783279247778,0.01822795002114022,0.17872150255471148,0.01877778391898391,0.018733717591007754
4000,3854,0.17205396502490072,0.018861206874458344,0.17205396502490072,0.018858849076227435,1.7763568394002505e-15,0.008602490829268459,0.17210547328418513,0.018715583672538918,0.17210547328418513,0.018713244078346073,1.7763568394002505e-15,0.007497375156549162,0.17165096069736402,0.018773424759595068,0.17211746071027895,0.018735292679030284,0.1725609769571323,0.018406833974716964,0.018407470609465345
4000,3855,0.174658936410181,0.018663015797523986,0.174658936410181,0.018660682774726253,1.7763568394002505e-15,0.0012781038664338765,0.1741366339647175,0.018522934510477464,0.1741366339647175,0.01852061899893514,1.7763568394002505e-15,0.001434431048239114,0.17302422478131824,0.018652889428149414,0.1740790693757538,0.018540180360446693,0.17275766104419654,0.018106292954646636,0.01810939140165791
4000,3856,0.2138137666305976,0.01924702579565542,0.2138137666305976,0.019244619767044776,1.7763568394002505e-15,0.008110645762994856,0.2128825703155547,0.019005626986698578,0.2128825703155547,0.019003251134825216,1.7763568394002505e-15,0.008996174656591173,0.21456604945821384,0.01932120471001431,0.21291257428772387,0.019033843395011473,0.21183168783418593,0.018186870713856995,0.01821801241628835
4000,3857,0.15676555313146773,0.01810478716064667,0.15676555313146773,0.018102523920790255,8.881784197001252e-16,0.0066914898302736486,0.1575364772127371,0.01805834682407185,0.1575364772127371,0.018056089389620368,1.7763568394002505e-15,0.007642869356330832,0.1583506147603247,0.018143359664854343,0.15749502226352152,0.018071842995541317,0.15746552390640145,0.018336576357485614,0.018339381582948313
4000,3858,0.206817844285415,0.017765332618475068,0.206817844285415,0.017763111813088744,8.881784197001252e-16,0.012590000551618475,0.2074606027057992,0.01769725496755374,0.2074606027057992,0.017695042672405705,1.7763568394002505e-15,0.012227506104502985,0.2084759459591588,0.01783759868130495,0.20742716595258331,0.017702654480125087,0.20803778853858967,0.01766556833366248,0.017604408625143318
4000,3859,0.17734892532420848,0.01752188947092055,0.17734892532420848,0.01751969909782981,8.881784197001252e-16,0.00620930247661213,0.1766826590379133,0.01746383270900961,0.1766826590379133,0.017461649593467736,1.7763568394002505e-15,0.00574270954161423,0.1774352531047792,0.017563732634149936,0.17662961101987557,0.01747157128684941,0.17653158213455689,0.017510769419391014,0.01754819950244165
4000,3860,0.20153433967191886,0.018095727816267667,0.20153433967191886,0.018093465708900084,1.7763568394002505e-15,0.009460829272084668,0.20137281889766512,0.017992524665849188,0.20137281889766512,0.017990275459681786,8.881784197001252e-16,0.009261039472006847,0.20054366158136405,0.018117024900083583,0.20129696012232373,0.018006713519927345,0.20336124764651847,0.017591725845559,0.017564630778014137
4000,3861,0.17265390850102807,0.018384265325392005,0.17265390850102807,0.018381967148581303,3.552713678800501e-15,0.012510190110206756,0.1716798876051569,0.01835092554145023,0.1716798876051569,0.018348631532373018,3.552713678800501e-15,0.012792143393254704,0.17135770199541556,0.01852510523074676,0.17169987113323748,0.01836516596841962,0.17079903647788414,0.018128869229469987,0.018192157053106745
4000,3862,0.18416409117754884,0.018856985726586173,0.18416409117754884,0.01885462845603173,1.7763568394002505e-15,0.010402457801298903,0.18338376095153752,0.018728476376213898,0.18338376095153752,0.018726135170332357,8.881784197001252e-16,0.01054622234923883,0.1842772747264581,0.01897707422760692,0.18334283090732656,0.01874800945904826,0.1844841741710445,0.018097687588097346,0.018123979879756513
4000,3863,0.18956422262544903,0.01784036986475305,0.18956422262544903,0.01783813967912464,1.7763568394002505e-15,0.00880273937119806,0.18944481940082314,0.01780932123218327,0.18944481940082314,0.017807094927876528,1.7763568394002505e-15,0.008243436785197067,0.1888760677641827,0.017889618358541547,0.1894411453791187,0.01781566740299247,0.18791616053696292,0.018219893972008818,0.018224559231282897
4000,3864,0.1888075303683867,0.018199601579552666,0.1888075303683867,0.01819732648715306,8.881784197001252e-16,0.010317509929031401,0.1884142508747999,0.018124625422851048,0.1884142508747999,0.018122359703056853,1.7763568394002505e-15,0.009025731268800661,0.18849279697759158,0.01824644053407411,0.1884071309889757,0.018139763297704538,0.18833100515528445,0.018565061000506946,0.018582080555641665
4000,3865,0.19335112812916427,0.01831782307400236,0.19335112812916427,0.01831553320299223,8.881784197001252e-16,0.014582808040593472,0.19320581468620773,0.01818243458292338,0.19320581468620773,0.018180161636532487,1.7763568394002505e-15,0.01329728391190427,0.1929640841218231,0.0183036819844972,0.19323598800028124,0.018189066475877636,0.19162722136246774,0.017955998346794722,0.01789783889089828
4000,3866,0.1710119846546307,0.01813653717844187,0.1710119846546307,0.018134269969585157,1.7763568394002505e-15,0.01081915794452941,0.17191422290608416,0.01804058542849202,0.17191422290608416,0.018038330214353762,1.7763568394002505e-15,0.009032882811186612,0.17138872025394009,0.018181607956756645,0.17189623219647265,0.0180504607301536,0.17388737592424286,0.017268961128016704,0.017343080345209035
4000,3867,0.1878903975544639,0.018389490412442595,0.1878903975544639,0.018387191582455185,8.881784197001252e-16,0.004165203273111265,0.18705170575843066,0.01822771911555263,0.18705170575843066,0.01822544050824133,1.7763568394002505e-15,0.004798511587869763,0.18661943520728153,0.01829698069539366,0.18702073518827322,0.01824142102347819,0.1877303328972602,0.017638256233338416,0.017630077232841452
4000,3868,0.16494371180410605,0.018787639792562445,0.16494371180410605,0.01878529119079159,1.7763568394002505e-15,0.009176959896896502,0.16520260134734605,0.018694957576511514,0.16520260134734605,0.018692620560741835,1.7763568394002505e-15,0.009673880838751167,0.1631845214056719,0.018841151279182216,0.1652631548530446,0.018716784237228914,0.1648675622380245,0.01877920364146595,0.01871635782161418
4000,3869,0.18561605478889964,0.017982357701325526,0.18561605478889964,0.01798010976610813,8.881784197001252e-16,0.00567375855450519,0.18606267807088223,0.017961078264800034,0.18606267807088223,0.017958832989678465,1.7763568394002505e-15,0.005491101198622543,0.1843345520823675,0.018124085368698847,0.18605450203287205,0.017972973415754646,0.18431726820943567,0.0181968234280413,0.018230311473565675
4000,3870,0.2284091300301681,0.01865267225904258,0.2284091300301681,0.01865034052926798,1.7763568394002505e-15,0.008666775687326917,0.2296232555983706,0.018487308739449145,0.2296232555983706,0.01848499768140656,1.7763568394002505e-15,0.009297374491321246,0.2284606144218257,0.018633797045279437,0.2296551616688624,0.018504543074988375,0.22880314168637716,0.018664888792176686,0.018726932835410395
4000,3871,0.17581479737484534,0.018480964280795625,0.17581479737484534,0.01847865401585994,1.7763568394002505e-15,0.013860313329949503,0.17652556052350465,0.018359875989063055,0.17652556052350465,0.018357580861109956,1.7763568394002505e-15,0.012020518488491708,0.17629241514378424,0.018516845768687007,0.176545492585578,0.018381156955171583,0.17624358323289635,0.018004831107734383,0.018007549700732865
4000,3872,0.18549968976049463,0.018082521910254525,0.18549968976049463,0.01808026145372838,1.7763568394002505e-15,0.016753578107071527,0.18461941859683167,0.017995409313137374,0.18461941859683167,0.01799315974636652,8.881784197001252e-16,0.015902007607448698,0.18529045586909215,0.018091102800239307,0.18458654484831338,0.018002302991902978,0.18663243859506395,0.018431955949043045,0.018432384049271375
4000,3873,0.1801225870277371,0.018572239488760536,0.1801225870277371,0.018569917813710677,8.881784197001252e-16,0.006662450812411631,0.18009503845434316,0.018481403989565413,0.18009503845434316,0.0184790936696627,1.7763568394002505e-15,0.005521909627838369,0.18090170801131727,0.01862281289406694,0.1800813106427096,0.018502752162607505,0.18023813645740572,0.018100828865209848,0.01810115327552482
4000,3874,0.20314719167679635,0.01763492003614776,0.20314719167679635,0.017632715533353206,8.881784197001252e-16,0.009129920014717305,0.20421783563763996,0.01754521238810698,0.20421783563763996,0.01754301909946936,8.881784197001252e-16,0.01016015287070795,0.20239130561388363,0.017687727377430927,0.2041180240784694,0.017556730025282654,0.20533834223057001,0.017827206890908477,0.017799735832663265
4000,3875,0.17752371608052508,0.019125511754037854,0.17752371608052508,0.01912312091563186,8.881784197001252e-16,0.014117190423842945,0.17544201454167924,0.018889078513347108,0.17544201454167924,0.018886717230943564,3.552713678800501e-15,0.014925086949556472,0.17567969230437402,0.018993773453547042,0.175432186752371,0.01891329552360673,0.1769651361621687,0.018140216727930765,0.018184606102676908
4000,3876,0.19626033264175846,0.017629338791972312,0.19626033264175846,0.017627134986876885,8.881784197001252e-16,0.007251787623442299,0.19541179736198422,0.01753463886400716,0.19541179736198422,0.017532446897142666,8.881784197001252e-16,0.00670846830544191,0.1955660164213111,0.01764943618352482,0.19527498338594274,0.01754475924960835,0.19777776319051227,0.01750958151234648,0.01749551390562615
4000,3877,0.18009468296267328,0.01778599916149066,0.18009468296267328,0.017783775772624986,8.881784197001252e-16,0.012073259797392166,0.1804794665940272,0.017728171867263613,0.1804794665940272,0.01772595570726155,8.881784197001252e-16,0.010717005309029552,0.17975126174033068,0.017849903375407115,0.18040436427716666,0.017737709748263237,0.17943842132891336,0.01753646396153765,0.01753927317639917
4000,3878,0.15727747937304848,0.01829758065877895,0.15727747937304848,0.018295293318228885,8.881784197001252e-16,0.007864258687321617,0.15607248731822154,0.018168363104147617,0.15607248731822154,0.01816609191680152,3.552713678800501e-15,0.009683007654069025,0.15690948016436784,0.018462729402820028,0.15603120624618172,0.018178023298883968,0.15603707162555214,0.01814028881685878,0.018178604235142677
4000,3879,0.22860596246424536,0.01823485277287162,0.22860596246424536,0.01823257327379741,1.7763568394002505e-15,0.00796148606342288,0.22949113147227596,0.018183987179039858,0.22949113147227596,0.018181714038562315,1.7763568394002505e-15,0.008064643459923554,0.22954254131374868,0.018309152527118473,0.22947781724292982,0.018194205640366657,0.23070372933810418,0.01855597768550774,0.018703679471935634
4000,3880,0.2169612133237961,0.01912112032407448,0.2169612133237961,0.019118730034631545,1.7763568394002505e-15,0.015738115852266355,0.21675730228330853,0.019008280127202067,0.21675730228330853,0.019005903943665414,1.7763568394002505e-15,0.016600732932088087,0.21596237747855634,0.019158209224022737,0.2168109057022825,0.01902219259663303,0.2166367672274559,0.01892127759149291,0.018977667181805352
4000,3881,0.1597772047231908,0.01914579801989617,0.1597772047231908,0.019143404645548437,8.881784197001252e-16,0.006052410777078121,0.15880180534077226,0.018867420592142213,0.15880180534077226,0.018865062017148042,8.881784197001252e-16,0.006856266791552559,0.15982785759442725,0.018953265557188473,0.1588271360806196,0.018886904184434467,0.15855920000606893,0.018415161451322052,0.018384301506048344
4000,3882,0.1989392349849033,0.019340589745268588,0.1989392349849033,0.019338172020433184,3.552713678800501e-15,0.0071988913679352775,0.198881048826765,0.019348490079252198,0.198881048826765,0.019346071366813315,3.552713678800501e-15,0.007431326301389738,0.2013395865567914,0.020010796419135873,0.19889653123019352,0.01938987882062599,0.19953940352862493,0.018862931253561713,0.01911409825487651
4000,3883,0.20718623161910527,0.018821357602427608,0.20718623161910527,0.018819004785667066,1.7763568394002505e-15,0.005746042355992455,0.20821049071067693,0.018785090457215468,0.20821049071067693,0.018782742174131447,1.7763568394002505e-15,0.005704812577740022,0.20766940997549815,0.018922384469751384,0.2082227472019062,0.01881000057128058,0.20684771551140557,0.017944364520086603,0.017966342972962082
4000,3884,0.1461565783983767,0.018132197178288737,0.1461565783983767,0.018129930511965955,8.881784197001252e-16,0.005898513097413008,0.14723059031465202,0.01796766120961407,0.14723059031465202,0.017965415111572965,1.7763568394002505e-15,0.005808599353264563,0.14691592141787402,0.018060593501743903,0.14724787888817115,0.017980358462212218,0.14754905301065474,0.017747082306690195,0.017785578292066014
4000,3885,0.19351877791220057,0.018008574069908172,0.19351877791220057,0.018006322857439864,8.881784197001252e-16,0.00890649596352764,0.1943894077560565,0.017857100380948197,0.1943894077560565,0.01785486810387454,8.881784197001252e-16,0.00988263925270901,0.1944587362125213,0.017930301957481087,0.194368693068583,0.017866324174566253,0.19474975798708377,0.01777738008813275,0.01778745697152599
4000,3886,0.1573763754489944,0.018194498442155895,0.1573763754489944,0.018192223987688334,1.7763568394002505e-15,0.013142195846437612,0.15740549437976914,0.018076666965285208,0.15740549437976914,0.01807440724067293,8.881784197001252e-16,0.013084763934706029,0.15814918649349258,0.018174148106007242,0.157403936174368,0.018088357617861796,0.1577044890581758,0.018375420235561973,0.0183785103177909
4000,3887,0.20793399613750296,0.017577169335128047,0.20793399613750296,0.017574972051622353,1.7763568394002505e-15,0.009802289541628914,0.2054793700029608,0.01746023609598045,0.2054793700029608,0.017458053430043304,1.7763568394002505e-15,0.008467158716875409,0.20591494185472803,0.017669184624013554,0.20541483832655405,0.01746502406210416,0.20513777255483906,0.01812056167618223,0.01810641222261297
4000,3888,0.18570595715703875,0.017845474181913738,0.18570595715703875,0.0178432433582058,8.881784197001252e-16,0.004581564239468834,0.18564287480342528,0.017779672859254126,0.18564287480342528,0.017777450261225663,1.7763568394002505e-15,0.004605241766684995,0.18536921846821153,0.017932724625028155,0.1856276534938599,0.01778832187807,0.18572913286934195,0.017848177850566936,0.017816090700348623
4000,3889,0.164249619358806,0.0183141279074783,0.164249619358806,0.01831183849839285,1.7763568394002505e-15,0.017585507926753143,0.16474653060937394,0.01815152757380237,0.16474653060937394,0.018149258491029108,1.7763568394002505e-15,0.01924493632601625,0.16483390819077903,0.018300697528796907,0.16478908696204608,0.018163498221519723,0.1645965462298239,0.01842834533635179,0.01843788603309783
4000,3890,0.21460443250914257,0.01901248815787932,0.21460443250914257,0.01901011144830595,8.881784197001252e-16,0.014721411297350958,0.2134401782473757,0.01885074317039256,0.2134401782473757,0.01884838668020642,1.7763568394002505e-15,0.015323865587899993,0.2148356649955231,0.01899687732212936,0.21346466618607718,0.018872994356915782,0.21568124127657856,0.018700506396749434,0.018986246901671482
4000,3891,0.23297003296947666,0.018465885559053888,0.23297003296947666,0.01846357717907624,1.7763568394002505e-15,0.008927935763802014,0.23271777960483453,0.01842959801083335,0.23271777960483453,0.01842729416708276,8.881784197001252e-16,0.008910654597901661,0.23288488599235385,0.018568218036935626,0.23270680474954092,0.018452764789154284,0.23324848550760835,0.018690192169000832,0.01871201582522768
4000,3892,0.1777919035408354,0.018830256573719898,0.1777919035408354,0.01882790264451841,8.881784197001252e-16,0.012044511693641792,0.177739728235698,0.01873896911202086,0.177739728235698,0.018736626594465358,8.881784197001252e-16,0.012442905686156778,0.1780102915157734,0.018839870680489822,0.17776312734576993,0.018758667455221853,0.17617338746557482,0.01850903993459266,0.01847733932042708
4000,3893,0.1698308202373795,0.01822905423610436,0.1698308202373795,0.018226775461892556,1.7763568394002505e-15,0.003613075775029871,0.1692937845505028,0.018085152555704025,0.1692937845505028,0.018082891770326643,8.881784197001252e-16,0.0038728810337183674,0.16745536159905927,0.01815563372054055,0.1692790180934673,0.018103680868243172,0.16735163361785527,0.018114238911092317,0.018109238971414195
4000,3894,0.16886307608844087,0.018323750220826333,0.16886307608844087,0.018321459608876534,8.881784197001252e-16,0.01846352737175947,0.16919784616818268,0.018253185836668625,0.16919784616818268,0.0182509040458182,1.7763568394002505e-15,0.0167272965359913,0.1686530363056763,0.018374176043403072,0.16918726010350366,0.018267866642917636,0.16879571257793435,0.017896273956878674,0.01794508786597695
4000,3895,0.17885683097112604,0.018038829729568304,0.17885683097112604,0.018036574734906132,1.7763568394002505e-15,0.011211940276384025,0.17966685896364615,0.018012659438392403,0.17966685896364615,0.01801040771522111,1.7763568394002505e-15,0.012038415517330791,0.17832768379588232,0.01806472163528929,0.17964772847136828,0.01801763359804235,0.17904344718932313,0.018491196831993732,0.01851434348877782
4000,3896,0.19166012714994962,0.018258369564621593,0.19166012714994962,0.01825608712576467,1.7763568394002505e-15,0.00988003419060397,0.19406177515364487,0.018129713584091066,0.19406177515364487,0.018127447228236962,1.7763568394002505e-15,0.010907464678760085,0.19482642355833812,0.018246471313982215,0.19405954273491816,0.018139491690054903,0.1949973389075919,0.01788917969904097,0.017940504357617803
4000,3897,0.14886081247792488,0.01804452212944426,0.14886081247792488,0.018042266423187625,8.881784197001252e-16,0.00943825065011745,0.1511676627644199,0.017924140455942105,0.1511676627644199,0.017921899798335257,1.7763568394002505e-15,0.00946635618088835,0.15091208556383845,0.01803762458092388,0.15114945497197424,0.01793904743655081,0.1529872668763641,0.017866075522471984,0.017885977427809865
4000,3898,0.2161143341030941,0.02023526526314212,0.2161143341030941,0.020232735696876458,3.552713678800501e-15,0.014885107008416937,0.21774041938520122,0.020250985202994412,0.21774041938520122,0.020248453671613438,8.881784197001252e-16,0.013421345577927271,0.22028973649293987,0.02034830643026779,0.2178303602501065,0.020297136049874497,0.21558809655747252,0.019746322604519168,0.020254309294170065
4000,3899,0.19452430500945012,0.01846742212588758,0.19452430500945012,0.018465113553827073,1.7763568394002505e-15,0.01345879728292632,0.1937947884592217,0.018181748476306204,0.1937947884592217,0.018179475615684,1.7763568394002505e-15,0.014719293923699814,0.1931627868797266,0.018289749678764424,0.1937869686363186,0.018192467997938305,0.19311874436645488,0.01840048966050374,0.018250252834142174
4000,3900,0.1758752150347746,0.01750094299396794,0.1758752150347746,0.01749875523935048,8.881784197001252e-16,0.014155661841505334,0.17582820208462369,0.01745651023862544,0.17582820208462369,0.017454328038449575,8.881784197001252e-16,0.012402028236241902,0.17490517343774842,0.017524635529488373,0.17576251319630481,0.0174618009162455,0.17560473718587888,0.017806784318306578,0.017854164679484173
4000,3901,0.15444134996660186,0.018605935910140373,0.15444134996660186,0.01860361002277456,8.881784197001252e-16,0.009333109043114608,0.15435146749871603,0.01842971144098399,0.15435146749871603,0.018427407583053744,8.881784197001252e-16,0.009000054491929286,0.1547356644002636,0.01854435109700687,0.15432586689325783,0.018440899137686487,0.15522372371302828,0.017781310500930417,0.017869959427792938
4000,3902,0.1895390069065348,0.017957279152909112,0.1895390069065348,0.017955034352706217,8.881784197001252e-16,0.010131511889844222,0.18833838261301028,0.017862290377631592,0.18833838261301028,0.0178600574517678,8.881784197001252e-16,0.00957025587701995,0.18771211703788887,0.017980176209125964,0.18828082024492404,0.017868495443331786,0.18794590369789155,0.018205758083769095,0.01820724665721606
4000,3903,0.21382900766747992,0.018657866397121494,0.21382900766747992,0.01865553401803905,8.881784197001252e-16,0.009048404477954491,0.21197445341572602,0.0184863006412285,0.21197445341572602,0.018483989709206068,1.7763568394002505e-15,0.008449354216567933,0.21182083098327753,0.01870059198794471,0.21190921280776553,0.01850703662855581,0.21072858325324356,0.017990807996546326,0.01807480217881956
4000,3904,0.16698927086727033,0.017946062247469453,0.16698927086727033,0.01794381884946738,1.7763568394002505e-15,0.004403305334810426,0.1674115619641967,0.017876923743674535,0.1674115619641967,0.01787468898852565,1.7763568394002505e-15,0.004498088301286416,0.16766771208307463,0.01793370698326182,0.16741891446838597,0.017886666823415612,0.16785198931830025,0.01751655812141489,0.017634405679005705
4000,3905,0.1715182130403406,0.018245504708902346,0.1715182130403406,0.018243223878252907,1.7763568394002505e-15,0.010562821843377342,0.1709099507470226,0.018168265285244893,0.1709099507470226,0.01816599411012692,8.881784197001252e-16,0.01090174992882863,0.1713209849427913,0.018326844373181245,0.17092820973197415,0.018180349469544443,0.17157216260791752,0.018176065428431927,0.018177915213648477
4000,3906,0.21353059750426773,0.019078823381236183,0.21353059750426773,0.019076438379241584,3.552713678800501e-15,0.010351635550129693,0.2145466906910447,0.019040294168261085,0.2145466906910447,0.019037913982719156,1.7763568394002505e-15,0.012816282609436909,0.21448925356150184,0.019174353509980577,0.2145516619194482,0.019066116372621164,0.21431269056344332,0.018187273881762986,0.018242094049270824
4000,3907,0.17142461442463724,0.01787460191511969,0.17142461442463724,0.017872367450217516,1.7763568394002505e-15,0.016827749553115556,0.17377190117393426,0.017757930024119843,0.17377190117393426,0.017755710144115654,8.881784197001252e-16,0.016082152257100586,0.17287467217192015,0.017839480500182366,0.1737477613476155,0.01776460349964238,0.17425422023440185,0.017865011133101308,0.017963501164363415
4000,3908,0.22081638498928907,0.018718270263412988,0.22081638498928907,0.01871593033337529,1.7763568394002505e-15,0.015163039465802953,0.22191059240334976,0.0186455209416787,0.22191059240334976,0.018643190105874646,3.552713678800501e-15,0.014204439437407377,0.22123075915880602,0.01876920002581539,0.2219382380359825,0.01866364223241478,0.2221478752155629,0.018845673150691678,0.018866432169975352
4000,3909,0.1576942480237244,0.01775632902288075,0.1576942480237244,0.017754109343014225,1.7763568394002505e-15,0.007704363006302285,0.15885560668603232,0.017631343025388914,0.15885560668603232,0.017629138969748652,1.7763568394002505e-15,0.007879457300030297,0.15965683445776868,0.01772946713339191,0.15883441623663414,0.017641839986026104,0.15803998096907462,0.017615632295772014,0.01765647170706438
4000,3910,0.1934911706250545,0.018488003647348837,0.1934911706250545,0.018485692502437333,1.7763568394002505e-15,0.019109285634904,0.1943971824983085,0.018406049407778884,0.1943971824983085,0.01840374850778767,1.7763568394002505e-15,0.018770614303117016,0.1936551679734479,0.018561310568026693,0.1944391157744551,0.018430119839691474,0.19521884461623684,0.018774008599399223,0.01880582043130604
4000,3911,0.17575270174364432,0.017766308732995777,0.17575270174364432,0.01776408780558751,8.881784197001252e-16,0.012308779028591958,0.1763625957462464,0.017628992790008256,0.1763625957462464,0.017626789028165783,1.7763568394002505e-15,0.015633340436887324,0.17648806197705363,0.017711375486747012,0.1763271906261364,0.017636891220089962,0.1763597752166186,0.018001223087596933,0.018010949060416837
4000,3912,0.18623277185476195,0.018268440193248883,0.18623277185476195,0.018266156495484694,1.7763568394002505e-15,0.01137124364692906,0.1856921094526892,0.018123681042033674,0.1856921094526892,0.018121415440294462,8.881784197001252e-16,0.010972330712431495,0.18586836384331806,0.018289960251194587,0.18572502976954075,0.018132196037549498,0.1864597321771812,0.017999251831179074,0.01802005984062012
4000,3913,0.1889922852305324,0.01834887506701976,0.1889922852305324,0.018346581314267873,8.881784197001252e-16,0.012271918903951467,0.1899355772883357,0.0183065776375527,0.1899355772883357,0.018304289172309987,1.7763568394002505e-15,0.013048029761380595,0.18926468404078806,0.018409633079972162,0.1899136256137579,0.018318644152248702,0.18984440406675318,0.018457086166072913,0.01845136392954419
4000,3914,0.16869049507926703,0.01788797384714337,0.16869049507926703,0.01788573771064521,1.7763568394002505e-15,0.0049833635793006545,0.16826623052517425,0.017791882447584638,0.16826623052517425,0.01778965832326223,8.881784197001252e-16,0.006414396410880107,0.16895981618567063,0.01791403095725082,0.1682579337941424,0.017801958554882046,0.16864527422928027,0.017841741345273245,0.018024013769824182
4000,3915,0.20645639219732032,0.018160984669964738,0.20645639219732032,0.018158714404980562,8.881784197001252e-16,0.017771494228029445,0.20682207416906845,0.018060251603571907,0.20682207416906845,0.01805799393100811,1.7763568394002505e-15,0.017695153275167314,0.20719068604090674,0.018128055793582558,0.20677800634861682,0.018069236117514924,0.20684812923452806,0.01822874020603596,0.01820489943919865
4000,3916,0.1649434821902397,0.01864760324344438,0.1649434821902397,0.018645272147336335,8.881784197001252e-16,0.011821565413673562,0.1651289051867983,0.018469697578364985,0.1651289051867983,0.018467388721855136,1.7763568394002505e-15,0.011319584646037559,0.16545943871341745,0.018696787514009452,0.1651709120269904,0.01848906082441515,0.16546850944662195,0.01825867493870985,0.0182440037233293
4000,3917,0.21588418185729102,0.01835181732229061,0.21588418185729102,0.018349523201733824,8.881784197001252e-16,0.009311523312337507,0.2137590516215357,0.018073442135797774,0.2137590516215357,0.01807118281431438,3.552713678800501e-15,0.010765473399947142,0.2138274273921142,0.01808351989283287,0.21376947510092298,0.018096147696713288,0.21442043944383615,0.01819091381505433,0.01818865251360122
4000,3918,0.21393899920583032,0.018080914789277598,0.21393899920583032,0.01807865453365413,1.7763568394002505e-15,0.007225654043181609,0.2138508442719405,0.018005787083868192,0.2138508442719405,0.018003536219794912,8.881784197001252e-16,0.006760882420668219,0.21331234174539943,0.018149708518426576,0.21383108065299267,0.018017253526388045,0.21523491103325942,0.01798236116069451,0.017938893540030483
4000,3919,0.19996932216323687,0.017865684134182425,0.19996932216323687,0.017863450784072546,8.881784197001252e-16,0.01519388356976963,0.19974003672287505,0.017809774339979823,0.19974003672287505,0.017807547979031068,8.881784197001252e-16,0.015733395773534494,0.1996800292456017,0.01791681584841371,0.199727200804396,0.017818490874110617,0.19651717176116112,0.018238714449629465,0.018265759841098055
4000,3920,0.21459928386178728,0.018273989217396813,0.21459928386178728,0.01827170482596125,8.881784197001252e-16,0.00734910017011836,0.215092816876572,0.01821178606355834,0.215092816876572,0.01820950944800303,8.881784197001252e-16,0.006894400132298939,0.21616294598220814,0.018391155303861182,0.2150859868983126,0.0182260790676011,0.21493154083704674,0.017975944369007638,0.017989585102986497
4000,3921,0.18964780490822386,0.018281283823692592,0.18964780490822386,0.018278998520374245,1.7763568394002505e-15,0.008503745160299888,0.1893906299336845,0.018162776399433804,0.1893906299336845,0.018160505910469443,1.7763568394002505e-15,0.008947697988717751,0.19028436269903898,0.018431915516070724,0.18935327914281386,0.018177748066126456,0.1899644650826734,0.01794943989203571,0.017950855695597855
4000,3922,0.18277284686856377,0.018417502782501854,0.18277284686856377,0.018415200450749312,1.7763568394002505e-15,0.0018227187940680998,0.18302206087551848,0.018265057676325375,0.18302206087551848,0.01826277440140223,1.7763568394002505e-15,0.0018173125159454517,0.1816965158146056,0.01848063306490262,0.18301107253881777,0.018282495344769303,0.18250103031459985,0.01827127407589866,0.01825281704682222
4000,3923,0.22027209726739433,0.018776080048918436,0.22027209726739433,0.018773732892205852,8.881784197001252e-16,0.006770501596082145,0.22002310788244128,0.01864700181294279,0.22002310788244128,0.018644670792018255,8.881784197001252e-16,0.007558055670349158,0.22074748188027538,0.018833381235868314,0.22001660939187517,0.018657543076344305,0.2223514662488134,0.018748725349449546,0.018796766192928305
4000,3924,0.1692990451876496,0.017812857507498916,0.1692990451876496,0.017810630761130132,1.7763568394002505e-15,0.006109043857923808,0.16833384260083822,0.01774075185982501,0.16833384260083822,0.017738534127225578,8.881784197001252e-16,0.006126722830840412,0.1668593197815058,0.01787914421339155,0.16830091381561185,0.017749278244594248,0.16870002759208297,0.01806399610804204,0.01809287214453029
4000,3925,0.20326237623946308,0.018444681045031865,0.20326237623946308,0.018442375315784153,1.7763568394002505e-15,0.015467007137907504,0.204698353284111,0.018362339684313066,0.204698353284111,0.018360044248378813,8.881784197001252e-16,0.01380622770974939,0.206032247020473,0.018492005454886613,0.20464768465602617,0.01837957348890404,0.20509473243269172,0.0179676982840175,0.01796504762398158
4000,3926,0.205977206588989,0.018353655782693882,0.205977206588989,0.01835136143231518,1.7763568394002505e-15,0.011022190972599063,0.2044243823221678,0.01824340218850707,0.2044243823221678,0.01824112162068911,8.881784197001252e-16,0.011551402049244696,0.2040641245376817,0.018352268318721547,0.20441740324310737,0.018260918611876356,0.20468826102070126,0.018493407964787725,0.018558687633934867
4000,3927,0.1991779493000962,0.018719018109328134,0.1991779493000962,0.018716678085803858,1.7763568394002505e-15,0.008270267943246994,0.1997706224381367,0.018631376151438915,0.1997706224381367,0.018629047083844164,1.7763568394002505e-15,0.00836692056608181,0.19957798067290522,0.018768358018614047,0.19974605587277983,0.018651261928812564,0.1984091124149771,0.018356593413965585,0.018338603978603894
4000,3928,0.156064655246608,0.01781839334577636,0.156064655246608,0.017816165907384537,8.881784197001252e-16,0.013882186202726986,0.15544502319630088,0.01766914883035991,0.15544502319630088,0.017666940048698627,8.881784197001252e-16,0.012454636945259848,0.15561223479524405,0.0177496677340343,0.15543456519277526,0.017674856322704796,0.15540064718284874,0.017651044989013865,0.017805907609416635
4000,3929,0.21179028573133835,0.017663654013883097,0.21179028573133835,0.01766144591911682,8.881784197001252e-16,0.007698870912845017,0.2144912130033047,0.0174603022241298,0.2144912130033047,0.017458119549926116,8.881784197001252e-16,0.007166404709374367,0.21576430814957898,0.01756847918234127,0.21443314659891338,0.0174662450163718,0.21555997349685602,0.01729866525166022,0.0172422768195434
4000,3930,0.16112520072555853,0.018062690656808007,0.16112520072555853,0.018060432679343492,8.881784197001252e-16,0.015904381145536748,0.1623721100642515,0.017932400761035062,0.1623721100642515,0.017930159070825537,8.881784197001252e-16,0.014257109874765488,0.1616614920971185,0.018076936799530124,0.16234199064545296,0.017940806253204062,0.1609662515376598,0.01799184888648336,0.01801812762863809
4000,3931,0.18649769432288604,0.0193447357397379,0.18649769432288604,0.01934231749662079,8.881784197001252e-16,0.0060958839887969105,0.18668447564646173,0.01916235486263898,0.18668447564646173,0.01915995941855654,1.7763568394002505e-15,0.006735876259457792,0.1857079340478287,0.01953160803313081,0.18673501876699256,0.019179432387090436,0.18606261037216376,0.01864130371960572,0.01864340182836152
4000,3932,0.20223437046057552,0.01821220754962355,0.20223437046057552,0.018209930881379188,1.7763568394002505e-15,0.005252859461565693,0.20190793267975599,0.018125218565135357,0.20190793267975599,0.01812295277119374,1.7763568394002505e-15,0.005834836475569772,0.20258232956104072,0.018164887757228045,0.20188502085087418,0.018133696671630516,0.20062959354068732,0.018412487090920866,0.01835133352225137
4000,3933,0.195470848860815,0.018471378048232703,0.195470848860815,0.01846906898165099,1.7763568394002505e-15,0.010876021344531295,0.19339366920619744,0.01818458138086352,0.19339366920619744,0.01818230816610611,1.7763568394002505e-15,0.01130718563616671,0.19365776119398137,0.018263273513344048,0.193411767496397,0.018195715134632716,0.19393277479708482,0.018798896982072,0.018793698260305976
4000,3934,0.17636838346963069,0.01850013764769964,0.17636838346963069,0.018497824985943278,1.7763568394002505e-15,0.020261220046501216,0.17609661933755588,0.01840401372203937,0.17609661933755588,0.018401713076524783,1.7763568394002505e-15,0.01944356988444442,0.17375625297121244,0.018487783951416543,0.1761094164640834,0.01841864824550022,0.1748619700307547,0.01830316623622366,0.018280743220203947
4000,3935,0.2015204095687711,0.01825216662704078,0.2015204095687711,0.01824988496359952,1.7763568394002505e-15,0.011699083410577764,0.20205876727204375,0.018174353192277812,0.20205876727204375,0.018172081256123893,1.7763568394002505e-15,0.012453995742713029,0.20069647492428588,0.018296417408338227,0.2021212410937443,0.01818185950665921,0.2015670935516607,0.01827925278967491,0.018223037353315645
4000,3936,0.173960587770286,0.01762202228697808,0.173960587770286,0.01761981939650295,8.881784197001252e-16,0.006120359902960257,0.17389637699165117,0.017561642229262875,0.17389637699165117,0.017559446886766732,8.881784197001252e-16,0.006855995150243174,0.17315631405474308,0.017787501535428078,0.17387772640036592,0.017567446688584485,0.17276772914194005,0.0174906269334271,0.017540085644456707
4000,3937,0.22377178938286013,0.018588553155320382,0.22377178938286013,0.01858622944093474,8.881784197001252e-16,0.0157646942443815,0.22286483391923273,0.01852575760254741,0.22286483391923273,0.018523441738096516,1.7763568394002505e-15,0.016627597884070845,0.22326272917691198,0.018638118280888332,0.2228763095068183,0.018546051067679366,0.222666147671695,0.018759020772581354,0.018821281681087508
4000,3938,0.17791347046560135,0.0182934929895345,0.17791347046560135,0.018291206159975027,1.7763568394002505e-15,0.006518806209504627,0.17750121093795695,0.01814107537017418,0.17750121093795695,0.018138807594008037,8.881784197001252e-16,0.006346436733186454,0.1776803577044933,0.018194108985722414,0.17745060190090145,0.01815388863947815,0.17976781635071726,0.01792653143188813,0.017921762993420687
4000,3939,0.1970184304841504,0.017990834610780593,0.1970184304841504,0.01798858561588328,8.881784197001252e-16,0.016009961426835292,0.1960749123349736,0.01787601604136778,0.1960749123349736,0.017873781399688773,8.881784197001252e-16,0.015231418654279058,0.19488389174472803,0.018024739865867667,0.19606851987177776,0.017883725749531565,0.19517645444836473,0.01778356425219597,0.017703256244198756
4000,3940,0.17510037069772555,0.018214694920682676,0.17510037069772555,0.018212417941497496,1.7763568394002505e-15,0.013660704498493792,0.1742712663382956,0.018100022821647688,0.1742712663382956,0.018097760177370876,8.881784197001252e-16,0.013696336238741814,0.1738079421694964,0.01819154948876298,0.1742784619948896,0.018107620828844127,0.17675069440328328,0.01888722025010526,0.018911299707185653
4000,3941,0.2077553355703795,0.018448095637138333,0.2077553355703795,0.018445789481039924,1.7763568394002505e-15,0.005327080353911329,0.2066608241703426,0.018262495212507654,0.2066608241703426,0.01826021225791251,8.881784197001252e-16,0.0067410745489679055,0.20677111561297118,0.018511422777508904,0.20670885163656372,0.018281780608124108,0.20680724188964766,0.018968706126404937,0.01893609858069533
4000,3942,0.20841144575460946,0.018569137718396547,0.20841144575460946,0.018566816431092224,3.552713678800501e-15,0.012340095886729945,0.20942152463536218,0.018720202367102687,0.20942152463536218,0.018717862195536936,8.881784197001252e-16,0.011190891847913843,0.2069063596350939,0.018983601314381798,0.20946835888884424,0.018750012285023047,0.21012384709266835,0.01913498560603842,0.01976284172192156
4000,3943,0.16397522692657546,0.018648768989912502,0.16397522692657546,0.018646437748077043,8.881784197001252e-16,0.011249865940822446,0.16377080969812363,0.018589303304777222,0.16377080969812363,0.01858697949661704,8.881784197001252e-16,0.012570405052585141,0.16391458449107355,0.018637319592648072,0.16379229517988708,0.018598374624491047,0.16426798970362821,0.019099894670846208,0.019096002797159107
4000,3944,0.18686239771116564,0.018535374989357225,0.18686239771116564,0.018533057922657834,1.7763568394002505e-15,0.006545347653697854,0.1862944481257474,0.018475424070434655,0.1862944481257474,0.018473114498068554,1.7763568394002505e-15,0.007004661590406326,0.18638996104597494,0.018616582509764997,0.18625239390994258,0.018491329950634565,0.18582868611800069,0.017874545734444972,0.01788024740360214
4000,3945,0.15937552762054547,0.018282735048919092,0.15937552762054547,0.018280449564186254,1.7763568394002505e-15,0.0093156327102946,0.15810645200981704,0.018149098701194338,0.15810645200981704,0.018146829922049128,1.7763568394002505e-15,0.009184728187034967,0.15883501395425087,0.018262132127293645,0.1581117627368161,0.018161566241896118,0.15734730807519565,0.018196832267341118,0.01825807912807467
4000,3946,0.16525326046537336,0.018801245340213667,0.16525326046537336,0.018798895037643048,1.7763568394002505e-15,0.014581983963984368,0.16524054988441705,0.01862502187389178,0.16524054988441705,0.01862269360063137,8.881784197001252e-16,0.013653661678038208,0.16373835335720183,0.01871397924133777,0.16527718659254537,0.018646844565665746,0.16593485538879155,0.01884038944757856,0.018839485356777517
4000,3947,0.20019361701817256,0.018429807018643884,0.20019361701817256,0.018427503148765685,1.7763568394002505e-15,0.011368579217089907,0.19971518885395667,0.018341037283938755,0.19971518885395667,0.018338744510971,1.7763568394002505e-15,0.011745015821605564,0.1995982950091716,0.018481484022638238,0.19971176271744823,0.01835258584317277,0.19987306915909536,0.018344634026887276,0.0183462679443566
4000,3948,0.2190981134784904,0.019259363563174592,0.2190981134784904,0.019256955992246607,3.552713678800501e-15,0.004807233241837108,0.21960611673312735,0.01922858553554343,0.21960611673312735,0.01922618181210938,1.7763568394002505e-15,0.005705007845869284,0.22014243486843865,0.019370473609179963,0.21962559846055008,0.019278459998061024,0.21679738114850766,0.01887421806345353,0.01882759437785916
4000,3949,0.19939924941500348,0.019039721865006232,0.19939924941500348,0.019037341751006683,3.552713678800501e-15,0.003157967099828597,0.1991636705752276,0.018929405540702812,0.1991636705752276,0.018927039217105753,1.7763568394002505e-15,0.0031268389231761235,0.2004816615959602,0.019108752073602336,0.19920465854255065,0.01895080527238061,0.19888528750933326,0.019051351724978658,0.019198349688471453
4000,3950,0.19506607075731497,0.018450283617090068,0.19506607075731497,0.01844797718747707,1.7763568394002505e-15,0.006821571178555539,0.19523081561206101,0.018376500906147827,0.19523081561206101,0.0183742036999502,1.7763568394002505e-15,0.006671143081022026,0.19453845766326794,0.01846554209561449,0.19520353749166475,0.018390226576731342,0.1953632690815426,0.017908231639613068,0.01794165316770751
4000,3951,0.1756487284949596,0.018156921131803484,0.1756487284949596,0.018154651374793333,8.881784197001252e-16,0.019091239052441023,0.1756148569516301,0.018058504968694,0.1756148569516301,0.018056247514473208,1.7763568394002505e-15,0.02059745362987825,0.17587279106721143,0.018127285680745328,0.17557738835955516,0.018071939919117604,0.17664513773229312,0.017829506409251163,0.017820175348069588
4000,3952,0.16629821639336156,0.019227413307095983,0.16629821639336156,0.01922500973019965,3.552713678800501e-15,0.005858243862038049,0.16747226433310808,0.019149475330930706,0.16747226433310808,0.01914708149689036,1.7763568394002505e-15,0.005613383197125256,0.1652535744251315,0.019350713496661804,0.16749938584632018,0.01917181627773089,0.16792670047455138,0.018726194346030945,0.018730577349250134
4000,3953,0.18838005011638864,0.01767061139165561,0.18838005011638864,0.017668402427162742,1.7763568394002505e-15,0.007527528149717259,0.18811093298195408,0.017655169250624377,0.18811093298195408,0.0176529622165198,8.881784197001252e-16,0.008167537449613892,0.18627895551303625,0.017784980259316747,0.1880483089240204,0.017671057281313747,0.18753298784899758,0.017958763076685428,0.017961502222435057
4000,3954,0.20639111699155616,0.018081672294788697,0.20639111699155616,0.018079411944471123,1.7763568394002505e-15,0.00783942937042556,0.2055124347388233,0.017984820552633958,0.2055124347388233,0.017982572309540902,1.7763568394002505e-15,0.00865437197217204,0.2056123663421871,0.018056062734545224,0.20554284345828921,0.0179989566907581,0.20736015913016148,0.01847968556286438,0.01849833925559803
4000,3955,0.21169505775094294,0.017622777331791167,0.21169505775094294,0.017620574346929534,8.881784197001252e-16,0.009822207730789444,0.21193188767938737,0.017495377638174426,0.21193188767938737,0.01749319057926993,8.881784197001252e-16,0.00974442693036499,0.21163765751958508,0.01755882804176334,0.21192963642320578,0.017494825922624788,0.21158458491852233,0.017880613653390436,0.017436280470492727
4000,3956,0.17630590580860328,0.01843180890885603,0.17630590580860328,0.018429504788725914,1.7763568394002505e-15,0.020093944005809997,0.17684744148445575,0.01830167775920949,0.17684744148445575,0.018299389906489855,1.7763568394002505e-15,0.01910844468577569,0.17749103476995293,0.018439408781461736,0.17688726522467274,0.01831623286299428,0.17734867388363224,0.018585304490651055,0.018570990480949564
4000,3957,0.21646671344927138,0.017727522300720423,0.21646671344927138,0.01772530622191925,8.881784197001252e-16,0.005763882967602292,0.2158558443688453,0.017662853365547973,0.2158558443688453,0.017660645370868987,1.7763568394002505e-15,0.00591183426487935,0.21633788285422834,0.017771033673179584,0.21583668202964745,0.017670712910207536,0.21586160812260602,0.017942255713175044,0.01796502759243186
4000,3958,0.17997879520665006,0.020027562627525686,0.17997879520665006,0.02002505902571235,3.552713678800501e-15,0.004901613610240127,0.17863655920310456,0.019817656454941376,0.17863655920310456,0.019815179093039707,8.881784197001252e-16,0.0037630098318262124,0.17843829870149697,0.020476844867172165,0.178685105011962,0.01985612273341821,0.17825284821957638,0.01965837115452591,0.01969165871800765
4000,3959,0.20043254801045157,0.018673091135163487,0.20043254801045157,0.01867075685286983,8.881784197001252e-16,0.008819099722459851,0.20077723818572674,0.018495055371802006,0.20077723818572674,0.018492743345369846,1.7763568394002505e-15,0.007970893450424127,0.20039444653005006,0.018613605368503015,0.20081093325166943,0.018515900842086867,0.20167369027918625,0.018662679064634993,0.01862904765253433
4000,3960,0.20937868313160957,0.018158042361052472,0.20937868313160957,0.0181557724638799,1.7763568394002505e-15,0.01056910220198956,0.20897744026031956,0.018064608480782954,0.20897744026031956,0.018062350263575458,1.7763568394002505e-15,0.01109167339880053,0.2096482855454811,0.01816996188536913,0.20895561063344348,0.01807829759429612,0.20961784501040343,0.01813247229664969,0.018121085019888274
4000,3961,0.19419704261680726,0.017759636349876696,0.19419704261680726,0.017757416256568456,8.881784197001252e-16,0.016241419379677526,0.19367274545558788,0.01769080798395632,0.19367274545558788,0.017688596494731607,1.7763568394002505e-15,0.013842153550438305,0.19354577807422235,0.017777149717478142,0.19362918357877373,0.01770044991800045,0.19529202087300634,0.01758275861053236,0.0175073006896578
4000,3962,0.2038989701123441,0.018089684663843565,0.2038989701123441,0.018087423311917258,1.7763568394002505e-15,0.009843041109089892,0.2032610414932403,0.01795511078200699,0.2032610414932403,0.017952866252867402,1.7763568394002505e-15,0.008921289701124076,0.20398638952819653,0.018036626236241114,0.2032174866866711,0.017959724233515478,0.203656098141615,0.018015609301999764,0.01772079657441396
4000,3963,0.16110174007561573,0.019210446979850124,0.16110174007561573,0.019208045523877264,3.552713678800501e-15,0.005441020480379585,0.16108408447409983,0.019074348651177995,0.16108408447409983,0.019071964208559618,3.552713678800501e-15,0.005020529609115632,0.15962751426790123,0.01933494150353373,0.16109570393370176,0.019107359288396544,0.1598636925697109,0.018180990568872256,0.018171670194588863
4000,3964,0.1882446778993534,0.01774825518644983,0.1882446778993534,0.017746036515875946,8.881784197001252e-16,0.010052414816751476,0.18851065076864382,0.01765059161142708,0.18851065076864382,0.017648385149563166,1.7763568394002505e-15,0.008888380634889398,0.18893633804478904,0.01774588577150396,0.18847866127833984,0.017655985596967343,0.18928011370505526,0.017472622761855305,0.01744135088097986
4000,3965,0.19805370712819903,0.018177024127775904,0.19805370712819903,0.01817475185773418,8.881784197001252e-16,0.00992948945369461,0.19705558578250382,0.018069146575031524,0.19705558578250382,0.01806688779052679,8.881784197001252e-16,0.009420625990519842,0.19735511451223509,0.018180675119851313,0.19696376358290457,0.018083089122705658,0.19719850820224516,0.01755454223210926,0.017554947306792766
4000,3966,0.2080446296883392,0.018284138998876355,0.2080446296883392,0.0182818533386388,8.881784197001252e-16,0.01609369509801766,0.20586828645467892,0.018107001663770272,0.20586828645467892,0.018104738147083667,1.7763568394002505e-15,0.019657565070587545,0.20663151611497882,0.018277528135324156,0.20590233182277334,0.01811362390273608,0.20674766340192058,0.018329407310547968,0.018438950607229502
4000,3967,0.19451387514638646,0.018120880792994915,0.19451387514638646,0.018118615541308714,8.881784197001252e-16,0.006025422947748415,0.1945031329312526,0.018061042074226524,0.1945031329312526,0.018058784302847714,1.7763568394002505e-15,0.007921683377599102,0.19430039496295287,0.018170990603571423,0.19450230762069892,0.01807330277939437,0.19475872419874762,0.018370546165164685,0.018347507022235615
4000,3968,0.19820302299323606,0.018438216423301134,0.19820302299323606,0.018435911502181646,1.7763568394002505e-15,0.012678712597371874,0.19700676039637544,0.018274224659851453,0.19700676039637544,0.018271940238983743,8.881784197001252e-16,0.01236082345911862,0.1965776089624902,0.01833212673991698,0.19702124879936067,0.018287975555250198,0.19678263722302236,0.01857026923884945,0.01856093516374955
4000,3969,0.19781781167864138,0.018582202326148493,0.19781781167864138,0.01857987940566612,8.881784197001252e-16,0.010559940938533982,0.19766237332248116,0.018506556327916354,0.19766237332248116,0.01850424286377482,8.881784197001252e-16,0.01043630293940476,0.19764545998309774,0.018567005853997225,0.19763087977817362,0.018521035719896477,0.19563520666230227,0.01801573053878849,0.018020995598060877
4000,3970,0.18956349858238014,0.0192478596663387,0.18956349858238014,0.019245453533487705,1.7763568394002505e-15,0.007373263723863939,0.1883341367435888,0.018998261450167468,0.1883341367435888,0.018995886519043725,1.7763568394002505e-15,0.007859359279588567,0.18895687017581125,0.019198021601580188,0.188387418667457,0.019020505453500227,0.18852486342033592,0.019080439439065327,0.01907717718138967
4000,3971,0.21768049058584948,0.01785417857685903,0.21768049058584948,0.017851946665033713,8.881784197001252e-16,0.009777950294549144,0.21657619590249277,0.017792057105431195,0.21657619590249277,0.017789832959275192,8.881784197001252e-16,0.009899315150544609,0.2157076298755602,0.01786402786517836,0.21661229960414413,0.017789309983165587,0.21463936032334358,0.018191870723721214,0.018086143458217782
4000,3972,0.14792801693750024,0.01796954559320046,0.14792801693750024,0.017967299259596684,1.7763568394002505e-15,0.008437496135097294,0.14795084713933393,0.01787545581931046,0.14795084713933393,0.017873221247663593,8.881784197001252e-16,0.009039122606697071,0.1481685140515689,0.018005114252057308,0.14789993468704088,0.017887291762510058,0.14919318683277716,0.01742416611256202,0.01766650484912188
4000,3973,0.17824786902902084,0.01745451609529742,0.17824786902902084,0.01745233414440505,8.881784197001252e-16,0.008765742401304202,0.17790699741989402,0.017372187806029765,0.17790699741989402,0.017370016146816825,8.881784197001252e-16,0.009441508755496604,0.17779967322460832,0.01740482703039411,0.17787887762628868,0.01738194177344283,0.17752988451085122,0.017745060985092407,0.017768646877920933
4000,3974,0.18816603522606085,0.018328184759499256,0.18816603522606085,0.018325893593197473,1.7763568394002505e-15,0.010371588128993426,0.18773259766219674,0.018175624486274005,0.18773259766219674,0.0181733523911984,8.881784197001252e-16,0.01013185079218182,0.18787382375014833,0.018258265905976782,0.1877427169725438,0.018189502848493057,0.18885411159288323,0.01823151482059527,0.018244300737773722
4000,3975,0.21887965467257625,0.018009704062875415,0.21887965467257625,0.018007452709149153,1.7763568394002505e-15,0.005157901413810328,0.21918708799273973,0.017932598990454036,0.21918708799273973,0.017930357275464288,8.881784197001252e-16,0.0051167254499623884,0.2186905422134905,0.018029424719714648,0.21912143829718095,0.017944403404268273,0.22074859168531558,0.017786115918184194,0.017773654547768938
4000,3976,0.17790229338958707,0.01786851425170375,0.17790229338958707,0.017866280547807065,1.7763568394002505e-15,0.014388410380806937,0.17724350066585404,0.01768310874383177,0.17724350066585404,0.017680898217072232,8.881784197001252e-16,0.014905595648959158,0.1776260624384165,0.01784883766083513,0.1772041630670766,0.01768970165397525,0.17763737563914722,0.017524177407151606,0.017534842291513763
4000,3977,0.18314734751207912,0.01938595081746216,0.18314734751207912,0.019383527422138305,1.7763568394002505e-15,0.008024086253062326,0.1832507130571206,0.019294203557785473,0.1832507130571206,0.01929179163158594,3.552713678800501e-15,0.007393396458712968,0.18387919431078875,0.019367955286356826,0.1832684049962821,0.019333888607098764,0.18339971177362963,0.019209075357410704,0.019184090714368936
4000,3978,0.14021610002162344,0.01785590551231639,0.14021610002162344,0.01785367338461065,1.7763568394002505e-15,0.012448411067839695,0.1396451131952387,0.01779376492073781,0.1396451131952387,0.017791540561091546,1.7763568394002505e-15,0.013978867582135877,0.1391330539661647,0.017894360716962685,0.13963313825042356,0.017811709118754036,0.1397324888175317,0.017847631979324208,0.017873280616276094
4000,3979,0.17469137427700931,0.019573686264637197,0.17469137427700931,0.019571239400915576,1.7763568394002505e-15,0.012710359216054202,0.17506933658389584,0.019514220530672255,0.17506933658389584,0.019511781100632015,1.7763568394002505e-15,0.013139908327583763,0.17388055230918786,0.019398496292344806,0.17514412792427547,0.019561088671983733,0.1771626663380652,0.01977243393894603,0.01956051921593719
4000,3980,0.17295358652677423,0.018715601309107228,0.17295358652677423,0.01871326171270967,8.881784197001252e-16,0.010118130039979932,0.17254147431098554,0.01859572616594129,0.17254147431098554,0.01859340155487327,1.7763568394002505e-15,0.009646807736621077,0.17289990449831438,0.018734916523153202,0.17256079642664318,0.018612672234858955,0.1722470573863153,0.018468961923715013,0.01839876270477188
4000,3981,0.1999629540681646,0.019421422907489452,0.1999629540681646,0.019418995077877185,1.7763568394002505e-15,0.015457386052481571,0.19993771607030503,0.019244470782829683,0.19993771607030503,0.019242065073615602,1.7763568394002505e-15,0.014428362989818177,0.19943361550559469,0.019333464244532195,0.20001704251481223,0.019271728205256265,0.1994512175865752,0.01886864296084573,0.018969335243832926
4000,3982,0.1802286974028829,0.01824036282345754,0.1802286974028829,0.018238082635583956,1.7763568394002505e-15,0.012230377694903443,0.18073365191820523,0.018091587447284216,0.18073365191820523,0.018089325857495113,8.881784197001252e-16,0.011652269979210724,0.17800464421023182,0.018140007049748465,0.1807107762707651,0.018103688389177426,0.18090295187813504,0.018437831143738953,0.0184126516362967
4000,3983,0.20451169814762488,0.019287608233373058,0.20451169814762488,0.01928519713164061,3.552713678800501e-15,0.016418320280086385,0.20568648789050487,0.019277716363298582,0.20568648789050487,0.019275306498127184,8.881784197001252e-16,0.015540783797523208,0.20757010074094095,0.019583937696050803,0.20577532266199128,0.0193143501581493,0.20446750665659408,0.019178916724610456,0.01938386161664494
4000,3984,0.18924778638136602,0.01896957861387744,0.18924778638136602,0.018967207268332342,8.881784197001252e-16,0.013694125901432028,0.18822607056339696,0.018762826101846347,0.18822607056339696,0.018760480601980715,8.881784197001252e-16,0.013338564961208875,0.18794198962884384,0.019007723632521352,0.18824182723199373,0.0187829551709448,0.18969047194657063,0.018160983601229197,0.018136732484525075
4000,3985,0.2009519815361006,0.017720285438595402,0.2009519815361006,0.017718070264458537,1.7763568394002505e-15,0.006845018602535066,0.20182460599802982,0.017617719290182677,0.20182460599802982,0.017615516937615767,1.7763568394002505e-15,0.006434268053665998,0.2026564901578709,0.017716737196987475,0.20176510411026888,0.017625375167841923,0.20226532860745766,0.017820771182422417,0.017791365098886156
4000,3986,0.18526023993705426,0.01875161485320526,0.18526023993705426,0.018749270754833302,1.7763568394002505e-15,0.01982127754391201,0.18432618723662086,0.018508345910412626,0.18432618723662086,0.018506032222559296,3.552713678800501e-15,0.01755007288373256,0.18352901047770126,0.018591994461073878,0.18436375376184333,0.01853494115334407,0.1847544646014342,0.018957484821335805,0.01927547087189289
4000,3987,0.17838547934867865,0.018762748836981268,0.17838547934867865,0.018760403346774344,1.7763568394002505e-15,0.012444186281200035,0.17877242021985873,0.01859088596251011,0.17877242021985873,0.01858856195650534,1.7763568394002505e-15,0.012010293518873708,0.18064401980130707,0.01882268373031809,0.17878311114280265,0.018608045534431468,0.18022072771448855,0.01913977993681553,0.01918869066186733
4000,3988,0.22453083643671246,0.019888515829518286,0.22453083643671246,0.01988602960964114,1.7763568394002505e-15,0.005809868047773796,0.22354776941842425,0.019612618093253195,0.22354776941842425,0.0196101663627488,1.7763568394002505e-15,0.006291982804522951,0.22474334449249472,0.019732243284839756,0.22365891753076295,0.019638116038663354,0.2198810992288454,0.019073625062456634,0.01845503843186853
4000,3989,0.1778007738635275,0.01767249551653567,0.1778007738635275,0.01767028631651247,4.440892098500626e-16,0.003840253287961639,0.17714326861674728,0.017583480207044568,0.17714326861674728,0.017581282134630574,8.881784197001252e-16,0.003640996317048734,0.1762084915863299,0.017647493226886246,0.17709377786616642,0.017591061638563544,0.17537480459619292,0.017849313946950367,0.017884828580714912
4000,3990,0.17753607012206696,0.02184752951832856,0.17753607012206696,0.021844798406433608,1.7763568394002505e-15,0.010653420960355828,0.17851207456981555,0.0222340836539355,0.17851207456981555,0.02223130421975326,8.881784197001252e-16,0.011895379590942301,0.18099969364847351,0.023316142918643926,0.17868177924467793,0.02235343340787107,0.1830576108386195,0.025796641065001517,0.027530506676729884
4000,3991,0.20399537904413134,0.021243982852493144,0.20399537904413134,0.021241327188647217,3.552713678800501e-15,0.010433665497939826,0.2026104828375369,0.021164535796326354,0.2026104828375369,0.021161890063983207,1.7763568394002505e-15,0.012155453219485607,0.20245964219739843,0.02139069916510283,0.20269408663433797,0.021238474917420716,0.2021204415193441,0.020224635383824706,0.020611829191699557
4000,3992,0.20506874432625044,0.018064448769158088,0.20506874432625044,0.018062190571915795,1.7763568394002505e-15,0.014134850622145749,0.20441457115860118,0.01802296914972501,0.20441457115860118,0.018020716137759244,1.7763568394002505e-15,0.01306880626170996,0.2054413923025139,0.018159410981517406,0.20437187927637418,0.018035498322910758,0.20525742878869996,0.018086939359417225,0.018026738890002746
4000,3993,0.17771693204748623,0.01892913123387718,0.17771693204748623,0.018926764944570622,1.7763568394002505e-15,0.004989832525892001,0.1770093146379294,0.018834571706985707,0.1770093146379294,0.018832217238358845,1.7763568394002505e-15,0.00518647143887134,0.1772150566706744,0.01901557664516259,0.1770171158440289,0.018856033036275737,0.17753287736160772,0.017771983669030374,0.017775877896782453
4000,3994,0.1712883000758617,0.017591802471658397,0.1712883000758617,0.017589603358896304,8.881784197001252e-16,0.00954237334891468,0.1715393161453327,0.017530678364473872,0.1715393161453327,0.017528486892702765,8.881784197001252e-16,0.010497195805007874,0.17200686426143985,0.01764825199688205,0.17147008663711838,0.017540601909669395,0.17102939355023267,0.017894489493913254,0.017951653414248446
4000,3995,0.18182889526416485,0.018924401230869244,0.18182889526416485,0.01892203553285002,8.881784197001252e-16,0.004446156695290593,0.18279153978605717,0.01887290051055743,0.18279153978605717,0.018870541250530646,3.552713678800501e-15,0.00444626749683751,0.18268927911558597,0.019086939894231585,0.1827652999039031,0.01889724917087686,0.18183928915193914,0.01767690015709336,0.017679474435407707
4000,3996,0.14148316208084794,0.01966302036718438,0.14148316208084794,0.01966056233600193,3.552713678800501e-15,0.0022739402551032366,0.14181758996076776,0.019535993962009814,0.14181758996076776,0.01953355181012053,8.881784197001252e-16,0.001964152284644562,0.1436394081863404,0.019755596784908028,0.14186473076824047,0.019579685883703346,0.1400810748745665,0.019017712244737067,0.018733864002632012
4000,3997,0.1816263697603535,0.017708475271091737,0.1816263697603535,0.017706261573318092,8.881784197001252e-16,0.007791684287178242,0.17929934156421068,0.017531580518811048,0.17929934156421068,0.0175293889342636,8.881784197001252e-16,0.00886784876418331,0.17909507289010435,0.01762982057689226,0.17922396321314038,0.017536990490729154,0.17920326023054456,0.017357679477380462,0.01741903634826009
4000,3998,0.213782323526093,0.018109674154693643,0.213782323526093,0.01810741030392479,8.881784197001252e-16,0.011967206436807418,0.2145770852827797,0.017945522789606472,0.2145770852827797,0.01794327945904085,8.881784197001252e-16,0.013732946672425856,0.2168658697131376,0.01814472938791705,0.2145615287959114,0.017960445622644046,0.21505708146177643,0.01805087965320582,0.01800813443649147
4000,3999,0.18511064006989286,0.01857963276302636,0.18511064006989286,0.018577310163759454,3.552713678800501e-15,0.009909356956720591,0.18574550900048842,0.018476730835915656,0.18574550900048842,0.018474421100193667,1.7763568394002505e-15,0.010965788702658893,0.18574865122246603,0.018604458917277394,0.18569000071577485,0.018503165778262377,0.18555646177780638,0.017738732673905917,0.01777028449652144
4000,4000,0.21177644701511766,0.018501815086064386,0.21177644701511766,0.018499502214615125,8.881784197001252e-16,0.009108954238321854,0.21052601099507984,0.018490742497621206,0.21052601099507984,0.018488431010332016,8.881784197001252e-16,0.009451173155223059,0.2110083016289948,0.018585773852647484,0.21051630402525046,0.018505787891101085,0.21231354322886953,0.018142592956074562,0.01803274281728098
