n,seed,lib_cv_psi,lib_cv_se,lib_cv_recomp_psi,lib_cv_recomp_se,lib_cv_ic_maxdiff,lib_cv_min_gpi,lib_in_psi,lib_in_se,lib_in_recomp_psi,lib_in_recomp_se,lib_in_ic_maxdiff,lib_in_min_gpi,own_cv_psi,own_cv_se,own_in_psi,own_in_se,oracle_psi,oracle_se,eif_se
2000,1001,0.18599626651238815,0.02631620632057728,0.18599626651238815,0.026309626446410026,1.3322676295501878e-15,0.012199394475788404,0.18367877076646116,0.025909498138957106,0.18367877076646116,0.02590301995454807,8.881784197001252e-16,0.012769441362158232,0.18395413276664857,0.02622156710627081,0.18360906469122057,0.02594919093866792,0.18563452068474123,0.02603829400314756,0.02605819422125506
2000,1002,0.22573923823130715,0.0290905623624687,0.22573923823130715,0.029083288812570666,8.881784197001252e-16,0.01264563192618496,0.2240375918367974,0.028571796957884147,0.2240375918367974,0.028564653115552733,8.881784197001252e-16,0.01156602515756361,0.22654319007741047,0.029068835692204083,0.2242778906746582,0.0287490632567577,0.2227230130945686,0.028024352020640943,0.02911633535109516
2000,1003,0.17164636216161805,0.02544490704987787,0.17164636216161805,0.025438545027763205,8.881784197001252e-16,0.02124477440062462,0.17086671303844064,0.02529575935299253,0.17086671303844064,0.02528943462246411,8.881784197001252e-16,0.021953710736504872,0.17130336045157057,0.025655970730696167,0.1708543289070677,0.02532385639301862,0.17029436609022097,0.025465325453661147,0.02542525165951417
2000,1004,0.13576364836922172,0.025243644719896992,0.13576364836922172,0.025237333019655844,8.881784197001252e-16,0.01720338318812659,0.13733430758938775,0.025020137550404806,0.13733430758938775,0.025013881733942377,8.881784197001252e-16,0.015695049588148786,0.1342530148677895,0.025389679694703,0.13718726210256593,0.025041864884114737,0.13848228517824696,0.025329141341078817,0.02537528806614996
2000,1005,0.18381719049286205,0.026125582795553322,0.18381719049286205,0.0261190505832258,8.881784197001252e-16,0.014640138315566318,0.18474342681177186,0.025745320315879956,0.18474342681177186,0.025738883181058526,8.881784197001252e-16,0.01423458009453965,0.18177641842307757,0.026119779018623022,0.1847335566554545,0.02578997629387732,0.18515640249060866,0.026069674514032398,0.02607588686369036
2000,1006,0.17096052507062154,0.02612883205799935,0.17096052507062154,0.026122299033254654,8.881784197001252e-16,0.016201291843216975,0.17435287698722557,0.026013282277671187,0.17435287698722557,0.026006778143983403,8.881784197001252e-16,0.015618962821975843,0.17217705148415857,0.02631004665076498,0.17436106530781154,0.026056291135995464,0.17284802377673136,0.02627353024701938,0.026174614465144762
2000,1007,0.14020652051914884,0.025397467061147736,0.14020652051914884,0.025391116900513117,8.881784197001252e-16,0.01577453048432095,0.1415257591518138,0.025266909912365826,0.1415257591518138,0.02526059239509934,8.881784197001252e-16,0.015682607212344227,0.1405275435700633,0.02551016833241851,0.14146907119451618,0.025311331327092474,0.137365846557582,0.024968875772551517,0.024959233982166564
2000,1008,0.23992568735359643,0.025709660958469233,0.23992568735359643,0.025703232739601792,8.881784197001252e-16,0.008256347183174346,0.23778196757257802,0.025512971765365124,0.23778196757257802,0.025506592724944026,1.7763568394002505e-15,0.00960509585536498,0.23721202729819324,0.025772180590096942,0.2377662983898272,0.025541923661438624,0.24104769849733543,0.026798224798221987,0.026981796291565247
2000,1009,0.18202696279842362,0.02765224635363053,0.18202696279842362,0.027645332427693323,3.552713678800501e-15,0.009201288690178042,0.18190122754542593,0.02715428641220107,0.18190122754542593,0.02714749699181436,8.881784197001252e-16,0.009294676251244964,0.18060073197401683,0.027904043991366097,0.18212690481507993,0.027231272137706982,0.1802215215029132,0.02633353392740474,0.026355732730043872
2000,1010,0.2054317463961609,0.025678819276265436,0.2054317463961609,0.02567239876878259,1.7763568394002505e-15,0.034203051095507614,0.20358267347225978,0.025362210605678687,0.20358267347225978,0.02535586926025998,8.881784197001252e-16,0.031664763637245845,0.20377612234445824,0.025700777126242295,0.2036251994952451,0.025390717414156543,0.20182317317005266,0.027055262251064714,0.027045679967757242
2000,1011,0.18510023115842478,0.02625511606663416,0.18510023115842478,0.02624855146693994,8.881784197001252e-16,0.007660223579330024,0.1843579245135819,0.02607137839249617,0.1843579245135819,0.026064859732963724,1.7763568394002505e-15,0.008026046571591589,0.18060789700756896,0.026470738435150656,0.18427591227181767,0.026100030294753853,0.18381459659528676,0.02485360495846485,0.02490637895680647
2000,1012,0.20642034108096347,0.02730269430293374,0.20642034108096347,0.027295867775935435,8.881784197001252e-16,0.005627708100547746,0.20869673380560683,0.02696361970912139,0.20869673380560683,0.02695687796137028,1.7763568394002505e-15,0.005588075141745467,0.20561972173332943,0.027351872959591385,0.20882385235045958,0.02702529146143774,0.20986548335186,0.026033590670794263,0.026070678452083027
2000,1013,0.18520371553904708,0.02715042694473596,0.18520371553904708,0.027143638489336756,8.881784197001252e-16,0.007287643791997452,0.1847228622869579,0.02669152576675319,0.1847228622869579,0.026684852050992726,1.7763568394002505e-15,0.00865163530768303,0.18672318920579195,0.02748933736966282,0.18464269334134725,0.026780676407854073,0.1836025552753836,0.025791476826758686,0.025860139352104558
2000,1014,0.19753842711382552,0.027636604735437314,0.19753842711382552,0.027629694720393578,3.552713678800501e-15,0.01478473750316797,0.1987106292966786,0.027333505638220245,0.1987106292966786,0.02732667140742503,3.552713678800501e-15,0.01619295131418382,0.19780132835868564,0.02776667832227726,0.1987235978948848,0.027458545422256207,0.19919145235687785,0.028024742920480822,0.02842199147076885
2000,1015,0.15733565507367336,0.025859355852721186,0.15733565507367336,0.02585289020545105,1.7763568394002505e-15,0.023815890902818784,0.15790147758311535,0.025204351905246426,0.15790147758311535,0.02519805002943715,1.7763568394002505e-15,0.020876776970877076,0.16015685459021983,0.02573200046871238,0.15781234412821182,0.025238755415372113,0.15832878233460795,0.025813547235788766,0.025928247360662876
2000,1016,0.15750706343582238,0.024929859095905962,0.15750706343582238,0.024923625851879065,8.881784197001252e-16,0.011247916191863936,0.15734567320693676,0.024690272464868556,0.15734567320693676,0.024684099124988368,8.881784197001252e-16,0.010627583223188613,0.15636160763177137,0.02489144693053177,0.15733968185990882,0.024715169035546037,0.1552983580703794,0.024528326753828347,0.02459769035884108
2000,1017,0.15714736249389055,0.02491615701547585,0.15714736249389055,0.024909927197397357,8.881784197001252e-16,0.012851684971710743,0.15689868457965161,0.024653859026042176,0.15689868457965161,0.024647694790659903,8.881784197001252e-16,0.014584500461698003,0.15646057633587335,0.024870884574399725,0.1567132588630471,0.024676717085391427,0.158971385936164,0.02398312279673653,0.024224546252522624
2000,1018,0.1840297398760894,0.025783520990481458,0.1840297398760894,0.02577707430429731,8.881784197001252e-16,0.004921858981441283,0.18549344575054655,0.02540760024727292,0.18549344575054655,0.025401247553025034,1.7763568394002505e-15,0.00546156361441924,0.18321284818667344,0.025673463290424522,0.1854115297706202,0.025433009128217395,0.1874184176469223,0.024275650790239023,0.024281026779921337
2000,1019,0.20809934602295477,0.02519194180817541,0.20809934602295477,0.025185643035278312,8.881784197001252e-16,0.017841492085752496,0.20950622627181759,0.024915301771212598,0.20950622627181759,0.024909072166971895,1.7763568394002505e-15,0.017710979471204563,0.20693427752923332,0.025318509515781386,0.20949562668876015,0.024949928089164877,0.20639568848014922,0.025530785762122806,0.025501333293638764
2000,1020,0.1868454527252264,0.026185019539444895,0.1868454527252264,0.026178472466073542,1.7763568394002505e-15,0.015397684753987338,0.18765279199416485,0.025764703175560136,0.18765279199416485,0.02575826119441792,8.881784197001252e-16,0.014555693765974858,0.18554738887491573,0.026065388283167738,0.18751471415178544,0.02581061871467721,0.18632148058318815,0.02472477987519604,0.024747536501651377
2000,1021,0.2549201117577246,0.02615214568644059,0.2549201117577246,0.026145606832560044,1.7763568394002505e-15,0.003813812703583965,0.25481382763268745,0.025559533400777577,0.25481382763268745,0.025553142718492218,1.3322676295501878e-15,0.004288011543902688,0.25559672350782014,0.02588944264387581,0.2547616580061525,0.025597210926728793,0.25703097762623917,0.025866306145352666,0.02556189789614684
2000,1022,0.17992244729327184,0.025791479254735006,0.17992244729327184,0.025785030578736035,1.3322676295501878e-15,0.010953880373821629,0.18173680333585934,0.025366071914278743,0.18173680333585934,0.02535972960341219,8.881784197001252e-16,0.014510948072750359,0.1817788000609442,0.02565912707727919,0.18172501628372567,0.025408210826355776,0.18555324861876094,0.02647944190173673,0.026330972933076752
2000,1023,0.20296296020480759,0.025823469189794293,0.20296296020480759,0.025817012515311627,8.881784197001252e-16,0.02684470264959675,0.20283236383895054,0.025528515131496638,0.20283236383895054,0.025522132204748162,1.7763568394002505e-15,0.022384145758272477,0.20343113140246544,0.025803758340770953,0.20282690751857507,0.025549467045616364,0.2028003207474588,0.026091110178954924,0.026039490201283978
2000,1024,0.15504469239521246,0.026007059481331158,0.15504469239521246,0.026000556903536975,8.881784197001252e-16,0.012559731911306446,0.15723476289065053,0.025726688470056127,0.15723476289065053,0.025720255993778546,1.7763568394002505e-15,0.012268268118654677,0.16080407100691313,0.026237787598527178,0.15710881266249122,0.02579311069079939,0.15449465524477263,0.024766854291344016,0.024759586026626222
2000,1025,0.19959485080847317,0.02564606968819764,0.19959485080847317,0.02563965736913549,8.881784197001252e-16,0.025932934406564644,0.20178479466266375,0.025388719829160245,0.20178479466266375,0.02538237185560705,1.7763568394002505e-15,0.023556365176994026,0.20163738025116518,0.02586949535474674,0.20181703683964825,0.025442051453769484,0.20458949459273806,0.026436797136316394,0.02650822670274297
2000,1026,0.17789543450069728,0.025393306052911197,0.17789543450069728,0.02538695693265871,8.881784197001252e-16,0.014306103236446727,0.17772970544032068,0.025068420492978635,0.17772970544032068,0.025062152604271342,8.881784197001252e-16,0.01453461313072374,0.17681878036881638,0.025527467478042194,0.1776018052862522,0.02509482880996779,0.1785329868206365,0.02472967964689886,0.024745573109704728
2000,1027,0.1985718057289761,0.025427222539910508,0.1985718057289761,0.025420864939476116,8.881784197001252e-16,0.008562554116049953,0.1984151004293544,0.025253339845633865,0.1984151004293544,0.02524702572130823,8.881784197001252e-16,0.007955988276257838,0.19638187846445526,0.025586592937386857,0.1982515062501451,0.025280937870577277,0.19989365219430355,0.024646517615696095,0.024778707182822275
2000,1028,0.22047140400283793,0.02584595717188638,0.22047140400283793,0.025839494874705257,8.881784197001252e-16,0.015086298748670944,0.22083315668038495,0.025511577707905807,0.22083315668038495,0.025505199016042653,1.7763568394002505e-15,0.018335180303174943,0.22182499434859998,0.025906957498120865,0.22080625133347903,0.025547620609805696,0.2214040941427432,0.02573003882879099,0.025594387826740898
2000,1029,0.1853623091403731,0.026208768488569897,0.1853623091403731,0.026202215477218918,1.7763568394002505e-15,0.014103900099270381,0.18248121080191082,0.025782129193298326,0.18248121080191082,0.025775682855106976,8.881784197001252e-16,0.012683160632336682,0.18565100791321842,0.026188983774739296,0.18251219099461413,0.025793401872986742,0.18368309771467894,0.025113764101332307,0.02530559926407279
2000,1030,0.204416425102953,0.027914046107143493,0.204416425102953,0.027907066723084618,1.7763568394002505e-15,0.012214383968317848,0.20669771935593334,0.027461134609773626,0.20669771935593334,0.027454268467746117,3.552713678800501e-15,0.0112841191363881,0.20680515810690453,0.027904951114503616,0.2068058543282983,0.027585198364045677,0.20522840366928347,0.026712448623321748,0.026729026290957723
2000,1031,0.20841161600541658,0.02440241458310948,0.20841161600541658,0.024396313216697548,8.881784197001252e-16,0.025223710511766653,0.20562700407195256,0.02406452840832239,0.20562700407195256,0.024058511524015735,1.7763568394002505e-15,0.029217876802654055,0.2056188319118542,0.0242637191876403,0.20562477561130854,0.024091380543698467,0.20564152008844488,0.025974634974291155,0.025971566962024625
2000,1032,0.15649280354441641,0.024216503257692527,0.15649280354441641,0.024210448374923126,8.881784197001252e-16,0.02411023254284203,0.15719283138666723,0.024009167346261566,0.15719283138666723,0.02400316430395089,8.881784197001252e-16,0.023580326196236685,0.15636982572789643,0.024300226117682445,0.15716105121280505,0.024016615299394917,0.15524711837942318,0.02472084417082263,0.025226058013133275
2000,1033,0.1706436944494526,0.026572822110458142,0.1706436944494526,0.026566178074322173,1.7763568394002505e-15,0.010405069870243595,0.17101124704186826,0.026293183890966687,0.17101124704186826,0.026286609773126468,1.7763568394002505e-15,0.010872698509709141,0.1721798718071143,0.02652696411079093,0.17108850429203787,0.02635142491608955,0.17335545389048462,0.026336587438928274,0.026341641696652016
2000,1034,0.22073963780672712,0.0258505414945138,0.22073963780672712,0.025844078051108728,8.881784197001252e-16,0.007485101021593401,0.22210426349816614,0.025322267991390316,0.22210426349816614,0.025315936632873706,8.881784197001252e-16,0.006332896105388012,0.22157248382085587,0.025659485892511696,0.22211908973789823,0.025336754804640208,0.2219919736148528,0.026530484265243022,0.025967683560995766
2000,1035,0.16091914682194813,0.027558799954674192,0.16091914682194813,0.02755190939325765,1.7763568394002505e-15,0.006705399425499023,0.16079077890470989,0.026807229037022606,0.16079077890470989,0.026800526391827943,1.7763568394002505e-15,0.008606103076968265,0.1606624032583614,0.027124250813549224,0.16089631242522362,0.026862464492646402,0.1642748175179461,0.02635908910048639,0.026262880324413436
2000,1036,0.1959882597016488,0.025321455911434868,0.1959882597016488,0.025315124755963623,8.881784197001252e-16,0.011942311900891841,0.19758290836109416,0.02511890914336054,0.19758290836109416,0.02511262863091249,1.7763568394002505e-15,0.013193779528177527,0.19395168602524704,0.025402313530990882,0.19763405097595338,0.025136472797004525,0.19558230728798953,0.02554775041049751,0.025312999743858807
2000,1037,0.1592822478668653,0.025425451410735062,0.1592822478668653,0.025419094253138323,8.881784197001252e-16,0.024646610252027797,0.15944906940682463,0.025187196070467852,0.15944906940682463,0.025180898484153516,8.881784197001252e-16,0.021206200240538826,0.16094929499990046,0.025725424790185254,0.1594845996743232,0.02521978569988071,0.161129785076649,0.0261705730957245,0.02625793617310996
2000,1038,0.20242899361987537,0.025331692012220554,0.20242899361987537,0.025325358297404153,8.881784197001252e-16,0.014227956103768197,0.20091580473031317,0.025029327533369547,0.20091580473031317,0.025023069419124116,8.881784197001252e-16,0.01528640273193343,0.20430831667184574,0.02530352892212008,0.20083308965364527,0.0250380287553161,0.19908503223409457,0.025581784632293058,0.025335072844753198
2000,1039,0.19107293578067092,0.026290425381996507,0.19107293578067092,0.026283851953869754,1.7763568394002505e-15,0.009727218212469366,0.18881583446928474,0.025910912053926108,0.18881583446928474,0.025904433515994134,8.881784197001252e-16,0.009199564627816398,0.1889926543033516,0.026245483379948538,0.1888371604129619,0.02595856532187236,0.18978911534006127,0.02561490661298793,0.02556761392186785
2000,1040,0.20254354467667945,0.0289181265942142,0.20254354467667945,0.028910896158648197,1.7763568394002505e-15,0.006500983054102656,0.20139895964533533,0.0285540798678276,0.20139895964533533,0.028546940455322502,1.7763568394002505e-15,0.007813373166102804,0.20099907261646655,0.02935989649512054,0.20152209035806318,0.028666783135158427,0.19862327036661137,0.025692739952462962,0.026200127119603026
2000,1041,0.18666988746342034,0.026667543863642628,0.18666988746342034,0.026660876144107563,8.881784197001252e-16,0.015385228123037557,0.18371422736018322,0.02634107609079346,0.18371422736018322,0.02633448999840628,8.881784197001252e-16,0.014715016981371912,0.18759070294153957,0.026562722370952672,0.18380772732551237,0.02636397344632896,0.18490574725384185,0.02606260028559445,0.02614832981777789
2000,1042,0.2016888853343653,0.026218758407110094,0.2016888853343653,0.02621220289796721,8.881784197001252e-16,0.019063960505082963,0.2013972576309725,0.026237944081031646,0.2013972576309725,0.026231383774870592,1.7763568394002505e-15,0.02068094851823371,0.20036359765938727,0.026388297079055958,0.20154864012356716,0.026279714470547954,0.19682237854713247,0.02674693855267308,0.026241127366952745
2000,1043,0.23012367801004885,0.025589179983040743,0.23012367801004885,0.02558278188818313,8.881784197001252e-16,0.009430511402783,0.22974998789162526,0.025389865209047933,0.22974998789162526,0.02538351694911396,1.7763568394002505e-15,0.009396591521243267,0.2259698710364585,0.0258204693231377,0.22975272830712873,0.025438913435635223,0.23015226875146455,0.02633170950703985,0.02621747383475034
2000,1044,0.2235369861698886,0.02623575532815955,0.2235369861698886,0.026229195569255126,1.7763568394002505e-15,0.008687977170191576,0.22336749645624732,0.026076470141003255,0.22336749645624732,0.026069950208374527,8.881784197001252e-16,0.011256575036563063,0.22383108726604406,0.026547718494061692,0.22335631822413837,0.026138728870209318,0.2241749126735288,0.026102691046182395,0.02614442702599273
2000,1045,0.1654910907680321,0.026606874931579424,0.1654910907680321,0.026600222381173752,1.7763568394002505e-15,0.01832062546759412,0.1643716836897932,0.026061268532925376,0.1643716836897932,0.02605475240117383,8.881784197001252e-16,0.01816326367583687,0.16233815394498397,0.026448247510312682,0.1643097934668047,0.02611177306173596,0.16500544470539097,0.026258770781812702,0.026311612848061116
2000,1046,0.17074006742396935,0.025986031747228987,0.17074006742396935,0.025979534427025604,1.7763568394002505e-15,0.018055090110339476,0.17080351637069563,0.025940817309195688,0.17080351637069563,0.02593433129401512,8.881784197001252e-16,0.019608785763772618,0.1698789045096894,0.02656226864485203,0.1708833082237594,0.02599484334366458,0.1732448452583033,0.026159091583458267,0.026067818633927035
2000,1047,0.18420609196877746,0.026348741043859224,0.18420609196877746,0.026342153034994185,6.661338147750939e-16,0.009407786888118302,0.18858518160672533,0.025832188764648833,0.18858518160672533,0.025825729909999894,1.7763568394002505e-15,0.009954103699367743,0.1895177095468692,0.026316307268231188,0.18847741173011806,0.025873279143714907,0.187533539339235,0.025572827279339863,0.025601213794601962
2000,1048,0.2014435456065808,0.025616695404287522,0.2014435456065808,0.025610290429714522,3.552713678800501e-15,0.01607601283197521,0.1990548727373732,0.02534818418957538,0.1990548727373732,0.025341846351199133,1.7763568394002505e-15,0.017692912873919886,0.19862610792750485,0.025619437764323596,0.1988962096944505,0.02539025485473666,0.1990771365895665,0.024800818232107853,0.02484847750871507
2000,1049,0.1658813508965602,0.026186610025911307,0.1658813508965602,0.026180062554868617,8.881784197001252e-16,0.008156913147736896,0.16595300092780968,0.025946731733215364,0.16595300092780968,0.02594024423924392,1.7763568394002505e-15,0.00851008513021345,0.1645844506475762,0.02619915002744893,0.16605850133900962,0.025979060628694713,0.16684296281764366,0.02614086895487162,0.02618166373265427
2000,1050,0.21731927946053692,0.026452347841003348,0.21731927946053692,0.026445733927200503,1.7763568394002505e-15,0.006225107832550187,0.21695678461918766,0.02603401003002854,0.21695678461918766,0.026027500713754762,8.881784197001252e-16,0.00954284379957218,0.21635687259777014,0.026369133354814552,0.21696597653493765,0.026087051132912722,0.21808134030682924,0.02586031833307862,0.025917474996331815
2000,1051,0.21843110822650663,0.026644522537690122,0.21843110822650663,0.026637860574206137,1.7763568394002505e-15,0.011920719525405361,0.21803256296480555,0.026287116618957333,0.21803256296480555,0.02628054401812476,8.881784197001252e-16,0.01109849425375245,0.21855344366156854,0.026368587881325636,0.21807857199980402,0.026351061121147122,0.2186171445955813,0.026906190330602747,0.02715156314505595
2000,1052,0.14095442025147836,0.026668740151588127,0.14095442025147836,0.026662072132943686,1.7763568394002505e-15,0.008688267777801543,0.13706906166600452,0.025947076415160877,0.13706906166600452,0.025940588835008174,8.881784197001252e-16,0.008998717691107033,0.1375169715420282,0.026336581530739124,0.13712045617992152,0.025989343820990902,0.13559756598707673,0.025346443104323824,0.02539885424563751
2000,1053,0.14885097813512055,0.024903581626450025,0.14885097813512055,0.024897354952611864,8.881784197001252e-16,0.014292084923440269,0.14788755216078292,0.024724722525296193,0.14788755216078292,0.02471854057182407,8.881784197001252e-16,0.012610301743697693,0.14755401886287772,0.024972644663193818,0.14786940307431523,0.024746258237576594,0.1486082251162491,0.024751689655390763,0.025064422771134624
2000,1054,0.22589463609046717,0.025301930264189657,0.22589463609046717,0.025295603990740552,1.7763568394002505e-15,0.006107362245330558,0.2259412602052283,0.025182952432524015,0.2259412602052283,0.025176655907251818,1.7763568394002505e-15,0.006925378313284219,0.22732485291435317,0.025773604472506845,0.2257954578741248,0.025217564071296123,0.22899607031503333,0.024931101579647574,0.024744111027699307
2000,1055,0.28451168047677994,0.02900116786475321,0.28451168047677994,0.02899391666627389,3.552713678800501e-15,0.004698203010501259,0.2825692543403451,0.028413218446273127,0.2825692543403451,0.028406114253526432,3.552713678800501e-15,0.005324019121368157,0.28504152692629514,0.02899838784168979,0.2826497127525762,0.028611655010537196,0.2795042419456989,0.0249705682334337,0.026054820379849162
2000,1056,0.21076682199456753,0.02601028826096527,0.21076682199456753,0.026003784875875246,8.881784197001252e-16,0.012894153078234683,0.20793360558912038,0.025566854843206574,0.20793360558912038,0.025560462330331754,8.881784197001252e-16,0.010991863335466793,0.2077312187582715,0.0258792332668299,0.20793087972194624,0.025594311314176096,0.20674398773608588,0.02605166435573065,0.02610871106249508
2000,1057,0.17834586458062512,0.02788493973793911,0.17834586458062512,0.02787796763138234,3.552713678800501e-15,0.010739031398530892,0.17631052656137153,0.027388958700311404,0.17631052656137153,0.027382110604517323,8.881784197001252e-16,0.01121330869368822,0.17635685101369586,0.02785231992712606,0.1765258379230688,0.02750591470649543,0.17398503091417727,0.02685589230375283,0.026700560268154094
2000,1058,0.17206350342865867,0.029144774449858753,0.17206350342865867,0.02913748734524432,1.7763568394002505e-15,0.007622617969381358,0.1722678763547475,0.02951217826045943,0.1722678763547475,0.029504799293408105,3.552713678800501e-15,0.007086235097002384,0.17191848786397546,0.029156715212736526,0.17243924031446273,0.029678517011059002,0.17039398930241667,0.027997003900461098,0.027770731709703556
2000,1059,0.23474307670597855,0.025565730605852995,0.23474307670597855,0.025559338374072652,8.881784197001252e-16,0.01706897630449083,0.23560796172566228,0.02538695867085991,0.23560796172566228,0.02538061113765134,8.881784197001252e-16,0.016991751151160618,0.23673003503073292,0.02577167391276395,0.23563177241711258,0.025423149314011417,0.23459787831092582,0.026315077446238504,0.02620053821140192
2000,1060,0.16402285343757456,0.02630995099037883,0.16402285343757456,0.026303372680239655,8.881784197001252e-16,0.014657966442520888,0.16366987138455552,0.026042908821510016,0.16366987138455552,0.02603639728026021,8.881784197001252e-16,0.014643806780137998,0.16582793353875946,0.026651343694189276,0.16366284251535884,0.02607599744460855,0.16494683163343754,0.026449728842837,0.026494786324637552
2000,1061,0.16315864475036884,0.026328340727009375,0.16315864475036884,0.02632175781886122,1.7763568394002505e-15,0.02078336016035805,0.16115056901264696,0.025997205352213972,0.16115056901264696,0.025990705238260085,1.7763568394002505e-15,0.018720590143632036,0.16106052474743965,0.02624656076037978,0.1610762968638481,0.026051163779806878,0.16075980267982132,0.025210659657374665,0.02524030344496518
2000,1062,0.14613660591429994,0.02652813888640909,0.14613660591429994,0.026521506022475834,1.7763568394002505e-15,0.011584942848508889,0.14661507460322148,0.026124547710900496,0.14661507460322148,0.026118015757376496,1.7763568394002505e-15,0.013948249939694011,0.1444748267982075,0.02639905002498945,0.14668199226909723,0.02617719223833067,0.14550093237724165,0.026119491737305642,0.025918413927994453
2000,1063,0.1865712806039561,0.02669590398317244,0.1865712806039561,0.026689229172721016,8.881784197001252e-16,0.00938162863151318,0.1879669231498851,0.026410488280340375,0.1879669231498851,0.026403884832736136,8.881784197001252e-16,0.009838636764775047,0.18649164092039705,0.026835017900911137,0.1880141709044641,0.026460735430740283,0.18624160956967623,0.025454754584325223,0.02544771404613118
2000,1064,0.23419911896091805,0.02746454105490293,0.23419911896091805,0.027457674061157664,1.7763568394002505e-15,0.01391779541335243,0.23552624165080666,0.027557303958661242,0.23552624165080666,0.027550413771290465,8.881784197001252e-16,0.014771140966358787,0.2354774438768622,0.027704477089661613,0.23566766324096894,0.027657368455260522,0.23093024512642107,0.026824469569293883,0.02725846352639792
2000,1065,0.1854418058391592,0.02799006736254079,0.1854418058391592,0.027983068970791804,8.881784197001252e-16,0.012776604953385477,0.1862032532027954,0.027291034758778823,0.1862032532027954,0.02728421114703101,1.7763568394002505e-15,0.009848182591195733,0.18420810458195896,0.027570305181912568,0.1862606866882484,0.027357674594819942,0.18856119950817257,0.026721769634303828,0.02670823465817203
2000,1066,0.16560085718189638,0.026721144178514726,0.16560085718189638,0.026714463057225513,8.881784197001252e-16,0.015962306320811897,0.16839581223261946,0.026279339242591702,0.16839581223261946,0.02627276858634633,8.881784197001252e-16,0.02030206331809489,0.16688771832009136,0.02624233164817611,0.16836179912171234,0.026328676010257596,0.17100022921670133,0.027311993499351234,0.027309146705033312
2000,1067,0.17199455545545184,0.024778248690116706,0.17199455545545184,0.024772053353430263,8.881784197001252e-16,0.014492806542917737,0.17349823308217888,0.024615495040974714,0.17349823308217888,0.02460934039778788,8.881784197001252e-16,0.01671823452764858,0.1720241536219297,0.024870524561179917,0.17339025392363422,0.02463753476631675,0.17364876219508762,0.02469536380416264,0.024735409938045825
2000,1068,0.16639862319145188,0.027135567080345157,0.16639862319145188,0.027128782340376537,8.881784197001252e-16,0.024183801827627124,0.1639556008395303,0.026347596521707636,0.1639556008395303,0.026341008799008914,3.552713678800501e-15,0.019517550303696337,0.16351002156496208,0.02633611617429078,0.16395774878478236,0.026414045301729035,0.16446657276263088,0.027101992525847145,0.027291570945683012
2000,1069,0.22981809371883405,0.02750880283744484,0.22981809371883405,0.027501924776870412,1.7763568394002505e-15,0.01397188433682079,0.22902441576260346,0.02705512843475305,0.22902441576260346,0.027048363806960164,8.881784197001252e-16,0.01349846119351551,0.23065992494243376,0.02813717496552227,0.2291533091917009,0.027128127566155253,0.2276400565081445,0.02726060046650676,0.02728706561268525
2000,1070,0.16558627248983399,0.025287932094019458,0.16558627248983399,0.025281609320550454,8.881784197001252e-16,0.017182281872580304,0.16641119219564604,0.025123362195888743,0.16641119219564604,0.025117080570038364,1.7763568394002505e-15,0.019865679751775576,0.1632596865615235,0.025333300495502697,0.16639697738172166,0.025162031128875204,0.16657757377316568,0.025459150294693655,0.02559292066329326
2000,1071,0.1303428449068823,0.025178476421890944,0.1303428449068823,0.025172181015761318,8.881784197001252e-16,0.019630510554134433,0.1295934320305447,0.024995980431965718,0.1295934320305447,0.024989730655537997,8.881784197001252e-16,0.019283025170646746,0.13067015935918314,0.025258023916122016,0.12942042367042345,0.0250110336429169,0.12847673101576562,0.023945152598908323,0.024224802144104073
2000,1072,0.17592006532735016,0.025131993275338046,0.17592006532735016,0.025125709491448017,8.881784197001252e-16,0.020002122767984475,0.17616375388057992,0.024982425694310164,0.17616375388057992,0.024976179306990542,8.881784197001252e-16,0.018059871885972217,0.17867386736905522,0.025272914590360535,0.17614984867675737,0.025004387973538315,0.17632441639804275,0.025329341008963453,0.025226714648254614
2000,1073,0.17999086024669542,0.02611049476119939,0.17999086024669542,0.026103966321352076,1.7763568394002505e-15,0.011891713102301542,0.1809329707112084,0.02584131850236911,0.1809329707112084,0.025834857365000366,1.7763568394002505e-15,0.012817218214178479,0.18375632093124183,0.026217208630901472,0.18088966048955268,0.02587299339617864,0.181719946151303,0.026058537521848047,0.02603730814702181
2000,1074,0.14157320020011877,0.02750643757543613,0.14157320020011877,0.027499560106251132,1.7763568394002505e-15,0.020898935301810227,0.14156455647995125,0.027142281339635414,0.14156455647995125,0.02713549492089209,1.7763568394002505e-15,0.02150760195669856,0.14262331706452014,0.028024785518212414,0.14169555397516315,0.027229236978710294,0.14090650548169853,0.026648029962852284,0.026319257503514423
2000,1075,0.2017160286739662,0.03777754812505248,0.2017160286739662,0.037768102557177614,7.105427357601002e-15,0.011301419251235104,0.2019704682019356,0.03477205053625244,0.2019704682019356,0.03476335643672005,7.105427357601002e-15,0.016052269583054585,0.20436787893942648,0.03602301374845041,0.20245940213464264,0.03520913853449094,0.20879671025562585,0.03876777600921604,0.040013665426820916
2000,1076,0.16984921078373055,0.026112507519502486,0.16984921078373055,0.026105978576402684,8.881784197001252e-16,0.019523351097835925,0.1717448136607465,0.025842994441277745,0.1717448136607465,0.02583653288487189,8.881784197001252e-16,0.018877510814972322,0.1726296624187167,0.026220455963628653,0.17174067762525214,0.02589562455981705,0.17371924260962418,0.027070652120176345,0.027044707725237045
2000,1077,0.22716286542805475,0.02603684913160211,0.22716286542805475,0.026030339105464196,8.881784197001252e-16,0.007721021617883569,0.22330170408361294,0.025679846303299482,0.22330170408361294,0.025673425539027777,8.881784197001252e-16,0.0071132197381712494,0.2209767456601449,0.02599980364460181,0.2232699875416259,0.025704034923494705,0.22486291288205057,0.02621735159108585,0.02618925745435597
2000,1078,0.19913246031073312,0.027489869849455624,0.19913246031073312,0.02748299652272,1.7763568394002505e-15,0.01917318624754646,0.19931292099188797,0.02739701564581947,0.19931292099188797,0.02739016553553717,4.440892098500626e-16,0.015473395479693513,0.19619900401798562,0.02779808693730769,0.19952145493383538,0.027495976414005106,0.19824197972267726,0.02603667135806615,0.026972649441999168
2000,1079,0.19516579956545804,0.025814226459842684,0.19516579956545804,0.025807772096331404,8.881784197001252e-16,0.006007093737611416,0.19379509199599282,0.02565290221682486,0.19379509199599282,0.02564648818941698,8.881784197001252e-16,0.005684657585608976,0.19148936696564733,0.026063537105459823,0.1937159215104562,0.02568929100151917,0.19373995758919843,0.02505218572968497,0.02504041688593903
2000,1080,0.1718430108445274,0.025868950704404245,0.1718430108445274,0.025862482658121272,8.881784197001252e-16,0.0060555949708529485,0.17322026081451092,0.025507462624340557,0.17322026081451092,0.025501084961376923,8.881784197001252e-16,0.0061839639454965125,0.17179302056826257,0.025902035935218788,0.1732728875932224,0.025541782277319132,0.17558985222402634,0.024371815235935106,0.0243863802573814
2000,1081,0.17191064330631323,0.02672153102488566,0.17191064330631323,0.026714849806872762,8.881784197001252e-16,0.008661564588833024,0.16899571216196296,0.026467924193326227,0.16899571216196296,0.026461306384948417,3.552713678800501e-15,0.008502007659719204,0.17001800412504497,0.02688690311294141,0.16899051612853744,0.02652997273626785,0.17075374730902598,0.025038550723824864,0.025066536647104152
2000,1082,0.1841801419537787,0.026246907668210785,0.1841801419537787,0.026240345120872748,1.7763568394002505e-15,0.009963246989274675,0.19045655344925022,0.02578663694073435,0.19045655344925022,0.02578018947546524,8.881784197001252e-16,0.008761671044989119,0.19213132141642875,0.026133992165321404,0.19053177836996593,0.025853142181901767,0.1923865131749003,0.026367141483878597,0.026435386724953068
2000,1083,0.18283327701628593,0.026538927334337874,0.18283327701628593,0.02653229177295541,8.881784197001252e-16,0.004323837801208883,0.1780454682387002,0.025635977070222134,0.1780454682387002,0.02562956727462995,1.7763568394002505e-15,0.004034631018664904,0.17593045286843362,0.02593151417838349,0.17801965292373856,0.025698307854215577,0.17835698160136965,0.02576225114463696,0.025761977669748092
2000,1084,0.21916772551449226,0.02524519480392434,0.21916772551449226,0.02523888271611373,1.7763568394002505e-15,0.022073395492947123,0.21898568088891968,0.024808837889924776,0.21898568088891968,0.024802634904982232,8.881784197001252e-16,0.02112239398123286,0.21908127852440784,0.025074905013770996,0.21882463716945216,0.024826395829962464,0.21774144358837072,0.026048601591101762,0.026186508385561424
2000,1085,0.2235323866610633,0.02556709746959794,0.2235323866610633,0.025560704896058932,8.881784197001252e-16,0.01031254745208492,0.22490380016909434,0.02537725605712827,0.22490380016909434,0.025370910949876414,8.881784197001252e-16,0.009577372876117067,0.22742574341578592,0.025609782688448993,0.22475546998603058,0.025427994720498726,0.23178076382028823,0.025702442114095798,0.025993849653462756
2000,1086,0.14923532926358668,0.023609794673309734,0.14923532926358668,0.023603891486650812,8.881784197001252e-16,0.01095971373412897,0.1511065385851162,0.023377528949103638,0.1511065385851162,0.023371683836135887,8.881784197001252e-16,0.012042532604101767,0.15124752427968796,0.02361078528364954,0.15087124302508303,0.023390826679457195,0.15424208424747987,0.023668189164499445,0.023900196724021817
2000,1087,0.18239675057159632,0.027120918425141503,0.18239675057159632,0.027114137347794567,3.552713678800501e-15,0.003885047531220704,0.18406962980802855,0.026099471423377457,0.18406962980802855,0.02609294573970916,3.552713678800501e-15,0.005648230107975021,0.18257907212342994,0.02659895979606972,0.18394608904089077,0.026155732819313656,0.18581761137154257,0.026711134443831885,0.026755897604265482
2000,1088,0.17941853515933504,0.027354562465974754,0.17941853515933504,0.02734772297031441,3.552713678800501e-15,0.009241095177935322,0.17881221018571913,0.02693359617185356,0.17881221018571913,0.026926861930925233,1.7763568394002505e-15,0.009747094316803763,0.17977051353137868,0.02743382449721861,0.1789322724862435,0.027034613561855447,0.17737180965420113,0.025671689773670573,0.025688759679573906
2000,1089,0.17751728512681492,0.025065261547390607,0.17751728512681492,0.025058994448518453,8.881784197001252e-16,0.019275287719592384,0.17544121158448767,0.02481444411817155,0.17544121158448767,0.024808239731496706,8.881784197001252e-16,0.02170882391204668,0.17600770672122418,0.025235553298734566,0.17524390854425098,0.024844030058565485,0.17731287634511989,0.025504345123622426,0.025542797580049754
2000,1090,0.15984727682186067,0.025375653392243635,0.15984727682186067,0.025369308685708095,8.881784197001252e-16,0.015875404564664984,0.1587747550781366,0.025256681318202016,0.1587747550781366,0.025250366358403796,8.881784197001252e-16,0.01603062144667968,0.1548102536808973,0.025500299344001998,0.15885366369891984,0.025287185662401988,0.16133077207821234,0.02549428945317751,0.025986088958803045
2000,1091,0.21013103697028923,0.029254860875121136,0.21013103697028923,0.029247546245459326,8.881784197001252e-16,0.009992127235543127,0.20895655512728062,0.02845580024829746,0.20895655512728062,0.028448685408769245,8.881784197001252e-16,0.013025695525128469,0.2086574579312423,0.02880539215882449,0.20922653499012078,0.028612585007246397,0.2051608160340911,0.027166133142800242,0.027159712678793926
2000,1092,0.2069188651576102,0.027628536029185347,0.2069188651576102,0.027621628031570384,8.881784197001252e-16,0.012893749027646234,0.2057007998268056,0.027392666138188183,0.2057007998268056,0.027385817115418744,8.881784197001252e-16,0.014505857802588411,0.2076613998911931,0.02824342182242081,0.20587914401081941,0.027514958866359407,0.20400015507088798,0.026812774012005464,0.026828642703948406
2000,1093,0.18776618444593118,0.02506943258808624,0.18776618444593118,0.02506316444632353,8.881784197001252e-16,0.012620521507732395,0.18516070908833532,0.02485611798291683,0.18516070908833532,0.024849903176473162,8.881784197001252e-16,0.011109686874398908,0.18453571912441724,0.0252020652857467,0.18511360270888044,0.024883611950198597,0.18586815831409437,0.025129934312398797,0.025112855600952232
2000,1094,0.20475960348489836,0.026674541839827863,0.20475960348489836,0.02666787237058001,8.881784197001252e-16,0.0028561682224821053,0.20596977885286566,0.026345419035178425,0.20596977885286566,0.026338831856919397,8.881784197001252e-16,0.003673687855159143,0.2063455437758674,0.026673387716904966,0.20582702847283502,0.026402599363280647,0.20444881780702034,0.024775267149654574,0.024827354555901494
2000,1095,0.18704159749215116,0.025794253022021835,0.18704159749215116,0.025787803652494345,8.881784197001252e-16,0.011677331214145345,0.187929599088779,0.025518114305573613,0.187929599088779,0.025511733979356722,8.881784197001252e-16,0.012262554357960033,0.18810742171571043,0.026343566270554213,0.18791906423569033,0.025546970601469387,0.18736096755900022,0.025134357034560476,0.025047613617179543
2000,1096,0.1976464434804367,0.02544274655485115,0.1976464434804367,0.02543638507292777,8.881784197001252e-16,0.0073966263423975165,0.19971651086276454,0.02516064587051985,0.19971651086276454,0.025154354922585408,8.881784197001252e-16,0.008823208062959201,0.199781153075424,0.02546728659684978,0.19962376362294815,0.02518898144265114,0.1989136778456243,0.026026218592454114,0.026038133061374136
2000,1097,0.19627564178939294,0.024996250447362287,0.19627564178939294,0.024990000603422276,8.881784197001252e-16,0.006240616819728487,0.195891479547672,0.02471288100120392,0.195891479547672,0.024706702008482958,8.881784197001252e-16,0.005157197843369791,0.19744216417975213,0.025039231060254054,0.19590531679610335,0.024747309812875547,0.19616868494905404,0.025331156039135057,0.025282796505758265
2000,1098,0.1886280155489894,0.025089888201980708,0.1886280155489894,0.02508361494567513,8.881784197001252e-16,0.018442626497079794,0.18850881145603865,0.024865152848809288,0.18850881145603865,0.02485893578336674,8.881784197001252e-16,0.018489855625135224,0.18701212690711733,0.025185795768476415,0.1883750433310717,0.024872580513279285,0.18601829314254986,0.024246357928188925,0.024449631756785085
2000,1099,0.21471079163635265,0.027243011802645673,0.21471079163635265,0.027236200198137987,1.7763568394002505e-15,0.012378078370150935,0.21499916131839514,0.027246705600444857,0.21499916131839514,0.02723989307237226,3.552713678800501e-15,0.012075433986860923,0.2153306619774174,0.027725107297321343,0.21508755423757342,0.027325703999472765,0.21656929108022233,0.02632353979549852,0.026398274164525438
2000,1100,0.1341180133385646,0.02637341450808396,0.1341180133385646,0.026366820330081635,1.7763568394002505e-15,0.019207923271088456,0.13323023966495806,0.025981286030189666,0.13323023966495806,0.025974789896563887,1.7763568394002505e-15,0.020168364852693715,0.1336224246836264,0.026263943010569134,0.1332608343159541,0.0260286512022656,0.1364727491757317,0.028020352206504125,0.027828514802433212
2000,1101,0.18481376422121143,0.02629338504684146,0.18481376422121143,0.026286810878705987,8.881784197001252e-16,0.013066709004824196,0.18625250556008283,0.025927329801606107,0.18625250556008283,0.025920847158724027,8.881784197001252e-16,0.011828881293562363,0.1880949523351727,0.026596493684097843,0.18626402713049134,0.0259537647144714,0.18444066729829123,0.026198939689934125,0.025976357966670728
2000,1102,0.17929425134333588,0.025504211534278735,0.17929425134333588,0.02549783468418924,1.7763568394002505e-15,0.015283419315663209,0.18133616563724853,0.02526756988418605,0.18133616563724853,0.02526125220190598,8.881784197001252e-16,0.013296817785485984,0.18335678162585606,0.025555793544441617,0.18136996473552341,0.025284596266932795,0.1798130568736932,0.025455692639919193,0.025450909387961147
2000,1103,0.16349410418550214,0.025199877574535356,0.16349410418550214,0.02519357681744861,8.881784197001252e-16,0.015452204474753454,0.16224856416968164,0.024949201218383635,0.16224856416968164,0.024942963138221523,8.881784197001252e-16,0.013649033216759336,0.16375586974162037,0.025184059322472127,0.1622192677921992,0.02496097104824716,0.16336641829573456,0.024523623348795206,0.02488621395884262
2000,1104,0.17772739534396859,0.02659221486386535,0.17772739534396859,0.02658556597893485,1.7763568394002505e-15,0.0042790489517157545,0.17592077682810126,0.02631163359964443,0.17592077682810126,0.026305054868800342,3.552713678800501e-15,0.005244192621542281,0.17623251189417782,0.026579769525228752,0.17605731343028774,0.02639770952590423,0.176387120341296,0.02636136205494235,0.026435752026462415
2000,1105,0.19010493794413885,0.02678755966081026,0.19010493794413885,0.026780861933574478,1.7763568394002505e-15,0.015910507288410283,0.18783565228844024,0.02648247387830266,0.18783565228844024,0.02647585243204881,8.881784197001252e-16,0.017636686836793158,0.1865866459437021,0.02721980213407348,0.18795473098591753,0.026561788901401286,0.18979006822168637,0.02680386064457532,0.026855309691449274
2000,1106,0.19018810511432788,0.027274720108964454,0.19018810511432788,0.027267900576389056,8.881784197001252e-16,0.01440173822625753,0.19093178639260283,0.026885514818892155,0.19093178639260283,0.026878792599804982,3.552713678800501e-15,0.018194584647919884,0.18805859067336272,0.02690063492392126,0.1910134518362936,0.026976345901337836,0.1911845402508865,0.027938902866500873,0.02784369485107415
2000,1107,0.2030803456316173,0.026648681201815048,0.2030803456316173,0.02664201819853505,8.881784197001252e-16,0.015898017696667894,0.20193501369028105,0.026477739282559497,0.20193501369028105,0.02647111902010258,8.881784197001252e-16,0.01653014481527284,0.203820157733981,0.02758146079073461,0.2020891572111153,0.026527153779926458,0.20166226509849544,0.025610997586424517,0.025581308343184138
2000,1108,0.18272515806996825,0.028574572486216795,0.18272515806996825,0.02856742794991654,3.552713678800501e-15,0.01945040626567925,0.18236654665278468,0.02842721835753495,0.18236654665278468,0.028420110664372836,1.7763568394002505e-15,0.01753689939760161,0.1840922733661411,0.028510634403410364,0.18252247039808916,0.028573800092226813,0.18020673073756927,0.027826078939632997,0.02770317621159683
2000,1109,0.20013204842579413,0.026337841809237338,0.20013204842579413,0.02633125652552164,1.7763568394002505e-15,0.009011148683092149,0.1984956022755679,0.025940851892111032,0.1984956022755679,0.025934365868283654,1.7763568394002505e-15,0.00787162579519151,0.1970737500638196,0.026356343243766615,0.1985132388589218,0.025980362248279616,0.1983704336643114,0.02423645351561626,0.024325386844678307
2000,1110,0.18468045063245447,0.025842307055934818,0.18468045063245447,0.02583584567139678,8.881784197001252e-16,0.026181671640540548,0.18729730484716334,0.025507446021835693,0.18729730484716334,0.025501068363023207,1.7763568394002505e-15,0.0263850488862994,0.18705560903666962,0.025871086472461623,0.18732630183500082,0.025537976340871436,0.18843206236474075,0.026865668594961364,0.02685766471569494
2000,1111,0.20566509929779409,0.02634866255122947,0.20566509929779409,0.02634207456199004,8.881784197001252e-16,0.009461263011053461,0.20576032964473362,0.02617252627908206,0.20576032964473362,0.026165982329416308,8.881784197001252e-16,0.009736757254906143,0.20589817526148613,0.026479120650547847,0.20573449177962805,0.026209570661268933,0.20312910129569484,0.02570567116164393,0.025677847739513402
2000,1112,0.17540316818044088,0.02568596433921446,0.17540316818044088,0.025679542045242535,8.881784197001252e-16,0.008934727664070403,0.17498963975089027,0.025617400431052508,0.17498963975089027,0.025610995280200784,8.881784197001252e-16,0.008805209074428461,0.17563586984043233,0.025816411046478156,0.175188115392579,0.025623759016107823,0.17643264334253078,0.025046614605832313,0.025221639766421524
2000,1113,0.2045004464528356,0.025208216132961606,0.2045004464528356,0.02520191329097461,8.881784197001252e-16,0.011000667846878639,0.20376576966033205,0.02503924521612629,0.20376576966033205,0.025032984622150162,1.7763568394002505e-15,0.008869847611287276,0.20433329838259462,0.025311990914084714,0.20362471708790753,0.025061564832451096,0.20450555995719893,0.025155435239430823,0.02512838691657614
2000,1114,0.19347199744728322,0.026542515829183787,0.19347199744728322,0.02653587937056544,1.7763568394002505e-15,0.0058666279964217265,0.19548514302477094,0.02611812554086375,0.19548514302477094,0.026111595193082992,8.881784197001252e-16,0.006745981094194314,0.19451658832592317,0.02632304530729007,0.19559569641206465,0.02615060664359001,0.2000682670178794,0.02515002111831334,0.025143507203851424
2000,1115,0.1737893748115577,0.025471585153680754,0.1737893748115577,0.02546521646120624,8.881784197001252e-16,0.007257439430807673,0.1751341232527983,0.025187765260762923,0.1751341232527983,0.025181467532133222,8.881784197001252e-16,0.008285006067159734,0.17231913011753097,0.02530309451683838,0.1752482852674967,0.02523085036033806,0.1743239128318968,0.024982203237660636,0.02500070135542926
2000,1116,0.22254255483245383,0.025895302914741805,0.22254255483245383,0.02588882827958253,1.7763568394002505e-15,0.020248509804126354,0.22031819928853652,0.0255349954075969,0.22031819928853652,0.025528610860576836,8.881784197001252e-16,0.02196838968481294,0.22327881524851279,0.02603542051778883,0.2202104373377728,0.025575549929423208,0.22251905690167884,0.025502338468839907,0.025502407715060023
2000,1117,0.20615530856459235,0.02705639311121062,0.20615530856459235,0.027049628167209086,1.7763568394002505e-15,0.013310063361819084,0.2071166637122594,0.026868739794855167,0.2071166637122594,0.026862021770048355,1.7763568394002505e-15,0.01242794868630722,0.2073767892474126,0.027255582250015523,0.20714063180900494,0.026965127763908473,0.20620329500568868,0.02545772037833604,0.02549599615478167
2000,1118,0.19664268420539988,0.02534637595045059,0.19664268420539988,0.02534003856419064,1.7763568394002505e-15,0.01469037707921797,0.19531447893021864,0.025168732032839237,0.19531447893021864,0.025162439063111455,8.881784197001252e-16,0.013908619047252059,0.19426630091835329,0.025452904739006233,0.1952197940156148,0.025178288408057154,0.19523011446620858,0.024692861932495105,0.024752396821190514
2000,1119,0.17402949395474754,0.025920559281472355,0.17402949395474754,0.025914078331431945,8.881784197001252e-16,0.013025347181361812,0.175358612695673,0.025504866385788267,0.175358612695673,0.025498489371965426,8.881784197001252e-16,0.016096442399525904,0.17786300997949633,0.025825862332910614,0.17537365676223454,0.02554094008253831,0.1725797826097017,0.02643925687394529,0.02637964658417797
2000,1120,0.2129330952735587,0.026105546615759357,0.2129330952735587,0.02609901941310307,8.881784197001252e-16,0.011433991592523007,0.21218674495747364,0.02580283520472281,0.21218674495747364,0.02579638368938138,8.881784197001252e-16,0.012194503177705998,0.212336893424169,0.026180205921620812,0.21194088171684022,0.025829503942672145,0.2154423942728872,0.024805788169183256,0.02474148436382303
2000,1121,0.1861543721504781,0.025003776220740247,0.1861543721504781,0.024997524495121652,8.881784197001252e-16,0.023216405697403082,0.18833583893666006,0.02480898014047067,0.18833583893666006,0.024802777119961043,8.881784197001252e-16,0.022154400453804016,0.18719021082472836,0.025079068071084124,0.1882043247461183,0.024829525811807706,0.18752029313515667,0.024685021054097474,0.02468415951925144
2000,1122,0.19983401228298858,0.026038177370358802,0.19983401228298858,0.026031667012119685,1.7763568394002505e-15,0.016017805552030966,0.200279587824164,0.025808505937879127,0.200279587824164,0.025802053004677153,8.881784197001252e-16,0.016712181536749113,0.19725478165396054,0.026069757441564614,0.20041105213395977,0.025843737520324324,0.20119017259081018,0.026373236878383242,0.026415379762324206
2000,1123,0.16704450998034048,0.025206546955168316,0.16704450998034048,0.02520024453052794,1.7763568394002505e-15,0.02415120531219166,0.16435768629634012,0.024883663595481335,0.16435768629634012,0.02487744190177351,1.7763568394002505e-15,0.025818429674569862,0.16404091575959656,0.025184741114130056,0.16435192280545813,0.024915635721276027,0.1650171484102948,0.026502294610754196,0.02651067329344362
2000,1124,0.1823311152310318,0.02547484463190717,0.1823311152310318,0.025468475124461213,1.7763568394002505e-15,0.010823171576228035,0.18464326345761733,0.02523388995215359,0.18464326345761733,0.02522758069090929,4.440892098500626e-16,0.009699534874083829,0.18498356655891607,0.02553424158781009,0.18449393626284266,0.02527252633391343,0.18267030424376118,0.02538343403312013,0.025383226587908633
2000,1125,0.18641652406207515,0.02657993538064012,0.18641652406207515,0.026573289565964255,1.7763568394002505e-15,0.019497731420715817,0.18603170497632532,0.026414043977289456,0.18603170497632532,0.026407439640649833,8.881784197001252e-16,0.020049391587848655,0.18449879123288448,0.026909933464874317,0.18608191473324376,0.026468935945495643,0.1847013564700949,0.02670880117235544,0.026672928352552503
2000,1126,0.18055668230468352,0.02609515330043576,0.18055668230468352,0.026088628696433174,1.7763568394002505e-15,0.028607293591804594,0.18520029175920055,0.02576104374794046,0.18520029175920055,0.025754602681769535,8.881784197001252e-16,0.026561649869201436,0.18233025532814495,0.02625271285924594,0.18523779455349254,0.025786277280174148,0.18903987870810834,0.026638345261171082,0.02668942066702294
2000,1127,0.15194526873979164,0.024370188300314368,0.15194526873979164,0.024364094991480453,8.881784197001252e-16,0.011250127873437423,0.15502734211885677,0.024111284343260025,0.15502734211885677,0.024105255768508145,8.881784197001252e-16,0.011312633075695583,0.1560723047469228,0.024627010051088773,0.15488868571240205,0.024134889762237984,0.15474710010207887,0.023749982947404134,0.023841925668699557
2000,1128,0.21393944759645223,0.02440323643401791,0.21393944759645223,0.02439713486211756,8.881784197001252e-16,0.018670867210337505,0.2132141004732201,0.024185298392247364,0.2132141004732201,0.02417925131166972,8.881784197001252e-16,0.017433995620043375,0.2129413779973996,0.024533594960264374,0.21316212774386795,0.024204306364180715,0.21130740976940987,0.025222902438367827,0.025092575566947828
2000,1129,0.19220798701338038,0.02743594067901085,0.19220798701338038,0.027429080836253537,8.881784197001252e-16,0.013187296495110133,0.1930868813252855,0.026654941618112316,0.1930868813252855,0.026648277049532553,1.7763568394002505e-15,0.017610155506238585,0.1926292291769745,0.027341258277374957,0.19319726494359318,0.026697907495430984,0.19463079553185164,0.02729409918396065,0.027303827755582308
2000,1130,0.18512803990040855,0.025115142784604624,0.18512803990040855,0.025108863213863988,1.7763568394002505e-15,0.009010358290299725,0.1834237139133701,0.024778069325065995,0.1834237139133701,0.024771874033226424,1.7763568394002505e-15,0.010934582954442825,0.18394026592819734,0.024981326644646158,0.18337102498638863,0.024800384432180994,0.18320126665885583,0.025899595587159683,0.025913775047081238
2000,1131,0.1723005357992296,0.024609965819368414,0.1723005357992296,0.02460381255865981,8.881784197001252e-16,0.018917548648951742,0.17292392386803251,0.024364618592616412,0.17292392386803251,0.024358526676383517,8.881784197001252e-16,0.02355618553832398,0.16958904806150255,0.024529855697787498,0.17277284609599375,0.02438312319950306,0.17765300484697055,0.024808831560014,0.02479654379468813
2000,1132,0.1653273513090368,0.025303133664033663,0.1653273513090368,0.025296807089696983,8.881784197001252e-16,0.013098286095986735,0.1667616148795803,0.025016707745651155,0.1667616148795803,0.025010452786747118,8.881784197001252e-16,0.01385701570688033,0.16759279559372048,0.025298890914307245,0.16670494560744115,0.025058930168422516,0.16255122042955933,0.02496695918219964,0.02510662073140001
2000,1133,0.15492633788072185,0.025212741166864207,0.15492633788072185,0.02520643719347729,8.881784197001252e-16,0.028943230197114686,0.1559125682666892,0.02494629080556345,0.1559125682666892,0.024940053453095516,1.7763568394002505e-15,0.026909789347315378,0.15678917092906208,0.025184413604452453,0.1559345157724475,0.02498245177562402,0.1543517101767823,0.026819473090704263,0.026610839623169198
2000,1134,0.22236338606203632,0.02617761163174113,0.22236338606203632,0.026171066410578255,4.440892098500626e-16,0.008941877933786858,0.21974668950040527,0.02580047887265567,0.21974668950040527,0.025794027946470913,8.881784197001252e-16,0.008821269960334234,0.22224673124711014,0.02616939291119928,0.21968510076206882,0.02585843678409044,0.22254926470163072,0.02472285411094013,0.024697361752286914
2000,1135,0.16341562065074233,0.02539338526709993,0.16341562065074233,0.025387036127041414,8.881784197001252e-16,0.02722159071360712,0.16505183808413826,0.025122637306291398,0.16505183808413826,0.025116355861686077,8.881784197001252e-16,0.028683487349501432,0.16369938674168055,0.02532804940804026,0.16496059270640345,0.025146202813825597,0.1638343415839138,0.025650774487498067,0.025652531703445097
2000,1136,0.1386342009302089,0.02609204288541997,0.1386342009302089,0.026085519059118368,1.7763568394002505e-15,0.004660868167283605,0.13908046728299772,0.025866653698436798,0.13908046728299772,0.02586018622647711,8.881784197001252e-16,0.006145330633196673,0.1463856747640005,0.02674587858365493,0.1389152376276015,0.025929343314725125,0.13833454090486946,0.024246265404967254,0.024290389821300017
2000,1137,0.2033531110459173,0.02598331509990957,0.2033531110459173,0.025976818458952937,1.7763568394002505e-15,0.014855974074452839,0.20355584011588657,0.025792345227350827,0.20355584011588657,0.025785896334831634,8.881784197001252e-16,0.017071928138590018,0.20331606288026866,0.026105135814785026,0.20361100465324972,0.025824510228308704,0.2028286441125261,0.02500806287593132,0.025017585341354214
2000,1138,0.17569893141565562,0.026113012630409153,0.17569893141565562,0.026106483561015827,8.881784197001252e-16,0.013051146311004059,0.18118368611291102,0.025838534696844745,0.18118368611291102,0.025832074255514394,1.7763568394002505e-15,0.010930586701947602,0.17877786004397067,0.026161917809678113,0.18122069784395262,0.025889405596941573,0.18192883215662714,0.024920280015855667,0.02496420748754516
2000,1139,0.17198536463888814,0.02420746881036735,0.17198536463888814,0.02420141618649218,8.881784197001252e-16,0.012868232149520448,0.1708774370367851,0.024024537933418404,0.1708774370367851,0.024018531047980487,8.881784197001252e-16,0.011423659174066233,0.16710945002846228,0.02433975200432937,0.1708174040456174,0.02403396561596106,0.16846666743197264,0.025280744889155514,0.02535509448239264
2000,1140,0.17684614360801854,0.02735290463490046,0.17684614360801854,0.027346065553749705,8.881784197001252e-16,0.021597582506778734,0.17531888507576987,0.027050066007341254,0.17531888507576987,0.027043302645313464,8.881784197001252e-16,0.020455576745768558,0.17883419459709066,0.027510419167753625,0.17538244237485967,0.02711819257067886,0.17517694621166918,0.026580262550263134,0.026689221330790238
2000,1141,0.19089056089167422,0.026369674168339904,0.19089056089167422,0.026363080925539423,8.881784197001252e-16,0.012654620395285443,0.18848856562233562,0.025976154793837126,0.18848856562233562,0.025969659943180828,1.7763568394002505e-15,0.01280775844082435,0.18959055973191546,0.026626970157060913,0.18843176596663602,0.026044553353160763,0.1871025849100838,0.02524706206734328,0.02520774175282698
2000,1142,0.19117469689244165,0.026527718599222837,0.19117469689244165,0.026521085840374513,8.881784197001252e-16,0.020316651735776278,0.19106122676171622,0.026165182027451803,0.19106122676171622,0.02615863991407852,8.881784197001252e-16,0.02158041558988447,0.19178306480082602,0.026470705508908433,0.19118694398602554,0.026219791861676757,0.19041631855829233,0.027214498167519013,0.027594490548691654
2000,1143,0.1332701020549772,0.027475716674709626,0.1332701020549772,0.02746884688671008,8.881784197001252e-16,0.015821807142454906,0.13177367123699707,0.027252373937993814,0.13177367123699707,0.02724555999265965,1.7763568394002505e-15,0.014073619616399703,0.13231942149615622,0.02789521176261069,0.13178402491284746,0.02732928968598472,0.13247352030632942,0.02552626217117989,0.02548245386659849
2000,1144,0.15608181448150632,0.0262133971228602,0.15608181448150632,0.026206842954205965,8.881784197001252e-16,0.023007341523786654,0.15290574941944152,0.02603807971043781,0.15290574941944152,0.026031569376616725,8.881784197001252e-16,0.02082198088269861,0.1557533053354968,0.026533548618397566,0.15290635124082802,0.026097841733963158,0.1519070600990563,0.025629394111464986,0.025601408241878117
2000,1145,0.21856214924104495,0.026593708638719644,0.21856214924104495,0.026587059380298737,8.881784197001252e-16,0.015772227755558817,0.2201431462102465,0.026129559559130655,0.2201431462102465,0.026123026352487932,1.7763568394002505e-15,0.018617990382614313,0.22093763064998212,0.026702761442523162,0.22021505639661826,0.026178006977165488,0.21931155645016148,0.027877424402622038,0.02658076682559583
2000,1146,0.1910210764821586,0.02535376785067086,0.1910210764821586,0.025347428616204804,8.881784197001252e-16,0.022557146500537167,0.1905070449479086,0.025224102348945256,0.1905070449479086,0.025217795534907703,8.881784197001252e-16,0.023481312674336882,0.1874592112581424,0.025524085107382518,0.1903676487083391,0.025257318976959618,0.19267325077550906,0.02544234378182417,0.025450110416555607
2000,1147,0.16700296320453117,0.02868052596513773,0.16700296320453117,0.028673354937155872,8.881784197001252e-16,0.015988486893642944,0.1683598879846837,0.02811080560558344,0.1683598879846837,0.028103777025499686,1.7763568394002505e-15,0.015303538805975764,0.16376625112227777,0.028525573056448317,0.16860126095004668,0.028254982983747595,0.17129347020145774,0.028691405735693648,0.028367473295360143
2000,1148,0.13324261148332872,0.02542913652456068,0.13324261148332872,0.025422778445570303,8.881784197001252e-16,0.008928159936864908,0.13429768180596402,0.02529573236130167,0.13429768180596402,0.02528940763752202,8.881784197001252e-16,0.01155472914424685,0.13270946981619697,0.02553648419106301,0.13420974710942457,0.025328287953085407,0.13200400268310392,0.024737443582554714,0.024858346792051823
2000,1149,0.1938419738943813,0.025780266156122285,0.1938419738943813,0.025773820283748465,8.881784197001252e-16,0.023123336794784684,0.19229065268667106,0.025498989804438935,0.19229065268667106,0.02549261425994512,8.881784197001252e-16,0.021275630986403265,0.19158899158851617,0.025806701206787686,0.19229439696586292,0.025539956056131848,0.19320747667147403,0.025313489411292477,0.025335685391720462
2000,1150,0.22948920004820916,0.02644353247846115,0.22948920004820916,0.02643692076877449,1.7763568394002505e-15,0.014265324932074046,0.2287685637188096,0.026352194537973193,0.2287685637188096,0.026345605665626676,8.881784197001252e-16,0.014047396082441023,0.22726181791629463,0.02727080676989634,0.22873425240770479,0.026422402190261395,0.22789064709250734,0.025313319052404123,0.02546846977292902
2000,1151,0.17855147377282976,0.026654279290519105,0.17855147377282976,0.026647614887541946,8.881784197001252e-16,0.027153520306996196,0.17658614906827957,0.026223416004152716,0.17658614906827957,0.026216859330464994,1.7763568394002505e-15,0.030007254151319034,0.17569771960293712,0.026627742194865064,0.17667453178273695,0.026278517131547136,0.17915319529850432,0.026900195271007794,0.02690796748764014
2000,1152,0.14222824194958106,0.02502429223706106,0.14222824194958106,0.025018035381797095,8.881784197001252e-16,0.01109339348905142,0.1419833857003201,0.02476159693569518,0.1419833857003201,0.02475540576246784,8.881784197001252e-16,0.0133279531607087,0.14096149067471575,0.02494298396097473,0.14183746092106037,0.024785872633400173,0.14047624044924012,0.02425308261163461,0.02442303247437118
2000,1153,0.18947265677102632,0.024150855865405732,0.18947265677102632,0.024144817396536393,8.881784197001252e-16,0.019620283307998893,0.19174752051853766,0.023951078113956702,0.19174752051853766,0.02394508959576985,1.3322676295501878e-15,0.022763162361720927,0.19039225655043462,0.024247871773745003,0.19156232203095275,0.023969188746594094,0.19624562184961786,0.024698555199345183,0.024697418591552486
2000,1154,0.19963484483716193,0.026821200719012263,0.19963484483716193,0.026814494580460382,1.7763568394002505e-15,0.010093248711801887,0.19618830379934282,0.026673560682780418,0.19618830379934282,0.026666891458852496,8.881784197001252e-16,0.010227623207013065,0.19625788189682752,0.026865365098266987,0.1962109398957647,0.02674356296896024,0.19637435025905947,0.025628442365124335,0.02590596387743671
2000,1155,0.20663077577569305,0.02786853760233571,0.20663077577569305,0.027861569596825536,1.7763568394002505e-15,0.009392696884677506,0.20915272247742234,0.027456394124209183,0.20915272247742234,0.027449529167451244,1.7763568394002505e-15,0.007158199406213032,0.21004005246576551,0.028123561536783737,0.2091258896070326,0.027548968611776872,0.20822601863228996,0.026458199057294456,0.026593212982004937
2000,1156,0.17467996784643658,0.026362648445202534,0.17467996784643658,0.026356056959052448,8.881784197001252e-16,0.007452736330454089,0.17662455485747103,0.02604219540167686,0.17662455485747103,0.026035684038804317,1.7763568394002505e-15,0.00667957583753432,0.1760730350500333,0.026298868310212543,0.1766184466280143,0.026082848828819546,0.1766346780017211,0.0253894228492682,0.02539100464931538
2000,1157,0.16374218699401455,0.025182644147711146,0.16374218699401455,0.025176347699519784,8.881784197001252e-16,0.011397300156695834,0.16224891388384888,0.025002131915985944,0.16224891388384888,0.024995880601494932,8.881784197001252e-16,0.011587331055089635,0.16368819169989324,0.025286758456479253,0.16211927898844386,0.025033601558433444,0.16496549541431588,0.024492770035861068,0.02453108043289115
2000,1158,0.19398638997074047,0.026750642558411794,0.19398638997074047,0.026743954061605558,1.7763568394002505e-15,0.015226435646047054,0.19002779603960973,0.026121160493210643,0.19002779603960973,0.02611462938659694,8.881784197001252e-16,0.01642848867135377,0.190437680704578,0.026286111168307303,0.19007366353208732,0.026160845309090606,0.190164589420939,0.026354117472817247,0.02637828372798758
2000,1159,0.16164575486264998,0.025397635261251487,0.16164575486264998,0.025391285058561593,8.881784197001252e-16,0.02000679824720805,0.1620305269329957,0.024902034207414596,0.1620305269329957,0.02489580792047956,8.881784197001252e-16,0.023021364438697407,0.1616915514766531,0.02514728955703727,0.16196745005997826,0.024923088749009486,0.16131662508464462,0.02547712463984127,0.0256819670958167
2000,1160,0.16741204697472511,0.026686978112338767,0.16741204697472511,0.026680305533634062,1.7763568394002505e-15,0.009648868540281106,0.17037017324853704,0.025972276513393344,0.17037017324853704,0.025965782632428387,1.7763568394002505e-15,0.010685883942200453,0.17010733362107278,0.026240133773162474,0.17036014130971372,0.026005511964149287,0.1694843829077301,0.026326955165089108,0.0263677633436945
2000,1161,0.14035020152546795,0.02525988120736088,0.14035020152546795,0.025253565447490346,8.881784197001252e-16,0.018183243642639648,0.14146052392193487,0.02498621344358772,0.14146052392193487,0.024979966109212385,8.881784197001252e-16,0.019987610291297572,0.1400957804929831,0.025437095493758912,0.14141939458374359,0.024993103980015557,0.13954025058150743,0.025336243703924354,0.025490454294845914
2000,1162,0.1701579759052816,0.026006815403383777,0.1701579759052816,0.026000312886616705,1.7763568394002505e-15,0.019051619042937326,0.16864441269299896,0.025598745676275972,0.16864441269299896,0.025592345189696046,8.881784197001252e-16,0.018940521401558285,0.16996728028023267,0.02662674003503248,0.16857863304408321,0.0256557815551414,0.16884765961629145,0.024940845849865965,0.024955404954640163
2000,1163,0.16543376834311907,0.027078976140714278,0.16543376834311907,0.027072205550249473,1.7763568394002505e-15,0.007672348547938506,0.1599268676664925,0.02610906702594656,0.1599268676664925,0.02610253894307769,1.7763568394002505e-15,0.012527407544472745,0.16159039535253605,0.026538849420610598,0.15997280561563676,0.026163579253196394,0.16076748440150684,0.02567698778314126,0.025675318864430023
2000,1164,0.19611349969095654,0.025284875546482198,0.19611349969095654,0.02527855353724562,8.881784197001252e-16,0.02270269494797327,0.19706960241652532,0.025056184756920327,0.19706960241652532,0.025049919927529512,8.881784197001252e-16,0.023141598032799943,0.19600247900327855,0.02537105083536849,0.19703580347858124,0.025088442438565433,0.19623901109390274,0.02640839564492389,0.026418514643576335
2000,1165,0.2192531274511365,0.02611261178486089,0.2192531274511365,0.026106082815691482,8.881784197001252e-16,0.028692074536730686,0.2155610354164219,0.025817179458258035,0.2155610354164219,0.025810724356404854,1.7763568394002505e-15,0.03336051158501273,0.2177275384315891,0.026482475997800944,0.2155930235979816,0.025854617629916813,0.2183323724067847,0.027926456763352585,0.02804475727913533
2000,1166,0.21128618237446217,0.024791540530035523,0.21128618237446217,0.024785341869973627,4.440892098500626e-16,0.008652028427514724,0.2081935488071559,0.024592569573323023,0.2081935488071559,0.0245864206622197,1.7763568394002505e-15,0.009070183977970131,0.20829164217822072,0.024891660312886955,0.20808870037174498,0.024611579913305294,0.2075075034492213,0.024820123787616645,0.024766400457652948
2000,1167,0.18780685192092217,0.025897876541276243,0.18780685192092217,0.025891401262629885,1.7763568394002505e-15,0.01897585732545608,0.18668621714034606,0.025681659667409183,0.18668621714034606,0.025675238449739762,8.881784197001252e-16,0.01691524185433655,0.18572758542626422,0.02590845749322197,0.18658077585529736,0.02571753015031782,0.18678945098719835,0.025677002055639015,0.025672389117354137
2000,1168,0.14986420851594884,0.02523505015257385,0.14986420851594884,0.025228740601243183,8.881784197001252e-16,0.027621292236656842,0.14901862163228252,0.024905707853030992,0.14901862163228252,0.02489948064756973,8.881784197001252e-16,0.02672737597575059,0.14673989219277184,0.02510913274156844,0.1490029530998987,0.02492342855613624,0.15086862186369943,0.025090796385351603,0.025377424314636545
2000,1169,0.15175988874884222,0.026001492604482583,0.15175988874884222,0.025994991418581612,8.881784197001252e-16,0.010863989858521356,0.15669394158350503,0.0255784903653047,0.15669394158350503,0.02557209494318565,8.881784197001252e-16,0.011878100149914549,0.15625547601194506,0.02580745745918259,0.156698529934377,0.025630077115022448,0.1553359252504075,0.025448285383615765,0.025499467135924304
2000,1170,0.17313404871773258,0.02577737124076301,0.17313404871773258,0.02577092609220852,8.881784197001252e-16,0.017920147246408606,0.1746832884996321,0.02535728617039975,0.1746832884996321,0.025350946056243787,8.881784197001252e-16,0.020228922217196525,0.17493200989394786,0.025658217784272252,0.17456228928056328,0.02537844033626111,0.17385070194571317,0.025747509560237688,0.025838932921968358
2000,1171,0.19504873201689082,0.02737128278240787,0.19504873201689082,0.027364439106145777,1.7763568394002505e-15,0.01637908824555561,0.19359831220867635,0.027353117713658535,0.19359831220867635,0.027346278579231425,8.881784197001252e-16,0.015601681590211173,0.19464908228617323,0.027693039767143077,0.1936564676514413,0.027412640441993763,0.19184279848777885,0.02729555950547745,0.027296815089415113
2000,1172,0.11905341213215481,0.025828468853701627,0.11905341213215481,0.0258220109291467,8.881784197001252e-16,0.009623854820315723,0.11587834546326597,0.025344295021015494,0.11587834546326597,0.025337958155052957,1.7763568394002505e-15,0.009294649895335747,0.11583253632058521,0.025550858791433262,0.11588262489824375,0.025369356348772208,0.11661678423446581,0.02513932324617688,0.02523068385288459
2000,1173,0.24583166099919795,0.02631356617120628,0.24583166099919795,0.026306986957158898,1.7763568394002505e-15,0.011569824799295926,0.2497951347789616,0.026215515046027055,0.2497951347789616,0.026208960347825827,1.7763568394002505e-15,0.010787776732968362,0.2509284690121719,0.026461151244606212,0.2498889206693924,0.02631081037208354,0.24676281242921994,0.025701788824214245,0.0258969641391075
2000,1174,0.20537844670472954,0.026185878577712707,0.20537844670472954,0.026179331289554932,8.881784197001252e-16,0.021163970404825528,0.20720242646608,0.02605582756766301,0.20720242646608,0.026049312796322856,8.881784197001252e-16,0.01932927546678042,0.20606092529702852,0.02614892613973182,0.2072074742754641,0.026093927842990826,0.20906829176264347,0.02560512801164092,0.02577282246288317
2000,1175,0.16481851693899857,0.02758007535680538,0.16481851693899857,0.027573179475873285,3.552713678800501e-15,0.012665342759206624,0.1685275993467864,0.02769368659299177,0.1685275993467864,0.027686762305699393,3.552713678800501e-15,0.014234198630927345,0.16924285075988937,0.029172426593978416,0.1686592130659874,0.02779602733970089,0.17844767881051105,0.031052898694163018,0.030968526278273487
2000,1176,0.21164765750021414,0.025732816151193896,0.21164765750021414,0.02572638214280449,1.7763568394002505e-15,0.01621265058749665,0.21155414459081062,0.02551393423870635,0.21155414459081062,0.02550755495763684,1.7763568394002505e-15,0.017066434401859575,0.209348621700697,0.025938129314176987,0.21152458012003394,0.025552390539722213,0.21350846578887483,0.024613535803315666,0.02473972784866192
2000,1177,0.19019763810701046,0.025811124233349678,0.19019763810701046,0.02580467064549199,8.881784197001252e-16,0.016692350553573022,0.1913090405734011,0.02560661211795089,0.1913090405734011,0.025600209664514654,1.7763568394002505e-15,0.014262789432380579,0.1932772446266407,0.02604184224625788,0.1912234474203066,0.025650440136024286,0.19342353128918893,0.02489647468417251,0.024940191975490553
2000,1178,0.1763702420196706,0.02562009428716596,0.1763702420196706,0.025613688462766005,8.881784197001252e-16,0.011070994712090932,0.17953782132132817,0.025485041593711743,0.17953782132132817,0.025478669536706598,8.881784197001252e-16,0.013728862710801083,0.1782636728948997,0.025766806922353013,0.17956171734565313,0.02552785067847298,0.17769959526682705,0.025617592494496987,0.02563514749171735
2000,1179,0.21277282268926367,0.025993623260161445,0.21277282268926367,0.025987124041842537,8.881784197001252e-16,0.012005931778508479,0.21445615631953746,0.025621692211128803,0.21445615631953746,0.02561528598719791,8.881784197001252e-16,0.014154550520716718,0.21121559467613155,0.026134789666845033,0.2144556525598761,0.02564466142248422,0.21628122820488577,0.02644422310766748,0.02641920686784274
2000,1180,0.173937468288495,0.025408607177051578,0.173937468288495,0.025402254231039773,8.881784197001252e-16,0.012911452774663504,0.17507557890440828,0.02525344090136685,0.17507557890440828,0.025247126751774124,8.881784197001252e-16,0.012360003639587818,0.1744555538083316,0.025549335475090137,0.17498463803418474,0.025287985677347337,0.17656713158996334,0.025278494878469775,0.025274646016262118
2000,1181,0.17097769317003708,0.024914190481813675,0.17097769317003708,0.02490796115543006,8.881784197001252e-16,0.007024249991714465,0.17292134577655904,0.024738824634285252,0.17292134577655904,0.024732639154845075,8.881784197001252e-16,0.006952517095030616,0.1711957060761557,0.025089344404268094,0.1726751468876318,0.02475374270082191,0.17220306775356808,0.023894834977383456,0.023928414451297546
2000,1182,0.21552190684775607,0.024409820259698588,0.21552190684775607,0.024403717041636012,8.881784197001252e-16,0.013746583380111931,0.2156400882010988,0.02421070903479143,0.2156400882010988,0.024204655600758872,1.7763568394002505e-15,0.01373744416494301,0.21496913460969969,0.024472487324160387,0.21560264590878475,0.024228836249160758,0.21196704163094,0.025858259731812484,0.025965603281169463
2000,1183,0.16236896305777226,0.02746335019228415,0.16236896305777226,0.02745648349629176,1.7763568394002505e-15,0.012698137447973358,0.16483506509413903,0.02711866713688501,0.16483506509413903,0.027111886622430508,3.552713678800501e-15,0.013719566162568054,0.16393644127732143,0.027865810610283624,0.164896005267767,0.02720616867337284,0.16611661559284807,0.026443667004929634,0.02640281766726519
2000,1184,0.16759643833928645,0.0260728389662871,0.16759643833928645,0.026066319941565552,8.881784197001252e-16,0.010070982080165035,0.16403209994420304,0.025730763222444678,0.16403209994420304,0.025724329727351627,1.7763568394002505e-15,0.011187958760799819,0.16338802622323734,0.026167001883060242,0.16402213629832685,0.025776902830995322,0.1639359442856333,0.025423411903320092,0.025401560272418328
2000,1185,0.186666036204168,0.026236189076566732,0.186666036204168,0.026229629209211645,1.7763568394002505e-15,0.015447091112639998,0.18867099047468533,0.02584474756383192,0.18867099047468533,0.025838285569090624,8.881784197001252e-16,0.01449678713162644,0.19096698275985768,0.026143260148225416,0.18855065339097893,0.02588513182189059,0.18580924767607726,0.02521157645937107,0.025207345051974164
2000,1186,0.16355532979871246,0.025448820281576627,0.16355532979871246,0.025442457281031717,8.881784197001252e-16,0.021243875402930306,0.16349971535161145,0.02521662869033411,0.16349971535161145,0.025210323744944814,8.881784197001252e-16,0.021539050077979845,0.160205240161997,0.025628911361230355,0.16335064576504682,0.025246786610539775,0.16314002823550378,0.024589734403509186,0.02465920166392906
2000,1187,0.1949407247013784,0.026509075149698913,0.1949407247013784,0.026502447052295718,1.7763568394002505e-15,0.012803255877961045,0.19599211609618666,0.02639596191863307,0.19599211609618666,0.02638936210307332,1.7763568394002505e-15,0.01177505233143232,0.20031463149661088,0.027144004848600065,0.19613641218589983,0.02647227839924613,0.19410175855645717,0.026258912840602968,0.026110443063122157
2000,1188,0.1526001402016245,0.025480880785588828,0.1526001402016245,0.025474509768915774,8.881784197001252e-16,0.020669241711080557,0.15369335505346304,0.02526437843277049,0.15369335505346304,0.025258061548453028,1.7763568394002505e-15,0.020200355836314663,0.15326187599220764,0.025505312575562808,0.15363099185271295,0.025307474535691453,0.1521846633029172,0.026082139934885853,0.025984427297516766
2000,1189,0.1936717910723576,0.02472487144168456,0.1936717910723576,0.02471868945097868,8.881784197001252e-16,0.0034857435068857555,0.19418404044507576,0.024533786975931973,0.19418404044507576,0.024527652762315416,8.881784197001252e-16,0.003940202037346356,0.1986609177718609,0.024903697326757138,0.1940419444583894,0.02456643654738085,0.19661814230054364,0.024145616620869493,0.02420983191186877
2000,1190,0.22194481421766232,0.026321769347744883,0.22194481421766232,0.026315188082646955,8.881784197001252e-16,0.004418596575988616,0.22177944102440328,0.02580673588770973,0.22177944102440328,0.025800283397075626,1.7763568394002505e-15,0.0044583762344749525,0.22016792138541164,0.026198631196161313,0.22181030218385395,0.025848608762174163,0.22223313812180406,0.025324553097287896,0.025305404175540124
2000,1191,0.22838061995237785,0.026534490165156625,0.22838061995237785,0.02652785571320515,8.881784197001252e-16,0.00905678577462317,0.22781024341571277,0.02641809984954339,0.22781024341571277,0.026411494498808925,1.7763568394002505e-15,0.009224703737683611,0.2304132666371766,0.027047123821831175,0.22780038549332782,0.02648741444453496,0.2311310536806072,0.02627103849238917,0.02656167301678163
2000,1192,0.19326478949735648,0.025802878926761662,0.19326478949735648,0.025796427400488355,1.7763568394002505e-15,0.020168644428298913,0.19126772186689694,0.02551269087382917,0.19126772186689694,0.025506311903639743,8.881784197001252e-16,0.01872092021790817,0.19281471699402386,0.02582128469384868,0.19130547716168472,0.025532123101013222,0.19163883035461554,0.02706832349419535,0.026718090128019206
2000,1193,0.1754810560722715,0.024328540237221627,0.1754810560722715,0.024322457341705312,8.881784197001252e-16,0.010086166811598091,0.1760630985087962,0.024212927861904987,0.1760630985087962,0.02420687387309629,1.7763568394002505e-15,0.0095194548617523,0.1762384297412169,0.02444138164101251,0.17604095579097923,0.024227371247291095,0.17554426792309924,0.0257725518173481,0.025782548923709504
2000,1194,0.18265462563104795,0.025977801153520632,0.18265462563104795,0.025971305891222953,1.7763568394002505e-15,0.0270372128545517,0.18320685415189408,0.02551898964179357,0.18320685415189408,0.025512609096715263,8.881784197001252e-16,0.02566763240002363,0.1844841109280586,0.02591517440371815,0.1831797729674549,0.02555046211673212,0.1856036682740318,0.026406187233120413,0.026413166994368766
2000,1195,0.21765209168138439,0.025693742106767496,0.21765209168138439,0.02568731786811057,8.881784197001252e-16,0.009790475291562331,0.21633610556051452,0.025527883049695433,0.21633610556051452,0.025521500280987163,1.7763568394002505e-15,0.010212978664653868,0.21531342723161828,0.02580664615075753,0.21633473187380253,0.025567088122549,0.21339590004662434,0.02539493397559162,0.025425541029177226
2000,1196,0.16328802457908304,0.025490565169158326,0.16328802457908304,0.025484191731086667,8.881784197001252e-16,0.011083553694218224,0.163653599069151,0.025160141362766446,0.163653599069151,0.02515385054097471,1.7763568394002505e-15,0.011152006242565947,0.1621602406236618,0.02536687927532341,0.16377506663002883,0.025181622738574393,0.16085897247669217,0.027048669649497023,0.027027919836015282
2000,1197,0.22228428363565045,0.02636820186004697,0.22228428363565045,0.02636160898536958,1.7763568394002505e-15,0.01670149502954489,0.2225161472370602,0.02609443510896468,0.2225161472370602,0.026087910684532416,8.881784197001252e-16,0.020164149623791153,0.22331923698011585,0.026383887238755677,0.22253660795307395,0.026130773656087538,0.22201933612965857,0.02701056187571012,0.02680030346808903
2000,1198,0.18125705286387012,0.02546561851465808,0.18125705286387012,0.02545925131402982,1.7763568394002505e-15,0.03510424621525088,0.18292509031452903,0.025276564287834136,0.18292509031452903,0.02527024435667201,8.881784197001252e-16,0.036644241074789544,0.18295029928148682,0.025761050499208387,0.18299905609811146,0.02529717789549337,0.19060475970317275,0.02758512373673565,0.02772054007558962
2000,1199,0.2084828135655929,0.025343905639842627,0.2084828135655929,0.02533756887123755,1.7763568394002505e-15,0.010066647250952349,0.21114687403474258,0.025114603077088276,0.21114687403474258,0.025108323641291383,1.7763568394002505e-15,0.012087468239983495,0.20969098796385033,0.025516210147323644,0.21112471516638087,0.02515453988327521,0.21580220874912714,0.02508845459665825,0.025076183770912537
2000,1200,0.16896088124956282,0.024934228952587983,0.16896088124956282,0.02492799461596032,1.7763568394002505e-15,0.007108307002102601,0.1686600137789327,0.02465302434699167,0.1686600137789327,0.024646860320305247,8.881784197001252e-16,0.007808820936416584,0.17001456134485948,0.0252160544992829,0.16868515075572726,0.0246865415607933,0.16818508816650501,0.02412030970542575,0.024256726117847995
2000,1201,0.17122831871193056,0.026020706615981132,0.17122831871193056,0.026014200625976702,8.881784197001252e-16,0.0034499131458543284,0.17175733504453916,0.02575074597228923,0.17175733504453916,0.025744307480884104,4.440892098500626e-16,0.0034402004833762856,0.17217842689635293,0.02624224606026224,0.1716198807794787,0.02579038560488987,0.17278975003991742,0.02494919701535341,0.02501363211184172
2000,1202,0.1769833187635535,0.026923696010796618,0.1769833187635535,0.02691696424521801,8.881784197001252e-16,0.011956797379578662,0.1791148536907971,0.02698173757983064,0.1791148536907971,0.026974991302045524,1.7763568394002505e-15,0.012585471134040049,0.18243686484584137,0.027738537773669008,0.1792040136672412,0.027080805167683162,0.17622436069362635,0.026959357950148127,0.02766721439983804
2000,1203,0.1599651261228588,0.025288655255991836,0.1599651261228588,0.02528233230170973,8.881784197001252e-16,0.017315677184673528,0.1590533943277087,0.02505497703020809,0.1590533943277087,0.0250487125027867,8.881784197001252e-16,0.01692648490738608,0.15725440956313053,0.02536044329103978,0.15902786130623742,0.02507635768494805,0.15980032775975628,0.02531135843379987,0.02537259552659344
2000,1204,0.21990744348022923,0.02575057046299325,0.21990744348022923,0.025744132015470933,1.7763568394002505e-15,0.03100940646931941,0.22161209700410406,0.025583051785963346,0.22161209700410406,0.025576655223346557,1.7763568394002505e-15,0.030296600283883614,0.22089240271365307,0.02577209050960018,0.22149847924514154,0.025618766365963497,0.22152485734217803,0.02537142217765043,0.025415760255315202
2000,1205,0.1915706843783383,0.025235873200215395,0.1915706843783383,0.025229563443097083,8.881784197001252e-16,0.01201580328169296,0.1938601461715439,0.02499970832746583,0.1938601461715439,0.024993457618947706,8.881784197001252e-16,0.0134551140850405,0.19169424270920843,0.025385288935588803,0.19360790426410146,0.025034500799416815,0.19511478425827572,0.025406838586535255,0.02540808154943872
2000,1206,0.1738592298964481,0.025485803213506544,0.1738592298964481,0.025479430966072643,1.7763568394002505e-15,0.02869777912666706,0.17407697666983685,0.02532352271312461,0.17407697666983685,0.02531719104088834,1.7763568394002505e-15,0.026569643516909075,0.17444614226159627,0.025588862310818014,0.17406687992140135,0.025345528464927106,0.17546968219896747,0.026065952264998637,0.026137629894282536
2000,1207,0.22000491370624514,0.025312239093232772,0.22000491370624514,0.025305910242254176,1.7763568394002505e-15,0.018403974860895247,0.22196473183376164,0.024980290324975514,0.22196473183376164,0.024974044471564982,8.881784197001252e-16,0.020220452341936448,0.22234178230574625,0.025160729674085665,0.2219282885957934,0.024999007842696607,0.2205419394555425,0.024927424837026185,0.02496121548705106
2000,1208,0.23155405414277913,0.025090187487239683,0.23155405414277913,0.025083914156103435,8.881784197001252e-16,0.017130180593942376,0.23539155105313642,0.024898116811804837,0.23539155105313642,0.024891891504341155,1.7763568394002505e-15,0.019224656343426606,0.23536306363219772,0.025214909176953293,0.2352832032741357,0.024925899627985085,0.23923345891808556,0.024547597320603104,0.024394460192199055
2000,1209,0.1477934582820627,0.02536602383853114,0.1477934582820627,0.025359681539685024,8.881784197001252e-16,0.014747728679299108,0.1490851058301469,0.0250962895309015,0.1490851058301469,0.025090014674063597,8.881784197001252e-16,0.01585912553526789,0.14928047306990255,0.025284921799274294,0.1490760455150683,0.025118457963792872,0.1471635241290425,0.025852791488184933,0.026100520219406165
2000,1210,0.17224633150691154,0.02585947002161232,0.17224633150691154,0.025853004345796387,8.881784197001252e-16,0.014835333848685309,0.17492204409275702,0.02566004891400501,0.17492204409275702,0.025653633099699445,8.881784197001252e-16,0.017132428138658038,0.1734479302555575,0.025912652254424406,0.17495048703487548,0.025679880495173734,0.17448603370134036,0.02505159973963301,0.02510192304322931
2000,1211,0.18192865977954303,0.02632699141977245,0.18192865977954303,0.026320408848993282,1.7763568394002505e-15,0.01321927074641254,0.18455919742051752,0.0262917302239262,0.18455919742051752,0.02628515646954818,1.7763568394002505e-15,0.009576788341882438,0.18538873064915518,0.026832826516485143,0.18455570667742516,0.026358073872032557,0.17968749726211747,0.025693847980635724,0.02557663516365492
2000,1212,0.2166716573939651,0.02592449991574276,0.2166716573939651,0.0259180179804206,8.881784197001252e-16,0.028898110583425972,0.21714031896640368,0.025808615866364803,0.21714031896640368,0.025802162905677273,8.881784197001252e-16,0.02913434158862434,0.21939901200022105,0.02659197429528043,0.21718537927478926,0.02585305734022069,0.21256796771825504,0.02662748717060433,0.026549475858650255
2000,1213,0.1327275876942987,0.024728732303887637,0.1327275876942987,0.024722549347845527,8.881784197001252e-16,0.017955239431846737,0.13223416399207688,0.024515129135830448,0.13223416399207688,0.02450899958725712,8.881784197001252e-16,0.01827815937361353,0.13371154066691898,0.024978369877417292,0.13211619750873604,0.024528620625473032,0.13061716683633173,0.024921422524573366,0.025379891877447682
2000,1214,0.18383027456413853,0.025700376854053276,0.18383027456413853,0.025693950956502138,1.7763568394002505e-15,0.015568899756234478,0.1822562665826591,0.025467997207277607,0.1822562665826591,0.025461629411901845,1.7763568394002505e-15,0.017842768025718873,0.184014321761247,0.025854073152008085,0.18227310108517775,0.025509801297138594,0.17925838186287435,0.026520312440554607,0.026501747129340027
2000,1215,0.20538421635729537,0.026067201703368754,0.20538421635729537,0.026060684088139142,8.881784197001252e-16,0.009638461526521296,0.20723449475841182,0.02585608937443717,0.20723449475841182,0.025849624543888703,8.881784197001252e-16,0.010770789355848,0.20510596381673674,0.026074196410265413,0.20713991892460476,0.025885840853803677,0.21429439540463247,0.025441517749330032,0.025078647556897135
2000,1216,0.20972525587887159,0.026267942559224714,0.20972525587887159,0.026261374752506422,1.7763568394002505e-15,0.009730153476757849,0.20915599662688833,0.02607535612420995,0.20915599662688833,0.02606883647012024,8.881784197001252e-16,0.010364115173646101,0.2094947564934947,0.026468542022976074,0.20914734795269646,0.026114329059444844,0.21067239636577273,0.025682875819664733,0.025607897407520376
2000,1217,0.18639156154581887,0.026377362586386437,0.18639156154581887,0.026370767421241125,1.7763568394002505e-15,0.012902069092560588,0.18924930077967178,0.02594148239346257,0.18924930077967178,0.02593499621199015,8.881784197001252e-16,0.012870334277976868,0.18969959299611938,0.02631676037814399,0.18930543764028224,0.025998817566741397,0.18967537924334027,0.02571970795008032,0.025762938845398393
2000,1218,0.16133449969478308,0.027006534790375687,0.16133449969478308,0.026999782312512828,8.881784197001252e-16,0.019004545401812182,0.16023367020135126,0.026557455984213097,0.16023367020135126,0.026550815790089003,8.881784197001252e-16,0.018278325650242518,0.15899460493257755,0.02687021057642095,0.16021688363848474,0.02660997331669508,0.16304522075335787,0.025912386580346933,0.025943373011916952
2000,1219,0.18079988029396266,0.025239370309970283,0.18079988029396266,0.025233059678465224,8.881784197001252e-16,0.01816641324136338,0.1789647651823824,0.02498955897181052,0.1789647651823824,0.024983310800948556,8.881784197001252e-16,0.02033913221829033,0.17702952296263103,0.025187402367335764,0.1788594920995908,0.025027072736833977,0.17844535669027345,0.02460688103441969,0.024634258362284236
2000,1220,0.18811706720367732,0.026471043357482096,0.18811706720367732,0.026464424769215747,1.7763568394002505e-15,0.010168659836124347,0.18747711886086105,0.026342915337054087,0.18747711886086105,0.02633632878479785,1.7763568394002505e-15,0.011283327891119542,0.18376670846272308,0.026940677747928903,0.18745774080283772,0.02639232732292931,0.18759222355173755,0.02512690014179878,0.025123321594519684
2000,1221,0.15061100662075427,0.026183384587522496,0.15061100662075427,0.026176837922940226,8.881784197001252e-16,0.013365653931626434,0.15116000177926064,0.025848071566032475,0.15116000177926064,0.025841608740186726,8.881784197001252e-16,0.012221281277509427,0.14947375989418515,0.026193068684002247,0.1511879692274361,0.025866932215371702,0.15394434557702263,0.02562042793957941,0.026067102088990098
2000,1222,0.18783932054720354,0.027866581750369913,0.18783932054720354,0.02785961423388386,3.552713678800501e-15,0.020589688791930322,0.18358286615827918,0.026512373343029586,0.18358286615827918,0.026505744420974968,8.881784197001252e-16,0.02189666607384075,0.18384163688440158,0.026923633827946037,0.18382722691333864,0.026628534916355914,0.185108197830247,0.02810331806302213,0.029482113344252388
2000,1223,0.19979390592928215,0.024757114947622654,0.19979390592928215,0.02475092489503243,8.881784197001252e-16,0.008443831393206064,0.20029806431017022,0.024546989321151003,0.20029806431017022,0.024540851806535466,8.881784197001252e-16,0.00853335028726281,0.19913816021902386,0.024810385904503122,0.20023461601603065,0.024567883520615418,0.20056246270710176,0.024741074166930208,0.0247141675748013
2000,1224,0.1828669478792193,0.0260127861464914,0.1828669478792193,0.02600628213685192,8.881784197001252e-16,0.009392280413261912,0.18449841699418879,0.025634043047626977,0.18449841699418879,0.025627633735600897,1.7763568394002505e-15,0.010122846369805963,0.18593775570506887,0.026064972909537177,0.18446548193173445,0.02566319163219516,0.18350827628447564,0.024688657125973613,0.024739375924579372
2000,1225,0.1995183668421136,0.02663618905746483,0.1995183668421136,0.026629529177611397,1.7763568394002505e-15,0.007316082695135949,0.20085793903695814,0.02643652294846615,0.20085793903695814,0.02642991299138109,8.881784197001252e-16,0.006630824655165592,0.20330277669405833,0.027091950477659485,0.20082858009698967,0.026486506352560866,0.20014666209148962,0.026037119651978444,0.026041877694245447
2000,1226,0.19558918250106416,0.026798793477263078,0.19558918250106416,0.026792092941222034,1.7763568394002505e-15,0.006720448311408438,0.1991306544257485,0.026412940031907202,0.1991306544257485,0.026406335971288435,1.7763568394002505e-15,0.004305055522932733,0.199850935234841,0.027183534864014203,0.1991473750970046,0.026476236245874665,0.19798557185935034,0.025941118358237984,0.025915398407574418
2000,1227,0.17764664765148552,0.025329536141362487,0.17764664765148552,0.02532320296558119,8.881784197001252e-16,0.01765354404668888,0.17683327596945125,0.024921957107866072,0.17683327596945125,0.02491572583958318,8.881784197001252e-16,0.019649874307138136,0.17553190297591043,0.025244783407733496,0.1767030549938981,0.02495117790267392,0.17607754499257844,0.02568531718638453,0.02564219121154839
2000,1228,0.19631150460279512,0.027265379703553125,0.19631150460279512,0.027258562506371046,1.7763568394002505e-15,0.007575874962860191,0.1942180545130489,0.02666995725912273,0.1942180545130489,0.02666328893616336,1.7763568394002505e-15,0.007277131600942108,0.1941826214764552,0.027272625171250234,0.19422137375330373,0.02675381303316931,0.19026280019837977,0.025910672012596503,0.025832295893523115
2000,1229,0.20011348862634853,0.02878307898181915,0.20011348862634853,0.028775882312377543,8.881784197001252e-16,0.004138403229095151,0.19933834346267543,0.02844028766988812,0.19933834346267543,0.028433176708989392,1.7763568394002505e-15,0.004950082596428605,0.20112151283889818,0.029574529027361175,0.19953579372152114,0.028650817470552647,0.1966313032371267,0.026664550655458648,0.026516199195404027
2000,1230,0.15915609340371523,0.025905538268264444,0.15915609340371523,0.025899061073946857,1.7763568394002505e-15,0.01656471391219341,0.15964998198105618,0.0257023165260819,0.15964998198105618,0.02569589014355212,1.7763568394002505e-15,0.018971940065014035,0.15725355656040912,0.02582487112862215,0.15954759103429472,0.02574604822392659,0.16178871564078556,0.024999085070357835,0.02501176553715469
2000,1231,0.18305768098242992,0.026943258324682317,0.18305768098242992,0.02693652166791376,1.7763568394002505e-15,0.015450845831106966,0.18360751976584727,0.02662935999424692,0.18360751976584727,0.02662270182187275,8.881784197001252e-16,0.01818935650654947,0.1864108095087456,0.02728428612998173,0.18369004897723618,0.02670711074331299,0.1850166037368149,0.026045747264829357,0.026096233951690154
2000,1232,0.2060926400599839,0.027575942209799455,0.2060926400599839,0.027569047362283307,8.881784197001252e-16,0.010076186954496172,0.20460384543246546,0.027213592027206343,0.20460384543246546,0.027206787778562117,3.552713678800501e-15,0.010597304538872088,0.203781678046838,0.027896635351078086,0.20461448542130078,0.027306913345961584,0.20626415537986492,0.02462607511205589,0.02463697111126826
2000,1233,0.16082999250297908,0.02560218931589148,0.16082999250297908,0.025595787968294013,8.881784197001252e-16,0.010512696580078367,0.16245070024795605,0.02544068854675717,0.16245070024795605,0.025434327579400142,1.3322676295501878e-15,0.010524923210746398,0.16351556356347363,0.025760635065562164,0.16240304763256763,0.02547795555394333,0.15963243977869873,0.025857599134755258,0.025892334503681856
2000,1234,0.16392336206435404,0.025157023699179007,0.16392336206435404,0.02515073365690062,1.7763568394002505e-15,0.02939114997554157,0.16196715688205865,0.02478421548733846,0.16196715688205865,0.0247780186587662,8.881784197001252e-16,0.026852495996939674,0.16325308268549255,0.02519697919228302,0.16185018951996177,0.024808186009948933,0.1623281249897056,0.025175015904371278,0.025200735531550035
2000,1235,0.1917373837635381,0.024623875559490558,0.1917373837635381,0.024617718820912137,8.881784197001252e-16,0.02027401221100588,0.1935822806792849,0.024450239218469387,0.1935822806792849,0.02444412589440372,8.881784197001252e-16,0.02322301109074785,0.19159843718066621,0.0246883470348803,0.1933694982472649,0.024462944113126314,0.19315871459652506,0.024324138571874408,0.02426916966476821
2000,1236,0.19344754171275985,0.026086356058551478,0.19344754171275985,0.026079833654134344,8.881784197001252e-16,0.019922030983207238,0.1930828737526863,0.025817065090600493,0.1930828737526863,0.0258106100173428,8.881784197001252e-16,0.017546841289079823,0.1946888954807019,0.02605381850716078,0.19307527545085368,0.02586299453945826,0.19184375945736443,0.026262793213493157,0.026250469279451006
2000,1237,0.16492672375698247,0.02439996564185102,0.16492672375698247,0.02439386488775094,8.881784197001252e-16,0.008028599266043606,0.16546728285969486,0.02421228224920255,0.16546728285969486,0.024206228421817213,8.881784197001252e-16,0.007213609845756507,0.16558276197664357,0.024468139070746523,0.16530499763014556,0.02422039350078914,0.16562491156803305,0.024306323657022295,0.02455488538804656
2000,1238,0.1496606163384664,0.024911327349302376,0.1496606163384664,0.02490509873879139,1.7763568394002505e-15,0.013385773187872643,0.15058211854986087,0.024639911691041894,0.15058211854986087,0.02463375094292933,1.7763568394002505e-15,0.013196740442568834,0.1504176945347282,0.02501163832392037,0.15043952543298544,0.024663945295158436,0.1498897634182973,0.024202728404853237,0.024247045566324576
2000,1239,0.22384467107463657,0.026385655228066966,0.22384467107463657,0.026379057989502012,1.7763568394002505e-15,0.003304630149545964,0.2211070398361658,0.026006286511117062,0.2211070398361658,0.02599978412658959,8.881784197001252e-16,0.003008430414667632,0.22111137338531378,0.02646216821096214,0.22103567714098743,0.02605043309532884,0.22277283634437917,0.025046556077705104,0.024929436442467926
2000,1240,0.21400135778845153,0.03069123939210649,0.21400135778845153,0.030683565622917384,8.881784197001252e-16,0.013857231206259804,0.21624541886731874,0.030350201380049256,0.21624541886731874,0.030342612881023266,8.881784197001252e-16,0.011569981273473893,0.2172771717785676,0.031063463294489717,0.21664078982816098,0.030616715400090068,0.21325417021259901,0.028570328062832984,0.030491100239228384
2000,1241,0.19014552160037695,0.02608645998581032,0.19014552160037695,0.02607993755540813,1.7763568394002505e-15,0.015296248240772031,0.18880416717342025,0.025780948761744964,0.18880416717342025,0.025774502718698404,1.7763568394002505e-15,0.019825289557886837,0.1894881600510162,0.026138478055390067,0.18884191562543096,0.02580871836154487,0.18978717017421365,0.026953649320476745,0.02700348449801375
2000,1242,0.19058439240142572,0.02615617417578991,0.19058439240142572,0.02614963431466111,1.7763568394002505e-15,0.01900629900991658,0.1932895595974518,0.025939274588585026,0.1932895595974518,0.025932788959132834,1.7763568394002505e-15,0.019832970434189603,0.19569075712412054,0.026514103722631757,0.193454880942257,0.02596983589073005,0.1960297765264581,0.02644913791681255,0.02645216335447027
2000,1243,0.18100342198382308,0.02526866836380313,0.18100342198382308,0.02526235040686882,1.7763568394002505e-15,0.01779395489738917,0.18039268042193096,0.025006486639772982,0.18039268042193096,0.025000234236464903,1.7763568394002505e-15,0.01960323727604775,0.1811067841022186,0.02518107354528268,0.180423799693345,0.025029745845456346,0.1796974496367056,0.026208938750937,0.026216049114195228
2000,1244,0.16570250046352225,0.028379251921460773,0.16570250046352225,0.028372156221407003,8.881784197001252e-16,0.007975016474466747,0.16763169600040173,0.027931598972315723,0.16763169600040173,0.027924615199491888,3.552713678800501e-15,0.009341293033613567,0.16636488696835172,0.02904041709364424,0.16778850315828753,0.028085159222201832,0.16982606024406122,0.02578199381115884,0.025750912064338972
2000,1245,0.15621407263387127,0.026120686875459855,0.15621407263387127,0.026114155887265393,8.881784197001252e-16,0.015305415665166558,0.1539208098405142,0.02581120165238896,0.1539208098405142,0.025804748045174096,8.881784197001252e-16,0.01699355956285283,0.1543148252720044,0.02627608965475121,0.15387248916799612,0.025845981260369588,0.15240587472042655,0.025844658108127624,0.02583120212062394
2000,1246,0.2385574962466624,0.026454779650149286,0.2385574962466624,0.02644816512831814,8.881784197001252e-16,0.03670686867002516,0.23881986794196652,0.026262707009616817,0.23881986794196652,0.026256140511949574,8.881784197001252e-16,0.03455549929075743,0.23854217205981787,0.02655803775405216,0.23886225710497477,0.026346819964684683,0.2397820983058378,0.026292227656637638,0.027193581235531707
2000,1247,0.19320651565580527,0.027030477028899866,0.19320651565580527,0.027023718564728988,8.881784197001252e-16,0.02177162195407555,0.19476386620559927,0.026952973393501205,0.19476386620559927,0.026946234307661777,1.7763568394002505e-15,0.024099335547328495,0.1926907566249389,0.02725407070693493,0.19483521122164354,0.02703651999845053,0.19478675856006472,0.026956903615326922,0.027045080587533257
2000,1248,0.16270708402899975,0.025886434976693077,0.16270708402899975,0.025879962558795506,8.881784197001252e-16,0.01922861144756049,0.16512481159460818,0.02548700846164571,0.16512481159460818,0.0254806359128621,8.881784197001252e-16,0.018754556427393765,0.16346006439442762,0.02602422472138518,0.16505944895359087,0.025524232917746126,0.1637620585831595,0.025583970814714113,0.025608960104284817
2000,1249,0.19433467396834875,0.026776887941272788,0.19433467396834875,0.026770192882300464,1.7763568394002505e-15,0.015402601856771976,0.1955071658309377,0.026301009251905802,0.1955071658309377,0.026294433177480748,8.881784197001252e-16,0.014536093400182153,0.19830772999672336,0.027089481855575262,0.19551551738456036,0.026354191211965947,0.19543244377053726,0.026072844194405195,0.02607263302325644
2000,1250,0.15614901197802722,0.026240319035303796,0.15614901197802722,0.02623375813532993,8.881784197001252e-16,0.0033156397740853744,0.15765492485060068,0.025850230056168044,0.15765492485060068,0.02584376669063229,8.881784197001252e-16,0.003197258622998782,0.15500486380568418,0.026162560488036016,0.15764096589683324,0.025874409887735362,0.16315981424308929,0.024523851833585405,0.024615076617453595
2000,1251,0.1828715215243662,0.025019440665170926,0.1828715215243662,0.02501318502295159,8.881784197001252e-16,0.011649382261743783,0.18477325366646424,0.024824147330189398,0.18477325366646424,0.024817940517408245,8.881784197001252e-16,0.014018386600123693,0.18180721471981987,0.02513291133386751,0.18476157294495332,0.02485206880483017,0.18365445157794075,0.025451039561377693,0.025503957087715325
2000,1252,0.21250829198962162,0.025511635426119873,0.21250829198962162,0.025505256719825363,8.881784197001252e-16,0.006484795241003775,0.21020652582155835,0.025080179936442674,0.21020652582155835,0.02507390910750694,8.881784197001252e-16,0.006947940479940832,0.20972404539849088,0.02520916599969114,0.21011249757363465,0.025119743404646285,0.2138797274037763,0.024218376360361622,0.024273770867921495
2000,1253,0.1837653507773408,0.02671242340040386,0.1837653507773408,0.02670574445958177,8.881784197001252e-16,0.007641011109647554,0.18447271536955023,0.02616228623432034,0.18447271536955023,0.026155744844985857,8.881784197001252e-16,0.009177184963185427,0.18375578395576686,0.026661234502069687,0.18437166928353838,0.026219932531692587,0.1850953107261435,0.026073732303075674,0.02607570580841627
2000,1254,0.17319931389676868,0.027326741571818174,0.17319931389676868,0.027319909032250986,1.7763568394002505e-15,0.007685226260098314,0.1723191566688818,0.027038471502897673,0.1723191566688818,0.027031711039858408,1.7763568394002505e-15,0.008481157428814078,0.17033169453100389,0.02778715841128428,0.17243316097674494,0.02709995507919324,0.1734176612056565,0.026284401743046137,0.026242241762533355
2000,1255,0.17956301225912819,0.026061534547903612,0.17956301225912819,0.02605501834964001,1.7763568394002505e-15,0.006963163064153986,0.18060414222748777,0.025751140634274125,0.18060414222748777,0.025744702044191162,8.881784197001252e-16,0.007378015825742577,0.179510245525148,0.025979687162502707,0.18054145274274125,0.025791705535881636,0.18041018481026444,0.024706078104379487,0.024758704290586554
2000,1256,0.17570091953151762,0.02551326095406331,0.17570091953151762,0.025506881841336006,8.881784197001252e-16,0.015176655977706672,0.17415213229969517,0.025382858982792623,0.17415213229969517,0.025376512474634214,8.881784197001252e-16,0.015032055341005593,0.17272535437343944,0.02561749942536012,0.17417338034828872,0.025403420098156448,0.1731843853847601,0.025084955832668444,0.025086531157498655
2000,1257,0.14796649682639318,0.029262113373672564,0.14796649682639318,0.029254796930659417,1.7763568394002505e-15,0.015806672492741137,0.14985997118555572,0.02893636681540442,0.14985997118555572,0.028929131819212965,1.7763568394002505e-15,0.01602317026949476,0.1546359381221915,0.029997620694204325,0.15016070908228651,0.02906498819099647,0.1562649457233825,0.029042797510340942,0.02866138861388556
2000,1258,0.2003626186309994,0.025296015542865948,0.2003626186309994,0.025289690748282058,8.881784197001252e-16,0.011706605117282973,0.20181216030359794,0.025106986282579537,0.20181216030359794,0.02510070875121936,8.881784197001252e-16,0.011098333384765024,0.20355154334576087,0.02525553745169423,0.20171738156290497,0.025155056638237975,0.20130057232752913,0.025593096530872113,0.025617653647055923
2000,1259,0.18048866828538718,0.025358255320132764,0.18048866828538718,0.02535191496365908,1.7763568394002505e-15,0.012276814736030645,0.18374447334945349,0.024984543898537857,0.18374447334945349,0.02497829698160097,1.7763568394002505e-15,0.015799839507519304,0.1797064885547861,0.025262224204610707,0.18382577808985784,0.024997283952690647,0.18600658748358412,0.02545243811338308,0.025522708557469978
2000,1260,0.19666762751920525,0.02634175448350991,0.19666762751920525,0.026335168221503346,8.881784197001252e-16,0.015776243433633742,0.19540376711133972,0.025967691205011398,0.19540376711133972,0.02596119847051686,8.881784197001252e-16,0.01793130823767028,0.19546582255263245,0.026594661119639384,0.19547510581766586,0.02603745742677583,0.195111830923695,0.02735676121111897,0.02746318381434641
2000,1261,0.16619323230831767,0.024905545741639085,0.16619323230831767,0.02489931857671073,8.881784197001252e-16,0.025197639280193477,0.1667091019016526,0.024741890994829336,0.1667091019016526,0.024735704748703173,8.881784197001252e-16,0.02431480285868596,0.16687791941070662,0.02500931514385131,0.16657534947916525,0.02475579301790829,0.16514193835917262,0.02427089998198309,0.02436717757000049
2000,1262,0.2076554975689895,0.025472857255228794,0.2076554975689895,0.025466488244689126,8.881784197001252e-16,0.011976727243749704,0.20835828650131089,0.02528325878831591,0.20835828650131089,0.025276937183319408,8.881784197001252e-16,0.010752844535860383,0.20917126619461812,0.025725214584344427,0.20836332316574874,0.025315049690259734,0.21015420025971676,0.025540886965074523,0.025568452024771413
2000,1263,0.1648895523919432,0.025704627742063783,0.1648895523919432,0.025698200781657767,8.881784197001252e-16,0.009253860429409354,0.1617013351722114,0.025233676837996266,0.1617013351722114,0.025227367630037165,8.881784197001252e-16,0.010176583180643836,0.16159625058169275,0.025455391687426013,0.1616422504892896,0.02526454119850448,0.16102943703981737,0.02566847421282579,0.025674801726295132
2000,1264,0.18328176041576538,0.02582694728098388,0.18328176041576538,0.025820489736869696,1.7763568394002505e-15,0.005419627856091436,0.18243407562573027,0.02551712804501803,0.18243407562573027,0.02551074796539711,1.7763568394002505e-15,0.0056471662747026325,0.18294995993431618,0.025725872935364394,0.18242372137374468,0.025570136220763463,0.1828732505344064,0.02632910872328966,0.02632831497512537
2000,1265,0.22692187495548205,0.02508366811146589,0.22692187495548205,0.025077396410377366,8.881784197001252e-16,0.007607822725520232,0.2216234088063796,0.024653066780464757,0.2216234088063796,0.024646902743168636,8.881784197001252e-16,0.005868829276365777,0.22193336344863962,0.024894995127435468,0.22135238470344815,0.02467868801943344,0.2281533153179207,0.024442478420879325,0.02435084496598022
2000,1266,0.24607544981757795,0.02636715366615782,0.24607544981757795,0.02636056105356167,8.881784197001252e-16,0.025412513918032578,0.24593358212102157,0.02584802063366719,0.24593358212102157,0.02584155782055613,8.881784197001252e-16,0.0233629339940784,0.2468472586411512,0.02621918616465061,0.24590171338526084,0.02589134437264991,0.24740702384583968,0.02615716007727531,0.026145922738898018
2000,1267,0.20153555349604524,0.02566813846322181,0.20153555349604524,0.025661720626276086,8.881784197001252e-16,0.006816576166694523,0.20415654469477046,0.025494176299545045,0.20415654469477046,0.025487801958577916,8.881784197001252e-16,0.00768565489963941,0.20381371648609642,0.025656026265010408,0.2041373421594998,0.025509580322530215,0.20335329105939765,0.02519098302015522,0.02514837997185162
2000,1268,0.17748040739482107,0.025273511452130023,0.17748040739482107,0.025267192284272245,8.881784197001252e-16,0.0087875887160022,0.17846712058326153,0.025043323014604903,0.17846712058326153,0.025037061401051698,8.881784197001252e-16,0.009315178528735086,0.17767015448860995,0.02520749996049959,0.17834959488123653,0.025062210652643635,0.17730865578442284,0.0246307361737727,0.024659164199395553
2000,1269,0.1888290475316428,0.02663113604017222,0.1888290475316428,0.02662447742373105,1.7763568394002505e-15,0.010895890092110687,0.18827521530010716,0.026364631397960255,0.18827521530010716,0.02635803941600999,1.7763568394002505e-15,0.012575397299242012,0.18652252522424995,0.026554039254882814,0.18834989177427186,0.026403793274552875,0.18970770081692784,0.026334217650657063,0.026342850997962398
2000,1270,0.1888363759403744,0.02575784137072896,0.1888363759403744,0.025751401105252442,1.7763568394002505e-15,0.00739296894542618,0.18785674108472505,0.025324249358453732,0.18785674108472505,0.025317917504533417,8.881784197001252e-16,0.011865222610760734,0.18761068482586257,0.025859776669915867,0.18778105605431838,0.025376324470792196,0.18884615699526508,0.025135717068356676,0.025163492884699303
2000,1271,0.18603046561374903,0.02507290426932475,0.18603046561374903,0.025066635259533215,8.881784197001252e-16,0.011528064812612602,0.18604979756383716,0.024759098623202316,0.18604979756383716,0.024752908074631194,8.881784197001252e-16,0.01244306777817978,0.18569814683777502,0.02499429285037575,0.18601979131845703,0.02477349288928107,0.18506269693245408,0.0257436798727981,0.02594017885720682
2000,1272,0.17904102546765926,0.02523428364642533,0.17904102546765926,0.025227974286745156,8.881784197001252e-16,0.02041282707745055,0.17733916556483004,0.02499536532289448,0.17733916556483004,0.024989115700263253,8.881784197001252e-16,0.017655162296773674,0.17681239680220334,0.025252944649942887,0.1772926533034438,0.025008036311923165,0.1767648132546215,0.024460783571941647,0.02463683249328737
2000,1273,0.16920124995446478,0.025418302134063795,0.16920124995446478,0.025411946764009694,8.881784197001252e-16,0.03276993741745731,0.16910496346867343,0.025123084402465978,0.16910496346867343,0.025116802846072636,1.7763568394002505e-15,0.033408466604286,0.17232681338646388,0.02564842947565795,0.16909153853252712,0.02516383183036946,0.17010805659241535,0.02625513697176993,0.02631567679501678
2000,1274,0.19855016257897956,0.025582517287921287,0.19855016257897956,0.025576120858945717,8.881784197001252e-16,0.027791344578603747,0.1981734168017124,0.02529330330582614,0.1981734168017124,0.025286979189386282,1.7763568394002505e-15,0.027588017860157705,0.1983129841341087,0.025519537125274095,0.19812330383768023,0.02531793141197948,0.1974764097429656,0.025626179362018248,0.025627338209926173
2000,1275,0.2033203205650913,0.026246529875457066,0.2033203205650913,0.026239967422579023,8.881784197001252e-16,0.003929120556564884,0.20299398643900535,0.02601475539582412,0.20299398643900535,0.02600825089381075,8.881784197001252e-16,0.003620617727011463,0.20508123899964048,0.02627678837192235,0.20280206411175966,0.02607062355977665,0.20325793329355601,0.024950789674397275,0.024991665886885152
2000,1276,0.16812219576908838,0.02640303875377009,0.16812219576908838,0.026396437168780346,1.7763568394002505e-15,0.01551105489244221,0.1689582419968499,0.02627753866589758,0.1689582419968499,0.026270968459852665,4.440892098500626e-16,0.01554337324711746,0.17029308497840634,0.02661011425107487,0.16896305580012838,0.026319806706700224,0.16830406866476766,0.025434582992950632,0.025391171544857472
2000,1277,0.15216951257321043,0.026835740280745406,0.15216951257321043,0.02682903050684862,1.7763568394002505e-15,0.0016492809571587313,0.15039191832282395,0.02658498426295494,0.15039191832282395,0.026578337185900688,1.7763568394002505e-15,0.0022257968943354294,0.1488974147007695,0.027184212898386927,0.1504233167586418,0.026635162687065138,0.1506656619029671,0.025884390041518022,0.025882023319340815
2000,1278,0.26376107102179586,0.028119980567505858,0.26376107102179586,0.02811294969339483,8.881784197001252e-16,0.005919631886062069,0.26458906334034454,0.02795858236807006,0.26458906334034454,0.027951591848553847,1.7763568394002505e-15,0.006095091574780404,0.2655795082540157,0.02824226478049196,0.26476104739982737,0.02806747501108991,0.2657921463050142,0.0262073286427966,0.026120113264736206
2000,1279,0.23851498733127408,0.02636115414637548,0.23851498733127408,0.02635456303384681,1.7763568394002505e-15,0.006655225208641046,0.23764279000128896,0.02605469016874648,0.23764279000128896,0.02604817568179161,8.881784197001252e-16,0.008626542068245533,0.23756945646542615,0.02623305047052706,0.23774793699634528,0.026118636872129543,0.2394694856686685,0.0267757373269407,0.02763053718515818
2000,1280,0.20603588878162282,0.02566941653688626,0.20603588878162282,0.025662998380382166,6.661338147750939e-16,0.010197671731041235,0.2090214198212148,0.025367328215553438,0.2090214198212148,0.02536098559057229,1.3322676295501878e-15,0.010780189651747683,0.21029153775109888,0.025569128615195308,0.2089642393014835,0.02540275863045338,0.21252979613244805,0.026124636891795425,0.026147411660870666
2000,1281,0.18760492086770975,0.027709442263791878,0.18760492086770975,0.027702514037089312,8.881784197001252e-16,0.007838939302125049,0.1923740097272701,0.027145928432749395,0.1923740097272701,0.027139141102118798,8.881784197001252e-16,0.008432467903422976,0.1948489390744233,0.027862581168818727,0.19237959847710517,0.027217865127162393,0.19602038649685732,0.025865211691695932,0.02585082981298252
2000,1282,0.18509165419246304,0.024924261291759637,0.18509165419246304,0.024918029447358745,1.7763568394002505e-15,0.007624093380980062,0.18346879357747042,0.024613218500521044,0.18346879357747042,0.024607064426540485,8.881784197001252e-16,0.007357476378495075,0.18526179196829867,0.02493272162879112,0.18319078902340558,0.024641625869898525,0.18710050409633477,0.02399071051594453,0.023994654710250873
2000,1283,0.1634344291571082,0.025992491207892557,0.1634344291571082,0.0259859922726221,8.881784197001252e-16,0.0122050129248973,0.164920499033477,0.025665826051996566,0.164920499033477,0.02565940879322593,8.881784197001252e-16,0.01218479945860389,0.16356265634068212,0.025918151318139872,0.16486248135814835,0.025694078739974865,0.16362599853909326,0.02490834867063942,0.025019485865132803
2000,1284,0.1914399923087915,0.02612357044844858,0.1914399923087915,0.026117038739270734,8.881784197001252e-16,0.013181241455547332,0.19167036576741853,0.025824326559769205,0.19167036576741853,0.025817869670917242,8.881784197001252e-16,0.012427478489989088,0.19529395162326552,0.026376020291262854,0.19158982503667582,0.025856476856220532,0.1870773964956156,0.025995217014023245,0.02596123161306925
2000,1285,0.22273927422806933,0.02722353895291348,0.22273927422806933,0.02721673221722691,1.7763568394002505e-15,0.0031005858162627305,0.22276555597643666,0.02699818190532983,0.22276555597643666,0.02699143151594932,8.881784197001252e-16,0.00382383825176002,0.22646315596966882,0.02795938862466107,0.22285968966215608,0.02709579293002074,0.22316831977164525,0.025972591307788794,0.026352745453304394
2000,1286,0.17989873711458682,0.025472746550953954,0.17989873711458682,0.025466377568093813,1.7763568394002505e-15,0.00316186430294157,0.17951607748286746,0.025213387442564954,0.17951607748286746,0.025207083307588914,8.881784197001252e-16,0.0024291046966971996,0.17903978498226458,0.02551208531422615,0.17920286028412313,0.025243449342407458,0.18275399354562633,0.02488953903463486,0.02487993338987211
2000,1287,0.17784033211060007,0.025108444784654703,0.17784033211060007,0.025102166888623417,8.881784197001252e-16,0.013542560591356981,0.17562525008726582,0.02476014873998508,0.17562525008726582,0.024753957928851936,8.881784197001252e-16,0.014763041435523289,0.17677451826427087,0.024980847371864744,0.17565402086356713,0.02478727651943737,0.17964653162290722,0.024320463710070763,0.024538608985739892
2000,1288,0.2195711568425514,0.026801431944082982,0.2195711568425514,0.026794730748342762,1.7763568394002505e-15,0.018436571317303523,0.21805332536597877,0.026142182104985503,0.21805332536597877,0.026135645742311763,8.881784197001252e-16,0.020495531297111326,0.22006701395876715,0.026373014395931857,0.21803975742985698,0.026207983772004888,0.21719054930034998,0.026021802365286607,0.025993446954091254
2000,1289,0.2086534734992883,0.027242501444904955,0.2086534734992883,0.027235689968002654,1.7763568394002505e-15,0.005856454165348725,0.20479405107941911,0.026730880596000126,0.20479405107941911,0.026724197040302204,1.7763568394002505e-15,0.0065251166664494036,0.20238868564511103,0.02708021279226197,0.2048939908261711,0.026784127653469363,0.20529064208032555,0.02592588061509376,0.025958666015399465
2000,1290,0.22368961448181246,0.02490188268998127,0.22368961448181246,0.024895656440930336,8.881784197001252e-16,0.021158399695242625,0.22322360540346114,0.02476073684182685,0.22322360540346114,0.024754545883649857,8.881784197001252e-16,0.018950011044329522,0.22174821120440763,0.025113802135206958,0.223069551807817,0.02478202580505328,0.22646234355904327,0.024970263972311713,0.02468265387877778
2000,1291,0.18819919951222758,0.025350619394817028,0.18819919951222758,0.025344280947563354,1.7763568394002505e-15,0.018163725404330706,0.18812371676221062,0.02514091426264018,0.18812371676221062,0.02513462824822447,1.7763568394002505e-15,0.015778389731400996,0.18927434975132018,0.02547695429362665,0.1881746855917883,0.025178264236013423,0.19153614888466608,0.02656666782034772,0.026600810832439252
2000,1292,0.2456744629008616,0.026584890537171748,0.2456744629008616,0.026578243483551867,1.7763568394002505e-15,0.005676839039305284,0.24415881713921977,0.026248017976629963,0.24415881713921977,0.026241455151680113,1.7763568394002505e-15,0.005253447370738074,0.24448634803747432,0.026786834470081265,0.2441132895185879,0.026318110244777645,0.2441924030967127,0.02618995774623047,0.026616490202842045
2000,1293,0.1896355854666476,0.026618466187958965,0.1896355854666476,0.02661181073937688,3.552713678800501e-15,0.00434413892059287,0.18845063193590172,0.02594052798995019,0.18845063193590172,0.025934042047108474,8.881784197001252e-16,0.004896906138634818,0.18948921955455866,0.026488895486140456,0.18850358385500482,0.026013473223719243,0.18950085877366674,0.025440796109018553,0.025412415229916756
2000,1294,0.2083807112308947,0.026530998548391808,0.2083807112308947,0.026524364969453665,1.7763568394002505e-15,0.011917294226191479,0.20801761443290823,0.026267174662702328,0.20801761443290823,0.02626060704798217,8.881784197001252e-16,0.011652979716852061,0.20667429696306494,0.026579116607798988,0.20795801899508487,0.02632033085413559,0.2105681005972299,0.025183857599888265,0.025156961088177065
2000,1295,0.1923108788453856,0.024963638576511096,0.1923108788453856,0.024957396886558174,8.881784197001252e-16,0.007995194115386595,0.19119615794163952,0.02475641705335946,0.19119615794163952,0.02475022717526462,8.881784197001252e-16,0.006241509101965184,0.1923758042873746,0.024916079528000637,0.19092911016801256,0.02476511336910121,0.19278813020123142,0.024373892232967438,0.024373784005266342
2000,1296,0.16203396927139946,0.0263546012532514,0.16203396927139946,0.02634801177915083,1.7763568394002505e-15,0.011530395005954241,0.16419841530703216,0.02604235303246271,0.16419841530703216,0.026035841630177543,8.881784197001252e-16,0.01066412938966843,0.16437560731096257,0.026165739055946977,0.16423385034572735,0.026103247306498708,0.16450056526604584,0.026671966960675197,0.026738626633350755
2000,1297,0.19729903892758582,0.02666383754389475,0.19729903892758582,0.026657170751055476,1.7763568394002505e-15,0.0025165680439399223,0.19807183410611062,0.02643898041278087,0.19807183410611062,0.026432369841252915,8.881784197001252e-16,0.0023942671609802533,0.1966542140409625,0.026772184228530723,0.1979516132859055,0.02649019018092207,0.19586398335639943,0.02589333561417321,0.025875380381432524
2000,1298,0.23156989521205412,0.026042329830069714,0.23156989521205412,0.02603581843358587,1.7763568394002505e-15,0.027552813836097798,0.2298325230468134,0.025798614307637295,0.2298325230468134,0.025792163847652073,1.7763568394002505e-15,0.026437947022781884,0.23331129686747593,0.026365566645010677,0.2298783286600618,0.02583559762681859,0.23044675814340515,0.027699789920108728,0.027891143416070005
2000,1299,0.20034809194264602,0.025515605327537935,0.20034809194264602,0.02550922562864398,1.7763568394002505e-15,0.016742368853635604,0.20106069894340828,0.025210020539385567,0.20106069894340828,0.02520371724624056,8.881784197001252e-16,0.017124995479601855,0.19775680755754643,0.025489394025547174,0.2009094888334329,0.02522671939250483,0.19962239895402206,0.025430844425313844,0.0254175937964966
2000,1300,0.18512982120120225,0.026195922549548962,0.18512982120120225,0.02618937275008427,8.881784197001252e-16,0.014740181145475501,0.1876691252446056,0.025798595766084197,0.1876691252446056,0.02579214531073494,8.881784197001252e-16,0.014023347785712164,0.18577866920451547,0.026101580012325112,0.1876378059298358,0.025826559891298666,0.18367857699529583,0.02527911531839743,0.025346896263734032
2000,1301,0.17893086290587445,0.025421272890567642,0.17893086290587445,0.025414916777731552,8.881784197001252e-16,0.02898055012924768,0.17577982260769942,0.02508116249793907,0.17577982260769942,0.025074891423332253,8.881784197001252e-16,0.02758315124722323,0.17700183674831965,0.02521394717172937,0.17566402162798106,0.025100433628216737,0.17504561191049844,0.025202927574806126,0.025193728783426704
2000,1302,0.15491899825949912,0.024621792721364093,0.15491899825949912,0.02461563650356031,8.881784197001252e-16,0.012008162448729357,0.15544900458136368,0.024332788360511823,0.15544900458136368,0.024326704402831897,8.881784197001252e-16,0.011103376695220775,0.15601295369385054,0.02463469993542231,0.15538613089191644,0.02434850525055513,0.1584444768212735,0.024433692605954665,0.024544303242988584
2000,1303,0.1887220749306372,0.025636226053955158,0.1887220749306372,0.02562981619610926,1.7763568394002505e-15,0.01859947327195342,0.18546012933995815,0.02532732636206289,0.18546012933995815,0.025320993738795494,8.881784197001252e-16,0.015424652080077901,0.18476183083548176,0.02561696886017712,0.18537249389132565,0.025353885909341303,0.1821340426083795,0.024850003179605253,0.02484909585949611
2000,1304,0.19631029505635317,0.025942025964018196,0.19631029505635317,0.02593553964663614,8.881784197001252e-16,0.02277139168750191,0.19715061569638742,0.025739907503657386,0.19715061569638742,0.02573347172220821,8.881784197001252e-16,0.02205960322107186,0.1989487923837398,0.026113605808739896,0.19716393489873751,0.02579396379478326,0.19690047771216906,0.025716209977701403,0.02565765676406861
2000,1305,0.192923222302117,0.02551963532122343,0.192923222302117,0.025513254614705078,8.881784197001252e-16,0.014572148200543754,0.19307986909985492,0.025307369680568303,0.19307986909985492,0.02530104204709508,8.881784197001252e-16,0.017886252827341322,0.19240113207598214,0.02526392213771676,0.19298901629817328,0.02537353030636374,0.19426563872494557,0.02573114179326039,0.025761133587813245
2000,1306,0.14443422071398576,0.02554357545382899,0.14443422071398576,0.02553718876152918,1.7763568394002505e-15,0.013723216696499561,0.1449384166714598,0.02513346261230356,0.1449384166714598,0.025127178461033357,8.881784197001252e-16,0.012674925020014282,0.1436174511174787,0.025548073126178465,0.14500336457132734,0.025153834783110996,0.14608255156076078,0.025014615942157037,0.02510897544180207
2000,1307,0.1973590369365703,0.02619020791247419,0.1973590369365703,0.0261836595418474,8.881784197001252e-16,0.013354066365314938,0.19812799876830528,0.025948653549363047,0.19812799876830528,0.025942165574877496,8.881784197001252e-16,0.013642159488509392,0.1967442345270421,0.026227335430939542,0.19810679748310078,0.025994247790904784,0.2021719356586285,0.026155985662350917,0.02621189279093671
2000,1308,0.16767474009772992,0.02530373166376326,0.16767474009772992,0.025297404939907956,8.881784197001252e-16,0.02067903513419438,0.16785492338875918,0.0249898075334793,0.16785492338875918,0.024983559300469152,8.881784197001252e-16,0.01664025631748184,0.16812114585436871,0.025361584736788616,0.16791279348747012,0.025028497435350287,0.1698786794727623,0.026084196742101672,0.026070311821875542
2000,1309,0.1762049724922366,0.025381858645520224,0.1762049724922366,0.025375512387477404,8.881784197001252e-16,0.02133236995747388,0.1766586990869191,0.025192543579665046,0.1766586990869191,0.02518624465630626,8.881784197001252e-16,0.018863214722425338,0.17244482861851862,0.025509811714690633,0.17659473339274862,0.025210405793837938,0.17584151181579566,0.025885512001697895,0.025933243323321895
2000,1310,0.16698848100466185,0.026222633970130072,0.16698848100466185,0.0262160774919753,8.881784197001252e-16,0.012790339551492313,0.1670616179576862,0.025942857200386926,0.1670616179576862,0.025936370675169802,8.881784197001252e-16,0.016654499096741476,0.17103469359836415,0.026457697255369724,0.1670696220451977,0.025968082232981193,0.16946677629977852,0.0255321584954086,0.02576733043768563
2000,1311,0.1679681233905036,0.026249163916054124,0.1679681233905036,0.0262426008045836,8.881784197001252e-16,0.009147974894448048,0.16784925712603155,0.02577453950158606,0.16784925712603155,0.025768095061054878,1.7763568394002505e-15,0.007727609574987918,0.1675802334749551,0.026144422833903287,0.16787837666305244,0.025832827563927088,0.17312262985388632,0.02574415624814404,0.02552250749807218
2000,1312,0.14135271894999846,0.026835645962935414,0.14135271894999846,0.026828936212621026,1.7763568394002505e-15,0.01069854344431083,0.1420650404933697,0.026556519208108982,0.1420650404933697,0.026549879248208196,1.7763568394002505e-15,0.013164935035066683,0.14250528896386722,0.02680746945420805,0.14207148146798332,0.026602527822098123,0.14196858096632153,0.025367830781125124,0.02532290044320775
2000,1313,0.2046109749719504,0.02628923094324995,0.2046109749719504,0.026282657813770222,1.7763568394002505e-15,0.021963819658007627,0.20220911409559028,0.026055164336641026,0.20220911409559028,0.02604864973112936,8.881784197001252e-16,0.018923827823977734,0.2018857155076756,0.026419462251182954,0.20217179041478728,0.026098872241046553,0.2053639839648187,0.026322935925357314,0.02678107319669403
2000,1314,0.1739364531739216,0.02530776673556059,0.1739364531739216,0.025301439002811208,1.7763568394002505e-15,0.005393932299099032,0.17233307487556437,0.02489730275172032,0.17233307487556437,0.024891077647797112,8.881784197001252e-16,0.004732357431605058,0.17326225414763036,0.02530217505861259,0.17226510583517418,0.02493484604794436,0.17409248102143915,0.0261547096277651,0.026156012763943227
2000,1315,0.19857981158059546,0.025946185320866424,0.19857981158059546,0.025939697963515147,8.881784197001252e-16,0.016922028889618378,0.20029566057649068,0.025830238586645498,0.20029566057649068,0.025823780219602018,4.440892098500626e-16,0.015408140914688385,0.2005501769243045,0.026052738243119742,0.2003315332001273,0.025896491070506383,0.19978301329368864,0.02561221837627875,0.02559600925763446
2000,1316,0.16926734123515208,0.026677961913314445,0.16926734123515208,0.02667129158894132,1.7763568394002505e-15,0.01364200751414424,0.1684774818621494,0.026226361613585162,0.1684774818621494,0.026219804203403006,8.881784197001252e-16,0.01361177113581552,0.1681199181973554,0.0266331955249751,0.16850181733310932,0.026262693420807563,0.1686904154259795,0.025106095444984152,0.025258996440019013
2000,1317,0.1786034908191178,0.02567387391739166,0.1786034908191178,0.025667454646403107,1.7763568394002505e-15,0.01048989586012144,0.17800415107377,0.025409659630424138,0.17800415107377,0.02540330642126609,8.881784197001252e-16,0.008289218287653452,0.17953618825323303,0.02577980140074867,0.1780066172084881,0.02542738946207451,0.17800098969108097,0.023954069797142683,0.024133849793491237
2000,1318,0.17025325022499088,0.024969893314622536,0.17025325022499088,0.024963650060789575,8.881784197001252e-16,0.01378283301546592,0.1697121461307738,0.024550221252874413,0.1697121461307738,0.02454408293017492,8.881784197001252e-16,0.013557310020916702,0.1725263761764873,0.024805178334110504,0.169620044602579,0.024567987222226986,0.16851923297489152,0.025264615879443925,0.025402764817079412
2000,1319,0.16517144451841753,0.025766802628212928,0.16517144451841753,0.025760360122141925,1.7763568394002505e-15,0.014003287864163747,0.16736644821461832,0.02547462734806018,0.16736644821461832,0.025468257894941976,8.881784197001252e-16,0.015722257370559805,0.16738402111450207,0.025729355403975272,0.16730107335054023,0.025510461572551303,0.17085587588853302,0.024289189362512086,0.024366759699760356
2000,1320,0.17214382310682574,0.02732653310339689,0.17214382310682574,0.027319700615953322,8.881784197001252e-16,0.007327174121130474,0.17130678345244693,0.026604417608760558,0.17130678345244693,0.0265977656727624,1.7763568394002505e-15,0.008552903352809595,0.1705550432078755,0.026687578312977196,0.17142733712360753,0.026644290503800853,0.1725275761210146,0.025717842047643904,0.02582675817407126
2000,1321,0.17259207296226414,0.025831850734880507,0.17259207296226414,0.02582539196474958,1.7763568394002505e-15,0.0087018890378935,0.17308748329521695,0.025762161584056326,0.17308748329521695,0.025755720238391427,1.7763568394002505e-15,0.009966269695856357,0.17760654949054772,0.02631723529229068,0.17306565784701722,0.025797687901254942,0.1725699044804445,0.026232072353163775,0.0262544541591501
2000,1322,0.19423875750076397,0.02497302522002518,0.19423875750076397,0.024966781183117973,8.881784197001252e-16,0.026503475801502314,0.1933164086874823,0.02468258676938086,0.1933164086874823,0.024676415351164785,8.881784197001252e-16,0.027490773114221656,0.1934304794901841,0.024971027162936976,0.19325558669968956,0.024693427160324008,0.19568886132862157,0.026081398240803945,0.02599813844907612
2000,1323,0.1687995493042072,0.025045276124697577,0.1687995493042072,0.025039014022805797,8.881784197001252e-16,0.03810549349896351,0.17027267748876324,0.024688262217648353,0.17027267748876324,0.024682089380392805,8.881784197001252e-16,0.04041110912595824,0.1697175753307552,0.024945283124151733,0.17027016544217238,0.024707256503527862,0.1691320959850906,0.025674647583710335,0.02581558190253517
2000,1324,0.15496810411026296,0.025603234965263184,0.15496810411026296,0.025596833356220688,8.881784197001252e-16,0.011337913220491278,0.15483266423398495,0.025337194376338332,0.15483266423398495,0.025330859285758917,4.440892098500626e-16,0.00861823659847197,0.15382304042985506,0.025585949390349385,0.15480273037674114,0.025360981494073502,0.15548835940502848,0.025611468745820456,0.025623911898054394
2000,1325,0.20135317547215642,0.025175090194884047,0.20135317547215642,0.025168795635417015,1.7763568394002505e-15,0.017543727681020256,0.20442796399365837,0.02475772248041258,0.20442796399365837,0.024751532275920172,8.881784197001252e-16,0.01646348293186702,0.20542474950850026,0.02519634920057042,0.20441949011367538,0.02478512469344745,0.20451670228216545,0.024438805223547588,0.024561314227376896
2000,1326,0.21122724062454712,0.026546060535067407,0.21122724062454712,0.02653942319016179,8.881784197001252e-16,0.01563384693659332,0.21072657792682092,0.026070153446998534,0.21072657792682092,0.02606363509374075,1.7763568394002505e-15,0.01763992121883203,0.21105225945565015,0.02638215762654826,0.2108157289862151,0.026109532974385022,0.21185820739446398,0.02604055291305212,0.026058280654067453
2000,1327,0.15972940181802603,0.024988264504417393,0.15972940181802603,0.024982016657212742,8.881784197001252e-16,0.019686785024636767,0.1579213563437296,0.024752418982157947,0.1579213563437296,0.024746230103705875,8.881784197001252e-16,0.02457565808192094,0.15885753162150323,0.02501653019296832,0.15790566864169647,0.024765174482013583,0.15975684724590472,0.025685158879491042,0.025781993125404107
2000,1328,0.17323037512168143,0.025477166251395688,0.17323037512168143,0.025470796163472295,8.881784197001252e-16,0.01490890952280118,0.16745541559527505,0.024866340065144748,0.16745541559527505,0.024860122702861007,8.881784197001252e-16,0.01653154285036182,0.16762310264447722,0.025162125087568397,0.1672803685255863,0.02488830635150282,0.165890038209079,0.025317459261879456,0.025363195777405693
2000,1329,0.20280397864599142,0.02553473738457159,0.20280397864599142,0.025528352902065354,8.881784197001252e-16,0.02787876587644275,0.2027796684713477,0.025106370507773184,0.2027796684713477,0.025100093130375953,8.881784197001252e-16,0.024379076856496155,0.20183467767773022,0.02556408497712396,0.20277058401157044,0.0251338235706421,0.2004438511993042,0.02634228494269093,0.026188416758863933
2000,1330,0.16032383744469403,0.025961061014709397,0.16032383744469403,0.025954569937969678,8.881784197001252e-16,0.011182576238900146,0.164381329009047,0.02583512160662394,0.164381329009047,0.025828662018672836,8.881784197001252e-16,0.010180435346535005,0.15962200487030842,0.026245727933784387,0.16427801657552765,0.02588712973039902,0.16410054045060152,0.02508818245861527,0.025138245130899448
2000,1331,0.16952228955469095,0.025583679772690927,0.16952228955469095,0.025577283053057828,8.881784197001252e-16,0.00984096159962721,0.17013640338545155,0.025291437733395372,0.17013640338545155,0.02528511408340694,8.881784197001252e-16,0.010915279217036365,0.16998260784062652,0.025586894728920954,0.1701221173377525,0.02530842686459068,0.17020156540246523,0.024634842182781364,0.02497930614407887
2000,1332,0.20030496183209234,0.02483067233755915,0.20030496183209234,0.0248244638933222,8.881784197001252e-16,0.012180547466241103,0.2002529464827169,0.024605326381203416,0.2002529464827169,0.024599174280499375,8.881784197001252e-16,0.012814361183164388,0.203103630224301,0.02505474984849689,0.20012083681960985,0.024631024792831607,0.19913975637088105,0.02423209685292039,0.0242737983875251
2000,1333,0.18832206503745463,0.024452831970104446,0.18832206503745463,0.02444671799776982,8.881784197001252e-16,0.021216373663290794,0.18890544328600611,0.024286893342360397,0.18890544328600611,0.024280820859869587,8.881784197001252e-16,0.022699560008792294,0.19121565340070545,0.024738118970407202,0.18888109774334094,0.024315979594817325,0.1859970824463471,0.02558540048091928,0.025693402275560426
2000,1334,0.17859720639568083,0.02496969091026779,0.17859720639568083,0.024963447707042247,8.881784197001252e-16,0.035982536589592856,0.17773150195969417,0.024835582868233116,0.17773150195969417,0.02482937319621,8.881784197001252e-16,0.034439389502164894,0.17476847982241206,0.02513685848842612,0.17767178209526296,0.024853048379735808,0.17358324178481188,0.025307168322090706,0.025450765179264395
2000,1335,0.2042008016269884,0.026548675881676486,0.2042008016269884,0.02654203788285247,8.881784197001252e-16,0.01851295777241848,0.20418992519292029,0.026158532318032255,0.20418992519292029,0.026151991867294184,1.7763568394002505e-15,0.019915418971445074,0.20722860546451305,0.026578157519476064,0.20426708655943282,0.026231181149087544,0.20391881139292517,0.026563799321128893,0.026593671307767717
2000,1336,0.21079718103582218,0.02629410732631528,0.21079718103582218,0.02628753297758736,1.7763568394002505e-15,0.0036594992389825136,0.2134646997588993,0.025857356919512613,0.2134646997588993,0.025850891772038257,1.7763568394002505e-15,0.0031198430203529257,0.21452476739756265,0.026394730446755745,0.21360783473889633,0.02592215851524071,0.21546118127676667,0.026218840559948015,0.026597763941465173
2000,1337,0.15783516529227376,0.02449350377279757,0.15783516529227376,0.02448737963124096,8.881784197001252e-16,0.015103140594169876,0.15760792933548567,0.02425542991474197,0.15760792933548567,0.024249365299091545,8.881784197001252e-16,0.01686503437072302,0.1594093097595728,0.024482591498612944,0.15749397329666043,0.024276041462329742,0.15672973983932392,0.024606435480233006,0.02488468623560903
2000,1338,0.18185748182756384,0.026743180228110296,0.18185748182756384,0.026736493597119892,8.881784197001252e-16,0.01039082171685307,0.18278799887141695,0.026166972475044396,0.18278799887141695,0.026160429914003254,8.881784197001252e-16,0.009542027503112725,0.1805807944012044,0.02651315515175232,0.18279606767004764,0.026206484196661307,0.1833766985747668,0.02623243638819421,0.02625099181487922
2000,1339,0.18579848833473744,0.02643361903073385,0.18579848833473744,0.026427009799718997,1.7763568394002505e-15,0.008127200669910052,0.1861116907468261,0.026203470993493797,0.1861116907468261,0.026196919306682172,1.7763568394002505e-15,0.009270456595780909,0.18274804409982687,0.026502109901289417,0.18615782348579696,0.02624040856238027,0.18573553214601568,0.025065277632729508,0.025072668314937586
2000,1340,0.2014308445769935,0.025103154817489995,0.2014308445769935,0.025096878244115852,8.881784197001252e-16,0.009265973189054604,0.1999819410473722,0.02491993278021812,0.1999819410473722,0.024913702018080415,8.881784197001252e-16,0.009652975432626606,0.20208956705286213,0.025311063625916803,0.19992747304998787,0.02493180814122483,0.19981428532702317,0.024753705599334125,0.02483268834869168
2000,1341,0.15871404667248473,0.026373652886053173,0.15871404667248473,0.026367058648448894,1.7763568394002505e-15,0.009763088551648405,0.15855907383791823,0.025797280065434226,0.15855907383791823,0.02579082993905126,8.881784197001252e-16,0.007502147610117626,0.15740983974536477,0.026049781496494177,0.15861410400010895,0.025828889060402,0.1618549220293431,0.025429422371576534,0.02549137581039247
2000,1342,0.1790415514696485,0.0270746052287491,0.1790415514696485,0.027067835731148914,1.7763568394002505e-15,0.014711442704919237,0.17926489338381235,0.026695729514531537,0.17926489338381235,0.026689054747702726,8.881784197001252e-16,0.015018896143855447,0.17859965628146485,0.026979578548302355,0.17929833036797593,0.02673978982454002,0.18011241958056656,0.026508746237337993,0.02652634476645044
2000,1343,0.21745993967729754,0.026011379471281612,0.21745993967729754,0.026004875813354904,8.881784197001252e-16,0.018895003128525427,0.21771334193678876,0.025699850097374858,0.21771334193678876,0.025693424331529352,8.881784197001252e-16,0.017549376543535822,0.21584624350345255,0.026084909460469218,0.21775163383702134,0.025744490314578712,0.21699968384933926,0.026014940104235294,0.02592200326431779
2000,1344,0.18204426143784425,0.02696328698808868,0.18204426143784425,0.02695654532352822,1.7763568394002505e-15,0.017614115207993615,0.18104326252297182,0.02661257679105406,0.18104326252297182,0.026605922815005296,1.7763568394002505e-15,0.016385676827561525,0.18384340041385472,0.02689943949725721,0.18110585059471784,0.026675260253993634,0.18330875986709372,0.027413417040573377,0.02795900531947671
2000,1345,0.2027320745678693,0.027932146613074683,0.2027320745678693,0.02792516270332354,3.552713678800501e-15,0.013909441092866825,0.2023284714833703,0.027203167119537956,0.2023284714833703,0.027196365477446506,8.881784197001252e-16,0.013390988718444397,0.2013312049564211,0.0275804698081469,0.20235332545340146,0.02728439912079389,0.1999869048213322,0.02539571009050991,0.02540698466529492
2000,1346,0.15408979922690963,0.02491097115392403,0.15408979922690963,0.024904742632473022,8.881784197001252e-16,0.010407791693257099,0.15369833847229858,0.02473086263344873,0.15369833847229858,0.02472467914475764,8.881784197001252e-16,0.010919921174206775,0.15558371013240274,0.025195213144689952,0.15369173355722737,0.024766258871166805,0.15367769649996427,0.02568549314183527,0.025743781765995698
2000,1347,0.23652332345611993,0.026904944908766867,0.23652332345611993,0.026898217831549887,8.881784197001252e-16,0.017834071189532365,0.23285464413609297,0.026116256720554225,0.23285464413609297,0.026109726840036963,1.7763568394002505e-15,0.015689541361437014,0.2345250004270038,0.026364982223152606,0.23306394070849462,0.026158040924731178,0.22507439299797477,0.029989378300535663,0.026683384882947987
2000,1348,0.16772588159420299,0.02438716586238656,0.16772588159420299,0.024381068308631442,8.881784197001252e-16,0.012569779142881377,0.1666692523128962,0.024199335027031758,0.1666692523128962,0.024193284436856664,8.881784197001252e-16,0.012577351072634618,0.1645122081002791,0.024443075033369125,0.16661179639710005,0.02423427370315744,0.16468311266888547,0.024380530278459257,0.024530060646634124
2000,1349,0.16410879717052873,0.02660882254892086,0.16410879717052873,0.026602169511549978,8.881784197001252e-16,0.007139645708713652,0.1641380755739611,0.02639018540399898,0.1641380755739611,0.026383587032748443,8.881784197001252e-16,0.007201636688863599,0.16682593770318205,0.02681203615162331,0.16423070421548536,0.026438068278743686,0.16706479935304713,0.026219916570907466,0.026255373042529083
2000,1350,0.1992023128258683,0.026356460543594924,0.1992023128258683,0.02634987060461366,1.7763568394002505e-15,0.005968949200652657,0.20177767995140694,0.025931239550665924,0.20177767995140694,0.02592475593022437,1.7763568394002505e-15,0.0044966675210265025,0.2024999006580434,0.026663382992398895,0.20161275688706015,0.026006297334952817,0.20160472730837964,0.025447961418305964,0.02550705694018595
2000,1351,0.16470029036605682,0.02609523975783238,0.16470029036605682,0.026088715132212746,1.7763568394002505e-15,0.019558399440476625,0.16253064171005188,0.02588998419451365,0.16253064171005188,0.025883510889200684,1.7763568394002505e-15,0.018869577773234798,0.161146117963394,0.0262552885643215,0.16260538594363833,0.025920141899831776,0.16483663774228446,0.026991547449445378,0.026960363316710804
2000,1352,0.17126718004613656,0.02514713794272787,0.17126718004613656,0.025140850372197602,8.881784197001252e-16,0.012132047554053301,0.17294905763644158,0.024936163280273857,0.17294905763644158,0.02492992846000381,8.881784197001252e-16,0.0109949331435448,0.17174272027335524,0.02522613902972941,0.17293445857956685,0.024957322359594657,0.1724652644305809,0.025092975112025122,0.025115379249519384
2000,1353,0.17954330349414332,0.025778566462116397,0.17954330349414332,0.025772121014719207,8.881784197001252e-16,0.013449705405943398,0.17722543639967958,0.025429756988036616,0.17722543639967958,0.025423398753910968,8.881784197001252e-16,0.013492911490798057,0.17683154652465138,0.025841088917145573,0.17744361892514576,0.02544966867871857,0.17579551565722623,0.02647778528668476,0.026016427580519846
2000,1354,0.16796535932967688,0.024987110127760503,0.16796535932967688,0.0249808625691861,8.881784197001252e-16,0.014675936610256972,0.1672213662422138,0.024778692917385024,0.1672213662422138,0.024772497469627883,1.7763568394002505e-15,0.014386634231998251,0.16679006102991434,0.025046790214678136,0.16713303525578072,0.02480031583555651,0.16613191731279314,0.025083283600968096,0.025079460848013064
2000,1355,0.16254625533256545,0.025125490327765773,0.16254625533256545,0.025119208169815905,8.881784197001252e-16,0.009659627762824531,0.16309873834570704,0.024889970695950746,0.16309873834570704,0.024883747425270657,8.881784197001252e-16,0.011857202752857239,0.1646184496826928,0.025079410146729462,0.16304016478266742,0.024923741706263543,0.16215176406835058,0.02439946067930414,0.024483530951266208
2000,1356,0.23594154035744946,0.03134961406153375,0.23594154035744946,0.03134177567809793,3.552713678800501e-15,0.02052898974831085,0.23678931125020197,0.030955678091009475,0.23678931125020197,0.030947938203879866,8.881784197001252e-16,0.016635412028493137,0.2383325552442896,0.03147069340239745,0.23713374749657495,0.031162474146635987,0.23198668160873992,0.027970488618046976,0.03186442702160579
2000,1357,0.19142008248522996,0.027462258676240105,0.19142008248522996,0.027455392253160845,7.105427357601002e-15,0.017296459081425138,0.19360647551630444,0.027372767999873336,0.19360647551630444,0.027365923952260448,1.7763568394002505e-15,0.021049952746490207,0.19749018114633393,0.028558572499984645,0.193815889966306,0.02747029622290307,0.19208861209567352,0.028243210162650932,0.02844948806201911
2000,1358,0.2002253882015086,0.02599574653125475,0.2002253882015086,0.0259892467820517,8.881784197001252e-16,0.008415262586913667,0.20196698548363412,0.025703446174899856,0.20196698548363412,0.025697019509922567,8.881784197001252e-16,0.007990920846770458,0.20187318837826562,0.0260874751798007,0.20197265897731542,0.025727119364849213,0.20043781370954017,0.025718060052909688,0.02563527640980014
2000,1359,0.18918527713414696,0.025829618202122723,0.18918527713414696,0.025823159990194765,8.881784197001252e-16,0.021036309841116832,0.18792792370794936,0.025624332408105684,0.18792792370794936,0.025617925524043014,8.881784197001252e-16,0.020883469421080558,0.1914616389855684,0.02592130923144232,0.1878857573523524,0.025641934065193207,0.18730961305883903,0.026291244260027578,0.02626652513872239
2000,1360,0.1999914424214675,0.026101855869725448,0.1999914424214675,0.026095329589871034,1.7763568394002505e-15,0.009492121837609049,0.19844741400098115,0.02577418177414927,0.19844741400098115,0.025767737423061127,8.881784197001252e-16,0.007350931797636455,0.19783663636674736,0.026140150757042957,0.19840012670690865,0.025816006745290134,0.19693325618393753,0.0256927008578906,0.0256714752626266
2000,1361,0.19072272924720046,0.026356915906997874,0.19072272924720046,0.026350325854161527,8.881784197001252e-16,0.027286472632549824,0.1935566343207935,0.025893932712200834,0.1935566343207935,0.02588745841963503,8.881784197001252e-16,0.025764301374302502,0.19325134531125004,0.02617978137573978,0.19362975868307053,0.02593404932256788,0.19403933197596995,0.02687242017902966,0.026913107447113185
2000,1362,0.21455697619096376,0.02553431609870847,0.21455697619096376,0.025527931721536865,8.881784197001252e-16,0.006492343361756191,0.21392774268694909,0.02532082315854101,0.21392774268694909,0.025314492161277766,1.7763568394002505e-15,0.004666318918405332,0.21080473709530118,0.02571532279883298,0.21381846522008247,0.02535664863535697,0.21370118466635718,0.025996894425783,0.026022961200543395
2000,1363,0.1428755510009711,0.025211614881991272,0.1428755510009711,0.025205311190210782,1.7763568394002505e-15,0.024858429492444923,0.14224021298790185,0.025041459291042102,0.14224021298790185,0.025035198143478037,8.881784197001252e-16,0.025632842218651426,0.14057959519214658,0.025329315581660725,0.14219241668362076,0.025071746945273313,0.13731588269729383,0.02589108784163818,0.026004456926502852
2000,1364,0.15196805935961039,0.02479126833356071,0.15196805935961039,0.024785069741556445,8.881784197001252e-16,0.007896995892421765,0.15257454173648943,0.024488383471388563,0.15257454173648943,0.02448226061006735,1.7763568394002505e-15,0.008262796939772542,0.15413503966104025,0.024746061502942025,0.15253437022517796,0.024503495984144447,0.1524442997855044,0.025029491768133814,0.02518726238588052
2000,1365,0.1768685004983731,0.02558016627876753,0.1768685004983731,0.025573770437617733,8.881784197001252e-16,0.02020025118350669,0.17670069713749237,0.025329356183005393,0.17670069713749237,0.02532302305221931,8.881784197001252e-16,0.020213081752210357,0.1753340076989659,0.02571384661514623,0.17659396562427315,0.025352244540773568,0.17618178039497284,0.02606431874447548,0.02609171843757791
2000,1366,0.2154261819469543,0.02540153296317596,0.2154261819469543,0.02539518178593875,8.881784197001252e-16,0.015976337950201043,0.21523509459749324,0.025115226021672793,0.21523509459749324,0.025108946430120287,8.881784197001252e-16,0.014085654762029843,0.21558837937930808,0.02545716760113446,0.2152418928701894,0.025136385666274023,0.2132658767300768,0.026120724152330306,0.026116011501043247
2000,1367,0.17516128443141704,0.02455546966820926,0.17516128443141704,0.02454933003324188,8.881784197001252e-16,0.007146050323142199,0.1765855308500574,0.024299611120628218,0.1765855308500574,0.024293535458295316,8.881784197001252e-16,0.00814348803471702,0.17765389137843152,0.024640282238029047,0.17660454614847182,0.02431254339832508,0.17481928030043142,0.025700787215529645,0.025884769145103233
2000,1368,0.18128188315616978,0.02630034210852789,0.18128188315616978,0.026293766200909535,8.881784197001252e-16,0.02377218991891865,0.18055881859137518,0.02594874291331786,0.18055881859137518,0.025942254916488522,1.7763568394002505e-15,0.021036554690942184,0.1796444705344724,0.026304862972679317,0.18064806974298675,0.0259842840206301,0.17855274045015918,0.026334459780507496,0.026340755162130886
2000,1369,0.18502641939095132,0.025814450502237123,0.18502641939095132,0.025807996082708243,6.661338147750939e-16,0.018544936372758843,0.18774128311558874,0.025583361550994745,0.18774128311558874,0.02557696491092701,8.881784197001252e-16,0.019177854566550294,0.18934546268026198,0.025726268111585498,0.18779318797956646,0.025634817484101114,0.18787620347659567,0.027281675022602873,0.027382900244336195
2000,1370,0.22218388870218203,0.02622884354575515,0.22218388870218203,0.026222285515012374,8.881784197001252e-16,0.007787621329826273,0.2230071091194935,0.026028016124318452,0.2230071091194935,0.02602150830670846,8.881784197001252e-16,0.009163746464743393,0.22457541555160798,0.026449977876004643,0.22296906838270814,0.026097631331585835,0.22474332577049388,0.025947214778081932,0.026006625137778887
2000,1371,0.17631010957236698,0.024579098133775432,0.17631010957236698,0.024572952590953087,8.881784197001252e-16,0.009740782311410023,0.17494733814540586,0.024388616295785186,0.17494733814540586,0.024382518379376387,8.881784197001252e-16,0.009286763414782937,0.1747428580005938,0.02461776329406092,0.17477930393730312,0.024406274524284465,0.17500256641872813,0.024825090823866462,0.02495708658228237
2000,1372,0.16722372157313936,0.0243896434926282,0.16722372157313936,0.024383545319388078,8.881784197001252e-16,0.01187768874116011,0.1675298280883789,0.024181060233079563,0.1675298280883789,0.024175014212174186,8.881784197001252e-16,0.01259625952725982,0.16728435492683857,0.02440462631887466,0.1673181710026908,0.024192083696154835,0.16865990316681645,0.02392002878516366,0.024017608822813185
2000,1373,0.2548060507466812,0.025231621224052266,0.2548060507466812,0.025225312530060905,8.881784197001252e-16,0.015971659576328533,0.25856935763770733,0.024785526730594563,0.25856935763770733,0.024779329574170506,8.881784197001252e-16,0.015416978494143224,0.2598372668940916,0.024894332299982787,0.2584020689229665,0.024816479717036394,0.2639659589187857,0.026285657357645223,0.0260692629074342
2000,1374,0.21049915683959924,0.025713779991518103,0.21049915683959924,0.02570735074276365,8.881784197001252e-16,0.014171983029048273,0.20915750390772508,0.025319126986134078,0.20915750390772508,0.025312796412966958,1.7763568394002505e-15,0.013445616735455017,0.20936138448892527,0.02559427510071973,0.20903129336286475,0.025354287334363557,0.20933071525764535,0.02497467845383359,0.02492591618701169
2000,1375,0.18729105234944016,0.025703165149675068,0.18729105234944016,0.02569673855496287,8.881784197001252e-16,0.009659793814196597,0.18738074480824618,0.025520943146923863,0.18738074480824618,0.025514562113408214,8.881784197001252e-16,0.011640326100292819,0.189506320682076,0.025840831555163625,0.187231118037126,0.025555119010112433,0.19123742452398362,0.024616741260743057,0.02451493515272671
2000,1376,0.1476506160834175,0.025660270407666153,0.1476506160834175,0.02565385453798025,8.881784197001252e-16,0.013679578249147019,0.14800251661353275,0.02541161497494152,0.14800251661353275,0.025405261276886224,8.881784197001252e-16,0.01612947724972113,0.14866581810954205,0.02582624017960433,0.14803671642525718,0.025435737085811625,0.1466364302207669,0.0258827746486948,0.026021134400177448
2000,1377,0.19894284917139893,0.02566333276620834,0.19894284917139893,0.025656916130837083,8.881784197001252e-16,0.028298571489266906,0.2001745778405974,0.025451398845737275,0.2001745778405974,0.025445035200470725,8.881784197001252e-16,0.026096785552879677,0.19996891066728822,0.026101737155443727,0.20013805299740212,0.02548979967391398,0.2008511762888397,0.026383922680844957,0.026370624631011832
2000,1378,0.22028149133977398,0.026456880509110433,0.22028149133977398,0.026450265461998884,1.7763568394002505e-15,0.01594291615793354,0.21890680765071902,0.02585169324569908,0.21890680765071902,0.02584522951432021,8.881784197001252e-16,0.017612006109290968,0.22134571030896694,0.026323879715198315,0.2188559554515227,0.025879221133362662,0.21949176449436503,0.026109477765945122,0.025703579297846457
2000,1379,0.1731431197749735,0.026379601592454775,0.1731431197749735,0.026373005867487958,8.881784197001252e-16,0.01383296298568897,0.17177494461492004,0.0258995636931348,0.17177494461492004,0.025893087992647754,8.881784197001252e-16,0.015721618799933064,0.17241143431627526,0.02649640620187327,0.17173321933618596,0.025959189772177673,0.17412576308112182,0.026495310637175525,0.026702108949276413
2000,1380,0.1472324772388129,0.02704230930210387,0.1472324772388129,0.02703554787949484,8.881784197001252e-16,0.017509848375878857,0.14749259700609102,0.026851391140045717,0.14749259700609102,0.02684467745294489,8.881784197001252e-16,0.02068206964822225,0.14502178714675595,0.027122546562241733,0.14746648601358514,0.0269085988077288,0.14445483149904825,0.025362436191029417,0.0253323084210098
2000,1381,0.18339809799786744,0.027342920144985596,0.18339809799786744,0.027336083560269408,3.552713678800501e-15,0.007923107686591796,0.18516171751928762,0.026827872102167048,0.18516171751928762,0.026821164295560845,1.7763568394002505e-15,0.00869961115802326,0.18188619760469743,0.027117358513083056,0.18533202923852293,0.02691633207424713,0.18447166964373407,0.025366237069671813,0.025101766097044037
2000,1382,0.18675514102127422,0.02635974469136862,0.18675514102127422,0.026353153931247753,8.881784197001252e-16,0.008870339876952689,0.1889354117844555,0.02635130861222401,0.1889354117844555,0.026344719961386626,1.7763568394002505e-15,0.009903914746294899,0.18863622031440935,0.02643643206422025,0.18900021160900682,0.026418999069196123,0.18922403434959256,0.02594643140726464,0.02594312845821998
2000,1383,0.2046650537895468,0.025827688751343808,0.2046650537895468,0.025821231021838857,8.881784197001252e-16,0.022156425171283592,0.2058690763676514,0.025249932421284295,0.2058690763676514,0.02524361914892126,1.7763568394002505e-15,0.018837553903388208,0.2050574524112525,0.02577074762363758,0.20583853355108728,0.02529179440483007,0.20413197843361108,0.025824229505462145,0.025833889182205652
2000,1384,0.16543526106506606,0.026583666266502513,0.16543526106506606,0.026577019518988568,1.7763568394002505e-15,0.009194589148707603,0.16734137886073636,0.0261528547062182,0.16734137886073636,0.026146315675060556,1.7763568394002505e-15,0.011332925255314926,0.16505088690706715,0.0269776473300743,0.16742939599047812,0.02623879867320895,0.16714588027064115,0.026918809439570777,0.02685039395344233
2000,1385,0.11435970122507422,0.025978460162619534,0.11435970122507422,0.02597196473554898,8.881784197001252e-16,0.011560152504764443,0.11387091439233277,0.025525575121343173,0.11387091439233277,0.025519192929689134,1.7763568394002505e-15,0.01714590533788422,0.11623578514774119,0.02577164895625523,0.11389015313079542,0.02556988458821045,0.1141414546881599,0.02553378020375984,0.025642997647429465
2000,1386,0.1963823557473956,0.025860568882390102,0.1963823557473956,0.025854102931824628,1.7763568394002505e-15,0.00953801420203646,0.19685715462058095,0.02558381534964855,0.19685715462058095,0.025577418596116973,1.7763568394002505e-15,0.010694395572524544,0.20119852997103632,0.026197810359002528,0.19671787254290923,0.025632904524293728,0.19603755211866142,0.024606270209686636,0.02460721069959031
2000,1387,0.1823068465888658,0.025202461260605328,0.1823068465888658,0.025196159857516304,8.881784197001252e-16,0.011397234742100623,0.17955085330315834,0.024764349887183332,0.17955085330315834,0.024758158025632068,8.881784197001252e-16,0.01394312610883862,0.18063323462215602,0.025175963817274917,0.1794240407315706,0.024784482912640828,0.1797868445320031,0.024674035805211537,0.024685525067450132
2000,1388,0.16965364778583597,0.025110686350037527,0.16965364778583597,0.025104407893544827,8.881784197001252e-16,0.013162381608545631,0.17095995582849727,0.024895765774219102,0.17095995582849727,0.02488954105458831,8.881784197001252e-16,0.013600586233271808,0.16882758791405533,0.025144463637994278,0.17089042596322546,0.02491187489246304,0.17100817657702028,0.024922400666380705,0.025092168191175244
2000,1389,0.2318259025249939,0.02481604054639564,0.2318259025249939,0.02480983576056384,8.881784197001252e-16,0.019202323982820756,0.23079377461638445,0.024647234157842004,0.23079377461638445,0.024641071578883858,1.7763568394002505e-15,0.020724449514463335,0.23222049421806884,0.025107426309490602,0.23076722773533115,0.024677039565628212,0.23283063225636513,0.025371818349395597,0.025178055065791127
2000,1390,0.1856766682413558,0.026172675808736,0.1856766682413558,0.02616613182168316,3.552713678800501e-15,0.016615624209753703,0.1859044402652021,0.025972587092279287,0.1859044402652021,0.025966093133659895,8.881784197001252e-16,0.01621850848629432,0.1864984333096042,0.02628436073856723,0.18590118973654524,0.026041838545103148,0.18560479293273613,0.0266493420016905,0.026653409971954038
2000,1391,0.1928202367464279,0.025952457299199438,0.1928202367464279,0.025945968373657525,8.881784197001252e-16,0.016110548952238443,0.19455761475465244,0.025917840253382604,0.19455761475465244,0.0259113599831842,1.7763568394002505e-15,0.016440676407147893,0.19563543447851772,0.026246273407148423,0.19458863469817267,0.02595731178165329,0.1959991495711877,0.026136347697511636,0.026325848669437022
2000,1392,0.18820755460420246,0.02623153343187687,0.18820755460420246,0.026224974728578484,1.7763568394002505e-15,0.014278145828141586,0.18792255760122212,0.02586943500511406,0.18792255760122212,0.025862966837740767,8.881784197001252e-16,0.016720329772575968,0.18749821567664704,0.026182045613077864,0.1880441294717693,0.02593006398871605,0.18724168589393064,0.026443268557323117,0.02647521385155596
2000,1393,0.1702697192227488,0.025699264208721307,0.1702697192227488,0.02569283858936628,8.881784197001252e-16,0.01651164538597,0.16982997209648482,0.02544825299371662,0.16982997209648482,0.02544189013501141,1.7763568394002505e-15,0.017651831097023625,0.16814152823873346,0.025817248656184982,0.16983802889425342,0.02548237919906656,0.1723392632021063,0.026042085248522116,0.026049114768673443
2000,1394,0.25500485892221647,0.02574993450563165,0.25500485892221647,0.02574349621711855,1.7763568394002505e-15,0.01520012781176003,0.25565698065930537,0.02534984872546846,0.25565698065930537,0.02534351047090621,8.881784197001252e-16,0.012603313246348403,0.2584818723996539,0.025696660197444352,0.25577945468285673,0.02538864098247286,0.2511312528618532,0.02665525871842112,0.02560820371821011
2000,1395,0.1733060514170956,0.025366318668680207,0.1733060514170956,0.025359976296117345,8.881784197001252e-16,0.017359569967245796,0.17382375060717886,0.025148210089529395,0.17382375060717886,0.02514192225092891,8.881784197001252e-16,0.01833620076815509,0.16960131811989193,0.025418828619640305,0.1737970594113354,0.025173734040173004,0.1750960778931308,0.024979020289330946,0.025034810651044234
2000,1396,0.19705545013512965,0.0258192325839713,0.19705545013512965,0.02581277696877251,8.881784197001252e-16,0.022702141693489546,0.19686733114354082,0.025431378232162107,0.19686733114354082,0.02542501959267475,8.881784197001252e-16,0.02042691295316552,0.19948056511133633,0.025906834083226034,0.1969132503753787,0.025461177112647143,0.19703210674982113,0.025585427945941888,0.025418932574611936
2000,1397,0.2126916301154274,0.02572548185481964,0.2126916301154274,0.02571904968023358,1.7763568394002505e-15,0.032159089193925926,0.2117488834761893,0.025663696093493765,0.2117488834761893,0.025657279367279323,1.7763568394002505e-15,0.02931198422048114,0.21234018552112854,0.0259840271319887,0.2117622866355166,0.025733334011729895,0.2130291909717753,0.026184119828739628,0.02644721096632419
2000,1398,0.1552207177009749,0.0249043680651203,0.1552207177009749,0.024898141194647887,8.881784197001252e-16,0.018520650994141564,0.15600233745516762,0.024633098726616617,0.15600233745516762,0.024626939681958122,8.881784197001252e-16,0.022179036464887045,0.1553259991323574,0.024983118202059854,0.15593946376302437,0.02465156698217759,0.15378418319467468,0.025402423045572622,0.025640375851273975
2000,1399,0.2038691316161646,0.026240472536642277,0.2038691316161646,0.02623391159828828,8.881784197001252e-16,0.020791824168547877,0.20516533064848286,0.02588074236320695,0.20516533064848286,0.025874271368640688,8.881784197001252e-16,0.02110166645919846,0.20571718171711323,0.026172879120360145,0.2051524409875627,0.025905553461673017,0.20166617254661023,0.026332787717996534,0.026240304467935183
2000,1400,0.17782361644239308,0.026252042090881278,0.17782361644239308,0.026245478259777084,8.881784197001252e-16,0.008453911764018373,0.181333726614876,0.025929307206160435,0.181333726614876,0.025922824068865407,8.881784197001252e-16,0.008359561343361872,0.1809297840941837,0.026114871571808373,0.18117828790782847,0.025999173334960653,0.1796494041655865,0.02522084097186293,0.025258309767425945
2000,1401,0.1419135898812635,0.02668344890041191,0.1419135898812635,0.0266767772041205,8.881784197001252e-16,0.02280942243672841,0.13795677276657087,0.026211878257725568,0.13795677276657087,0.026205324468835094,3.552713678800501e-15,0.021643585846387235,0.13873435400514245,0.026839799261753547,0.13795295263149032,0.02627378031397922,0.13628846618147777,0.02672128197010556,0.026425324564146882
2000,1402,0.19256201894370373,0.025042738949643553,0.19256201894370373,0.02503647748212484,8.881784197001252e-16,0.01174128717421996,0.19337468436911398,0.024861364762024166,0.19337468436911398,0.024855148643721722,8.881784197001252e-16,0.012073928484915536,0.19102581070600516,0.025130105139859298,0.1932322165755459,0.02489169471184716,0.19791798427196566,0.02391098207020518,0.023920292486901078
2000,1403,0.18957355997751735,0.02645266750615348,0.18957355997751735,0.026446053512424354,8.881784197001252e-16,0.01080204003080781,0.1905443162875149,0.026182628735622954,0.1905443162875149,0.02617608226002728,8.881784197001252e-16,0.011824399813978832,0.19090059551049704,0.026655334263750507,0.1905035000932363,0.026260787347018828,0.1904503473348993,0.02613489025114702,0.02613121517552501
2000,1404,0.19631990617221462,0.02638123284307188,0.19631990617221462,0.026374636710241418,8.881784197001252e-16,0.010880962544366614,0.1971661918772531,0.02597210918941147,0.1971661918772531,0.025965615350282734,8.881784197001252e-16,0.010984278414697079,0.19583585329871117,0.026428687407656772,0.19721137520359389,0.02601413630866313,0.19668480790296355,0.02597326758958981,0.025892433722975384
2000,1405,0.22332107338868817,0.02630600516956751,0.22332107338868817,0.02629942784600688,1.7763568394002505e-15,0.03285970192686083,0.22537501398042337,0.025866818446258398,0.22537501398042337,0.025860350933106607,1.7763568394002505e-15,0.027544066026462557,0.22639784912668642,0.02631625977725619,0.2254290512543719,0.025901898665957147,0.22713878607205623,0.027640193485150295,0.02780435989385054
2000,1406,0.1992043860551138,0.02595050287906559,0.1992043860551138,0.02594401444218981,1.7763568394002505e-15,0.015329563309564403,0.20066978360866405,0.025755727120311336,0.20066978360866405,0.025749287383463503,8.881784197001252e-16,0.01671434363536387,0.20269427670301177,0.02617717991578049,0.20065689358437433,0.02579638710552096,0.20125339606231468,0.02533888105714242,0.02540014483641663
2000,1407,0.16618854686117418,0.026378009097773526,0.16618854686117418,0.026371413770980158,1.7763568394002505e-15,0.008252989341083946,0.16474679131466052,0.026191800310187762,0.16474679131466052,0.026185251541411766,1.7763568394002505e-15,0.010471084203705742,0.16279936800833128,0.026471291483220877,0.16479411100216512,0.026253505432033045,0.15956598303803687,0.025991320834077944,0.025804289079542048
2000,1408,0.20382840741840824,0.024924871264506616,0.20382840741840824,0.024918639267593475,4.440892098500626e-16,0.020593155520568382,0.20334384699843794,0.024654131090836588,0.20334384699843794,0.02464796678742961,8.881784197001252e-16,0.020628807029684806,0.20292130339592407,0.024933090624680715,0.2032483135612243,0.024671428613272577,0.20213605543291685,0.02484821848677418,0.024796986384286675
2000,1409,0.14192468232609384,0.025347481841203195,0.14192468232609384,0.025341144178435995,1.7763568394002505e-15,0.0029071909921275832,0.14138937977284394,0.02519371828473841,0.14138937977284394,0.025187419067666642,8.881784197001252e-16,0.0025009196886051424,0.14081506083687323,0.025273531509681663,0.14132929065785405,0.025238669232699566,0.13816116323082295,0.024437044283700755,0.024558625015588226
2000,1410,0.23713855783011384,0.028782454356225746,0.23713855783011384,0.028775257842960058,1.7763568394002505e-15,0.014679075300002361,0.23790659541453318,0.02873439102522473,0.23790659541453318,0.02872720652929415,3.552713678800501e-15,0.014961517221148453,0.2363868496020154,0.030256871643115132,0.23824416422225225,0.028862565512192906,0.23252922318961344,0.030937916015052157,0.02840892043433221
2000,1411,0.2198571254852716,0.02934808106716449,0.2198571254852716,0.029340743129540808,1.7763568394002505e-15,0.015957932402699285,0.2208189374022878,0.029240474347623384,0.2208189374022878,0.029233163315043144,8.881784197001252e-16,0.0154745451528376,0.2231397298756993,0.030297926275860053,0.22108474552613816,0.029485591843055055,0.21882891630177198,0.02889747824886329,0.030249464944537386
2000,1412,0.19846794149566255,0.02886367455647201,0.19846794149566255,0.028856457735617493,3.552713678800501e-15,0.012057609447573158,0.20027380524805932,0.028704711184170728,0.20027380524805932,0.028697534109128134,1.7763568394002505e-15,0.013504610233660782,0.20075541173459915,0.02843124397926514,0.20047279049250144,0.028855672779974934,0.2004862644739766,0.028888530978317107,0.02954434983399048
2000,1413,0.20239032654133443,0.028842631062791793,0.20239032654133443,0.02883541950346847,3.552713678800501e-15,0.004622351623640712,0.19806624341845958,0.0281667740716806,0.19806624341845958,0.028159731497730867,1.7763568394002505e-15,0.0052492372820446345,0.20193790140278167,0.028849530190114075,0.1981787250424551,0.02832688114080461,0.18751036677630867,0.025972360685120557,0.02591711755872299
2000,1414,0.195070023912441,0.026390944845707053,0.195070023912441,0.026384346284572358,8.881784197001252e-16,0.015543191536558412,0.19543660899105042,0.026023293845551278,0.19543660899105042,0.026016787208658583,8.881784197001252e-16,0.014120253506588963,0.19579264791268325,0.02629598127526897,0.1954551610701083,0.02605310714767753,0.19433373854220576,0.025553995207390583,0.025459550516659775
2000,1415,0.19393725276400053,0.026489782470921965,0.19393725276400053,0.026483159197291516,1.7763568394002505e-15,0.008319963348637292,0.19389056397094107,0.026470014169894477,0.19389056397094107,0.026463395838957196,8.881784197001252e-16,0.007038074781308652,0.19244710397600734,0.02660866002904341,0.19390815548179158,0.02656285272070478,0.19033972427616358,0.025506008037105513,0.025586859946040215
2000,1416,0.16361767064204708,0.02518908464558368,0.16361767064204708,0.02518278658706654,1.7763568394002505e-15,0.022077325351710156,0.1658504625978951,0.0248870662583539,0.1658504625978951,0.024880843713873994,6.661338147750939e-16,0.027490042972334486,0.16514266652797643,0.025118119137756672,0.1658742584619446,0.024908399118012726,0.1648034742523235,0.02535794350885764,0.025542192802848526
2000,1417,0.191474305285396,0.026215224867935937,0.191474305285396,0.026208670242288307,8.881784197001252e-16,0.01592759901689404,0.19123978452624008,0.02593145473748514,0.19123978452624008,0.025924971063240154,1.7763568394002505e-15,0.017224159587172622,0.1883791323939923,0.026160556294803933,0.19128752746707017,0.025971362989691216,0.19236398574254276,0.02641115509985538,0.02644234492216486
2000,1418,0.19392079512129712,0.026148554713229796,0.19392079512129712,0.026142016757204803,8.881784197001252e-16,0.02604025198502159,0.19364954386937683,0.026099384290305238,0.19364954386937683,0.026092858628422935,1.7763568394002505e-15,0.02191654540080117,0.19436035818418101,0.0265740163690919,0.193729525716286,0.02616706284836801,0.1949804171212412,0.02693600839513212,0.02698977051010456
2000,1419,0.18886835997956436,0.02567836277593861,0.18886835997956436,0.025671942382595115,1.7763568394002505e-15,0.011869632113928483,0.1887509273362299,0.02556104156841516,0.1887509273362299,0.025554650509040745,8.881784197001252e-16,0.012906473545484026,0.18981398367969404,0.02604078234658528,0.18868573277716916,0.025598057269167723,0.18914112547272222,0.025730155440654507,0.02575672938005538
2000,1420,0.1647967933524213,0.02476753804910513,0.1647967933524213,0.02476134539041373,8.881784197001252e-16,0.012340350301094743,0.16547768775584276,0.024416970903484787,0.16547768775584276,0.024410865897537756,8.881784197001252e-16,0.016821564662077623,0.1661650941221655,0.024740044864749563,0.1652079396118194,0.02444162446616915,0.1678397519205158,0.024649178714354184,0.024675151245086405
2000,1421,0.20685873060097365,0.026491271775971666,0.20685873060097365,0.0264846481299684,1.7763568394002505e-15,0.008441025976807282,0.20705684835035454,0.02601918509148302,0.20705684835035454,0.026012679481907275,1.7763568394002505e-15,0.008523730733618716,0.20535675758956923,0.02656289698050059,0.20704961096067603,0.026064446042128774,0.20948599276950608,0.02554890179590607,0.025571353442017875
2000,1422,0.2409097197458709,0.02964515993423149,0.2409097197458709,0.029637747717605006,3.552713678800501e-15,0.007911527646494589,0.23985508630499136,0.02921386453709852,0.23985508630499136,0.029206560157802677,1.7763568394002505e-15,0.009530964242047331,0.23961305031401076,0.029308860975280595,0.24025703800405673,0.029489469989758106,0.2387179723999086,0.02735430500063674,0.029960224841111757
2000,1423,0.18967624339789563,0.026776154567451985,0.18967624339789563,0.026769459691846034,1.7763568394002505e-15,0.0050646122262231206,0.18757910024954927,0.026433738553228846,0.18757910024954927,0.026427129292329626,1.7763568394002505e-15,0.005420618647840804,0.19080393500723108,0.02695940407810636,0.1876316360190241,0.026485773875041776,0.18688232204062838,0.02501377978086076,0.025033501496125658
2000,1424,0.1932280872710494,0.025611453660612182,0.1932280872710494,0.02560504999663895,8.881784197001252e-16,0.007365518216217715,0.1908004804589269,0.02530650054336613,0.1908004804589269,0.025300173127204378,8.881784197001252e-16,0.008450123800982222,0.18865850247049604,0.025632304921081882,0.19086563406316964,0.025342634315443088,0.1867894504400081,0.02531682210411112,0.025180169252011636
2000,1425,0.16763579236479276,0.024219139902396374,0.16763579236479276,0.024213084360383382,8.881784197001252e-16,0.009017166954454117,0.1686883697359403,0.024054327101851774,0.1686883697359403,0.024048312768190604,8.881784197001252e-16,0.009889740935924977,0.16922671103409626,0.024221140721155738,0.1685779363465681,0.024063015656712896,0.16630437687555405,0.025307019861709218,0.025400892555395956
2000,1426,0.21802593743474113,0.026333372266048746,0.21802593743474113,0.026326788099858552,8.881784197001252e-16,0.012758017407222221,0.2165722163669378,0.026049077810463585,0.2165722163669378,0.026042564726773715,8.881784197001252e-16,0.011075692852205275,0.21744611798740188,0.026368310751227787,0.2166689494051483,0.026107471365810875,0.21654334425847965,0.02581384802405903,0.02586815827298731
2000,1427,0.1880294166390029,0.02630792102004524,0.1880294166390029,0.0263013432174621,8.881784197001252e-16,0.0067033144241199095,0.1871272125606398,0.025708688805318253,0.1871272125606398,0.02570226082951949,8.881784197001252e-16,0.007257008995843508,0.1879347134101061,0.02595423548496355,0.18704518912036316,0.025747815888353894,0.1844830524140874,0.025297393100428462,0.025318619221816028
2000,1428,0.19826459128541385,0.0264961830142966,0.19826459128541385,0.02648955814033024,1.3322676295501878e-15,0.027654304170165515,0.19690387887833433,0.026287878661806097,0.19690387887833433,0.026281305870439,8.881784197001252e-16,0.02843518991693076,0.1944967551630356,0.026677115356737353,0.19699760411635397,0.026323931536322353,0.1996119532762493,0.02741651223228677,0.027385105957959732
2000,1429,0.21164100177979156,0.02561125682076268,0.21164100177979156,0.02560485320600556,1.7763568394002505e-15,0.0069196512150109185,0.21348666879948774,0.02537486060981986,0.21348666879948774,0.025368516101504708,1.7763568394002505e-15,0.00745542242620055,0.2131033485512715,0.025603845692977828,0.21344651287734895,0.02541115986684907,0.2147644593879357,0.026204587074076607,0.025958860077132023
2000,1430,0.1541800938036635,0.025669919748024503,0.1541800938036635,0.02566350146570189,8.881784197001252e-16,0.006592941214285557,0.15780864884612245,0.02536960510474732,0.15780864884612245,0.02536326191047271,4.440892098500626e-16,0.008614840844831035,0.15816313290086448,0.025612517844368955,0.15774438040168337,0.02541462795703587,0.1581481981746355,0.024587128138626606,0.02458690443324424
2000,1431,0.19617081887637688,0.0256965803947882,0.19617081887637688,0.025690155446470544,8.881784197001252e-16,0.012755404203221325,0.19686722381464827,0.025510101674679948,0.19686722381464827,0.025503723351871236,8.881784197001252e-16,0.012949633158329464,0.1942010851366746,0.025964696322088664,0.1967918271389998,0.02552922854623534,0.19917023280548668,0.025261463954516374,0.025151872647089225
2000,1432,0.20152546660169757,0.025256842358448255,0.20152546660169757,0.02525052735838494,8.881784197001252e-16,0.019012217087594083,0.1998458275898219,0.02493322632472882,0.1998458275898219,0.024926992238789466,8.881784197001252e-16,0.018203414722057023,0.19846299437035891,0.025240673049947704,0.19980047250299726,0.02497330364360937,0.20105249072990572,0.02617994269027706,0.026144560564676313
2000,1433,0.13903420270786082,0.026435318705389708,0.13903420270786082,0.026428709049403056,1.7763568394002505e-15,0.01714724341903871,0.13994692809810388,0.026119235411896227,0.13994692809810388,0.026112704786613025,8.881784197001252e-16,0.018700878188707973,0.14035490149519986,0.02638293118199263,0.1399868926269595,0.02616327684209137,0.14106808135221516,0.026617858796458806,0.026572541043146145
2000,1434,0.1714444050912659,0.02484293947728491,0.1714444050912659,0.024836727965879588,8.881784197001252e-16,0.02500966089711048,0.1683168070344757,0.024571108247563804,0.1683168070344757,0.024564964702462753,8.881784197001252e-16,0.024127201915183697,0.16756359580010444,0.024765853128933858,0.16825927205675967,0.02458504669002739,0.16642092341423415,0.02519672314771058,0.025425842103997176
2000,1435,0.17157307129392246,0.025659159433039865,0.17157307129392246,0.025652743841132346,8.881784197001252e-16,0.008605126788421881,0.17235992925849697,0.025543408499334723,0.17235992925849697,0.025537021848778752,1.7763568394002505e-15,0.008975903731271034,0.17327711755800218,0.02583939215475711,0.17241023399147026,0.0255733885999264,0.17323508519706043,0.026455433886597945,0.026485515965926416
2000,1436,0.22008338205390815,0.026122551033332844,0.22008338205390815,0.02611601957904064,1.7763568394002505e-15,0.004652105341778165,0.2194467198835291,0.025797312196743683,0.2194467198835291,0.025790862062326884,1.7763568394002505e-15,0.004844826887501524,0.21665161582710712,0.026214684891285516,0.21966478962060754,0.025839764500118687,0.21028156032266498,0.028187234665794248,0.025222787714609268
2000,1437,0.1871258007565516,0.02509250427319906,0.1871258007565516,0.0250862303627939,1.7763568394002505e-15,0.016794316348214523,0.1871877790272959,0.02494463633300546,0.1871877790272959,0.024938399394207382,1.7763568394002505e-15,0.01619909671932226,0.18318660290665562,0.02520413677546658,0.18723338881333412,0.02497307419125833,0.18723766237762368,0.025984543791235968,0.026096779166637565
2000,1438,0.17139410552942436,0.025393394718811278,0.17139410552942436,0.02538704557638954,8.881784197001252e-16,0.00854712778415984,0.1710492594670584,0.02526273357098337,0.1710492594670584,0.025256417097932773,1.7763568394002505e-15,0.008073967259797218,0.17158026839906615,0.025613654259709743,0.17103087072776013,0.025297070380699435,0.17228616323697055,0.026275312774535087,0.026291179927079435
2000,1439,0.2190621764601028,0.026560772846001578,0.2190621764601028,0.026554131822558353,8.881784197001252e-16,0.01817470884092479,0.22281626812858418,0.026571725447410627,0.22281626812858418,0.0265650816854747,3.552713678800501e-15,0.013036950968988235,0.22224538642905217,0.026949714673285986,0.22291181652630243,0.026660312497338388,0.22455380464391184,0.029576894604722986,0.029727213058495176
2000,1440,0.1563220753564401,0.02623702170120136,0.1563220753564401,0.02623046162566409,8.881784197001252e-16,0.010071334489698155,0.15588390641794825,0.025846417217631153,0.15588390641794825,0.02583995480542422,1.7763568394002505e-15,0.010989329896689175,0.15605848233738623,0.026514368136218373,0.1558249807180509,0.025887639431453287,0.15679322562430986,0.02566141715134496,0.025751218864416343
2000,1441,0.19609326014636302,0.026057672866225044,0.19609326014636302,0.02605115763350257,8.881784197001252e-16,0.012231834554901656,0.19173229125823665,0.025358097770216102,0.19173229125823665,0.02535175745313482,1.7763568394002505e-15,0.010771783822511889,0.19056471308018713,0.026370532021726928,0.19166248830021881,0.02541030919906061,0.19103711588448075,0.025306985749180295,0.025316941216583656
2000,1442,0.14535479056537548,0.025711735532144227,0.14535479056537548,0.02570530679456852,4.440892098500626e-16,0.01822345756935492,0.14783145985277518,0.02539462871479283,0.14783145985277518,0.025388279263833528,8.881784197001252e-16,0.018221363134037265,0.145236945895874,0.02562266246001954,0.14779264871992392,0.025430536927326528,0.14700740155013314,0.025418660751294286,0.025430229626172914
2000,1443,0.1782718602179057,0.025099508459057777,0.1782718602179057,0.02509323279738722,8.881784197001252e-16,0.02087058785605062,0.17596859934366688,0.024752391407231778,0.17596859934366688,0.02474620253567429,1.7763568394002505e-15,0.019602318981883828,0.17667685939538985,0.02505262860458634,0.17586214277183326,0.024766796382640358,0.1761641286056675,0.024510087867341858,0.024577245758649308
2000,1444,0.18378783946934146,0.025480206884657707,0.18378783946934146,0.02547383603648095,1.7763568394002505e-15,0.02510662998820162,0.1837397267270482,0.0251937758079168,0.1837397267270482,0.02518747657646244,8.881784197001252e-16,0.026349450800855545,0.1823646151933248,0.02543425285678196,0.183700929172329,0.02522312071227278,0.18353306971832223,0.025859446210875738,0.025898947437067693
2000,1445,0.1744295567326703,0.025587311243651913,0.1744295567326703,0.02558091361603756,8.881784197001252e-16,0.00672345972898777,0.17476069694468072,0.025270968373361728,0.17476069694468072,0.02526464984135314,8.881784197001252e-16,0.005603324149602914,0.1717980241482704,0.025626287470392757,0.17456795940538083,0.025284591900819223,0.1766118878798032,0.02443691339839556,0.024494245458554
2000,1446,0.13914984628293658,0.025270706395663676,0.13914984628293658,0.025264387929157694,1.7763568394002505e-15,0.016141746159011372,0.1405623637375043,0.02513626354757602,0.1405623637375043,0.025129978695984448,1.7763568394002505e-15,0.017096515197750888,0.14028858306808156,0.02543518618218712,0.14058354765236108,0.02515691222838456,0.14180718234460166,0.024913841663382074,0.025237049350505792
2000,1447,0.1931224831462719,0.025491985958735613,0.1931224831462719,0.02548561216542215,8.881784197001252e-16,0.015763919265690943,0.18959724384217447,0.02518282635442304,0.18959724384217447,0.025176529860674306,1.7763568394002505e-15,0.016835076194329092,0.19233150967185803,0.025707455288154584,0.1894754494724164,0.025215270291153915,0.18844877258382914,0.0250805062159461,0.02507239282069881
2000,1448,0.19412461369585288,0.025601577523959737,0.19412461369585288,0.025595176329329377,1.7763568394002505e-15,0.01642444588121363,0.19500141038783647,0.02554448231782823,0.19500141038783647,0.02553809539878407,1.7763568394002505e-15,0.015530979290017696,0.1957933492455904,0.02569502035184773,0.19498254695797412,0.02558598492077912,0.19484324083947568,0.025090310747237943,0.025047215410140367
2000,1449,0.23709128315835815,0.02699643683207875,0.23709128315835815,0.026989686879021098,3.552713678800501e-15,0.0155628410713805,0.23471317800519226,0.02641874444144116,0.23471317800519226,0.026412138929538576,8.881784197001252e-16,0.015418388325267875,0.23217948963422064,0.026853899459514243,0.23488196622765978,0.026504970506905045,0.23381141272989991,0.027204262814350302,0.02744613731618614
2000,1450,0.14277131866904624,0.025620164696569057,0.14277131866904624,0.025613758854564548,8.881784197001252e-16,0.017042068426269687,0.141345941658919,0.025292963110331544,0.141345941658919,0.0252866390789512,8.881784197001252e-16,0.015917849846436554,0.1418832753394214,0.02554180455082956,0.14124977557155483,0.025328488981372365,0.13795756282688781,0.026111449722539003,0.025996685003247786
2000,1451,0.1838124651235346,0.02611388322857382,0.1838124651235346,0.026107353941503746,1.7763568394002505e-15,0.008107805121629704,0.18411205049431034,0.02592294136477521,0.18411205049431034,0.025916459819139512,1.7763568394002505e-15,0.007343589218245932,0.1832158759038245,0.026103428755448785,0.18408304953862492,0.025986826196884524,0.18249483737170885,0.02600719783621999,0.026007502739191137
2000,1452,0.13630932608168578,0.02624927493396876,0.13630932608168578,0.02624271179474029,1.7763568394002505e-15,0.012225021965362144,0.1373628172005607,0.026124306180570586,0.1373628172005607,0.026117774287436713,8.881784197001252e-16,0.01271861741399734,0.1392427192319674,0.026544727123103413,0.13745028621386818,0.026195342394858247,0.13329752112429416,0.02539863350210384,0.025236294244858033
2000,1453,0.21153873447136645,0.026912955438473756,0.21153873447136645,0.026906226358373957,1.7763568394002505e-15,0.007113336491888169,0.2124178101917083,0.026585702738000903,0.2124178101917083,0.026579055481305423,8.881784197001252e-16,0.006247368375088122,0.21249188844778583,0.026809067468766785,0.2125204274883215,0.026658469225227736,0.21134630675833743,0.0264837691865752,0.026812687693550687
2000,1454,0.19013012832725978,0.025945043578188595,0.19013012832725978,0.025938556506308674,8.881784197001252e-16,0.013687125197199815,0.191107303768417,0.025659949040704778,0.191107303768417,0.02565353325137066,8.881784197001252e-16,0.014528918317666789,0.18987901896599862,0.025926405686439682,0.19106723034596512,0.02570761512193884,0.1888237304799944,0.025020704531834748,0.02505993414531893
2000,1455,0.17439547287735446,0.025164264854915495,0.17439547287735446,0.025157973002121827,1.7763568394002505e-15,0.005442300929690348,0.17353102749369637,0.02491229336184381,0.17353102749369637,0.024906064509799496,8.881784197001252e-16,0.006511618066316133,0.17085950362061492,0.0254991063523661,0.17330128954097618,0.0249447247862755,0.17767653796228317,0.024489380816176073,0.024444943538538055
2000,1456,0.2187736419780928,0.0270878601406345,0.2187736419780928,0.027081087328892018,8.881784197001252e-16,0.0095205980047079,0.21883938098763117,0.02698965933978817,0.21883938098763117,0.02698291108131544,1.7763568394002505e-15,0.00885373654402946,0.22070707933884637,0.027820707771061545,0.2188605260604466,0.02708561703048471,0.22165793415475138,0.026614432618148196,0.026631589590436086
2000,1457,0.16865010051517293,0.025495084223937616,0.16865010051517293,0.025488709655961006,1.7763568394002505e-15,0.013033150570422238,0.16910440423083883,0.02530578669699516,0.16910440423083883,0.025299459459317313,8.881784197001252e-16,0.010887688772954015,0.17015968402276638,0.025618263065962144,0.16901236823870752,0.025330066919583134,0.16630325326952622,0.025491474642195346,0.025506468722047166
2000,1458,0.1351125157076397,0.02709300187713344,0.1351125157076397,0.027086227779796117,1.7763568394002505e-15,0.007425433481765617,0.13512829430366052,0.026747004291230895,0.13512829430366052,0.026740316704105177,8.881784197001252e-16,0.006184056011645501,0.13347877397259894,0.027025768276239544,0.13518292699986906,0.026810571927933596,0.13362423494512815,0.02607857312632224,0.0260253219483989
2000,1459,0.19219995285191505,0.025392369197309153,0.19219995285191505,0.025386020311299846,8.881784197001252e-16,0.011595727100943417,0.1971946409215718,0.025071108068820985,0.1971946409215718,0.025064839508135726,8.881784197001252e-16,0.010739241029854331,0.19491244830344778,0.02530428335419866,0.19696741086291458,0.025094792432267168,0.19713080268496358,0.02437310156433492,0.024340822752029638
2000,1460,0.1925225034335965,0.024999095518012736,0.1925225034335965,0.02499284496271613,8.881784197001252e-16,0.019437429188900734,0.19133822224668762,0.024797093982716366,0.19133822224668762,0.024790893934117708,8.881784197001252e-16,0.01864317741719442,0.1911334461668922,0.025073242774178665,0.19121255219089628,0.024820213176574926,0.1911019344381979,0.024752037109711484,0.024762415516972874
2000,1461,0.17593079990913868,0.02577466773162337,0.17593079990913868,0.025768223259030668,8.881784197001252e-16,0.011342450631737933,0.1767893726878031,0.025567617658850413,0.1767893726878031,0.025561224955247836,8.881784197001252e-16,0.013919734803208626,0.17706830870920587,0.025942435318520064,0.17677919082727672,0.025604608998729666,0.17867406130671415,0.025477493433113278,0.025517399244489907
2000,1462,0.13295645508842735,0.026531800884892754,0.13295645508842735,0.026525167105345412,8.881784197001252e-16,0.024119857439971724,0.13704671897635817,0.02625493714945598,0.13704671897635817,0.026248372594496652,8.881784197001252e-16,0.0233554954046324,0.13704776597050844,0.026536411522622285,0.13703377397520644,0.026299100642968157,0.13656233064370898,0.026199197420941542,0.02616004965348952
2000,1463,0.18036684224648608,0.025158317551955568,0.18036684224648608,0.025152027186173546,8.881784197001252e-16,0.009223551328010796,0.1799632284885756,0.024924473574440675,0.1799632284885756,0.024918241676962483,8.881784197001252e-16,0.007822376687195685,0.18048037253056187,0.025342550020848318,0.1799135470855242,0.02494960373279123,0.1793820839784202,0.0251188578939675,0.025128724066186478
2000,1464,0.1865862432777186,0.026482188208288102,0.1865862432777186,0.026475566833460695,8.881784197001252e-16,0.020171409601682833,0.18571851107570497,0.026315151149851123,0.18571851107570497,0.026308571539509537,8.881784197001252e-16,0.02296908795469115,0.18639647356297362,0.026672406325295283,0.18569238167781899,0.026359542635335166,0.1844022643359321,0.025880504388994408,0.02587986745026338
2000,1465,0.18336227567142094,0.026882015444575302,0.18336227567142094,0.026875294100441094,8.881784197001252e-16,0.012906047467588354,0.18394107234579632,0.026925262707656338,0.18394107234579632,0.026918530550354546,8.881784197001252e-16,0.014061932335239682,0.18547408167690088,0.027457189090308445,0.18417500389535846,0.026980454079591615,0.18643691623109393,0.027692562822841778,0.027714690518861496
2000,1466,0.19919769883715766,0.025931393351157732,0.19919769883715766,0.025924909692261248,8.881784197001252e-16,0.008504766231685347,0.20261560458974281,0.025564530237824734,0.20261560458974281,0.02555813830617392,8.881784197001252e-16,0.010171636216917971,0.20103509511868373,0.02602485083355773,0.2026134081470392,0.02560619208800856,0.20394112562158845,0.025989332184655097,0.025983099237672554
2000,1467,0.1580279235103088,0.02544299601274693,0.1580279235103088,0.025436634468451284,8.881784197001252e-16,0.0132699383524848,0.15771233309930205,0.025329258384291377,0.15771233309930205,0.02532292527795803,8.881784197001252e-16,0.013275357707576938,0.1593946293959987,0.02572680746603639,0.1577153091100026,0.025356638134378818,0.15741914308007515,0.02577062519921093,0.025775853743188505
2000,1468,0.1909556115050467,0.025789763500644287,0.1909556115050467,0.02578331525363747,8.881784197001252e-16,0.01926268339471764,0.19097705311551594,0.02535782031796902,0.19097705311551594,0.025351480070259464,1.7763568394002505e-15,0.022653976225930617,0.18973037902967166,0.0256472318415782,0.1909468490491138,0.025403419579243906,0.19275958177648578,0.025886325100040276,0.025877366878915117
2000,1469,0.22562776083634567,0.030906509699150025,0.22562776083634567,0.030898782105655276,7.105427357601002e-15,0.013399672629657555,0.2272084442839305,0.030533377229542642,0.2272084442839305,0.030525742930828596,1.7763568394002505e-15,0.013376476414908517,0.22856061442641196,0.03270134488981235,0.22750400526944797,0.03080215689302279,0.22500597599627886,0.027150464387580387,0.027444274475846967
2000,1470,0.2200684917521647,0.02746079617116855,0.2200684917521647,0.027453930113761276,1.7763568394002505e-15,0.007406172445659208,0.2199765695471772,0.027090575215745125,0.2199765695471772,0.027083801725149,1.7763568394002505e-15,0.006505915194502444,0.22071540085031116,0.027480342777337616,0.21992849013711352,0.0271848805464808,0.21411102406366422,0.02582064400860901,0.026008216475334422
2000,1471,0.15528722967501113,0.026539669992489193,0.15528722967501113,0.026533034245418977,8.881784197001252e-16,0.0038922173622806646,0.15908335934019058,0.026309329650803775,0.15908335934019058,0.026302751496018916,1.7763568394002505e-15,0.0032551358036771866,0.15889146821669053,0.026773473315538306,0.15899745558075917,0.026355605625878943,0.15768567580656462,0.025625598352931787,0.025642519420768287
2000,1472,0.18756481289568877,0.025463296904950083,0.18756481289568877,0.025456930284796824,8.881784197001252e-16,0.02829615843087845,0.186476867434424,0.025248488508256135,0.186476867434424,0.02524217559691649,8.881784197001252e-16,0.03292864577913959,0.18718094885530578,0.025592871454589432,0.1863771070493624,0.02527623377270245,0.18637807247461147,0.02533727151585168,0.025372778322585172
2000,1473,0.2204506280022024,0.026111030229171685,0.2204506280022024,0.02610450165544064,1.7763568394002505e-15,0.015340244636750641,0.2190153127616013,0.02585958807595658,0.2190153127616013,0.02585312237062337,8.881784197001252e-16,0.014157367861163988,0.2191664755367369,0.026003965163837642,0.21913183344426135,0.02590975732917875,0.22012472317578674,0.026316254135222397,0.026320657423167568
2000,1474,0.15857424309677504,0.025371134544311818,0.15857424309677504,0.025364790967629513,8.881784197001252e-16,0.013364624334885463,0.16048974298306895,0.02508482084609213,0.16048974298306895,0.02507854885678392,8.881784197001252e-16,0.01082825943223263,0.15780275206884659,0.025486909374888303,0.1603545798102441,0.02511465548679021,0.16162548755829798,0.024040948311007476,0.024150192576907096
2000,1475,0.22221774435074254,0.026061762142727662,0.22221774435074254,0.02605524588755824,1.7763568394002505e-15,0.015557528409021578,0.22304357545917103,0.025771913620297973,0.22304357545917103,0.025765469836319187,1.7763568394002505e-15,0.015281413705699973,0.22201907397045983,0.026167917286323415,0.22304813600695678,0.025823608261095546,0.2227689615304344,0.02591978805272161,0.025944397703144453
2000,1476,0.17566743965643772,0.02516067604437483,0.17566743965643772,0.025154385088895986,8.881784197001252e-16,0.02368651789501653,0.17578440099423043,0.024894179880389927,0.17578440099423043,0.02488795555728216,1.7763568394002505e-15,0.025154669243717762,0.1754405208655535,0.02511103764678019,0.17574139301387165,0.024910145877711405,0.1745551360725871,0.025436870099298053,0.025526585797813472
2000,1477,0.21112850972998964,0.026001156769252867,0.21112850972998964,0.025994655667321207,8.881784197001252e-16,0.016111440664892344,0.21017801655854895,0.02562914254497677,0.21017801655854895,0.025622734458229535,1.7763568394002505e-15,0.014571496883521018,0.20818435466466056,0.025823813465200116,0.21014910583741492,0.02568311275159736,0.20732424657431975,0.02559211644035368,0.025597742116875075
2000,1478,0.20059578122055333,0.024779634562629292,0.20059578122055333,0.024773438879431404,1.7763568394002505e-15,0.0181563452709168,0.20121663065515816,0.02461683282155048,0.20121663065515816,0.02461067784387668,8.881784197001252e-16,0.02048822904714855,0.2000428016672528,0.02482138874055116,0.20106152650879955,0.024645898449143736,0.20327776779225493,0.024861833630645685,0.024888580102925995
2000,1479,0.19556708899557385,0.026133651896866048,0.19556708899557385,0.026127117667010973,8.881784197001252e-16,0.013956530322059093,0.19518931554601499,0.025955361792700728,0.19518931554601499,0.025948872140944657,8.881784197001252e-16,0.014320859163665904,0.1966130844292227,0.026543435695895186,0.195267183609449,0.02600032523763787,0.19720914449047916,0.027318675015493475,0.027299960220000367
2000,1480,0.14694531512538228,0.02531574410568587,0.14694531512538228,0.025309414378344608,8.881784197001252e-16,0.016526167471848683,0.14692293736178463,0.02510937417818056,0.14692293736178463,0.025103096049771838,1.7763568394002505e-15,0.01643225638872014,0.14677300961922324,0.025386088191274657,0.1468415034635791,0.025152383875443853,0.14803624681010547,0.02563517483041994,0.02568756313762406
2000,1481,0.22515040187243984,0.02675048746457524,0.22515040187243984,0.026743799006547306,1.7763568394002505e-15,0.01567746202204786,0.22603975235630075,0.02639600291661435,0.22603975235630075,0.026389403090803818,1.7763568394002505e-15,0.019371909631256796,0.2267356423211016,0.026808223996339805,0.22610096673154162,0.026432454621514112,0.22437972222667946,0.027678514836518626,0.02730980020122022
2000,1482,0.1999093427017803,0.026309324319528034,0.1999093427017803,0.02630274616607616,8.881784197001252e-16,0.01593019318814762,0.19758286853521623,0.025909421187788512,0.19758286853521623,0.02590294302261967,1.7763568394002505e-15,0.014933906837700656,0.1967221632422797,0.02620990699985986,0.19767408967865524,0.025946515043649615,0.19779641487647714,0.02634497788463165,0.026355380569053996
2000,1483,0.21707918207290977,0.025280777862811136,0.21707918207290977,0.025274456878123554,1.7763568394002505e-15,0.018357721281693846,0.21534189325190922,0.024915653274119584,0.21534189325190922,0.024909423581992173,8.881784197001252e-16,0.01699200883833142,0.21697724254554257,0.02535873574516697,0.21529195876260265,0.02495790041106993,0.21883714443064461,0.026380672259900734,0.026695550208259578
2000,1484,0.1670519683134285,0.026282570417668214,0.1670519683134285,0.026275998953528074,8.881784197001252e-16,0.016067910114928745,0.1678723307330599,0.026215367038735466,0.1678723307330599,0.02620881237754069,8.881784197001252e-16,0.01622024368058396,0.1709406778040547,0.026609364514471698,0.16783635254142576,0.02626100518688846,0.1691641309625047,0.026146608296078434,0.026174667218307707
2000,1485,0.2132394332746652,0.02837457218560809,0.2132394332746652,0.028367477655634563,1.7763568394002505e-15,0.0077713019624207,0.2160821616614101,0.028153491759803313,0.2160821616614101,0.028146452506846727,8.881784197001252e-16,0.007786935042161341,0.214031556377752,0.029067345636098973,0.21625424809499455,0.02828116150417327,0.2151026741091328,0.025559738276696314,0.0255569415526707
2000,1486,0.18625523172103414,0.026234199182888926,0.18625523172103414,0.026227639813069463,8.881784197001252e-16,0.0226668025002345,0.19306046971414215,0.025568003876343705,0.19306046971414215,0.025561611076174683,8.881784197001252e-16,0.02206243953435418,0.1900282050661321,0.02606627392319354,0.19298949854574066,0.025589018036604093,0.19335760344203667,0.026138857562597123,0.025979747817646445
2000,1487,0.1918588851576324,0.028257526846320862,0.1918588851576324,0.028250461581340737,3.552713678800501e-15,0.005434025082246886,0.19402082442724544,0.027027667948233285,0.19402082442724544,0.027020910186420388,3.552713678800501e-15,0.00644941919863065,0.19483769266031292,0.027351361068432927,0.19406028509397044,0.02712999863771542,0.19538994665304404,0.02819454810858271,0.028003716555610167
2000,1488,0.20390658248679372,0.025914769239192427,0.20390658248679372,0.025908289736843563,1.7763568394002505e-15,0.009948145784690764,0.20327735752197812,0.025786871406399788,0.20327735752197812,0.025780423882506932,8.881784197001252e-16,0.010226381796289397,0.20356526183258145,0.026342106673345987,0.2032678177337645,0.02583428572659133,0.20350693934959296,0.025533949743045726,0.025546393340234216
2000,1489,0.1950979505822476,0.02719468523157599,0.1950979505822476,0.027187885710221654,3.552713678800501e-15,0.0153546716086618,0.1945074282902532,0.027006246744347536,0.1945074282902532,0.026999494338505188,8.881784197001252e-16,0.01451997460479823,0.19908525244234632,0.027507658597911145,0.19468983098115283,0.027099487797316784,0.19670233162203216,0.02839192043812375,0.028369511772203548
2000,1490,0.1813393551287913,0.025401071891509683,0.1813393551287913,0.025394720829554795,8.881784197001252e-16,0.02005082211108429,0.17929103663359852,0.025233957550731108,0.17929103663359852,0.025227648272585054,8.881784197001252e-16,0.02508656522512439,0.17822820479877605,0.025573847303507233,0.17931100106726522,0.025276278982327566,0.18166926880797413,0.025864644490321793,0.02596436294845453
2000,1491,0.13332634534612087,0.026535795857422013,0.13332634534612087,0.02652916107900666,1.7763568394002505e-15,0.010564654368072123,0.13578318326772548,0.026151890319098706,0.13578318326772548,0.02614535152906798,8.881784197001252e-16,0.012274905564333522,0.1359447139303117,0.026455895598436703,0.13583585404915371,0.026194947211471507,0.13629643925399249,0.025308630622838123,0.0253796380645101
2000,1492,0.17285360124181104,0.02512321692825881,0.17285360124181104,0.02511693533872988,8.881784197001252e-16,0.014074461879818636,0.17185023430357627,0.02493907180068284,0.17185023430357627,0.024932836253191773,8.881784197001252e-16,0.015546569693049428,0.1704614386574217,0.02509267919269016,0.17163102314568984,0.024964420590873376,0.17022570831955952,0.024351265514764003,0.02436529126794141
2000,1493,0.24125906140887177,0.02507758188153722,0.24125906140887177,0.025071311702196425,8.881784197001252e-16,0.008063460296146597,0.23961556769163972,0.024850685684789466,0.23961556769163972,0.024844472236590132,8.881784197001252e-16,0.007973253115289548,0.23863345603469283,0.02513980857418271,0.23936681795152326,0.02486550137763075,0.24172098731500224,0.02531779643576006,0.02511280627220356
2000,1494,0.1891996800360981,0.026251856709496067,0.1891996800360981,0.02624529292474301,8.881784197001252e-16,0.019910457586910114,0.18690929922006,0.026494048898595784,0.18690929922006,0.026487424558225055,1.7763568394002505e-15,0.019464412981236114,0.189525574499333,0.02766012936028882,0.18707417792812353,0.026586515818064767,0.18136569828336885,0.026275863793871305,0.02582207525774059
2000,1495,0.21458737651431203,0.025299687109189666,0.21458737651431203,0.02529336139659943,1.7763568394002505e-15,0.018039024624260186,0.21520570951684903,0.024889611517281293,0.21520570951684903,0.0248833883364071,8.881784197001252e-16,0.015720235352653874,0.21428217874548355,0.025257244885607176,0.2150863763963442,0.02492292743508786,0.21620208359922177,0.025588428034997675,0.025481999596873747
2000,1496,0.18143042381811275,0.02535484626782161,0.18143042381811275,0.025348506763717558,8.881784197001252e-16,0.004749248289015929,0.18210340063948244,0.02511743781811789,0.18210340063948244,0.025111157673547137,8.881784197001252e-16,0.0056096551707095,0.18248003798965173,0.02543766863799189,0.1820160037829786,0.025146000771660182,0.18180321206356154,0.025277020612820097,0.02521946470509968
2000,1497,0.17335063768682674,0.025461081772244046,0.17335063768682674,0.025454715705943202,8.881784197001252e-16,0.01329311969271577,0.17490131085078492,0.025301412120474407,0.17490131085078492,0.02529508597657743,8.881784197001252e-16,0.01795536629564252,0.17790951780439745,0.025631261956109985,0.17491448492886047,0.025333848021361162,0.17437673883247012,0.025416360510178985,0.025476211082505078
2000,1498,0.14752866318224078,0.02635356538367633,0.14752866318224078,0.026346976168575537,8.881784197001252e-16,0.01326569831454531,0.14879303190396692,0.02597838124867072,0.14879303190396692,0.02597188584133112,8.881784197001252e-16,0.014208401240990416,0.14949588207516384,0.026338321931057358,0.14876312475881226,0.026016670975058574,0.1472998442794312,0.02572892346858477,0.025778894048479786
2000,1499,0.2281852220438546,0.025521710150484843,0.2281852220438546,0.025515328925194324,8.881784197001252e-16,0.017536619196299348,0.22974395020707905,0.02525488587804173,0.22974395020707905,0.025248571367159665,8.881784197001252e-16,0.019069933455734763,0.2276769247332579,0.02567130368632047,0.2295832431113327,0.025277396275831508,0.22974480875518632,0.02578416929333045,0.025703038840370035
2000,1500,0.15898248253227193,0.02553287133098201,0.15898248253227193,0.0255264873150475,8.881784197001252e-16,0.0036157200557250936,0.15897076400623134,0.025349239529226006,0.15897076400623134,0.02534290142698186,8.881784197001252e-16,0.0038968459479504208,0.16030874317817267,0.02573167394753734,0.15886013131580706,0.025386743996576703,0.15930390408943812,0.024515900957234858,0.024671539804112994
2000,1501,0.15876282885602577,0.02696916856349521,0.15876282885602577,0.02696242542835706,1.7763568394002505e-15,0.003503873637511654,0.16005032775911843,0.026813969001290208,0.16005032775911843,0.026807264670893803,1.7763568394002505e-15,0.003266990196016971,0.16011403031874577,0.027456393999007452,0.1601150289090849,0.026886933471521768,0.15942552599972093,0.026612873547756467,0.02662047230277762
2000,1502,0.21435846972905653,0.02609518720273979,0.21435846972905653,0.026088662590260575,8.881784197001252e-16,0.010096300326799906,0.21738061616012216,0.025648432269320037,0.21738061616012216,0.02564201935953876,8.881784197001252e-16,0.010801968811481608,0.21678172899843406,0.02605381879044884,0.21723411265450066,0.025682398610362367,0.21046215701518944,0.025442867225240338,0.02531609515762406
2000,1503,0.19495187290649912,0.026336823548473314,0.19495187290649912,0.026330238519354638,1.7763568394002505e-15,0.024746406359230123,0.19681327353235828,0.02610952952410063,0.19681327353235828,0.02610300132559276,8.881784197001252e-16,0.021641335772179714,0.20114799971987884,0.026586655311398553,0.19683233183124477,0.026148112292834955,0.19423602955302033,0.02533326007341699,0.025349968791941853
2000,1504,0.20058152115024025,0.026075138902498473,0.20058152115024025,0.02606861930272098,8.881784197001252e-16,0.012194936369714391,0.20208630285893364,0.02573761474714029,0.20208630285893364,0.0257311795389519,8.881784197001252e-16,0.013713721967757445,0.20281567363749675,0.02609148486807962,0.20208707138214954,0.025779186435151757,0.20209396205608765,0.025737652080684622,0.025904430874887047
2000,1505,0.12278572726387971,0.026808345004370425,0.12278572726387971,0.026801642080149044,3.552713678800501e-15,0.005140780219629624,0.12348823806253323,0.0260693151796491,0.12348823806253323,0.02606279703598436,3.552713678800501e-15,0.005935899934207861,0.12435999045758817,0.02625050994473722,0.12354744374505355,0.026150645507001417,0.1242637634330998,0.025445209270194554,0.025455798394854776
2000,1506,0.18839265358819546,0.02494001478111973,0.18839265358819546,0.024933778997854084,8.881784197001252e-16,0.014123291800910868,0.18938274412432843,0.02475195120865303,0.18938274412432843,0.024745762447158957,8.881784197001252e-16,0.011629362691730852,0.18903956740642391,0.025168435182094988,0.1893906087340853,0.02476608005212882,0.1872123579152764,0.025188591859041404,0.025318602572296192
2000,1507,0.15268471781134219,0.025515566553420167,0.15268471781134219,0.025509186864220955,1.7763568394002505e-15,0.011415196262157331,0.15237001489998392,0.025029506314654795,0.15237001489998392,0.025023248155708458,1.3322676295501878e-15,0.010829818783117298,0.15262987501196368,0.025295753430627708,0.15234167272118349,0.02504851381842737,0.1511668761857024,0.024472569008342496,0.02470406943139291
2000,1508,0.151605979340728,0.0251930128746918,0.151605979340728,0.02518671383399459,8.881784197001252e-16,0.01883080997007529,0.1510649335248081,0.02496750607495466,0.1510649335248081,0.024961263418006235,8.881784197001252e-16,0.017520371099133545,0.15189371426045967,0.025324935847724293,0.1510122698230693,0.024986931491514864,0.14955995965352786,0.026084270771881506,0.026161775623739905
2000,1509,0.21598128783109594,0.0253886258873863,0.21598128783109594,0.025382277937321483,1.7763568394002505e-15,0.010133445102340865,0.21813880828327453,0.025199415541181706,0.21813880828327453,0.025193114899617744,8.881784197001252e-16,0.00910411871171308,0.21892188880091146,0.025729219630336742,0.2180782832896488,0.025248266483934113,0.21609614212943712,0.02572205915415909,0.025829193966739467
2000,1510,0.17792125470017478,0.027091632493938343,0.17792125470017478,0.02708485873898962,1.7763568394002505e-15,0.010885587034548425,0.18069385860091242,0.02675437637454638,0.18069385860091242,0.0267476869441694,8.881784197001252e-16,0.011473797749708178,0.17859246816575625,0.027210464043485417,0.1807001953259208,0.02681538587793835,0.18009581632426425,0.026428673077451812,0.026337244844536548
2000,1511,0.22861627475015733,0.02607985872903163,0.22861627475015733,0.026073337949149972,1.7763568394002505e-15,0.014757277444377293,0.23032727090411131,0.025822894042944338,0.23032727090411131,0.025816437512266355,1.7763568394002505e-15,0.017396532658850734,0.22467356142825434,0.026336193847874865,0.2302648836957974,0.02586418344856849,0.23048028272353827,0.025903312092506566,0.025899078967477118
2000,1512,0.2006431993946231,0.027092768819678717,0.2006431993946231,0.027085994780613045,1.7763568394002505e-15,0.009019945557520231,0.1985495473679158,0.026809389644153504,0.1985495473679158,0.026802686458739525,1.7763568394002505e-15,0.008209153504764916,0.19756122544885585,0.02723661153802652,0.1985897818879956,0.026861350511038863,0.1977483163219561,0.02642527739254006,0.02649253178153897
2000,1513,0.18205715131894173,0.024751391776009976,0.18205715131894173,0.024745203154391552,8.881784197001252e-16,0.016516158883182936,0.1802409557863484,0.024464122482186525,0.1802409557863484,0.024458005686870964,8.881784197001252e-16,0.015455911114128596,0.1779669824095369,0.024854721028956802,0.17999332176269184,0.024485225635161777,0.181437776732028,0.024699475208483514,0.024750754890703372
2000,1514,0.18011952268358605,0.02497822218430695,0.18011952268358605,0.024971976847996215,8.881784197001252e-16,0.008738495591992768,0.18234048336518838,0.024695917448362775,0.18234048336518838,0.024689742697060264,1.7763568394002505e-15,0.010370344321377855,0.18362577798234253,0.025064206280683517,0.1820818054048695,0.024725223555349597,0.18210155213852602,0.024508806223297822,0.024547301163585448
2000,1515,0.21676574460740727,0.026288860600699408,0.21676574460740727,0.02628228756381689,1.7763568394002505e-15,0.009376672514953005,0.21727870338286726,0.025992386074425233,0.21727870338286726,0.02598588716544143,1.7763568394002505e-15,0.009952274272861102,0.2157017357376868,0.02619431445604559,0.2171795863622505,0.026066661880812126,0.22004391140879254,0.024711882228361706,0.024986574220328652
2000,1516,0.20005272590284823,0.02736582255149899,0.20005272590284823,0.027358980240465295,8.881784197001252e-16,0.020921496937363778,0.19798928690106032,0.027039157758393384,0.19798928690106032,0.027032397123768797,8.881784197001252e-16,0.023186030074402626,0.19636239610945605,0.027320712343938184,0.19812270355487083,0.027104745183205103,0.20229852127660236,0.028295899401250386,0.028312762043418312
2000,1517,0.1762061365596716,0.026645975702879618,0.1762061365596716,0.026639313376058918,1.7763568394002505e-15,0.008590828885686581,0.17381288495592617,0.02637892824947626,0.17381288495592617,0.02637233269286623,1.7763568394002505e-15,0.007762474055218848,0.17491574449769598,0.02674441519237695,0.17382971845526435,0.026447534142015814,0.17185071740305763,0.025351855994550608,0.025380617600200127
2000,1518,0.13951864292009158,0.025177569570301143,0.13951864292009158,0.025171274390912757,1.7763568394002505e-15,0.022352703699279143,0.1378808134744401,0.02478643713240041,0.1378808134744401,0.024780239748347442,8.881784197001252e-16,0.023318580233497588,0.1390430515512458,0.02504822719712138,0.13783551489549956,0.02480654652317635,0.13814691195116707,0.026008596170741992,0.02614235718043
2000,1519,0.18516996287351772,0.0259049811565318,0.18516996287351772,0.02589850410150956,8.881784197001252e-16,0.013134842946641991,0.182930542570791,0.025621778367883825,0.182930542570791,0.025615372122411044,8.881784197001252e-16,0.01647141654316189,0.18501961303037262,0.025990776478163835,0.18289976961278348,0.025642451380391146,0.18393509134113284,0.025163062000126375,0.025246173919639923
2000,1520,0.2123460657597646,0.026354788973685286,0.2123460657597646,0.026348199452648744,8.881784197001252e-16,0.01144762557305305,0.21209494609400947,0.025945561410713126,0.21209494609400947,0.02593907420935889,8.881784197001252e-16,0.014567461381807019,0.2140298626514201,0.026341087509408754,0.2120826865294796,0.025992598347315373,0.21170988126118268,0.026113002093507687,0.026155882151322415
2000,1521,0.21660222158793757,0.026458476307498154,0.21660222158793757,0.026451860861387122,8.881784197001252e-16,0.006848948802974028,0.2150553649056322,0.02605400303085346,0.2150553649056322,0.026047488715704538,8.881784197001252e-16,0.007853642975732109,0.2142018041478554,0.02625485921298965,0.2151512506927642,0.02609770475550148,0.21854118063053468,0.029523413675776662,0.030414965856151777
2000,1522,0.1934499203055196,0.02576605945990895,0.1934499203055196,0.025759617139653253,1.7763568394002505e-15,0.021129279488704824,0.19311262082277303,0.025595895502401742,0.19311262082277303,0.025589495728454377,3.552713678800501e-15,0.019800338164642765,0.1913761612251244,0.02586380369244665,0.1930213961565173,0.025625783654669138,0.19280503942311522,0.026525639895787757,0.026520835849516124
2000,1523,0.24698242863525915,0.027298714120729827,0.24698242863525915,0.027291888588901487,8.881784197001252e-16,0.011019330447737789,0.24983166166176057,0.026843382393443187,0.24983166166176057,0.026836670708779344,8.881784197001252e-16,0.00752243121061383,0.2470010103882886,0.02764066373376107,0.2500529172810371,0.02696793385185194,0.2486414318363283,0.026496583959241628,0.028682750680977726
2000,1524,0.1584046712712141,0.024729024975693778,0.1584046712712141,0.02472284194647457,4.440892098500626e-16,0.011815122801862591,0.15638069077139882,0.024342084054057474,0.15638069077139882,0.0243359977721636,8.881784197001252e-16,0.012710074878449912,0.15527293964067856,0.024748256455506,0.15626800073045094,0.024381764396864507,0.15573653266725734,0.024323469826250915,0.024366519295829326
2000,1525,0.13951723558462692,0.025324099922079877,0.13951723558462692,0.025317768105523327,8.881784197001252e-16,0.012219471968756628,0.1414688171399333,0.025064515365297906,0.1414688171399333,0.025058248452994595,8.881784197001252e-16,0.015112520905733177,0.1390631103849811,0.02530508123373129,0.1414494090952888,0.025088856660287446,0.14203054321728636,0.02576901704028887,0.02587939786326255
2000,1526,0.16753756141457316,0.026669788621181575,0.16753756141457316,0.02666312034038696,1.7763568394002505e-15,0.011149029101666654,0.16840829779261013,0.02646994737761464,0.16840829779261013,0.02646332906337752,1.7763568394002505e-15,0.008446959042938133,0.16816766367274338,0.026805815405009998,0.16848647832624303,0.02653809246977015,0.1698354689230549,0.027235057519845306,0.027275071020589008
2000,1527,0.17521668144751013,0.02573843609831108,0.17521668144751013,0.02573200068475923,8.881784197001252e-16,0.007153401969878602,0.17398357904345024,0.025310316213264534,0.17398357904345024,0.025303987843066037,8.881784197001252e-16,0.0075458998197132565,0.1734571811412977,0.02570498267402007,0.1739403078697745,0.025328381695152412,0.17373839129080587,0.025967386951907152,0.02577320444444724
2000,1528,0.20914938385314968,0.025623230982767357,0.20914938385314968,0.025616824374095456,1.7763568394002505e-15,0.011960912151430723,0.20875733989288958,0.025417984464749882,0.20875733989288958,0.02541162917412304,8.881784197001252e-16,0.012585130734277073,0.21057763456891765,0.025935775112778066,0.20872190448108396,0.02545331193747643,0.2096838997325925,0.02472939036143982,0.024546387691470824
2000,1529,0.1411782703442408,0.023915665287277153,0.1411782703442408,0.023909685623403894,8.881784197001252e-16,0.0074268788451900955,0.14282977659555318,0.023719843156890456,0.14282977659555318,0.023713912454670763,8.881784197001252e-16,0.007685445222938124,0.14353650873260254,0.023975127169084808,0.14271715584802352,0.023743415650707107,0.14372549890725517,0.02336380782224232,0.02347369509785108
2000,1530,0.16209640362393296,0.025393984604758935,0.16209640362393296,0.02538763531484727,1.7763568394002505e-15,0.010051990300780094,0.16407878843972096,0.025192850986403587,0.16407878843972096,0.025186551986183508,8.881784197001252e-16,0.013351761603716119,0.16582570965852855,0.025506830093026876,0.16404549572484411,0.02523336660095721,0.1622828789319915,0.02498769498105702,0.024956713690512763
2000,1531,0.1791428538461619,0.024763461346520164,0.1791428538461619,0.024757269707131845,8.881784197001252e-16,0.009784668817647215,0.1808542794945699,0.02455713309744539,0.1808542794945699,0.02455099304656871,8.881784197001252e-16,0.01000713217338709,0.18087720855450906,0.02492250733230535,0.18069680655557463,0.02457456952177935,0.1828116850500363,0.024361715208498867,0.024285795628439424
2000,1532,0.17561943264189217,0.024820873136594975,0.17561943264189217,0.024814667142464567,8.881784197001252e-16,0.01653591595031504,0.1739986603705872,0.02455413922821849,0.1739986603705872,0.024547999925902696,8.881784197001252e-16,0.015578250179898754,0.17444995500867555,0.024685183985318635,0.17398583106815485,0.024560452540509557,0.17411134018640678,0.02481942062065439,0.024965115597854082
2000,1533,0.21222030881361137,0.026710875672805223,0.21222030881361137,0.026704197118963414,1.7763568394002505e-15,0.013336137305053137,0.20811548308875055,0.026276477637285908,0.20811548308875055,0.026269907696531307,8.881784197001252e-16,0.013997491536973175,0.20889646791949218,0.02675511405836753,0.20802754366367915,0.026314908353053782,0.20828233330425028,0.02473954036099111,0.024751734557970972
2000,1534,0.20813177815763806,0.02642911660674512,0.20813177815763806,0.026422508501476993,1.7763568394002505e-15,0.021759846378725134,0.20920473534405448,0.02616389700845029,0.20920473534405448,0.02615735521637193,1.7763568394002505e-15,0.018790546912300917,0.2118597162026566,0.026733473886120403,0.20934320452839827,0.0262228776636344,0.20879140658872353,0.027370607966995607,0.027644506956758342
2000,1535,0.19971150669144866,0.025718949525329635,0.19971150669144866,0.025712518984030135,8.881784197001252e-16,0.013868007685781945,0.19997356900967622,0.025367102673046246,0.19997356900967622,0.025360760104457786,8.881784197001252e-16,0.012551255187310546,0.2018259141040722,0.025728085176442744,0.19995833809697822,0.02540836686049975,0.20010088701970263,0.02551901271623012,0.025531238581961765
2000,1536,0.19933373152696426,0.02591450707357337,0.19933373152696426,0.02590802763677411,1.7763568394002505e-15,0.023794662150059404,0.1970800781354386,0.0255799988440408,0.1970800781354386,0.025573603044754915,1.7763568394002505e-15,0.01831291943090478,0.20211988138820136,0.026208191640024373,0.1971119476778589,0.025617779498235852,0.1941075017160493,0.0257357904817877,0.02574575311776526
2000,1537,0.17810156842201746,0.026688232616049693,0.17810156842201746,0.026681559723679846,8.881784197001252e-16,0.0034876375193889737,0.1762923161059955,0.026291944709159014,0.1762923161059955,0.026285370901152978,1.7763568394002505e-15,0.00417245670874434,0.17521902799508077,0.02672049442530468,0.17632289944306367,0.026345822447100518,0.18013448354455652,0.025770624618100625,0.025712941655958763
2000,1538,0.1487953317025157,0.024493200658419825,0.1487953317025157,0.024487076592651282,8.881784197001252e-16,0.009096757472346818,0.1502621117387931,0.024289687696149385,0.1502621117387931,0.024283614514982784,8.881784197001252e-16,0.009478225766583307,0.1521694567935083,0.02465511161265659,0.15025273468558414,0.02429592300446686,0.151260411273121,0.024072041006405136,0.024436182602971184
2000,1539,0.1391798873582909,0.02535954659737911,0.1391798873582909,0.02535320591804575,8.881784197001252e-16,0.011050582030519281,0.1410354483429243,0.025035208784077178,0.1410354483429243,0.02502894919933523,8.881784197001252e-16,0.012400592991921295,0.13893972446370684,0.025206084510342973,0.1409597715359151,0.025070515878202877,0.13987667200556908,0.024980003713529216,0.025112378997873833
2000,1540,0.1753547055209072,0.026106235548664515,0.1753547055209072,0.026099708173753473,8.881784197001252e-16,0.014595593083282043,0.17343877925369966,0.025732770662945072,0.17343877925369966,0.025726336665929155,8.881784197001252e-16,0.015089598436452705,0.16920668406294215,0.025899666486155833,0.17340631207641427,0.025771584989061867,0.17341688757995688,0.02495649323938755,0.02498230668604728
2000,1541,0.2200006003313112,0.028035684195724254,0.2200006003313112,0.0280286743983411,8.881784197001252e-16,0.010743139571173762,0.21931889880146288,0.027393214195468432,0.21931889880146288,0.027386365035667545,3.552713678800501e-15,0.011295811305068768,0.2190775363201226,0.028239030405956177,0.21946558191219706,0.027449871214085673,0.21565064583152416,0.028793862807653635,0.028426957045273073
2000,1542,0.20698251694323788,0.02533563737523501,0.20698251694323788,0.02532930267395454,8.881784197001252e-16,0.006830431269414725,0.20748048241935213,0.02531480506027577,0.20748048241935213,0.025308475567725204,8.881784197001252e-16,0.006240757669714741,0.2070293327229198,0.025350024061876083,0.2073352048030745,0.025376737886296498,0.21132623225471248,0.025990362872941028,0.02617254173618004
2000,1543,0.17579670357457067,0.026268864087570166,0.17579670357457067,0.02626229605044098,3.552713678800501e-15,0.020492875903042565,0.17836025521548532,0.026289324305701915,0.17836025521548532,0.026282751152878658,3.552713678800501e-15,0.01860301522770647,0.1794942584478661,0.02682251507589705,0.17838543271275265,0.026363492301969323,0.17974580427415993,0.026732815847801204,0.026681260235965988
2000,1544,0.166420701570338,0.027188022099668262,0.166420701570338,0.02718122424430518,1.7763568394002505e-15,0.006935894458088675,0.16841065517593207,0.02700304041828434,0.16841065517593207,0.026996288814123727,8.881784197001252e-16,0.0055519273015231605,0.16762961338772908,0.027183270519063496,0.16858456955948953,0.02705943206156673,0.16488366078657357,0.025751394987494288,0.025291939053094403
2000,1545,0.17768882821928927,0.026278852124959912,0.17768882821928927,0.02627228159050917,8.881784197001252e-16,0.00897993466322678,0.17747361904879483,0.025999378757614346,0.17747361904879483,0.02599287810024117,1.7763568394002505e-15,0.008038455678611396,0.17936900390400745,0.026278423659482082,0.17735308623045587,0.02603294679233167,0.177412853605243,0.02513941159391182,0.025155204852755395
2000,1546,0.2033940235290434,0.025195905735099725,0.2033940235290434,0.02518960597109699,8.881784197001252e-16,0.006525999943635209,0.20099628351415993,0.024764518894399092,0.20099628351415993,0.024758326990590742,8.881784197001252e-16,0.008409887651589816,0.19899886306865205,0.025036833732479006,0.20092864758034162,0.024787528610619114,0.2001238263700481,0.024895371608258093,0.02470084181885603
2000,1547,0.20342516629567936,0.026366791244667592,0.20342516629567936,0.026360198722688143,8.881784197001252e-16,0.008708088866700756,0.20120710049326856,0.026008028213483428,0.20120710049326856,0.026001525393475923,8.881784197001252e-16,0.008072220155342445,0.20023368810292075,0.02626762899203608,0.20121493838076898,0.026047880743488697,0.20389032395632517,0.026541071487558535,0.026925905040056597
2000,1548,0.1648119090883604,0.025292079105692363,0.1648119090883604,0.02528575529534081,8.881784197001252e-16,0.0041148899507067556,0.16674713655716406,0.025142638780895964,0.16674713655716406,0.02513635233529679,1.7763568394002505e-15,0.004519362765235695,0.16859858786448179,0.025427981004920483,0.16670252251744216,0.025169959176454235,0.1669376944348317,0.025366141275552364,0.025379178302621506
2000,1549,0.23574434679128603,0.026646005579461424,0.23574434679128603,0.026639343245170644,1.7763568394002505e-15,0.010142605253168633,0.23555365524188265,0.02615554706460302,0.23555365524188265,0.026149007360271613,1.7763568394002505e-15,0.012230019762304742,0.23777369437689022,0.02661838743640407,0.23561078382528278,0.02620788151125699,0.2369803457245887,0.027296521835247483,0.02743231610238399
2000,1550,0.18047212302401616,0.028543649304187044,0.18047212302401616,0.028536512499648888,8.881784197001252e-16,0.028454533174892348,0.17919462107794004,0.02817462346059054,0.17919462107794004,0.02816757892404823,3.552713678800501e-15,0.0275178789825701,0.18232139189975316,0.02939875055650249,0.17942474247393886,0.02830238068820354,0.1846419507055026,0.032150631616299344,0.032187090021302274
2000,1551,0.1815861965275506,0.02648400647146242,0.1815861965275506,0.026477384642012377,1.7763568394002505e-15,0.0075283344077158474,0.18122258536788471,0.026149528330716664,0.18122258536788471,0.026142990131256868,1.7763568394002505e-15,0.00800805786505284,0.18204013097705896,0.026618044041005574,0.1812696678663333,0.026187680245659338,0.18173220860150652,0.02592394331301952,0.02592859015217347
2000,1552,0.19353925189294013,0.02562285544463733,0.19353925189294013,0.025616448929861695,8.881784197001252e-16,0.004467872705420306,0.1938664914536546,0.02534430849646146,0.1938664914536546,0.02533797162712964,1.7763568394002505e-15,0.004513048196438967,0.19505794142180832,0.025725944624642335,0.1938528882461774,0.02539183299304904,0.19554283738079176,0.025115920812162067,0.02511299175836724
2000,1553,0.19386900400349572,0.026515524662033454,0.19386900400349572,0.026508894952050582,3.552713678800501e-15,0.011686760985756385,0.19295988448197804,0.026343520486819316,0.19295988448197804,0.02633693378325672,3.552713678800501e-15,0.012424438611302688,0.19437063756565254,0.026858922599571435,0.19297251207696348,0.026422298421732892,0.1900912592750746,0.02586458881641838,0.025746517119754106
2000,1554,0.15572909769871168,0.026663037746105265,0.15572909769871168,0.026656371153240436,8.881784197001252e-16,0.021261910034716256,0.15385740757837418,0.026301708526287517,0.15385740757837418,0.026295132277022012,8.881784197001252e-16,0.02216035302117312,0.15636461028772736,0.026763583088011297,0.15393321301343366,0.02635410510907715,0.15905012386620587,0.0285954885099774,0.028558166540863378
2000,1555,0.17771586115088484,0.025922898601163376,0.17771586115088484,0.025916417066219916,8.881784197001252e-16,0.015817186870253207,0.17793878584913808,0.02539056502212182,0.17793878584913808,0.025384216587212707,8.881784197001252e-16,0.014911443460797815,0.18044653820261014,0.025599927383002406,0.17776117986612333,0.02541866433862261,0.17789325004021062,0.02492116841638568,0.024921757159766703
2000,1556,0.1974960880067898,0.027112950959600167,0.1974960880067898,0.027106171874368663,8.881784197001252e-16,0.009815465870921946,0.19545213814534174,0.0265103420240592,0.19545213814534174,0.026503713609897818,8.881784197001252e-16,0.011382602133576943,0.200542968210013,0.027478648178084344,0.19548564905029947,0.02657374029931998,0.1947947330144834,0.0255640158207469,0.025563990620170642
2000,1557,0.1666730605275128,0.025291619832390314,0.1666730605275128,0.025285296136871444,8.881784197001252e-16,0.015450427864148651,0.1667166214272769,0.025129480607765566,0.1667166214272769,0.02512319745212097,8.881784197001252e-16,0.01563474368138246,0.16755810662340637,0.025478304848901935,0.16658229624700743,0.025141354555673498,0.17034885012757062,0.02488726570125389,0.024972991081241083
2000,1558,0.1942362914318843,0.025220465359475027,0.1942362914318843,0.025214159454798518,8.881784197001252e-16,0.024258139723566115,0.19536026169820525,0.02505479184394335,0.19536026169820525,0.025048527362824317,8.881784197001252e-16,0.0246984630527295,0.19438824991325998,0.025426494059843412,0.19536703819969659,0.025071638181079943,0.19581279486540287,0.025637094303082118,0.02560392762552897
2000,1559,0.24162294227823672,0.027959980405388853,0.24162294227823672,0.02795298953631961,1.7763568394002505e-15,0.027328091603531956,0.240200179818913,0.027603407732261533,0.240200179818913,0.027596506017506253,8.881784197001252e-16,0.02511149496680575,0.24081095076225645,0.028069049397673924,0.24053228848588387,0.027734786341061163,0.23774436560004575,0.027587501705460156,0.031149715486271858
2000,1560,0.15932622321993312,0.02560281143576248,0.15932622321993312,0.0255964099326156,8.881784197001252e-16,0.020867894114102205,0.15967563409018204,0.025500743968481784,0.15967563409018204,0.025494367985392126,4.440892098500626e-16,0.017384548285187994,0.1586545081854112,0.02606756031196131,0.15965358355296766,0.02552735509749631,0.15915312396261072,0.026024487291608132,0.026071742565118915
2000,1561,0.17474579128632456,0.025851040024323462,0.17474579128632456,0.025844576456270356,8.881784197001252e-16,0.017438925024353482,0.17480302654910296,0.025518161135833342,0.17480302654910296,0.025511780797907425,8.881784197001252e-16,0.016628059713196284,0.17258787437696577,0.025879493663755564,0.17474951608286232,0.02556441668959666,0.17287356731599562,0.025767624713761917,0.025752569274319355
2000,1562,0.202138846200483,0.026490620948139476,0.202138846200483,0.02648399746486351,1.7763568394002505e-15,0.008994365191113305,0.20216908914394272,0.025850084093222467,0.20216908914394272,0.025843620764182017,8.881784197001252e-16,0.011931405815265922,0.20458257376562639,0.026473646915287526,0.20202997003614687,0.025888136462412382,0.2024727938057871,0.025687692170814378,0.025676562303467446
2000,1563,0.1850163278327392,0.025434831862565534,0.1850163278327392,0.025428472359562623,1.7763568394002505e-15,0.01693955198557046,0.1854521958289851,0.025271720000886875,0.1854521958289851,0.025265401280947904,1.7763568394002505e-15,0.018160204025218344,0.1860428708468459,0.025736438558574066,0.18545884141116148,0.025313719603393424,0.18447690694762647,0.0258094346441218,0.0258141237778542
2000,1564,0.17829993153213453,0.02665540312316859,0.17829993153213453,0.02664873843919814,1.7763568394002505e-15,0.017921177840261992,0.1778813353823796,0.02628135202317108,0.1778813353823796,0.02627478086366765,1.7763568394002505e-15,0.018779253523464618,0.17960635791732366,0.026643392437708455,0.17795321418423926,0.026343458118041674,0.1790774944612859,0.02717248867445285,0.027223599568647693
2000,1565,0.17848601513800078,0.026198766145240995,0.17848601513800078,0.026192215634788497,8.881784197001252e-16,0.022447238652353842,0.17825668072716028,0.025989315871460344,0.17825668072716028,0.02598281773012325,8.881784197001252e-16,0.023181289997417254,0.17986408407377769,0.026306985025275422,0.17831519064348644,0.026026524742003284,0.18603650197139882,0.027349117319687435,0.027385787189723315
2000,1566,0.2352406148653916,0.02640085358699034,0.2352406148653916,0.026394252548360597,8.881784197001252e-16,0.012875351352837924,0.23573602605908411,0.025965187118111032,0.23573602605908411,0.02595869500971649,1.7763568394002505e-15,0.013068020172154641,0.2370727873739339,0.026655460719804232,0.23578821238927017,0.026026940332704272,0.23566138069631543,0.025727887331005936,0.025838331296553774
2000,1567,0.18583515824334973,0.02682362080738341,0.18583515824334973,0.026816914063733783,8.881784197001252e-16,0.013690267625576766,0.18371565797444978,0.02603701720776604,0.18371565797444978,0.026030507139603833,8.881784197001252e-16,0.011468421874631795,0.18681146473947186,0.026511254406249008,0.18358434350585773,0.026079728405591106,0.1805439447761637,0.025764372312525805,0.02576302922726818
2000,1568,0.19183687298458302,0.027746456151930922,0.19183687298458302,0.027739518670599348,1.7763568394002505e-15,0.010558143840860717,0.18995248577062596,0.026666768368715094,0.18995248577062596,0.026660100843078002,1.7763568394002505e-15,0.012888393541529356,0.1875154648483338,0.027134610076406714,0.19002260990031145,0.026731446707599905,0.18884826314206893,0.02713542541646352,0.027087474528529158
2000,1569,0.18098978561321705,0.026718080640241077,0.18098978561321705,0.026711400284932196,8.881784197001252e-16,0.008909825544639562,0.1820374447043614,0.026493785416973142,0.1820374447043614,0.026487161142481053,8.881784197001252e-16,0.009710361018208956,0.17953698261388557,0.02691750951407334,0.1821280502525351,0.026557040592374802,0.18048005296593966,0.026882258293905174,0.026874943269512605
2000,1570,0.16187273980897504,0.02572824787616645,0.16187273980897504,0.025721815009988595,1.7763568394002505e-15,0.013200090761086579,0.16407262969643122,0.02540536720354924,0.16407262969643122,0.025399015067632084,1.7763568394002505e-15,0.011377754436897928,0.16950893268541173,0.026019363138089453,0.164056311332967,0.025437811953924083,0.16752459005986226,0.02411583790985778,0.024349446428282746
2000,1571,0.19308715146370264,0.025877132242041887,0.19308715146370264,0.025870662150118764,8.881784197001252e-16,0.021606966464056625,0.19122948623125352,0.025514764209769815,0.19122948623125352,0.02550838472118159,8.881784197001252e-16,0.021831795851051636,0.19177687508081148,0.02577518392802974,0.19119686150912735,0.025539320552528975,0.19079884377559303,0.026896265170926793,0.026909453512550106
2000,1572,0.13089894293645166,0.025697628058271818,0.13089894293645166,0.02569120284800555,1.7763568394002505e-15,0.004369303934860522,0.13194512253455892,0.02543427314303154,0.13194512253455892,0.02542791377972597,8.881784197001252e-16,0.004604406115785932,0.1333490477585313,0.025743221435064297,0.13186151882581176,0.025467563752274047,0.13012981575750188,0.025496279063640884,0.025530329724076983
2000,1573,0.19377349035486885,0.026173944687814723,0.19377349035486885,0.026167400383502452,1.7763568394002505e-15,0.016387603563808063,0.194984536373224,0.026038221437894426,0.194984536373224,0.026031711068637043,8.881784197001252e-16,0.016763619030295992,0.1920455600989301,0.026401607513257742,0.19507333691226392,0.026069526701744353,0.19414193028964122,0.025840077706088416,0.025779805229121697
2000,1574,0.1839847609769169,0.025025631596902832,0.1839847609769169,0.025019374406757045,8.881784197001252e-16,0.00807903896344411,0.18634429450724616,0.02479242415761747,0.18634429450724616,0.02478622527662106,8.881784197001252e-16,0.010173953813278066,0.18767956057250884,0.025122107307992636,0.18616617983052702,0.024812372075290516,0.18417192438205515,0.02506218223630023,0.025094929892477302
2000,1575,0.1527492628264691,0.02398683386834892,0.1527492628264691,0.02398083641010582,8.881784197001252e-16,0.004503700422025348,0.15406925962912954,0.02387905644005853,0.15406925962912954,0.02387308592954139,8.881784197001252e-16,0.005372121776509339,0.15401344611095058,0.02433887811225341,0.1540010860577648,0.02390323850008872,0.1588203259872385,0.024069555019969612,0.02441923122579967
2000,1576,0.22075202323299215,0.028757012144979107,0.22075202323299215,0.028749821993061496,8.881784197001252e-16,0.016746989734242775,0.22327369786760942,0.029179265487207458,0.22327369786760942,0.029171969758755575,8.881784197001252e-16,0.015144182490695124,0.22483053348545567,0.030067263931746475,0.22350522685875013,0.029436239028709673,0.22261542157996272,0.027957104515524456,0.028327431188114722
2000,1577,0.13858004880461466,0.02444394037065082,0.13858004880461466,0.024437828621493997,8.881784197001252e-16,0.010358224046846796,0.1393405072610444,0.024400729005021916,0.1393405072610444,0.024394628060057186,1.7763568394002505e-15,0.011297508094240958,0.13762099361729518,0.02469759698881429,0.1392393495597915,0.024428731047688983,0.13930089419280411,0.024823775386674504,0.024996916893078838
2000,1578,0.20153136344803196,0.025862764289646963,0.20153136344803196,0.02585629779016105,8.881784197001252e-16,0.01034926271718194,0.20333457781775877,0.025524811537323944,0.20333457781775877,0.02551842953658978,1.7763568394002505e-15,0.009679995007353457,0.20296178265703124,0.02590355390153905,0.20321754567966638,0.025549186218908764,0.2055035868229632,0.02589015607852267,0.025889396266471878
2000,1579,0.14335033419791932,0.026416189644080268,0.14335033419791932,0.026409584770956878,1.7763568394002505e-15,0.008270865582371093,0.14140862322529907,0.026221460479017387,0.14140862322529907,0.026214904294272073,8.881784197001252e-16,0.009917303274929084,0.14174313752858536,0.026644982767844126,0.14120840342869845,0.026255830254957528,0.14454691489093197,0.025187928139800277,0.025204782729640485
2000,1580,0.20667128205658658,0.026515758507371433,0.20667128205658658,0.026509128738919918,1.7763568394002505e-15,0.01600677364621304,0.20496027939417877,0.026189846434172413,0.20496027939417877,0.026183298153926497,1.7763568394002505e-15,0.012209911428507633,0.20652089635410853,0.026600423633334126,0.20497507126571946,0.026275282269400003,0.2051997633177911,0.025824979002674137,0.026058274191048534
2000,1581,0.1836559145193845,0.025263616567683514,0.1836559145193845,0.025257299873856144,8.881784197001252e-16,0.014470649541318163,0.18224777828173977,0.02498595841827337,0.18224777828173977,0.024979711147662335,8.881784197001252e-16,0.016574377275149585,0.18334268433458722,0.025396347292641612,0.18212491668120917,0.025020601554312273,0.1813097657807461,0.02466399921264999,0.024764179687619226
2000,1582,0.1942398764329319,0.025535503329800195,0.1942398764329319,0.025529118655783712,8.881784197001252e-16,0.01054595005436535,0.19508613127699792,0.0252736036787576,0.19508613127699792,0.025267284487840286,1.3322676295501878e-15,0.011135218209643721,0.1950471918018004,0.0254232219718592,0.19499867908612534,0.02531826653320192,0.19388228164300442,0.025810712542929867,0.025848584484322326
2000,1583,0.19909675864952547,0.02585819592083096,0.19909675864952547,0.025851730563580047,1.7763568394002505e-15,0.008637840792254835,0.2000653414524735,0.025627413769267193,0.2000653414524735,0.025621006114767916,1.7763568394002505e-15,0.0066732624031300754,0.19804052350876739,0.026033668988187954,0.20001996185182686,0.02568263061103237,0.20073342357984125,0.02431972535041901,0.024424492653922054
2000,1584,0.15169079510620836,0.02547026350757246,0.15169079510620836,0.025463895145550784,8.881784197001252e-16,0.004922091340996082,0.15090206533029932,0.025111838670136565,0.15090206533029932,0.025105559925527828,8.881784197001252e-16,0.005024432165052692,0.1512710641246544,0.02550811096364115,0.15085494820266893,0.025162402620305436,0.1505804825526349,0.024584491873837433,0.024687315271191397
2000,1585,0.16974922093056655,0.02791442955054798,0.16974922093056655,0.02790745007061627,1.7763568394002505e-15,0.0054705902832468305,0.16784914290674197,0.027461264922430322,0.16784914290674197,0.027454398747820578,8.881784197001252e-16,0.005517540546969758,0.1663350770891477,0.027791347764608624,0.16791416382230034,0.02754746848818485,0.1670903423351079,0.025669326388220805,0.025377336872874346
2000,1586,0.22543310045971127,0.02846165307054331,0.22543310045971127,0.028454536767626586,8.881784197001252e-16,0.012993199125188343,0.22604642181443646,0.028279548717474286,0.22604642181443646,0.02827247794633802,1.7763568394002505e-15,0.01433439324231342,0.2254868280016809,0.028611523984478304,0.22634333077881136,0.028420456729665533,0.22303631674741342,0.02764090326639351,0.028815770650032015
2000,1587,0.2197292984584952,0.025208191115693734,0.2197292984584952,0.025201888279961834,1.7763568394002505e-15,0.019769612863711886,0.22036844415147988,0.02503568166498271,0.22036844415147988,0.025029421962005756,1.7763568394002505e-15,0.01828194115083722,0.2188780734942845,0.02546933719526796,0.22047930829826207,0.02506162720826632,0.22022588884375932,0.02557683987867597,0.025182098387078588
2000,1588,0.14170207585136235,0.025733835409692075,0.14170207585136235,0.025727401146456184,8.881784197001252e-16,0.019703905342189076,0.14139098659560728,0.025524331423372775,0.14139098659560728,0.025517949542682102,8.881784197001252e-16,0.019129882034964834,0.1413078618976764,0.025730667362442804,0.14139165748874316,0.025546769791948063,0.14186128300415113,0.025815932101785035,0.025973834802461487
2000,1589,0.17947217534442905,0.02604507548455391,0.17947217534442905,0.02603856340157062,1.7763568394002505e-15,0.01341567331173549,0.18084222896739333,0.02579669093123483,0.18084222896739333,0.02579024095215383,1.7763568394002505e-15,0.012684161266316527,0.1827636149915126,0.026308292890071923,0.18088002476158582,0.025857108496843795,0.17960601482695365,0.026998225690803273,0.026945470891296282
2000,1590,0.1882138649282768,0.026545044549230516,0.1882138649282768,0.026538407458353116,1.7763568394002505e-15,0.009710758223420034,0.18727782436741486,0.0261516735489976,0.18727782436741486,0.026145134813166177,1.7763568394002505e-15,0.009674814534091133,0.18706732845492696,0.026361413084224017,0.18727482898169945,0.0262192843826832,0.18614919007030145,0.026425211537392752,0.02642541820298843
2000,1591,0.16235447558334343,0.024892969102223165,0.16235447558334343,0.02488674508184779,8.881784197001252e-16,0.009159045275234753,0.1629855938984479,0.024740912244762516,0.1629855938984479,0.02473472624335447,8.881784197001252e-16,0.008817956236645781,0.16358973888625877,0.024980163217509548,0.16283481059775118,0.024767525626181414,0.16387009826657234,0.024659659153454642,0.024704489702884986
2000,1592,0.16750490603919144,0.02562416440537653,0.16750490603919144,0.025617757563319795,8.881784197001252e-16,0.011996384975174933,0.16970287980712828,0.02536480074249301,0.16970287980712828,0.025358458749459144,8.881784197001252e-16,0.01122291218801358,0.16868600767900177,0.025484580997311716,0.16954691147885997,0.025403693154338762,0.16645156342442818,0.024510524951468635,0.02452262908903439
2000,1593,0.19549192460038778,0.025580024663545614,0.19549192460038778,0.025573628857804048,8.881784197001252e-16,0.027575432889629794,0.19775924340397816,0.02534877976760801,0.19775924340397816,0.025342441780318636,8.881784197001252e-16,0.02446952127633513,0.19845563950464717,0.02556962580592292,0.1977179102346781,0.025379173874880857,0.1963723568502177,0.025448861194465648,0.02545289619288908
2000,1594,0.17089763421373655,0.025195340193770073,0.17089763421373655,0.025189040571170343,8.881784197001252e-16,0.012107181897282823,0.17138469969370795,0.024932223399830214,0.17138469969370795,0.02492598956465343,8.881784197001252e-16,0.011220840511486363,0.17043375400617544,0.025205256440038026,0.17125187152877203,0.024948782507441335,0.1732486421015687,0.024474929783191397,0.024639705113531987
2000,1595,0.18739716270599033,0.02533173846306477,0.18739716270599033,0.02532540473663421,1.7763568394002505e-15,0.01295147895086962,0.18850898131159705,0.025116021332750083,0.18850898131159705,0.025109741542344948,1.7763568394002505e-15,0.012850377731949829,0.1861969827548029,0.025472807916124038,0.18842432155192018,0.025158210392968085,0.18742552729938688,0.025274561649670017,0.02528743755676753
2000,1596,0.1848715478829953,0.02631634323098976,0.1848715478829953,0.026309763322590628,8.881784197001252e-16,0.0119651364215243,0.18957206340273214,0.026312620858514834,0.18957206340273214,0.02630604188082517,1.7763568394002505e-15,0.01627387489986474,0.19041289858362304,0.02672599348537896,0.18957122113056002,0.02638375174803828,0.19239390452972155,0.027604668261278123,0.027284472861101097
2000,1597,0.18929533876520233,0.025364712395736542,0.18929533876520233,0.02535837042479212,8.881784197001252e-16,0.011941234305457425,0.1866363966422857,0.025134206652558236,0.1866363966422857,0.025127922315254715,8.881784197001252e-16,0.011100905409144978,0.18896567070216796,0.025549669740056225,0.18662528783154353,0.02515577794635001,0.1861968275151042,0.02549512760336431,0.025481233290969334
2000,1598,0.1762580675119258,0.02535764595918528,0.1762580675119258,0.02535130575507088,1.3322676295501878e-15,0.01210408942884439,0.178945587634473,0.02518166805744645,0.178945587634473,0.02517537185330817,8.881784197001252e-16,0.009974559500694603,0.1773386276007815,0.025474508790470318,0.17875014554226376,0.025194290383048764,0.17800292472216345,0.024913289918126365,0.024902808563406757
2000,1599,0.2409330109340035,0.025383259262348554,0.2409330109340035,0.025376912654107745,8.881784197001252e-16,0.00737486984619336,0.23889408596274325,0.025098305678439688,0.23889408596274325,0.02509203031750188,8.881784197001252e-16,0.008216867613892223,0.24175092873634768,0.025379400008554966,0.23862992272308797,0.025111253115283765,0.24005134662691474,0.02468134290108939,0.024486551004683884
2000,1600,0.19985563643886728,0.026690245026348598,0.19985563643886728,0.026683571630813273,8.881784197001252e-16,0.005484643319458196,0.2018666959214933,0.026753516464810768,0.2018666959214933,0.0267468272494381,3.552713678800501e-15,0.005435679230740982,0.20137535147378216,0.02749326079209987,0.2019865616274712,0.026847119745189593,0.20404751990992198,0.026180655710776615,0.02619347237780155
2000,1601,0.21654566350605087,0.025837800755625213,0.21654566350605087,0.025831340497803112,8.881784197001252e-16,0.018583690204891486,0.21775153102185751,0.025614089597159658,0.21775153102185751,0.025607685274119895,8.881784197001252e-16,0.01640606175725603,0.21576706652745026,0.02585660370548714,0.21779590695218864,0.02565332262772203,0.21423007111204928,0.026503579306420274,0.026246631483379253
2000,1602,0.20167986939824234,0.02682672592560502,0.20167986939824234,0.026820018405578783,1.7763568394002505e-15,0.021289948285443765,0.20036624072540077,0.02637402298072384,0.20036624072540077,0.026367428650584328,1.7763568394002505e-15,0.024466456415671217,0.2021314258813373,0.026598375455850424,0.20050939514230115,0.026412959103678316,0.20282710761281336,0.027372449153952896,0.027433500313393516
2000,1603,0.1836165995346713,0.026333225197813993,0.1836165995346713,0.026326641068395457,8.881784197001252e-16,0.008006948451604934,0.18517920958689393,0.02603451928439122,0.18517920958689393,0.026028009840787937,8.881784197001252e-16,0.007650645850030786,0.1845948643694843,0.026397904903561045,0.18499945498249482,0.026086888410336916,0.18768641041583517,0.02527024458300682,0.02528003872814856
2000,1604,0.18947776529593902,0.02524007259916438,0.18947776529593902,0.025233761792065067,8.881784197001252e-16,0.0153643248883851,0.1883497022413596,0.02508575615665317,0.1883497022413596,0.02507948393348809,8.881784197001252e-16,0.017557659143435697,0.18863269335026295,0.025364374033458002,0.18826738862285097,0.025100350345731697,0.18871103172826975,0.025849891596522484,0.025850773099678825
2000,1605,0.1623579989308595,0.0269787744322803,0.1623579989308595,0.02697202889537469,1.7763568394002505e-15,0.011382105081288535,0.16509554594862824,0.02670092028737304,0.16509554594862824,0.026694244222688776,1.7763568394002505e-15,0.01432252184310191,0.16296248523971063,0.027347201407884356,0.16517526623264273,0.026782079047905426,0.16596830943534369,0.02624414600546606,0.026231322816916813
2000,1606,0.20075890182314093,0.030068770554124703,0.20075890182314093,0.030061252421602104,3.552713678800501e-15,0.020034902091785878,0.20145465967444226,0.02937905333846366,0.20145465967444226,0.02937170765680403,1.7763568394002505e-15,0.014023420974159805,0.20013727354762761,0.029625503890285405,0.201731973858634,0.029554295947892273,0.21046206095323527,0.036230464849108024,0.037337242275305826
2000,1607,0.18928117232028868,0.02655670577124955,0.18928117232028868,0.02655006576470214,8.881784197001252e-16,0.016030805223847137,0.18961733080125975,0.026265058733421193,0.18961733080125975,0.02625849164774949,8.881784197001252e-16,0.015873832334228226,0.19158774907504345,0.026753469147233793,0.1895446399352047,0.026309672810847454,0.19032550345307758,0.02601375057710478,0.026030218368075755
2000,1608,0.24348984550113434,0.025668863189018613,0.24348984550113434,0.025662445170868783,1.7763568394002505e-15,0.008590898527932656,0.2398712191475908,0.02541268389646333,0.2398712191475908,0.02540632993114424,8.881784197001252e-16,0.008041268849252612,0.24109304169037094,0.025779127964409697,0.23953890989054594,0.025450115164177223,0.24398174220338203,0.02471371164827695,0.024687513077811116
2000,1609,0.18803932538709617,0.02589549667309643,0.18803932538709617,0.025889021989491515,8.881784197001252e-16,0.005252698483814481,0.18933899328292342,0.025567963316162862,0.18933899328292342,0.02556157052613515,8.881784197001252e-16,0.004686213208351638,0.18845151542713684,0.025871980324840813,0.18946993605743412,0.02559911393790232,0.19098117946727206,0.025653210542666924,0.02548325122369868
2000,1610,0.20917275560713944,0.02539999581422699,0.20917275560713944,0.025393645021325063,8.881784197001252e-16,0.012001447343709965,0.2108725781091041,0.025129006340571525,0.2108725781091041,0.02512272330350855,8.881784197001252e-16,0.014944045131297575,0.2104030828633729,0.025279996044029036,0.21084307432818117,0.025147402300462293,0.21095986213512424,0.026299454361104844,0.025943776508626823
2000,1611,0.2361552982613171,0.025434782163761157,0.2361552982613171,0.025428422673184504,8.881784197001252e-16,0.02728959537155705,0.23345191414073935,0.025067134000403814,0.23345191414073935,0.02506086643335988,8.881784197001252e-16,0.025139135708685235,0.23531381597934464,0.025260388479275427,0.23335259604093345,0.025085888288240255,0.2324130588689849,0.026158055605102686,0.025884525002418814
2000,1612,0.1963841618080865,0.025665534213332834,0.1963841618080865,0.025659117027530983,8.881784197001252e-16,0.02113721106097452,0.19713927187455826,0.02545971478113414,0.19713927187455826,0.025453349056623803,8.881784197001252e-16,0.019989376678060722,0.1967627068276135,0.02560783098776781,0.1971047115713006,0.02549654407689532,0.19849997337001846,0.026235664446966882,0.026160388124679655
2000,1613,0.21887582546773837,0.02626141678712217,0.21887582546773837,0.026254850612050875,1.7763568394002505e-15,0.010251185613236489,0.2245566295090859,0.025732325164117626,0.2245566295090859,0.025725891278490343,8.881784197001252e-16,0.009038720259042527,0.22530594933629955,0.026464180105515704,0.22436367752875358,0.025791434942253114,0.22997687413938234,0.02518024595631338,0.025190562732888132
2000,1614,0.1505961295031309,0.026128600174596943,0.1505961295031309,0.026122067207830345,3.552713678800501e-15,0.01153616363863904,0.14962183809625096,0.025874912737570643,0.14962183809625096,0.025868443200593016,8.881784197001252e-16,0.010360958455418526,0.14947349930165216,0.02598403481422592,0.1497389880133146,0.025916097911125764,0.1502163563113284,0.026266082563739756,0.026413343043804435
2000,1615,0.22187826453486192,0.026914774503585523,0.22187826453486192,0.026908044968662583,8.881784197001252e-16,0.017726101151125266,0.22065537206135716,0.02648542774255503,0.22065537206135716,0.026478805557742794,8.881784197001252e-16,0.01914342778595992,0.22019515699174735,0.026680927162560295,0.2207841358791977,0.02654338666969195,0.21879907795629566,0.026389559948576096,0.02641320946643139
2000,1616,0.16704698954662545,0.026180519429995365,0.16704698954662545,0.026173973481792033,1.7763568394002505e-15,0.015997646350517685,0.1677609058048094,0.025922565885715253,0.1677609058048094,0.025916084433961054,1.7763568394002505e-15,0.016852010565740906,0.16801198115006244,0.026095160731876198,0.16780194492236788,0.025971471945711318,0.1670906064644529,0.026565746080793328,0.026509468163858713
2000,1617,0.1928738958169936,0.02684941777595882,0.1928738958169936,0.026842704582260696,1.7763568394002505e-15,0.016086130344479168,0.19546004586845617,0.026506211844921957,0.19546004586845617,0.02649958446343446,1.7763568394002505e-15,0.02013071819823229,0.19577711310831125,0.027119210007653653,0.1955830475971146,0.02654987944860865,0.19661254060036532,0.025403747106753968,0.025454380790924165
2000,1618,0.2221109515044506,0.02668609619307057,0.2221109515044506,0.026679423834873244,8.881784197001252e-16,0.025544033074247335,0.22092013849551373,0.026090122248764152,0.22092013849551373,0.026083598902681745,1.7763568394002505e-15,0.026504085297742345,0.22118197221478048,0.0264139335628444,0.22102453789204501,0.026138334212057628,0.21178983675530977,0.027280142879815596,0.025879625971032095
2000,1619,0.15399362628005897,0.0259558580688,0.15399362628005897,0.02594936829295939,8.881784197001252e-16,0.02190245659734212,0.15649125201495845,0.025729843876627558,0.15649125201495845,0.025723410611399697,1.7763568394002505e-15,0.023552074500096904,0.1558436932731414,0.026274590895260307,0.15657333142031016,0.025774431394807677,0.1600083075796005,0.027017226723848226,0.027087071777768455
2000,1620,0.2585010883201869,0.02777411253988308,0.2585010883201869,0.027767168143590037,1.7763568394002505e-15,0.02117853723474398,0.25522312100982236,0.027179007525151292,0.25522312100982236,0.02717221192371361,1.7763568394002505e-15,0.020170044894069174,0.255346714650279,0.02754995247565856,0.25534588152895954,0.027265287010332127,0.25505051792046285,0.0270694775058605,0.027348777357949428
2000,1621,0.1702977103871937,0.0258103782731048,0.1702977103871937,0.02580392487176049,8.881784197001252e-16,0.012069318163729973,0.1693479033118086,0.025604685587134336,0.1693479033118086,0.025598283615391026,8.881784197001252e-16,0.010913705218369178,0.16855112794237542,0.025849383128826352,0.1693477157831536,0.025633387597864918,0.1695320596583898,0.02608727630818996,0.026305314565555443
2000,1622,0.17457151723890452,0.025570514056052443,0.17457151723890452,0.025564120628260037,8.881784197001252e-16,0.004275718098523738,0.1754378844665383,0.025211077303253126,0.1754378844665383,0.02520477374588412,8.881784197001252e-16,0.005853062881464017,0.17643209431945794,0.0253792841426374,0.1753134938319464,0.025246087077704222,0.17625629776647267,0.025006347116239846,0.02500892873447526
2000,1623,0.2158298918941695,0.026362238651839762,0.2158298918941695,0.026355647268150824,8.881784197001252e-16,0.018702732017262004,0.2166761273609878,0.026109916030724482,0.2166761273609878,0.02610338773557788,1.7763568394002505e-15,0.017458189454356864,0.21666672757907263,0.026325556766364045,0.21664166016748537,0.026159476964507794,0.21982087595034877,0.026381840191244968,0.0267999770244433
2000,1624,0.1953911368880925,0.026129766844585723,0.1953911368880925,0.02612323358611516,8.881784197001252e-16,0.008886935391697503,0.19502467399379075,0.025987281999128316,0.19502467399379075,0.02598078436632288,8.881784197001252e-16,0.008473473197792535,0.1931975261135207,0.026217502812159184,0.19495111315679176,0.02602727510825104,0.19458106972198236,0.024847818476796242,0.024859773011941047
2000,1625,0.21709591484149887,0.027315728599775914,0.21709591484149887,0.027308898813795977,1.7763568394002505e-15,0.0036441303250486553,0.21573160780903117,0.026677677998188747,0.21573160780903117,0.02667100774480328,8.881784197001252e-16,0.0047233520944427836,0.21649592016548713,0.02733138246285416,0.2157895339087389,0.026723772018726312,0.2174897081695764,0.025055494155194685,0.02527340095814209
2000,1626,0.16898237317877673,0.02744568090911949,0.16898237317877673,0.02743881863100019,8.881784197001252e-16,0.020603401500008615,0.16856362489852328,0.026645139603585343,0.16856362489852328,0.0266384774858156,3.552713678800501e-15,0.022876271135180697,0.1660242928007622,0.027059854300174768,0.16870526116972778,0.026760039997108374,0.16845089909522548,0.02709381942682308,0.02700004699034979
2000,1627,0.1675831984665157,0.02575344783247719,0.1675831984665157,0.02574700866552256,8.881784197001252e-16,0.007985009658212661,0.16848992873761182,0.02554106874931458,0.16848992873761182,0.025534682683769246,8.881784197001252e-16,0.00850115432463,0.17121792339979064,0.025923340840704887,0.16845684543904543,0.02557570055806507,0.16709957011597892,0.025785558116051585,0.025797980615665978
2000,1628,0.1930769126878904,0.02532560342048092,0.1930769126878904,0.025319271228002774,8.881784197001252e-16,0.008569902642145246,0.1967168721711236,0.02504893163747503,0.1967168721711236,0.025042668621590793,1.7763568394002505e-15,0.00864978475409329,0.1970630247635094,0.02535845654640875,0.1964017871319066,0.025077518346186257,0.20223127373295252,0.024614804074447407,0.02452154206925858
2000,1629,0.18036492030554058,0.026924769083037002,0.18036492030554058,0.026918037049156792,8.881784197001252e-16,0.012524433317523662,0.18019276873148737,0.026399019407964852,0.18019276873148737,0.026392418827937195,1.7763568394002505e-15,0.013392483454670374,0.1807290336597856,0.02788476187704039,0.1802274568075078,0.02644620092434276,0.18156026774095663,0.028266241076529374,0.02807308970137482
2000,1630,0.16734752373095413,0.026653665454720577,0.16734752373095413,0.02664700120522155,8.881784197001252e-16,0.010835111918903509,0.17080220973176208,0.026403066138826797,0.17080220973176208,0.026396464546989934,8.881784197001252e-16,0.009995017858966547,0.17070204699187908,0.02664176220118615,0.17071859304418885,0.026459129155354838,0.1710871809433674,0.025403608807197275,0.025409825226005763
2000,1631,0.1955210510256779,0.025738368456091856,0.1955210510256779,0.025731933059452677,1.7763568394002505e-15,0.02338203916025959,0.19985265545155323,0.025484853909979257,0.19985265545155323,0.025478481899900915,1.7763568394002505e-15,0.023205904876773095,0.19753699695871957,0.025827942065676335,0.1998712128327063,0.025518248280317044,0.1974534953113602,0.026319356354053424,0.026200778470605916
2000,1632,0.21624877746440485,0.025798816932216438,0.21624877746440485,0.02579236642156874,1.7763568394002505e-15,0.009415806788091462,0.21631465386299387,0.02542521468865506,0.21631465386299387,0.02541885759024624,8.881784197001252e-16,0.011774788180885582,0.21802592127721754,0.025751528789766314,0.2162424601563253,0.02547613566700431,0.21711811130531278,0.02553655330887781,0.025574656935951456
2000,1633,0.19408542043123073,0.02669997885425287,0.19408542043123073,0.026693303024956302,1.7763568394002505e-15,0.004169293808158187,0.19268418922075337,0.02629641075310651,0.19268418922075337,0.02628983582844989,8.881784197001252e-16,0.006018984120199415,0.19117262984791938,0.026531360786740812,0.1928702053549321,0.02632016617893162,0.19257116083305298,0.025677411570485354,0.025612931031448564
2000,1634,0.1699522858224629,0.02637751059999521,0.1699522858224629,0.026370915397841862,8.881784197001252e-16,0.005458807991452507,0.1697003783138354,0.026172922304226718,0.1697003783138354,0.026166378255542296,1.7763568394002505e-15,0.006407792396632353,0.16894511406672647,0.0263888653423046,0.16976485762789145,0.02622928289465844,0.1724302558149824,0.02642517522774236,0.026554572549012907
2000,1635,0.17715818759231755,0.025523297691287004,0.17715818759231755,0.025516916069061667,1.7763568394002505e-15,0.01358722404496593,0.17443456445913913,0.025281088666675403,0.17443456445913913,0.025274767604277142,8.881784197001252e-16,0.010970128437880365,0.17347336153174803,0.02545659152351877,0.17422919017779076,0.025313564184891245,0.17617771763274542,0.02520781169341239,0.025205114414002208
2000,1636,0.17564969330382124,0.02645879264575647,0.17564969330382124,0.026452177120550986,8.881784197001252e-16,0.034077392747243127,0.17842429392543718,0.025950694456813306,0.17842429392543718,0.025944205972037095,8.881784197001252e-16,0.037442496877982914,0.17788555156868918,0.026315520617788055,0.17842492268766813,0.025987181841871643,0.1779778453569647,0.025677859247329682,0.025698523868393046
2000,1637,0.20451181147261427,0.02630814598477523,0.20451181147261427,0.026301568125943878,8.881784197001252e-16,0.01200651710671104,0.20756052144379505,0.02583783152426549,0.20756052144379505,0.02583137125875027,8.881784197001252e-16,0.013428871368628513,0.20958879128614105,0.02627079474236104,0.207482987219547,0.025872776624926642,0.20624177250399278,0.025974455991997235,0.025853796301743646
2000,1638,0.17627565782097698,0.026115534479106133,0.17627565782097698,0.02610900477917181,8.881784197001252e-16,0.005592435374675125,0.17607421874962298,0.02586674609262133,0.17607421874962298,0.02586027859756021,1.7763568394002505e-15,0.00642325517102954,0.17722427530985851,0.026165207591685988,0.1759852633275889,0.02590967054544033,0.17599604981302358,0.024938050404041862,0.024940348157949013
2000,1639,0.2260972646058808,0.025043641626646424,0.2260972646058808,0.025037379933430248,8.881784197001252e-16,0.007281155494503231,0.22655720065728868,0.02471770568609732,0.22655720065728868,0.02471152548705433,8.881784197001252e-16,0.00763218577235949,0.22721573468896727,0.025103234462282853,0.22634575076373753,0.024738871971763256,0.22776748950182235,0.025060132988552395,0.02497462994701346
2000,1640,0.21095643745333859,0.026136605074419603,0.21095643745333859,0.026130070106177836,8.881784197001252e-16,0.01592912550219859,0.20826790355906283,0.02567655925125512,0.20826790355906283,0.025670139308849167,1.7763568394002505e-15,0.01607837944370022,0.20794118476810064,0.025896737801964276,0.20835298299878846,0.02572301439218739,0.20832180377546305,0.026272325652303512,0.026276438306739442
2000,1641,0.1908653281615328,0.027504881863320046,0.1908653281615328,0.027498004783111707,8.881784197001252e-16,0.01933821702767941,0.19066654844562236,0.0271378002561258,0.19066654844562236,0.027131014957793426,3.552713678800501e-15,0.020083648812207852,0.1892382817840162,0.027475143731093367,0.19082445668102127,0.02723651282332972,0.192768458105955,0.02912624224979199,0.02887868470054772
2000,1642,0.18867015740298387,0.025968641160525423,0.18867015740298387,0.025962148188512314,8.881784197001252e-16,0.012205068087424895,0.18751074286927544,0.025731529226342174,0.18751074286927544,0.02572509553972421,8.881784197001252e-16,0.012065638022313363,0.18558575577030328,0.026044269279900105,0.1874292609000744,0.02576060553747831,0.18464970752897947,0.02625915558309735,0.026264914794753205
2000,1643,0.19473164775844543,0.026354759918613437,0.19473164775844543,0.026348170404841574,8.881784197001252e-16,0.013202774512410559,0.19666741814121813,0.02591783385789012,0.19666741814121813,0.02591135358929079,1.7763568394002505e-15,0.015074396324925783,0.1994210118157077,0.026341593572833645,0.19665159974049884,0.025964752336400446,0.19325810649480757,0.02695671994109996,0.026863710530158114
2000,1644,0.22332482508687768,0.026054183862184152,0.22332482508687768,0.026047669501821743,8.881784197001252e-16,0.010574708932241801,0.22223366437454117,0.025697070533396055,0.22223366437454117,0.025690645462528434,8.881784197001252e-16,0.01274683991443228,0.22232354486456007,0.026202702381710703,0.2222152355021142,0.02573592835318545,0.2238163320051586,0.025590672825268203,0.02560568790197123
2000,1645,0.18580522358309265,0.026767600840293383,0.18580522358309265,0.02676090810338659,8.881784197001252e-16,0.021055124905618564,0.18590832328257423,0.026509494965167593,0.18590832328257423,0.026502866762797412,1.7763568394002505e-15,0.02014372208783068,0.18827628170778504,0.02731617917162864,0.18596125209072473,0.0265713144926925,0.18669665795899892,0.02607223586036176,0.026084157611186987
2000,1646,0.21451370902659206,0.026115090705075724,0.21451370902659206,0.026108561116098782,8.881784197001252e-16,0.012324582141584038,0.21452543093305576,0.025805151745794782,0.21452543093305576,0.025798699651245673,1.7763568394002505e-15,0.011415247690959581,0.2147167858624316,0.025960583622696848,0.21455436068631806,0.02584393149268084,0.21336107629673834,0.026990275580397495,0.026949859767669008
2000,1647,0.20956052655623314,0.026514174834118717,0.20956052655623314,0.026507545461635015,8.881784197001252e-16,0.04348754019902305,0.20849749971520243,0.026249119972981034,0.20849749971520243,0.02624255687249765,8.881784197001252e-16,0.03595657616200495,0.2059212956579743,0.026736517322272477,0.20859654165763347,0.026294167560103512,0.20876266552383937,0.028228089024125422,0.028584890665863713
2000,1648,0.1818820548712793,0.027935176630236674,0.1818820548712793,0.02792819196288653,3.552713678800501e-15,0.01475728858997898,0.18500127294092966,0.0277289860921146,0.18500127294092966,0.02772205297884406,3.552713678800501e-15,0.01610462053786923,0.184868463963488,0.02793421356889017,0.1851337913267162,0.02783338565898166,0.18659395811701746,0.02564000348488543,0.025701303651483907
2000,1649,0.21853478007235627,0.026277615540650223,0.21853478007235627,0.02627104531538421,8.881784197001252e-16,0.010384777827377078,0.21943268151816847,0.026004392723135174,0.21943268151816847,0.025997890812113893,1.7763568394002505e-15,0.011618576094941244,0.21966268612038575,0.02624853226253801,0.21928512238124848,0.02604172395152136,0.22165744681195215,0.02601597403909902,0.026148033589433364
2000,1650,0.17399810806119154,0.02423920660234608,0.17399810806119154,0.024233146043030857,8.881784197001252e-16,0.010150246876423318,0.17220297162766712,0.02400829718299877,0.17220297162766712,0.024002294358256102,8.881784197001252e-16,0.009381648016849969,0.17127373581917021,0.024242541841791355,0.1720785033453941,0.024010756988239155,0.17211766605038592,0.0250430112058453,0.025239058915418968
2000,1651,0.19534269692445644,0.026417257120237077,0.19534269692445644,0.02641065198021128,1.7763568394002505e-15,0.026500352014455966,0.19007024690482444,0.025845872770299646,0.19007024690482444,0.025839410494221563,1.7763568394002505e-15,0.026056192511305767,0.18831052491853284,0.02600809913926746,0.1900862646549844,0.02588609963000776,0.1882862990784071,0.02558400821920846,0.02558953363958256
2000,1652,0.18004635864330143,0.025726965843676383,0.18004635864330143,0.025720533298046726,8.881784197001252e-16,0.022666106481427237,0.1788297600302598,0.025337302707177878,0.1788297600302598,0.025330967589512362,1.7763568394002505e-15,0.02350789355171348,0.1745773903291729,0.02574097052467176,0.17866971063188347,0.02537361907344476,0.18100530877497467,0.025182512632780294,0.02521166500294613
2000,1653,0.1622319456198993,0.02447064008855037,0.1622319456198993,0.024464521663629495,1.7763568394002505e-15,0.010117684570011078,0.1624121682927573,0.024341800149483922,0.1624121682927573,0.024335713938575063,4.440892098500626e-16,0.012326090419371868,0.15958135609445823,0.024636661599070603,0.16235776038720923,0.02437040982988084,0.16307312102012528,0.02552266852890938,0.025539843702466647
2000,1654,0.1965873436820434,0.025286128654655488,0.1965873436820434,0.02527980633210269,8.881784197001252e-16,0.007355256007172121,0.20034534606982474,0.02498435959278065,0.20034534606982474,0.024978112721925967,8.881784197001252e-16,0.006914978376041554,0.20001830539497034,0.02525599950630338,0.20017075682597585,0.025003514192928206,0.20205042413487145,0.024710943999475595,0.024657670639161636
2000,1655,0.15237516977917637,0.024941027641999694,0.15237516977917637,0.024934791605487165,1.7763568394002505e-15,0.011097297860511678,0.1493902073772599,0.024571082901213084,0.1493902073772599,0.024564939362449415,8.881784197001252e-16,0.012927375437452274,0.14939620568220524,0.024952484846318273,0.1493073763852969,0.024598250288888412,0.1498784809731981,0.024893491978810724,0.025048022402909664
2000,1656,0.21071625937993282,0.02759942108861006,0.21071625937993282,0.027592520370640312,8.881784197001252e-16,0.014978162109245434,0.21228567846318935,0.027414205850242526,0.21228567846318935,0.027407351441871793,8.881784197001252e-16,0.014613902237028981,0.21607084396966453,0.02804664293330737,0.2123481644268736,0.027501129886275205,0.2143939495362605,0.02590578428027303,0.025897919827661577
2000,1657,0.22234462422296247,0.025798232435542766,0.22234462422296247,0.02579178207103751,8.881784197001252e-16,0.028744714559541133,0.2225931140146648,0.02554221076440765,0.2225931140146648,0.025535824413322847,8.881784197001252e-16,0.02796151712876456,0.22257895896469299,0.02574575267947649,0.22251838458917167,0.02556752790672675,0.22316186003253147,0.026671167885380313,0.02662716223698319
2000,1658,0.20962080617897216,0.03530006857507222,0.20962080617897216,0.035291242454525446,1.7763568394002505e-15,0.014497271384550009,0.2087698721283584,0.03461289521030025,0.2087698721283584,0.0346042409045742,7.105427357601002e-15,0.01635539440922228,0.2101144379620733,0.03555053557739986,0.2092745499920332,0.03505318448772516,0.2060920983094331,0.03171796942084457,0.033975215137218046
2000,1659,0.2461120220438151,0.027992828040363796,0.2461120220438151,0.02798582895835906,1.7763568394002505e-15,0.02071943057448635,0.24570900285621955,0.027634919794779736,0.24570900285621955,0.027628010201023834,1.7763568394002505e-15,0.01898326999361759,0.24846407807906418,0.028043048172914958,0.24585345785013946,0.027733033978292663,0.24215670485644708,0.02783081601351223,0.027336366713867386
2000,1660,0.16345633828977746,0.02493822642494279,0.16345633828977746,0.024931991088822086,8.881784197001252e-16,0.0036457035998283052,0.16430546980371624,0.024706316274232434,0.16430546980371624,0.024700138922898414,8.881784197001252e-16,0.004737517532752043,0.16250034950265219,0.02492690196331744,0.1641921356950501,0.024736366534876857,0.16583007476199246,0.024127283983280942,0.024218346311536167
2000,1661,0.15974538614356648,0.025580940857028278,0.15974538614356648,0.025574544822209708,8.881784197001252e-16,0.015600373970483833,0.15621618472962673,0.025085061599911154,0.15621618472962673,0.025078789550406967,8.881784197001252e-16,0.01466218423787666,0.15510193719541826,0.02540557011954231,0.15626096455170913,0.025117390743771936,0.15475021461524963,0.026144400162241302,0.02620597960518337
2000,1662,0.18260459159837034,0.027039190861950023,0.18260459159837034,0.027032430219048508,1.7763568394002505e-15,0.009861926656480644,0.18326019897363421,0.026454602952988474,0.18326019897363421,0.026447988475337143,8.881784197001252e-16,0.008541490539559606,0.18264429784150116,0.026699742988354265,0.18332955508954335,0.026525156010415173,0.18793690981667366,0.024912572990578533,0.02494699261487993
2000,1663,0.16857181156285966,0.027330152820538196,0.16857181156285966,0.0273233194280522,1.7763568394002505e-15,0.017218568019038497,0.16535348395053806,0.026901217763542474,0.16535348395053806,0.026894491618228298,3.552713678800501e-15,0.02093333683966208,0.16514987007203713,0.027672483334381295,0.1654053785785372,0.02699598136641727,0.16280959408767115,0.02627169135129097,0.026245492450887076
2000,1664,0.15706981530589237,0.02483460183182209,0.15706981530589237,0.02482839240508875,8.881784197001252e-16,0.01730254120293516,0.15764516904335868,0.02471837116749836,0.15764516904335868,0.024712190802064212,8.881784197001252e-16,0.017633975604751904,0.15983583918989197,0.025153393553059015,0.15766396477232542,0.02472960633245077,0.15769929713514963,0.024934193667863553,0.025207844058889844
2000,1665,0.21025258035749816,0.02529317730996892,0.21025258035749816,0.02528685322503197,8.881784197001252e-16,0.03589190957150617,0.21151212343922543,0.025045174232920752,0.21151212343922543,0.025038912156505097,8.881784197001252e-16,0.03384955174511437,0.20989128055278533,0.025472607797073856,0.2114987046605683,0.025080166248407258,0.21258455280879146,0.025341799783246684,0.02525654660554703
2000,1666,0.18979637249757658,0.026770796493241447,0.18979637249757658,0.026764102957321536,8.881784197001252e-16,0.008641034764820166,0.18748940282475918,0.026478635467597288,0.18748940282475918,0.0264720149810661,8.881784197001252e-16,0.008237744832230757,0.18415201570339518,0.02703980933825275,0.18749434705751578,0.026536547080463234,0.18577218134600315,0.024993362298665132,0.024993126545503674
2000,1667,0.198862453857804,0.02582238843187045,0.198862453857804,0.02581593202761104,8.881784197001252e-16,0.014279975804480663,0.19790566980068303,0.025512038017526266,0.19790566980068303,0.025505659210571317,8.881784197001252e-16,0.013666791491300012,0.19427388564669124,0.025872135766477324,0.1979575583449517,0.025545923986892975,0.19824965134259875,0.02589909227623157,0.025858256953887295
2000,1668,0.1581324445428785,0.025952892395411344,0.1581324445428785,0.025946403361081782,1.7763568394002505e-15,0.009571545727362832,0.15843182692897895,0.02571665385186536,0.15843182692897895,0.02571022388455598,8.881784197001252e-16,0.00945352735868192,0.16148888691161895,0.02620007326993126,0.15837392694216446,0.02575268179364782,0.15932614769476772,0.025864887971327816,0.025962238815021087
2000,1669,0.20853564430366828,0.0262785345574436,0.20853564430366828,0.026271964102394667,1.7763568394002505e-15,0.010550925739456285,0.20557849321358773,0.025649405494924376,0.20557849321358773,0.025642992341806274,1.3322676295501878e-15,0.011517996504028417,0.20311845689478186,0.025787706486278542,0.20560915452971895,0.025706580133947915,0.2054378698083254,0.026337705042310373,0.026312916575962367
2000,1670,0.18936884983447022,0.02506604102962484,0.18936884983447022,0.025059773735857764,8.881784197001252e-16,0.01798816489435823,0.19032149825268985,0.024874284662318783,0.19032149825268985,0.024868065313637416,8.881784197001252e-16,0.016839544085139588,0.18960879269876924,0.025185129291669963,0.19028244035047132,0.024891731854284938,0.19034214360792534,0.025767811020054595,0.025781885827918342
2000,1671,0.21165571178631215,0.02547739270649967,0.21165571178631215,0.02547102256195542,8.881784197001252e-16,0.008562841909103251,0.20935693583012827,0.025113667099811443,0.20935693583012827,0.025107387898038132,8.881784197001252e-16,0.009819744197592,0.20848792063269872,0.025336829803021862,0.20923404655621985,0.025134876503522665,0.2061945284691069,0.025322429523865365,0.025179696580042835
2000,1672,0.15334692558798102,0.026753218787291446,0.15334692558798102,0.026746529646347463,8.881784197001252e-16,0.018905535723733775,0.15122734954007644,0.026070565918106546,0.15122734954007644,0.02606404746171809,3.552713678800501e-15,0.020125138798846323,0.1525434828317978,0.02621093232242274,0.15113428588065136,0.02614134586777764,0.15157639062884615,0.02597669869190259,0.02592948990056834
2000,1673,0.18904392232918632,0.02679978021611421,0.18904392232918632,0.026793079433357608,8.881784197001252e-16,0.009426148163772774,0.18894070786955947,0.02667581335521045,0.18894070786955947,0.026669143568044007,8.881784197001252e-16,0.01097427261398618,0.18781635522170936,0.02728182395912985,0.18905997476336972,0.026727342697422305,0.1882066096144357,0.026437518568055436,0.026448991909784943
2000,1674,0.20736132692178377,0.026441637765851216,0.20736132692178377,0.02643502652990193,1.7763568394002505e-15,0.014447660330820582,0.2065385366957176,0.026288575655016903,0.2065385366957176,0.026282002689379722,1.7763568394002505e-15,0.016288097707962048,0.20677047101161622,0.02654649127988313,0.20653883970919984,0.026343050519936975,0.20576978695738174,0.02554621861991978,0.025565105687077178
2000,1675,0.19392798475492207,0.025678188477523522,0.19392798475492207,0.025671768127760078,8.881784197001252e-16,0.007775227802084047,0.19504525386956367,0.02531485742570456,0.19504525386956367,0.025308527920061004,8.881784197001252e-16,0.009818384704339506,0.192289500150859,0.025562310069929088,0.19496829143523986,0.02534103335606535,0.1936595636045812,0.025602329363082696,0.025653036157524626
2000,1676,0.1328155798796254,0.02604218294344069,0.1328155798796254,0.026035671583683095,1.3322676295501878e-15,0.012338732781841855,0.13500848714745473,0.02567866622445383,0.13500848714745473,0.02567224575523872,8.881784197001252e-16,0.011183134505788868,0.13396744801035954,0.026030644733843204,0.13497874343269234,0.025710820366144124,0.13483563339108684,0.025371130105817194,0.025399348485589432
2000,1677,0.21644863859684554,0.027198144167082272,0.21644863859684554,0.027191343780885942,8.881784197001252e-16,0.008600850600806337,0.21802510725614427,0.02690980740882847,0.21802510725614427,0.02690307911583448,3.552713678800501e-15,0.008754355152628826,0.21839987038008546,0.02721849135581817,0.21813338793948117,0.02700484635922177,0.21918358078240835,0.02610069291285158,0.026117261328690914
2000,1678,0.16836036012270744,0.025007916508418875,0.16836036012270744,0.02500166374759894,8.881784197001252e-16,0.025053606316721037,0.16638921766616782,0.02471265732482222,0.16638921766616782,0.024706478388027347,8.881784197001252e-16,0.024595788992265347,0.16818419039224786,0.025169804123438992,0.16632985108127163,0.024732749029280462,0.16513633432417213,0.024775057972169463,0.024917410668852204
2000,1679,0.18985871494187,0.02570824586828517,0.18985871494187,0.025701818003234504,1.7763568394002505e-15,0.02344835106279278,0.1908697200360268,0.02542865740898671,0.1908697200360268,0.025422299449790194,8.881784197001252e-16,0.024684379321374756,0.19100754236465833,0.025770166401751757,0.1908233114811952,0.025466427582452628,0.19017649025816158,0.026173625247329756,0.026195836735869678
2000,1680,0.1563371135974136,0.026594159726871017,0.1563371135974136,0.026587510355663972,1.7763568394002505e-15,0.013859559473658646,0.15380098234852746,0.02643132023899226,0.15380098234852746,0.026424711582747194,8.881784197001252e-16,0.014561409334474255,0.1554124223539507,0.026793842927178957,0.15385083912362918,0.026476909216345,0.1524245482551871,0.026063939735555514,0.0261585749544068
2000,1681,0.19660884713004728,0.02597631284688128,0.19660884713004728,0.02596981795670678,4.440892098500626e-16,0.0038254594541509085,0.19707964652218973,0.02566428752475141,0.19707964652218973,0.025657870650660667,8.881784197001252e-16,0.00534825107344255,0.19475134095131313,0.026229476703875404,0.19705703183485462,0.025713190591535515,0.19592342772513155,0.025653422005936264,0.025656279805093798
2000,1682,0.1569107024371693,0.02551762265435956,0.1569107024371693,0.025511242451070844,8.881784197001252e-16,0.006699617196767895,0.15974379319684134,0.025138082248099786,0.15974379319684134,0.025131796941776235,8.881784197001252e-16,0.0055289655876293396,0.15931501982862661,0.02541350635366627,0.15973404169016764,0.025174881116525338,0.16087338196673,0.024578546593354268,0.024694247111301814
2000,1683,0.21859543339048088,0.024827438437017745,0.21859543339048088,0.02482123080135701,8.881784197001252e-16,0.006995485064151619,0.21966002869446782,0.02454907570949288,0.21966002869446782,0.024542937673215037,8.881784197001252e-16,0.0070718223739345285,0.21784790662704456,0.024787940864225907,0.2195706527507278,0.02458596164942828,0.21873073101027757,0.025267038827906665,0.025206190803070343
2000,1684,0.1938989609261874,0.02605668168405237,0.1938989609261874,0.02605016669915642,8.881784197001252e-16,0.015432469814144329,0.193650742559428,0.025681810475260754,0.193650742559428,0.02567538921988466,8.881784197001252e-16,0.020832347317564223,0.19484071976778305,0.026041410416986856,0.19371054562936502,0.025710748103820746,0.19381327954701943,0.026505879612316697,0.026487693765695774
2000,1685,0.1449978925926203,0.02704100435511626,0.1449978925926203,0.027034243258784767,8.881784197001252e-16,0.01404076218641819,0.14413936231910457,0.02621470681529598,0.14413936231910457,0.0262081523191777,1.7763568394002505e-15,0.01473735619444446,0.14267530612447232,0.026836124264155527,0.14410604778096753,0.0262446375947988,0.14355119357214274,0.025744158981495083,0.025800313124883074
2000,1686,0.21505986436999713,0.026351848146277595,0.21505986436999713,0.02634525936053983,1.7763568394002505e-15,0.015111774647440939,0.21534981108207868,0.026077932640523476,0.21534981108207868,0.026071412342224157,1.7763568394002505e-15,0.015111913367564329,0.21323855954483462,0.026214518369098674,0.21542323915648204,0.02612633354200708,0.21894161833974785,0.02753243146649718,0.02775004884530426
2000,1687,0.15417146729926473,0.027861004565108215,0.15417146729926473,0.02785403844309281,8.881784197001252e-16,0.007459171228492098,0.15630075998264847,0.028153679184374322,0.15630075998264847,0.028146639884555732,3.552713678800501e-15,0.007551361699452172,0.15580787386673534,0.029149216016923277,0.15643305656197942,0.028267634519516454,0.1576682898578986,0.026364298394431603,0.02639426449751554
2000,1688,0.18731870121364735,0.0259466563380108,0.18731870121364735,0.025940168862890512,8.881784197001252e-16,0.010689105788456329,0.18804183590589885,0.025748379244707312,0.18804183590589885,0.02574194134505806,8.881784197001252e-16,0.014060663556481738,0.18639120896727668,0.025962675638298408,0.18791818977862468,0.025781341753973706,0.18956301621174232,0.025298746230525603,0.025343930693577946
2000,1689,0.2045756816986547,0.02597025522579212,0.2045756816986547,0.02596376185021224,1.7763568394002505e-15,0.013070954594868399,0.20094207017188048,0.02540743652767112,0.20094207017188048,0.025401083874358254,8.881784197001252e-16,0.016954490171493416,0.20027319643820468,0.025674368101203167,0.2008403607914494,0.025469920711872457,0.20041705932951698,0.02529847719691583,0.02536904248376796
2000,1690,0.1745407016669952,0.02535829400418077,0.1745407016669952,0.02535195363803486,8.881784197001252e-16,0.013067702346256862,0.17481937929546953,0.025117537286569402,0.17481937929546953,0.025111257117128426,8.881784197001252e-16,0.01319434665822397,0.1747553435562329,0.025339435282364098,0.17466514859843413,0.02513878879938218,0.17472643919929648,0.0250130400600475,0.02501757214171486
2000,1691,0.19543413805584497,0.025857393568363092,0.19543413805584497,0.025850928411725375,1.7763568394002505e-15,0.02025138253002056,0.1989988029331068,0.025733527906635176,0.1989988029331068,0.025727093720284665,1.7763568394002505e-15,0.020021569550429975,0.19445701299815932,0.026053930505730835,0.19902765962748092,0.02578111460104108,0.1991759718694861,0.025700751274969857,0.0257071793762611
2000,1692,0.17150134753183066,0.026545874261283558,0.17150134753183066,0.026539236962952212,1.7763568394002505e-15,0.008381379536711883,0.17140239627769532,0.026073169495267463,0.17140239627769532,0.026066650387903335,1.7763568394002505e-15,0.008696041186716432,0.1731863209373321,0.026643800448389286,0.17142866774069004,0.02612472847443735,0.17002460251593443,0.02490413216484221,0.024983791264593998
2000,1693,0.19179101968652212,0.026255328403981898,0.19179101968652212,0.026248763751196707,1.7763568394002505e-15,0.023657438408072187,0.19217850432739358,0.025995109329616607,0.19217850432739358,0.025988609739733888,1.7763568394002505e-15,0.024841755333772003,0.19396205880195466,0.026625109469677975,0.1922545627534537,0.026050040617815767,0.1943980526578173,0.026981824659901274,0.026967221429736465
2000,1694,0.19787321525616336,0.02542697693900313,0.19787321525616336,0.025420619399976637,8.881784197001252e-16,0.009637575139766279,0.1990779698843812,0.02521217996577794,0.1990779698843812,0.025205876132708843,8.881784197001252e-16,0.0098049938297261,0.1974649840788183,0.02548688677358816,0.19894673703722426,0.025232715198941293,0.19892155827369112,0.024387009004193695,0.024385126903516904
2000,1695,0.19304695651978138,0.025558788287348134,0.19304695651978138,0.02555239779136442,1.7763568394002505e-15,0.018359388142131366,0.19544402879368455,0.025303254624305604,0.19544402879368455,0.025296928019725076,1.7763568394002505e-15,0.020318197938822776,0.19717346203963615,0.02566035343043959,0.19557531151175744,0.025360665019446466,0.19483603806849364,0.02586540122375828,0.02589922314183487
2000,1696,0.13950505770563443,0.02434726819765741,0.13950505770563443,0.02434118061956559,8.881784197001252e-16,0.005153730065472272,0.13906887972498527,0.02415156646646795,0.13906887972498527,0.02414552781992614,8.881784197001252e-16,0.004890224556882314,0.14276707636670077,0.024573854290936344,0.13896284263445519,0.02416706562938956,0.14011151137124306,0.024000311137231993,0.024174222947787254
2000,1697,0.16255511489297902,0.025776042068478514,0.16255511489297902,0.025769597252258643,1.7763568394002505e-15,0.01568220133799922,0.16157532284840215,0.02538099890027245,0.16157532284840215,0.02537465285719281,8.881784197001252e-16,0.018687097296040345,0.15671221600892193,0.025796369461293392,0.16150970220450234,0.025413877073048558,0.16282487544769897,0.025147262505951968,0.025173763449423195
2000,1698,0.180511394320845,0.024519072658004105,0.180511394320845,0.024512942123426973,8.881784197001252e-16,0.006244989437430421,0.17950944653360112,0.024313819704045104,0.17950944653360112,0.024307740489122216,8.881784197001252e-16,0.007236145763497697,0.17870037895492807,0.024572397101278263,0.17937756748156258,0.024336847679169712,0.17979839938719183,0.02475414915689667,0.024729780303892154
2000,1699,0.18398327204490766,0.02539812622564891,0.18398327204490766,0.025391775900202567,8.881784197001252e-16,0.022400572593451226,0.185033246544077,0.025163759796256246,0.185033246544077,0.025157468069743037,1.7763568394002505e-15,0.022801158570152028,0.18421251768800145,0.025465647871822972,0.1850080369044687,0.025189334399005604,0.18614309426141584,0.02698243387194582,0.02698882153906841
2000,1700,0.17576153371450992,0.025803508129971904,0.17576153371450992,0.025797056446378128,8.881784197001252e-16,0.00699194859124998,0.17678878357490002,0.025604922484186013,0.17678878357490002,0.025598520453211034,8.881784197001252e-16,0.00873987107066102,0.17612674792736138,0.02589855537501986,0.17680969308981964,0.025638360691923302,0.17955521195046104,0.026263633505608508,0.026291089653709982
2000,1701,0.17497029949568582,0.02526304184578379,0.17497029949568582,0.025256725295654855,8.881784197001252e-16,0.010439222905720273,0.17704248178549264,0.025039812944949107,0.17704248178549264,0.02503355220902303,1.7763568394002505e-15,0.012052429933046557,0.17673027448172024,0.02537001097230191,0.1769329212512868,0.02507937061663448,0.1797173963722163,0.02540355882720337,0.025471941450215006
2000,1702,0.2266367427908802,0.026180160366864373,0.2266367427908802,0.026173614508438046,8.881784197001252e-16,0.004545342763447317,0.228568920421517,0.02568757038948195,0.228568920421517,0.025681147693947255,8.881784197001252e-16,0.007000613544334767,0.22901964444924622,0.025962471455327117,0.22858302858651464,0.025739386459252146,0.2307467877707956,0.025716345957834556,0.025660807277744193
2000,1703,0.1494358408087984,0.026655425424633578,0.1494358408087984,0.02664876073508706,8.881784197001252e-16,0.009566091142105451,0.15288447700384888,0.02560164013489746,0.15288447700384888,0.025595238924612407,8.881784197001252e-16,0.01416209522809267,0.15104051313132305,0.02587577899201179,0.15296387121321198,0.02562190282270475,0.15554115485046816,0.025706910278932023,0.025935126573538997
2000,1704,0.18136796580133818,0.025645570993487927,0.18136796580133818,0.025639158799115044,1.7763568394002505e-15,0.007131678755831096,0.18085922403428484,0.025358059186571538,0.18085922403428484,0.025351718879137373,8.881784197001252e-16,0.0072917268847490675,0.18492248134724154,0.025755408970872376,0.18069985162682228,0.025391965480652656,0.1840375571881801,0.025016388649768368,0.02485062867924109
2000,1705,0.19641915038615781,0.025310905364405542,0.19641915038615781,0.025304576846900843,8.881784197001252e-16,0.01681871543722178,0.19434574973052238,0.025004198270039506,0.19434574973052238,0.024997946438895396,1.7763568394002505e-15,0.016805717693787702,0.19535388046574298,0.025404314791561723,0.1942528085191002,0.025040657982181365,0.19586425056406853,0.025179456973912856,0.02519250980297637
2000,1706,0.25672764895081196,0.028931012936744646,0.25672764895081196,0.02892377927919021,8.881784197001252e-16,0.013896773874113774,0.253388633678308,0.028209841163320867,0.253388633678308,0.028202787821252035,3.552713678800501e-15,0.01710150910417424,0.2549418746046748,0.02916803838607104,0.2536680257347012,0.028384891629216487,0.25403323157312774,0.02891328781689372,0.03281961925060872
2000,1707,0.1815514946363046,0.026033325152862618,0.1815514946363046,0.026026816007829544,8.881784197001252e-16,0.009232096166136895,0.18072522820998266,0.025897647854294104,0.18072522820998266,0.025891172632826642,8.881784197001252e-16,0.006863206375336791,0.18330330730489663,0.0262584942335487,0.18069394758613766,0.025927341379642175,0.18203563624761743,0.02542321825328362,0.02541196089694738
2000,1708,0.1646652787786887,0.026011119052645814,0.1646652787786887,0.026004615459831903,8.881784197001252e-16,0.03417411700779044,0.16435465325016513,0.025750873207399,0.16435465325016513,0.025744434684181118,8.881784197001252e-16,0.03207769717651775,0.165416581287484,0.02613227615772145,0.16435043976606106,0.025777429123245762,0.1649688886934333,0.0261449060532458,0.02617169308040484
2000,1709,0.17127989153889117,0.024623428470241328,0.17127989153889117,0.024617271843449196,8.881784197001252e-16,0.011214879909107866,0.17242672995862174,0.024358892338384553,0.17242672995862174,0.024352801853894206,8.881784197001252e-16,0.01284693413154584,0.17350593164636313,0.024828994709022244,0.1723844167182233,0.024380592488673657,0.1724166973807148,0.02614820649243816,0.026172730342189927
2000,1710,0.12105329160508116,0.025404398844171092,0.12105329160508116,0.02539804695037405,8.881784197001252e-16,0.023697401095620973,0.1226573064892269,0.025163155084339958,0.1226573064892269,0.025156863509023627,8.881784197001252e-16,0.021564740620868262,0.12568445177859455,0.02548592858202546,0.12262608093196647,0.025188704561984986,0.12300178786206162,0.025808000876713453,0.026058936222409138
2000,1711,0.1703268759965504,0.02609019134708497,0.1703268759965504,0.026083667983725828,1.7763568394002505e-15,0.012968780807556585,0.16997833473758894,0.025863144600410688,0.16997833473758894,0.025856678005835198,8.881784197001252e-16,0.013382372032404456,0.16987183792556848,0.026111329861749414,0.17006956963530612,0.025902369471155,0.17092181815820295,0.02479884063429422,0.024771214249501954
2000,1712,0.16975314060720748,0.024715635674926666,0.16975314060720748,0.024709455993451167,8.881784197001252e-16,0.009857789888363526,0.16724757553501185,0.02451281372212504,0.16724757553501185,0.02450668475247751,8.881784197001252e-16,0.01267239086907192,0.1645716250233848,0.02492122719161604,0.16719266476830252,0.02452988055515347,0.1657392644415201,0.026175135240959355,0.02625084371278818
2000,1713,0.2028387099887416,0.027897824657343834,0.2028387099887416,0.027890849329154456,8.881784197001252e-16,0.009265662125745953,0.1985426548314898,0.02641711729765174,0.1985426548314898,0.026410512192585965,8.881784197001252e-16,0.006701578350963502,0.1960209095904228,0.026615302103687843,0.19858827600648316,0.026487038301011505,0.20018839489705897,0.026057498723390964,0.02606031117209216
2000,1714,0.1726947388603171,0.025782178343142684,0.1726947388603171,0.025775731992662334,8.881784197001252e-16,0.008915088034057892,0.17252438181724877,0.025758530472294316,0.17252438181724877,0.02575209003452086,8.881784197001252e-16,0.007351644946569978,0.16970965398646404,0.02602451164080807,0.1724442546106248,0.02579212334392039,0.177937284761646,0.025906495051586462,0.025814043552675008
2000,1715,0.21977780073987363,0.026064563643846662,0.21977780073987363,0.026058046688214397,8.881784197001252e-16,0.015860975267953957,0.21762750198947745,0.025764988761004675,0.21762750198947745,0.025758546708457175,8.881784197001252e-16,0.01535504161563539,0.21616877674677365,0.02616791248132745,0.21763358047509973,0.02581352984443682,0.2218031299519606,0.025963169461118756,0.026027196046206173
2000,1716,0.1811589081608425,0.026132562399378008,0.1811589081608425,0.026126028441931362,1.7763568394002505e-15,0.014332201621956867,0.18507327889601338,0.025855237549937328,0.18507327889601338,0.025848772932371613,8.881784197001252e-16,0.0150162670043408,0.18640288482829215,0.026240559561807923,0.18504619531881555,0.025882852839592487,0.18996075902658194,0.026054514106473973,0.0257944050601762
2000,1717,0.18077644578310303,0.025413828939654964,0.18077644578310303,0.025407474688039285,8.881784197001252e-16,0.023378760181140136,0.17827125634273394,0.025105499456810995,0.17827125634273394,0.025099222297203735,8.881784197001252e-16,0.023425463011528286,0.17589666234747503,0.025333730872634967,0.17822630173221043,0.02512798408049115,0.17984567565816612,0.02632399450805574,0.026351757806512797
2000,1718,0.20466225705766944,0.025940859966726015,0.20466225705766944,0.025934373940879732,8.881784197001252e-16,0.0063139106095217576,0.19981775255798467,0.025675531710990955,0.19981775255798467,0.025669112025502185,8.881784197001252e-16,0.005621485965697629,0.20264191537920445,0.026093478852664213,0.1997897069835043,0.025728584564938307,0.1964217911419982,0.025350985127141235,0.02570030194102402
2000,1719,0.17865923719611948,0.025454084022142016,0.17865923719611948,0.02544771970549743,8.881784197001252e-16,0.009317469810205,0.17729427467376674,0.02518475654619598,0.17729427467376674,0.02517845956983897,8.881784197001252e-16,0.008960508026313733,0.17758724551601152,0.02546084890207459,0.17722706328815235,0.025212763020912368,0.1796535117796405,0.024918545015977685,0.025120147998464126
2000,1720,0.2291235144439442,0.030589511030209536,0.2291235144439442,0.030581862696290707,7.105427357601002e-15,0.01000270448043801,0.22495226304076338,0.02852283635544708,0.22495226304076338,0.028515704754796676,8.881784197001252e-16,0.010995833868645565,0.227507949701252,0.02968393024868254,0.2250557085513591,0.028714741272665448,0.2278223066131732,0.027627460067829374,0.029888154122110124
2000,1721,0.15563256928191177,0.025402045040352646,0.15563256928191177,0.025395693735080136,8.881784197001252e-16,0.009614399234428793,0.15647543332346914,0.025586734157703826,0.15647543332346914,0.025580336674378996,8.881784197001252e-16,0.008583946020473927,0.15530466338045812,0.02568275279758155,0.15644153563359448,0.025656600568184636,0.15489357896441075,0.025674795177844722,0.02564841673298975
2000,1722,0.20146295605920128,0.025657166487792517,0.20146295605920128,0.025650751394183605,8.881784197001252e-16,0.013326703058977925,0.19875576700971415,0.025416559488699395,0.19875576700971415,0.025410204554361104,8.881784197001252e-16,0.01366943397748078,0.20063197985440218,0.025815193960810705,0.19870337382597475,0.025449756774681805,0.2002184815444703,0.024772395553559624,0.0247443379388557
2000,1723,0.243429164175535,0.025317020466435337,0.243429164175535,0.025310690419963987,8.881784197001252e-16,0.021368689396556645,0.24469380215148495,0.02511730759663212,0.24469380215148495,0.025111027484620806,8.881784197001252e-16,0.021491792080509265,0.24392706317130697,0.025395346066064087,0.24460915108070158,0.02516773067567072,0.2476635624671522,0.02532970026348423,0.025367773648346404
2000,1724,0.19991222502449552,0.02637610309823502,0.19991222502449552,0.02636950824800111,8.881784197001252e-16,0.023188016596866395,0.19908667381963197,0.02622973698105108,0.19908667381963197,0.026223178726921554,1.7763568394002505e-15,0.021504280565501913,0.19657510356347085,0.02655564707539035,0.19922191880650886,0.026303278891456425,0.1981064921572736,0.02672379665516033,0.026675983004226703
2000,1725,0.16287873351689558,0.025105102038414998,0.16287873351689558,0.02509882497817476,8.881784197001252e-16,0.01740333742750888,0.16206616867052898,0.024887149307737798,0.16206616867052898,0.024880926742492957,8.881784197001252e-16,0.019807006334421902,0.16068837834947342,0.025097293526808454,0.16200387770719954,0.024912958316804266,0.16444538630209904,0.024228464471427846,0.0243881133129162
2000,1726,0.171440083150314,0.025116313184048302,0.171440083150314,0.025110033320671216,8.881784197001252e-16,0.03131894639777702,0.17208505603137259,0.024997691786400274,0.17208505603137259,0.02499144158208045,8.881784197001252e-16,0.033597181154472786,0.1689085896913815,0.0252850156340035,0.17206411537280375,0.025026000705980954,0.1723980476540437,0.025584466569982815,0.02566074613579457
2000,1727,0.23008438315058033,0.02527182479476747,0.23008438315058033,0.025265506048626755,1.7763568394002505e-15,0.017022530647225947,0.2309298153383031,0.02491515661727224,0.2309298153383031,0.02490892704932457,8.881784197001252e-16,0.017660478579889973,0.23238303542413752,0.02557917562457867,0.23097688553492013,0.02496071700147478,0.2311169019163491,0.027532000781106028,0.027615592340155152
2000,1728,0.21406615983773275,0.02578392797456756,0.21406615983773275,0.02577748118662467,8.881784197001252e-16,0.015744353012673275,0.21306277375729044,0.02558831193002077,0.21306277375729044,0.025581914052203544,8.881784197001252e-16,0.014324158524810646,0.2111999703902856,0.025884207049673858,0.2130956132829554,0.025644778457686007,0.2123067203853563,0.02659960400481162,0.026622731257164495
2000,1729,0.21108376690101327,0.0260450558693228,0.21108376690101327,0.02603854379124393,8.881784197001252e-16,0.009962831863105506,0.2111561266721429,0.025838649946754576,0.2111561266721429,0.025832189476608147,8.881784197001252e-16,0.010750080118970511,0.2137231149471686,0.02616113441789192,0.2111791188591527,0.02586772880729773,0.21147373389220675,0.026118944869486703,0.02611110762331676
2000,1730,0.12848739846953355,0.02540442692274488,0.12848739846953355,0.02539807502192732,8.881784197001252e-16,0.011448108433554498,0.12848603377402823,0.025188551946414894,0.12848603377402823,0.02518225402108919,8.881784197001252e-16,0.010552444658759966,0.12793000880120875,0.02547602689828491,0.12843903873445894,0.025213369074307115,0.1285982642025975,0.025058800147324603,0.025231822330382594
2000,1731,0.22324645933389292,0.023739612675641217,0.22324645933389292,0.023733677030423887,8.881784197001252e-16,0.012426189554646427,0.22374782402863036,0.02360156301492903,0.22374782402863036,0.023595661886442,8.881784197001252e-16,0.012620466030627765,0.22194297221562148,0.023753042183765984,0.22366961342123104,0.023617299463948704,0.2189347374854957,0.025110814802599857,0.025033839221518483
2000,1732,0.1596750928752934,0.024829550876559078,0.1596750928752934,0.02482334271272243,8.881784197001252e-16,0.014057772164794296,0.15974583970414724,0.024690585306183566,0.15974583970414724,0.024684411888083277,8.881784197001252e-16,0.014482616865333642,0.16007422486252615,0.025033638201541693,0.15971397679384403,0.024713917993421382,0.15650516102416662,0.02517310233831698,0.02515972940972737
2000,1733,0.20843594821927436,0.025518544411387414,0.20843594821927436,0.025512163977630627,8.881784197001252e-16,0.007700338606255838,0.2085309413552104,0.02520348910391884,0.2085309413552104,0.025197187443836862,1.7763568394002505e-15,0.009035300979662321,0.20841007646582377,0.02544932794042994,0.20842656884173616,0.025249834810204073,0.2110308585527757,0.026266136161091053,0.026247927148408463
2000,1734,0.1651610241086659,0.02628902185561458,0.1651610241086659,0.026282448778413296,1.7763568394002505e-15,0.01066654187929317,0.16596711070450326,0.0257972903898144,0.16596711070450326,0.025790840260850018,8.881784197001252e-16,0.012557888245629296,0.1634479917835654,0.02605010461489553,0.1659997385680257,0.025855775557792074,0.16501877541200954,0.026176174654735374,0.02608833973339766
2000,1735,0.14435196919280435,0.025817283323054142,0.14435196919280435,0.025810828195231512,1.7763568394002505e-15,0.013929808540425043,0.14337413735568894,0.025471917668425437,0.14337413735568894,0.025465548892811843,1.7763568394002505e-15,0.012138347612179176,0.1417256977913861,0.026043588655270324,0.14330641282117135,0.025500350995934614,0.14401593471139068,0.026101439747000754,0.02620510680428174
2000,1736,0.19771478272757076,0.025823849690964847,0.19771478272757076,0.025817392921344988,8.881784197001252e-16,0.007464882650739222,0.19573863939187391,0.025716682099449148,0.19573863939187391,0.025710252125076993,8.881784197001252e-16,0.00804105059041845,0.19397327439643708,0.025987745421986928,0.19569305660489683,0.02575776856273451,0.1954155601424285,0.02587583466983473,0.025877724690315233
2000,1737,0.17922404501301004,0.025650050171970227,0.17922404501301004,0.02564363685766271,8.881784197001252e-16,0.007593392543821924,0.18015684857463865,0.02535411665310924,0.18015684857463865,0.025347777331431676,8.881784197001252e-16,0.008616548879230405,0.17727853015379064,0.025913223541318347,0.18002615637699643,0.02538550841550283,0.1794472598830899,0.024844146165940908,0.02491175112657482
2000,1738,0.19897999614778328,0.02552100725475781,0.19897999614778328,0.0255146262052132,8.881784197001252e-16,0.009819409090545987,0.2011014223841751,0.025240664930215026,0.2011014223841751,0.02523435397501444,1.7763568394002505e-15,0.009231290157566078,0.20044209088587395,0.025604437426078524,0.2008830936525426,0.025272351967466213,0.20327966281614795,0.024946376078151047,0.0249381398893628
2000,1739,0.21514849235347838,0.026409311980176344,0.21514849235347838,0.026402708826683913,8.881784197001252e-16,0.020196586281843534,0.21321893767392713,0.026215581110229636,0.21321893767392713,0.026209026395510298,8.881784197001252e-16,0.02106132625824347,0.2132827354061947,0.02645756683605566,0.21319785452721385,0.026257385256498806,0.2138119793322703,0.02560025855042346,0.02549792587454499
2000,1740,0.17737810317671937,0.025083324281852892,0.17737810317671937,0.025077052666732522,8.881784197001252e-16,0.01636942061956118,0.17764635287448854,0.024966763193186487,0.17764635287448854,0.024960520721981724,8.881784197001252e-16,0.016125355223857343,0.1768004404825994,0.025376219323652006,0.17768159851868393,0.02498284168332704,0.17856712973340028,0.025786789924882553,0.025991997413804684
2000,1741,0.20574201754483795,0.027476588868126997,0.20574201754483795,0.027469718862051833,1.7763568394002505e-15,0.009227101406526803,0.20641276615202558,0.027316332873003307,0.20641276615202558,0.027309502935936182,8.881784197001252e-16,0.009679896399925067,0.20764227858256323,0.02723519910675188,0.20654849005848896,0.027452460258141423,0.20598162174490564,0.02648684377386735,0.026545304624676164
2000,1742,0.18790163079353028,0.026500092673332885,0.18790163079353028,0.026493466821829556,8.881784197001252e-16,0.011704070519433818,0.19041937039061463,0.026052838693919902,0.19041937039061463,0.026046324669891607,8.881784197001252e-16,0.013221340864733198,0.1929532306532153,0.026516460369189327,0.190306223521085,0.026087423934702657,0.19245274925991968,0.025940008576379008,0.025890282964799324
2000,1743,0.21462574654711558,0.02770230752891894,0.21462574654711558,0.027695381086123107,1.7763568394002505e-15,0.009382756279082438,0.21754603643605375,0.027712783013301226,0.21754603643605375,0.027705853951306852,3.552713678800501e-15,0.010544849020667768,0.21482627955366262,0.027833044828692317,0.21767588611636152,0.02781068190525037,0.21876749301357845,0.02648106534126104,0.026699647170035364
2000,1744,0.17317074916390657,0.026236007579949216,0.17317074916390657,0.02622944775797396,1.7763568394002505e-15,0.006336201216557839,0.17333994412725368,0.025932822042729065,0.17333994412725368,0.02592633802661503,1.7763568394002505e-15,0.008907668634550628,0.17062897034963287,0.02638199922195086,0.17336260992268004,0.025983191175712003,0.17021123757236756,0.025681969843726837,0.025479345524944394
2000,1745,0.18398007355950707,0.02479406718024345,0.18398007355950707,0.024787867888440028,1.7763568394002505e-15,0.0068505539577606205,0.18535790299582972,0.024412283891569565,0.18535790299582972,0.024406180057522018,4.440892098500626e-16,0.007338970818691868,0.18517134896502196,0.024551679159280606,0.1851546770768347,0.024442203110877938,0.18770534043226567,0.02473024479699893,0.024728268667397153
2000,1746,0.1983539389620419,0.02544189480344349,0.1983539389620419,0.025435533534484585,8.881784197001252e-16,0.01514523295289677,0.19959990763611934,0.025072161201102287,0.19959990763611934,0.025065892377101034,8.881784197001252e-16,0.01624788040008794,0.19678332174605728,0.025440375305856675,0.19956040527868157,0.025100152289344427,0.19983816923007974,0.02603589515049286,0.026042528134801343
2000,1747,0.17603532227238627,0.026137902580742074,0.17603532227238627,0.026131367288083168,1.7763568394002505e-15,0.015714171379816805,0.17728221299631175,0.025733663478278858,0.17728221299631175,0.025727229258031198,8.881784197001252e-16,0.015832997489516224,0.1768693072434226,0.026169424193631306,0.17727776410530133,0.025777501191884218,0.16873745333222767,0.025540803939664063,0.025546542892853134
2000,1748,0.16222715714392033,0.026466038702677774,0.16222715714392033,0.026459421365731563,8.881784197001252e-16,0.006284394048296086,0.16231753981941494,0.026387018396353375,0.16231753981941494,0.026380420816953742,1.7763568394002505e-15,0.006836188394945049,0.1635508786972128,0.02681295920349988,0.1623573967370351,0.026438913141479458,0.16156139909423062,0.025157167703122197,0.025296917279878078
2000,1749,0.16047768278594143,0.02577531012693618,0.16047768278594143,0.02576886549372457,8.881784197001252e-16,0.014563436872132367,0.16237455933739925,0.025510641405205262,0.16237455933739925,0.025504262947447048,1.7763568394002505e-15,0.014249915894441701,0.15968352185077228,0.026078813536543045,0.16237554016307604,0.025532750444795048,0.1640434250584218,0.024670144278668094,0.025023890707107768
2000,1750,0.16523725988090932,0.025155783655751867,0.16523725988090932,0.025149493923523093,8.881784197001252e-16,0.026731602999679655,0.16372226869374368,0.024822199798721342,0.16372226869374368,0.02481599347288393,8.881784197001252e-16,0.026214747889918073,0.16287662787373353,0.025078962571734927,0.1636475107709155,0.024854091956802944,0.16400712313204058,0.02501551681235658,0.025065431849966572
2000,1751,0.16545574797858537,0.025410785186904712,0.16545574797858537,0.025404431696322366,8.881784197001252e-16,0.019247221282274435,0.16519506264154576,0.025048642587021223,0.16519506264154576,0.025042379643408635,8.881784197001252e-16,0.01831115025038801,0.16606419943059564,0.025352350090092752,0.1650756971759108,0.025074806991575063,0.16667659319083844,0.02415869393996878,0.024117738724406788
2000,1752,0.11776477181986611,0.02618477543954089,0.11776477181986611,0.026178228427202136,1.7763568394002505e-15,0.010938650050849914,0.11845205538550707,0.025582995277852773,0.11845205538550707,0.025576598729364776,1.7763568394002505e-15,0.012707690589123839,0.11919336672099412,0.025877300991345928,0.11842605506805426,0.025620431600742778,0.11963250320362118,0.02491035415074129,0.025115709925774325
2000,1753,0.19053740012320686,0.026203115939736524,0.19053740012320686,0.026196564341699438,8.881784197001252e-16,0.008699844917437362,0.19073949632628157,0.026018547729746253,0.19073949632628157,0.02601204227953087,1.7763568394002505e-15,0.011634665126385904,0.1890047203017859,0.026354498951896472,0.19074953778097242,0.026068542233222764,0.19053960042849521,0.025793429064249848,0.025794950566001538
2000,1754,0.14474103331413457,0.02447744527387854,0.14474103331413457,0.02447132514744861,8.881784197001252e-16,0.005137537977067562,0.14614250553643487,0.024342750152272594,0.14614250553643487,0.024336663703833344,4.440892098500626e-16,0.005241865484543964,0.14747430702494768,0.024692506445385506,0.14591391505892404,0.02436019010411878,0.14593816632485068,0.024093967233140976,0.02430290486250225
2000,1755,0.18462393115632603,0.02707969534993065,0.18462393115632603,0.027072924579641063,8.881784197001252e-16,0.004956442519417695,0.18296907835267306,0.026843893604268025,0.18296907835267306,0.026837181791785496,8.881784197001252e-16,0.005032265195679075,0.18437331477493102,0.027409778151285282,0.18300078590070562,0.026925462894843218,0.17991545639887152,0.025294554641092676,0.025296565418278197
2000,1756,0.16043716014934362,0.026376930560105507,0.16043716014934362,0.026370335502980267,8.881784197001252e-16,0.0012135760130474714,0.15797705786123395,0.025872118003033483,0.15797705786123395,0.025865649164826844,8.881784197001252e-16,0.0011793056234176362,0.15801542894431037,0.026276789528133854,0.15790451505119812,0.02590662548021779,0.15878891407391443,0.02468790665443442,0.024721997608782912
2000,1757,0.15765178096381438,0.025296237795715867,0.15765178096381438,0.025289912945561818,8.881784197001252e-16,0.017228180715977245,0.1577835211377689,0.024990944868537892,0.1577835211377689,0.02498469635115843,8.881784197001252e-16,0.019972860514449506,0.1599512416775657,0.025268280420912916,0.15759758649051497,0.025023388996871055,0.15720306501428788,0.025461570233773788,0.025492511597664077
2000,1758,0.2064694500332338,0.026981931106689235,0.2064694500332338,0.026975184780516352,1.7763568394002505e-15,0.005543254223859051,0.20560800357769232,0.02690048771673629,0.20560800357769232,0.026893761753956635,3.552713678800501e-15,0.005179145852718817,0.20672551922050503,0.02715106196015389,0.20565342140441106,0.026987898908967013,0.20491244957931315,0.02565888244921832,0.025666965435786226
2000,1759,0.19190447885348838,0.025884313051509063,0.19190447885348838,0.02587784116415912,8.881784197001252e-16,0.015175156045419429,0.18888806599463315,0.025591457422501334,0.18888806599463315,0.025585058758212664,8.881784197001252e-16,0.013898779786220327,0.1887695113864583,0.025864783665432045,0.1888440755615992,0.025620627274056628,0.19079304086899884,0.02547030246634581,0.025514912137863
2000,1760,0.18096049347193693,0.02550305981261916,0.18096049347193693,0.025496683250496078,8.881784197001252e-16,0.009167258369208375,0.18092073122675456,0.02533337437876238,0.18092073122675456,0.02532704024330176,8.881784197001252e-16,0.009731093917395907,0.1802608765201828,0.02580025053306836,0.18086979161030797,0.025364140065911957,0.18221260545199636,0.025094384419909858,0.025004357409493846
2000,1761,0.19485478708220116,0.02545146583269956,0.19485478708220116,0.02544510217068418,8.881784197001252e-16,0.015113296355097986,0.192923813144246,0.02499825577823947,0.192923813144246,0.024992005432904058,8.881784197001252e-16,0.013939789403198953,0.1931569858906957,0.0251617164062975,0.19285909181020605,0.02501748588584092,0.19223056647888015,0.026008917503352033,0.025984789848123767
2000,1762,0.1845836323247096,0.026779528167796312,0.1845836323247096,0.026772832448684822,1.7763568394002505e-15,0.013692628030253553,0.18471512789026884,0.02644399945057618,0.18471512789026884,0.02643738762413189,8.881784197001252e-16,0.013037845871085607,0.18491268134762717,0.026836572106719317,0.18481078959338954,0.02650101486233844,0.18238061772591113,0.02582062895349625,0.025872280486555082
2000,1763,0.1912464677520634,0.02651412807227965,0.1912464677520634,0.026507498711487866,8.881784197001252e-16,0.004844779014193509,0.1949706341179273,0.026113014287881438,0.1949706341179273,0.026106485218073697,1.7763568394002505e-15,0.005111346893157305,0.1981432864850891,0.02630822788842083,0.19491165304700625,0.02617300361042829,0.19526933799845553,0.025400899869631472,0.02540265546521982
2000,1764,0.18325690848312504,0.027363306796250264,0.18325690848312504,0.027356465114234018,1.7763568394002505e-15,0.013562743873323685,0.1842398978783732,0.026811136003464592,0.1842398978783732,0.026804432381406198,8.881784197001252e-16,0.012355871084033835,0.18566589463523364,0.027042170328433618,0.18441099173533,0.026883152269638277,0.18482433141773563,0.026332910732571966,0.026336040784736496
2000,1765,0.16606801452531517,0.02636174949000943,0.16606801452531517,0.02635515822862624,8.881784197001252e-16,0.03005629057190521,0.16347954055041253,0.025998279144886793,0.16347954055041253,0.025991778762451172,1.7763568394002505e-15,0.02847360654038778,0.1627711350763288,0.02634795219482686,0.16351657070920683,0.026070947208454105,0.16625520689805395,0.027574598773812926,0.027351633504882688
2000,1766,0.1908665739442571,0.025487160902063065,0.1908665739442571,0.02548078831516459,8.881784197001252e-16,0.021322357769768884,0.19062282204201347,0.025163564553595145,0.19062282204201347,0.025157272875898702,1.7763568394002505e-15,0.02079649799605085,0.18734297167390235,0.025388761739423404,0.1905783238537665,0.02520750765639238,0.19032118282502625,0.025179899496572504,0.025186081462839523
2000,1767,0.18535212175088894,0.025799391628895704,0.18535212175088894,0.02579294097455587,1.7763568394002505e-15,0.014674764928473555,0.18203501498349772,0.025544782078793248,0.18203501498349772,0.02553839508479948,1.7763568394002505e-15,0.014369545323466843,0.18200336480619567,0.026033602390042133,0.18203957407437515,0.025594414311070922,0.18125903766214974,0.027198293992600618,0.027256919734171346
2000,1768,0.14663739247212504,0.026891049202889504,0.14663739247212504,0.026884325600033343,8.881784197001252e-16,0.014382692715493074,0.14710850406867404,0.026593831696700782,0.14710850406867404,0.026587182407511536,1.7763568394002505e-15,0.012171339777193192,0.14757045392788104,0.026843964998658064,0.14724981663040432,0.02663446181410791,0.15040164917842663,0.02519624923601671,0.02544086257631427
2000,1769,0.1966520277277078,0.026082942652037013,0.1966520277277078,0.02607642110107821,1.7763568394002505e-15,0.009874816504305871,0.19392671036687087,0.02578898553484798,0.19392671036687087,0.025782537482356933,8.881784197001252e-16,0.011248064496234873,0.19442043749326748,0.026040694846733933,0.19381369038936214,0.02583638481952247,0.19412205312221104,0.02499088450258477,0.02500199150127025
2000,1770,0.21786127465400223,0.02596144522991855,0.21786127465400223,0.025954954057113018,8.881784197001252e-16,0.015459497625906978,0.21854927170055016,0.02574298075289544,0.21854927170055016,0.025736544203037885,8.881784197001252e-16,0.016848257422762202,0.21781624576103792,0.026074851921578913,0.21847078744588183,0.02578127443260274,0.22384762351489002,0.025018164111261048,0.02514642924591577
2000,1771,0.18722691658513113,0.02602752675427936,0.18722691658513113,0.026021019059027175,1.7763568394002505e-15,0.015984459770177727,0.18503343757344587,0.025729494534180754,0.18503343757344587,0.025723061356299426,1.7763568394002505e-15,0.01668594656613288,0.18560228932667577,0.0260083103687615,0.1850906748156168,0.025763554039365574,0.183038395290747,0.02657058254027643,0.026600729147633357
2000,1772,0.1825444455454352,0.026205223808797737,0.1825444455454352,0.026198671683727498,1.7763568394002505e-15,0.0021817006282554363,0.1826643384801372,0.025685013316374027,0.1826643384801372,0.025678591260187542,1.7763568394002505e-15,0.0022606188698198193,0.180670896506138,0.025999940120406427,0.1826569348504672,0.02574070787218291,0.1816318061298844,0.024843606606769843,0.024854971184418675
2000,1773,0.19914096345141175,0.02515031256431439,0.19914096345141175,0.025144024200029494,8.881784197001252e-16,0.016446008034468888,0.1982418210631242,0.024979406013182732,0.1982418210631242,0.024973160380877782,8.881784197001252e-16,0.016467479919245676,0.197945129091614,0.025261482509679356,0.19809328068963694,0.025002200023476324,0.1972341968251905,0.02485760299041798,0.024869082425163502
2000,1774,0.20641407985348936,0.024993966859643408,0.20641407985348936,0.024987717586671704,8.881784197001252e-16,0.024835966213827883,0.20781144166528492,0.024711604786601327,0.20781144166528492,0.024705426112973904,8.881784197001252e-16,0.028608556572944303,0.21021324929064694,0.0250811929410486,0.20778044250134103,0.024723597458427844,0.20552164305278342,0.025483818689823808,0.025544534896758623
2000,1775,0.1354884058691031,0.026018344122836816,0.1354884058691031,0.02601183872352952,1.7763568394002505e-15,0.011388919402386984,0.13600780923618744,0.025942433459406392,0.13600780923618744,0.025935947040137755,8.881784197001252e-16,0.011726599021874342,0.1358226913661555,0.026448664787360996,0.13597210655853575,0.025975307320577016,0.13682992044665454,0.025601888132814138,0.025647628334081764
2000,1776,0.19222173710581808,0.026408394127655204,0.19222173710581808,0.02640179120365459,8.881784197001252e-16,0.01238229087029593,0.19307501832113366,0.02628080493386792,0.19307501832113366,0.02627423391115391,8.881784197001252e-16,0.012763498404087628,0.19291741386172578,0.026599647846912412,0.19311736892885828,0.026334345096104786,0.19655630717595984,0.024735418006918315,0.024735355222131803
2000,1777,0.16868107089145717,0.026172235553795904,0.16868107089145717,0.02616569167682055,8.881784197001252e-16,0.013716224851753956,0.1685355804662259,0.025892402281569738,0.1685355804662259,0.025885928371659424,8.881784197001252e-16,0.012956828536437766,0.16611837073094027,0.02626726949779268,0.16863858333163867,0.025945066485018178,0.16798512264213106,0.026595771666346996,0.026594551281139682
2000,1778,0.18684494133346918,0.025631377345169553,0.18684494133346918,0.025624968699652414,1.7763568394002505e-15,0.025335380157100507,0.18478311448830426,0.02507556782455864,0.18478311448830426,0.025069298148795043,1.7763568394002505e-15,0.02636963812397472,0.18526191528324792,0.025167922299878166,0.18485493297295497,0.025113049793840832,0.1819525130253934,0.02604257295314636,0.02604771918320723
2000,1779,0.19073703355637273,0.02601503315633167,0.19073703355637273,0.02600852858486949,8.881784197001252e-16,0.022734596743726798,0.19287017509865428,0.025753911524002374,0.19287017509865428,0.02574747224111037,8.881784197001252e-16,0.025593518537938977,0.19284348185552913,0.026140274834688507,0.1928978537347813,0.025795890370071753,0.193771001345869,0.02587899465440181,0.025877180531190563
2000,1780,0.16207984359748878,0.02571270290273802,0.16207984359748878,0.02570627392328942,8.881784197001252e-16,0.028365879925856506,0.16426177709140866,0.025412945503495595,0.16426177709140866,0.02540659147276658,1.7763568394002505e-15,0.02721829732725053,0.16602045206584226,0.02577532695514263,0.16430481772653038,0.02546198932488869,0.16434908491550843,0.02653176859212572,0.026452103517152617
2000,1781,0.15016098523738663,0.025570826405026472,0.15016098523738663,0.025564432899137055,8.881784197001252e-16,0.01554255694781215,0.151478747456761,0.02519279413029858,0.151478747456761,0.025186495144294305,8.881784197001252e-16,0.016592318296642008,0.15319011058327775,0.025585615078698328,0.151358155130753,0.025214274502672666,0.14882784938088045,0.02484458781334847,0.02491335113612918
2000,1782,0.21278848755601176,0.02596013236094351,0.21278848755601176,0.02595364151639626,1.7763568394002505e-15,0.005957828375236095,0.21258778299061665,0.02561401547561352,0.21258778299061665,0.02560761117110646,1.7763568394002505e-15,0.007382124814884141,0.2146850524960035,0.02609516400499935,0.21251512064878098,0.025668321617660077,0.21295151899386383,0.02579309085221872,0.025823037800275023
2000,1783,0.1795422360509693,0.025626426521857454,0.1795422360509693,0.02562001911420089,1.7763568394002505e-15,0.004273245382562099,0.18119465585158412,0.025327768390459464,0.18119465585158412,0.02532143565667115,1.7763568394002505e-15,0.003919217626983844,0.1806574677160599,0.025779161533092138,0.1811415068148356,0.025358807814255764,0.17908661001944687,0.025444183969696825,0.025559599567493464
2000,1784,0.1706999069223178,0.026307750531664977,0.1706999069223178,0.02630117277170926,8.881784197001252e-16,0.0250102891346167,0.17012105162475438,0.02615689032781315,0.17012105162475438,0.02615035028762396,1.7763568394002505e-15,0.027291035921542802,0.16951894171759613,0.026737218189122784,0.17020423390706735,0.02622113674796686,0.1695018566069017,0.02608550051698748,0.026044091544301554
2000,1785,0.14309716845714804,0.02518983141828947,0.14309716845714804,0.025183533173055803,8.881784197001252e-16,0.014295018845174586,0.1432981959438424,0.02512247383653196,0.1432981959438424,0.025116192432799188,8.881784197001252e-16,0.0167386904556344,0.14384179970781974,0.025422294801867282,0.1432820546245333,0.025143841441311914,0.14537127978745312,0.025500969362805707,0.025744037338615505
2000,1786,0.23045690919984663,0.025782449761858874,0.23045690919984663,0.025776003343515364,1.7763568394002505e-15,0.0035805001217922034,0.23056523787043587,0.02540098918333736,0.23056523787043587,0.02539463814206211,1.7763568394002505e-15,0.002802744620852588,0.2296155932046699,0.02573897541170659,0.230535362502151,0.02542895116665657,0.2287622803665365,0.025711992544865118,0.0253787663118715
2000,1787,0.20108256696244597,0.025234591454578875,0.20108256696244597,0.025228282017937035,1.7763568394002505e-15,0.013295902127932054,0.20149996105053752,0.025119031262400816,0.20149996105053752,0.02511275071941918,8.881784197001252e-16,0.013576200279444211,0.20238159631598496,0.02551880076274967,0.2014341854814104,0.025134124878217905,0.2034003824761726,0.024979810018467816,0.024916495336466532
2000,1788,0.1374154206817354,0.026072210698210918,0.1374154206817354,0.026065691830576027,8.881784197001252e-16,0.007794624417735933,0.13316273865788036,0.025662637462283144,0.13316273865788036,0.025656221000759597,8.881784197001252e-16,0.00871136844237234,0.13490610456936425,0.02601250021552151,0.1330240349752227,0.02571426300999828,0.13212825335858724,0.024352557342487185,0.024383164324051316
2000,1789,0.20355432426174008,0.028428077287537212,0.20355432426174008,0.028420969379615746,1.7763568394002505e-15,0.022735193575661988,0.20414235664127284,0.02786251632724011,0.20414235664127284,0.027855549827236918,3.552713678800501e-15,0.023343394297558048,0.20724895991674158,0.02841953469755814,0.20438462509242905,0.027967256777705285,0.2044891236003677,0.02683222610101432,0.027287096655482998
2000,1790,0.23626007063784787,0.025820373099481868,0.23626007063784787,0.02581391719911855,8.881784197001252e-16,0.009547112701464732,0.23618681722937052,0.025586640313570306,0.23618681722937052,0.025580242853709443,8.881784197001252e-16,0.010339137461219455,0.23672325640183522,0.025913325500491295,0.236049870284346,0.025600845435432718,0.23495975286600446,0.025019896688825382,0.02498600565561525
2000,1791,0.20368066764400883,0.02691003520030907,0.20368066764400883,0.02690330685036009,1.7763568394002505e-15,0.014553387326437522,0.206068066761265,0.02641900425471306,0.206068066761265,0.026412398677849027,1.7763568394002505e-15,0.012799957959338304,0.2039965643360418,0.026934279106910455,0.2061769886189338,0.026472308835221246,0.20847765012120556,0.02664056849821568,0.026921980432937132
2000,1792,0.10091432431781733,0.02541182816813136,0.10091432431781733,0.0254054744167711,8.881784197001252e-16,0.01796361829426189,0.09806844863534314,0.02512435102403486,0.09806844863534314,0.025118069150946536,8.881784197001252e-16,0.017530291655174644,0.09829733633723825,0.025380765918046742,0.09808707040612563,0.025143019017306277,0.09494976480887168,0.02475308102502556,0.024983135020725803
2000,1793,0.21201675418256238,0.027504649580640816,0.21201675418256238,0.027497772558510408,1.7763568394002505e-15,0.011265977820675361,0.2114810223961937,0.02728649565275807,0.2114810223961937,0.02727967317592865,1.7763568394002505e-15,0.011219511862681324,0.21295639336458205,0.028253565378913197,0.2116085875503544,0.027369079057117014,0.20759358017377766,0.025796689702056452,0.026029744858706117
2000,1794,0.176401993812199,0.026426874303656086,0.176401993812199,0.026420266759033823,8.881784197001252e-16,0.006165507658738869,0.17447911894661888,0.026131617130090583,0.17447911894661888,0.02612508340899081,8.881784197001252e-16,0.008546709849920656,0.17313637780942104,0.026435047679399346,0.1745059305345456,0.02617092167003294,0.17633566601908873,0.025897562891339765,0.025899829370075508
2000,1795,0.19805391301952252,0.02705042712871549,0.19805391301952252,0.027043663676396067,1.7763568394002505e-15,0.005871578964522849,0.19824180401927388,0.026701501130491617,0.19824180401927388,0.02669482492057841,8.881784197001252e-16,0.005052180903600278,0.19712727084601495,0.027324428978004467,0.19824522930689042,0.026764157650522345,0.19775946897314223,0.027007206985200052,0.02670849254369351
2000,1796,0.162026136166327,0.026401364083693188,0.162026136166327,0.02639476291742331,8.881784197001252e-16,0.022336762882463383,0.16102559722695642,0.025825111603112315,0.16102559722695642,0.025818654517974975,8.881784197001252e-16,0.018378090071716344,0.16484835426214522,0.02636572520490841,0.1610795118346956,0.025858564804525617,0.16010865146028708,0.02533492881881174,0.02542328271826054
2000,1797,0.18430784003728012,0.026160278620443678,0.18430784003728012,0.02615373773307542,8.881784197001252e-16,0.01090841730281341,0.18153529920149908,0.025929403304453702,0.18153529920149908,0.025922920143131103,8.881784197001252e-16,0.009967707871829375,0.1780410883844084,0.026228938924525734,0.18134066275643212,0.02596668678194355,0.18144267384459878,0.024793499185737002,0.02478862785529987
2000,1798,0.18813876947154046,0.025903191542357436,0.18813876947154046,0.025896714934794677,8.881784197001252e-16,0.025459825821342787,0.19030415398178013,0.025539786661348665,0.19030415398178013,0.0255334009163654,8.881784197001252e-16,0.027503836604440106,0.19179496114139677,0.026093017691845934,0.19031102471912298,0.025564864329458155,0.19012643383024447,0.025903823820823933,0.02586164485788916
2000,1799,0.1887368569499276,0.025170913265998397,0.1887368569499276,0.025164619750894148,8.881784197001252e-16,0.015285893699380068,0.19018739811043228,0.024921667133780637,0.19018739811043228,0.024915435938000333,8.881784197001252e-16,0.01906752783086485,0.19076638193403378,0.025126708703315397,0.18998487881379972,0.02493632721906866,0.18982721517610435,0.024642534476170236,0.024648083470320756
2000,1800,0.22206244645286766,0.025929886090741965,0.22206244645286766,0.0259234028087077,1.7763568394002505e-15,0.016669847485273864,0.2190500510548659,0.025440918883185573,0.2190500510548659,0.02543455785823724,8.881784197001252e-16,0.02034377413793237,0.21771231282252862,0.02593652949747244,0.2190830421881989,0.025481272138277593,0.2183518786825534,0.027008309789059725,0.027002513708332652
2000,1801,0.23644477500277117,0.026229149038225794,0.23644477500277117,0.02622259093110035,8.881784197001252e-16,0.017109017439221278,0.23636101720653047,0.0258638605907893,0.23636101720653047,0.02585739381719383,1.7763568394002505e-15,0.018354992478938542,0.23526781243093442,0.026004573496670035,0.23632937464440146,0.025915878919257465,0.23960417820137636,0.02598076532736273,0.02606188073444354
2000,1802,0.19186689944755558,0.02604596641501048,0.19186689944755558,0.02603945410926673,8.881784197001252e-16,0.014341061757079112,0.1922028832536377,0.025750813091855233,0.1922028832536377,0.02574437458366812,1.7763568394002505e-15,0.012727136180871497,0.1929209674568746,0.026142330949227688,0.19218470015917188,0.025792944621632015,0.18988804260673953,0.025944496453673464,0.025960734611233622
2000,1803,0.17932543163534354,0.02695476584033558,0.17932543163534354,0.02694802630632841,1.7763568394002505e-15,0.008532282296308938,0.18202869134854832,0.02671392471120015,0.18202869134854832,0.02670724539500343,1.7763568394002505e-15,0.00923655283009139,0.18441436184376298,0.027204863954137237,0.18213616032763885,0.026800477618519402,0.18197898484298664,0.02707379565414537,0.027163941576309875
2000,1804,0.1815245381327789,0.025886310400081908,0.1815245381327789,0.02587983801333239,8.881784197001252e-16,0.010728335025881849,0.18230011574318522,0.025523941648768946,0.18230011574318522,0.02551755986553411,1.7763568394002505e-15,0.010153990484270486,0.17925433601031648,0.02601019817074725,0.1821933253652644,0.025569254490233614,0.182220826922963,0.024874345673474074,0.024869129526372907
2000,1805,0.15100333104635022,0.024889287966116964,0.15100333104635022,0.024883064866140673,8.881784197001252e-16,0.018328952644058958,0.15077847219439605,0.024553295325523434,0.15077847219439605,0.02454715623420969,1.3322676295501878e-15,0.01946532559435369,0.14888138800932177,0.024913528945559465,0.1506200098928417,0.024566847864009315,0.15044809425420014,0.024950658226894976,0.025015446211729492
2000,1806,0.2142231570263985,0.02561743097643223,0.2142231570263985,0.025611025817943205,1.7763568394002505e-15,0.02279420497552003,0.2176750757115805,0.02549507416812023,0.2176750757115805,0.02548869960265789,1.7763568394002505e-15,0.024400217014908018,0.21477929147466596,0.025915966243415314,0.21767890973783732,0.025535670328724634,0.21780103455918348,0.026022963874356812,0.025979735564430208
2000,1807,0.23396673975735477,0.029828498933320142,0.23396673975735477,0.029821040876213113,8.881784197001252e-16,0.01728327602638307,0.23027496254475283,0.028621661163978938,0.23027496254475283,0.028614504854037357,8.881784197001252e-16,0.01802143052144729,0.22933610652080183,0.029717670093211083,0.23063454095590552,0.028913573863784892,0.22441515832167297,0.026589141236483968,0.03281294019813887
2000,1808,0.1506378568217397,0.02634475394338019,0.1506378568217397,0.0263381669314149,8.881784197001252e-16,0.009423365847724586,0.15058204861578595,0.02591045091285592,0.15058204861578595,0.025903972490223623,8.881784197001252e-16,0.010142799831822395,0.15262493783962172,0.026392404044305325,0.15067399618539878,0.025983078689701757,0.14901559032480316,0.02548941135328259,0.025394626759445146
2000,1809,0.16192602890055924,0.025691340041279143,0.16192602890055924,0.02568491640321367,8.881784197001252e-16,0.0028748343257928317,0.16169190815842038,0.025473182828342045,0.16169190815842038,0.025466813736398922,8.881784197001252e-16,0.0029379141055462733,0.1607159445612532,0.025810872016869796,0.16165914631881384,0.025520575445672697,0.1621863318180614,0.0251052597498846,0.02510914473756611
2000,1810,0.14637519377468966,0.02447492207859451,0.14637519377468966,0.024468802583042275,8.881784197001252e-16,0.006426606259037081,0.1467389953068846,0.02425527842568233,0.1467389953068846,0.02424921384790891,8.881784197001252e-16,0.007651742194411846,0.14564154018015235,0.02444614334253464,0.1465306805014061,0.02427152540789022,0.14555857551139156,0.02480284628568883,0.025046025295953935
2000,1811,0.16022276385306805,0.02543071115676364,0.16022276385306805,0.025424352684065985,1.7763568394002505e-15,0.040776459005384465,0.16055622432824856,0.025210495672870734,0.16055622432824856,0.02520419226092751,8.881784197001252e-16,0.039243648320660886,0.16167234619725152,0.025448749294240642,0.16056801776457064,0.02522926311448902,0.16130897907734792,0.026264992013664723,0.02636505820687575
2000,1812,0.15381088249934238,0.026020679781297493,0.15381088249934238,0.026014173798002572,8.881784197001252e-16,0.00817518191025173,0.15545180042230622,0.025680982612725167,0.15545180042230622,0.025674561564340583,1.7763568394002505e-15,0.009337992396212974,0.15226634479867374,0.026067291516127914,0.1554670899707914,0.025712931496682176,0.15543001007042712,0.02486068626202311,0.024950006852946835
2000,1813,0.18708599701647732,0.026140614248693676,0.18708599701647732,0.02613407827803302,1.3322676295501878e-15,0.011986045796311722,0.18731769764530676,0.025714663604714205,0.18731769764530676,0.025708234135028825,8.881784197001252e-16,0.014616624319331415,0.18898519605035857,0.026308143276155712,0.18706523243958556,0.025758033714634847,0.1891311299392246,0.025208899448897645,0.025201116767420383
2000,1814,0.2014614545871426,0.02796878157395624,0.2014614545871426,0.027961788504319747,8.881784197001252e-16,0.010044320162229281,0.19930823891620736,0.027675589082754953,0.19930823891620736,0.02766866932040582,8.881784197001252e-16,0.00892630459787304,0.1991210093094149,0.028372324463465076,0.19948921148539694,0.027822474043077968,0.19693077103969003,0.02784701855555624,0.027860483458069085
2000,1815,0.19323144788513757,0.02665942826724741,0.19323144788513757,0.02665276257686512,1.7763568394002505e-15,0.009389792982085426,0.19677587834305738,0.02639896277307499,0.19677587834305738,0.02639236220720783,8.881784197001252e-16,0.009351605296180877,0.1940632122224188,0.026586966129541555,0.19676063744477307,0.02644915406504006,0.196586098136162,0.02607379368834303,0.02610030469102428
2000,1816,0.1752421687499921,0.02628163442556547,0.1752421687499921,0.026275063195452614,1.7763568394002505e-15,0.0076149208454657,0.17773261509328842,0.026144382933056907,0.17773261509328842,0.026137846020107356,8.881784197001252e-16,0.007176390662017495,0.1745221893106484,0.026474514650858687,0.17771486852673063,0.02618470579889945,0.17648888115999628,0.02641480451247941,0.02641887883480864
2000,1817,0.17062802567388774,0.024770888151985138,0.17062802567388774,0.024764694655663305,8.881784197001252e-16,0.012693832818971377,0.17175262906265043,0.024631092972478282,0.17175262906265043,0.024624934429321017,8.881784197001252e-16,0.011541350296546899,0.17191364841122597,0.024906498466473193,0.17174962065051674,0.02465508881835143,0.17220666728884054,0.025439290283985228,0.025445512736106103
2000,1818,0.15839743140942214,0.026421138137348345,0.15839743140942214,0.02641453202694696,8.881784197001252e-16,0.020537717565465533,0.1542939217552713,0.0261647307672693,0.1542939217552713,0.026158188766725172,4.440892098500626e-16,0.022272134571808315,0.1535429918362558,0.026348215374353338,0.15426786746869742,0.026210203889127884,0.15232572168160996,0.02609279228415044,0.02616684224621234
2000,1819,0.17566217762384528,0.02565863720320469,0.17566217762384528,0.02565222174187095,8.881784197001252e-16,0.012809993747236601,0.17807653184920885,0.02547337705215373,0.17807653184920885,0.025467007911648586,8.881784197001252e-16,0.012845589554487032,0.17830021770002297,0.025711083425373798,0.17811772974873163,0.025509940795354503,0.1780186891651444,0.024807539893806407,0.024951839267490252
2000,1820,0.2033679114548546,0.029657999397401574,0.2033679114548546,0.029650583970507967,3.552713678800501e-15,0.0086384523393421,0.20194520835794932,0.028533251014520172,0.20194520835794932,0.028526116809879463,8.881784197001252e-16,0.009944002986082253,0.2001675807426913,0.029367079597245608,0.20227626163503326,0.028684310448742513,0.20111846375832532,0.027946602540905106,0.02883751165320214
2000,1821,0.1822900623762287,0.026877378740618896,0.1822900623762287,0.026870658555805605,8.881784197001252e-16,0.009530721702939372,0.18184041277833035,0.026575797526720932,0.18184041277833035,0.02656915274663789,8.881784197001252e-16,0.009800499589376004,0.18080134820752697,0.026635198994401654,0.1818747058846657,0.026626767180058335,0.18286945436755364,0.026906551155817762,0.02683444278411927
2000,1822,0.15696964790414653,0.024665526017179522,0.15696964790414653,0.024659358864684778,8.881784197001252e-16,0.011015405289250676,0.15475505224546926,0.024421399836387594,0.15475505224546926,0.0244152937230689,1.7763568394002505e-15,0.012839765264268702,0.15177670123625286,0.024461152267617397,0.15465506141006985,0.024439045773496898,0.15506455371150424,0.024467868976762203,0.024892718756872233
2000,1823,0.19316930624611967,0.02586652247127803,0.19316930624611967,0.025860055032129237,8.881784197001252e-16,0.0058758129631661556,0.1948890180257189,0.025619954739685848,0.1948890180257189,0.02561354895017712,8.881784197001252e-16,0.007042511224496853,0.1937466614419554,0.02599874053604724,0.19486673348929767,0.02563721754658196,0.1974942407103606,0.026858293460044296,0.026862809959926716
2000,1824,0.172232450274588,0.026003456792173904,0.172232450274588,0.02599695511516462,8.881784197001252e-16,0.01533773475763947,0.17112987408363772,0.02581515705816335,0.17112987408363772,0.025808702461973403,1.7763568394002505e-15,0.013024521751098483,0.17346403582453535,0.026290138859504233,0.17117711785482392,0.02585869140830003,0.1699674153126639,0.026329967400913437,0.02634826892282587
2000,1825,0.22309939922909627,0.029026571715011943,0.22309939922909627,0.029019314164775985,8.881784197001252e-16,0.010778850140940266,0.22197704455127354,0.02854834546204914,0.22197704455127354,0.02854120748332473,1.7763568394002505e-15,0.00978030627389078,0.22488764640390108,0.029689331226789243,0.22224715202172696,0.02872831564494057,0.22090043973595758,0.028004814083951557,0.028295547402241192
2000,1826,0.18365456127729862,0.02570365411522574,0.18365456127729862,0.025697227398256868,8.881784197001252e-16,0.0027670436854167323,0.18195654700406771,0.025388632274481248,0.18195654700406771,0.025382284322819457,8.881784197001252e-16,0.003092056616236814,0.17933193570053851,0.025763677263562785,0.1818845761600985,0.025424648872155585,0.1807625355836533,0.025407253210312196,0.02537749714421699
2000,1827,0.15245924928118398,0.02609979439857668,0.15245924928118398,0.026093268634154496,1.7763568394002505e-15,0.009140995673887403,0.15427158930402513,0.025946729057112355,0.15427158930402513,0.025940241563810022,8.881784197001252e-16,0.00928104414372688,0.154838864918023,0.026226705679939205,0.15419289931993818,0.02597607348604812,0.1554028750174023,0.02646105584663884,0.02642210698019072
2000,1828,0.16901274651362713,0.024755869782168986,0.16901274651362713,0.024749680040909047,8.881784197001252e-16,0.0051996322029405325,0.1688178174096478,0.024552740352597746,0.1688178174096478,0.024546601400044582,1.7763568394002505e-15,0.005254103301011221,0.1671195532021773,0.02476501706351753,0.16885692108523215,0.024587201090530968,0.16723680929503992,0.02472727892819733,0.02501325178258803
2000,1829,0.16057818378545646,0.025244622927207517,0.16057818378545646,0.025238310982383962,8.881784197001252e-16,0.014675936350011494,0.16333665501409494,0.025037896878542514,0.16333665501409494,0.02503163662169293,1.3322676295501878e-15,0.013794489195740797,0.16580223055643523,0.025441446555737688,0.16324595380761536,0.025062208011150118,0.16557306049935538,0.025134308192388828,0.025156644144974382
2000,1830,0.20374887903845407,0.027415206874818514,0.20374887903845407,0.027408352216160344,4.440892098500626e-16,0.013753307331389422,0.20514839961854592,0.02685751853661121,0.20514839961854592,0.026850803317469713,4.440892098500626e-16,0.015232268200248325,0.20777012920949628,0.027847905313309912,0.20512539796090218,0.026950949072936176,0.20582447661007663,0.02737981683911884,0.02740862456069449
2000,1831,0.18191501451086006,0.025813076705339624,0.18191501451086006,0.02580662262930291,1.7763568394002505e-15,0.011042059378085667,0.1823304457279527,0.025388431692825404,0.1823304457279527,0.0253820837913153,1.7763568394002505e-15,0.01027987745633559,0.18303653289603244,0.025708759216614325,0.1823141352638184,0.02542066083966899,0.1816009521790421,0.025423074973401103,0.0250615936321585
2000,1832,0.21448747187466216,0.025332769145862553,0.21448747187466216,0.025326435161729076,8.881784197001252e-16,0.010611249904440805,0.21482771158058134,0.02513554238659201,0.21482771158058134,0.025129257715313224,4.440892098500626e-16,0.009472006325746669,0.2154121907230106,0.02549894378226117,0.21470174258044605,0.02517194752232745,0.216296054378186,0.025944882075511204,0.026001652514374564
2000,1833,0.2015286851800071,0.026194286895569196,0.2015286851800071,0.026187737505069128,1.7763568394002505e-15,0.0023794609693450885,0.20031390939106786,0.025869447127066788,0.20031390939106786,0.025862978956662626,8.881784197001252e-16,0.0029068705280433636,0.20009501352787262,0.02599621238054638,0.20041017193175276,0.025903625684472832,0.19894921167632146,0.026373598118944897,0.025926395260779687
2000,1834,0.17591746938641817,0.02782131284395563,0.17591746938641817,0.027814356646111194,1.7763568394002505e-15,0.006264035513247246,0.1770719065761795,0.027488363916709536,0.1770719065761795,0.027481490966504166,8.881784197001252e-16,0.007769750594132687,0.1765042684573913,0.028234739779420513,0.17724922073988014,0.027583746902605243,0.1798428853761394,0.02821598064882093,0.028078333599765797
2000,1835,0.15509608038779732,0.0254752095407492,0.15509608038779732,0.025468839942064624,8.881784197001252e-16,0.014091238987354838,0.15958056433160034,0.02518292637614406,0.15958056433160034,0.025176629857386768,8.881784197001252e-16,0.015355311271957649,0.16250958752305772,0.025670550384617845,0.15953610414095276,0.025205590791551616,0.15970754807234605,0.025193642396775535,0.025268084342447334
2000,1836,0.17660216978364923,0.026172798386079273,0.17660216978364923,0.026166254368378262,1.7763568394002505e-15,0.010451822108752685,0.17561020093617324,0.02590978751009788,0.17561020093617324,0.02590330925333701,4.440892098500626e-16,0.013171437060931287,0.17573307249768277,0.02625340752277571,0.17559318211537228,0.025988033819705558,0.1765137782988263,0.026159989164999186,0.026178754818532223
2000,1837,0.1620879575267946,0.02572780061086301,0.1620879575267946,0.02572136785651546,8.881784197001252e-16,0.006869814793807752,0.16128064339052278,0.02561171407337208,0.16128064339052278,0.02560531034428752,8.881784197001252e-16,0.006416255567708964,0.16534994542827042,0.026044781793593,0.16120446606497563,0.025646309430457342,0.15907357940692357,0.024727173426905467,0.024752034599545534
2000,1838,0.1524207921667643,0.025649287232435723,0.1524207921667643,0.025642874108886937,8.881784197001252e-16,0.005388688441181017,0.15105568278088294,0.02532390662443838,0.15105568278088294,0.02531757485621228,8.881784197001252e-16,0.004752452335818603,0.14934109364064174,0.025553955956624998,0.1509200734358891,0.025360592337915728,0.15504551340424455,0.023941694855323947,0.024044975645447445
2000,1839,0.16821680177149628,0.026563738542511213,0.16821680177149628,0.026557096777551158,8.881784197001252e-16,0.01074320704588255,0.166754864726394,0.026152765220938443,0.166754864726394,0.02614622621215491,3.552713678800501e-15,0.010466957689758314,0.16717170823008848,0.026752299010380173,0.16670431539587155,0.026232426054467066,0.16683953691474085,0.0249794697356498,0.024997633175298177
2000,1840,0.18588386652425543,0.026304579485197804,0.18588386652425543,0.026298002518102825,8.881784197001252e-16,0.00978778611543512,0.18524439953556354,0.025850276261340382,0.18524439953556354,0.025843812884251888,1.7763568394002505e-15,0.010806370485024986,0.18590991994037787,0.026229166431600302,0.18521090835571363,0.025887985936267625,0.18353770860978774,0.025063812173891337,0.025024235150620962
2000,1841,0.2024443689209668,0.025357897573643835,0.2024443689209668,0.025351557306617954,1.7763568394002505e-15,0.027341732925979693,0.2023929811614087,0.025157368006787945,0.2023929811614087,0.02515107787842189,8.881784197001252e-16,0.02438952248110806,0.20466683503292715,0.02559933609491031,0.20235940697867755,0.025186147319250427,0.20185933053748345,0.02572511115737599,0.025687862442665473
2000,1842,0.166389929110918,0.024897024750557793,0.166389929110918,0.02489079971614356,8.881784197001252e-16,0.0088540239019501,0.16439720242452321,0.024609829513811618,0.16439720242452321,0.024603676287183667,8.881784197001252e-16,0.010695867675443987,0.16043366134113873,0.02490531183348148,0.16430375389235086,0.024622346004763786,0.1617176748866211,0.02551437816054037,0.025727754846060227
2000,1843,0.18902033479433877,0.026219933267676198,0.18902033479433877,0.02621337746478146,8.881784197001252e-16,0.007604734173882767,0.18802625320602745,0.025953259936004405,0.18802625320602745,0.025946770809778207,1.7763568394002505e-15,0.008411874380618035,0.18734513919025342,0.026313384029122172,0.187993406154622,0.025997151934982234,0.18752812161026916,0.02525259304787861,0.02524757384509035
2000,1844,0.21238488525273824,0.0278040245912202,0.21238488525273824,0.027797072715979334,8.881784197001252e-16,0.020364326259171478,0.21069865700243345,0.02680092719354703,0.21069865700243345,0.026794226124010223,3.552713678800501e-15,0.019179623513097446,0.21207619523201438,0.027262942345170783,0.21077366033734024,0.02691256264615438,0.20993721708741142,0.026962347471319672,0.02715711034768983
2000,1845,0.2220605430203636,0.026419222719141152,0.2220605430203636,0.02641261708765419,1.7763568394002505e-15,0.016359412368284896,0.22284350733277025,0.026162294381433776,0.22284350733277025,0.026155752990062255,8.881784197001252e-16,0.016952895277032778,0.2212648483227393,0.02645685281221634,0.22288317872605795,0.026229566696482062,0.22216766382830105,0.026243773025009177,0.026399509998197054
2000,1846,0.16980368818885339,0.025742495723423617,0.16980368818885339,0.02573605929483859,1.7763568394002505e-15,0.006392704134310995,0.17004787491264695,0.025351655748403982,0.17004787491264695,0.025345317042029518,1.7763568394002505e-15,0.005567694292984529,0.16865758300292755,0.02549366625644477,0.16998732697974422,0.025401144204165373,0.16989758698607915,0.025465710220605568,0.025456656032835433
2000,1847,0.19740225959072916,0.026848694497267418,0.19740225959072916,0.026841981484411578,8.881784197001252e-16,0.0061925260649891185,0.19811825426277468,0.026685896720670736,0.19811825426277468,0.026679224412347748,8.881784197001252e-16,0.007205333462637519,0.1947690526160067,0.026984939685979523,0.19815548529676819,0.026753024919442234,0.19856213316871296,0.026533835277412685,0.026627614452193468
2000,1848,0.16605872636332353,0.026568871155398913,0.16605872636332353,0.0265622281071252,1.7763568394002505e-15,0.002478852814936895,0.16580827146751348,0.025924731640265354,0.16580827146751348,0.025918249647004822,8.881784197001252e-16,0.003156144392267815,0.1602865350730009,0.026336019635318647,0.16575066116043297,0.025972203651396714,0.1670209895275413,0.025336469265374837,0.025352498962281537
2000,1849,0.15946509055840408,0.025781898658642454,0.15946509055840408,0.02577545237809197,1.7763568394002505e-15,0.018947456019017577,0.1586973495710673,0.025583176236141297,0.1586973495710673,0.02557677964240807,8.881784197001252e-16,0.015017482943118563,0.1559027667896939,0.025936156378178768,0.15858197561669368,0.02562183659884692,0.16307792342382466,0.024477559771502143,0.024579111328310276
2000,1850,0.1737844425207461,0.026745071823922988,0.1737844425207461,0.026738384719974504,8.881784197001252e-16,0.012433991758482404,0.17392073490175364,0.026353762486506515,0.17392073490175364,0.02634717322212386,1.7763568394002505e-15,0.013726202240766917,0.17179049887031528,0.026639755167783614,0.17408374141716498,0.026372139654844202,0.1760528295785837,0.025293236546657653,0.025536330385701942
2000,1851,0.18891725667730147,0.024401263288017814,0.18891725667730147,0.024395162209465637,8.881784197001252e-16,0.022069595194163027,0.185640841768915,0.024172367910121374,0.185640841768915,0.024166324062568436,1.7763568394002505e-15,0.020477930259289998,0.18559033357990984,0.02443768131162815,0.185450169790166,0.024200551227116607,0.1873507084653812,0.024596235468636166,0.024593994428212175
2000,1852,0.18864455954236736,0.026507291944785873,0.18864455954236736,0.02650066429323965,1.7763568394002505e-15,0.009597482761351396,0.18725200484468263,0.026080484854820684,0.18725200484468263,0.026073963918388007,1.7763568394002505e-15,0.009869683693430815,0.18757384990653259,0.026477169373642296,0.18731890566437392,0.02613185696990185,0.18737647836087046,0.027183979319119325,0.027228823236450345
2000,1853,0.16309145704941702,0.02621063276345022,0.16309145704941702,0.026204079285972248,1.7763568394002505e-15,0.0190104121933736,0.16165329557779484,0.025727499488065027,0.16165329557779484,0.025721066809007594,8.881784197001252e-16,0.021072765418459417,0.16106267791608425,0.02608574035370695,0.1616507366080132,0.025756036318831166,0.16380921910087337,0.025760076173254383,0.02594118186989752
2000,1854,0.17837321333105355,0.026084189777429278,0.17837321333105355,0.026077667914650143,8.881784197001252e-16,0.009418766639028436,0.1804868140605413,0.02579251101996226,0.1804868140605413,0.025786062085989735,8.881784197001252e-16,0.007915879689150434,0.18177348381333858,0.02628153410334046,0.18034652335116785,0.025838095143601057,0.18180049719681063,0.02547628883243049,0.02549194638026127
2000,1855,0.2140629870036666,0.025999712129518043,0.2140629870036666,0.025993211388791473,8.881784197001252e-16,0.015595495028394914,0.21423128811805925,0.025748487026298592,0.21423128811805925,0.025742049099700577,8.881784197001252e-16,0.014544207530197188,0.21107747784511183,0.026176184638337156,0.21408445074529026,0.025775325129058266,0.21668795184111933,0.025943359692793388,0.025809699387671522
2000,1856,0.17998931990873485,0.029277977434221437,0.17998931990873485,0.029270657024697277,8.881784197001252e-16,0.0049036687977283685,0.1771076110681648,0.028200483978842984,0.1771076110681648,0.028193432976362762,8.881784197001252e-16,0.005195071492788588,0.17778223368735252,0.02875323575263827,0.17714335370919526,0.028363765654773523,0.17334182635713352,0.025760350534723534,0.025712613942033363
2000,1857,0.18219420567635825,0.02463747669211955,0.18219420567635825,0.024631316552832832,8.881784197001252e-16,0.0280067706375312,0.1834393200624279,0.02445259091491016,0.1834393200624279,0.024446477002846873,8.881784197001252e-16,0.023811557389591557,0.1809386957343332,0.02481501497459357,0.18351165642761347,0.024459064155388708,0.18130035078465823,0.025185733333179423,0.025524807957795933
2000,1858,0.21853625964428652,0.026644307922581215,0.21853625964428652,0.026637646012757723,1.7763568394002505e-15,0.014285634163083094,0.2179681705389857,0.0263831302780164,0.2179681705389857,0.02637653367076789,8.881784197001252e-16,0.01587817005187264,0.21633714049341252,0.02668889663428896,0.21788737654245643,0.026449923532956755,0.21759449279872256,0.025589428257308738,0.02560148673715618
2000,1859,0.23030810497487764,0.029654523942213507,0.23030810497487764,0.029647109384292332,8.881784197001252e-16,0.01754952499428255,0.23078541172836303,0.02878278212242649,0.23078541172836303,0.028775585527209005,1.7763568394002505e-15,0.014922445370227449,0.2331520213937392,0.029744482459081983,0.23103733622470174,0.028952753247612564,0.23167017269399776,0.02762134387095478,0.028389512928169384
2000,1860,0.19241796364520602,0.024721983749998403,0.19241796364520602,0.024715802481305706,8.881784197001252e-16,0.00440125727011293,0.1916328464356047,0.024463427010705842,0.1916328464356047,0.02445731038927989,8.881784197001252e-16,0.004145729617318232,0.1913828550425578,0.02476079352934096,0.19157336150912008,0.024479998446320705,0.19125586014889057,0.024568436667835133,0.024555812059542895
2000,1861,0.18581498139839914,0.026401187181884073,0.18581498139839914,0.02639458605984518,8.881784197001252e-16,0.009292002181038258,0.1837661271330776,0.02587598523957395,0.1837661271330776,0.0258695154344373,8.881784197001252e-16,0.009784894008515019,0.18474923989925596,0.026285963201266995,0.1837461662119993,0.025916957283870504,0.18146489212159977,0.02594061496735463,0.025944559394945665
2000,1862,0.16777924297057223,0.02632792044073299,0.16777924297057223,0.026321337637669542,1.7763568394002505e-15,0.01975750617984991,0.16838520531203932,0.0260486346748981,0.16838520531203932,0.026042121702005972,1.7763568394002505e-15,0.017974816808696878,0.16925083901832233,0.02644755550285261,0.16835094671111384,0.026094211693422752,0.16654503307829405,0.025417327152179318,0.025369968489051063
2000,1863,0.2059248205363689,0.026597102762117644,0.2059248205363689,0.026590452655059795,1.7763568394002505e-15,0.00883788177675285,0.20487025320433166,0.02626414049221304,0.20487025320433166,0.02625757363613034,8.881784197001252e-16,0.00992987423837157,0.20532860809619913,0.026572770799020342,0.20489417888964423,0.026310644569925334,0.20418612888641652,0.025774492316060212,0.025800969856786055
2000,1864,0.16589375659238437,0.02521534349040871,0.16589375659238437,0.02520903886635957,1.7763568394002505e-15,0.0013382355720873579,0.16374749373699982,0.024813260486114482,0.16374749373699982,0.02480705639538465,1.7763568394002505e-15,0.0012437285342158369,0.16548319012950324,0.02514305036542596,0.16369135461792855,0.024848230248006503,0.16751365588851935,0.024327003949095587,0.024401174332883503
2000,1865,0.15603364298218042,0.025362610880186716,0.15603364298218042,0.025356269434686874,1.7763568394002505e-15,0.008613556323613866,0.1552951484305612,0.02499254862155806,0.1552951484305612,0.02498629970319021,8.881784197001252e-16,0.008147684584688848,0.1525347089253205,0.025297989187773432,0.1551452332565907,0.025007492487559884,0.15210436064383231,0.025053633582301654,0.02517377543715708
2000,1866,0.1862858265031483,0.025893261396149024,0.1862858265031483,0.02588678727143321,8.881784197001252e-16,0.01940301863143754,0.18716934903641197,0.02545320686877282,0.18716934903641197,0.025446842771443996,8.881784197001252e-16,0.021534008283605622,0.18968988028445166,0.025799249455054907,0.18728252533138484,0.025500172903746118,0.1832858483921817,0.02640717515388664,0.026232293315064083
2000,1867,0.1900360351386572,0.026822394998488996,0.1900360351386572,0.02681568856132991,8.881784197001252e-16,0.012093696183271378,0.19026955980686222,0.026645342639046322,0.19026955980686222,0.026638680470511367,8.881784197001252e-16,0.01030962046242145,0.19236683223669615,0.027044324792910985,0.19032556659453842,0.026715824664423335,0.19172195659313562,0.026644562396744665,0.026645217989096415
2000,1868,0.15653208196339619,0.02516353230894905,0.15653208196339619,0.02515724063931478,8.881784197001252e-16,0.0057405079171694955,0.15743578890603382,0.024968132910716014,0.15743578890603382,0.024961890097039054,1.7763568394002505e-15,0.00550577713460404,0.15803858714027563,0.025427887807167086,0.15745267377826533,0.02499986651264629,0.1575244563532659,0.025527251116616405,0.025575245552895795
2000,1869,0.18310138951613242,0.026323560388735463,0.18310138951613242,0.0263169786758213,1.7763568394002505e-15,0.004960771362775465,0.1824980954579768,0.026017574751006238,0.1824980954579768,0.02601106954406595,8.881784197001252e-16,0.004422411446869312,0.18223708851079984,0.026307285780551654,0.18238215309308908,0.026066870017627804,0.18635750450168231,0.02557694874763709,0.02566058949183009
2000,1870,0.2312877414105307,0.025578773700655467,0.2312877414105307,0.025572378207693727,1.7763568394002505e-15,0.01839388603887493,0.22853652976601957,0.025349111363727285,0.22853652976601957,0.025342773293528523,8.881784197001252e-16,0.01786453434713514,0.22900409294666485,0.025885826330894892,0.22862437639002547,0.025397459159800347,0.2278947914884809,0.02673227715633278,0.026682197177232775
2000,1871,0.13261648274645083,0.02544860186850462,0.13261648274645083,0.025442238922569808,8.881784197001252e-16,0.02102430718374891,0.1368391396808541,0.02521443232194559,0.1368391396808541,0.025208127925717045,8.881784197001252e-16,0.026736518607191256,0.13841258136982676,0.025477100737437686,0.13684705374442618,0.025261446828638602,0.13844937812366737,0.02614328597524917,0.02601042399443944
2000,1872,0.1773221496825796,0.0259546270439646,0.1773221496825796,0.025948137575918684,8.881784197001252e-16,0.0023983869583231524,0.1784886831703691,0.025639102838037577,0.1784886831703691,0.025632692260905733,8.881784197001252e-16,0.0025145393646093988,0.18133042101860025,0.02595646804505383,0.1784523820411134,0.02568085117385935,0.17741964992194387,0.026253021570716326,0.02628928354416087
2000,1873,0.1899376382356971,0.026266188851650146,0.1899376382356971,0.02625962148341356,1.7763568394002505e-15,0.022094223545944494,0.1905313562220664,0.0256422202686383,0.1905313562220664,0.025635808912051364,1.7763568394002505e-15,0.024353606927962214,0.18973878936052485,0.025809505096974297,0.1906452652239775,0.02568462631955165,0.19072378060973993,0.026793937726653474,0.026865645485061318
2000,1874,0.1786531113169577,0.025734413009916447,0.1786531113169577,0.025727978602262443,8.881784197001252e-16,0.01799737048115592,0.17932316966633782,0.025465143834285844,0.17932316966633782,0.02545877675234252,8.881784197001252e-16,0.019502836051706395,0.18047082124619024,0.025721475491616196,0.17933045223987726,0.025483039179752608,0.17828087629361816,0.02577951407359385,0.025709270684018033
2000,1875,0.20403234596204645,0.025935847478225693,0.20403234596204645,0.025929362705658213,1.7763568394002505e-15,0.00955789103237952,0.20376124278419183,0.025800200287742384,0.20376124278419183,0.02579374943121256,8.881784197001252e-16,0.011035362667854686,0.20400273476274156,0.026256182892182248,0.2037748915662691,0.02584565935861306,0.20464903392217526,0.02737960320750087,0.027334719604343877
2000,1876,0.18812911417808315,0.02608201449040736,0.18812911417808315,0.02607549317151797,8.881784197001252e-16,0.027001923269180272,0.18891946152551575,0.02577345268374802,0.18891946152551575,0.025767008514955263,1.7763568394002505e-15,0.02864154368317821,0.1909169176440041,0.02612826669843174,0.1889596046315567,0.02581056715833439,0.19052395638158331,0.02668181465811491,0.026678854131752812
2000,1877,0.20962711899457354,0.02879015381605416,0.20962711899457354,0.028782955377682846,3.552713678800501e-15,0.028612954749585615,0.21275867300294926,0.02852263396838251,0.21275867300294926,0.028515502418335205,3.552713678800501e-15,0.03253828179748834,0.21689519845284927,0.02953337791053864,0.21304099885333955,0.028662127085600436,0.2176303725516096,0.030080880430271708,0.03226339485959278
2000,1878,0.196916643390057,0.02623009156185682,0.196916643390057,0.026223533219071005,8.881784197001252e-16,0.01613442992856103,0.19656167516539713,0.025569923271367208,0.19656167516539713,0.025563529991289437,8.881784197001252e-16,0.014183415019768312,0.19542660120412159,0.025827008188045102,0.19639167081285075,0.025593945216630075,0.20056222814528618,0.02574315241015538,0.02570262732743759
2000,1879,0.17290803693578427,0.02552902106524796,0.17290803693578427,0.02552263801200023,8.881784197001252e-16,0.016475291268135822,0.17378041017509926,0.025366838469251345,0.17378041017509926,0.025360495966722095,3.552713678800501e-15,0.021106735667179306,0.1727347264762667,0.025701535517499628,0.1737547523254016,0.025396350578702636,0.17434838242155748,0.024933938362036563,0.025057620409139194
2000,1880,0.151084612710221,0.025280700639012624,0.151084612710221,0.02527437967363341,1.7763568394002505e-15,0.01652144351410421,0.15313574464704938,0.02492957705712597,0.15313574464704938,0.02492334388361758,1.7763568394002505e-15,0.013899475246551085,0.1535407454965826,0.025358183913107117,0.15307481070022055,0.024964262668790184,0.1529736673159245,0.025413550392734297,0.025501144023709964
2000,1881,0.19666961424334767,0.025616808451304672,0.19666961424334767,0.025610403448466382,8.881784197001252e-16,0.018954950959214456,0.19612808576737267,0.025368581473721823,0.19612808576737267,0.02536223853538697,1.7763568394002505e-15,0.01978050443606888,0.19502802585075174,0.02562953641454212,0.19610917330921962,0.025408993783288505,0.19566466259337872,0.025659586865188166,0.025698867836476492
2000,1882,0.1646623278716921,0.026146402028811466,0.1646623278716921,0.026139864611024865,8.881784197001252e-16,0.00593707241151055,0.16357828888342973,0.025956939245999518,0.16357828888342973,0.025950449199830812,1.7763568394002505e-15,0.00622214128188569,0.16499390013589843,0.026300612780401127,0.16352382239989588,0.026000795868798873,0.16209975269722954,0.02505807257744065,0.025132703417856856
2000,1883,0.17145089777981987,0.024205746821577948,0.17145089777981987,0.0241996946282538,8.881784197001252e-16,0.008162401427133547,0.1739954539372774,0.023983081688413045,0.1739954539372774,0.02397708516833221,4.440892098500626e-16,0.009166406347697489,0.17363150891113505,0.024247241432780346,0.173848627709833,0.023994884130986993,0.17250281750182905,0.024131967004480347,0.024182850545182873
2000,1884,0.17148308099737025,0.02671844729017704,0.17148308099737025,0.02671176684319422,8.881784197001252e-16,0.004965295612638832,0.17392720185778232,0.026274332404913742,0.17392720185778232,0.02626776300053429,8.881784197001252e-16,0.004083958801630731,0.17339662530563388,0.026578103276623515,0.17393192601040947,0.026299963257930287,0.1759758049118496,0.024628980909523677,0.024827539660789422
2000,1885,0.18187869215978214,0.027350056273023306,0.18187869215978214,0.02734321790405205,1.7763568394002505e-15,0.004512996712274919,0.18096839896917732,0.026992434754989712,0.18096839896917732,0.026985685802576428,1.7763568394002505e-15,0.004380392331292276,0.18112813473545153,0.027602398639630675,0.1811508520224671,0.027070349748595318,0.1809760079846841,0.025419657198952117,0.02549414780392587
2000,1886,0.22177011962028348,0.0272647323436844,0.22177011962028348,0.02725791530836252,1.7763568394002505e-15,0.004419451470379336,0.22200792688250687,0.02689928960504744,0.22200792688250687,0.026892563941833154,1.7763568394002505e-15,0.005023219395012985,0.2229697019448985,0.02703991057488015,0.22212220418939088,0.02700892494053441,0.21930732279725534,0.025973469609265463,0.026471671987382737
2000,1887,0.22602833418145535,0.032447414122552434,0.22602833418145535,0.03243930125478653,7.105427357601002e-15,0.015713459730807164,0.22795912594918766,0.031046770006459126,0.22795912594918766,0.03103900734350332,1.7763568394002505e-15,0.01183249753644053,0.2273502843995152,0.03158295257173715,0.22838793113800743,0.031326167426916296,0.22633510130693696,0.02908473578413065,0.03078761090346616
2000,1888,0.22873664888719647,0.02746712870730701,0.22873664888719647,0.027460261066567754,3.552713678800501e-15,0.012567520021422947,0.228583452634538,0.02685941298431021,0.228583452634538,0.026852697291497567,1.7763568394002505e-15,0.011714226389582721,0.2278852535640568,0.028136744728252304,0.2285928968000781,0.026959547012094083,0.22813827530645836,0.025893090633791218,0.026118428767892457
2000,1889,0.17728920360768818,0.025863265225278778,0.17728920360768818,0.025856798600543303,1.7763568394002505e-15,0.012941212596823187,0.17623540096554857,0.025772952340064065,0.17623540096554857,0.025766508296372875,1.7763568394002505e-15,0.011927782047635548,0.17721040426152834,0.026297018713459193,0.1762119771224962,0.025821280071560492,0.17680729758643754,0.02460333595262789,0.024606739442222653
2000,1890,0.20413872608849787,0.026725963436143273,0.20413872608849787,0.026719281109889016,1.7763568394002505e-15,0.016859378799972066,0.20300479029522012,0.026545244786424723,0.20300479029522012,0.026538607645481764,8.881784197001252e-16,0.01802305716747422,0.202155223727168,0.02711341569282213,0.20309219172336096,0.02659880854395394,0.20547366835005598,0.025761099554740333,0.025759484827089413
2000,1891,0.1800460149235732,0.025712827150124587,0.1800460149235732,0.025706398139610263,1.7763568394002505e-15,0.016421717130953375,0.17912350301418212,0.025346194455936184,0.17912350301418212,0.02533985711505555,8.881784197001252e-16,0.01773226080690927,0.1793603406877195,0.025564513832438508,0.17899099731622253,0.025369320365079818,0.17829185354419969,0.025288937552501965,0.02537664415692722
2000,1892,0.15589336050440078,0.0261235901668114,0.15589336050440078,0.02611705845270335,8.881784197001252e-16,0.014461470041816391,0.15611106891512566,0.025646601471597825,0.15611106891512566,0.025640189019573198,4.440892098500626e-16,0.01243531866178035,0.15695484433236462,0.025894260046684055,0.1561327447012682,0.025682797162066867,0.15665787231263079,0.025748366601504077,0.025848193857482164
2000,1893,0.2074890105544424,0.026483222692258456,0.2074890105544424,0.026476601058777714,1.7763568394002505e-15,0.0036558179354732306,0.20501383877358403,0.026330183671699394,0.20501383877358403,0.02632360030275746,1.7763568394002505e-15,0.004298000266582567,0.20295689115035925,0.026471687720606492,0.20499584281777705,0.0263937810030671,0.2064559141858382,0.025083567504797174,0.025066562424433392
2000,1894,0.1768058699103331,0.025366084871517675,0.1768058699103331,0.025359742557411406,8.881784197001252e-16,0.013409197844415256,0.17443180272149106,0.024979540754069142,0.17443180272149106,0.02497329508807476,8.881784197001252e-16,0.01696578384096512,0.1731250904572395,0.025291896997743507,0.17429748408244955,0.024995773012811667,0.17550413310145058,0.024051902195914764,0.024158198186868644
2000,1895,0.17627935430736008,0.028440881063696178,0.17627935430736008,0.028433769954430456,3.552713678800501e-15,0.006491979531823351,0.17638009000063593,0.028288846714410745,0.17638009000063593,0.028281773618484603,8.881784197001252e-16,0.007444686542651458,0.17902868545773276,0.02919481234874377,0.17650712727212037,0.028451822017087538,0.17517483300958797,0.02719769364098191,0.027311243846079906
2000,1896,0.19950406972159823,0.02572441947148957,0.19950406972159823,0.025717987562532553,8.881784197001252e-16,0.018524811291953318,0.1998596210769843,0.025487172152393708,0.1998596210769843,0.025480799562682295,8.881784197001252e-16,0.02093270264883054,0.19922906708689803,0.025667447239065326,0.19974279706036047,0.025521644470721947,0.199797734627516,0.025301163023272094,0.025278753580398258
2000,1897,0.21596981315014108,0.025359042218083112,0.21596981315014108,0.02535270166486034,1.7763568394002505e-15,0.008790193838652162,0.21619936556734615,0.025087021837544944,0.21619936556734615,0.02508074929792007,8.881784197001252e-16,0.011028360823794481,0.21706031907244583,0.025248366297665522,0.21628743190739896,0.025132124648521773,0.216575139109689,0.025591078767373536,0.025730545882608775
2000,1898,0.16860678275720808,0.025544095051326314,0.16860678275720808,0.02553770822911088,8.881784197001252e-16,0.017590613378674846,0.17020537434411925,0.02520647972388792,0.17020537434411925,0.025200177316057473,8.881784197001252e-16,0.018946896911529724,0.16962377455745592,0.025374412089679173,0.1702551793364872,0.02525157110550481,0.17351582024462603,0.025792663736369993,0.025886057856754827
2000,1899,0.16616037857774796,0.02555375959946559,0.16616037857774796,0.025547370360811034,1.7763568394002505e-15,0.01561553716674179,0.1651287762734378,0.02527044422679329,0.1651287762734378,0.02526412582583772,8.881784197001252e-16,0.015230099959486163,0.16607219785919408,0.025712749489000184,0.1651863148627521,0.025308231598258422,0.1661655324202279,0.025906394401939113,0.025929868130574015
2000,1900,0.21445659271952333,0.02703149583176541,0.21445659271952333,0.027024737112861977,3.552713678800501e-15,0.01809323897133936,0.21107898144728454,0.02679911393058848,0.21107898144728454,0.026792413314424085,8.881784197001252e-16,0.018674707732790938,0.21200657676649692,0.027041425496800248,0.21113960695763367,0.026890059867514565,0.21170591840360264,0.026027849310043934,0.02642632716962984
2000,1901,0.11203263575651673,0.02745261768894039,0.11203263575651673,0.027445753676409307,3.552713678800501e-15,0.015639933090118758,0.11152643263094286,0.026626465311755807,0.11152643263094286,0.026619807863142744,8.881784197001252e-16,0.016373089648144303,0.11060675346813426,0.027936803982066747,0.11161678206850845,0.026704614738318533,0.11458130186862941,0.027016988082689774,0.026955730093410905
2000,1902,0.15899529824397796,0.026089403923615934,0.15899529824397796,0.02608288075713727,1.7763568394002505e-15,0.010946525779485785,0.1607169221113442,0.0258823117348023,0.1607169221113442,0.025875840347844084,1.7763568394002505e-15,0.010170085609608895,0.16069019093944126,0.026283035101129712,0.16075472790986872,0.025931242745795953,0.15986038367011218,0.025472892850356088,0.025456532639078783
2000,1903,0.17900996129087138,0.02533463921171996,0.17900996129087138,0.025328304760011564,8.881784197001252e-16,0.017083073395988677,0.1820717831305525,0.025005102634761394,0.1820717831305525,0.024998850577497834,8.881784197001252e-16,0.014022649944644701,0.1819955545508773,0.02521395483524412,0.18204341083475012,0.025038624091920744,0.18247932372437276,0.024743889260637253,0.02471138624926292
2000,1904,0.1546419172245771,0.02533533015403829,0.1546419172245771,0.025328995529572716,8.881784197001252e-16,0.01692779065171986,0.15678352059476974,0.025058601876217414,0.15678352059476974,0.02505233644247122,8.881784197001252e-16,0.01593359522107231,0.15642533916018242,0.02536659538032446,0.15667846055836365,0.025101139377878688,0.1565982635593034,0.02502410647173914,0.025065020567007726
2000,1905,0.23822663742549732,0.025108069471941972,0.23822663742549732,0.025101791669750594,8.881784197001252e-16,0.01534025519140477,0.2405514720922466,0.024886909905739968,0.2405514720922466,0.024880687400353103,1.7763568394002505e-15,0.015978390037037743,0.24106392665782533,0.02505635161990059,0.24024436236651675,0.02492582988906082,0.23897124764334948,0.025178006040520867,0.025277041996865802
2000,1906,0.20950147071268627,0.025325370432075986,0.20950147071268627,0.025319038297852224,8.881784197001252e-16,0.010605145825452881,0.20855565075776167,0.024902377264086287,0.20855565075776167,0.024896150891376364,8.881784197001252e-16,0.0100840009327703,0.2070342006786684,0.025207546139146664,0.20856271420820188,0.024947326801430095,0.20931036479283177,0.024865872504045816,0.024773946971898428
2000,1907,0.1645194319425981,0.026466901131634975,0.1645194319425981,0.026460283579054566,8.881784197001252e-16,0.012641341823035298,0.16397479458916886,0.026283944320110633,0.16397479458916886,0.026277372512451932,8.881784197001252e-16,0.013029178278663301,0.16353995825169265,0.02678978612131956,0.16394160434769933,0.02633997369406893,0.16173772814722198,0.02625701847820859,0.02627903737279713
2000,1908,0.15957037205043795,0.025210684554172694,0.15957037205043795,0.02520438109500324,8.881784197001252e-16,0.009967047000101013,0.15951610866811017,0.02487582385462554,0.15951610866811017,0.024869604121097982,8.881784197001252e-16,0.010179411548950206,0.1563466692616085,0.025123076895028556,0.15937419488218896,0.02490300908766167,0.16237565869608184,0.02446906061042692,0.02478750163227296
2000,1909,0.2504420691210531,0.0256030779479036,0.2504420691210531,0.025596676378120353,1.7763568394002505e-15,0.012532897557232237,0.25158211449939644,0.02542708853162996,0.25158211449939644,0.025420730964701824,1.7763568394002505e-15,0.013558892655270466,0.2560318420624898,0.026006076799156896,0.2514770445205991,0.025474758720776054,0.2537560876519205,0.025516662173380035,0.025342176081655954
2000,1910,0.1596299243353569,0.02624016393850425,0.1596299243353569,0.026233603077309438,1.7763568394002505e-15,0.01522784045383288,0.16207703873365714,0.02592360692952229,0.16207703873365714,0.025917125217474603,8.881784197001252e-16,0.014544760266474105,0.15753418726322127,0.02650405422753178,0.16199876574776062,0.025968263986080497,0.16227725543901778,0.025675886214447278,0.025685692207079797
2000,1911,0.18846408921279445,0.025563232474855747,0.18846408921279445,0.025556840867686243,8.881784197001252e-16,0.024059062771265547,0.18925152708219828,0.02530250263177731,0.18925152708219828,0.025296176215218416,8.881784197001252e-16,0.02131658994445213,0.18412165130151364,0.02567137575742848,0.18915149301549294,0.025317442902532346,0.18925708904414906,0.02514591124397681,0.025130297240313088
2000,1912,0.19536749599822045,0.025737002131594123,0.19536749599822045,0.02573056707657877,8.881784197001252e-16,0.03415697148084701,0.1977766525910304,0.02532676114848118,0.1977766525910304,0.025320428666534847,8.881784197001252e-16,0.029711731109792874,0.19681707055817022,0.025567312831650882,0.1977281786252857,0.025358234910638495,0.19523794792221139,0.026784782450279897,0.02665884331939186
2000,1913,0.17326663280041676,0.025356045267354174,0.17326663280041676,0.025349705463462765,1.7763568394002505e-15,0.016903125748827637,0.1713447402639402,0.025172133767502648,0.1713447402639402,0.025165839947234876,1.7763568394002505e-15,0.018623422839877543,0.17271129043233413,0.02538620313049462,0.17124122160465033,0.025193527556507483,0.17008154735898995,0.024979298818186592,0.025034910055163236
2000,1914,0.20329354555200846,0.026064732458624028,0.20329354555200846,0.026058215460782786,1.7763568394002505e-15,0.015449263171182144,0.20104835592351855,0.025764671007545332,0.20104835592351855,0.02575822903444613,8.881784197001252e-16,0.0147441361303359,0.2023081621984576,0.02602721034745456,0.20106350630362302,0.025804751314476366,0.20146488604534762,0.026085256731808285,0.02609769282359247
2000,1915,0.19085649024668377,0.025238168653712544,0.19085649024668377,0.025231858322659114,8.881784197001252e-16,0.011844236012177326,0.19061756126312085,0.025085608783183,0.19061756126312085,0.02507933659686589,8.881784197001252e-16,0.011910120306643391,0.1903985202340177,0.025287290443399602,0.1905427675580325,0.025111803825391132,0.19111165245527573,0.025408229877626993,0.025376470731612304
2000,1916,0.17840324034094934,0.025089641001231608,0.17840324034094934,0.025083367806733946,8.881784197001252e-16,0.020483864171891176,0.17953714370565504,0.024855638739855742,0.17953714370565504,0.024849424053237822,8.881784197001252e-16,0.020588676634552598,0.18113906198063723,0.025021794351165652,0.17940064610898399,0.024887121126310904,0.18250791956718065,0.025499134783249087,0.025499389849542094
2000,1917,0.18345988787949336,0.025880863240927258,0.18345988787949336,0.02587439221613779,8.881784197001252e-16,0.015298337949630796,0.18407481759816402,0.025719963327325884,0.18407481759816402,0.025713532532544197,8.881784197001252e-16,0.018196375074639608,0.18341683444824997,0.026284857905098654,0.18406374088900296,0.025749681861725847,0.18405426656763446,0.02509392653574488,0.025121995430583004
2000,1918,0.20036851280520662,0.026653123679188807,0.20036851280520662,0.026646459565150604,8.881784197001252e-16,0.011245087755449733,0.20003054860274333,0.026478330657548375,0.20003054860274333,0.026471710247229226,8.881784197001252e-16,0.009677194260016083,0.20076087140288584,0.026795688763892378,0.19999446600508408,0.026517893715436235,0.19727608212660847,0.02559397719912623,0.025573157578286737
2000,1919,0.19268941546675883,0.025619955473266644,0.19268941546675883,0.025613549683574502,8.881784197001252e-16,0.012420444377588128,0.19458584202431184,0.02533280435658163,0.19458584202431184,0.025326470363644375,8.881784197001252e-16,0.01038215945581817,0.1998666174191186,0.025881872553533556,0.1945204171878238,0.02536032905705861,0.1937928473366613,0.025696534366526774,0.025621120800838386
2000,1920,0.1742864601702877,0.02573188391258549,0.1742864601702877,0.02572545013728488,1.7763568394002505e-15,0.01193195159302091,0.17154637914900006,0.02511785032212596,0.17154637914900006,0.025111570074416306,8.881784197001252e-16,0.01276296366086513,0.17276213947909796,0.025397038160725912,0.17148409299159412,0.025147656497284215,0.1672743195369203,0.024840080649893882,0.024880212080401705
2000,1921,0.19306331749164962,0.02507029200136218,0.19306331749164962,0.025064023644719293,8.881784197001252e-16,0.008882696668352567,0.19200942580627683,0.02486117175863395,0.19200942580627683,0.024854955688588386,8.881784197001252e-16,0.010373695148372398,0.19464336079048528,0.025145012768215305,0.19184189535452068,0.02488478773787475,0.1907248306571862,0.02456102351583306,0.02453971781228036
2000,1922,0.19263153356188845,0.025069433331430586,0.19263153356188845,0.02506316518948202,1.7763568394002505e-15,0.015729222658171914,0.19387111086835623,0.02465519209727749,0.19387111086835623,0.024649027528585738,8.881784197001252e-16,0.019941273851143384,0.19474976769324565,0.024855794314803847,0.19375214982065408,0.024678017136075057,0.19316580374035258,0.024311159546938306,0.024541950335359455
2000,1923,0.22538101765495222,0.025973034832691658,0.22538101765495222,0.025966540762123166,8.881784197001252e-16,0.008418946082166735,0.22349813502325688,0.025427005180773538,0.22349813502325688,0.025420647634685718,8.881784197001252e-16,0.009654019244256457,0.22305048374396813,0.025618101853135105,0.2234778998634659,0.02545594200897512,0.22492129575461184,0.025878296196473485,0.025284159466138413
2000,1924,0.18189075612389222,0.024951767444239593,0.18189075612389222,0.0249455287224408,8.881784197001252e-16,0.009756926740769343,0.1790324931962402,0.024779417877595994,0.1790324931962402,0.024773222248576133,8.881784197001252e-16,0.012458187960733579,0.1788226870741879,0.024986416901938157,0.17894587569311626,0.024797954596371047,0.17901435559957768,0.02520313020785055,0.02523215547122519
2000,1925,0.2034808340961618,0.025687800075947023,0.2034808340961618,0.025681377322983538,4.440892098500626e-16,0.00982612391471083,0.20170199676869122,0.02543670946497385,0.20170199676869122,0.02543034949251165,8.881784197001252e-16,0.00919380700986636,0.200926604138004,0.02580714625909054,0.20153179285638823,0.025474738568305087,0.20344723332975856,0.024404891154804837,0.02440613980910032
2000,1926,0.2002995016462389,0.02674240380453356,0.2002995016462389,0.026735717367673318,8.881784197001252e-16,0.003464987244950805,0.20104436392347075,0.026459494424076434,0.20104436392347075,0.02645287872340443,8.881784197001252e-16,0.003621885210778217,0.20058152737922652,0.027208018968848467,0.2010072843786977,0.026509253886361075,0.19935060045263342,0.025285690313891274,0.025240967407410008
2000,1927,0.16212114475761613,0.025215894127252784,0.16212114475761613,0.025209589365527217,8.881784197001252e-16,0.01515842703861506,0.15818565793488298,0.02468115317662553,0.15818565793488298,0.024674982116852456,8.881784197001252e-16,0.01218571917397161,0.15460085445689692,0.025017972451970318,0.15811873908063712,0.02468920564276363,0.15692931979568014,0.02449298467691964,0.024699297039902784
2000,1928,0.18034414998674508,0.024474185188767473,0.18034414998674508,0.024468065877460726,8.881784197001252e-16,0.015176574700477419,0.18109946394107013,0.02423885475936688,0.18109946394107013,0.024232794288023406,8.881784197001252e-16,0.01743667424779993,0.18094266397517345,0.024627184163314306,0.1811511655260165,0.024260132687068482,0.18084563868510722,0.024967899634061503,0.024981771548757917
2000,1929,0.179534408524551,0.024995803444100163,0.179534408524551,0.02498955371192494,8.881784197001252e-16,0.008954017410696156,0.17995450414711917,0.024780824775941387,0.17995450414711917,0.024774628795152964,4.440892098500626e-16,0.008965449007525344,0.1791241345784696,0.02517791079798019,0.1797172574294656,0.024800706100900998,0.18304741036494782,0.025113755621928347,0.02504509083999851
2000,1930,0.17079205809089182,0.024883056825891165,0.17079205809089182,0.024876835283894706,8.881784197001252e-16,0.013164543185270338,0.17188174474222923,0.024694017521818674,0.17188174474222923,0.024687843245557187,8.881784197001252e-16,0.012772821695532264,0.1732126780237075,0.025067849736054984,0.1717243071146755,0.024720524091898465,0.17324348607582218,0.023979191530194833,0.024057024048907378
2000,1931,0.19895968076665327,0.02806031669376889,0.19895968076665327,0.02805330073749126,8.881784197001252e-16,0.0056022469004105326,0.19753791127168124,0.027390101790014793,0.19753791127168124,0.027383253408412554,8.881784197001252e-16,0.005446517806155828,0.2000744712213794,0.028435460295067664,0.19764139011243725,0.02748939325494059,0.19504901502301847,0.025579822437962373,0.025568905403689668
2000,1932,0.17733111342841978,0.028865979268591656,0.17733111342841978,0.028858761871487067,1.7763568394002505e-15,0.016541844627434465,0.17744052033019103,0.027936398622165647,0.17744052033019103,0.027929413649279325,3.552713678800501e-15,0.014266376663196011,0.1784967034117425,0.028200565301079145,0.17760430202433586,0.028044268415693234,0.18032531452034978,0.03027304122948712,0.030098859467948085
2000,1933,0.17248117986537653,0.028476885032928733,0.17248117986537653,0.0284697649215453,8.881784197001252e-16,0.006757045059006582,0.1715507371600697,0.028294609719822162,0.1715507371600697,0.028287535182964528,1.7763568394002505e-15,0.005011471897946195,0.17264156127215569,0.029302781392666583,0.17180212733442723,0.028405279012921655,0.17152115917317834,0.028102777722907736,0.028059483056514244
2000,1934,0.19359242494759954,0.024702427893801362,0.19359242494759954,0.02469625151468399,8.881784197001252e-16,0.024038146712930097,0.19201140551530466,0.02444247780793007,0.19201140551530466,0.024436366424459642,8.881784197001252e-16,0.022301671223806236,0.1954139037515586,0.024635962456098278,0.19195980544058366,0.024451956272932517,0.1896165883734114,0.02609186709322595,0.02617638756377816
2000,1935,0.22569892665177294,0.02527494529360662,0.22569892665177294,0.025268625767243653,8.881784197001252e-16,0.00936790943769273,0.22718118183986924,0.025032483685402226,0.22718118183986924,0.02502622478202013,8.881784197001252e-16,0.00885745532521806,0.22734386880802765,0.025163804597503926,0.22708175400437858,0.025081241546996633,0.2298781761807146,0.025940785474978537,0.0260761755261824
2000,1936,0.15120986635876488,0.025668807808831087,0.15120986635876488,0.025662389804528035,8.881784197001252e-16,0.0132242967069895,0.15123498342673275,0.02549513339995232,0.15123498342673275,0.02548875881968017,8.881784197001252e-16,0.015175075608874973,0.14880759301767804,0.02575295861283889,0.15116167392250485,0.025518496322935284,0.14843520149040296,0.02559289346767055,0.02560849519036731
2000,1937,0.19989021518764183,0.026077776114812837,0.19989021518764183,0.02607125585564983,8.881784197001252e-16,0.010485230252090581,0.20071981196383598,0.0258179709984073,0.20071981196383598,0.025811515698644337,8.881784197001252e-16,0.012768674328546748,0.20166796697396044,0.026052100625421362,0.20071837403453568,0.0258696650096766,0.20310617656528251,0.026234380438661473,0.026219604944048337
2000,1938,0.14768856594431246,0.027878077120375835,0.14768856594431246,0.02787110672968796,1.7763568394002505e-15,0.024280708283432526,0.15360579412580472,0.02714571427411096,0.15360579412580472,0.02713892699702672,1.7763568394002505e-15,0.021322772147914754,0.1513232884424252,0.027959327065475756,0.15371208827225236,0.027227434384399576,0.15752509748803106,0.028408195597771822,0.028408404564138127
2000,1939,0.16405421655189,0.02569810703185272,0.16405421655189,0.02569168170182808,8.881784197001252e-16,0.007930951695532021,0.16582260892375333,0.025445536159424315,0.16582260892375333,0.025439173980012598,8.881784197001252e-16,0.011876140037440596,0.1625734440165505,0.025787246093730332,0.1658993916387087,0.025455066810599048,0.1677930357394013,0.025800066366393516,0.025879540865322282
2000,1940,0.1848618009764582,0.027035442428840303,0.1848618009764582,0.027028682723164235,8.881784197001252e-16,0.005097434169303597,0.1869196365498857,0.026386875255522024,0.1869196365498857,0.026380277711912082,1.7763568394002505e-15,0.004437877128306552,0.18777745958981973,0.026711728475744042,0.18694010009040185,0.02645737722755001,0.18564922691774716,0.026136771966035612,0.026152889824574727
2000,1941,0.18301408369469147,0.027087884673485937,0.18301408369469147,0.027081111855609477,1.7763568394002505e-15,0.008232755030294206,0.18158639024099016,0.026823485461458157,0.18158639024099016,0.026816778751649246,1.7763568394002505e-15,0.00838669902216374,0.17929092533772228,0.02701011358564861,0.18149162879856756,0.026895895379862103,0.1825723905838672,0.024910876700976706,0.024909828026535404
2000,1942,0.18266633094199586,0.024266624443788375,0.18266633094199586,0.024260557029155774,4.440892098500626e-16,0.01224405138092636,0.18228315655346566,0.02412115965848652,0.18228315655346566,0.02411512861459715,8.881784197001252e-16,0.01230558001686723,0.18113782950579066,0.024388722079866774,0.1821436112658486,0.02414516652833334,0.18210961985561674,0.024884211780744837,0.024885564631819547
2000,1943,0.19509059381251648,0.02739722331255833,0.19509059381251648,0.027390373150352858,1.7763568394002505e-15,0.010143890475765456,0.19492240371389358,0.027280689189749987,0.19492240371389358,0.027273868164717812,8.881784197001252e-16,0.011091528292483563,0.1969016807498602,0.02769963763890618,0.19513847266924417,0.027365005051912986,0.19678393465732535,0.026933650088613266,0.026904716114726356
2000,1944,0.1510756219409718,0.025358865115745158,0.1510756219409718,0.025352524606803508,4.440892098500626e-16,0.02764073928205148,0.1534138343630982,0.02501292980376775,0.1534138343630982,0.02500667578946728,8.881784197001252e-16,0.027894219199605896,0.1533564869507988,0.025130784268895544,0.15337887818030183,0.025024245011969357,0.1520724140496829,0.0255445750518682,0.025655169556656147
2000,1945,0.1521989986855758,0.02591055270491,0.1521989986855758,0.025904074256826514,1.7763568394002505e-15,0.01309906177028114,0.1502197393800273,0.0256712766637021,0.1502197393800273,0.02566485804210816,1.7763568394002505e-15,0.014930838359261943,0.1510715423811766,0.025891129885284025,0.1502321371841288,0.025728113465369642,0.14762562601795903,0.025506448214956037,0.025498862807514656
2000,1946,0.18004802184396546,0.025360986746278624,0.18004802184396546,0.02535464570686302,8.881784197001252e-16,0.017596743015163237,0.18040278727998538,0.02501970398572699,0.18040278727998538,0.02501344827766928,8.881784197001252e-16,0.018180506788655213,0.1810489946110303,0.025121025795041604,0.18027403878632914,0.02504530551231539,0.1784299466247493,0.02566496202706729,0.025680473277619836
2000,1947,0.17804974783073735,0.025832217636877725,0.17804974783073735,0.025825758775009828,8.881784197001252e-16,0.016860526724142438,0.17925334091856193,0.025571593334157955,0.17925334091856193,0.02556519963651228,1.7763568394002505e-15,0.01967072032511256,0.18004135090598733,0.02577995463976974,0.17921745925567867,0.02560175288996698,0.17709435286696168,0.025759569066269906,0.025761270285297174
2000,1948,0.21937204904568947,0.02536300233216888,0.21937204904568947,0.0253566607887938,8.881784197001252e-16,0.015046455134458679,0.22153852339645502,0.025175395077414363,0.22153852339645502,0.02516910044171717,8.881784197001252e-16,0.017290377165195863,0.22061115435260764,0.02555072535635226,0.22128590243967927,0.025200155251683082,0.22711083211004646,0.025563684597733026,0.025454913154921304
2000,1949,0.2139382871244352,0.0260874560630371,0.2139382871244352,0.02608093338358446,8.881784197001252e-16,0.01864544930225546,0.21356598941424793,0.025740910530486914,0.21356598941424793,0.025734474498249674,1.7763568394002505e-15,0.015191389985301734,0.21520902410974801,0.02638775041113177,0.21358911688759996,0.025785953655576527,0.21149618773494672,0.027635919238575484,0.026836711710231834
2000,1950,0.1882852580586355,0.027317866096677444,0.1882852580586355,0.027311035776256466,1.7763568394002505e-15,0.004593126475194166,0.18993189660598547,0.027006282291911744,0.18993189660598547,0.02699952987718139,1.7763568394002505e-15,0.0046852438977845875,0.18864498725046025,0.027512680811389228,0.19011996925845415,0.027074865555023413,0.18707453848179117,0.02779762529178761,0.02750523955314621
2000,1951,0.2139955191661576,0.026586052269166795,0.2139955191661576,0.026579404925077602,8.881784197001252e-16,0.01522507521497419,0.2129352412112102,0.02622833632832979,0.2129352412112102,0.026221778424407222,8.881784197001252e-16,0.014367293696143745,0.21202810408056028,0.02650109914573292,0.21286319018030309,0.026284741429710247,0.2066334816525378,0.0258880544212038,0.025895511069266228
2000,1952,0.2019675490853443,0.02645693969100048,0.2019675490853443,0.026450324629091602,8.881784197001252e-16,0.015723564809984335,0.2017448523137375,0.02603397717255126,0.2017448523137375,0.02602746786449288,8.881784197001252e-16,0.013656467198591394,0.20144294687132874,0.02641726498363064,0.2016599947003765,0.026080420199113552,0.20709152086508698,0.025963327437071602,0.025929039755216335
2000,1953,0.18994828324701157,0.02649661250713914,0.18994828324701157,0.026489987525786143,4.440892098500626e-16,0.018350778954541788,0.1858060452491856,0.026285017622102,0.1858060452491856,0.026278445546084255,1.7763568394002505e-15,0.019096908288470563,0.1831461092635836,0.026656145275972914,0.18580873041219598,0.026340809543449122,0.18612835164652697,0.025966334465971828,0.02601085855994357
2000,1954,0.19327920738782844,0.02573115084352429,0.19327920738782844,0.02572471725151386,8.881784197001252e-16,0.006151520596340931,0.1917732482138081,0.02542442753169807,0.1917732482138081,0.02541807063010309,1.7763568394002505e-15,0.007523780090578064,0.18956845844131798,0.02564935192362135,0.19168685126825707,0.025484614517269532,0.19147635837695853,0.0247663983670652,0.024818667848728437
2000,1955,0.18600772273546057,0.026059049701213217,0.18600772273546057,0.02605253412423896,1.7763568394002505e-15,0.024513083683475437,0.18354348393819192,0.02576683366229806,0.18354348393819192,0.02576039114846756,1.7763568394002505e-15,0.022188470211712226,0.18466593475085746,0.02613317456645625,0.18348550410541292,0.025818101275778445,0.18432841535313527,0.02628494694632897,0.02631057751127711
2000,1956,0.18271824504241163,0.025443726495951075,0.18271824504241163,0.025437364769011792,8.881784197001252e-16,0.01206859697721371,0.1840135458557023,0.025305989876376295,0.1840135458557023,0.025299662587897252,8.881784197001252e-16,0.011558861690592497,0.18089891223336252,0.02554725963113019,0.18396889065070066,0.02533697776693807,0.18295402839565383,0.025342139350651154,0.025349297684207916
2000,1957,0.16898682629461098,0.025426279769515996,0.16898682629461098,0.02541992240480367,8.881784197001252e-16,0.007579444223166894,0.1697306686609406,0.02514896234706464,0.1697306686609406,0.025142674320376264,8.881784197001252e-16,0.00870933800307476,0.1696058933009209,0.02554739441752728,0.16965858001946904,0.02519358654589593,0.17148638891370127,0.02459432386400029,0.024594954412363427
2000,1958,0.18651626524237408,0.02648639620282466,0.18651626524237408,0.026479773775867084,1.7763568394002505e-15,0.004822243414802466,0.18318575275242155,0.026065174113453906,0.18318575275242155,0.02605865700518515,1.7763568394002505e-15,0.004981376764780844,0.18085409768851846,0.026281932569751035,0.18317928469624656,0.026119476734779074,0.18573543213628924,0.024317670479033063,0.024336850017031123
2000,1959,0.19232079135184565,0.02589402112777512,0.19232079135184565,0.025887546813102652,8.881784197001252e-16,0.013832201027863793,0.19188144957046915,0.0256691775935063,0.19188144957046915,0.025662759496745517,1.7763568394002505e-15,0.012144164132852159,0.19243478834970268,0.026089866409944984,0.19183460379362194,0.02571164587839087,0.19359209336406213,0.026653080300743516,0.026859133544698623
2000,1960,0.16929927644217208,0.025980185067217432,0.16929927644217208,0.02597368920886681,1.7763568394002505e-15,0.01161166538375953,0.16966705199476156,0.025726017682350222,0.16966705199476156,0.025719585373790533,1.7763568394002505e-15,0.012097282213007179,0.17062897258238968,0.026091857433527103,0.16971521679107027,0.025767179665309593,0.16847352122335624,0.026163680235356333,0.02615859874832232
2000,1961,0.1688920990203574,0.02605834553851373,0.1688920990203574,0.026051830137602157,8.881784197001252e-16,0.008777126071092453,0.1683178605624029,0.025698251144958474,0.1683178605624029,0.025691825778901053,1.7763568394002505e-15,0.00901132439750163,0.16944288349374131,0.02590267079397147,0.168207610487843,0.025740921854671008,0.1728051498078434,0.02535763673406661,0.025357810865205513
2000,1962,0.18108995847779535,0.025060054052714203,0.18108995847779535,0.025053788255878492,1.7763568394002505e-15,0.014608253298203302,0.18003163514457954,0.024892177638885172,0.18003163514457954,0.024885953816400366,8.881784197001252e-16,0.012621058023595033,0.18101311431380568,0.02517846349744238,0.17993521342460617,0.024912403433730742,0.1806696587311898,0.025317809457713374,0.02534323250034626
2000,1963,0.18108546758435334,0.02680124052866148,0.18108546758435334,0.0267945393807811,8.881784197001252e-16,0.006698326177573284,0.17939122293118892,0.02612633864595948,0.17939122293118892,0.026119806244645733,8.881784197001252e-16,0.007798481112886932,0.17770808362293877,0.02659291881131597,0.1794397920521727,0.026173278395227068,0.17988743949718872,0.025615351759069795,0.025706886088869927
2000,1964,0.21109026599355146,0.029880756151626154,0.21109026599355146,0.029873285028581102,3.552713678800501e-15,0.0059056987063834,0.2108968185165369,0.028433386915590553,0.2108968185165369,0.02842627768009611,8.881784197001252e-16,0.006003511427782939,0.21078981173028138,0.02950989078889729,0.2109858550345003,0.02866209387627184,0.2081474789283822,0.027050248127507243,0.027351656881795396
2000,1965,0.18849699939818215,0.026606394418902495,0.18849699939818215,0.026599741988640013,8.881784197001252e-16,0.00913229300621468,0.18916751502284568,0.026249193746998124,0.18916751502284568,0.026242630628068933,1.7763568394002505e-15,0.009305122444813706,0.18920339214522097,0.026636886402249132,0.18930750044083788,0.026302536291570908,0.19015588825476837,0.025739169753241708,0.025813902868247987
2000,1966,0.21798802364181685,0.025312998124270947,0.21798802364181685,0.02530666908351087,1.7763568394002505e-15,0.012053155108772398,0.21534926995309106,0.024878397188669826,0.21534926995309106,0.024872176811728326,8.881784197001252e-16,0.011332960537010217,0.213103030637534,0.02531942901576047,0.21520422938621736,0.024922965595574047,0.21579279809213514,0.025179162348956487,0.025191520589807514
2000,1967,0.21727370663050494,0.02535321369132431,0.21727370663050494,0.025346874595415417,1.7763568394002505e-15,0.005943542474428639,0.218007217051858,0.02521738125984653,0.218007217051858,0.02521107612629133,8.881784197001252e-16,0.00676947241333934,0.22213170923173775,0.025779147182830107,0.21803678717794966,0.025255441655407534,0.2164146281423791,0.02459571512359268,0.024663733992565003
2000,1968,0.17265882192976206,0.02514609714424682,0.17265882192976206,0.025139809833948704,8.881784197001252e-16,0.0043762177332177165,0.17278085358685968,0.02496976548883204,0.17278085358685968,0.02496352226695952,8.881784197001252e-16,0.004689824998538201,0.1728323160589284,0.025188077922041537,0.17261775913371596,0.02498745391051648,0.1730082437040139,0.024987877943882183,0.025080967014533315
2000,1969,0.22284872635063813,0.025095374459269962,0.22284872635063813,0.025089099831228572,8.881784197001252e-16,0.009431345972818648,0.22258956740879787,0.02491644423588871,0.22258956740879787,0.02491021434599613,8.881784197001252e-16,0.011290363128851013,0.2223099012481074,0.025214633635880144,0.2224677931036691,0.02493514726152185,0.22883369637988277,0.025957057175126905,0.025818441449721924
2000,1970,0.16783522962389774,0.026306908075622894,0.16783522962389774,0.026300330526307526,1.7763568394002505e-15,0.005616658404840559,0.1681708664359325,0.025976983485912968,0.1681708664359325,0.02597048842805775,1.7763568394002505e-15,0.006358663531906057,0.1688084159867445,0.026201639431955612,0.16795566722828392,0.026033248067302305,0.170484202522728,0.0248028538522629,0.02482452452475287
2000,1971,0.13289606404090704,0.025420508640509196,0.13289606404090704,0.025414152718759513,8.881784197001252e-16,0.01679351770286833,0.1344282559883444,0.025191887289209756,0.1344282559883444,0.0251855885299441,8.881784197001252e-16,0.02014235562724195,0.1328297815851477,0.02575079945647056,0.134388826059058,0.0252181530832469,0.13695307454540984,0.02555830788745423,0.025805775507742337
2000,1972,0.20144643604777063,0.02686244198148943,0.20144643604777063,0.026855725531332815,1.7763568394002505e-15,0.01574267667472633,0.2082416279583174,0.02630821466360563,0.2082416279583174,0.02630163678760242,8.881784197001252e-16,0.01658061375047246,0.20932771353062823,0.02673881463343526,0.20823045482911567,0.026366859705945052,0.20769882316432947,0.027041909851259413,0.02758403451586409
2000,1973,0.23526190963474325,0.02462434813796497,0.23526190963474325,0.02461819128122716,8.881784197001252e-16,0.013982992169630972,0.23368998818428194,0.024299936451029517,0.23368998818428194,0.024293860707353843,8.881784197001252e-16,0.012085037202922738,0.23709389478692894,0.024562574952858972,0.23346409035321186,0.024308806220871396,0.23419330923640624,0.024920485893225524,0.024550045283901315
2000,1974,0.20428321747289263,0.0248451111736236,0.20428321747289263,0.024838899119226307,8.881784197001252e-16,0.005948272875673634,0.2055142332918049,0.02461769064648879,0.2055142332918049,0.024611535454331947,1.7763568394002505e-15,0.006131859396099171,0.20479441417982086,0.02486706096719421,0.20534087053858807,0.02464234477817826,0.21069783867780023,0.02539332387231617,0.025236372114592356
2000,1975,0.1727518388472688,0.026968847196155315,0.1727518388472688,0.026962104141369042,1.7763568394002505e-15,0.01943707882696059,0.17144833120067426,0.026357593044648003,0.17144833120067426,0.026351002822506076,1.7763568394002505e-15,0.023953818878168377,0.17335150093997365,0.02687715395316434,0.1715365794237122,0.026420417720951623,0.17244362468134888,0.025822836295956903,0.025859959954838946
2000,1976,0.20471914633520705,0.025487442118390515,0.20471914633520705,0.025481069461179173,1.7763568394002505e-15,0.013940193305418796,0.2059967289442139,0.02518579717925542,0.2059967289442139,0.025179499942707614,8.881784197001252e-16,0.01500495796144959,0.20652239476383027,0.02554973300760954,0.20602049730285338,0.025217091222560002,0.20595534823988415,0.02600069582176414,0.025947225145395148
2000,1977,0.20218971081257014,0.025615225920030488,0.20218971081257014,0.02560882131287449,1.7763568394002505e-15,0.01592891627500565,0.20171282223496567,0.025313325090656296,0.20171282223496567,0.0253069959681444,4.440892098500626e-16,0.021918485304828775,0.20389157287233456,0.0256165850610494,0.20164610084495194,0.02535301707823851,0.20198974917174856,0.025638844322770058,0.025666786579041704
2000,1978,0.1975775223317674,0.024898009738503406,0.1975775223317674,0.024891784457811393,8.881784197001252e-16,0.01772951989831005,0.1947252398633489,0.024649663337665197,0.1947252398633489,0.024643500151336168,1.7763568394002505e-15,0.01966913683920798,0.19764679391263318,0.02497946071000934,0.19451194354110535,0.02467965581463808,0.19632887821644385,0.02450476283357779,0.02452388866653379
2000,1979,0.15346589920144643,0.027367135287330223,0.15346589920144643,0.027360292648071542,1.7763568394002505e-15,0.017085635528888723,0.15358439938624624,0.026590839174262557,0.15358439938624624,0.026584190633297457,1.7763568394002505e-15,0.01926540043236076,0.15485660084987296,0.027590877895020828,0.1537064701583959,0.02667547385969476,0.15709990038064953,0.024789584110665883,0.024928481508011677
2000,1980,0.18211296668774207,0.024841857433940677,0.18211296668774207,0.024835646193080006,8.881784197001252e-16,0.003159025220837656,0.18167706973884057,0.024700736416271237,0.18167706973884057,0.024694560460076117,8.881784197001252e-16,0.00305544924625207,0.18251168870125734,0.025127360406844462,0.18151245378762698,0.024726722375416402,0.1805898518753447,0.023875179603168987,0.023847869101828248
2000,1981,0.18228884541119184,0.027389215371221524,0.18228884541119184,0.02738236721125169,1.7763568394002505e-15,0.020115861370001167,0.1826828446218839,0.026928544220748297,0.1826828446218839,0.02692181124296566,8.881784197001252e-16,0.0181359929601976,0.18049220890893847,0.027285115627808044,0.18267278093609984,0.026986822938857003,0.18175631977585938,0.026779577494651503,0.02679200869665789
2000,1982,0.17759326579189744,0.025833693048951237,0.17759326579189744,0.0258272338181842,1.7763568394002505e-15,0.014391712660580078,0.17665315009676863,0.025642312781199886,0.17665315009676863,0.02563590140148192,1.7763568394002505e-15,0.01610549630070812,0.17616384616110214,0.025849877174368187,0.1766309746173675,0.025697004556500185,0.17387954322605975,0.02511013603720095,0.02499295931015126
2000,1983,0.15982054032181775,0.02502018278882585,0.15982054032181775,0.0250139269610524,8.881784197001252e-16,0.008667381603907355,0.15724258018935444,0.024787856789329633,0.15724258018935444,0.024781659050318056,1.7763568394002505e-15,0.008775877671088124,0.15437804243878084,0.0251097579320254,0.1571584779122418,0.024809501256787898,0.15564551944844668,0.026332651231686776,0.026347967124434563
2000,1984,0.14169774722886264,0.02457140146859357,0.14169774722886264,0.024565257850178105,8.881784197001252e-16,0.011660819086876785,0.14186391393863979,0.024323720777038333,0.14186391393863979,0.024317639086537706,8.881784197001252e-16,0.016898017926956943,0.13895433886019415,0.0245956654269304,0.14176766164806587,0.02434040799566189,0.1391886170498881,0.025074313530290448,0.025109057815870334
2000,1985,0.16978956457566274,0.025477305169765346,0.16978956457566274,0.025470935047108005,8.881784197001252e-16,0.00868012337926231,0.16982419838673524,0.025225069211937175,0.16982419838673524,0.025218762156153648,8.881784197001252e-16,0.01112622653691146,0.17047747006411879,0.025409221293388323,0.1698092693339403,0.025258955102756258,0.16981807592411263,0.025763090612663988,0.025783656032069956
2000,1986,0.1621418492045506,0.025127335399286313,0.1621418492045506,0.02512105278001089,8.881784197001252e-16,0.010222086768652052,0.16384244057478947,0.02496489284742167,0.16384244057478947,0.024958650843861813,8.881784197001252e-16,0.007926949212932567,0.1619699742922993,0.025226660763864567,0.16375909960948232,0.025014094560715357,0.16095676245425256,0.025090811455939648,0.02507054432772414
2000,1987,0.15471132979672558,0.02584120974447599,0.15471132979672558,0.025834748634300117,8.881784197001252e-16,0.017316392000586343,0.15358946576488264,0.025420256585814316,0.15358946576488264,0.025413900727086183,8.881784197001252e-16,0.019892573500217642,0.15281092334228386,0.025832465015071027,0.15368717465492243,0.025461200409600957,0.153072779154297,0.025896361249458492,0.025924065528922378
2000,1988,0.153113815806679,0.02495940617387485,0.153113815806679,0.02495316554215488,1.7763568394002505e-15,0.01144253549043166,0.15415588239465994,0.024774122826883214,0.15415588239465994,0.024767928521791546,8.881784197001252e-16,0.009284274681666883,0.1521953442557023,0.02496255674045362,0.15398666806053463,0.02479340260168252,0.14778416813957457,0.025120609069122887,0.025115021539282332
2000,1989,0.1879719322146577,0.026248273474487833,0.1879719322146577,0.026241710585655532,1.7763568394002505e-15,0.009387545438480898,0.18731129477154768,0.02584056865301134,0.18731129477154768,0.025834107703128377,1.7763568394002505e-15,0.00805666782054781,0.1827996516777055,0.026155512597957984,0.1872217448762361,0.025895848970613537,0.18644791731761923,0.025525316614449674,0.025519767690765867
2000,1990,0.17159115227877797,0.02721739762720289,0.17159115227877797,0.02721059242703971,8.881784197001252e-16,0.01972674597624225,0.16862814662748993,0.026882617071473512,0.16862814662748993,0.026875895576913774,1.7763568394002505e-15,0.01978027225664742,0.17048417414539885,0.02716106424455614,0.16868532993077257,0.026926016501658954,0.16787877138008,0.026522565698832937,0.02651667537198794
2000,1991,0.19758877659571533,0.028809370726994077,0.19758877659571533,0.028802167483794352,1.7763568394002505e-15,0.013811689850116007,0.1997210593592969,0.028347472658606754,0.1997210593592969,0.028340384904362043,1.7763568394002505e-15,0.017603348499164638,0.20117513237761336,0.02856929039179749,0.19988903950442932,0.028466404936939763,0.19939798354395483,0.027961264634920633,0.028032602374244594
2000,1992,0.20147762987366108,0.02631871901514761,0.20147762987366108,0.02631213851272817,1.7763568394002505e-15,0.010933419904538097,0.20538198111556033,0.025864863921237817,0.20538198111556033,0.025858396896778376,1.7763568394002505e-15,0.012210127862626192,0.20249481485704984,0.026101175713439805,0.20538695388498623,0.02590156427207826,0.2065592696815396,0.025086033737654077,0.025094583447987023
2000,1993,0.21693798595031943,0.025953948948145945,0.21693798595031943,0.025947459649645177,8.881784197001252e-16,0.017903209439502524,0.21654859362178747,0.025714571070804156,0.21654859362178747,0.025708141624255155,8.881784197001252e-16,0.01913055349783677,0.21521276642441783,0.025955464993876312,0.21653905649305183,0.02574378047101837,0.21940145478193845,0.02630894614035945,0.026319404612497484
2000,1994,0.187590276059724,0.02542072062154757,0.187590276059724,0.025414364646796004,8.881784197001252e-16,0.005100403501919329,0.1895537991922801,0.025259376087385838,0.1895537991922801,0.025253060453811087,1.7763568394002505e-15,0.00583004266227772,0.19137960404654847,0.025673925638967206,0.18953406206222884,0.02529707271493214,0.18733191223509343,0.026102157772628306,0.026100149111977514
2000,1995,0.15459998876596204,0.02562495646705067,0.15459998876596204,0.025618549426953758,1.7763568394002505e-15,0.01149574169622965,0.1556066516116903,0.0254132119399004,0.1556066516116903,0.025406857842553948,8.881784197001252e-16,0.012301301116056838,0.15693989538098224,0.025783472151389264,0.15556314418078865,0.02545185824938023,0.15484472232789925,0.02501979069995351,0.02508702031519732
2000,1996,0.17476738199842784,0.025162742769170226,0.17476738199842784,0.025156451296945572,1.7763568394002505e-15,0.026454889009518097,0.1743350662970175,0.024991597477910354,0.1743350662970175,0.024985348797358153,8.881784197001252e-16,0.023754439614143058,0.1728084315391128,0.02539043442463918,0.17419261709452222,0.025027763281415743,0.17002766263546398,0.024737555259598663,0.024829408033396862
2000,1997,0.20153162741811553,0.02626229507625277,0.20153162741811553,0.02625572868158174,1.7763568394002505e-15,0.014351726333354962,0.20218948286507332,0.02603003798024503,0.20218948286507332,0.026023529657107858,1.7763568394002505e-15,0.01397065868517212,0.2016895660898817,0.026363509511500426,0.20226076929868197,0.026071350897796844,0.20143373287167143,0.02611072548092847,0.02619446566304457
2000,1998,0.19109959612389882,0.024868904630074972,0.19109959612389882,0.024862686626569833,8.881784197001252e-16,0.012300694680126307,0.19211906003244278,0.024731226334686825,0.19211906003244278,0.024725042755059056,8.881784197001252e-16,0.0130753368800523,0.1939030028115612,0.025162378161026365,0.19205912647033035,0.024745406236279403,0.19270975710761035,0.024798571551224217,0.024918813119086617
2000,1999,0.2201186731320891,0.025117439214511237,0.2201186731320891,0.02511115906959134,8.881784197001252e-16,0.018197439996154436,0.22051738539579846,0.024873624376248352,0.22051738539579846,0.02486740519265914,8.881784197001252e-16,0.018560829959555374,0.22217083426586842,0.025301191326920356,0.22053833002857937,0.024881986963074046,0.21948142237831458,0.026028241185349993,0.02562939814211442
2000,2000,0.21011897754817638,0.025431752799435332,0.21011897754817638,0.025425394066294453,8.881784197001252e-16,0.016790151774216968,0.2087911225103019,0.025229632116682093,0.2087911225103019,0.025223323920029746,8.881784197001252e-16,0.01627879054645577,0.2062704813504706,0.025434496134997167,0.20856728490247622,0.025269187596559207,0.21163920355190924,0.026033670044350837,0.02605794078378363
