seed,naive_t1,naive_t2,exit_always_t1,exit_always_t1_se,exit_always_t1_cov,exit_always_t2,exit_always_t2_se,exit_always_t2_cov,exit_never_t1,exit_never_t1_se,exit_never_t1_cov,exit_never_t2,exit_never_t2_se,exit_never_t2_cov,exit_diff_t1,exit_diff_t1_se,exit_diff_t1_cov,exit_diff_t2,exit_diff_t2_se,exit_diff_t2_cov,bands_all_cover,exit_min_ess_ratio,exit_weakest_row,exit_max_truncated,exit_all_converged,move_age,move_baseline_readiness,move_identified_needs,disenrolled_p1,disenrolled_p2,cif_always_readmission_t1,cif_always_readmission_t1_se,cif_always_readmission_t1_cov,cif_always_readmission_t2,cif_always_readmission_t2_se,cif_always_readmission_t2_cov,cif_always_death_t1,cif_always_death_t1_se,cif_always_death_t1_cov,cif_always_death_t2,cif_always_death_t2_se,cif_always_death_t2_cov,cif_never_readmission_t1,cif_never_readmission_t1_se,cif_never_readmission_t1_cov,cif_never_readmission_t2,cif_never_readmission_t2_se,cif_never_readmission_t2_cov,cif_never_death_t1,cif_never_death_t1_se,cif_never_death_t1_cov,cif_never_death_t2,cif_never_death_t2_se,cif_never_death_t2_cov,cifd_readmission_t1,cifd_readmission_t1_se,cifd_readmission_t1_cov,cifd_readmission_t2,cifd_readmission_t2_se,cifd_readmission_t2_cov,cifd_death_t1,cifd_death_t1_se,cifd_death_t1_cov,cifd_death_t2,cifd_death_t2_se,cifd_death_t2_cov,misses,miss_names,max_abs_z,excess_max,free_always_t1,free_always_t1_cov,free_always_t2,free_always_t2_cov,free_never_t1,free_never_t1_cov,free_never_t2,free_never_t2_cov,eps_max_row,event_max_truncated,event_all_converged,el_always_t2,el_always_t2_cov,el_never_t2,el_never_t2_cov,el_diff_t2,el_diff_t2_se,el_diff_t2_cov_functional,el_diff_t2_cov_total,raised_never,raised_always,secs
1000,-0.08027284774376386,-0.13560250884754194,0.15023874996024197,0.008077110592320814,True,0.32367655028343995,0.012445756661439378,True,0.25367004053887493,0.010698964379000439,True,0.4653247494362222,0.017651271882243674,True,-0.10343129057863296,0.013032777663184164,True,-0.14164819915278226,0.020859867070785437,True,True,0.818933895809873,never/2,0.0,True,1.1856149086800565,0.9100968673939465,1.6077400248343967,496,230,0.11236422656157177,0.007360148404792854,True,0.23012092705477766,0.010790932227405707,True,0.03134570762366348,0.004118699582312267,True,0.07588637842809261,0.007113819882224186,True,0.16241351193085476,0.009272139807280047,True,0.2397178337143977,0.014179258748849646,True,0.11638176565708358,0.008030510930002868,True,0.21502601422008397,0.014456953873947347,True,-0.05004928536928299,0.011751583260061108,False,-0.009596906659620041,0.017637669184038553,True,-0.0850360580334201,0.009020406035637814,True,-0.13913963579199135,0.0160973101790706,True,1,diff/readmission/1,2.0031586253817326,0.0,0.8562900658147647,True,0.6939926945171297,True,0.7212047224120617,True,0.5452561520655184,True,always/readmission/2/2,0.0,True,0.24838788224535682,True,0.29781928663545065,True,-0.04943140439009383,0.021457912037131294,True,False,0.058101452921052954,0.018266955190579165,1.3349361419677734
1001,-0.09919710797275302,-0.13666124103576138,0.14372775115727116,0.008232431446351067,True,0.31285572757675834,0.013846709960651966,True,0.27852859336554364,0.011502874300346131,True,0.46116898698940806,0.016542743847794104,True,-0.1348008422082725,0.014771966902209947,True,-0.14831325941264972,0.022176507986686134,True,True,0.8274411130256719,always/2,0.0,True,1.4898032416030031,1.1085114174524593,1.379084459621712,436,231,0.11219389672934607,0.0074278929722315905,True,0.24859868440855734,0.01106907526849154,True,0.03401800439038145,0.004451466784012384,True,0.07405688720985927,0.006908687752948738,True,0.1368966660833581,0.008528358189474828,True,0.24552857401993752,0.014503141365493908,True,0.10335466204237237,0.007476863121292986,True,0.21265202920218707,0.015107782387088407,True,-0.024702769354012027,0.01125801574113237,True,0.0030701103886198178,0.01805932393092938,True,-0.06933665765199093,0.00870270048803487,True,-0.1385951419923278,0.0166041995590424,True,0,,1.4202881467658237,0.0,0.8537880988802725,True,0.6773444283815834,True,0.7597486718742695,True,0.5418193967778754,True,never/death/2/2,0.0,True,0.2678663723289641,True,0.30792745175020225,True,-0.040061079421238155,0.020663327764602227,True,False,0.06239887773026473,0.019267687920406756,1.3395752906799316
1002,-0.07070070756143285,-0.13223952516869947,0.14615560119398288,0.008323627930849361,True,0.317178918878689,0.011846102530718034,True,0.2403255263724016,0.010568624612166804,True,0.4657644954749405,0.018939436346289414,True,-0.09416992517841871,0.012649355113497001,True,-0.1485855765962515,0.021677245217076316,True,True,0.8225198912009971,never/2,0.0,True,1.6693537819566446,0.5539191554035939,1.6142918842391978,475,232,0.1121119825000379,0.00739574700948534,True,0.2370437901844166,0.011024545352872138,True,0.03037757894301777,0.004228370414817927,True,0.07013665438300305,0.006985410770323594,True,0.14586863423796614,0.008896256953478997,True,0.23783715328862007,0.014390388442679682,True,0.11168998691726867,0.007775895308385023,True,0.21791030990587104,0.014530562317204274,True,-0.033756651737928245,0.011500113589583883,True,-0.0007933631042034706,0.017978394944410503,True,-0.0813124079742509,0.008850631595553654,True,-0.14777365552286797,0.016113894724107576,True,0,,0.8936240641392637,0.0,0.8575104385569443,True,0.6928195554325803,True,0.7424413788447652,True,0.5442525368055089,True,never/death/2/2,0.0,True,0.2530152493735246,True,0.29583678833196814,True,-0.04282153895844354,0.02139484996577312,True,False,0.05799963504334807,0.015971459189108,1.2815546989440918
1003,-0.08494475227090906,-0.0931977213600072,0.1423493587159316,0.007602468665847938,True,0.33235122408200973,0.014066396204322415,True,0.2576393252859675,0.010034751327030756,True,0.45473667476995183,0.017002241338872938,True,-0.1152899665700359,0.011940208270503603,True,-0.1223854506879421,0.020948765198529125,True,True,0.8275533958687584,never/2,0.0,True,1.7727044115859178,0.654819540955804,1.5370730392063092,497,221,0.11419261252077717,0.00746091447918496,True,0.2428285360790791,0.011217796227438683,True,0.03413100225735886,0.0044781912449603015,True,0.07470491818071696,0.00715432739197515,True,0.14152239849753653,0.008747092486852771,True,0.2193531439930439,0.014975070291956898,True,0.11607089995234025,0.007852981010356513,True,0.21337433401782044,0.01467026780081191,True,-0.027329785976759363,0.011420791592154077,True,0.02347539208603519,0.018569924250640957,True,-0.08193989769498139,0.009039870394258586,True,-0.13866941583710346,0.016309941461944824,True,0,,1.6688306311576169,0.0,0.851676385221864,True,0.6824665457402039,True,0.7424067015501232,True,0.5672725219891357,True,never/readmission/2/2,0.0,True,0.26095315303307204,True,0.2767749683614746,True,-0.015821815328402544,0.022211139075617208,True,True,0.057421824368430685,0.01812461695399295,1.4113023281097412
1004,-0.07986254443437993,-0.11991380855705847,0.14831579633775968,0.008778304593967131,True,0.3143497726380732,0.012899223901656359,True,0.25761146280078406,0.011089255129986895,True,0.4712552032509564,0.01825281738896723,True,-0.10929566646302438,0.014008339775113777,True,-0.1569054306128832,0.021380917701882295,True,True,0.7790694088080953,always/2,0.0,True,1.799790517449374,1.2055687836913433,1.5757773966943662,488,232,0.10341945443078607,0.007183561528560501,False,0.22411264028207933,0.010926719182003632,False,0.03726384245248393,0.004648115905566692,True,0.06920847092954202,0.006640461825919774,True,0.16687487959421046,0.009148620804943292,False,0.27149038710150736,0.014572220728052766,True,0.11186041355601467,0.007540931435135957,True,0.17839416669371902,0.012459535646195938,False,-0.0634554251634244,0.011521035895686543,False,-0.047377746819428024,0.018030290018715145,False,-0.07459657110353074,0.008858362325681138,True,-0.109185695764177,0.01411426256155272,False,7,always/readmission/1;always/readmission/2;never/readmission/1;never/death/2;diff/readmission/1;diff/readmission/2;diff/death/2,3.206866595846392,0.0,0.85931670311673,True,0.7066788887883786,False,0.7212647068497748,True,0.5501154462047736,True,always/death/2/2,0.0,True,0.24232658851475616,True,0.3237709573280893,True,-0.08144436881333314,0.021145550651327793,True,False,0.052280570226581946,0.01821394823267683,1.4789984226226807
1005,-0.108262774329381,-0.14218681700328734,0.14073167592497032,0.008232348730609218,True,0.3069941462829219,0.013185531596763465,True,0.27868997215246166,0.011402071944747025,True,0.44924886960642113,0.017332304110648972,True,-0.13795829622749134,0.014251660532318826,False,-0.14225472332349925,0.022769993223754365,True,True,0.8358330982317209,never/2,0.0,True,1.3585478964072157,1.1935095915274507,1.2486157712894619,454,244,0.10975014618664729,0.007379683246998353,True,0.24844107339003846,0.011844345412140724,True,0.03912041642850501,0.004775403483115333,True,0.09030029309567547,0.0077064392917250545,False,0.16154909686337765,0.009078596493157558,True,0.2540596307635702,0.013550231209862634,True,0.10029538975611518,0.007346695895436449,True,0.19491106668127278,0.012939533286257032,True,-0.05179895067673036,0.011609083986191517,False,-0.00561855737353173,0.01784502639266241,True,-0.061174973327610176,0.008758912803723835,False,-0.10461077358559731,0.015050065564778614,False,4,always/death/2;diff/readmission/1;diff/death/1;diff/death/2,2.572951313191618,0.0,0.8511294373848477,True,0.661258633514286,True,0.7381555133805071,True,0.551029302555157,True,never/death/2/2,0.0,True,0.2718100176781548,True,0.30921403469645464,True,-0.03740401701829982,0.020512766891243144,True,True,0.055154403932884455,0.023368944288116367,1.4828193187713623
1006,-0.07630453035760854,-0.12919350509930216,0.14891678734899422,0.00874623652056926,True,0.321248427086912,0.013094258200953808,True,0.2615864885938951,0.010513859661646882,True,0.4770432457035739,0.016281144681069507,True,-0.11266970124490089,0.01409543750901275,True,-0.15579481861666195,0.021158523210144175,True,True,0.8132447538917611,always/2,0.0,True,1.643246465802999,1.6751262616513705,1.5524910506965677,473,210,0.11591740181290669,0.007691222836603125,True,0.2368420893120697,0.011333558196718212,True,0.03284100297847485,0.004533788431409715,True,0.0845878614005274,0.00799760546145958,True,0.1542282558693534,0.00895232041174303,True,0.25695354179704666,0.013786071967794286,True,0.11406624061626637,0.007659246051152119,True,0.20212078268889996,0.013150017354677248,True,-0.038310854056446714,0.011718190921899003,True,-0.02011145248497695,0.0176315489509986,True,-0.08122523763779152,0.008902284609122733,True,-0.11753292128837256,0.01538645022809016,True,0,,1.765010973415938,0.0,0.8512415952086185,True,0.6785700492874029,True,0.7317055035143802,True,0.5409256755140534,True,never/death/2/2,0.0,True,0.25589564086121336,True,0.31595094044523536,True,-0.060055299584022004,0.020390071678741895,True,False,0.058997398648188704,0.01905355154914365,1.4009885787963867
1007,-0.08759726198044918,-0.08188448099359547,0.14860149080432364,0.008761388556539278,True,0.3372575181560362,0.013395909439176545,True,0.2681635093296151,0.011114496940251574,True,0.41885711325030306,0.015593346278425093,False,-0.11956201852529144,0.013777989384522649,True,-0.08159959509426684,0.018925495421535925,False,True,0.7900285042449622,never/2,0.0,True,1.9446005572165312,1.1204860314160365,1.30862106558695,458,250,0.10697714900382442,0.007182150636531081,True,0.2282754822216994,0.01129019000076353,True,0.024196921310301805,0.0036685726884101546,True,0.07770737025696667,0.007382139463121379,True,0.14859297630497725,0.00890172314208824,True,0.2556217850903669,0.015221366784611487,True,0.11249635039030415,0.007632891116192271,True,0.2036966516126443,0.014294397139217044,True,-0.04161582730115283,0.011348782521423293,True,-0.027346302868667516,0.01879459996659672,True,-0.08829942908000234,0.008467128720750876,True,-0.12598928135567763,0.01608018171153878,True,0,,1.8585099080190066,0.0,0.8688259296858738,False,0.6940171475213339,True,0.7389106733047186,True,0.5406815632969888,True,never/death/2/2,0.0,True,0.24723057104051283,True,0.31585238224226553,True,-0.0686218112017527,0.02225819352398721,True,False,0.0602305971518986,0.018955088818813415,1.446242094039917
1008,-0.09860336077979742,-0.13795692705976786,0.13117909986171025,0.007527299848683367,False,0.3016598749549196,0.012743582679564009,True,0.2613308773465134,0.01176668033167682,True,0.46044310595654836,0.01817877403697765,True,-0.13015177748480314,0.01411296293867834,True,-0.15878323100162878,0.022899252398538777,True,False,0.7951493710274075,never/2,0.0,True,1.52571985579521,1.128994601254382,1.1233288514355555,417,222,0.12053238813436261,0.007490575921640503,True,0.24806614159911228,0.011208368917719057,True,0.027792284826678934,0.0039419441019172404,True,0.07517302813240877,0.006953895380072012,True,0.13522707885356733,0.008577575650499136,True,0.2434723109577886,0.015104902017425061,True,0.09797558237861746,0.0072087088235491936,False,0.19461419582896713,0.014488854413000213,True,-0.01469469071920472,0.01132483432712832,True,0.004593830641323682,0.018714600259919407,True,-0.07018329755193853,0.008215931878915414,True,-0.11944116769655837,0.01606087663876401,True,1,never/death/1,2.044252026554611,0.0,0.8516753270389584,True,0.6767608302684789,True,0.7667973387678152,False,0.5619134932132442,True,never/readmission/2/2,0.0,True,0.2671266318653825,True,0.30162624092485646,True,-0.03449960905947397,0.021594441077123255,True,True,0.05815392996706786,0.019060490266270214,1.4558758735656738
1009,-0.05923382945682329,-0.08962918013958082,0.14831988588965847,0.008582335402766135,True,0.3171518004422176,0.013116822559322729,True,0.23303472393197847,0.009737336283468914,False,0.4428826436685808,0.017490640890266744,True,-0.08471483804232,0.01302791312297988,True,-0.12573084322636324,0.022516823837887272,True,False,0.8208643743579297,always/2,0.0,True,1.5321270857788283,1.1739146112757524,1.5345969589654396,411,228,0.12109227022710159,0.0076336505339373514,True,0.2604999822582167,0.011637655183442086,True,0.03553344117688871,0.004463439169748724,True,0.08269778797304358,0.007164642080981568,True,0.1479992882469463,0.00875240031843565,True,0.25319710531714834,0.013603421014106401,True,0.10676358098181328,0.00748782092690934,True,0.19210433939192295,0.01270747955848456,True,-0.026907018019844714,0.011512111837354545,True,0.007302876941068348,0.01775079739076316,True,-0.07123013980492457,0.00871533042079817,True,-0.10940655141887937,0.01457003312176404,False,1,diff/death/2,2.1258324069870462,0.0,0.8433742885960097,True,0.6568022297687397,False,0.7452371307712404,True,0.5546985552909287,True,always/death/2/2,0.0,True,0.28382386928335956,True,0.30872541733792275,True,-0.024901548054563183,0.020697929762773088,True,True,0.055528312020774406,0.023323887025142875,1.4132683277130127
1010,-0.0658999424956872,-0.08358175248419147,0.1566275422839745,0.008254649321814425,True,0.3330809736659057,0.013631063399428517,True,0.2549426075800601,0.009996421915660256,True,0.43479532950680505,0.017377917093246573,True,-0.09831506529608561,0.011939659576185502,True,-0.10171435584089933,0.022060334091078986,True,True,0.7312755966311383,never/2,0.0,True,1.6383994981662078,0.7960811369812172,1.2588985852120014,492,215,0.11779401586948515,0.007647021419264687,True,0.23421085103656297,0.011049442563931745,True,0.02731600359371892,0.004190799548855993,True,0.06167625442546076,0.006458395313264502,True,0.14175719250430308,0.008710429177014084,True,0.23275252427483212,0.014147463240143099,True,0.10718156785570687,0.007477556547292831,True,0.20334306048757958,0.013775745685334745,True,-0.023963176634817923,0.011530915883894495,True,0.0014583267617308548,0.01783434932297363,True,-0.07986556426198796,0.008572376785790354,True,-0.14166680606211882,0.015210111894828935,True,0,,1.361908825319845,0.0,0.854889980536796,True,0.7041128945379762,True,0.75106123963999,True,0.5639044152375883,True,never/readmission/2/2,0.0,True,0.24740282282510498,True,0.2894587435722474,True,-0.0420559207471424,0.02033859837191522,True,False,0.05670621929741526,0.013191971788542006,1.4262125492095947
1011,-0.07934322643720443,-0.11551738188930544,0.1449895002886217,0.008298704754118775,True,0.3258803162402483,0.012558867984546888,True,0.2488411028441541,0.010491678184406758,True,0.45610501738076215,0.01733026254799284,True,-0.10385160255553239,0.012652311756310897,True,-0.13022470114051382,0.021376756250225892,True,True,0.8211936712715233,never/2,0.0,True,1.5989788913151008,0.9747139952139664,1.6276213230379677,492,234,0.1111199923553876,0.007424776068650496,True,0.233069417536229,0.011472992146407419,True,0.029039529101259363,0.004249596033460109,True,0.0709947349567114,0.006785392351210491,True,0.15016808077761915,0.009013773109905003,True,0.24557260583238508,0.014256916349420317,True,0.12893455773927878,0.008319397933667668,True,0.20866860254747024,0.013372126489164868,True,-0.03904808842223155,0.011600885936336985,True,-0.01250318829615607,0.01816768692950571,True,-0.09989502863801941,0.009342924352037214,True,-0.13767386759075884,0.01498754057192481,True,0,,1.9499677583191337,0.0,0.8598404785433531,True,0.6959358475070596,True,0.720897361483102,True,0.5457587916201447,True,never/death/2/2,0.0,True,0.25043714261985445,True,0.30731537828992045,True,-0.056878235670066,0.021684118066085875,True,False,0.06174277245753537,0.01736772508362544,1.4755690097808838
1012,-0.11445772754620745,-0.15036796828324062,0.14021467973711774,0.008423976884826066,True,0.29693352594735994,0.012176028576430726,True,0.27918585908933097,0.010814014925274049,False,0.44345839612371973,0.017158817849206965,True,-0.13897117935221323,0.01350341129794239,False,-0.1465248701763598,0.019999871413470736,True,True,0.8397844251616639,never/2,0.0,True,1.526038457606043,0.7357335550427324,1.587166832295422,474,200,0.10989499226769243,0.007304240647022364,True,0.23617148857189282,0.011199512804101535,True,0.031019789359857133,0.004159083332299853,True,0.0875811650282287,0.007577365257595321,False,0.1526824878830297,0.00909901965836114,True,0.24521348830421413,0.013864812263501752,True,0.12025283874052001,0.008098186302193697,True,0.23797361562477912,0.014419987624713677,True,-0.042787495615337276,0.01160527228860261,True,-0.00904199973232131,0.01769124939916947,True,-0.08923304938066287,0.009101687006750486,True,-0.15039245059655043,0.016271307521375376,True,1,always/death/2,2.257930619231927,0.0,0.8590852183724504,True,0.6762473463998785,True,0.7270646733764503,True,0.5168128960710068,True,never/death/2/2,0.0,True,0.2565457713271096,True,0.3110178565289217,True,-0.054472085201812126,0.020724919059160886,True,False,0.06580436822470759,0.02037428275521677,0.9087381362915039
1013,-0.10467703505161938,-0.11683133306986704,0.1408875332372978,0.00834699134607591,True,0.3260998819408212,0.012901058914258775,True,0.273181423489359,0.011348199190623406,True,0.46150122319526155,0.01726704014132673,True,-0.13229389025206117,0.014686884082074957,True,-0.13540134125444037,0.02338021748839348,True,True,0.8135064868678226,never/2,0.0,True,1.1467038939020884,1.4974580450654604,1.811143224719883,508,226,0.11784299682289119,0.007597937518420546,True,0.24579596591123656,0.011415989985829154,True,0.02353995048297342,0.0036521788602144286,False,0.06522488838655306,0.006627922607243419,True,0.14333787224132294,0.008854384424477746,True,0.24658673467681563,0.013972354250248387,True,0.11358729218052292,0.007845042224417531,True,0.2047176595627178,0.013503896815715013,True,-0.025494875418431748,0.011593723020586621,True,-0.0007907687655790696,0.017924723154141245,True,-0.09004734169754951,0.008653011066740369,True,-0.13949277117616476,0.01502896137136422,True,1,always/death/1,2.046736976235524,0.0,0.8586170526941354,True,0.6889791457022103,True,0.7430748355781541,True,0.5486956057604666,True,never/readmission/2/2,0.0,True,0.2624027965718984,True,0.30510945086547814,True,-0.04270665429357973,0.020544447770042974,True,False,0.058522716188662505,0.016606830660661848,0.9437603950500488
1014,-0.08496444010598242,-0.11902808510397944,0.1413833963627266,0.008049362733171807,True,0.30835702553183003,0.012323907436129647,True,0.2571108244319235,0.010894301713262085,True,0.44452185710481545,0.016210789793424926,True,-0.11572742806919692,0.012823904592600549,True,-0.13616483157298542,0.019840660540356127,True,True,0.7788392583762997,always/2,0.0,True,2.560673061460107,0.7274608158302933,1.2136395663043893,476,233,0.10394767996388016,0.007090259555977988,False,0.2452888176114639,0.011488481088722304,True,0.027747209139718145,0.004221584319394157,True,0.06541588488329883,0.006876960305424291,True,0.15326585529358236,0.009025419107368874,True,0.2536584263081501,0.014238897729309828,True,0.1123849109527908,0.007739796884383659,True,0.18435912214371775,0.011959287964082237,False,-0.0493181753297022,0.011397809683633452,False,-0.00836960869668621,0.01810994042384778,True,-0.08463770181307265,0.008815549362527033,True,-0.11894323726041892,0.01379568343572674,True,3,always/readmission/1;never/death/2;diff/readmission/1,2.2152554513152696,0.0,0.8683051108964017,False,0.6892952975052373,True,0.7343492337536268,True,0.5619824515481322,True,never/readmission/2/2,0.0,True,0.2609178245845473,True,0.30174928082112784,True,-0.04083145623658052,0.02131698968004083,True,False,0.04809085451297773,0.01562900697308342,0.9699463844299316
1015,-0.10370625382989018,-0.14501989228918588,0.13161781663193586,0.007968418085096978,False,0.29466552776089056,0.012502093921928255,True,0.2655897887138559,0.009600168883019004,True,0.46616243529787577,0.014739623973694303,True,-0.13397197208192005,0.013546288292742648,True,-0.1714969075369852,0.020594484818607955,True,True,0.8107852169007631,never/2,0.0,True,1.7363286796265165,1.490203469507343,0.9416273629895973,482,202,0.11996597170144274,0.007522788907010959,True,0.250619519267474,0.011083510712876417,True,0.02378704514585125,0.003704827103332286,True,0.07149864803130884,0.006726515691316001,True,0.1335894289246348,0.008640032791708998,True,0.22155153384269394,0.013760131329824055,True,0.11983375975453313,0.008077085731843688,True,0.21338662052488913,0.013777341824360693,True,-0.013623457223192054,0.011383217838380772,True,0.029067985424780063,0.017497267730642283,True,-0.09604671460868187,0.008886632571143204,True,-0.1418879724935803,0.015315406266181516,True,0,,1.950956050728415,0.0,0.856246983152706,True,0.6778818327012172,True,0.7465768113208321,True,0.5650618456324169,True,always/death/2/2,0.0,True,0.2681203487496244,True,0.2801928842837718,True,-0.012072535534147388,0.02041031283998825,True,True,0.05864135044107788,0.017500829482150426,0.9221537113189697
1016,-0.08322697310478677,-0.133037248788745,0.14367720383043517,0.008237970517727476,True,0.2878230109211596,0.01156482658947374,False,0.2534827387657193,0.011129638655087145,True,0.4427979599142133,0.019103543521264164,True,-0.10980553493528414,0.014147229860610502,True,-0.1549749489930537,0.023098669261893204,True,False,0.8127631241988361,never/2,0.0,True,1.6265079620447738,1.001891756070204,1.0969381706601942,453,229,0.1193233198888459,0.007509022893380579,True,0.23613316127163905,0.011226834328266407,True,0.018388123751910436,0.003223468427560977,False,0.06153382747441514,0.006512934598153182,True,0.13937542191504865,0.008699855725396463,True,0.23792832959900204,0.01372696455773926,True,0.09719470679181086,0.007318775525011857,False,0.18500629078278025,0.013087897357237983,False,-0.02005210202620275,0.011401538558178166,True,-0.0017951683273629837,0.017587541105485754,True,-0.07880658303990043,0.007996192555859592,True,-0.12347246330836512,0.014608510206045644,True,3,always/death/1;never/death/1;never/death/2,3.9171707531330267,0.0,0.8622885563592437,True,0.7023330112539459,True,0.7634298712931404,False,0.5770653796182177,False,always/death/2/2,0.0,True,0.24889260122834228,True,0.2899703751526645,True,-0.041077773924322214,0.01989537000429079,True,False,0.05204204555366246,0.012759439956703228,1.0503909587860107
1017,-0.06631157371549068,-0.1073159716552437,0.13766314386889764,0.007581779546060283,True,0.30700490634365774,0.012522930692847703,True,0.23663787159121036,0.009880493326092626,False,0.42721619013071394,0.016720697813592863,True,-0.09897472772231272,0.011953817986820716,True,-0.1202112837870562,0.021012180018430738,True,True,0.8380215024054356,never/2,0.0,True,1.9323226928000707,1.0063189152241925,1.1923070163778886,503,206,0.1239259522889258,0.0076752015609504705,True,0.24291077299800556,0.011053695723793593,True,0.028387519897009706,0.004163726688842846,True,0.06380960180061489,0.006644640701227308,True,0.14525679417831677,0.008784227951294127,True,0.2403197097826207,0.014173735559805568,True,0.11243650071663763,0.007746811333643918,True,0.22697260541578362,0.014848768686555058,True,-0.021330841889390967,0.0115808312287343,True,0.0025910632153848534,0.017805889425763374,True,-0.08404898081962793,0.008794826790792076,True,-0.16316300361516872,0.016249039231574586,True,0,,1.402113890579915,0.0,0.8476865278140645,True,0.6932796252013795,True,0.7423067051050456,True,0.5327076848015957,True,never/death/2/2,0.0,True,0.25817476109308285,True,0.306811592998312,True,-0.04863683190522916,0.021236088077293783,True,False,0.0664918832156913,0.015263988095077285,1.0436773300170898
1018,-0.07544687717874105,-0.13824722613853008,0.15227764319511916,0.008205086116278884,True,0.3041468022861277,0.013369049029500469,True,0.25781262714503533,0.011947159753483934,True,0.4447505584278994,0.01732027386095895,True,-0.10553498394991617,0.014884092937619709,True,-0.14060375614177167,0.02230072219482551,True,True,0.813509103716839,never/2,0.0,True,1.460690366326849,1.2129291589129483,0.6072206597867539,480,205,0.13306524303763384,0.008073141038756879,True,0.24848244270433634,0.011094567788158469,True,0.033752882794491075,0.004300348593412456,True,0.0762866880921305,0.006874123978829455,True,0.14996566985596366,0.009213509583839326,True,0.25112339554775653,0.015358211629847298,True,0.1219463760869458,0.00832002806976445,True,0.2180480673624458,0.014779094489377215,True,-0.016900426818329817,0.012185232285889861,True,-0.0026409528434201968,0.01883540071211082,True,-0.08819349329245474,0.009360529924635251,True,-0.1417613792703153,0.016281295685191512,True,0,,1.7767858840532047,0.0,0.8331818741678751,True,0.6752308692035331,True,0.7280879540570906,True,0.5308285370897976,True,always/death/2/2,0.0,True,0.26753843200606087,True,0.3213297029732907,True,-0.053791270967229854,0.022152465351294663,True,False,0.07020630742553419,0.01905598930172453,0.8693645000457764
1019,-0.07411364244662547,-0.09133624762360121,0.16682257282218693,0.008216668663317514,False,0.3364723604226847,0.012527692757280356,True,0.2719970857963512,0.011536536778642859,True,0.4605668900139758,0.01868050339635519,True,-0.10517451297416425,0.01387795575694496,True,-0.12409452959129114,0.021810422232930716,True,True,0.7782056867733635,never/2,0.0,True,1.8611832026599078,1.3618861854894135,1.3799812621217462,461,188,0.11907478344379793,0.007413226073480948,True,0.2378071223782374,0.010742078827117462,True,0.032196918481374605,0.004190604592071038,True,0.06739349565661276,0.006203549859809182,True,0.15777684834635233,0.009230460773727986,True,0.26965856722849285,0.014986523770943313,True,0.11123967577407134,0.007879999224649622,True,0.18873817854286318,0.013080543303968694,True,-0.0387020649025544,0.011749534074298204,True,-0.031851444850255456,0.018267168854912915,True,-0.07904275729269675,0.008923221743907094,True,-0.12134468288625042,0.01446988976771158,True,0,,1.8722903982494825,0.0,0.8487282980748274,True,0.6947993819651499,True,0.7309834758795763,True,0.541603254228644,True,never/death/2/2,0.0,True,0.25534389328599666,True,0.3248176098748694,True,-0.06947371658887275,0.022130666331736066,True,False,0.055159042646376555,0.017536770907759264,1.0168120861053467
1020,-0.08353347247159687,-0.10194638402833806,0.15131378786292085,0.00804190327556512,True,0.337999779242219,0.012930996494593788,True,0.26846344704270014,0.011491340611661073,True,0.4607842692014551,0.016568888764202337,True,-0.11714965917977929,0.013668479090955855,True,-0.12278448995923608,0.01991509799776059,True,True,0.8287189287153158,always/2,0.0,True,1.9515976396218504,1.214199532514812,1.2619039668960046,473,207,0.11907861001391254,0.007681838708973665,True,0.2401973944230356,0.011246970743956993,True,0.027304652796141107,0.0038465683005687694,True,0.07731182790914679,0.007235824516352541,True,0.15600161825354913,0.009088071168653816,True,0.23595954583245407,0.013025154619919592,True,0.1135641455118536,0.007909646107505226,True,0.20866010513668248,0.013403474740473216,True,-0.036923008239636596,0.01180529713939943,True,0.004237848590581517,0.017045616319748973,True,-0.0862594927157125,0.008791212523774874,True,-0.1313482772275357,0.015218513573297012,True,0,,1.1852480084775456,0.0,0.8536167371899464,True,0.6824907776678176,True,0.7304342362345972,True,0.5553803490308634,True,never/death/2/2,0.0,True,0.2583172984468705,True,0.28895923582633826,True,-0.030641937379467743,0.019579577385674733,True,True,0.052999689993884186,0.018119904023834926,0.9645969867706299
1021,-0.08034926380731125,-0.11292687754147324,0.1463714188341001,0.008189011217465562,True,0.30514650574357643,0.01226308770087206,True,0.269173578097573,0.010644309455482379,True,0.4425027754516002,0.016323292818833064,True,-0.12280215926347288,0.013397127090815485,True,-0.13735626970802378,0.02008523781195598,True,True,0.8293198181712054,never/2,0.0,True,2.321798504359706,1.9031096986497682,0.7097139168234092,471,244,0.11546103305107269,0.007596690431580159,True,0.23862420475236304,0.011340070351588715,True,0.026194387254675995,0.0038082538527889035,True,0.06234893284831357,0.006437156320901977,True,0.14388120878761518,0.008647355764330575,True,0.25840626575886233,0.013639774701452964,True,0.1094963731696189,0.0075822403252580875,True,0.19194868466518933,0.012237439728623295,True,-0.028420175736542486,0.011445143199377424,True,-0.01978206100649929,0.017615367283149747,True,-0.0833019859149429,0.008481451177225282,True,-0.12959975181687577,0.013808977607802149,True,0,,1.5447116189341425,0.0,0.8583445796942513,True,0.6990268623993234,True,0.7466224180427659,True,0.5496450495759484,True,never/death/2/2,0.0,True,0.2555271922540422,True,0.3145981728406131,True,-0.0590709805865709,0.020231019761740878,True,False,0.05619190708175076,0.01690298750167915,0.9982597827911377
1022,-0.08181284111338896,-0.12612389380530975,0.14167737761569865,0.008472591162642805,True,0.3087850768884333,0.01259426009975893,True,0.2533156349065228,0.010713731343520551,True,0.46605625026978803,0.0179719413498665,True,-0.11163825729082416,0.013567335165215398,True,-0.1572711733813547,0.0219496133767141,True,True,0.7785907119718338,never/2,0.0,True,1.8023099595372363,1.2815779364667945,1.5236613670881678,471,208,0.12737572144181936,0.007755706950263132,True,0.2608099132395773,0.011401910349344697,True,0.028083361301067596,0.004018826096568783,True,0.067322100315945,0.006684592726912813,True,0.16659158921539774,0.009173890259477428,False,0.2799907329494267,0.015910572728130113,False,0.1216176973370366,0.008023398243448138,True,0.19996922340280987,0.013893112449777133,True,-0.03921586777357838,0.011935969796107063,True,-0.019180819709849417,0.01946740320496851,True,-0.093534336035969,0.008971308706047496,True,-0.13264712308686488,0.01540732431703165,True,2,never/readmission/1;never/readmission/2,2.328520247266895,0.0,0.844540917257113,True,0.6718679864444776,True,0.7117907134475656,False,0.5200400436477635,True,always/death/2/2,0.0,True,0.27828198032314494,True,0.35051413362035466,False,-0.07223215329720972,0.022054030001314746,True,False,0.07052340067092794,0.017472067083567633,1.0057315826416016
1023,-0.09590134448491389,-0.12029941136517996,0.15555964716946397,0.008520220614766476,True,0.31392002428302723,0.012034390168035565,True,0.2873704223176277,0.011114962077263653,False,0.4722494623832455,0.01657700643098013,True,-0.13181077514816375,0.014293375947367416,True,-0.15832943810021827,0.01921057552941641,True,False,0.8124335359077379,never/2,0.0,True,1.9126600404578777,1.5033474535500893,1.3084230448604597,491,168,0.11396085136658057,0.007542521564358412,True,0.2343859667754685,0.01085695952561597,True,0.029248639431211032,0.004184715254029721,True,0.06933957577345515,0.006603816753565663,True,0.14677538213989672,0.008863106236408748,True,0.23297846574365585,0.013587904687906159,True,0.12301029721377432,0.007916005679266713,True,0.24778446869323914,0.014536866947492826,False,-0.03281453077331614,0.011569635469189926,True,0.0014075010318126413,0.01725372977062592,True,-0.09376165778256329,0.008954254633406378,True,-0.178444892919784,0.01595542235859619,False,2,never/death/2;diff/death/2,2.540607190437887,0.0,0.8567905092022083,True,0.6962744574510764,True,0.730214320646329,True,0.519237065563105,True,never/death/2/2,0.0,True,0.2506605607105402,True,0.29909032838608013,True,-0.048429767675539914,0.020511897514982537,True,False,0.06611186264242427,0.01627459393507172,0.9867520332336426
1024,-0.09986843422426248,-0.13687512132772334,0.14325566945920093,0.00800764597973952,True,0.2991555435673144,0.012754632584546007,True,0.2697575564024833,0.010733164857554463,True,0.4416314605511711,0.017040244878553542,True,-0.12650188694328235,0.012645201524488024,True,-0.1424759169838567,0.021816566725121913,True,True,0.8113087901765997,never/2,0.0,True,1.4306087798443712,1.1689990206757488,1.1005999715089483,511,218,0.10931765213111433,0.0073941524397672835,True,0.2209911067348489,0.010569589433102575,False,0.041414723139470165,0.004794043980077463,False,0.08285583567096691,0.00702068629278098,True,0.14054759637716005,0.008793715341608695,True,0.25999817042682366,0.01489246438412328,True,0.11409893640680335,0.007898098599803671,True,0.19473190815463182,0.013132317864004771,True,-0.03122994424604572,0.011438487825015048,True,-0.039007063691974764,0.018076044440200553,False,-0.07268421326733318,0.009236767777950822,True,-0.1118760724836649,0.014871028805217538,True,3,always/readmission/2;always/death/1;diff/readmission/2,2.4317778309016425,0.0,0.8492676247294155,True,0.6961530575941842,True,0.7453534672160366,True,0.5452699214185446,True,always/death/2/2,0.0,True,0.241243323502096,False,0.32462456950538265,True,-0.08338124600328664,0.02097824007041697,False,False,0.064626399078559,0.020252216767247117,1.0326440334320068
1025,-0.07679542470172099,-0.0855667193240432,0.15070859445100995,0.008176833986844089,True,0.3312264089252335,0.012917580806626396,True,0.2547761139880224,0.011304698886302766,True,0.42686773025188857,0.017281532235846653,True,-0.10406751953701246,0.013861346514471375,True,-0.0956413213266551,0.02094502256006993,False,True,0.7967520875285012,never/2,0.0,True,1.9478506506028443,0.7954158355848956,1.1704021945877534,487,225,0.11547035548521671,0.0078023136531185965,True,0.24544505706781347,0.01174379710631243,True,0.03593446942842145,0.004609048955308434,True,0.08490808441109553,0.007688975785079378,True,0.14039638432806698,0.008664334751904488,True,0.24392185421632556,0.013835166290852243,True,0.1112470762730999,0.00756978928453816,True,0.20441150786204393,0.01287017295262785,True,-0.024926028842850265,0.0115950751818388,True,0.0015232028514879092,0.017997489139153517,True,-0.07531260684467846,0.008860885404318486,True,-0.1195034234509484,0.01498289846755687,True,0,,1.8775042105229478,0.0,0.8485951750863618,True,0.6696468585210911,True,0.7483565393988332,True,0.5516666379216305,True,never/death/2/2,0.0,True,0.26760419553256526,True,0.3005771349992437,True,-0.03297293946667845,0.021292256791554113,True,True,0.05665528078291815,0.022159138464751788,0.9155228137969971
1026,-0.07125690869299534,-0.11574387377772816,0.15137123800350893,0.008129176271061968,True,0.3136633622680624,0.013852097865516048,True,0.2520009560441052,0.01077578856324439,True,0.4527230895889147,0.01707271829590253,True,-0.10062971804059628,0.013359197647280911,True,-0.1390597273208523,0.021904213895216504,True,True,0.8086158242041287,always/2,0.0,True,1.9545325925498194,0.786353160262749,1.530889414281261,420,221,0.09538970134860345,0.0067133006247840745,False,0.24286320461942945,0.011305723900011404,True,0.029886482513005453,0.004157123696873404,True,0.06382359857326207,0.006632604695068063,True,0.13868371156961107,0.008743666489544567,True,0.23256110466874344,0.013656034577823375,True,0.11166045800962209,0.007658275598244751,True,0.2063326417416581,0.013557204447873186,True,-0.04329401022100762,0.010966466745382548,True,0.010302099950686011,0.017581914259812526,True,-0.08177397549661664,0.008713806195451833,True,-0.14250904316839602,0.01508699909077406,True,1,always/readmission/1,3.4753841598069313,0.0,0.8747238161383911,False,0.6933131968073085,True,0.7496558304207668,True,0.5611062535895984,True,never/death/2/2,0.0,True,0.2584233310312786,True,0.28410025397293626,True,-0.02567692294165763,0.020406856696829043,True,True,0.051539149304192816,0.015560126411849173,0.8961129188537598
1027,-0.10330498538484495,-0.15738901621254564,0.1251459358463418,0.008442541828369902,False,0.29940064161812924,0.013473913913057946,True,0.2508617139814585,0.01064816255361192,True,0.45161281283153787,0.017891663986803214,True,-0.12571577813511672,0.013214607445932005,True,-0.15221217121340863,0.021830460864143263,True,False,0.8011664554763481,never/2,0.0,True,1.6773663468506999,0.8260654940280862,1.3806628409035093,438,235,0.11941129186699587,0.007602955568350535,True,0.24512468680856705,0.011436181923340751,True,0.03361771929427449,0.004442776785888058,True,0.06203171737437703,0.006213423995231868,True,0.1390088311197228,0.00856909473173486,True,0.23853814662279219,0.013693675648404223,True,0.11262797023171317,0.007829984661035235,True,0.23932681271320558,0.014326826292076697,False,-0.01959753925272692,0.011383494329705538,True,0.0065865401857748695,0.01774286650595042,True,-0.07901025093743869,0.00899974150307328,True,-0.17729509533882853,0.015591321135923406,False,2,never/death/2;diff/death/2,2.3676694884934273,0.0,0.8469709888387297,True,0.6928435958170559,True,0.748363198648564,True,0.5221350406640022,True,always/death/2/2,0.0,True,0.2602671940452064,True,0.3132531612726879,True,-0.0529859672274815,0.02033046861829523,True,False,0.07471501464989569,0.015142507236639319,0.9580512046813965
1028,-0.06400879311693786,-0.08282764962990774,0.15304892918547228,0.008547558315449712,True,0.32080943952578683,0.013706386263517587,True,0.25157713869396686,0.01088645951284458,True,0.4289504640891073,0.016403045672992132,True,-0.09852820950849459,0.014107342364863114,True,-0.10814102456332048,0.02088531354831392,True,True,0.7994397227958481,always/2,0.0,True,1.8229765993970237,0.956989885348703,1.0377865616819406,513,210,0.11829205241881853,0.007572515347735921,True,0.2623177005569471,0.01184664840573333,True,0.030732221701218754,0.004121945535604126,True,0.07120080180700179,0.0068316244359471825,True,0.1430425035121619,0.008923022636156457,True,0.22870556847212764,0.013844463031849741,True,0.10417171020867844,0.007662965296342616,True,0.20240951824934225,0.014277551432218245,True,-0.02475045109334338,0.011657019058788373,True,0.033612132084819446,0.01815702562103961,True,-0.07343948850745968,0.008699678448369202,True,-0.13120871644234045,0.015818223149032893,True,0,,1.7217650477176278,0.0,0.8509757258799627,True,0.6664814976360511,True,0.7527857862791596,True,0.5688849132785301,True,never/death/2/2,0.0,True,0.2807953797804222,True,0.28229879010677333,True,-0.0015034103263511511,0.020268112478487275,True,True,0.053593221634645694,0.018477679223475096,0.9430546760559082
1029,-0.07433919001540679,-0.10874016541526887,0.14903975212270879,0.00818745644173175,True,0.32330741480023883,0.011873387836190187,True,0.24724209648258966,0.011204781428383432,True,0.4394210122288436,0.01841968046814186,True,-0.09820234435988087,0.014077075701753929,True,-0.11611359742860478,0.02115187026910065,True,True,0.8306812017406866,never/2,0.0,True,1.4046358010661686,0.8543517191310972,1.3209653069763956,454,225,0.11845310609697654,0.0077274665807751455,True,0.24455454262002616,0.011924171198829393,True,0.03639136339581012,0.004560474317809258,True,0.077129830983825,0.007156243042631632,True,0.1418581053917189,0.008572880505846427,True,0.2179708302714896,0.012524863007775573,False,0.12279439927976699,0.007970025701682556,True,0.25000455327766263,0.014065036538111463,False,-0.02340499929474235,0.011482484226415554,True,0.026583712348536542,0.01720284400646356,True,-0.08640303588395687,0.009181271167783316,True,-0.17287472229383763,0.015768192580733344,False,3,never/readmission/2;never/death/2;diff/death/2,2.7836794573247303,0.0,0.8451555305072134,True,0.6783156263961488,True,0.7353474953285142,True,0.5320246164508478,True,never/readmission/2/2,0.0,True,0.2625862920890551,True,0.2746242462942016,True,-0.012037954205146528,0.019794916021618238,True,True,0.05665341602271201,0.01803174946902894,0.9166319370269775
1030,-0.08146890695872558,-0.1361506054133334,0.15493093597285168,0.008087269387658752,True,0.3127111350929357,0.011914311709477663,True,0.2639883160858578,0.010587702813768233,True,0.45819838373470595,0.01679920455933537,True,-0.10905738011300614,0.01419420397351443,True,-0.14548724864177026,0.020764478486725853,True,True,0.7981263553737692,never/2,0.0,True,1.738327787612412,0.40423815608689634,1.2985122427215463,491,246,0.11643193861518644,0.00752041056581794,True,0.25428824405209677,0.011825571382293043,True,0.025789728270724083,0.004049323889733448,True,0.07096411719281946,0.007138301453928429,True,0.13688871071404873,0.008600116491170956,True,0.24787766730183744,0.014192511610503136,True,0.11002432646601402,0.007575617981048506,True,0.19966075929960506,0.013248344502707468,True,-0.02045677209886229,0.011331585091709723,True,0.006410576750259328,0.01830929738555774,True,-0.08423459819528994,0.008589747573301833,True,-0.1286966421067856,0.015041537039646363,True,0,,1.2904059718522238,0.0,0.8577783331140895,True,0.6747476387550837,True,0.7530869628199373,True,0.5524615733985575,True,always/death/2/2,0.0,True,0.2716512536965969,True,0.30481599720404984,True,-0.033164743507452965,0.020605457982306907,True,True,0.0569383299022124,0.017363009644500105,1.000396966934204
1031,-0.07548795291568894,-0.13680237495221942,0.14219980599319076,0.009119038563361413,True,0.3012127697592989,0.012739595617244382,True,0.24706829326475674,0.010091824544831226,True,0.4558906140851253,0.01883514104698591,True,-0.10486848727156597,0.013460267807676663,True,-0.15467784432582643,0.02257791807832981,True,True,0.8463065550220341,never/2,0.0,True,1.480764053891672,1.1224297645277985,1.490445306595336,437,227,0.10989390422612938,0.007245287872903674,True,0.2488538566690047,0.011533173810500664,True,0.027535599539714236,0.004381844760050809,True,0.07661076950649012,0.007781087683665555,True,0.1372134717355628,0.008462840538269444,True,0.21791831099112688,0.012915282849771649,False,0.11236899220408661,0.007535769910165461,True,0.2220182441613571,0.014137154065306218,True,-0.02731956750943343,0.011061892199111604,True,0.030935545677877818,0.017169943910328618,True,-0.08483339266437237,0.008719756428937587,True,-0.14540747465486697,0.01613622916693941,True,1,never/readmission/2,2.046078999295037,0.0,0.8625704962341564,True,0.6745353738245052,True,0.7504175360603506,True,0.560063444847516,True,never/readmission/2/2,0.0,True,0.2663627947613884,True,0.2693915277768593,False,-0.003028733015470908,0.020092153316621553,True,True,0.05147321678573244,0.017508938092383713,0.9545633792877197
1032,-0.09081417120989427,-0.13297466013858605,0.13749977969789814,0.00790237584406461,True,0.3116864731578451,0.012928228203738243,True,0.24960031082998033,0.010481124633615287,True,0.4597581822366037,0.017146249070104116,True,-0.11210053113208218,0.012910846467222747,True,-0.1480717090787586,0.021380299468511617,True,True,0.8509225352128451,always/2,0.0,True,1.4503117030530266,0.6178709718338774,1.997230939084745,457,200,0.11188176256193166,0.0072785950645390856,True,0.2463161018134733,0.01112106122973103,True,0.03337741294294698,0.004458791663873441,True,0.07860691795159125,0.007183563829012441,True,0.1411189761108709,0.008711177670741897,True,0.26257749708218087,0.01447216796226405,True,0.11401706222679364,0.007690967425890329,True,0.1847728530464219,0.012270024023366355,False,-0.02923721354893924,0.01127315139457292,True,-0.016261395268707568,0.018064617698444214,True,-0.08063964928384666,0.00888988665352292,True,-0.10616593509483066,0.014214160148635536,False,2,never/death/2;diff/death/2,2.407040904801798,0.0,0.8547408244951213,True,0.6750769802349355,True,0.7448639616623355,True,0.5526496498713972,True,never/readmission/2/2,0.0,True,0.2650950426544186,True,0.31683963349471933,True,-0.05174459084030075,0.020535964718253783,True,False,0.054262136412538464,0.01877894084094528,0.9144275188446045
1033,-0.08602957109170861,-0.12647370614444237,0.14527037508494547,0.00791171325719985,True,0.30610147302684104,0.011576882008933323,True,0.2548479446421652,0.010228372438143956,True,0.44459572069450415,0.01563580643435198,True,-0.10957756955721973,0.012985648860830855,True,-0.1384942476676631,0.01927229804071006,True,True,0.8298157044548873,never/2,0.0,True,2.1247665519184507,1.2028798069888007,1.2036723711295647,492,247,0.1188201824696009,0.007564365792522123,True,0.23621509970797924,0.010997694516567914,True,0.03883198108780266,0.004785816050996558,True,0.07671029765148521,0.006925991675403403,True,0.13288419407145852,0.008525792306094548,True,0.21081902522998103,0.012864900284126124,False,0.11195642239518008,0.007779111188915751,True,0.2127384331600329,0.013801197169788946,True,-0.01406401160185762,0.01130544142137627,True,0.025396074477998215,0.0168094448673895,True,-0.07312444130737741,0.009132006362451385,True,-0.1360281355085477,0.015430452330929415,True,1,never/readmission/2,2.605925738218517,0.0,0.8423478364425965,True,0.6870746026405355,True,0.7551593835333614,True,0.5764425416099861,True,never/readmission/2/2,0.0,True,0.2563319425418541,True,0.25725966983220644,False,-0.0009277272903523426,0.01989934883572804,False,True,0.04644064460222541,0.020116842833874854,1.0214309692382812
1034,-0.0590434238436969,-0.10714363772269686,0.15769058690935747,0.007933112579159716,True,0.3295498062986556,0.012914539154996076,True,0.24470156629628362,0.010928661516199829,True,0.446041712861129,0.01869622754727009,True,-0.08701097938692615,0.012793156713460234,True,-0.11649190656247338,0.023340957577074373,True,True,0.8139228047608489,never/2,0.0,True,1.552918362030673,0.866260431671041,1.0254751985201394,492,241,0.11845316885765805,0.007609699756601322,True,0.24646547870066388,0.011568187248926547,True,0.03314327715655857,0.004410806059196636,True,0.07174910939348483,0.006853381638401629,True,0.1599800895089246,0.00900624339168579,True,0.24675675300375519,0.013626696829410567,True,0.10794717448757252,0.007520040136296621,True,0.21760916869709068,0.014274680184160447,True,-0.041526920651266536,0.01169754292163889,True,-0.0002912743030913101,0.017690399549308133,True,-0.07480389733101395,0.008717311937022116,True,-0.14586005930360585,0.0158302197999748,True,0,,1.6377627016544205,0.0,0.8484035539857834,True,0.6817854119058513,True,0.7320727360035029,True,0.5356340782991541,True,always/death/2/2,0.0,True,0.2644056390564506,True,0.3018475074763789,True,-0.037441868419928304,0.0201879844339616,True,False,0.05509075447262371,0.017940160355786716,0.9551773071289062
1035,-0.09232705302384869,-0.1582632039531257,0.15151531591510245,0.00815220916061991,True,0.3112788603897967,0.012916178645791284,True,0.26783138205114987,0.010140895238721347,True,0.4864305020881543,0.01798657024383441,True,-0.11631606613604742,0.013108645040353799,True,-0.17515164169835762,0.02149859914859851,True,True,0.8511241993578439,never/2,0.0,True,1.4284284772058207,0.9944312470408833,1.4265544935353662,467,218,0.11778210622783535,0.007523240515788959,True,0.2542337224504582,0.011375359300676695,True,0.025373329566255404,0.0042228175291605915,True,0.06787112748206366,0.006821234551597104,True,0.12256586967832328,0.008321213402859342,False,0.21776798658708776,0.013743316021641793,True,0.12862296792456748,0.008335804591184923,True,0.2449562977606625,0.01436509639671604,False,-0.004783763450487935,0.011161997768983087,True,0.03646573586337046,0.017706772469967227,True,-0.10324963835831208,0.00934872093024272,False,-0.17708517027859882,0.015893867934297222,False,4,never/readmission/1;never/death/2;diff/death/1;diff/death/2,2.7236569024763684,0.0,0.8568445642059093,True,0.6778951500674781,True,0.7488111623971092,True,0.5372757156522497,True,always/death/2/2,0.0,True,0.27147817348509784,True,0.28290262721458204,True,-0.011424453729484196,0.02084304518321047,True,True,0.06513464062749427,0.01724445103463962,1.024306297302246
1036,-0.08115243982554132,-0.13842351775540995,0.14319928261438547,0.008941337460206216,True,0.30694744572785493,0.01324656301955051,True,0.25110897536693294,0.011012990060801944,True,0.4466357797419139,0.017488597871897413,True,-0.10790969275254747,0.013805537478929493,True,-0.13968833401405895,0.022033546808022404,True,True,0.8038803469628599,never/2,0.0,True,1.5964970349310348,0.9887571144273932,1.1610027212238272,500,225,0.1197531332882542,0.0077747394166315245,True,0.25528751227174146,0.011644823122438357,True,0.030486057909715966,0.0040927011470978875,True,0.0763915673404599,0.006771775052995579,True,0.1394412104715464,0.008886709042831904,True,0.24079514548494438,0.01501179038952983,True,0.11285158723631414,0.008022973613008149,True,0.2144730513089525,0.014810958452068238,True,-0.0196880771832922,0.01173212804260059,True,0.014492366786797078,0.01885525269816925,True,-0.08236552932659817,0.009002122685280353,True,-0.1380814839684926,0.016241223700065754,True,0,,0.8741529797037931,0.0,0.8497608088020299,True,0.6683209203877987,True,0.7477072022921395,True,0.5447318032061031,True,always/death/2/2,0.0,True,0.27803525580421146,True,0.31546441059309765,True,-0.0374291547888862,0.02112223941920964,True,True,0.07466926510815328,0.02274774353247,0.9553823471069336
1037,-0.06618064834661036,-0.09541706343578416,0.15027410774084504,0.007779771291358397,True,0.31637884596088134,0.012729533577724847,True,0.25220872632423136,0.011462915321657802,True,0.45523834001336455,0.017273246588842443,True,-0.10193461858338632,0.014119639234535044,True,-0.1388594940524832,0.022100840899655097,True,True,0.815425095315979,never/2,0.0,True,1.8426656994030237,1.5730163234617505,1.374384706221233,454,231,0.11158919166430037,0.007341274416325942,True,0.24163407273448437,0.011061508834392173,True,0.027063258360459655,0.003823291360031121,True,0.06252975261119091,0.006342454325123095,True,0.15088592659126004,0.009141528044397324,True,0.2558521006797446,0.014501391119117872,True,0.12044324206179613,0.008245802520434178,True,0.2095506479829893,0.013490947501681413,True,-0.039296734926959676,0.011637707549041244,True,-0.014218027945260253,0.018066341439599225,True,-0.09337998370133647,0.009084396660966455,True,-0.1470208953717984,0.014897391683786157,True,0,,1.286049490940388,0.0,0.86134754997524,True,0.6958361746543247,True,0.7286708313469439,True,0.5345972513372661,True,always/death/2/2,0.0,True,0.25671426198632596,True,0.3228515792133272,True,-0.06613731722700122,0.02085051324551852,True,False,0.06699947853358257,0.015080189251841597,0.9336965084075928
1038,-0.0965729004421294,-0.13148037118658717,0.13859422498413512,0.007599375948777916,True,0.30659200197451436,0.012956461540815768,True,0.27162109886416796,0.011258545278938322,True,0.46191642453547394,0.01627502383763572,True,-0.13302687388003284,0.013890479788357885,True,-0.15532442256095957,0.019950002313278203,True,True,0.8566936700914359,always/2,0.0,True,2.0587727051021414,1.4203313504480037,1.0994559457894864,458,223,0.10736538283813865,0.00735911887383036,True,0.22607765279195133,0.011174812436063676,True,0.02779927074450213,0.004058041487526001,True,0.07261893563713802,0.007289459857078421,True,0.14033276497175579,0.008561827744829137,True,0.22102764419716675,0.013146033676373068,True,0.10613495281221184,0.007531427737990961,True,0.21893866368777043,0.013760465498672292,True,-0.032967382133617135,0.011220941438925405,True,0.005050008594784577,0.017127545245465576,True,-0.07833568206770972,0.008555528510508075,True,-0.14631972805063242,0.015561825722278615,True,0,,1.844894249993405,0.0,0.8648353464173593,True,0.7013034115709107,True,0.7535322822160324,True,0.5600336921150628,True,never/readmission/2/2,0.0,True,0.2412882481937588,False,0.2745787524260273,True,-0.03329050423226851,0.021006081667025084,True,True,0.053551108228860556,0.01521059540180747,0.9464418888092041
1039,-0.0812567029263061,-0.11672327898550727,0.13518711445132342,0.008612208961106996,True,0.3003338511330492,0.012685973165670775,True,0.24639851753098166,0.009877044928829707,True,0.43065081257104193,0.016163948481350634,True,-0.11121140307965824,0.013263609122345562,True,-0.1303169614379927,0.020039880285671625,True,True,0.8271366074241573,never/2,0.0,True,1.541387309387291,1.3187555434260445,1.167955597277196,482,248,0.11284951867348875,0.007490382896633996,True,0.23764706628193522,0.011466177625308747,True,0.03688654963961065,0.004802810963603674,True,0.08314059000023062,0.007593537523468885,True,0.15179991685565528,0.008759388390413066,True,0.24410010962812287,0.01356923178578932,True,0.11934045189959558,0.007781761407354611,True,0.21334038818659684,0.013088335454108462,True,-0.03895039818216653,0.01145735313729074,True,-0.0064530433461876535,0.01762560010134727,True,-0.08245390225998493,0.009147673343061836,True,-0.13019979818636623,0.015125640606894874,True,0,,1.6683383681290274,0.0,0.8502639316869006,True,0.6792123437178341,True,0.7288596312447492,True,0.5425595021852803,True,never/readmission/2/2,0.0,True,0.25625441114580927,True,0.3034363346554517,True,-0.047181923509642454,0.02043695592062178,True,False,0.059336225027328854,0.018607344863874054,0.9464535713195801
1040,-0.09334364969418205,-0.12108011192929091,0.14974644462476847,0.008981636158161084,True,0.3229098951267198,0.013169813993894263,True,0.27103029436817094,0.01093513097638355,True,0.4449424449088458,0.016040082224334055,True,-0.12128384974340248,0.013982498904909744,True,-0.12203254978212602,0.021134287035850238,True,True,0.8065162221010329,never/2,0.0,True,1.8822229622735445,1.035079694111698,1.3001242251288638,469,217,0.1267153827416973,0.007845537047010577,True,0.23999382217500262,0.010984389780553855,True,0.04088803794188743,0.004909398009037272,False,0.07810218044215982,0.007079388831441625,True,0.14587135020747022,0.008929021163546052,True,0.24502328514964147,0.013929198792047657,True,0.12086421392558547,0.00810056289729562,True,0.2168997853655622,0.013289843684865051,True,-0.019155967465772916,0.011801093381068132,True,-0.005029462974638854,0.017574833957463124,True,-0.07997617598369804,0.009473783588378536,True,-0.13879760492340237,0.015053007133056757,True,1,always/death/1,2.011048589605698,0.0,0.8323965793164152,False,0.6819039973828376,True,0.7332644358669443,True,0.5380769294847964,True,never/death/2/2,0.0,True,0.2579288958719961,True,0.30986891607593,True,-0.0519400202039339,0.020548237525267698,True,False,0.0648456309262885,0.01793507369699346,0.9489235877990723
1041,-0.06728253860294706,-0.11659858708127485,0.1675315643889405,0.009581831926948906,True,0.3404219723573227,0.013846603164106457,True,0.2668110412806426,0.010159368594394712,True,0.48046045925926245,0.01724818668842769,True,-0.09927947689170208,0.013710849470516312,True,-0.14003848690193976,0.0216345574491628,True,True,0.8335059969670652,never/2,0.0,True,1.5729516249848463,1.379800506901111,1.209252736179313,489,209,0.12249411587268659,0.0077354601014899774,True,0.25547336184637354,0.01120419032335306,True,0.02954633751403829,0.004011785010463136,True,0.06768847701725994,0.0065131850321875785,True,0.14471313201519853,0.008681534738348554,True,0.24596277105476827,0.01393453232706328,True,0.11678407539430612,0.007818629866254844,True,0.21171193565126586,0.014330879305198286,True,-0.02221901614251194,0.0115430118495304,True,0.009510590791605267,0.017744334952130687,True,-0.08723773788026783,0.008785151476080043,True,-0.14402345863400592,0.015731601389694712,True,0,,0.783578428516569,0.0,0.8479595466132751,True,0.6768381611363665,True,0.7385027925904953,True,0.5423252932939658,True,never/death/2/2,0.0,True,0.273775190443714,True,0.30062489835704737,True,-0.026849707913333354,0.022588985081097458,True,True,0.054662127302279095,0.018301828597340475,0.9012937545776367
1042,-0.07616365696181573,-0.12372326703867836,0.15210547871127392,0.00880825067077954,True,0.31201494885034103,0.012897098516699401,True,0.2609937735653048,0.010912144033808831,True,0.4534063466863574,0.01573241842826069,True,-0.10888829485403087,0.01389847141304504,True,-0.14139139783601634,0.01942277071404687,True,True,0.8234964268671475,always/2,0.0,True,1.8815795387974368,1.8499591330023124,1.625681231701762,497,199,0.1322622877029615,0.008054738385331953,True,0.258953677250494,0.011462619724497043,True,0.032469065269668376,0.0043352174831685405,True,0.06105731255467214,0.006268984569188867,True,0.1370220884376137,0.008550230785159556,True,0.24303231275256099,0.0147113690883697,True,0.11006899395456267,0.007598291931815352,True,0.20580206339501944,0.013708250053368433,True,-0.004759800734652209,0.01166956581916379,True,0.01592136449793302,0.018486098720871473,True,-0.07759992868489429,0.008744129683642405,True,-0.1447447508403473,0.015063273365642922,True,0,,1.863753939296628,0.0,0.8352686470273701,True,0.6799890101948338,True,0.7529089176078236,True,0.5511656238524196,True,always/death/2/2,0.0,True,0.27540230973181423,True,0.3081439753073531,True,-0.03274166557553887,0.020826580609549273,True,True,0.06511166255479212,0.016448632481320224,0.9872527122497559
1043,-0.04603356478081044,-0.07304147465437788,0.16475106776413553,0.009418332895090684,True,0.32799600934630463,0.013152811163151569,True,0.2468719082677396,0.010550418740117529,True,0.45588494743822844,0.017144959232998157,True,-0.08212084050360408,0.014638684159417511,True,-0.1278889380919238,0.020382176449901306,True,True,0.8218175123976241,always/2,0.0,True,2.280302386652463,1.9473264310591127,1.7231720488776576,476,217,0.12603812727595698,0.00775244323321701,True,0.2502487293688728,0.012145684112367485,True,0.031536666142404565,0.004322769152011057,True,0.05744018664363871,0.005863192820486188,False,0.14391181872826894,0.008891556143640044,True,0.26313681025932933,0.01466747806262659,True,0.0986784095925078,0.007299048873613719,True,0.19114180047251805,0.01293785750077151,True,-0.017873691452311963,0.011720478493556582,True,-0.01288808089045651,0.01889035709979279,True,-0.06714174345010324,0.00848300071506295,True,-0.13370161382887935,0.014195376332560902,True,1,always/death/2,2.2226479250055897,0.0,0.8424252065816384,True,0.6923110839874884,True,0.7574097716792232,True,0.5457213892681526,True,never/death/2/2,0.0,True,0.26555008314092793,True,0.3177481950839084,True,-0.05219811194298046,0.022237541759507505,True,False,0.05461138482457906,0.015301353772055104,0.9246482849121094
1044,-0.05239938788954682,-0.0776316443913912,0.15762328973298895,0.008492554619075058,True,0.3399028219175205,0.013910832035225754,True,0.2425990878470261,0.010235176061094418,True,0.47555206165998704,0.017225743931863675,True,-0.08497579811403716,0.013343740244589973,True,-0.1356492397424665,0.02208894340463796,True,True,0.7909904144583686,never/2,0.0,True,2.4019436849972546,1.273119996297251,1.7908475918333737,449,244,0.11170515708017567,0.007295188888539658,True,0.23324193756720882,0.011425082694204194,True,0.028532581595275514,0.0041315309013973,True,0.06610859789604771,0.007132035383264978,True,0.14962392368895142,0.008969770822087695,True,0.24365121684273774,0.013392813962137144,True,0.11766250509874476,0.008045257513799932,True,0.241081211850417,0.013858952276392786,False,-0.037918766608775745,0.011485697810646029,True,-0.010409279275528927,0.017463491754638117,True,-0.08912992350346925,0.009044531186581928,True,-0.1749726139543693,0.015586027092230703,False,2,never/death/2;diff/death/2,2.2194632249557023,0.0,0.8597622613245488,True,0.7006494645367435,True,0.7327135712123038,True,0.5152675713068453,True,always/death/2/2,0.0,True,0.24775332964224214,True,0.32187857316124074,True,-0.0741252435189986,0.019827726599057963,True,False,0.078227356318503,0.014511392075033325,1.015235185623169
1045,-0.09539988351244247,-0.1250431014625879,0.14022131491338086,0.007932381394175193,True,0.33747129365138184,0.013377746413255103,True,0.26722310495366913,0.010826557224302157,True,0.47095345053914156,0.01650819525988025,True,-0.12700179004028828,0.013020275069050695,True,-0.13348215688775972,0.02147827522420765,True,True,0.8416129289959142,always/2,0.0,True,1.735434337258069,0.8881213317722685,1.0752321135625467,471,234,0.11709083228998281,0.007568941951002477,True,0.25083989968686304,0.01146837167276528,True,0.038826669916689864,0.004662730896867847,True,0.0858324225639252,0.007429899049597482,False,0.13856808786459396,0.008820247280018779,True,0.25535024955801666,0.01386167144309263,True,0.11789101616382053,0.00803674524874142,True,0.2016156550728306,0.012654549872693576,True,-0.02147725557461115,0.0115530609304036,True,-0.004510349871153618,0.0178668988727166,True,-0.07906434624713066,0.009286380177032334,True,-0.1157832325089054,0.014653598026001685,True,1,always/death/2,2.067379712885514,0.0,0.8440824977933273,True,0.6633276777492118,True,0.7435408959715855,True,0.5430340953691527,True,never/death/2/2,0.0,True,0.27541394539901937,True,0.3134485708025398,True,-0.03803462540352043,0.0210053466005097,True,True,0.05809832124452313,0.024574045712156323,0.9875578880310059
1046,-0.06892411328371065,-0.1170681253223162,0.15587901173189342,0.008423028318520103,True,0.3234039492203757,0.013704552206155927,True,0.256926769994006,0.011066490137315142,True,0.44575127824260924,0.017009696367997307,True,-0.10104775826211257,0.0130810506736647,True,-0.12234732902223355,0.021926251958181476,True,True,0.7849223512769073,never/2,0.0,True,1.4144762676609437,0.7742852973640092,0.9351684338934155,464,240,0.1038925660000231,0.00718657644974579,False,0.2284806728893267,0.011216148055674925,True,0.03150779866112496,0.004223098835586676,True,0.06956677594346425,0.006673243054053541,True,0.14156416300338867,0.008417001920901888,True,0.2423330409403543,0.013555781691896331,True,0.12532084425376994,0.00793930554644368,True,0.23004611789335905,0.013685948039374752,True,-0.03767159700336557,0.01098668607764019,True,-0.013852368051027603,0.0174271892744476,True,-0.09381304559264497,0.008990631860527773,True,-0.1604793419498948,0.015215235468915837,True,1,always/readmission/1,2.0633515977557604,0.0,0.864599635338852,True,0.7019525511672091,True,0.7331149927428414,True,0.5276208411662866,True,always/death/2/2,0.0,True,0.24481641117744118,True,0.3077161194494974,True,-0.06289970827205621,0.020255149247712614,True,False,0.0653830785091431,0.016335738288114493,0.9862205982208252
1047,-0.10354795555027707,-0.15046199259414517,0.13541156805549776,0.007987900728845832,True,0.32299046149570465,0.013449727579192567,True,0.2663162753399263,0.01059409808875961,True,0.47950358093944434,0.01544985947110688,True,-0.13090470728442855,0.013089810654175292,True,-0.1565131194437397,0.02054181711345351,True,True,0.8666964588846338,always/2,0.0,True,1.5380107934705045,0.9330442210776304,1.4272090745839254,502,201,0.1204764929988912,0.007681883943902908,True,0.25461689287405714,0.011414505019567369,True,0.03104436973628374,0.004180691363704816,True,0.07177955381514564,0.006964092154597445,True,0.15130218308247043,0.009313138601156422,True,0.2442259238388881,0.013796652389404604,True,0.10141559846901865,0.007658156213040165,True,0.1744263762679596,0.012492062911460603,False,-0.03082569008357923,0.011992906487555218,True,0.010390969035169034,0.01773257493709424,True,-0.07037122873273491,0.008723805638258178,True,-0.10264682245281395,0.014292396632772623,False,2,never/death/2;diff/death/2,2.9159013999699304,0.0,0.848479137264825,True,0.6736035533107972,True,0.747282218448511,True,0.5813476998931523,False,always/death/1/1,0.0,True,0.27344574004764965,True,0.2886651206063193,True,-0.01521938055866967,0.02031814844713642,True,True,0.044439196767431216,0.01882884717359251,0.9161660671234131
1048,-0.06707470182046454,-0.12674922517542564,0.15154361648053202,0.00810274803753198,True,0.31662685911759536,0.012750447316687678,True,0.2530452382762108,0.01041220053961118,True,0.49228721220598637,0.016713505258248346,False,-0.10150162179567876,0.013533342910606457,True,-0.175660353088391,0.02107717608067416,True,True,0.752188463648408,never/2,0.0,True,1.9713434043879772,2.0303020025260015,1.5135384562522902,472,225,0.10788273757283173,0.007395894393236584,True,0.232596963690586,0.011206158978919922,True,0.03795484884407948,0.0047877695447224285,True,0.07133827833630067,0.0069546184091999145,True,0.1366916872039953,0.008357690382862838,True,0.24484173282738944,0.013463417432486855,True,0.10478135250828012,0.007313563559908709,True,0.21155498812345455,0.012949876115147804,True,-0.028808949631163566,0.011110637348544653,True,-0.012244769136803446,0.017381308607355858,True,-0.06682650366420065,0.008742593062061906,True,-0.1402167097871539,0.01468125229684355,True,0,,1.700925140886314,0.0,0.8541624135830888,True,0.6960647579731134,True,0.7585269602877246,True,0.5436032790491561,True,never/death/2/2,0.0,True,0.2513817457223787,True,0.30828368259054306,True,-0.05690193686816436,0.019647171475619542,True,False,0.06344194976315362,0.018784782031792707,0.8732438087463379
1049,-0.06984956350868149,-0.09597066968962104,0.1458671797371612,0.008696381679662349,True,0.32572959465758583,0.01498025009949103,True,0.24147758511018014,0.010433377336864034,True,0.4623246645432647,0.017775474986349092,True,-0.09561040537301893,0.013286193879650698,True,-0.13659506988567888,0.02220840825391186,True,True,0.8167456108026233,always/2,0.0,True,1.3095985050964765,1.2542799027571099,1.9362585091556181,459,214,0.12860494578430007,0.007788233742459941,True,0.2519074341092179,0.01112903099262276,True,0.030468428888678237,0.004304935193946403,True,0.0679070010707656,0.006742915858297259,True,0.14322973045704185,0.008890529303128726,True,0.24693915460797922,0.014360288537695505,True,0.10976695884930847,0.0076163601065485685,True,0.1943653329228772,0.013298741740888582,True,-0.01462478467274178,0.011715942888733868,True,0.0049682795012386816,0.01795572862327195,True,-0.07929852996063023,0.008748569177024306,True,-0.12645833185211158,0.014909120457198116,True,0,,1.2690869472002,0.0,0.8409266253270217,True,0.6801855648200166,True,0.7470033106936497,True,0.5586955124691436,True,never/death/2/2,0.0,True,0.2700351018066123,True,0.2964755563887761,True,-0.02644045458216382,0.021039848277201165,True,True,0.04953640178079688,0.01812766769739438,0.931995153427124
1050,-0.05697607264675006,-0.09218592637856304,0.15922308698939763,0.00960625537978242,True,0.3174806823702289,0.01260504892679788,True,0.25293613412818317,0.011017569639028587,True,0.44473626124640475,0.017904400112812222,True,-0.09371304713878553,0.014431327371607598,True,-0.12725557887617583,0.021497283360929747,True,True,0.7886310104149507,always/2,0.0,True,1.9989403443339335,1.161351429464717,1.3383407694880571,497,223,0.123037986068397,0.007751938561610576,True,0.23829944853355112,0.010932564086576814,True,0.03388516006089814,0.004582664264435405,True,0.074341064474513,0.0070286277759882216,True,0.14342287585234886,0.008729571120249855,True,0.235260022269638,0.016063190735124352,True,0.12131199062611941,0.007933190400205748,True,0.2246276474878403,0.01432661309593057,True,-0.020384889783951865,0.011603082457681642,True,0.0030394262639131253,0.019313570515299184,True,-0.08742683056522127,0.00916295550894299,True,-0.1502865830133273,0.01595016739127327,True,0,,1.0840519629903709,0.0,0.8430768538707049,True,0.6873594869919359,True,0.7352651335215317,True,0.5401123302425217,True,never/readmission/2/2,0.0,True,0.2565175303192211,True,0.3026005377764878,True,-0.046083007457266734,0.021932911903184523,True,False,0.06734051550684983,0.01821808178566997,0.971707820892334
1051,-0.08322101041717611,-0.13860960540887102,0.1569645571816127,0.009036225837129671,True,0.33556631247647656,0.013132541659674675,True,0.2645982683416582,0.010367968753065409,True,0.47937324313627916,0.016121155168255758,True,-0.10763371116004553,0.013267934852835091,True,-0.1438069306598026,0.020861896442637275,True,True,0.7841058647564598,always/2,0.0,True,1.5418279713064638,0.689783453694486,1.8445136032493465,493,219,0.11703723733409348,0.007511997031494478,True,0.23948050295931347,0.011060126398036892,True,0.03176503893482813,0.0041566828226259275,True,0.06949284351399593,0.006575899082178502,True,0.13367947692518067,0.008680964495210056,True,0.2513606966908091,0.014272209767422103,True,0.11244323742328352,0.007873299782268271,True,0.21222456745971102,0.013736144860177626,True,-0.016642239591087196,0.01141515692648922,True,-0.011880193731495653,0.017918461115340557,True,-0.0806781984884554,0.008899216809470381,True,-0.1427317239457151,0.015207467129285111,True,0,,1.3305575758537684,0.0,0.8511977237310784,True,0.6910266535266906,True,0.7538772856515358,True,0.5364147358494799,True,always/death/2/2,0.0,True,0.2574437951936385,True,0.31683811440477766,True,-0.059394319211139135,0.020502394403748087,True,False,0.06547741771396853,0.01796329223432505,0.9400308132171631
1052,-0.06834298144557105,-0.09119472905200537,0.14873738193787112,0.008704311895427887,True,0.3214904363730747,0.0140837936003047,True,0.24654114591575743,0.010641546510420631,True,0.4131204551171581,0.018014810103165486,False,-0.09780376397788632,0.013698429426188895,True,-0.09163001874408344,0.022243103607010428,False,True,0.8277351583020897,never/2,0.0,True,1.6907621498697982,0.9217641002635916,0.8242581081854176,508,214,0.1352484004098876,0.008325374229686006,False,0.25002223525245143,0.011214077251429987,True,0.03189090466469495,0.004277100493941845,True,0.06405312339228802,0.006233637754710217,True,0.14850680968435886,0.008788839423735326,True,0.2417779945202593,0.013548592945370284,True,0.12264699513303694,0.007964567132379363,True,0.20659329570659873,0.012856888640808462,True,-0.013258409274471278,0.012020603211224216,True,0.008244240732192126,0.017399895130513748,True,-0.09075609046834199,0.009035009685914364,True,-0.1425401723143107,0.01427250216261986,True,1,always/readmission/1,1.9851840834920558,0.0,0.8328606949254175,True,0.6859246413552605,True,0.7288461951826042,True,0.5516287097731419,True,always/readmission/2/2,0.0,True,0.2691071677448972,True,0.29876560954664616,True,-0.02965844180174898,0.02040971693586526,True,True,0.056987615026386856,0.01908493249244575,0.9797077178955078
1053,-0.07239285263423667,-0.1351775395939518,0.16713377055010567,0.008653666037947493,False,0.32539961540854345,0.014254768555049407,True,0.271037210882051,0.011084084591606364,True,0.4777230542493877,0.01703993204746837,True,-0.10390344033194535,0.014202354653040235,True,-0.15232343884084426,0.021787247053529565,True,True,0.8330532545340812,never/2,0.0,True,1.5969506700823441,0.8739471444878631,1.5677032810949243,451,212,0.11974158927783576,0.007659877032576942,True,0.24642763107013513,0.011407173296027685,True,0.031042056178056165,0.00432116949016308,True,0.06612839074158626,0.007280022816370052,True,0.1393355850435841,0.008812534125124595,True,0.2624909780931214,0.015422595454460881,True,0.11603240143345224,0.00796597000056426,True,0.21164743831964997,0.014357772341560602,True,-0.01959399576574833,0.011619265993736059,True,-0.016063347022986257,0.01907407922684197,True,-0.08499034525539607,0.009063396545053426,True,-0.14551904757806372,0.016097233146319685,True,0,,1.1766487778730195,0.0,0.849216354544108,True,0.6874439781882786,True,0.7446320135229636,True,0.5258615835872287,True,never/readmission/2/2,0.0,True,0.261996451556867,True,0.32832643020761487,True,-0.06632997865074786,0.022887427652217233,True,False,0.06583545211449349,0.015568820486731888,0.9412546157836914
1054,-0.07708728984190902,-0.1380993396497272,0.15084041129723272,0.008318426172033417,True,0.312812600476289,0.012734489860434411,True,0.25526563972699884,0.011091286493082197,True,0.46104636753087946,0.018515154527850183,True,-0.10442522842976612,0.013870599175863372,True,-0.14823376705459046,0.02205574012579281,True,True,0.7831545530812233,never/2,0.0,True,1.6709884180633403,1.409657606618352,0.8756027808421708,485,223,0.12547930705061253,0.007678231362194092,True,0.24554623690788693,0.011239137392224605,True,0.03833669908922039,0.004668350346813538,True,0.08291908271847359,0.0073764946231068915,True,0.14427638371784685,0.008927607637932084,True,0.2667745360465533,0.014569326314870507,True,0.10974922391234405,0.00785547268795914,True,0.19200513665766414,0.012636971489230724,True,-0.01879707666723432,0.011714243383470492,True,-0.02122829913866639,0.01824498016651935,True,-0.07141252482312366,0.009137848499492991,True,-0.10908605393919055,0.014622264971022926,False,1,diff/death/2,2.140157227544772,0.0,0.8361839938601671,True,0.6715346803736395,True,0.7459743923698091,True,0.5412203272957825,True,never/death/2/2,0.0,True,0.2653561558559392,True,0.3247800960785296,True,-0.0594239402225904,0.020893852224955135,True,False,0.05800556003197627,0.019809918948052258,1.012404203414917
1055,-0.06327845498842535,-0.10667613749269272,0.16360396528432652,0.00859064675517727,True,0.33119868211911757,0.013383927300950709,True,0.25410564816526754,0.011494424160151393,True,0.4643168068321859,0.017485316833823743,True,-0.09050168288094101,0.014588137201006277,True,-0.13311812471306833,0.021699221814247237,True,True,0.808036093158759,never/2,0.0,True,1.4820533128479076,1.039485427285844,1.5031248366381655,467,209,0.12545877717252318,0.007729768363878649,True,0.24994229848380775,0.011092063050408083,True,0.023493036415231663,0.00362271886745546,False,0.05874347585961793,0.006179738871995954,True,0.1483835899399924,0.008791863535636504,True,0.250863657722642,0.014189645705057178,True,0.13028528024787514,0.008217471170438369,False,0.20608336159706941,0.013551204118316437,True,-0.022924812767469216,0.011623918762602036,True,-0.0009213592388342684,0.017826495429864017,True,-0.10679224383264348,0.008980024091765846,False,-0.1473398857374515,0.014888062135202827,True,3,always/death/1;never/death/1;diff/death/1,2.7945630853768346,0.0,0.8510481864122452,True,0.6913142256565743,True,0.7213311298121324,True,0.5430529806802886,True,never/death/2/2,0.0,True,0.2648667931694083,True,0.3125950373621994,True,-0.04772824419279109,0.020746040900642353,True,False,0.06173137963955738,0.014924494685600559,0.9358062744140625
1056,-0.1027527551586119,-0.1623727679727266,0.14890979080637282,0.008066770108409019,True,0.3148730279248529,0.013106197027087308,True,0.27855531716682697,0.010997719993292538,True,0.4853295522287749,0.017108613131240645,True,-0.12964552636045415,0.013191259588448018,True,-0.170456524303922,0.021794710947023198,True,True,0.7928171008798828,never/2,0.0,True,1.3017063668910485,1.3508953249671187,1.4571959337525173,454,215,0.12179154562844961,0.0075489520969586965,True,0.2568968982479611,0.011372681134013601,True,0.03301759958617202,0.004270138666293092,True,0.07137030932395316,0.006688627133927819,True,0.14980112041979526,0.008747557910810711,True,0.2613719275518813,0.014730502098240481,True,0.10676046388844584,0.007506053367984579,True,0.1940032493403844,0.013436428411428064,True,-0.02800957479134565,0.01148212550371776,True,-0.0044750293039202416,0.018466408146678232,True,-0.07374286430227382,0.008634304038529144,True,-0.12263294001643124,0.014995937835175421,True,0,,1.2539605126973525,0.0,0.8451908547853784,True,0.6717327924280858,True,0.7434384156917588,True,0.5446248231077343,True,never/death/2/2,0.0,True,0.27618850317293775,True,0.31799147605718076,True,-0.041802972884243006,0.021679569255160423,True,False,0.05661954850529943,0.01929160492497667,0.9871783256530762
1057,-0.06995011516778865,-0.13486653447856162,0.15483379555489954,0.008097956017001105,True,0.30586764097061053,0.012013939583052715,True,0.2562306350777828,0.010734554697907512,True,0.44504084484722245,0.018062415721938098,True,-0.10139683952288328,0.014148313780172759,True,-0.13917320387661192,0.022944980343804124,True,True,0.8426024298570707,never/2,0.0,True,1.3495193756061985,1.2988154161687082,1.4041573308212822,488,229,0.11881107462101587,0.007641971024806513,True,0.2447263042423578,0.011275544126071384,True,0.02499189638750546,0.003832004486118727,True,0.055178603829352475,0.006017964608775584,False,0.14280974009378208,0.008938797807403767,True,0.24013591333147735,0.013303309957463249,True,0.11693782372835264,0.008046407771920278,True,0.19856921833902308,0.012742473165577806,True,-0.023998665472766217,0.01169630764261832,True,0.004590390910880454,0.017302617499256073,True,-0.09194592734084718,0.008910852538866703,True,-0.1433906145096706,0.014077222501017402,True,1,always/death/2,2.5412904802308445,0.0,0.8561970289914786,True,0.7000950919282898,True,0.7402524361778653,True,0.5612948683294996,True,always/death/2/2,0.0,True,0.25734034893140245,True,0.2937379996687383,True,-0.03639765073733586,0.01999824459933245,True,True,0.05360208633726096,0.012614044689044646,0.8955893516540527
1058,-0.0851376599112541,-0.12830337128690822,0.14372138831572334,0.008789557707570424,True,0.3121577687659041,0.01386507362854324,True,0.26030567529025767,0.010362645655707938,True,0.4544393830408084,0.016342013215119768,True,-0.11658428697453432,0.013842269172987337,True,-0.14228161427490427,0.020962587135690245,True,True,0.8057121458694747,never/2,0.0,True,1.9049451267194841,1.0898220287334086,1.1967617807714805,457,214,0.1388988744099505,0.008181598490485002,False,0.2616193243475112,0.011150737866366032,True,0.029859289213088197,0.00419337711007232,True,0.07048215025065278,0.006774581854817071,True,0.148029129967585,0.008685295430273018,True,0.2541320672936692,0.013800303609553788,True,0.11326392528581279,0.0076454127995539,True,0.19428030694341436,0.012637002346318718,True,-0.009130255557634498,0.011847329336339653,True,0.007487257053841956,0.017604598848583522,True,-0.0834046360727246,0.0087200482350176,True,-0.12379815669276158,0.014328175975955771,True,1,always/readmission/1,2.466250871809082,0.0,0.8312418363769614,False,0.667898525401836,True,0.7387069447466021,True,0.5515876257629164,True,always/death/2/2,0.0,True,0.28027431173872686,True,0.3074208677122948,True,-0.027146555973567965,0.0203735571877034,True,True,0.053288800418625604,0.018654987391215683,0.9484126567840576
1059,-0.06590072843538508,-0.13721804511278202,0.1687535834809005,0.00935002826303267,False,0.3230057507445829,0.012268276197282905,True,0.2612873244591276,0.010233455240537608,True,0.47586895808815594,0.017826020006296524,True,-0.09253374097822711,0.013533623085010826,True,-0.15286320734357306,0.021809944025128147,True,True,0.8295503381756202,never/2,0.0,True,1.2934071059443466,1.2414804965603385,1.36451138807719,519,212,0.13183151234646504,0.007894885782999295,True,0.2579484269813439,0.011372913958811346,True,0.034638684796679586,0.004378824064643058,True,0.07975868080442712,0.0073047157830442655,True,0.14707219448411507,0.00897983223442779,True,0.23219965968040346,0.013612392335806283,True,0.11943075462153012,0.00820118112056223,True,0.21240702530902494,0.014216512962268463,True,-0.015240682137650036,0.011880276422354074,True,0.025748767300940445,0.017573820431135756,True,-0.08479206982485053,0.009290125824690309,True,-0.13264834450459784,0.015967361307081845,True,0,,1.660633567960791,0.0,0.8335298028568554,True,0.662292892214229,True,0.7334970508943548,True,0.5553933150105717,True,always/readmission/2/2,0.0,True,0.2787787994854106,True,0.29408384633227097,True,-0.015305046846860348,0.02020956015933202,True,True,0.06188418665186751,0.02083037250406672,0.9667303562164307
1060,-0.06230963402853845,-0.09649712063730687,0.16639625285449222,0.008662846454695741,True,0.3278862807636097,0.012345456071930508,True,0.266800533539823,0.011219886095652592,True,0.458211677389501,0.017550389400422087,True,-0.1004042806853308,0.01442619025817337,True,-0.13032539662589132,0.02095397278039242,True,True,0.8060065918571206,never/2,0.0,True,1.6827309879445562,1.197855362876722,1.5411790360994013,509,237,0.11305516427112275,0.007403983817199367,True,0.25981954725910605,0.011877935011393023,True,0.02869696565739041,0.003982034853478174,True,0.0717035064256891,0.006725206334458218,True,0.15733972072044036,0.009118464630526853,True,0.24269576346970945,0.014206229623796878,True,0.10811731353343484,0.007696110589662282,True,0.2039998523785296,0.014065905385128212,True,-0.044284556449317614,0.01161603691091744,True,0.017123783789396607,0.018349165396826714,True,-0.07942034787604443,0.008661670062683752,True,-0.1322963459528405,0.015569202589006502,True,0,,1.530259983300422,0.0,0.8582478700714868,True,0.6684769463152048,True,0.7345429657461248,True,0.553304384151761,True,always/death/2/2,0.0,True,0.2812700323826814,True,0.301482638927055,True,-0.020212606544373624,0.02092866447016635,True,True,0.058786875457345567,0.021450485123575336,0.9443655014038086
1061,-0.0845529490695821,-0.09439277077613617,0.14173336479692558,0.008591380490329112,True,0.3075748429539501,0.013617665588049261,True,0.2652532112391212,0.01058038622588249,True,0.43414106044006073,0.016240868720159007,True,-0.12351984644219563,0.013974052649567368,True,-0.12656621748611063,0.021633373899042976,True,True,0.8273738701097905,never/2,0.0,True,1.8362097184241084,1.3752796021040812,1.4132609262211384,487,224,0.10960293371914019,0.007297346285204016,True,0.24533619633363185,0.011153534925149812,True,0.029031145174527182,0.00427270754907594,True,0.06635758303102625,0.006618908440677038,True,0.1508262580031201,0.009120747593228937,True,0.23981306299343758,0.014442348675183287,True,0.11129774056785911,0.007863226330112695,True,0.20826393556352685,0.014203014998670601,True,-0.041223324283979915,0.011579889753666911,True,0.005523133340194275,0.01806495419477135,True,-0.08226659539333193,0.00895169593461304,True,-0.1419063525325006,0.01566407448621555,True,0,,1.270679133997838,0.0,0.8613659211063326,True,0.6883062206353419,True,0.7378760014290208,True,0.5519230014430356,True,never/readmission/2/2,0.0,True,0.2623865415274615,True,0.29812180417365186,True,-0.03573526264619037,0.020704102393540515,True,True,0.058308741180214285,0.01705034519382964,0.9837186336517334
1062,-0.09018892875548165,-0.11953288628403469,0.13857291599378307,0.008088124449270144,True,0.3176556119025424,0.013459654903306853,True,0.26212969065061015,0.011291624701342977,True,0.45991507947847204,0.018044290500533577,True,-0.12355677465682707,0.013421329816014925,True,-0.14225946757592967,0.022494982396695114,True,True,0.8149388684488919,never/2,0.0,True,1.7483893194725235,1.5346229046538125,1.0423836117050418,485,235,0.11461098260729381,0.007443286455459526,True,0.2623644525458438,0.012006384259537192,True,0.03314443080369684,0.004336915541986098,True,0.0770700379991338,0.007179184820001029,True,0.13810731881919203,0.008566130360448352,True,0.23154336492692226,0.014315022910137726,True,0.11451324835866622,0.007740128192708193,True,0.22914716276985928,0.01394361941239444,True,-0.023496336211898214,0.01126290911892758,True,0.030821087618921522,0.018542667109548404,True,-0.08136881755496939,0.008870813332936461,True,-0.1520771247707255,0.01568319233836946,True,0,,1.5354364855237337,0.0,0.8522445865890094,True,0.6605655094550225,True,0.7473794328221417,True,0.5393094723032185,True,always/death/2/2,0.0,True,0.2816472021658872,True,0.29398471628916945,True,-0.012337514123282267,0.02125858498197069,True,True,0.06244135136224718,0.019282749620043393,0.911808967590332
1063,-0.07716884686298472,-0.11108873330208574,0.14780072928810276,0.007912984864332279,True,0.31555775329338576,0.013187319550980937,True,0.2524331757589921,0.011552919866635947,True,0.4373368924115898,0.016612729352459832,True,-0.10463244647088935,0.013613239996909087,True,-0.12177913911820404,0.021299097236912184,True,True,0.8618871382991642,always/2,0.0,True,1.544184637571727,0.9938350902848497,0.9649258821927722,501,201,0.11979280692128856,0.007596373371932775,True,0.2554335041285409,0.011446675461954367,True,0.0313369852605238,0.004258763974559156,True,0.062204212756213656,0.006048866466671628,True,0.15050679160730873,0.009014976937844674,True,0.24386627766202862,0.014611426828973968,True,0.1001706089065593,0.007378656072838452,True,0.2037179651859766,0.014693691532320082,True,-0.03071398468602017,0.011727866128123833,True,0.01156722646651226,0.018455591499591906,True,-0.06883362364603549,0.008519886510395728,True,-0.14151375242976294,0.015870160301411786,True,0,,1.6996850062719129,0.0,0.8488702078181877,True,0.6823622831152455,True,0.749322599486132,True,0.5524157571519948,True,always/death/2/2,0.0,True,0.27225831757443,True,0.29999226227477244,True,-0.02773394470034246,0.02154110742451227,True,True,0.05612598461274382,0.016824813445889097,0.9161295890808105
1064,-0.07532298221882411,-0.1238692025947663,0.1511078138585515,0.008365902583177442,True,0.29462667825706007,0.012250793491659202,True,0.25084182131770805,0.010493634395768631,True,0.4259999904886385,0.01677327367382872,True,-0.09973400745915656,0.012479244323438736,True,-0.13137331223157844,0.020692532778558932,True,True,0.8486498352822202,never/2,0.0,True,1.2768981801434316,0.9652300134235171,1.2564147106087755,477,224,0.12309026836108257,0.007791462029602373,True,0.2515595147856952,0.011305192685578655,True,0.03311464912212349,0.00449170685765958,True,0.06436952278627762,0.006468770973723349,True,0.14360663687366257,0.008672492823722492,True,0.2131891920092187,0.012871225161477658,False,0.11476728953637894,0.007740408293557893,True,0.23248248864309665,0.014329297739137508,True,-0.02051636851258,0.011614930488617621,True,0.038370322776476506,0.017014229770547024,False,-0.08165264041425545,0.008948569284959655,True,-0.168112965856819,0.01570883824492071,True,2,never/readmission/2;diff/readmission/2,2.4205005817180987,0.0,0.8437950825167939,True,0.6840709624280272,True,0.7416260735899585,True,0.5543283193476847,True,always/death/2/2,0.0,True,0.2675735309410054,True,0.26719019247920905,False,0.00038333846179633424,0.019519785409891424,False,True,0.054001000469990346,0.016014016155310173,0.9838883876800537
1065,-0.07931548194869018,-0.14546271672490185,0.15608702743064454,0.008860891625649535,True,0.3049102695707762,0.013103015236434505,True,0.2583194151275852,0.011480589875970133,True,0.45205227534000547,0.017709554733201995,True,-0.10223238769694068,0.013974105725948975,True,-0.14714200576922926,0.020954364688800495,True,True,0.8165228716947208,always/2,0.0,True,1.440841559280023,0.7460634445094689,1.191411528547346,457,214,0.10624414416476978,0.007410962289644133,True,0.248106132275717,0.011582221934463045,True,0.033285368923289406,0.004455295660699432,True,0.07340797311063187,0.006839199680539409,True,0.14034255877701535,0.008635590061924209,True,0.23956209342758894,0.014634929922510326,True,0.12207902358818384,0.008025006313769746,True,0.21410127514292587,0.014796383366108374,True,-0.03409841461224557,0.011313734925450153,True,0.008544038848128072,0.018506300413880402,True,-0.08879365466489444,0.00917677800214015,True,-0.14069330203229402,0.016291261453793227,True,0,,1.6835675783514668,0.0,0.8604704869119408,True,0.6784858946136512,True,0.7375784176348008,True,0.5463366314294852,True,never/death/2/2,0.0,True,0.26833863879457315,True,0.3003212328943731,True,-0.03198259409979998,0.023226866783929614,True,True,0.060759139466784184,0.020232506518856136,0.9773759841918945
1066,-0.09336713732851748,-0.1413529851721163,0.13951545993537268,0.008159147692656955,True,0.3069523886253763,0.013745349399269115,True,0.26259125795568083,0.010778331298436639,True,0.4449613764233008,0.01732120304689861,True,-0.12307579802030816,0.013041723851988997,True,-0.13800898779792448,0.021580018363485394,True,True,0.8079957724142705,never/2,0.0,True,1.5750178598358293,0.6292778470034831,1.0922941886088762,487,228,0.11260018476290505,0.007473858943481361,True,0.2490314577010974,0.011371903469524214,True,0.039016567269491424,0.004627668436925405,True,0.07880245145250303,0.007115363825716348,True,0.13799897054655677,0.008490812462954184,True,0.2367713730659277,0.01376004427629967,True,0.10670333350660315,0.007535145730841714,True,0.2014464465799872,0.013617191231526854,True,-0.02539878578365172,0.011239728393268788,True,0.012260084635169699,0.017691267601791728,True,-0.06768676623711173,0.008840392271221763,True,-0.12264399512748417,0.015345603376165994,True,0,,1.7290709951570375,0.0,0.8483832479676036,True,0.6721660908463996,True,0.75529769594684,True,0.5617821803540851,True,never/readmission/2/2,0.0,True,0.27070981401865263,True,0.29257492781494965,True,-0.02186511379629702,0.02032776246133211,True,True,0.05580355474902196,0.021678356317555242,0.9464173316955566
1067,-0.06851397117515048,-0.11077487946095338,0.1516027397544151,0.008885562679554987,True,0.3196513792673818,0.013108592611556606,True,0.24462374897331868,0.010612876396673495,True,0.4372538382372246,0.019050985587524393,True,-0.09302100921890358,0.014247503224539873,True,-0.11760245896984278,0.02393722672603427,True,True,0.8541961187378307,never/2,0.0,True,0.9596164747720799,0.7314998721932217,0.998346012787691,434,212,0.12223284876099928,0.007391512225460752,True,0.2568862993427873,0.01128967590211682,True,0.025970804883342316,0.003907350792085706,True,0.07099848707413006,0.0067878417139726555,True,0.1512923525477695,0.008860615857414602,True,0.2777959573154243,0.015228364403525015,False,0.11130985580562507,0.0075909562428683915,True,0.1990986634947479,0.013566849301821041,True,-0.029059503786770205,0.011439004522459153,True,-0.020909657972636997,0.01881198901688323,True,-0.08533905092228275,0.008537527912619415,True,-0.12810017642061783,0.015160348135500058,True,1,never/readmission/2,2.196687472732194,0.0,0.8517963463556584,True,0.6721152135830827,True,0.7373977916466055,True,0.5231053791898278,True,never/readmission/2/2,0.0,True,0.2751980560999081,True,0.34822699591213574,False,-0.07302893981222763,0.021011792102822613,True,False,0.07043103859671146,0.018311756757120823,0.9346387386322021
1068,-0.08548237733589006,-0.12486589396786413,0.1483729091368778,0.008543721973056204,True,0.30911372647122815,0.012400352197288307,True,0.26231286387611025,0.0100371359342571,True,0.4453511361388963,0.016315630064746352,True,-0.11393995473923244,0.013441559975128378,True,-0.13623740966766817,0.02080055381988615,True,True,0.8527070409006219,never/2,0.0,True,1.503862153091542,0.8284946708006181,1.1922317915435057,431,235,0.11504430128384903,0.007352358192970478,True,0.23043204041437737,0.011038619141713916,True,0.025569819267129517,0.003935440263180359,True,0.07061522773518387,0.0071184535146454125,True,0.14107444570742797,0.00889530122634759,True,0.259967833453998,0.014720749802241086,True,0.09812991173411725,0.007430351767365135,False,0.18187360316189113,0.01262592507612195,False,-0.02603014442357894,0.011463154862382158,True,-0.029535793039620617,0.018236565780397743,True,-0.07256009246698773,0.008409953249697653,True,-0.11125837542670726,0.014490598351544306,False,3,never/death/1;never/death/2;diff/death/2,2.295150388062463,0.0,0.8593858794490215,True,0.6989527318504387,True,0.7607956425584548,True,0.5581585633841109,True,never/readmission/2/2,0.0,True,0.24497975924905357,True,0.3121170119436861,True,-0.0671372526946325,0.021205718841911955,True,False,0.052149178489688086,0.014547718834676204,0.9777810573577881
1069,-0.07093064518661579,-0.1299121495709869,0.14050747372468347,0.007919195050505723,True,0.31681546533409505,0.011624667690431767,True,0.23970006602499538,0.010142313568218294,True,0.470602888045673,0.01801277097974679,True,-0.09919259230031191,0.012970059538344018,True,-0.15378742271157797,0.019904322479615717,True,True,0.849454118485157,never/2,0.0,True,1.8800468343738057,1.3807379263370845,1.1373604872307004,482,210,0.11476282224988585,0.007493476486832817,True,0.24049166784869527,0.011372456189660589,True,0.033914432039898385,0.004451544330812169,True,0.08687140331787231,0.0076604681737512,False,0.132174061081763,0.008511173838709382,True,0.24555394484597504,0.015320663416014861,True,0.1061667035656165,0.007547156384317164,True,0.23046991038545425,0.015034909834837625,True,-0.017411238831877146,0.011264918405753405,True,-0.005062276997279763,0.018957966653532894,True,-0.07225227152571811,0.008760286524119493,True,-0.14359850706758193,0.01685331563627493,True,1,always/death/2,2.140783428102384,0.0,0.8513227457102157,True,0.6726369288334324,True,0.7616592353526205,True,0.5239761447685707,True,never/readmission/2/2,0.0,True,0.26131616315997586,True,0.3225030532190501,True,-0.06118689005907424,0.02180579682988768,True,False,0.07694910837307506,0.020824495311280583,0.9686808586120605
1070,-0.05995544991800805,-0.10117872033606068,0.14870408756018175,0.00826888211567525,True,0.33742326098545344,0.013700475907186043,True,0.23824288855859596,0.009698251772268187,False,0.44734192499176983,0.01804658622337446,True,-0.08953880099841421,0.01230959261785046,True,-0.10991866400631639,0.022547681033302507,True,True,0.7640783721999018,never/2,0.0,True,1.631337210851263,0.9055413554369082,0.9889361367166182,491,210,0.11123369781027487,0.007443316813301069,True,0.24236712433390523,0.01110277248150909,True,0.03463307142942181,0.00447000033154966,True,0.07890364847137864,0.0070095243128030895,True,0.1570026921500371,0.009099973218027706,True,0.3001639341414195,0.015191933233998122,False,0.1099045381616073,0.007544755518025871,True,0.2018434113879369,0.013982781117883829,True,-0.045768994339762226,0.011679809783455413,True,-0.05779680980751428,0.018587686353627307,False,-0.07527146673218549,0.008770901654759754,True,-0.12293976291655827,0.015630871253404486,True,2,never/readmission/2;diff/readmission/2,3.674314077190632,0.0,0.8541332307603033,True,0.6787292271947161,True,0.7330927696883556,True,0.49799265447064356,False,never/death/2/2,0.0,True,0.26360684941368334,True,0.37360222369587054,False,-0.1099953742821872,0.020629512563544103,False,False,0.07343828955445103,0.021239725079778116,0.9664454460144043
1071,-0.09761290754345647,-0.14943634941669137,0.14585541714213088,0.008344897999707217,True,0.3151053252656878,0.013969978634530065,True,0.2673349634415836,0.010340348284817542,True,0.4743506827594469,0.017074259490318246,True,-0.1214795462994527,0.012548197293935076,True,-0.15924535749375912,0.02335348062574923,True,True,0.817676181303275,never/2,0.0,True,1.1858096343994406,0.7910161157194892,1.4340576979376312,485,228,0.10740435676670353,0.007514240940553666,True,0.25081299341037483,0.011541160184786077,True,0.03311103267636709,0.00434136826206095,True,0.07059670879053187,0.006486350689211925,True,0.13110749879587366,0.008529910519997255,True,0.2578896441954497,0.015463686434068511,True,0.11751660873741772,0.008004837702279487,True,0.20311939378221747,0.01351338044905006,True,-0.023703142029170135,0.01132698962481972,True,-0.007076650785074856,0.019162830076982603,True,-0.08440557606105062,0.009103658772547566,True,-0.1325226849916856,0.014968756793056124,True,0,,1.6556447070597031,0.0,0.8594846105569294,True,0.6785902977990933,True,0.7513758924667087,True,0.5389909620223329,True,never/readmission/2/2,0.0,True,0.2722395364949249,True,0.31908076631763643,True,-0.04684122982271155,0.023066376839711165,True,False,0.06119112212218675,0.021426543084550054,0.9376981258392334
1072,-0.08305779183438758,-0.11452448210922789,0.1404865986534203,0.00872546191729966,True,0.31338363081902687,0.013219728445338277,True,0.24849049370379242,0.01125310487628653,True,0.43709526101741597,0.018033384384147064,True,-0.10800389505037211,0.014257698363965496,True,-0.1237116301983891,0.021184927449205138,True,True,0.8206963695319723,never/2,0.0,True,1.5747430977099717,0.6506414124922814,1.7365967188816511,474,234,0.1305594824278884,0.007805193021046818,True,0.24692939890171525,0.011133455872181855,True,0.03108632301736122,0.004193824768873127,True,0.07084969008472565,0.006590127836375099,True,0.1527674649692645,0.009107152396302625,True,0.2501953812497962,0.014455458624661448,True,0.09797329983323604,0.007534262317612206,True,0.19053477435788393,0.013515267764901875,True,-0.022207982541376098,0.011898498766912588,True,-0.003265982348080926,0.018134075866795475,True,-0.06688697681587481,0.008618710945341598,True,-0.11968508427315828,0.015016708332193027,True,0,,1.9562233892906224,0.0,0.8383541945547504,True,0.6822209110135591,True,0.7492592351974995,True,0.5592698443923199,True,never/readmission/2/2,0.0,True,0.264860263366011,True,0.31154121733582796,True,-0.046680953969816974,0.020170263471515036,True,False,0.06134583608603178,0.01793086446429573,1.0086770057678223
1073,-0.05484701757637536,-0.07793206501931627,0.16160943155223173,0.008070013278060695,True,0.338282158347459,0.012752274871856525,True,0.2508725392155508,0.011089428882377024,True,0.411841032201578,0.01681443282591048,False,-0.08926310766331907,0.013590913909683719,True,-0.07355887385411897,0.02041426454331502,False,False,0.8170432399608276,never/2,0.0,True,1.6483241269688598,0.7702339780399785,1.1984656759228214,487,225,0.12100910159589942,0.007591407712196323,True,0.23954907318860108,0.010943029573638833,True,0.03447387418319615,0.004500403766752474,True,0.07242626048618198,0.007131535976971396,True,0.14144831487274548,0.008779478964179672,True,0.23318912227623945,0.014099121955144395,True,0.10104795801049582,0.007419326999627713,True,0.21421626340497024,0.013937733907452874,True,-0.020439213276846058,0.011539216268574244,True,0.006359950912361634,0.017685491314837577,True,-0.06657408382729968,0.00867826040973074,True,-0.14179000291878827,0.015660086802646335,True,0,,1.7426206933987987,0.0,0.8445170242209045,True,0.688024666325217,True,0.7575037271167587,True,0.5525946143187903,True,never/readmission/2/2,0.0,True,0.2551376529564668,True,0.2849907001641876,True,-0.029853047207720806,0.02043924320908807,True,True,0.05180157788794815,0.015588579767865707,0.9788739681243896
1074,-0.06194417468489996,-0.11969201741223306,0.15538343693242904,0.00876329018766149,True,0.3165476260405335,0.01333988723837993,True,0.24272280952427128,0.010618838583505836,True,0.47607637541442704,0.01914444094246077,True,-0.08733937259184224,0.013723942284988166,True,-0.15952874937389355,0.02259398659771752,True,True,0.7840544629887441,never/2,0.0,True,1.7742072616448494,1.1519666642524389,1.4009249519945812,441,207,0.11462034659451069,0.007520821099617997,True,0.23471423980971354,0.011067807853561882,True,0.038718622956521294,0.004826732063410443,True,0.07510433985089097,0.0069646478670709775,True,0.14906095006724207,0.008905428793720162,True,0.2524247784358643,0.01447994402683279,True,0.12174341661683402,0.007913608414527174,True,0.23200556131047206,0.014467033757180984,True,-0.03444060347273138,0.011596022089279762,True,-0.017710538626150768,0.018106020886481354,True,-0.08302479366031273,0.009269630823288095,True,-0.15690122145958108,0.01604301990830951,True,0,,1.5960328552146965,0.0,0.846661030448968,True,0.6901814203393954,True,0.729195633315924,True,0.5155696602536637,True,never/readmission/2/2,0.0,True,0.2528475227338456,True,0.32570872906981474,True,-0.07286120633596915,0.022533055917679682,True,False,0.07328395063395043,0.01813328292413205,0.971768856048584
1075,-0.09142519630324508,-0.12400180503353014,0.1531998172168669,0.008480721712470359,True,0.3266159190081951,0.013288838328213667,True,0.27083089286515427,0.010268964389810623,True,0.45802368060338783,0.01684249718405506,True,-0.11763107564828737,0.013956013427432802,True,-0.13140776159519274,0.021664186668565007,True,True,0.8131784047225515,never/2,0.0,True,1.8825532081500147,0.7039094264217398,1.0667229929615192,462,211,0.12646540964667233,0.00774997924838617,True,0.26778235063873274,0.011353982114283935,True,0.027462657564612573,0.004106687896335635,True,0.05800509109953099,0.0064320175000591616,True,0.1456712389451472,0.009092642206074062,True,0.2565520709735353,0.01391352593335444,True,0.10165027104492823,0.0075342091658517,True,0.20496901035860976,0.013685736463398074,True,-0.019205829298474864,0.011863308153528814,True,0.011230279665197462,0.017724795996663066,True,-0.07418761348031566,0.00858236869919954,True,-0.14696391925907876,0.015120196709583257,True,0,,1.9382579261257213,0.0,0.8460719327887151,True,0.6742125582617362,True,0.7526784900099246,True,0.5384789186678549,True,never/readmission/2/2,0.0,True,0.28294404080338353,True,0.3177747243586195,True,-0.03483068355523594,0.01992608737081331,True,True,0.0612226533850842,0.015161690164650798,0.9939553737640381
1076,-0.0640844271528205,-0.11046823242041631,0.15388654605948202,0.008913875125462337,True,0.32383279774268364,0.012948901103126565,True,0.24769411843123362,0.010454023458721071,True,0.4531913307882439,0.01763083721643334,True,-0.09380757237175161,0.013154836428365792,True,-0.12935853304556028,0.02012740209045347,True,True,0.7945646913698902,never/2,0.0,True,1.8956734465037117,0.405481417163181,1.1804975385362984,482,221,0.12010057468765625,0.007741764752450197,True,0.250387217787068,0.011378931376429629,True,0.025909219576946384,0.003933614270915123,True,0.05253438591002581,0.005811276996594003,False,0.1518719341150038,0.008822563236978097,True,0.25663196047430487,0.013397157231264127,True,0.11050364050895843,0.007590876592317352,True,0.19403423077914342,0.012209834204567479,True,-0.031771359427347545,0.0116590069204682,True,-0.006244742687236848,0.017398871801045563,True,-0.08459442093201205,0.008549697047616647,True,-0.1414998448691176,0.013514521011181316,True,1,always/death/2,3.0866906018225353,0.0,0.8539902057353974,True,0.6970783963029061,True,0.7376244253760378,True,0.5493338087465517,True,never/death/2/2,0.0,True,0.26467388084171195,True,0.3082678213179454,True,-0.04359394047623344,0.020253655987644024,True,False,0.051635860843640524,0.014286663054643933,0.9548993110656738
1077,-0.09196581329291123,-0.14160395412904447,0.1460665536773966,0.008389826612065485,True,0.3079521486810006,0.014039713609508845,True,0.262607029513678,0.01069787784264401,True,0.45115529999294995,0.015912547556674782,True,-0.11654047583628138,0.01346676349603019,True,-0.14320315131194933,0.020197700944197906,True,True,0.8235492937513145,never/2,0.0,True,1.5183663725783987,1.1698891378090361,1.1673763345843087,480,223,0.12088486500771203,0.007504463467841983,True,0.2429721427444442,0.01118231461840414,True,0.03536094666826446,0.004494598469158658,True,0.07869158614870458,0.0069567090607185085,True,0.1354619956466837,0.008587171735029394,True,0.24213595051834777,0.013865013858804788,True,0.1070998509930042,0.007662998450643505,True,0.21448917314611332,0.013572158968292558,True,-0.014577130638971675,0.011329811295326099,True,0.0008361922260964327,0.017647508653371575,True,-0.07173890432473974,0.008882659205447167,True,-0.13579758699740874,0.015228608885397182,True,0,,1.1815336931534168,0.0,0.8437541883240235,True,0.6783362711068512,True,0.7574381533603121,True,0.5433748763355389,True,always/death/2/2,0.0,True,0.26191805790221007,True,0.31611850648736245,True,-0.05420044858515238,0.01980379034689597,True,False,0.07398255596901468,0.018945915157765864,0.9789085388183594
1078,-0.06022130214764776,-0.08884859744746254,0.15624183521617493,0.008646210993137178,True,0.32844653379949057,0.013830746526453677,True,0.24267781666429722,0.010532736464176497,True,0.42628523450165684,0.017963268521567946,True,-0.08643598144812228,0.013824241050384952,True,-0.09783870070216627,0.022369486682474956,True,True,0.8454473516015049,never/2,0.0,True,1.5732647037496341,0.5226872605785923,1.4132764754222353,459,227,0.12363416338299053,0.00792527778924367,True,0.24399734873555917,0.01109067311864467,True,0.036807735154587,0.004665904483640437,True,0.07133646333693668,0.006697801236180362,True,0.14725018212796612,0.00892311088954269,True,0.22968869247637788,0.013577156632255985,True,0.10327336451395394,0.007566551811661587,True,0.19166948427899663,0.013850767339210318,True,-0.023616018744975584,0.011886813097051254,True,0.01430865625918129,0.0174194674929477,True,-0.06646562935936695,0.00888998485085651,True,-0.12033302094205996,0.015370482406821834,True,0,,1.7133179522983755,0.0,0.8395581014624225,True,0.6846661879275042,True,0.74947645335808,True,0.5786418232446255,False,never/readmission/2/2,0.0,True,0.2614729571495217,True,0.2797472170126096,True,-0.018274259863087894,0.020148179191242472,True,True,0.05005852453623169,0.017475608413962507,1.0572242736816406
1079,-0.06133683483174243,-0.10241874527588818,0.16048301957429384,0.008814450813920207,True,0.3298082824163601,0.012891501931041785,True,0.25011333845716466,0.010939110057890727,True,0.46288839960598394,0.017658962724762625,True,-0.08963031888287082,0.01478902621483402,True,-0.13308011718962381,0.020052930819181004,True,True,0.7654151356809652,never/2,0.0,True,1.9435757176170574,1.0971596382931295,1.3886851813233487,444,233,0.11081473637436148,0.007312785468495601,True,0.24335141262204588,0.011407262791436288,True,0.03356610556065036,0.004374719875299675,True,0.06416632942003815,0.006496237982716457,True,0.15129849899380252,0.009027537029430707,True,0.25985248255069715,0.014494934481935753,True,0.12224825642215989,0.008172052715129368,True,0.21697425617876,0.01398248565676421,True,-0.04048376261944103,0.011531671438075066,True,-0.016501069928651274,0.018294037639066986,True,-0.08868215086150953,0.009267961064009032,True,-0.15280792675872185,0.015409797280173061,True,0,,1.2118592429974555,0.0,0.8556191580649881,True,0.692482257957916,True,0.7264532445840376,True,0.5231732612705429,True,always/death/1/1,0.0,True,0.2595743493009323,True,0.3247940271145323,True,-0.0652196778136,0.021617138004488824,True,False,0.06494154456383516,0.01622293667888644,0.9370098114013672
1080,-0.09425603465428434,-0.15357969354480533,0.14438953326240334,0.007879529497628731,True,0.31429837912588976,0.013866084463792087,True,0.2735706520668078,0.010138692690295692,True,0.49336201614528885,0.016281719284283055,False,-0.12918111880440447,0.012764201003143592,True,-0.1790636370193991,0.021177703344021394,True,True,0.7808650913675491,always/2,0.0,True,1.5255287969974787,1.634476662800564,1.3342316329117812,498,228,0.11712936357006506,0.0076148902252756515,True,0.24586168636608516,0.011506922588296659,True,0.025777525599276513,0.003856197354854242,True,0.06277911367709398,0.006446628388630723,True,0.12414649196514325,0.008302451689024742,False,0.22053254595902194,0.01300708823136089,True,0.10324578146248162,0.007458665550883442,True,0.20441256825543166,0.013073454889974767,True,-0.00701712839507819,0.011197999458938101,True,0.025329140407063216,0.01724580616148728,True,-0.0774682558632051,0.008395924849334558,True,-0.1416334545783377,0.014565782014297809,True,1,never/readmission/1,2.5394315829296135,0.0,0.8570931108306584,True,0.6913591999568209,True,0.7726077265723752,False,0.5750548857855464,True,always/death/2/2,0.0,True,0.26061130031945273,True,0.27117377468926385,False,-0.010562474369811115,0.019679839782181,True,True,0.050641228730241905,0.014749613953367574,0.9713406562805176
1081,-0.0578925959910323,-0.11138755495122449,0.14293287293941218,0.007759115336465926,True,0.30522703239287285,0.012538604360059956,True,0.22737397644638943,0.011448875865950696,False,0.43497974794545596,0.01928231751302886,True,-0.08444110350697726,0.014082048117219777,True,-0.1297527155525831,0.023180864605100836,True,False,0.764580932318526,never/2,0.0,True,1.2409111558729922,1.141388289966535,1.2360076299178533,506,214,0.12144929017520754,0.007634769614048457,True,0.2490605844335965,0.01160701875169523,True,0.0270923188836232,0.004154726846842513,True,0.06992595499886595,0.006943193667503485,True,0.14504875731704903,0.00878249634330764,True,0.23330150369786715,0.01409186435852097,True,0.12042523919363302,0.0080859152877798,True,0.22245458447978092,0.013953481204297855,True,-0.023599467141841482,0.011566899746082068,True,0.015759080735729347,0.018163040330502204,True,-0.09333292031000981,0.00909417729828197,True,-0.15252862948091497,0.015564804406817487,True,0,,1.27949125339881,0.0,0.8514583909411693,True,0.6810134605675375,True,0.734526003489318,True,0.5442439118223519,True,always/death/2/2,0.0,True,0.26626543170056316,True,0.2966770534061588,True,-0.030411621705595637,0.021066843990522274,True,True,0.06337554970829165,0.017204847266966666,1.0155165195465088
1082,-0.08963978135199971,-0.1304995562792104,0.14849151435959168,0.009182277146306874,True,0.3159433635604112,0.013689786398214882,True,0.26562047135805605,0.010604180165973537,True,0.4439253832867298,0.01772091889797342,True,-0.11712895699846437,0.014087095686630182,True,-0.12798201972631862,0.022211358232285584,True,True,0.7754280401541939,never/2,0.0,True,1.6946497553212811,0.9430031610036694,1.3521987502493544,480,204,0.12071029120166842,0.007640155225144088,True,0.23657113337734473,0.011176909623337885,True,0.03111870641231765,0.004393172585818442,True,0.06922994780820743,0.007146713848938994,True,0.1436187994037573,0.008654536848234596,True,0.25548986731248574,0.014311627391638897,True,0.1190244430610466,0.008020310066622776,True,0.2259379247067656,0.013780051633839762,True,-0.02290850820208888,0.011480816299519109,True,-0.018918733935141013,0.018032208762117315,True,-0.08790573664872896,0.009146024830195977,True,-0.15670797689855817,0.015521219356268757,True,0,,1.1794857865567248,0.0,0.848171002386014,True,0.6941989188144478,True,0.737356757535196,True,0.5185722079807487,True,never/readmission/2/2,0.0,True,0.25145577526683993,True,0.3279028947705945,True,-0.07644711950375455,0.02122886892345913,True,False,0.07241302745810874,0.014884641889495204,0.9823992252349854
1083,-0.07930487340742731,-0.12454072259644827,0.1518122408092853,0.008039025857218026,True,0.30400579334778577,0.012022046757561508,True,0.2628260593005535,0.011824719988375892,True,0.4431730354952983,0.017187256604606085,True,-0.11101381849126823,0.012938674580101365,True,-0.13916724214751253,0.02109375717863939,True,True,0.8314068309247388,never/2,0.0,True,1.4776858680405953,0.9892218496853736,1.2287543884279994,449,207,0.12377948055668127,0.007774430907505841,True,0.2513523598900498,0.011281947454640855,True,0.031584921002846364,0.004312203519612479,True,0.06833635003423118,0.006766201238696423,True,0.14544305919410877,0.008880061140200726,True,0.26475269652184386,0.014421257876917807,True,0.11212170946226434,0.007874432933327503,True,0.20004576411064792,0.012941412607395378,True,-0.021663578637427502,0.011735967857904976,True,-0.013400336631794074,0.018107855735147126,True,-0.08053678845941797,0.008976260337110574,True,-0.13170941407641673,0.014596582996092546,True,0,,1.415181442286622,0.0,0.8446355984404723,True,0.6803112900757191,True,0.7424352313436269,True,0.5352015393675082,True,never/readmission/2/2,0.0,True,0.2686702521395625,True,0.3308612702069613,True,-0.062191018067398796,0.020673351350993855,True,False,0.06610857368511747,0.017317892249512745,0.9359006881713867
1084,-0.06875472517343886,-0.11560222247544888,0.15534261371784563,0.008457718506502203,True,0.33807715072659733,0.013948111518275734,True,0.25751799067961234,0.010559700403436702,True,0.46960636630285024,0.01742463908105586,True,-0.1021753769617667,0.013911855989799464,True,-0.1315292155762529,0.02227513275526136,True,True,0.818735635635659,never/2,0.0,True,0.9995895486759035,1.186874811762814,1.455513298476895,470,203,0.13286310903848225,0.008061038455130553,True,0.2645740626615215,0.011873629637672103,True,0.033738169402899545,0.004633025059297153,True,0.07253610532253836,0.007030186367055089,True,0.14062222547725706,0.008642240017978685,True,0.26525047602213897,0.01455016396198657,True,0.10391206026612733,0.00739789223275698,True,0.19731617127143494,0.013317619703963338,True,-0.007759116438774805,0.01175193886414632,True,-0.0006764133606174672,0.0186153064086216,True,-0.07017389086322778,0.00872835593303172,True,-0.12478006594889658,0.015059247836591275,True,0,,1.7543780639678415,0.0,0.8333987215586183,True,0.6628898320159402,True,0.7554657142566157,True,0.5374333527064261,True,never/readmission/2/2,0.0,True,0.28173751807670633,True,0.3235904770906794,True,-0.04185295901397307,0.021321636657886424,True,False,0.058340001068540426,0.017163455415184825,0.9380848407745361
1085,-0.057345466535715595,-0.08692959527104366,0.16645117721272276,0.009718116008421191,True,0.33782875689419645,0.0132693692860175,True,0.24496584811226893,0.009822174492281241,True,0.43570042432753486,0.015608212822835863,True,-0.07851467089954617,0.014429255353424948,False,-0.09787166743333842,0.0210073381822757,True,True,0.8213524136023752,never/2,0.0,True,1.7323409313258094,0.9878729917220761,0.7816636621160279,437,218,0.11684971474723081,0.007389082285309926,True,0.23671946459979887,0.010913984620194361,True,0.02677221094318239,0.003919669602351375,True,0.07263932908286146,0.006777315548658781,True,0.16205474937497502,0.009278735433012,True,0.2622648533791911,0.013719805390928786,True,0.11260108109134254,0.007820866169403041,True,0.18961112912557804,0.012842568504145523,True,-0.04520503462774421,0.0117545857220321,True,-0.02554538877939222,0.01733339406495612,True,-0.08582887014816015,0.008745967348660282,True,-0.11697180004271658,0.014510389955009768,True,0,,1.8132588752466983,0.0,0.8563780743095868,True,0.6906412063173397,True,0.7253441695336824,True,0.5481240174952309,True,never/death/2/2,0.0,True,0.25503773259143264,True,0.31774517811686404,True,-0.0627074455254314,0.01981952868146631,True,False,0.05548032473767295,0.018318267991633774,0.8983445167541504
1086,-0.09615648830906914,-0.13778306102146454,0.1435675041647429,0.008246516017631355,True,0.2984369992455879,0.014211461145847494,True,0.27494154535228565,0.010973991209640448,True,0.45562616837821723,0.0175447528573766,True,-0.13137404118754276,0.013095125602044923,True,-0.15718916913262931,0.02350119008137527,True,True,0.7841826751258113,never/2,0.0,True,1.3724261916316345,0.954299109054466,1.1394428841509845,465,199,0.11378097733699359,0.007549473191223388,True,0.2533615501960474,0.011707191221175037,True,0.034359460556796645,0.004517794950056807,True,0.06434563243794905,0.006489444676440495,True,0.14923794812680563,0.008746706901249174,True,0.25833854619836477,0.013910611378743132,True,0.11964675263526524,0.007809333301912645,True,0.2164082578137244,0.013681408744476178,True,-0.03545697078981204,0.01149552395501261,True,-0.00497699600231738,0.018015807420772224,True,-0.0852872920784686,0.009020760080160195,True,-0.15206262537577533,0.01513323105355335,True,0,,1.0060338699239268,0.0,0.8518595621062097,True,0.6822928173660036,True,0.7311152992379291,True,0.5252531959879109,True,never/death/2/2,0.0,True,0.27010416868789877,True,0.3218952122528704,True,-0.051791043564971606,0.02089239808161009,True,False,0.0635566660545056,0.01674261849185138,1.0027141571044922
1087,-0.09342745493346466,-0.12709150784753365,0.1480960309893092,0.00864033851626303,True,0.3325259409717406,0.013854765840578338,True,0.26895234195772477,0.011161153978334906,True,0.45627183360553336,0.01659580613661685,True,-0.12085631096841556,0.014609930357511803,True,-0.12374589263379276,0.021207369812852483,True,True,0.8251524794344531,never/2,0.0,True,1.6505915818136072,0.6487160746077106,1.2540980805343296,484,223,0.11753136593732859,0.0075521238139992465,True,0.23728047160946555,0.011062588721693885,True,0.03160548260445753,0.0041693163574908505,True,0.06605953141838156,0.006297791873149089,True,0.14178335616925636,0.008830572666720144,True,0.25606315860170736,0.014390609700330318,True,0.10495759734435231,0.007569393104187368,True,0.21949252019004106,0.014077072996289679,True,-0.02425199023192777,0.01151997058120645,True,-0.01878268699224181,0.017959238148084526,True,-0.07335211473989478,0.008637854525102462,True,-0.1534329887716595,0.015392839680581217,True,0,,1.1767028655664742,0.0,0.8508631514582139,True,0.6966599969721529,True,0.7532590464863913,True,0.5244443212082516,True,never/death/2/2,0.0,True,0.2549846480381009,True,0.32833341213076894,True,-0.07334876409266805,0.020431137390115907,True,False,0.07227025352906158,0.017704176428635338,0.9647884368896484
1088,-0.060892422437457905,-0.09809449346587734,0.14913815523422522,0.007930075591762108,True,0.32241462778124597,0.013061261764081409,True,0.24698884408706423,0.009703615094607475,True,0.4348725112367635,0.018026147809319305,True,-0.09785068885283901,0.012148703314102517,True,-0.11245788345551755,0.02137971898998363,True,True,0.8187183934470085,never/2,0.0,True,1.5890291478618808,1.0993621943534562,1.3112397088897014,452,229,0.1137173959628114,0.007479716886861683,True,0.23323720169152692,0.011046837447269921,True,0.03831852390527217,0.004722062954499998,True,0.08173417869416844,0.007228553034816252,True,0.13974861482039272,0.008742009000151487,True,0.23010339163856888,0.013712640193455932,True,0.11968716611633551,0.007927361502693868,True,0.20838232290350048,0.01397177096106793,True,-0.02603121885758132,0.011441816631105193,True,0.0031338100529580415,0.017503101330771407,True,-0.08136864221106334,0.009226114334059277,True,-0.12664814420933204,0.015723815695957676,True,0,,1.5580128747654283,0.0,0.8479640801319164,True,0.6850286196143046,True,0.7405642190632717,True,0.5615142854579307,True,never/readmission/2/2,0.0,True,0.25455624221940126,True,0.2786701884762689,True,-0.024113946256867635,0.02077380003309588,True,True,0.048566796837700016,0.02131904052787434,0.9693615436553955
1089,-0.0781396283632515,-0.13692428093732012,0.15196173285372458,0.008298708610255293,True,0.31702203971059156,0.013973326252262795,True,0.25978327904643095,0.0109090171197426,True,0.49202645994793837,0.0177248692132453,False,-0.10782154619270637,0.01339903693492452,True,-0.1750044202373468,0.023640440868731825,True,True,0.7701263345321424,never/2,0.0,True,1.532881027591608,1.2339117948252125,1.3886107925976123,442,214,0.10887521094705106,0.007337184185125099,True,0.24193185480260618,0.011098457628440719,True,0.03178957144225909,0.00426031319067338,True,0.0688412295507847,0.006485383487795118,True,0.14937394711370997,0.008847161543310235,True,0.26650843654243195,0.01395165290708181,True,0.11791683751812695,0.008025922815972898,True,0.19894724339753594,0.012431454013223105,True,-0.0404987361666589,0.01142270541083032,True,-0.02457658173982577,0.017616134581185716,True,-0.08612726607586786,0.009083323354904338,True,-0.13010601384675125,0.014000275578243512,True,0,,1.5886602605474331,0.0,0.8593352176106899,True,0.6892269156466091,True,0.7327092153681631,True,0.5345443200600322,True,never/death/2/2,0.0,True,0.2621047438857417,True,0.3300534105806477,True,-0.06794866669490601,0.02054364766209993,True,False,0.06354497403821574,0.020172889083135498,0.9912164211273193
1090,-0.09509356877242359,-0.12570832572447993,0.14066020506244167,0.008180965190814635,True,0.3029269562766176,0.012964934856647589,True,0.267539793819326,0.011328971488629115,True,0.44378834915855747,0.015464964565491072,True,-0.12687958875688435,0.013356926249242382,True,-0.14086139288193988,0.01996306978268262,True,True,0.8364914703772239,never/2,0.0,True,2.1674955657392427,1.140911603206151,1.1968157908928168,424,232,0.11913462998690103,0.0073625584053019465,True,0.26641310584619826,0.011357402278809393,True,0.02524877681451226,0.003580867629171323,True,0.05977092800194047,0.006041147508647022,True,0.1462083122858095,0.008863599770045255,True,0.2521796611192882,0.014594910051125213,True,0.11088564420799292,0.007729807354915014,True,0.21019725944652018,0.013849415626410563,True,-0.02707368229890847,0.011430200782127933,True,0.014233444726910072,0.018342775838970232,True,-0.08563686739348066,0.008517977726218236,True,-0.1504263314445797,0.015096438969893095,True,0,,1.7713641295370643,0.0,0.8556165931985867,True,0.6738159661518612,True,0.7429060435061976,True,0.5376230794341916,True,always/readmission/2/2,0.0,True,0.2833972956604021,True,0.3171075237191661,True,-0.033710228058764,0.02116412244171908,True,True,0.06492786259987793,0.016984189814203854,0.9785170555114746
1091,-0.0831144874121329,-0.09964764918550184,0.1443579763726516,0.008010745602626924,True,0.34350480263620853,0.0137787258650948,True,0.25714063059701237,0.010315518366971498,True,0.4604078289677832,0.021303735889821627,True,-0.11278265422436076,0.011850071828037836,True,-0.11690302633157468,0.025683959503377388,True,True,0.7035235386272733,never/2,0.0,True,1.6088861161133015,0.5985829233129257,0.8052387347416722,482,217,0.12558609106466567,0.007692188615710251,True,0.24917364991931104,0.011043609461670401,True,0.030005745514494614,0.004168269177423529,True,0.05907336331142862,0.006039616165522537,True,0.15488321820968803,0.009040907668490852,True,0.2433582993960519,0.013674808219852775,True,0.12523363812252214,0.008233637277191262,True,0.19947392970565164,0.013089627341809873,True,-0.02929712714502236,0.011770448928297742,True,0.005815350523259127,0.01738283548537016,True,-0.09522789260802753,0.009229292659138898,True,-0.14040056639422302,0.014406079618992748,True,0,,1.8873114410218805,0.0,0.8444081634208397,True,0.6917529867692603,True,0.7198831436677898,False,0.5571677708982965,True,never/death/2/2,0.0,True,0.26497697839459466,True,0.3032595220997763,True,-0.03828254370518164,0.01995717244929748,True,False,0.05990122270372439,0.015803328475283623,0.9216737747192383
1092,-0.0929416236566925,-0.13681108426147137,0.155549397466475,0.00871766011448311,True,0.303020762331868,0.012663262153621492,True,0.27981401143855245,0.011206256069190576,True,0.46246573868017365,0.016543573511140795,True,-0.12426461397207744,0.014416824427397664,True,-0.15944497634830568,0.021108945397589677,True,True,0.8129398126668377,never/2,0.0,True,1.4760490463773606,1.1595015874514998,1.7222614866405843,494,243,0.12392325642520939,0.00756808735616759,True,0.24159913604317818,0.01072883820645206,True,0.026674469602805496,0.003865216813436682,True,0.06307632817322416,0.0064278427811546145,True,0.14881610960401492,0.009294730245045077,True,0.23644292814471807,0.013987963281011494,True,0.12239204184002801,0.008457332406757884,True,0.22559648281115108,0.014762548220539308,True,-0.024892853178805532,0.011912047325707222,True,0.005156207898460108,0.017449805646094718,True,-0.09571757223722252,0.009297115162164372,True,-0.1625201546379269,0.01608788055813052,True,0,,1.5080562080462085,0.0,0.8494022739719851,True,0.6953245357835977,True,0.728791848555957,True,0.5379605890441308,True,never/death/2/2,0.0,True,0.2576670514888278,True,0.29698651113723895,True,-0.03931945964841116,0.02003721516596766,True,False,0.060543582992520883,0.016067915445649616,0.9714374542236328
1093,-0.08604115491614209,-0.12425834851564393,0.15061996660028304,0.0077739816638597165,True,0.3298894256612242,0.012340608249819923,True,0.27146414156695337,0.010568373509140862,True,0.4610953437257264,0.016370579888260066,True,-0.12084417496667033,0.012921834522177041,True,-0.1312059180645022,0.021085582445437595,True,True,0.8338312182550865,never/2,0.0,True,1.973017969304216,0.7154424926018138,0.9386319642789582,472,259,0.11595500692420575,0.007461939528494974,True,0.2238377410901223,0.010684209181191728,False,0.03640274363596758,0.005361173155214557,True,0.07562750550414978,0.00751635235032225,True,0.13355251137487337,0.008462350184125148,True,0.21388176915399335,0.012961967992014548,False,0.12120955607629369,0.008050798893824757,True,0.2164808204714048,0.014026426417769387,True,-0.017597504450667614,0.011221064289110908,True,0.00995597193612896,0.016686444562100933,True,-0.08480681244032612,0.009682760633284368,True,-0.140853314967255,0.015912198539154772,True,2,always/readmission/2;never/readmission/2,2.350123905935693,0.0,0.8476422494398267,True,0.7005347534057279,True,0.745237932548833,True,0.5696374103746018,True,never/death/2/2,0.0,True,0.23988374379147304,False,0.26541916528501874,False,-0.025535421493545707,0.019901458095712074,True,True,0.0515373961310254,0.01604600270135073,1.0075633525848389
1094,-0.07710512547258705,-0.11351733526887625,0.1523684467465353,0.007974123803236817,True,0.3249602723676702,0.01328658448179749,True,0.2546495689400887,0.011010396359034816,True,0.4612532953400123,0.01710101080253807,True,-0.10228112219355343,0.013357546531131685,True,-0.13629302297234208,0.020608601156395262,True,True,0.8188052719739874,never/2,0.0,True,1.9067048629716365,1.0645952481049252,1.3618688168448656,478,236,0.12326894813730299,0.0076674612976150415,True,0.24236675411859362,0.01246572370299247,True,0.03416644076371575,0.004599287302306555,True,0.07093129470110837,0.006812116919790743,True,0.14689860727178217,0.008807953490069227,True,0.24566383151502982,0.013387054915263524,True,0.11607643510673807,0.007933105880835333,True,0.22917918802655374,0.013467954857927223,True,-0.023629659134479175,0.011583518863104277,True,-0.003297077396436199,0.01817574679920582,True,-0.08190999434302232,0.009167554487789838,True,-0.15824789332544537,0.015068096999537681,True,0,,1.3607996328979648,0.0,0.8425646110989813,True,0.686701951180298,True,0.7370249576214798,True,0.5251569804584164,True,always/death/2/2,0.0,True,0.2585355492136541,True,0.3154797038374078,True,-0.056944154623753684,0.020179616493614112,True,False,0.06981587232237799,0.0161687950950605,0.9528958797454834
1095,-0.06852368227411795,-0.11266931993750418,0.1575411354468774,0.008899701282677164,True,0.32526815359978595,0.013214079222403438,True,0.2629612951208126,0.01010456496870875,True,0.4659133038972773,0.016499797769390635,True,-0.10542015967393523,0.012995679294582948,True,-0.14064515029749136,0.020181954527465348,True,True,0.7979490682969228,never/2,0.0,True,1.987809747957011,1.1072052922999205,1.8851108376060954,492,186,0.1245094743205911,0.007829632321082003,True,0.2639530857560734,0.011659826421740333,True,0.043763423602463394,0.005040709293966421,False,0.08904948370124495,0.007839882664334037,False,0.14223625701389267,0.008940664487973132,True,0.2486454275398089,0.014128622463021396,True,0.10797488375611211,0.007723033725673896,True,0.21592594851012523,0.013875452817541893,True,-0.017726782693301565,0.011798495015950733,True,0.015307658216264508,0.0181624819975311,True,-0.06421146015364872,0.009222712553362312,True,-0.12687646480888026,0.015936845681314458,True,2,always/death/1;always/death/2,2.5290932007768983,0.0,0.8317271020769454,False,0.6469974305426817,False,0.7497888592299953,True,0.5354286239500659,True,never/readmission/2/2,0.0,True,0.2867759289616185,True,0.3065307512150293,True,-0.019754822253410798,0.021125121667261684,True,True,0.057885323675220424,0.022822843205545118,0.9380285739898682
1096,-0.05329736439068175,-0.0653874503820297,0.16825971065787734,0.00938243761198067,False,0.3465058581114172,0.01379307741218773,False,0.2503492831754915,0.010331000894137597,True,0.4403817443282487,0.01778558663993386,True,-0.08208957251761415,0.013489090598546246,True,-0.09387588621683152,0.02330502600638847,True,True,0.8347258650250485,never/2,0.0,True,1.4660303689644527,0.9073255906378206,1.3659659559696886,486,229,0.11320925625661904,0.007368548413567392,True,0.25841428256716775,0.011518088965674288,True,0.03196866885014238,0.004268030104117497,True,0.06803697548533176,0.006462082356470626,True,0.1461592664423871,0.008995234506809387,True,0.2667324789445937,0.014810795524555949,True,0.10845796503416116,0.0077751778172729475,True,0.1936732825274435,0.01304235992153311,True,-0.03295001018576807,0.011544709995706856,True,-0.008318196377425924,0.01860082984646546,True,-0.07648929618401878,0.008868250170399283,True,-0.12563630704211176,0.014544183424270002,True,0,,1.5116324378034995,0.0,0.8548220748932386,True,0.6735487419475005,True,0.7453827685234518,True,0.5395942385279628,True,always/death/2/2,0.0,True,0.27757244912774126,True,0.32761021974153537,True,-0.05003777061379411,0.020962493929607844,True,False,0.06087774079694169,0.01915816656057351,0.9337387084960938
1097,-0.07331359489996889,-0.10569950439092257,0.1451580808173608,0.0085160163108827,True,0.32444457662684995,0.012899705815332277,True,0.25442345918872955,0.012258247209573915,True,0.46574827323541296,0.018555547653973256,True,-0.10926537837136874,0.01524007523365215,True,-0.141303696608563,0.022916292680536427,True,True,0.8043092884981394,never/2,0.0,True,1.990065934172008,1.1924374573890173,1.293871553165283,497,214,0.10628654336267442,0.0072245761804578725,True,0.25402822370803413,0.011565732319146888,True,0.034644467895223546,0.00448362590529508,True,0.0705308033995688,0.006690062302231624,True,0.1493846294014701,0.009016258918380177,True,0.26065620796421274,0.014309661059778904,True,0.09766933679184628,0.007405122069079528,False,0.18444611384765464,0.013245693039729552,False,-0.04309808603879568,0.011489538553567429,True,-0.0066279842561786095,0.018218987692550342,True,-0.06302486889662273,0.00865482669791264,False,-0.11391531044808584,0.01483367237313202,True,3,never/death/1;never/death/2;diff/death/1,2.1574240311340485,0.0,0.859068988742102,True,0.6754409728923971,True,0.7529460338066836,True,0.5548976781881326,True,never/death/2/2,0.0,True,0.27238722351308703,True,0.3132307386020267,True,-0.040843515088939686,0.020810981631060394,True,False,0.052574530637813977,0.0183589998050529,1.012967824935913
1098,-0.07500728567880036,-0.12308705118312391,0.14092881551249326,0.008178112530899973,True,0.2985824532424042,0.012576570264922956,True,0.2470964736848364,0.010633739338759269,True,0.4490072896178241,0.015947646731843138,True,-0.10616765817234314,0.013873030823493733,True,-0.15042483637541992,0.01979984927624506,True,True,0.8396293407799692,never/2,0.0,True,1.584151478686998,1.6976183656901769,1.357884746240001,459,199,0.10655314551910729,0.007278206752966245,True,0.22993566838039742,0.010825022051628382,True,0.0315569784441012,0.004413546485879017,True,0.07902636947186284,0.007158358125521193,True,0.14321648871430304,0.008778956397274813,True,0.24739360305320143,0.014107722341608684,True,0.12190779880824622,0.008088311984413484,True,0.21183765281353478,0.013386659310379202,True,-0.03666334319519575,0.011345319602297841,True,-0.017457934672804015,0.017653851271200616,True,-0.09035082036414502,0.009215292260165606,True,-0.13281128334167194,0.015167464338677748,True,0,,1.6718203939361407,0.0,0.8618898760367915,True,0.6910379621477397,True,0.7348757124774508,True,0.5407687441332638,True,always/readmission/2/2,0.0,True,0.24894256402999054,True,0.30926231864144416,True,-0.06031975461145361,0.020776441823016224,True,False,0.06186871558824272,0.019006895649593125,0.9779081344604492
1099,-0.10124653430282454,-0.12918904231052508,0.13821476220412368,0.007903867779083713,True,0.3071663459878706,0.012364197123604639,True,0.26486579310416014,0.010501107347083198,True,0.4480786743974852,0.017589491031299156,True,-0.12665103090003646,0.013745806321998347,True,-0.1409123284096146,0.02243604213535274,True,True,0.8116807503892041,always/2,0.0,True,1.6393205457251068,1.0102356502046677,1.4810338429928616,456,207,0.11975659080585928,0.007677455494740553,True,0.24544887694021722,0.010984846490183602,True,0.02497444596746741,0.003649179287644659,True,0.06968436256338947,0.0072333086870827405,True,0.13877992732299185,0.008695913379804106,True,0.23431509329878458,0.013879184241068467,True,0.1214968613504002,0.007955623815789785,True,0.23686924383207975,0.01409246026286553,True,-0.019023336517132575,0.011523293644590425,True,0.011133783641432637,0.01751391282557538,True,-0.0965224153829328,0.008753647572280645,True,-0.16718488126869027,0.015830687331494557,True,0,,1.846181812599232,0.0,0.8552689632266733,True,0.6848667604963933,True,0.7397232113266079,True,0.5288156628691356,True,always/death/2/2,0.0,True,0.2624943619390375,True,0.2978375823675928,True,-0.035343220428555255,0.020960464942093582,True,True,0.0635224890688082,0.017045484998820304,0.9631364345550537
1100,-0.0861983744808785,-0.13861218111204032,0.14472083529652102,0.0076932387892788764,True,0.29923419932255246,0.012578641652601138,True,0.26001217134460264,0.011213198121323027,True,0.45319066696380034,0.016623649443400293,True,-0.11529133604808162,0.013838963068865322,True,-0.15395646764124787,0.021098647643104408,True,True,0.8258165000422971,never/2,0.0,True,1.5342257069001677,0.9697492687019311,1.4770392739445175,451,231,0.10790433568531446,0.007182626607209236,True,0.23616969133678106,0.011046386172137318,True,0.02714682179082715,0.0039708457670204235,True,0.06502885811080246,0.006935014111023103,True,0.13233591717806342,0.008527234116479463,True,0.23194543861710468,0.013757798277998192,True,0.1081491992097243,0.007581203194796565,True,0.20814931308563825,0.013092942261943671,True,-0.02443158149274896,0.011061752559533072,True,0.004224252719676386,0.01748225155550862,True,-0.08100237741889715,0.00856093100424787,True,-0.14312045497483578,0.014813861357063472,True,0,,1.51210611152541,0.0,0.8649488425238584,True,0.6988014505524165,True,0.7595148836122123,True,0.5599052482972571,True,always/death/2/2,0.0,True,0.25109816977641597,True,0.290021087291236,True,-0.03892291751482002,0.019724355969980595,True,False,0.058075648674131314,0.014928478439634907,1.0314390659332275
1101,-0.07772820755807527,-0.11146725582338224,0.1350855929418166,0.008129388421124852,True,0.3064931671981725,0.014368470559157551,True,0.24037590425192662,0.010332357248642465,True,0.42539675917388253,0.01812969045743975,True,-0.10529031131011002,0.013475743760773835,True,-0.11890359197571004,0.022950931790154606,True,True,0.7677485295502909,never/2,0.0,True,1.4704743435917846,1.125060439810093,0.9968752684262829,506,245,0.11794555818539823,0.0076674469774072815,True,0.25125542509620913,0.011385694214409882,True,0.03153305979295337,0.0042702005768646325,True,0.0767872490041406,0.007183632284968817,True,0.14030553540672708,0.00874775141664847,True,0.2290966076496578,0.013917181211654903,True,0.10984556292526712,0.007690135814992099,True,0.19877238591906388,0.013903846532560788,True,-0.022359977221328847,0.011546082361093701,True,0.02215881744655132,0.01783896611855713,True,-0.07831250313231375,0.008795718401559773,True,-0.12198513691492327,0.015644707411838647,True,0,,1.1757882458803284,0.0,0.8505213820216484,True,0.6719573258996503,True,0.7498489016680058,True,0.5721310064312783,True,never/readmission/2/2,0.0,True,0.2705630198087136,True,0.27918697261296394,True,-0.008623952804250323,0.020724773734933116,True,True,0.05009036496330613,0.019307594712504483,0.9623513221740723
1102,-0.07326846021751574,-0.09930679165156453,0.14952973045995593,0.00889985503726039,True,0.345628397857084,0.013322297202926308,False,0.2502088537291685,0.011516101762094005,True,0.4513752060594899,0.017793314695964603,True,-0.10067912326921258,0.014439579620120812,True,-0.1057468082024059,0.02252290861086784,True,True,0.804417491070307,never/2,0.0,True,1.1014481503854099,0.8329615714669357,1.3485552161638876,487,216,0.12182780977342275,0.007673452588983323,True,0.23135333210740963,0.011041685957775514,True,0.027918952902025396,0.004212810719916568,True,0.06557268812602411,0.006477794666428378,True,0.13395243109389565,0.008544195579984289,True,0.23893867654502218,0.014198585085504622,True,0.11306910643245834,0.00796137875942314,True,0.19610178969534894,0.013193883429645073,True,-0.0121246213204729,0.011417468493852757,True,-0.007585344437612551,0.017846766760681462,True,-0.08515015353043294,0.009011056605851933,True,-0.13052910156932485,0.014686290420908193,True,0,,1.3893410799088635,0.0,0.8502532373245518,True,0.7030739797665663,True,0.752978462473646,True,0.5649595337596289,True,never/death/2/2,0.0,True,0.24674694963442684,True,0.29487126786753154,True,-0.0481243182331047,0.021013189066233978,True,False,0.055932591322509356,0.015393617527017206,0.9968249797821045
1103,-0.06682871417956801,-0.11476523762797519,0.1498702193217992,0.009310191708278171,True,0.3082222981444022,0.01416201827360893,True,0.24714061675649948,0.009791343717439012,True,0.444088253088117,0.01661728772000948,True,-0.09727039743470028,0.012989005295789087,True,-0.13586595494371478,0.020996759371626508,True,True,0.7824032283043689,never/2,0.0,True,1.6467383205703503,0.6981577324934025,1.2776108592308653,469,237,0.11332652127277351,0.007469399132176421,True,0.22727161603910329,0.011231635916751042,True,0.03103676546142418,0.004486005646914282,True,0.06527253929950617,0.006676118306846453,True,0.13803674364029428,0.00853400084830361,True,0.25383739782954723,0.013746402877890753,True,0.10810233170058664,0.007535537558335597,True,0.20170266525532723,0.013150866764164802,True,-0.024710222367520768,0.011266444467245656,True,-0.026565781790443943,0.017582371550436578,True,-0.07706556623916246,0.008772547044660193,True,-0.13643012595582105,0.014745797228103086,True,0,,1.7292569047693094,0.0,0.8556367132658023,True,0.7074558446613906,False,0.753860924659119,True,0.5444599369151255,True,always/death/2/2,0.0,True,0.2415971937716669,True,0.3129893726258871,True,-0.0713921788542202,0.019986290568451363,True,False,0.05915197479633988,0.014325577732563627,0.8709084987640381
1104,-0.07697223459196245,-0.13765598184938482,0.14432033602375707,0.008592209881413723,True,0.30740154677606474,0.012833632849866976,True,0.24649745652275423,0.011387274704904554,True,0.47970263877326785,0.01742141010450582,True,-0.10217712049899716,0.014680655794060695,True,-0.17230109199720312,0.020804156887530973,True,True,0.8304415628481975,never/2,0.0,True,1.6980763430706625,0.7147554534860012,1.6392413922179077,466,219,0.1273005899942521,0.007650121529881521,True,0.2499750882819245,0.011377669088288878,True,0.027047694710838628,0.003917606190246424,True,0.07088022715602861,0.0067701641706246285,True,0.15461133684675774,0.009241622931175548,True,0.25432073398797567,0.014937088333198793,True,0.11686899273426589,0.007975187414368132,True,0.19503871478528192,0.01374362662998664,True,-0.027310746852505646,0.011850483120540406,True,-0.004345645706051171,0.018609377455565713,True,-0.08982129802342725,0.00888362493874333,True,-0.12415848762925331,0.015311887849100902,True,0,,1.1505904256898065,0.0,0.8456517152949092,True,0.6791446845620469,True,0.7285196704189764,True,0.5506405512267424,True,never/death/2/2,0.0,True,0.2692410452157078,True,0.3095629902144578,True,-0.040321944998750026,0.02207314676320617,True,True,0.055242256226482156,0.0192659569337833,0.9781606197357178
1105,-0.07088586187269644,-0.10440796648108819,0.1543725905600881,0.00831019184450119,True,0.3121832333417172,0.013479925239687232,True,0.2713941912202934,0.011175018536734221,True,0.43700475486609525,0.015192526519007944,True,-0.11702160066020531,0.01357700665579437,True,-0.12482152152437803,0.021043021857237772,True,True,0.843697145454998,always/2,0.0,True,2.420967793240824,1.5194226596692195,1.4760370473138242,433,224,0.1084257191619065,0.007149904208822247,True,0.23453108374171205,0.011178189842572295,True,0.0357969363697712,0.004547032176542399,True,0.08067793205946285,0.007323205605323767,True,0.13979012225001958,0.008602434382704516,True,0.22724251803498427,0.013083393220074456,True,0.12132721105938606,0.008038011315517686,True,0.21603686820107482,0.013099719500154702,True,-0.03136440308811307,0.011099812459289822,True,0.007288565706727784,0.017088861371670476,True,-0.08553027468961485,0.009233311065106714,True,-0.13535893614161199,0.01499480162560596,True,0,,1.4399187090353138,0.0,0.8557773444683223,True,0.6847909841988251,True,0.7388826666905943,True,0.5567206137639409,True,never/death/2/2,0.0,True,0.25477506258146165,True,0.2820535302946875,True,-0.02727846771322584,0.02042865057500328,True,True,0.05481101225970322,0.0202439788397496,0.9763000011444092
1106,-0.0892512856501447,-0.1628093221559646,0.14415714620210576,0.008604891221941574,True,0.2978733857897458,0.01361600618685169,True,0.26123769937210056,0.010258907269979871,True,0.4594275914359296,0.016141753595630033,True,-0.1170805531699948,0.01258613818863474,True,-0.16155420564618378,0.020600070175902586,True,True,0.8204515521994481,never/2,0.0,True,1.4611930869690657,0.9911531000665098,1.202912738487282,483,216,0.11661850914407301,0.007696968246569944,True,0.2508549595389932,0.011685079181739734,True,0.026230779938150695,0.003936714813382508,True,0.06384323217213593,0.006577814617634766,True,0.1332203119362182,0.008454652023240422,True,0.22714957422276522,0.013509416627880372,True,0.11230573253067412,0.007793090505374284,True,0.2175288355661112,0.013623015497016918,True,-0.01660180279214518,0.011354160024189312,True,0.02370538531622801,0.01773574608033596,True,-0.08607495259252343,0.008728747664475452,True,-0.15368560339397525,0.015113673724006073,True,0,,1.4204828336836552,0.0,0.8571507109177763,True,0.6853018082888709,True,0.7544739555331077,True,0.5553215902111236,True,always/death/1/1,0.0,True,0.2669419216528219,True,0.2855604105979398,True,-0.018618488945117917,0.020748763364768254,True,True,0.05841083637517458,0.01608696211382865,0.9600706100463867
1107,-0.07183069399915801,-0.11994196584033329,0.142908908676758,0.007997510178088292,True,0.3014864679131917,0.012599723223409359,True,0.24550987168194363,0.010172774515129348,True,0.4372585769195897,0.017578282998822164,True,-0.10260096300518562,0.01375084704436765,True,-0.13577210900639797,0.021655851509542644,True,True,0.8301036127074298,always/2,0.0,True,1.268251856399494,1.2085458391394566,1.3776292400390964,476,230,0.13072920889777953,0.007796512520843187,True,0.25381551271681263,0.01118707889565199,True,0.030664472556683486,0.00404878065376199,True,0.06650930857579877,0.0063396019830736575,True,0.14857718605091508,0.009125786797679471,True,0.26229989920146973,0.015370976496011077,True,0.11720791897264629,0.008055034085842494,True,0.22265920893081903,0.014893450931476156,True,-0.017847977153135547,0.011918957765603892,True,-0.008484386484657103,0.01884274998853821,True,-0.0865434464159628,0.009012550225044741,True,-0.15614990035502024,0.016165871927772656,True,0,,1.5402026054183593,0.0,0.838606318545537,True,0.6796751787073886,True,0.7342148949764387,True,0.5150408918677112,True,never/death/2/2,0.0,True,0.2718789754766586,True,0.3371897862235405,True,-0.06531081074688189,0.021619025479592293,True,False,0.07488988702207078,0.018063462759845994,0.9927690029144287
1108,-0.07453885287760187,-0.1203225547811575,0.16136317309133696,0.008383294523134386,True,0.3218499988783514,0.013306698989105942,True,0.26607709765960713,0.01117084678276115,True,0.45337214059153474,0.016256212565853634,True,-0.10471392456827017,0.014087619266166355,True,-0.13152214171318333,0.0210696144973138,True,True,0.8386625617978299,never/2,0.0,True,1.5779803101854093,1.334396429308601,1.1512471859487894,449,228,0.11731183153303278,0.00745140027384175,True,0.2429757590369447,0.011107858474002114,True,0.02996783943384338,0.003987748892291453,True,0.08488663845053877,0.00763155584545435,True,0.13360707541362168,0.008361909870765879,True,0.22723612018723122,0.013237782621751612,True,0.11709709102932683,0.007705481935188383,True,0.2040123677100969,0.012757914430394984,True,-0.01629524388058891,0.011133906704156557,True,0.015739638849713494,0.01712652839382025,True,-0.08712925159548346,0.008673573075132291,True,-0.11912572925955812,0.014853267305466423,True,0,,1.8888204112565963,0.0,0.8527203290331238,True,0.6721376025125165,True,0.7492958335570514,True,0.5687515121026718,True,always/death/1/1,0.0,True,0.26474506505968554,True,0.278485073942909,True,-0.013740008883223465,0.020076478717114078,True,True,0.051248953755677784,0.021769306022740825,0.9483489990234375
1109,-0.07601462662121242,-0.12271271620458435,0.14727632542694782,0.008064406601756087,True,0.30652040658730145,0.012169787092717621,True,0.25064811567430534,0.010524031419635076,True,0.45923637358883773,0.017719152508390554,True,-0.10337179024735751,0.013710300489558432,True,-0.15271596700153628,0.021715070901400277,True,True,0.7926971538275542,never/2,0.0,True,1.7442201002635742,1.2837211009433849,0.8814669292345253,461,267,0.10638892793203876,0.00706705504560904,True,0.2388141667687068,0.011007697039480237,True,0.030829237424334324,0.0041733139928636365,True,0.0774173390878935,0.0070079487995135204,True,0.14401941738852117,0.008795708445874717,True,0.2464037634906597,0.014373038029495442,True,0.11153265049831679,0.00779376644579888,True,0.2116749326960898,0.013463474825470239,True,-0.03763048945648241,0.01121302002012003,True,-0.007589596721952918,0.017965818215746054,True,-0.08070341307398246,0.00883945364224864,True,-0.1342575936081963,0.015159442618765685,True,0,,1.7450086334934516,0.0,0.8627818346436269,True,0.6837684941433997,True,0.7444479321131621,True,0.5419213038132504,True,never/readmission/2/2,0.0,True,0.25817558255155487,True,0.3090694783930129,True,-0.05089389584145804,0.021174111067922313,True,False,0.0626657149023532,0.019361415782848085,0.9537889957427979
1110,-0.08774978057763974,-0.1266243593891887,0.1372479436312038,0.007355528581737984,True,0.3186559308321655,0.01439765561789925,True,0.25543415484661036,0.010355280448051138,True,0.46692164763184374,0.015856579332169392,True,-0.11818621121540657,0.013231025644612865,True,-0.14826571679967826,0.020476403403773893,True,True,0.8590396042314474,never/2,0.0,True,1.4561564507428857,1.520437473704014,1.5583777151666962,485,237,0.11823070792215586,0.007688028119147454,True,0.24504486301004857,0.011480052462222048,True,0.02949751490374417,0.004135306194374997,True,0.05996843549025071,0.006136368801514166,True,0.15222042955127812,0.008785472373575019,True,0.2384558216046702,0.012926801436718878,True,0.11976500288822078,0.007877168002998789,True,0.2149568375326492,0.012892953624821266,True,-0.03398972162912227,0.011594038331981617,True,0.0065890414053783875,0.017136032244644685,True,-0.09026748798447662,0.00889431202842386,True,-0.15498840204239847,0.014263527022649701,True,0,,1.7116905534030995,0.0,0.8522717771741,True,0.6949867014997007,True,0.7280145675605011,True,0.5465873408626807,True,always/death/2/2,0.0,True,0.26040332691719864,True,0.2965314934093564,True,-0.036128166492157776,0.01966504998500011,True,True,0.05807567180468623,0.015358463907150066,0.9809098243713379
1111,-0.09474772319437383,-0.13754180602006694,0.1477133933539144,0.007849299651368715,True,0.31821686411968425,0.012695414474772473,True,0.2720044350591177,0.010012882412860307,True,0.46051038711113407,0.01513241707616572,True,-0.1242910417052033,0.012603055060705044,True,-0.14229352299144982,0.019922964526377863,True,True,0.8445957232430039,always/2,0.0,True,1.864475722502055,0.7191942898584496,1.2591856971503859,489,213,0.12088246818721277,0.007585814288837871,True,0.2618043267672756,0.01253867599221796,True,0.030987597637747385,0.004175041699258146,True,0.06622755240581708,0.006413855471742225,True,0.15119133513798905,0.009090330764125958,True,0.24612602860381508,0.015082621415800213,True,0.11213465524211243,0.007883765205986966,True,0.205940134846151,0.015325850521126533,True,-0.03030886695077628,0.011782341591329534,True,0.01567829816346053,0.019504019325751368,True,-0.08114705760436504,0.008918295142860484,True,-0.1397125824403339,0.016601268782343127,True,0,,1.2050974741395126,0.0,0.8481299341750399,True,0.6719681208269073,True,0.7366740096198985,True,0.5479338365500339,True,never/readmission/2/2,0.0,True,0.27935983316176116,True,0.30691392131624023,True,-0.027554088154479073,0.022126304860748708,True,True,0.06078789271242516,0.017555506394485554,0.9379405975341797
1112,-0.08730277742615009,-0.14580658256445556,0.15193021380062274,0.008803165162969842,True,0.3270552147726616,0.014639369522627205,True,0.26346918596277724,0.010988821430179822,True,0.481941336288417,0.01920785388429277,True,-0.1115389721621545,0.015136497232734565,True,-0.15488612151575543,0.023517985172370574,True,True,0.8247439556892687,never/2,0.0,True,1.4434007766522692,0.716844660878569,1.5635836921360653,458,227,0.11235626879109945,0.007365555247054567,True,0.24873461264468558,0.011591395220729996,True,0.028809847100335333,0.004037955003632666,True,0.0689591846444578,0.006791947724380824,True,0.1392832839658231,0.008665732403501025,True,0.25359852516002296,0.013899802119533764,True,0.11104252513055651,0.007754077403433987,True,0.2145168146967906,0.013298535181670054,True,-0.02692701517472365,0.011277970842905731,True,-0.004863912515337382,0.01796622758303038,True,-0.08223267803022118,0.008737393434224732,True,-0.1455576300523328,0.014915425546477767,True,0,,0.8641210330267712,0.0,0.8588338841085652,True,0.6823062027108566,True,0.7496741909036204,True,0.5318846601431865,True,never/readmission/2/2,0.0,True,0.26663773609444563,True,0.32140766891360706,True,-0.054769932819161427,0.020323174067533926,True,False,0.0678091437535841,0.017903123449760056,0.9608144760131836
1113,-0.07349058264390071,-0.12585395892687556,0.14117365272395432,0.007854130040321436,True,0.3276167582671618,0.012491571467109795,True,0.2500006108363322,0.010072573602466741,True,0.4856288464455201,0.017117506885091793,True,-0.10882695811237786,0.013115960070353096,True,-0.15801208817835832,0.021062261624912128,True,True,0.8308946301677382,never/2,0.0,True,1.6840188903536653,1.506707331975469,1.587388503069622,447,218,0.12881277015730197,0.007922842580287554,True,0.24770018407509922,0.0111592562913729,True,0.03138662080795901,0.0043280793688150335,True,0.07460703200500285,0.006780990994258328,True,0.14157994412517952,0.008544576368748846,True,0.23579731148067415,0.01331192435932092,True,0.11258910091494093,0.007632951832973865,True,0.21096312181304305,0.013575991967917672,True,-0.012767173967877549,0.011565654685478512,True,0.011902872594425074,0.017210514131105338,True,-0.08120248010698192,0.008774897272105201,True,-0.1363560898080402,0.015149760245795705,True,0,,1.2737562377436134,0.0,0.839800609034739,True,0.677692783919898,True,0.7458309549598796,True,0.5532395667062828,True,always/readmission/2/2,0.0,True,0.2678328390613384,True,0.29552044566660424,True,-0.027687606605265813,0.020022242853500447,True,True,0.05972313418593009,0.0201326549862392,1.006192922592163
1114,-0.06395198343363748,-0.1180525330440052,0.16014250075897388,0.008781310658818521,True,0.31486711578663085,0.013893936638126788,True,0.25415466548771437,0.011449899290023212,True,0.456857458076336,0.016630293950805387,True,-0.0940121647287405,0.01419043755574015,True,-0.14199034228970514,0.020702055923469572,True,True,0.8699802053198344,never/2,0.0,True,1.6519612752565198,1.111646345963782,1.2266649471217566,479,196,0.12343459927361748,0.007827001905713598,True,0.2521354176540299,0.011464039215469405,True,0.033176873864074106,0.004438622107329815,True,0.06674907821161633,0.006371666743771238,True,0.15734037223077843,0.009266755108853063,True,0.2550281313965824,0.014779224984453741,True,0.10640358369415105,0.007722795753217269,True,0.21491143221155126,0.01568922863187994,True,-0.03390577295716095,0.012070427036302093,True,-0.0028927137425525107,0.018538928365142263,True,-0.07322670983007695,0.008906322043614237,True,-0.14816235399993494,0.016919145023107367,True,0,,1.3068622283121196,0.0,0.8433885268623085,True,0.6811155041343537,True,0.7362560440750705,True,0.5300604363918663,True,never/death/2/2,0.0,True,0.2698875625355196,True,0.32050886278686913,True,-0.05062130025134953,0.0213016364728869,True,False,0.0654807313902867,0.017752144881489684,0.9683113098144531
1115,-0.07269482608311281,-0.08820785389160612,0.15661048543050188,0.008920378958411402,True,0.3267045940685831,0.012536309456095109,True,0.26341509053665096,0.010984185656552736,True,0.44935403120144046,0.019572787501814164,True,-0.10680460510614909,0.014148434849895048,True,-0.12264943713285736,0.024279935752433417,True,True,0.7130478055022897,never/2,0.0,True,1.5216757610326332,1.3163732267363484,1.2155518942734422,473,228,0.11716153952020164,0.007777071330209178,True,0.25703689255762713,0.011870480512121662,True,0.029285170427847527,0.004122418133313135,True,0.06644497298691644,0.006770166158253889,True,0.14175618333828857,0.008525074627874584,True,0.22138403372965848,0.012921726227342207,True,0.10686965860202097,0.007448964943928367,True,0.2011659197569723,0.013214224862666312,True,-0.02459464381808693,0.011477896713771337,True,0.03565285882796865,0.017423130286461475,True,-0.07758448817417343,0.008512289428893798,True,-0.13472094677005586,0.014841946861233529,True,0,,1.9114165067023816,0.0,0.8535532900519508,True,0.6765181344554565,True,0.7513741580596904,True,0.5774500465133692,False,never/death/2/2,0.0,True,0.2743450065030588,True,0.26954456156115736,False,0.0048004449419014605,0.020001655209230643,False,True,0.04816052783149888,0.01730811394543169,0.956035852432251
1116,-0.07779612303552866,-0.14150420722206242,0.14645824483148726,0.008449455314408667,True,0.2904878504438167,0.01228763921849406,False,0.24843325407905686,0.011248805221317845,True,0.45856664551054177,0.018395564154119557,True,-0.10197500924756961,0.013329633485161745,True,-0.16807879506672507,0.022043517873357652,True,True,0.8466985330617613,always/2,0.0,True,1.2542577929107288,1.4344760124227802,1.3360674134155948,489,213,0.11393325073152635,0.007386673077475845,True,0.23720598180931068,0.011337089767392212,True,0.036351639663007224,0.004907435192930855,True,0.07234522431765038,0.007051902718464414,True,0.15194924795511736,0.00897078138996679,True,0.24250189092748434,0.014157766838093028,True,0.1232369806377993,0.008161061169153458,True,0.2351704897436691,0.01489045370139693,True,-0.038015997223591,0.011549023862108916,True,-0.005295909118173653,0.01803575863783877,True,-0.08688534097479207,0.009530123565618763,True,-0.16282526542601872,0.01647213290648967,True,0,,1.6331597566693141,0.0,0.8497151096054665,True,0.6904487938730389,True,0.7248137714070834,True,0.5223276193288465,True,never/death/2/2,0.0,True,0.25292020574412244,True,0.30933357828757757,True,-0.05641337254345513,0.021415705799309615,True,False,0.06683168736009323,0.015714223934811755,0.9890546798706055
1117,-0.095071270509867,-0.16273704015447843,0.15010573294440127,0.008398432587687946,True,0.3131640268483961,0.012799419334456786,True,0.2750018226084426,0.011129449606401335,True,0.47276757996380614,0.017676596081021834,True,-0.12489608966404131,0.013938681239140922,True,-0.15960355311541002,0.022115995237297275,True,True,0.8161457849842214,never/2,0.0,True,1.6823302248685412,1.3177850223861727,1.0804519338887684,468,220,0.12426936208923393,0.00798260520701667,True,0.25613321089267,0.011808103471983338,True,0.03412910798609806,0.004425875763063752,True,0.06871336068239822,0.006672069951888834,True,0.12712012857015784,0.008296477735935106,False,0.2409698256463706,0.014447697231655636,True,0.11155754779982678,0.007798302979909001,True,0.20774511118968794,0.014246915016010383,True,-0.0028507664809239025,0.011450364642610535,False,0.015163385246299399,0.018558424294164853,True,-0.07742843981372871,0.008961745014067858,True,-0.13903175050728972,0.015719036098262626,True,2,never/readmission/1;diff/readmission/1,2.1828385498344227,0.0,0.841601529924668,True,0.6751534284249318,True,0.7613223236300154,True,0.5512850631639414,True,always/death/2/2,0.0,True,0.27407514786632825,True,0.30101021382590715,True,-0.026935065959578897,0.021405259250964877,True,True,0.06004038817953655,0.017941936973658257,1.028461217880249
1118,-0.04582666317704426,-0.12437813106304113,0.15840441135495334,0.009051264104963768,True,0.3005464933829993,0.012732602340669676,True,0.2387367066260859,0.011473965322776876,True,0.4376800132684185,0.01794754407064608,True,-0.08033229527113256,0.015072437564169322,True,-0.13713351988541916,0.022679268796576328,True,True,0.8282170675674424,never/2,0.0,True,1.487643984557725,0.7035614873288296,0.917820792816891,468,202,0.10338505664656224,0.006996360862626815,False,0.23197275218533134,0.01107354839340722,True,0.037525586456817445,0.004751639630705689,True,0.0692916259867464,0.0066930805691048445,True,0.15796123714300586,0.009201900744243699,True,0.25341252630144506,0.014270020876096197,True,0.1103880485610846,0.0078027573960930624,True,0.19351423089039033,0.013285166843594634,True,-0.054576180496443624,0.011481696371589889,False,-0.021439774116113725,0.01790892448543862,True,-0.07286246210426715,0.009136147633526718,True,-0.12422260490364392,0.0148730563401756,True,2,always/readmission/1;diff/readmission/1,2.444515129828077,0.0,0.8590893568966202,True,0.6987356218279223,True,0.7316507142959096,True,0.5530732428081646,True,never/death/2/2,0.0,True,0.2485879766034569,True,0.3040528363227485,True,-0.055464859719291576,0.020750475683189613,True,False,0.050640310021303425,0.016615224418125574,1.0163657665252686
1119,-0.0983893247553782,-0.10490661081795094,0.14095328505894736,0.007858571267125074,True,0.3093468205769749,0.012018619059424777,True,0.2682120037329468,0.011123083232576483,True,0.4323628711933148,0.015071246165266908,True,-0.12725871867399943,0.013379992482095013,True,-0.12301605061633991,0.018069523877410055,True,True,0.840853786352956,always/2,0.0,True,2.1327680592737277,1.1433317586102703,1.5630154221333015,480,261,0.12555453778357892,0.007776273603271888,True,0.25825749838342993,0.011521601646709916,True,0.024579264585916718,0.0037514180513399504,True,0.06945812853935951,0.00704037412643241,True,0.15958956775926056,0.009156963214496418,True,0.251661736207642,0.013680581623777747,True,0.11613962360972235,0.007805757737991847,True,0.22649590526987037,0.013694085336294654,True,-0.03403502997568164,0.011934935168983037,True,0.006595762175787945,0.017717386677481472,True,-0.09156035902380563,0.008660856437325141,True,-0.15703777673051086,0.015391532585349922,True,0,,1.7155473812854674,0.0,0.8498661976305044,True,0.6722843730772106,True,0.7242708086310171,True,0.5218423585224876,True,never/readmission/2/2,0.0,True,0.27500001907954436,True,0.31832673059519495,True,-0.043326711515650596,0.01984400016888019,True,False,0.06666499438755297,0.016742520696114427,0.9701848030090332
1120,-0.09769879495123726,-0.1199987085109131,0.15016435158531471,0.008151313249552442,True,0.33420054013083117,0.012540642376627968,True,0.27546726479276296,0.01134032812397012,True,0.4600701051116328,0.017230539614411726,True,-0.12530291320744824,0.01403262625235616,True,-0.12586956498080165,0.021492358704858223,True,True,0.8277935859700003,never/2,0.0,True,1.6365144385587511,1.2504875491132603,1.1240854183121038,481,232,0.13242125538384086,0.008000604109249316,True,0.28045086204864433,0.012082594287319278,False,0.026942073387766535,0.0039033351086989253,True,0.07531000331466751,0.007219216705200572,True,0.14522875793530085,0.008873804575177774,True,0.24240781598925298,0.01379991014175374,True,0.1238455257363894,0.008166938173666649,True,0.20665620689842093,0.012802436633356944,True,-0.012807502551459987,0.011858338936436612,True,0.03804304605939135,0.018155447568163053,False,-0.09690345234862287,0.009049363037587781,True,-0.13134620358375343,0.01468488144605424,True,2,always/readmission/2;diff/readmission/2,2.7938422201324986,0.0,0.8406366712283926,True,0.6442391346366881,False,0.7309257163283097,True,0.5509359771123261,True,always/death/1/1,0.0,True,0.30058443361954096,False,0.3076793399815737,True,-0.007094906362032749,0.020421658082917644,True,True,0.06527152399232072,0.020133571570896625,0.9689865112304688
1121,-0.07672660796606687,-0.11097789975444167,0.15932663979925207,0.008953651400440119,True,0.3420377116481,0.012472486820241312,False,0.26909780037521236,0.011041032617070304,True,0.45236427747890623,0.016965133508802285,True,-0.10977116057596029,0.014133604484028728,True,-0.11032656583080624,0.0210804978297307,True,True,0.8078474485345324,never/2,0.0,True,1.34256341396726,0.7757266956534791,1.3408048618997805,474,238,0.11540667423981552,0.007452748083887191,True,0.24208757339206147,0.011006473933667323,True,0.03244595748708796,0.0042539131618039286,True,0.06618436525847485,0.00654136028011081,True,0.1472214387756172,0.008792755682335718,True,0.24039059414637015,0.014513853407464156,True,0.11058685658320476,0.00756700729881113,True,0.20761652183046816,0.014103220511713414,True,-0.031814764535801676,0.011435319248234564,True,0.0016969792456913158,0.01803922156059787,True,-0.0781408990961168,0.008680734958562643,True,-0.14143215657199332,0.015536496586324626,True,0,,0.655465309648489,0.0,0.8521473682730966,True,0.6917280613494636,True,0.7421917046411781,True,0.5519928840231617,True,never/death/2/2,0.0,True,0.2595747555763069,True,0.2935314292877971,True,-0.03395667371149019,0.022213688597979404,True,True,0.05314083514142692,0.017487182184245414,0.9516017436981201
1122,-0.08011691841967072,-0.13785955200968147,0.14782555503154338,0.008764813956272148,True,0.3144296245001898,0.013027053319567078,True,0.2577347360374383,0.011013075568826977,True,0.4572595160371314,0.018707113149327683,True,-0.10990918100589492,0.01439777406321139,True,-0.1428298915369416,0.023459495383053655,True,True,0.8304338810581028,never/2,0.0,True,1.3039943723351322,1.025256784921201,1.1585358244741961,462,226,0.12751918425480419,0.007829795472548685,True,0.2717394377726462,0.011768272306260767,False,0.03915450427437594,0.00469739441511905,True,0.07232510495356673,0.006716431094380471,True,0.1394698691243168,0.008665209319734168,True,0.24174563304195804,0.013867861859303917,True,0.125228701450175,0.008021354536041095,True,0.22894160413597048,0.013346094237973003,True,-0.011950684869512618,0.011591569563260528,True,0.02999380473068816,0.018022408066458735,True,-0.08607419717579906,0.00929283514924735,True,-0.15661649918240375,0.0149249664695634,True,1,always/readmission/2,2.128217050120597,0.0,0.8333263114708198,True,0.6559354572737871,False,0.7353014294255082,True,0.5293127628220715,True,never/readmission/2/2,0.0,True,0.29468724996491164,False,0.30672545624618747,True,-0.012038206281275832,0.0209539109475548,True,True,0.06497982320422943,0.022947812192265438,0.954118013381958
1123,-0.062302409453652535,-0.14037095501183905,0.1667630506847485,0.008245368809855751,False,0.30772148552381134,0.012629655415611897,True,0.26458551590090257,0.011218661963438062,True,0.4890604264462693,0.0172703315105783,False,-0.09782246521615406,0.013425373802600166,True,-0.18133894092245795,0.021439459765340514,False,True,0.8187026661252829,always/2,0.0,True,1.7839037298363973,1.7461475160246618,1.5683117637437367,452,228,0.11848615286561587,0.007439903471636828,True,0.24363834570332232,0.010929484040382046,True,0.03177344367593145,0.004157972889453422,True,0.06932762846851503,0.0066177459733145925,True,0.14176493185049377,0.008785951983942568,True,0.21971626127972144,0.013420025095929008,True,0.11091560259627492,0.007704394758726889,True,0.20413052832679568,0.01411739537838522,True,-0.0232787789848779,0.011440464602947373,True,0.023922084423600887,0.017141352935224285,True,-0.07914215892034347,0.008754471908660159,True,-0.13480289985828064,0.015589354362568485,True,0,,1.8351484847632247,0.0,0.8497404034584527,True,0.6870340258281626,True,0.7473194655532314,True,0.5761532103934829,True,never/death/2/2,0.0,True,0.2612351407168367,True,0.26503000281681605,False,-0.003794862099979368,0.020094881553105664,True,True,0.04531374153709461,0.017596795013514355,1.022951602935791
1124,-0.07737968077639087,-0.11901063906781506,0.1503064627474343,0.009045079607698878,True,0.3239893205026091,0.014096920371170048,True,0.2524782069183728,0.010207856122621185,True,0.4500026408074392,0.017045242044041238,True,-0.1021717441709385,0.014395591004088219,True,-0.1260133203048301,0.022231366313738156,True,True,0.8026566125497681,never/2,0.0,True,1.3063286166324823,1.1337358318757234,1.285768732142291,509,197,0.1282279960331011,0.007923668763195156,True,0.25966333040270034,0.011400015553334442,True,0.03455789122644395,0.004388929530455779,True,0.06883417510977916,0.006587314791030548,True,0.14120413447361546,0.008934495085223596,True,0.23287280427815646,0.01367899563276891,True,0.11046814355144431,0.007843304600920272,True,0.21442610468808937,0.013799090711805533,True,-0.012976138440514373,0.011871954951296618,True,0.026790526124543884,0.0176881437054832,True,-0.07591025232500037,0.008987191085102323,True,-0.14559192957831021,0.015283324865852295,True,0,,1.381746243782919,0.0,0.837214112740455,True,0.6715024944875205,True,0.7483277219749402,True,0.5527010910337542,True,never/readmission/2/2,0.0,True,0.2782536846940681,True,0.2874377916702724,True,-0.00918410697620431,0.020796094460667314,True,True,0.05456498739211593,0.01859035429136774,0.9408209323883057
1125,-0.05926969243295774,-0.1076823839983459,0.162771368683185,0.008405665697198368,True,0.32415748912695136,0.013408844023917066,True,0.25187869352463055,0.010620412499198121,True,0.4577284768353725,0.0188329320323481,True,-0.08910732484144554,0.013621961580794052,True,-0.13357098770842113,0.023252117133605654,True,True,0.8007386712757447,never/2,0.0,True,1.7946651117068384,0.5523707319577922,1.5003940418852457,480,201,0.11370412568529918,0.007589709736272928,True,0.2382500490643039,0.011326679386633044,True,0.03304195514606224,0.004581087016970154,True,0.07907120742684336,0.007360786343597833,True,0.15132859554739098,0.009178104628733379,True,0.2540286498382979,0.014408690736246321,True,0.11906839497499981,0.007994224719587252,True,0.2140140402775864,0.013272803911284254,True,-0.037624469862091794,0.011825743857294787,True,-0.01577860077399404,0.018155660628142146,True,-0.08602643982893757,0.009214981561684925,True,-0.13494283285074304,0.015170619677959308,True,0,,1.1682457587323745,0.0,0.8532539191686386,True,0.6826787435088528,True,0.7296030094776091,True,0.5319573098841157,True,never/death/2/2,0.0,True,0.25688671910033967,True,0.3090190530055794,True,-0.05213233390523975,0.021708793262622,True,False,0.05499040316728149,0.01863667003603578,0.9951269626617432
1126,-0.09334096393635766,-0.10636202685949553,0.14655224951714493,0.008376047233957679,True,0.3101687116359991,0.01287756951864399,True,0.27121364900048534,0.011371750344911448,True,0.4216117839102706,0.01518855246673548,False,-0.1246613994833404,0.013795772270209856,True,-0.11144307227427153,0.019893272017810482,True,True,0.8000014439458468,never/2,0.0,True,1.9412092241506052,1.1562533386847227,0.9055269536480842,457,199,0.12808769856904884,0.007759584148731227,True,0.26611334727770064,0.011559258697472133,True,0.027733087834042356,0.003876966130381451,True,0.07299310346056526,0.006952878737129582,True,0.15191836574729378,0.009371636744753652,True,0.24304740837987646,0.01495487078664789,True,0.12586147485237895,0.00834819397177164,True,0.21610981260560186,0.014759966160580968,True,-0.023830667178244946,0.012098724394601648,True,0.023065938897824184,0.018738531607154694,True,-0.0981283870183366,0.009203252531941002,True,-0.1431167091450366,0.01630648370838135,True,0,,1.7853891286052914,0.0,0.8441792135969088,True,0.660893549261734,True,0.7222201594003272,True,0.5408427790145217,True,never/death/2/2,0.0,True,0.2852724277072244,True,0.30462461992999346,True,-0.01935219222276907,0.022976260933588642,True,True,0.061577211550117,0.019159080429523745,0.9503777027130127
1127,-0.08995191526379687,-0.1442621926364841,0.15579051678342062,0.008632535404936666,True,0.32356026648381203,0.013179443715770643,True,0.27860486653177763,0.012599539835124253,True,0.479695375620269,0.018768363770458422,True,-0.122814349748357,0.015544429142733853,True,-0.15613510913645695,0.024410062705349147,True,True,0.7822737481301694,never/2,0.0,True,1.655526080690131,0.6842838526084889,1.4039382633485962,461,218,0.11474440367556435,0.007417879372774118,True,0.23293567052894404,0.01107855173648442,True,0.032906108814228556,0.004300628186353469,True,0.07958019956261592,0.006794169575437331,True,0.13163776742743014,0.008585335083468796,True,0.2348050307750932,0.013499958479734116,True,0.11601202651318362,0.007997261756491101,True,0.21392674723611332,0.01314811658064582,True,-0.016893363751865786,0.011270901868046712,True,-0.001869360246149171,0.01733069448901067,True,-0.08310591769895506,0.009078743834274882,True,-0.1343465476734974,0.01477455078016665,True,0,,1.583191854531331,0.0,0.8523494875102071,True,0.68748412990844,True,0.7523502060593863,True,0.5512682219887934,True,always/death/2/2,0.0,True,0.2523243907214732,True,0.2955492569557484,True,-0.04322486623427518,0.020075368170405943,True,False,0.0607442261806552,0.019388720192529185,0.976433515548706
1128,-0.06997827614848892,-0.13459932980905337,0.14760856622345317,0.008689661706807135,True,0.30828873172547844,0.012665599428071874,True,0.24786737607383558,0.01132561191696293,True,0.48204893543746286,0.017304903208006133,True,-0.10025880985038241,0.014045160323563365,True,-0.17376020371198442,0.02173488622437064,True,True,0.8105585068506568,never/2,0.0,True,1.8196766868191072,1.0600027695792515,1.1128449900721218,469,244,0.11960251364973026,0.007586376895934606,True,0.2530370782173463,0.011741551784230786,True,0.0392478251555056,0.004677289470457665,True,0.08530956701631587,0.007352654274464566,False,0.14782228134675124,0.00881134142434245,True,0.2501694610046225,0.013951576552815016,True,0.12682323873759713,0.008155573756490108,True,0.2202928150653148,0.01340085382629477,True,-0.028219767697020975,0.0115251182936559,True,0.002867617212723772,0.01806366798213988,True,-0.08757541358209153,0.009396769926315803,True,-0.13498324804899894,0.015264282154206157,True,1,always/death/2,2.017987853426763,0.0,0.8411496611947642,True,0.6616533547663379,True,0.7253544799156516,True,0.5295377239300627,True,always/death/2/2,0.0,True,0.27599649272835486,True,0.32062881557154876,True,-0.044632322843193906,0.021180379791809832,True,False,0.07045935456692626,0.02295941451100858,0.9880895614624023
1129,-0.07748980477557668,-0.14127040908709493,0.15879654754063938,0.00820416609217946,True,0.2961901238238393,0.012526324245338297,True,0.2743624287478866,0.010915630572454371,True,0.46511690031165004,0.016108007920285928,True,-0.1155658812072472,0.013212006363934263,True,-0.16892677648781074,0.020758071308135898,True,True,0.8105654401423007,never/2,0.0,True,1.6673182059476674,1.5261454317907792,1.379984146498751,496,210,0.11485455630716389,0.0074303008813736745,True,0.23207018285935055,0.011039548697790749,True,0.03477231097695048,0.004568726673419165,True,0.07220636291454145,0.006798325566985078,True,0.137013577245605,0.00891376505727281,True,0.22316096597514393,0.015091807594106065,True,0.11657015843132891,0.008207955265687227,True,0.19917583391140634,0.01726637428743111,True,-0.022159020938441118,0.011547044086070844,True,0.008909216884206622,0.018561810594301283,True,-0.08179784745437843,0.009391705161545265,True,-0.1269694709968649,0.018552775043144124,True,0,,1.4036114556038253,0.0,0.8503731327158857,True,0.6957234542261079,True,0.7464162643230661,True,0.5776632001134497,True,never/death/2/2,0.0,True,0.24884561289545185,True,0.27431570327816673,True,-0.02547009038271489,0.02173650159169785,True,True,0.05115473730302281,0.016775430036101296,0.9983677864074707
1130,-0.07399910625319633,-0.08318255146346243,0.14961020828329497,0.008388548452722832,True,0.33759886096525815,0.013984491343485598,True,0.2539298530282623,0.011593941522750612,True,0.4433524408231128,0.01748639412806793,True,-0.10431964474496735,0.015072668784241607,True,-0.10575357985785466,0.022234614433814744,True,True,0.7274719961430139,never/2,0.0,True,1.8232977504974324,1.6041594536325579,1.3906881605315866,459,224,0.10930738700812961,0.007384061787618639,True,0.2345108381409269,0.011083463232396378,True,0.03164998960331084,0.0042829585944910405,True,0.0808447457569988,0.007257943661421081,True,0.14465108286165457,0.008782251581439336,True,0.2383069887179852,0.01472444447468645,True,0.12371043405237825,0.008041760243447153,True,0.22193441558462298,0.014609061867283567,True,-0.03534369585352495,0.011408660086886168,True,-0.003796150577058288,0.018276818587109087,True,-0.09206044444906741,0.009108793633170954,True,-0.14108966982762416,0.016300206373943138,True,0,,1.429157656890361,0.0,0.8590426233885595,True,0.6846444161020743,True,0.7316384830859672,True,0.5397585956973918,True,never/death/2/2,0.0,True,0.25442668400515084,True,0.30221729015894516,True,-0.047790606153794324,0.022887698894338532,True,False,0.06391030144095997,0.01991584586422393,0.9292135238647461
1131,-0.09999048819195214,-0.16940012979033542,0.14096039869808433,0.008281490753579479,True,0.29893418833632857,0.014088388454069994,True,0.26839347628697224,0.010794214238342243,True,0.47289701937321815,0.01705555869965643,True,-0.12743307758888792,0.013733821938398373,True,-0.1739628310368896,0.0226132859706421,True,True,0.7533325573751378,never/2,0.0,True,1.6585799405427342,0.8596868081254206,1.0592746471639258,505,222,0.10459901410449646,0.007061851469417242,False,0.23601479128356034,0.011061836926572121,True,0.03414452123157047,0.004532948070083795,True,0.06852845212317189,0.00667982771083422,True,0.13772916237610813,0.009056371224766265,True,0.24164282042104634,0.015603238635789295,True,0.11806965019710564,0.008177292584305475,True,0.21117038913313554,0.01605793337910022,True,-0.033130148271611676,0.011428410004950904,True,-0.005628029137486001,0.01898968264141651,True,-0.08392512896553517,0.009350175174146508,True,-0.14264193700996364,0.017389518517472682,True,1,always/readmission/1,1.9997568564931754,0.0,0.8612564646639331,True,0.6954567565932678,True,0.7442011874267862,True,0.5471867904458181,True,never/readmission/2/2,0.0,True,0.2529429114858576,True,0.2999781623157984,True,-0.047035250829940756,0.02335927049272421,True,False,0.058335341894752035,0.01692812020229728,1.0083973407745361
1132,-0.08856659514771414,-0.11398692172699437,0.13862291834054002,0.0085215922833313,True,0.3080474315074555,0.012879361672890454,True,0.2560556336192322,0.011230568817213758,True,0.42937361693742254,0.016789964454157293,True,-0.1174327152786922,0.014173661977213039,True,-0.12132618542996704,0.021895227479654823,True,True,0.8073274239040636,never/2,0.0,True,2.144824325898196,1.0269832186913905,1.2790543659773261,465,229,0.12965174777993696,0.007829382609653776,True,0.2577504541786312,0.0113027295275665,True,0.029806373173219682,0.004217083080887662,True,0.0652568648883621,0.006567394825513964,True,0.14624137293289638,0.008831547638266723,True,0.2395534747852444,0.014475726262919573,True,0.12331326027334272,0.008081536027140531,True,0.21776422061465367,0.014338775593106659,True,-0.01658962515295942,0.011720619566216457,True,0.01819697939338677,0.0181934386621721,True,-0.09350688710012303,0.009115538587450395,True,-0.15250735572629157,0.015763397033006245,True,0,,1.3961187394851733,0.0,0.8405418790468433,True,0.6769926809330067,True,0.7304453667937609,True,0.5426823046001019,True,never/death/2/2,0.0,True,0.275113479153168,True,0.2979065331040113,True,-0.0227930539508433,0.021950823875302283,True,True,0.05835305831876686,0.01736302497453679,0.9833905696868896
1133,-0.08060257490720649,-0.12888444949562694,0.15959067682865577,0.008286499607698335,True,0.3282270426910816,0.013857292597683049,True,0.2693063253404825,0.010207017766632265,True,0.47596207213625064,0.016769278994465668,True,-0.10971564851182672,0.012811259584289466,True,-0.14773502944516903,0.02035454446029239,True,True,0.8215111036551137,always/2,0.0,True,1.5247636821864123,0.9476265029948632,1.5492604586969045,471,214,0.11454236975312865,0.007331808171486543,True,0.2362576577707834,0.010723154899785604,True,0.036783487286798165,0.004541986962687293,True,0.06849051142899307,0.0064212555321501745,True,0.14803018808395052,0.009002740839080876,True,0.25004788219135365,0.014531444520595146,True,0.1221757931832999,0.00815571629579437,True,0.21601029211225753,0.013973721852071033,True,-0.03348781833082187,0.011518347595477079,True,-0.013790224420570263,0.017897080199150955,True,-0.08539230589650174,0.009333384247366615,True,-0.14751978068326446,0.015369528527081502,True,0,,1.2700360732398943,0.0,0.8486741429600732,True,0.6952518308002236,True,0.7297940187327496,True,0.5339418256963888,True,always/death/2/2,0.0,True,0.25424357645866896,True,0.3126664718840985,True,-0.058422895425429555,0.021194301242777335,True,False,0.06261858969274486,0.01798591868788557,0.9718899726867676
1134,-0.08772426817752596,-0.11317301318933348,0.15132644746446006,0.008576067929575283,True,0.3223567900514171,0.013536708557573314,True,0.270390920601057,0.012056791602598274,True,0.45853431320411037,0.01982818788689767,True,-0.11906447313659696,0.014816853451761742,True,-0.13617752315269327,0.023653736323162877,True,True,0.7039114368862673,never/2,0.0,True,1.180015269036685,0.6436980108492102,1.5691849132638358,475,178,0.11177471277126244,0.007500007669274802,True,0.2365005630236471,0.011034597481392093,True,0.0326543656618813,0.004414881278688973,True,0.06941425254847002,0.00661523774964022,True,0.1443880755935874,0.008683788686228091,True,0.24145363610530612,0.014492686939096371,True,0.11611485258002884,0.007797533359610399,True,0.1969115550595116,0.013683885851879919,True,-0.032613362822324965,0.011401367383448628,True,-0.004953073081659015,0.018099295950968736,True,-0.08346048691814753,0.008959245111858359,True,-0.12749730251104158,0.015176573309098027,True,0,,1.018748993625465,0.0,0.8555709215668563,True,0.6940851844278828,True,0.7394970718263838,True,0.5616348088351822,True,never/readmission/2/2,0.0,True,0.2542665908584804,True,0.29753124176818846,True,-0.04326465090970805,0.021244466073913962,True,False,0.056077605662882335,0.017766027834833303,1.0491588115692139
1135,-0.08521361484496537,-0.15043940795559663,0.1444775612930194,0.008673807744770846,True,0.2930830692632236,0.012180033697218626,False,0.26043829371070687,0.010678532590638288,True,0.4590546433097954,0.015807178114133232,True,-0.11596073241768748,0.013412009397131988,True,-0.1659715740465718,0.019225397632011063,True,True,0.8430514696179628,never/2,0.0,True,1.8865369129803484,1.4027906423124332,1.4241091805190649,498,249,0.10724665729706909,0.007175141807109059,True,0.2400808918656503,0.011551298418474486,True,0.030535662787055353,0.004232270983046153,True,0.06545068824876908,0.0062989889039496046,True,0.13993851915999378,0.008745451920549811,True,0.22487196357035258,0.013598685413341522,True,0.11310404335406644,0.007832082122535023,True,0.20301937509937698,0.012987558974547338,True,-0.03269186186292469,0.011224909484640746,True,0.015208928295297713,0.017707275486774764,True,-0.08256838056701109,0.008903322700284308,True,-0.1375686868506079,0.014425446505511594,True,0,,1.599179920257777,0.0,0.8622176799158756,True,0.6944684198855806,True,0.7469574374859398,True,0.5721086613302704,True,never/readmission/2/2,0.0,True,0.25657815530249684,True,0.28559172290351964,True,-0.029013567601022805,0.01994569299841885,True,True,0.06071975933316706,0.016497263436846543,1.010101318359375
1136,-0.08343061191407392,-0.11991508002686868,0.13782383770642975,0.008201388401084383,True,0.3057642972500078,0.01325549747745709,True,0.2527399866772329,0.01073377501854156,True,0.438049027660902,0.018125876844067527,True,-0.11491614897080316,0.01337117326219232,True,-0.13228473041089417,0.022578419288275257,True,True,0.7976126076384532,never/2,0.0,True,1.6856650120936356,1.1788190853262375,0.8780595243547299,477,247,0.12115223069936532,0.007637530099495639,True,0.23783722502704896,0.011037671078094034,True,0.03399672527475089,0.004490825951085387,True,0.07198245021985901,0.007148269145586861,True,0.13843310605308284,0.008522890427178124,True,0.22253997093334618,0.014094478271805707,True,0.11327427670820463,0.007736179521389845,True,0.21947360247921233,0.015200509028779988,True,-0.01728087535371753,0.011363283059248937,True,0.015297254093702778,0.017791384652811004,True,-0.07927755143345375,0.008943744871610829,True,-0.14749115225935333,0.01679661443705893,True,0,,1.5469908602626419,0.0,0.8448510440258838,True,0.690180324753092,True,0.7482926172387125,True,0.5579864265874415,True,never/readmission/2/2,0.0,True,0.2547830904976653,True,0.2836196177975927,True,-0.028836527299927417,0.021082792145587576,True,True,0.06107964686424652,0.016945865470616328,0.930894136428833
1137,-0.06542986571230514,-0.09530598456460337,0.15524901765873522,0.008093594577067981,True,0.3250721756710813,0.012492840349683055,True,0.2514932915670668,0.010345309046817689,True,0.45225953789235107,0.016896337296115987,True,-0.09624427390833157,0.013472220505873348,True,-0.12718736222126975,0.021010651775134167,True,True,0.814096324027671,always/2,0.0,True,2.0164723313794046,1.3963751717229167,1.0877229395971608,475,233,0.11378270656496449,0.0073784014817525395,True,0.22311133650932874,0.010881904159604246,False,0.040519179327599256,0.004789205321620892,False,0.07816641054473374,0.007054334398959401,True,0.1454212061880195,0.00871471325378662,True,0.22829485438743613,0.01347468905786874,True,0.11026664416445602,0.007583694474638766,True,0.22522882389275964,0.014040072950175717,True,-0.031638499623055,0.01131368577752133,True,-0.005183517878107391,0.01717342435858724,True,-0.06974746483685676,0.008969004794231432,True,-0.1470624133480259,0.015702347380441104,True,2,always/readmission/2;always/death/1,2.1671449357378747,0.0,0.8456981141074362,True,0.6987222529459376,True,0.7443121496475245,True,0.5464763217198042,True,never/death/2/2,0.0,True,0.24235500496402823,True,0.2808236294092743,True,-0.03846862444524607,0.02046020807517408,True,False,0.05252877502183817,0.019243668454699492,0.9841947555541992
1138,-0.06977455933434148,-0.12223838669469611,0.15436953431009232,0.007579277605240297,True,0.29889213154962146,0.012839533760475266,True,0.25593900345756343,0.010430534261866495,True,0.45123637081328893,0.017143237247494305,True,-0.10156946914747111,0.012960132034409766,True,-0.15234423926366747,0.020813458696788655,True,True,0.8145572779279763,always/2,0.0,True,1.6170784633304156,1.1836906382795809,1.5425771977265395,494,233,0.11373438907356766,0.007506004727721004,True,0.23896118756633752,0.011311589768332806,True,0.03714340187594388,0.004637523697281409,True,0.08179821784494513,0.007514112107504694,True,0.13817295041263958,0.008542766948912229,True,0.23610213754616177,0.013491371921498779,True,0.11440051317033506,0.007651029622771559,True,0.2123125396157672,0.013569157931918806,True,-0.02443856133907192,0.011298118215729226,True,0.002859050020175752,0.01745155052094451,True,-0.07725711129439118,0.00894556198976454,True,-0.13051432177082206,0.015498598558480878,True,0,,1.5073261727933371,0.0,0.8491222090504884,True,0.6792405945887173,True,0.7474265364170254,True,0.551585322838071,True,never/readmission/2/2,0.0,True,0.2601912481421722,True,0.2931755489858603,True,-0.032984300843688086,0.02039223841768004,True,True,0.05707341143969852,0.02123006057583468,0.9398458003997803
1139,-0.07280473307994306,-0.1316234631906384,0.15089346202481851,0.008505668941208527,True,0.3101744152771852,0.01364831836775164,True,0.2524374131587459,0.009967019145715017,True,0.47748565099630985,0.017897060291027608,True,-0.10154395113392739,0.012544053679343227,True,-0.16731123571912465,0.022509649482339113,True,True,0.8142405070051305,always/2,0.0,True,2.114059034436789,0.8978576762428461,1.7485944628381362,468,237,0.12461094887183642,0.007547359089909469,True,0.24688272277441095,0.011071232670292962,True,0.02689992362280484,0.0037911553564699977,True,0.06643879297360607,0.006462879181615096,True,0.13580290070372442,0.008626162125589098,True,0.245151256975047,0.014192303701239257,True,0.10789262285034494,0.007712144946140879,True,0.18867584118683328,0.012925247430164724,True,-0.011191951831887995,0.01138660885632752,True,0.0017314657993639515,0.01780987330906337,True,-0.0809926992275401,0.008592933341216467,True,-0.12223704821322721,0.014441558662522095,True,0,,1.7157241231152283,0.0,0.8484891275053588,True,0.686678484251983,True,0.7563044764459306,True,0.5661729018381197,True,never/readmission/2/2,0.0,True,0.2641455197958687,True,0.29747930770149467,True,-0.03333378790562597,0.020564303500439175,True,True,0.05232805072644767,0.01726279702145775,0.9885363578796387
1140,-0.06205006934034488,-0.08693823935186551,0.15147291477146194,0.00785711206399588,True,0.3202812907275121,0.012878319996014947,True,0.24376944588697033,0.010688133369615918,True,0.42844977563361225,0.01675279483722017,True,-0.0922965311155084,0.012815395030290808,True,-0.10816848490610015,0.02119500331632231,True,True,0.8493377755091787,never/2,0.0,True,2.133727791085813,0.9379109924189705,1.2446632239044115,472,227,0.11926637069902431,0.007460802867325617,True,0.2567465830009345,0.011725056986994688,True,0.029439708729648014,0.004125464427051754,True,0.06478693864004369,0.006462673974667483,True,0.1556217564161634,0.009116721942480878,True,0.2526807637592349,0.013544107816169805,True,0.11302949413647413,0.007839137356594432,True,0.21322096611429706,0.013215633024737638,True,-0.0363553857171391,0.011686300988852802,True,0.004065819241699575,0.017728787458397385,True,-0.08358978540682611,0.008855259910459594,True,-0.14843402747425338,0.014697919070337892,True,0,,1.1398566811324253,0.0,0.8512939205713277,True,0.6784664783590217,True,0.7313487494473625,True,0.534098270126468,True,always/death/2/2,0.0,True,0.2742544440802997,True,0.3152945349790485,True,-0.04104009089874883,0.02014266998133402,True,False,0.0626137712198136,0.017507861079365195,0.9791512489318848
1141,-0.0780696431968819,-0.13628840849316826,0.14870046073063184,0.00766827323659964,True,0.3105267803679559,0.012166319058722086,True,0.2684055325339019,0.011052678596472371,True,0.47991837735464005,0.01713035938052183,True,-0.11970507180327009,0.013685983941498784,True,-0.16939159698668416,0.020699515445628716,True,True,0.8057248532849448,never/2,0.0,True,2.0450592643365737,1.55641660836185,1.3729313765401012,477,215,0.1231429143757821,0.007692185713617124,True,0.24396581611839674,0.011247879616609103,True,0.031812776529641096,0.0045648348846827665,True,0.06646996018096402,0.00654854515241751,True,0.14618581020887184,0.009071674205758027,True,0.2519499705963672,0.014148766700144852,True,0.11128233859264818,0.007697462828171487,True,0.19335775024734847,0.013618600581598026,True,-0.02304289583308973,0.011801181183180055,True,-0.007984154477970462,0.0178708026449755,True,-0.07946956206300708,0.008949545631563546,True,-0.12688779006638445,0.015108998214271424,True,0,,1.2845849797732112,0.0,0.8450443090945767,True,0.6895642237006392,True,0.74253185119848,True,0.5546922791562843,True,always/death/2/2,0.0,True,0.26006824450970756,True,0.3028475145851575,True,-0.04277927007544996,0.020209285465231774,True,False,0.05089754398879032,0.01610242839131082,0.9057061672210693
1142,-0.0736853673455839,-0.10126932658468113,0.15496253044167782,0.008718169477043234,True,0.32797334038015535,0.012800722098085901,True,0.25733303823175135,0.01071437869198347,True,0.4457645961994187,0.017094925141711327,True,-0.10237050779007353,0.013552153564687199,True,-0.11779125581926336,0.021343456950579702,True,True,0.6341181483731493,never/2,0.0,True,1.551135477203821,1.462024115977175,1.8120986995852186,463,230,0.11937617734990769,0.007525773802277433,True,0.2578158909910561,0.011211672871434878,True,0.027409822611510048,0.0039246604530314005,True,0.06638033216877733,0.006465220944025217,True,0.14606199274780074,0.00880393719211556,True,0.25555271232524673,0.014587166407753545,True,0.1015450903722216,0.0073447263234552385,True,0.18791695034220032,0.013259406457965757,True,-0.026685815397893053,0.011514653771416507,True,0.0022631786658093844,0.01824892744501703,True,-0.07413526776071155,0.008328563306797595,True,-0.121536618173423,0.014748842779578861,True,0,,1.7297191793997058,0.0,0.8532140000385823,True,0.6758037768401666,True,0.7523929168799777,True,0.556530337332553,True,never/death/2/2,0.0,True,0.27599082568939387,True,0.3058179654692434,True,-0.02982713977984952,0.021713600117935314,True,True,0.05026525314399666,0.018174934698337752,1.0163428783416748
1143,-0.08092839153075049,-0.1320153734783019,0.1467754642083332,0.007654600429318713,True,0.31698803489782734,0.012617762360000161,True,0.2477579723175165,0.010438935204968046,True,0.4494227406816057,0.016848684170937822,True,-0.1009825081091833,0.013168128023956702,True,-0.13243470578377836,0.020194148744030124,True,True,0.8373895273408436,never/2,0.0,True,1.1900006709709812,0.9158438440337444,1.0543569097697743,444,211,0.10497692305189774,0.0071631837551841965,True,0.2384450068391058,0.01112094944056669,True,0.029502119342576107,0.0040022331850965995,True,0.07143758276952064,0.006643736041456468,True,0.13788785163292863,0.008660988323486411,True,0.22521357426406813,0.013627225387865143,True,0.11428870884254722,0.007737764482211465,True,0.24063737845275762,0.014632156419790411,False,-0.032910928581030896,0.01117272761083505,True,0.013231432575037672,0.01748613921749136,True,-0.08478658949997112,0.00871280210059818,True,-0.16919979568323698,0.016053823472169892,True,1,never/death/2,2.035610992544614,0.0,0.8655209576055262,True,0.6901174103913735,True,0.7478234395245241,True,0.5341490472831742,True,never/readmission/2/2,0.0,True,0.25747284876421894,True,0.2869637842624727,True,-0.029490935498253767,0.021231212059323126,True,True,0.06175020999840458,0.019027841925113143,1.004303216934204
1144,-0.09017410023323888,-0.13051639029292667,0.13449832194708564,0.008345246072318869,True,0.297012917647354,0.012303996259967073,True,0.25177147825243895,0.011256692921217303,True,0.4495981436896449,0.01678474674093078,True,-0.11727315630535332,0.013705683769494641,True,-0.1525852260422909,0.02149594908936421,True,True,0.8626815131093809,always/2,0.0,True,1.9782362166811505,1.1651131215365758,0.9713548896380492,460,225,0.12041135851569333,0.007655362735509018,True,0.2641920638251089,0.011521958579555371,True,0.03275289280387416,0.004343903369884548,True,0.07513874802029556,0.007079711130391105,True,0.14607827121910003,0.008816604567296313,True,0.25893240629899683,0.013830581526648051,True,0.10511169979379835,0.007443050914966594,True,0.20593040202992272,0.01307991001387386,True,-0.025666912703406694,0.011595699780192849,True,0.0052596575261120715,0.017831383093452554,True,-0.0723588069899242,0.008615040013962495,True,-0.13079165400962717,0.014859417229502143,True,0,,1.5186709537523915,0.0,0.8468357486804325,True,0.6606691881545955,True,0.7488100289871016,True,0.5351371916710804,True,always/readmission/2/2,0.0,True,0.28572561418567594,True,0.3175583279487781,True,-0.03183271376310215,0.020606203525571465,True,True,0.058625921649781254,0.021533550360567033,0.9816586971282959
1145,-0.07128355990699564,-0.14653724297773713,0.1531994460524801,0.00863123044547474,True,0.3082665093542422,0.013722263637003065,True,0.2511480060634906,0.010738269579998677,True,0.46242683910274746,0.01798052450399115,True,-0.09794856001101049,0.013449215561087411,True,-0.15416032974850524,0.022186308624747537,True,True,0.837315044466914,never/2,0.0,True,1.2509766683046402,0.6355960125657838,1.3617598610361192,457,221,0.11217079689206838,0.007395135584054166,True,0.24042410958384108,0.01115669435057841,True,0.027163143856234834,0.003991856748526707,True,0.07038560964389265,0.00668629791245071,True,0.14093227070091627,0.008636868774981953,True,0.2552938654879704,0.014745226461009982,True,0.10963868479449988,0.007647420606135295,True,0.2054448938742877,0.013967167586196283,True,-0.028761473808847887,0.011309960948542806,True,-0.014869755904129311,0.018361589383654044,True,-0.08247554093826505,0.008627629358144675,True,-0.13505928423039504,0.015473473994835167,True,0,,0.9649284496961945,0.0,0.8606660592516968,True,0.6891902807722663,True,0.7494290445045839,True,0.539261240637742,True,never/death/2/2,0.0,True,0.25975250641840636,True,0.31600043010721424,True,-0.05624792368880788,0.02119537080794294,True,False,0.06070656461924384,0.019328396834565276,0.9936435222625732
1146,-0.08559030456678013,-0.10877975159686232,0.13940645091229562,0.007940052594305521,True,0.30293394797490475,0.012142918260571213,True,0.2504292740116719,0.010641660919277313,True,0.42598125508015416,0.015435666372167632,True,-0.1110228230993763,0.01350534380352738,True,-0.12304730710524941,0.019194733545749014,True,True,0.8605001767595468,always/2,0.0,True,1.8167216602732312,1.0683053487172374,0.9085951936000587,468,230,0.1129409024381209,0.007207933441585949,True,0.2397516242065131,0.011036346475094319,True,0.035592647344059807,0.004329751249928369,True,0.07660389068079536,0.007054891068230076,True,0.14082896260957684,0.008812496426086471,True,0.23079952756627475,0.01389282196259714,True,0.11602657894446568,0.008131105180878985,True,0.21926544716207463,0.014181964773022186,True,-0.02788806017145594,0.011303949834813927,True,0.008952096640238355,0.017620308234615228,True,-0.08043393160040588,0.009202372892719926,True,-0.14266155648127926,0.015828268395492045,True,0,,1.0572541191911515,0.0,0.8514664502178193,True,0.6836444851126915,True,0.7431444584459574,True,0.5499350252716506,True,never/readmission/2/2,0.0,True,0.25810735634464355,True,0.29056213493540906,True,-0.03245477859076551,0.020762200697339698,True,True,0.0597626073691343,0.018355732138130437,0.9542574882507324
1147,-0.06866912602230862,-0.11288875999971709,0.14856461144542513,0.008445549818612641,True,0.3081945239795823,0.012114874206639476,True,0.25667819800953007,0.010482292060418808,True,0.46609253839721293,0.01685403737429137,True,-0.10811358656410494,0.013517241989581593,True,-0.15789801441763063,0.020663647564799006,True,True,0.7692093090610913,never/2,0.0,True,1.9082463558440825,2.2169274853151673,1.0720658874730202,461,234,0.12858895047805874,0.007991031349055475,True,0.2476402462799103,0.01114261089070531,True,0.03068987876479563,0.004189951757010489,True,0.07250693662423623,0.006943153009534437,True,0.13789002102368333,0.008511513513235527,True,0.2385633942326666,0.013257664464163219,True,0.1273022539813392,0.00819169855271297,True,0.2326169981788355,0.013184416217501452,True,-0.009301070545624596,0.011617666211087303,True,0.009076852047243705,0.017160003320098666,True,-0.09661237521654358,0.009194951629143945,True,-0.16011006155459928,0.014874426907489382,True,0,,1.781102403543295,0.0,0.8407211707571456,True,0.6798528170958535,True,0.7348077249949775,True,0.5288196075884979,True,never/death/2/2,0.0,True,0.267005402111431,True,0.31866073470843276,True,-0.05165533259700178,0.019137273159354998,True,False,0.08009734047576617,0.01936515583152068,0.9601411819458008
1148,-0.07231353170766641,-0.10843872366093787,0.15924350640846574,0.009097446291927979,True,0.3310586829027381,0.01200898027062253,True,0.2650708476747276,0.010631925653965217,True,0.46818887764138745,0.0168550134498872,True,-0.10582734126626187,0.013179778372048695,True,-0.13713019473864935,0.019986739393175527,True,True,0.7818768442331229,never/2,0.0,True,2.2228516103928784,1.6178884523429473,1.1249313392818414,471,237,0.1154423731628777,0.007450959237342769,True,0.25195045851499714,0.011743081772631518,True,0.036197325639555286,0.00455823690776375,True,0.08177265044610901,0.007473032250886932,True,0.14620658932296,0.009086083424256031,True,0.24915838513530486,0.016214738168776777,True,0.12291818329646895,0.008113176568944745,True,0.2247000471480659,0.015859161219254948,True,-0.03076421616008229,0.011659252205332258,True,0.0027920733796922836,0.01985057296765257,True,-0.08672085765691366,0.009306238848468195,True,-0.1429273967019569,0.017526436162295454,True,0,,1.5121907770126104,0.0,0.848360301197567,True,0.6662768910388939,True,0.7308752273805711,True,0.5261415677166292,True,never/readmission/2/2,0.0,True,0.27335105756261147,True,0.3209781423052715,True,-0.04762708474266003,0.022666136466852265,True,False,0.07181975716996664,0.02140059904761432,1.032698154449463
1149,-0.08443358804125431,-0.10576358651830353,0.15168391857877006,0.00835130068770591,True,0.33220611539816297,0.01318392450934907,True,0.2693212898550985,0.012213177040258457,True,0.44579275160451354,0.01640968618271817,True,-0.11763737127632845,0.015849462546115706,True,-0.11358663620635057,0.021027565781887133,True,True,0.7582573360019836,never/2,0.0,True,2.0979645462962586,0.8799125092495701,1.2894391368003957,458,203,0.12590144562274325,0.007738139508299,True,0.2469603452981902,0.011095680097249873,True,0.03348479346615479,0.004450010304407939,True,0.06931541287504504,0.0066013775717225715,True,0.13167759551381425,0.00856130343281607,True,0.2269467769308334,0.01339882680894934,True,0.11804684123248838,0.007993154941303884,True,0.25177898107525953,0.014533959563359995,False,-0.005776149891071003,0.01147222666461598,True,0.020013568367356793,0.017232529366713073,True,-0.08456204776633358,0.009147620753214625,True,-0.18246356820021448,0.015938603499056393,False,2,never/death/2;diff/death/2,2.815955342165403,0.0,0.840613760911102,True,0.6837242418267648,True,0.7502755632536974,True,0.521274241993907,True,always/death/2/2,0.0,True,0.26430342443243393,True,0.2998140463728389,True,-0.035510621940404996,0.01983998987813231,True,True,0.07286726944200553,0.01734307913424374,1.0160727500915527
1150,-0.061726970118226226,-0.09758767612011998,0.1594244211739053,0.00797448590382118,True,0.3316755889254661,0.01279577429012103,True,0.2498293951719653,0.01109889376260656,True,0.4538485858146581,0.01738609442193328,True,-0.09040497399806002,0.013312212149924436,True,-0.12217299688919198,0.022652502316982275,True,True,0.8094515938310833,always/2,0.0,True,1.530348043417433,0.908033621110177,1.6763039691646093,465,243,0.11500843384183833,0.007610649546878229,True,0.24871961103910087,0.011232897166106055,True,0.02589981102281749,0.004017448140280498,True,0.0527517369148548,0.0059287200928157075,False,0.15515275786696894,0.009061435244243013,True,0.2544468757069733,0.014804938864705196,True,0.11354163384152613,0.007805967472988851,True,0.22211219535983395,0.014322045284441257,True,-0.040144324025130615,0.011761353301929326,True,-0.005727264667872406,0.018396980675373143,True,-0.08764182281870864,0.0087805490926511,True,-0.16936045844497916,0.015495470400620383,True,1,always/death/2,2.988885089484699,0.0,0.8590917551353442,True,0.6985286520460443,True,0.7313056082915049,True,0.5234409289331927,True,always/death/2/2,0.0,True,0.26202315736863147,True,0.323021077417958,True,-0.060997920049326526,0.02130932799011739,True,False,0.06857420171098472,0.013303546329530597,0.9860873222351074
1151,-0.09981952164587032,-0.16439629466051225,0.14085194185684555,0.007321031684699637,True,0.30138449852618965,0.013481493642352247,True,0.26891465374384127,0.01121397985212206,True,0.47586884175339317,0.01651667409564547,True,-0.12806271188699572,0.013373581944901318,True,-0.17448434322720352,0.02077240554843974,True,True,0.7941806088903094,never/2,0.0,True,1.6256870449291512,1.3662230512424347,1.1725477327954477,473,219,0.12562275872610204,0.007802232954061521,True,0.25066711179592016,0.011449045827346837,True,0.03047431620106304,0.0040670281429706166,True,0.0731457257952178,0.0071133878686774005,True,0.15452752917969234,0.009167436399275208,True,0.24419483701646294,0.014042675144048002,True,0.11892499595326558,0.008059631136329825,True,0.21987233100183431,0.014421054205948188,True,-0.0289047704535903,0.011972444627207788,True,0.006472274779457221,0.018012547745719906,True,-0.08845067975220254,0.009026309390151315,True,-0.1467266052066165,0.016061826740926516,True,0,,1.014190748072975,0.0,0.8439029250728349,True,0.676187162408862,True,0.7265474748670421,True,0.5359328319817027,True,never/readmission/2/2,0.0,True,0.26870801865637584,True,0.3086255643610812,True,-0.03991754570470535,0.021494195752196497,True,False,0.06443072734461824,0.018040906860455674,0.9758269786834717
1152,-0.08485605012633837,-0.11722540213499494,0.15609649230272882,0.009094431917342476,True,0.3162985956500756,0.012753241184231247,True,0.2734854153016328,0.010756792076896789,True,0.4496048781334963,0.016900958221643683,True,-0.11738892299890397,0.013472249947291265,True,-0.1333062824834207,0.020619485425219505,True,True,0.7917199032280292,always/2,0.0,True,1.916145065322885,1.4383127253924255,1.3847566397915632,490,220,0.10546910422766062,0.00711487883736986,True,0.22854459081461898,0.01098414813282631,True,0.025939621887023413,0.003942340258817189,True,0.06631554197299136,0.006566985220335927,True,0.14233929060135456,0.009086186757623736,True,0.25057988343803994,0.0148759620868305,True,0.10613622543927421,0.007554209547157619,True,0.2058724180014401,0.014598728958480313,True,-0.036870186373693936,0.011462017339079129,True,-0.022035292623420966,0.018315182848735567,True,-0.0801966035522508,0.00852136967462834,True,-0.13955687602844874,0.015996394004441007,True,0,,1.8625609901795839,0.0,0.868591273885316,False,0.7051398672123896,True,0.7515244839593712,True,0.54354769856052,True,never/death/2/2,0.0,True,0.24473268876235477,True,0.30978719287731443,True,-0.06505450411495967,0.021184214940956802,True,False,0.05920730943927449,0.01618809794773579,0.9924952983856201
1153,-0.08571319100078709,-0.1187842806340787,0.13145906178075434,0.007711555994907429,False,0.3054527203593166,0.014267389345664367,True,0.24818770207832552,0.011017482297802665,True,0.44429778084938043,0.015487810241291698,True,-0.11672864029757118,0.012562930997413613,True,-0.13884506049006384,0.02051527152323208,True,True,0.7862295216372626,always/2,0.0,True,1.958573949958497,0.9456009046387607,1.2402095684102241,448,249,0.10875093520541566,0.007145501670393208,True,0.23858584912327283,0.01138721713029384,True,0.02948253412758041,0.004093091733441052,True,0.07470469354157601,0.006718549533722652,True,0.14596500394529635,0.008898915579557898,True,0.2560595157185981,0.014857854318890825,True,0.11249508604422397,0.0076396630659905755,True,0.21879013741286138,0.01430078369784028,True,-0.03721406873988069,0.011320361349017203,True,-0.01747366659532526,0.01855132379154541,True,-0.08301255191664356,0.008666932200823504,True,-0.14408544387128536,0.015788702334414952,True,0,,1.3952924867255245,0.0,0.8617665306670039,True,0.6867094573351511,True,0.7415399100104797,True,0.5251503468685406,True,always/death/2/2,0.0,True,0.2577236688258548,True,0.32624958024898887,True,-0.06852591142313408,0.021493659292031356,True,False,0.07019006453039078,0.019137819702581965,0.9324052333831787
1154,-0.0900289550682784,-0.11217220052261656,0.1382076712660003,0.008472765185261034,True,0.3185232720529949,0.012981162416024714,True,0.2584519213880702,0.011348410113300164,True,0.44410403264103504,0.017265008310981756,True,-0.1202442501220699,0.014327028260570012,True,-0.12558076058804013,0.022889622080991354,True,True,0.8301306410617656,never/2,0.0,True,1.8116349744023017,0.8791092995838747,1.1287443409989057,496,220,0.11236116287098458,0.00735260074866932,True,0.24665623419091362,0.011162503177928976,True,0.03167244473859338,0.004511563035246082,True,0.06183708574579241,0.006595164962161888,True,0.14685992962068325,0.008912160979885978,True,0.23933570171145346,0.014243167220281131,True,0.10795550002274437,0.007603880537241151,True,0.21381469332042036,0.014154684075826051,True,-0.03449876674969868,0.011472348130988552,True,0.007320532479460157,0.017952515944180958,True,-0.076283055284151,0.008842861013251291,True,-0.15197760757462794,0.01560895143839751,True,0,,1.3092794954710403,0.0,0.855966392390422,True,0.691506680063294,True,0.7451845703565724,True,0.5468496049681262,True,never/readmission/2/2,0.0,True,0.26098623432800044,True,0.296109960463776,True,-0.03512372613577558,0.021025812554806622,True,True,0.05677425875232256,0.014330000137086824,1.0446350574493408
1155,-0.08244806922994971,-0.13450214220751466,0.14402813615851712,0.008549163042584448,True,0.3124778261280307,0.01243163631126623,True,0.2545324155902101,0.010286971747593725,True,0.46773339103681244,0.017194442903457997,True,-0.110504279431693,0.013140349031165977,True,-0.15525556490878173,0.021094535347005717,True,True,0.7796373188955467,never/2,0.0,True,1.5068898436699945,1.2653264900149246,2.0187389893716947,469,236,0.12623538639761236,0.007911365103362543,True,0.26257532795151134,0.01143702225072768,True,0.03358677254927621,0.0043209042191538075,True,0.0724093960720104,0.0068034528237867434,True,0.1438828785485978,0.008761052266226494,True,0.23637393787320668,0.013683203802087842,True,0.11234220446094788,0.007793813700751129,True,0.21393086920052118,0.013659880710034752,True,-0.017647492150985433,0.011727116547573583,True,0.02620139007830466,0.017633057407111075,True,-0.07875543191167167,0.008908724656744539,True,-0.14152147312851077,0.015248907750910302,True,0,,1.388589407570742,0.0,0.8401778410531114,True,0.6650152759764782,True,0.7437749169904544,True,0.5496951929262721,True,always/readmission/2/2,0.0,True,0.2826860903266074,True,0.2948929818621552,True,-0.01220689153554777,0.02047088734667549,True,True,0.0585190439889485,0.02011076237509607,0.9855453968048096
1156,-0.06532768592867125,-0.10812299997880764,0.1598424021893058,0.008743868370841207,True,0.3146215263778184,0.013149602500429963,True,0.2558358287660674,0.010662663414876752,True,0.44592580512141783,0.017684867728198373,True,-0.09599342657676163,0.013453659227240261,True,-0.13130427874359946,0.022447306777147864,True,True,0.8269945345761694,never/2,0.0,True,1.8644473676261664,0.8586969990984494,1.4175149083870475,487,220,0.10940183860205284,0.007257685723611491,True,0.2527724362413254,0.011629115442293454,True,0.0286826754986713,0.004037616340834478,True,0.0662906544590237,0.006579172739549908,True,0.13916802234830872,0.008534293524726035,True,0.25404656278566196,0.014221470580386064,True,0.1101199539974231,0.0075774363830869804,True,0.2019897907224115,0.013157875303121224,True,-0.029766183746255878,0.011119704799300656,True,-0.0012741265443365624,0.018198407341286835,True,-0.08143727849875179,0.008585129072139546,True,-0.1356991362633878,0.014698746527183197,True,0,,1.2840403611896622,0.0,0.8619154858992759,True,0.6809369092996509,True,0.7507120236542681,True,0.5439636464919265,True,never/death/2/2,0.0,True,0.27180256148471693,True,0.3108476685650899,True,-0.039045107080372954,0.021556211368658536,True,True,0.05680110577942793,0.019030125243391538,0.9862639904022217
1157,-0.07842357204603095,-0.13726272202244744,0.13806370247059233,0.008096231636176817,True,0.31359908641404227,0.013851159521893568,True,0.24915907051848832,0.010561719556663058,True,0.4578587618084236,0.017550731794431226,True,-0.11109536804789599,0.013847006889739867,True,-0.14425967539438134,0.02263939776960465,True,True,0.7865404127174022,never/2,0.0,True,2.011909393302082,0.8450633542896601,1.2945938175004248,430,238,0.11457359544644134,0.007540033551440173,True,0.24659139493924487,0.011282985938679503,True,0.02855153166422457,0.0039626125587532875,True,0.07953288683073378,0.007328667703791184,True,0.144345909266731,0.008660004054111124,True,0.24513904127361671,0.013658888836293664,True,0.11266700350678391,0.007630127093291214,True,0.20470729239822258,0.012842880982335131,True,-0.02977231382028965,0.011435457574617221,True,0.0014523536656281533,0.017598935061977145,True,-0.08411547184255934,0.008592399873237663,True,-0.1251744055674888,0.014771500005422324,True,0,,1.2363620779321869,0.0,0.8568748728893341,True,0.6738757182300213,True,0.7429870872264851,True,0.5501536663281608,True,never/death/2/2,0.0,True,0.2673907204424564,True,0.30208599486299564,True,-0.03469527442053927,0.020645306770937774,True,True,0.05694695358937893,0.020799325503211508,1.014983892440796
1158,-0.0873765791212961,-0.14101163062992744,0.1431272227129386,0.008160671890456274,True,0.3004404103534834,0.012294248986773062,True,0.2570588538490743,0.011066897205090536,True,0.46652178710570685,0.016746053132302274,True,-0.11393163113613569,0.013627027702163435,True,-0.16608137675222345,0.021691517225244174,True,True,0.8056269864688507,never/2,0.0,True,1.6126709774091625,1.2352277111325811,1.4133342433573346,434,232,0.11515228819249745,0.007496364421403139,True,0.2419326088418119,0.011083487947012792,True,0.027145100595378727,0.0038338637871864344,True,0.06351980170263445,0.006225789845091513,True,0.15558707929419596,0.008882102696196355,True,0.2562557541194643,0.014160242089257237,True,0.1116002916506958,0.007686212611137899,True,0.19846725150360647,0.013374852860634499,True,-0.04043479110169851,0.011560721083904577,True,-0.014323145277652383,0.017840439856101918,True,-0.08445519105531707,0.00858539229218446,True,-0.134947449800972,0.014736130257629546,True,0,,1.2045780709203942,0.0,0.8577026112121238,True,0.6945475894555537,True,0.7328126290551082,True,0.5452769943769292,True,always/death/2/2,0.0,True,0.25847277252924084,True,0.3151239443218835,True,-0.056651171792642674,0.020435590238117002,True,False,0.058868190202419235,0.016540163687428944,0.956496000289917
1159,-0.0991975998469701,-0.1331982151060922,0.14226700415075988,0.008357214007728745,True,0.30617692490744447,0.01410031236753204,True,0.26719518752388594,0.011027988931644786,True,0.44962084308607164,0.015533031926886761,True,-0.12492818337312606,0.012901204701199704,True,-0.14344391817862717,0.02044122769968613,True,True,0.8207388253951451,never/2,0.0,True,1.6398864345818005,0.8006248544580513,1.3251290806762508,479,209,0.12438461070867263,0.007765217047951966,True,0.25734143312754165,0.011500919986675143,True,0.02966332123048196,0.004167264982625766,True,0.07404083420572982,0.006778920837649956,True,0.1518700563013992,0.008903044688888119,True,0.2553095368198943,0.013801083414915743,True,0.10865049807729776,0.007631606282407828,True,0.1997191931613409,0.012980158708081798,True,-0.02748544559272656,0.01170639505707405,True,0.0020318963076473295,0.01781680044704425,True,-0.0789871768468158,0.008694290074018413,True,-0.12567835895561108,0.014629149941744753,True,0,,1.0049552505055208,0.0,0.8459520680608454,True,0.6686177326667285,True,0.7394794456213031,True,0.5449712700187648,True,always/death/2/2,0.0,True,0.27756036948908663,True,0.31522792136593575,True,-0.037667551876849115,0.020501905663456717,True,True,0.059918384546041425,0.02021893636154498,0.9779872894287109
1160,-0.07334562907167178,-0.11064020486555692,0.15398415367494886,0.009105618320625881,True,0.31549217052466727,0.013017574701222362,True,0.26104007192775885,0.011119079146552543,True,0.4522635665865317,0.018428767709681226,True,-0.10705591825281,0.01455176089969574,True,-0.13677139606186445,0.0220110315857879,True,True,0.7928849855834492,never/2,0.0,True,1.6945672857945504,1.4498965263256736,1.0841637645021325,455,196,0.12253052619126988,0.007745680762158926,True,0.23347258639622787,0.010917044378207796,True,0.02861243074939285,0.004214722083155088,True,0.08058273026412534,0.007301330044146031,True,0.14517700219032278,0.008729646355625254,True,0.23893457515362124,0.014393767156356947,True,0.1114619716840395,0.007653527337277283,True,0.20509199265052144,0.013355469474233269,True,-0.02264647599905291,0.011597963759076879,True,-0.005461988757393371,0.01789611350811889,True,-0.08284954093464665,0.00873687472641773,True,-0.1245092623863961,0.015209317191825339,True,0,,1.384779239260905,0.0,0.8488570430593373,True,0.6859446833396468,True,0.7433610261256377,True,0.5559734321958574,True,never/death/2/2,0.0,True,0.2512490729224255,True,0.2854791900679338,True,-0.03423011714550833,0.022045704841315107,True,True,0.04654461491431258,0.01777648652619762,1.066969633102417
1161,-0.07421975816087559,-0.09861984632356663,0.15114780032964376,0.008411668869326412,True,0.3230712213255247,0.01300340317534135,True,0.2565314318500082,0.010448649767713503,True,0.4471204421877113,0.0165651627029296,True,-0.10538363152036445,0.014012621954302149,True,-0.12404922086218662,0.02204409402005049,True,True,0.8323400393001248,never/2,0.0,True,1.9497806277648109,1.1653118937533085,1.406757555321269,465,211,0.13336493091872959,0.007942260725882637,True,0.25258192627552256,0.011121899388160071,True,0.028384503899832887,0.004172637278881726,True,0.07002972267897076,0.006807783399054817,True,0.14691681557234665,0.008912207040777304,True,0.22274944146377673,0.013201443934704168,True,0.12512804393940674,0.008117288464092449,True,0.24255332101112806,0.015386053066729072,False,-0.013551884653617063,0.011853831102507038,True,0.02983248481174583,0.01711576316369188,True,-0.09674354003957386,0.009126378575082613,True,-0.1725235983321573,0.016816249707055062,True,1,never/death/2,2.0603933233324954,0.0,0.8382505651814376,True,0.6773883510455067,True,0.7279551404882466,True,0.5346972375250952,True,never/readmission/2/2,0.0,True,0.27128086049788147,True,0.28133216261932775,True,-0.010051302121446282,0.02173910985448968,True,True,0.05858272115555102,0.01869893422235891,1.0073339939117432
1162,-0.08005784806973532,-0.12273718647764448,0.1617445971270148,0.008795589217453872,True,0.3298048186405844,0.013313770729689419,True,0.2723250531573613,0.010087611833080207,True,0.44217669436246626,0.018078510366755098,True,-0.11058045603034647,0.012819246013833472,True,-0.11237187572188184,0.02154069930321657,True,True,0.7803563512104779,never/2,0.0,True,1.4004756822356093,0.35507831370185644,0.9762554642814535,499,226,0.11694510913097432,0.007608535491388727,True,0.24370130946218085,0.011146997889673048,True,0.028093091396918672,0.003998797624438187,True,0.0725848801209796,0.007013195896645697,True,0.14726849614968945,0.008886899559840542,True,0.23634354068801317,0.013686495601591612,True,0.10285543336808955,0.007254250004035262,True,0.20471898176657577,0.013273184472197743,True,-0.030323387018715134,0.011625730582542926,True,0.007357768774167689,0.017490822279335485,True,-0.07476234197117088,0.008283899343636708,True,-0.13213410164559616,0.014995003233662107,True,0,,1.358729934373315,0.0,0.854961799472107,True,0.6837138104168395,True,0.7498760704822209,True,0.558937477545411,True,never/readmission/2/2,0.0,True,0.2607387474468772,True,0.29018287174313745,True,-0.029444124296260255,0.019977151022657014,True,True,0.053839331055124284,0.01703743798469634,1.0248394012451172
1163,-0.08222747345642545,-0.12538501263394747,0.14505713236509127,0.007808583229442429,True,0.31108299005176687,0.012812520805636295,True,0.2500081763579839,0.00979104666951432,True,0.44015930755762184,0.019321877026169394,True,-0.10495104399289262,0.012188828036405006,True,-0.12907631750585496,0.0230796090504313,True,True,0.7504699887770202,never/2,0.0,True,1.0945992135276577,1.2950843148555262,1.564206420855877,473,221,0.1192077990848253,0.007526818676835722,True,0.23618787692233642,0.01076218818487895,True,0.027704431007534787,0.004312162126325641,True,0.07878583640305563,0.007435966576261779,True,0.15328037708768738,0.008923657223759254,True,0.25126653286901074,0.014116066861965433,True,0.11422625433781876,0.007773829121021879,True,0.19481424299482836,0.012921982287997664,True,-0.03407257800286208,0.011558911432482465,True,-0.015078655946674319,0.017559295991501606,True,-0.08652182333028396,0.008895115144895261,True,-0.11602840659177273,0.014903533023277255,True,0,,1.6339476934894201,0.0,0.8530877699076399,True,0.685026286674608,True,0.7324933685744939,True,0.5539192241361609,True,never/readmission/2/2,0.0,True,0.25318201087737086,True,0.30914071229134615,True,-0.0559587014139753,0.020374052789127437,True,False,0.057874179422335414,0.016994133955034435,1.0422499179840088
1164,-0.08867587750612663,-0.12665512562578957,0.14724999307628583,0.008961342264993103,True,0.3215660113095712,0.01385355243508654,True,0.26745466312895005,0.010476182427896896,True,0.4631210428322171,0.01672234985291258,True,-0.12020467005266422,0.014559462192736199,True,-0.14155503152264592,0.021312315462371265,True,True,0.8290078126766239,never/2,0.0,True,1.7246653687248847,1.2595820074179502,1.5325870615233959,458,227,0.11096960975609517,0.007193166438864133,True,0.24659279799530107,0.011530334532559663,True,0.036286292777945615,0.004637322023635873,True,0.07368242608372863,0.006628446287874587,True,0.13797186120181734,0.008706911564944735,True,0.2515669419020204,0.01410303972752728,True,0.1172927936598687,0.008028022939343859,True,0.19412736294272792,0.01240811041472451,True,-0.027002251445722172,0.011240302188462134,True,-0.004974143906719325,0.018092210867557447,True,-0.08100650088192307,0.009270749841308195,True,-0.12044493685899929,0.014050262892650014,True,0,,1.4188391557733173,0.0,0.8527440974659592,True,0.6797247759209704,True,0.744735345138314,True,0.5543056951552516,True,never/death/2/2,0.0,True,0.2660333477575953,True,0.3060429315537861,True,-0.040009583796190795,0.021198329332176826,True,False,0.0544759896517657,0.01944054976229423,0.9655919075012207
1165,-0.07702640443437628,-0.11413514631558119,0.147255494170467,0.007883048944878849,True,0.31696455185736433,0.012345210048693418,True,0.25531515593275855,0.010685888578797572,True,0.4623865774112103,0.018282468664365007,True,-0.10805966176229156,0.01368415533691877,True,-0.14542202555384598,0.02108986674101298,True,True,0.7541218951683796,always/2,0.0,True,1.8848194243182645,1.1421726779072991,1.2710568027650158,466,232,0.12334253113592035,0.007562398429266673,True,0.24795135667611598,0.011342540564519388,True,0.03268125427176141,0.0042327652921191165,True,0.07648216964768244,0.007054312067418867,True,0.14096699331998205,0.00869936497609207,True,0.24365724208087247,0.014303641355268064,True,0.114885074933592,0.007786041884640525,True,0.2439219571434751,0.015155358099475075,False,-0.017624462184061704,0.011426821622297271,True,0.004294114595243509,0.018081298899709636,True,-0.08220382066183059,0.0088597414281169,True,-0.16743978749579264,0.016700953343754193,True,1,never/death/2,2.182063724684968,0.0,0.8439762145923182,True,0.6755664736762016,True,0.7441479317464259,True,0.5124208007756524,True,always/readmission/2/2,0.0,True,0.26840815597383105,True,0.3146126169253884,True,-0.046204460951557336,0.021436787327885634,True,False,0.07095537484451592,0.020456799297715073,0.9926512241363525
1166,-0.06445149815085818,-0.07849637894183475,0.15603276031957677,0.009015053523966022,True,0.3427616466578549,0.013152144888990924,True,0.2557049035491593,0.010477010698182064,True,0.4398663565519479,0.01801476540986101,True,-0.09967214322958254,0.01343452220562199,True,-0.09710470989409298,0.023051700496432428,True,True,0.808216570415196,never/2,0.0,True,1.744668263600218,0.8619871775686491,1.6590676679131167,471,224,0.11158631593677922,0.007323950683960369,True,0.24868825674610032,0.011295991676295433,True,0.037112688826090555,0.004549113455766743,True,0.06939654561431072,0.00633919807523377,True,0.15063742424995993,0.009112167352675159,True,0.25323795004728794,0.01438313851830024,True,0.11513476729968088,0.00794180320084027,True,0.21272497241232463,0.01352037705167466,True,-0.03905110831318072,0.011604075025982631,True,-0.004549693301187624,0.018135443676589997,True,-0.07802207847359033,0.009149459702869898,True,-0.1433284267980139,0.01490302897788689,True,0,,1.3404125628831567,0.0,0.8513009952371302,True,0.681915197639589,True,0.7342278084503592,True,0.5340370775403874,True,always/readmission/2/2,0.0,True,0.2689314097862149,True,0.32079508917819294,True,-0.05186367939197806,0.02110424901956392,True,False,0.067557139130905,0.020243153040114564,0.9706072807312012
1167,-0.08244865571621782,-0.13495845552297164,0.14868663293236273,0.008704809584150146,True,0.3240173105449286,0.014665735574579246,True,0.26596433051277907,0.011065828907293322,True,0.47470596892773437,0.018763932173075773,True,-0.11727769758041634,0.014440550266341855,True,-0.15068865838280576,0.022627249417125687,True,True,0.753764949548924,never/2,0.0,True,1.9398613914409075,1.1369332817806577,1.0834235416315285,493,225,0.11726798023921506,0.007493401019129273,True,0.259784062537467,0.01172400341350645,True,0.03167059413320933,0.004523820008023253,True,0.06606158192303521,0.006721736103863865,True,0.14632194170930632,0.009027205292144486,True,0.2691561053274459,0.014931513769312841,True,0.11313356892670637,0.00780242491788716,True,0.20575078770706723,0.013316628906083703,True,-0.02905396147009126,0.011647368364873453,True,-0.009372042789978885,0.018833291262597956,True,-0.08146297479349704,0.009018815058783826,True,-0.13968920578403202,0.01489694505695798,True,0,,1.661727384830838,0.0,0.8510614256275756,True,0.6741543555394978,True,0.7405444893639873,True,0.5250931069654869,True,never/readmission/2/2,0.0,True,0.2783351237698795,True,0.34180812061411137,False,-0.06347299684423185,0.02149319082303335,True,False,0.07265201528666548,0.018551061232412513,0.8936159610748291
1168,-0.07804967530799067,-0.11651561512801106,0.1489388273270186,0.007895225215060746,True,0.3261858388109638,0.013512648702245647,True,0.25956144306799556,0.011278321467003955,True,0.4597568456321163,0.017716885460565546,True,-0.11062261574097695,0.014011367578429967,True,-0.13357100682115247,0.022251742016756563,True,True,0.7588728114225627,never/2,0.0,True,1.511380972274703,1.1569673676049663,1.0192525729618938,484,225,0.13179941510237375,0.007826915805914205,True,0.27126376028203036,0.011587961741164261,False,0.033312998885186275,0.004386662637812511,True,0.07834972491728402,0.007059183014137859,True,0.13601749198241736,0.008771727073104524,True,0.2156018586452235,0.013816275649900615,False,0.11879894909166007,0.008125316311587487,True,0.23449613712121373,0.015291455934896218,True,-0.004218076880043609,0.01167914651622188,True,0.05566190163680687,0.017925977574684962,False,-0.08548595020647379,0.009232722407759256,True,-0.15614641220392972,0.016831394025477807,True,3,always/readmission/2;never/readmission/2;diff/readmission/2,2.974002472930339,0.0,0.83488758601244,True,0.6503865148006855,False,0.7451835589259226,True,0.5499020042335627,True,never/readmission/2/2,0.0,True,0.29304706293336436,False,0.27583016365152935,True,0.017216899281835008,0.021033578302603443,False,True,0.060228305006305854,0.02178330265133399,0.9654834270477295
1169,-0.06020397597846347,-0.1141133498564112,0.1650508771106442,0.008826989231520607,True,0.3147072337868406,0.013113374088557471,True,0.25488446132264175,0.011914544651935408,True,0.45626459119249707,0.017168779373451085,True,-0.08983358421199755,0.01486102816545235,True,-0.14155735740565645,0.022006189416697748,True,True,0.8573036769838335,never/2,0.0,True,1.3418958829515044,1.7303690890810588,1.5459744016934496,487,210,0.1101384670733219,0.0073435134629268135,True,0.22588551650524596,0.010688222491747274,True,0.028053578376851344,0.003997036918395168,True,0.06939618387061393,0.006826148972541139,True,0.16008182359478337,0.009195885275208947,True,0.27843098818423434,0.01451198074810848,False,0.11331666604597053,0.0078705884580259,True,0.21306846028205076,0.01394612981596544,True,-0.04994335652146148,0.011699154152327217,False,-0.052545471678988376,0.01782419075127229,False,-0.08526308766911919,0.008819727803094507,True,-0.14367227641143682,0.015514140569898326,True,3,never/readmission/2;diff/readmission/1;diff/readmission/2,3.0798296789474118,0.0,0.8618079545498267,True,0.7047182996241401,True,0.726601510359246,True,0.5085005515337149,False,always/death/2/2,0.0,True,0.2423449713216471,False,0.35206564182860495,False,-0.10972067050695786,0.01993967421781076,False,False,0.0736346536443706,0.016459454816401126,1.0250723361968994
1170,-0.10352711662980837,-0.13507307488203313,0.13815791988432916,0.008773208267933142,True,0.3013397077009191,0.012783833522816155,True,0.2735986103561902,0.011522486487845724,True,0.451674178952096,0.016350948406972075,True,-0.13544069047186105,0.01509806084096517,True,-0.15033447125117688,0.02159477532299912,True,True,0.8496451611487968,always/2,0.0,True,1.9431053180443614,1.160244764293493,0.9764543927908552,475,218,0.12204517233328992,0.0074788730901935675,True,0.2567983941198491,0.011432484612981172,True,0.02836482641055372,0.0039834469720359585,True,0.0628930367442302,0.005990595452124853,True,0.13749862909016888,0.008748532081246546,True,0.23545850298770615,0.013606007253942036,True,0.10515056421847271,0.007628414291667514,True,0.20449572223445917,0.01331915596588591,True,-0.015453456756878967,0.011426569316648148,True,0.021339891132142963,0.017637056592465766,True,-0.076785737807919,0.00860566485512762,True,-0.14160268549022897,0.01458835122816101,True,0,,1.2651435598245178,0.0,0.8495900012561564,True,0.6803085691359207,True,0.7573508066913583,True,0.5600457747778347,True,never/death/2/2,0.0,True,0.2747270580703679,True,0.28838494194755415,True,-0.01365788387718625,0.020465274948636706,True,True,0.052926438959848,0.017928663950518786,1.0098991394042969
1171,-0.06268496791957615,-0.09250702907347469,0.15043941955198195,0.008459859614990198,True,0.33014642837421215,0.013007919410181682,True,0.24261998596979112,0.011096595920770962,True,0.45726197002880004,0.018182443315664956,True,-0.09218056641780917,0.01383254399993289,True,-0.12711554165458788,0.022195441391541598,True,True,0.7644651071718114,never/2,0.0,True,1.5941534099373642,1.228739240159895,1.2944862794299532,433,203,0.11886653275001052,0.007581246308182639,True,0.25556214095074603,0.011475319263909293,True,0.030809882405338215,0.004193803810610487,True,0.06667139647157713,0.006605931684798993,True,0.13806884347976853,0.008543599490131537,True,0.24732279804116403,0.015059174020290573,True,0.11384797441461515,0.0076651237781880785,True,0.2199120344730121,0.014443619727104293,True,-0.019202310729758004,0.011358403768801557,True,0.008239342909582004,0.018799645201094898,True,-0.08303809200927693,0.008736536496338747,True,-0.15324063800143498,0.015878253673373862,True,0,,0.8381896328945563,0.0,0.8503235848446513,True,0.6777664625776768,True,0.7480831821056163,True,0.5327651674858238,True,never/readmission/2/2,0.0,True,0.27190528970137623,True,0.3218151139871882,True,-0.04990982428581198,0.0209949036879589,True,False,0.07449231594602418,0.0163431487506302,0.9520976543426514
1172,-0.08029503436576288,-0.08729804430555904,0.14965749885119486,0.008592981283936117,True,0.33404604434066437,0.012853022488283463,True,0.2519351043704162,0.0099535514939059,True,0.4358028642467935,0.015661416953345653,True,-0.10227760551922135,0.013528584962297177,True,-0.10175681990612911,0.021945454317027196,True,True,0.8232445729402362,never/2,0.0,True,1.783375951385819,0.7221390667175892,1.2868995135413097,482,222,0.11176670278415395,0.007666932334458617,True,0.2406778823911003,0.011192022863922199,True,0.026710444926707943,0.003944616875118686,True,0.07743118540652924,0.007165368988466829,True,0.15284551569280827,0.009054680881331592,True,0.25957319606389523,0.014327284916264105,True,0.09812351079138014,0.0072984974002378,False,0.19194017574482847,0.013435760590540516,True,-0.041078812908654325,0.011812116646768268,True,-0.018895313672794928,0.01799173106198223,True,-0.07141306586467219,0.008292320689340072,True,-0.11450899033829923,0.015213402559001969,True,1,never/death/1,1.9988346105521042,0.0,0.861522852289138,True,0.6818909322023705,True,0.7490309735158116,True,0.5484866281912764,True,never/death/2/2,0.0,True,0.2619677857681965,True,0.3115349860967822,True,-0.04956720032858569,0.021427896228704266,True,False,0.05196179003288698,0.021289903377096214,0.9132614135742188
1173,-0.0842001264494388,-0.12342545361460766,0.13849534942076427,0.008709686864835578,True,0.29029431406325823,0.013733922545757426,True,0.25103433369844186,0.010499798505421126,True,0.4585403803486664,0.01612129349563325,True,-0.11253898427767758,0.013307766331957125,True,-0.16824606628540817,0.021696171550350352,True,True,0.8051262356830338,always/2,0.0,True,2.0504019890763727,0.9645666253483196,1.3047009240643255,502,204,0.11450688641159613,0.007516598163755146,True,0.211783089606654,0.01045575187996126,False,0.03710957558791851,0.004915687386707623,True,0.0803573486213517,0.007644063751420179,True,0.1461316073846919,0.008740415794107323,True,0.2601406717991278,0.013834224027515638,True,0.09022756855207949,0.006930149071142062,False,0.18338708314994742,0.012461993654261585,False,-0.03162472097309575,0.011429545375514926,True,-0.0483575821924738,0.017174219185146746,False,-0.053117992964160976,0.008495639517072854,False,-0.10302973452859572,0.014614275754183365,False,6,always/readmission/2;never/death/1;never/death/2;diff/readmission/2;diff/death/1;diff/death/2,3.3639618275241787,0.0,0.8483835380004854,True,0.7078595617719943,False,0.7636408240632286,False,0.5564722450509247,True,always/readmission/2/2,0.0,True,0.22826285841870073,False,0.3139041721240319,True,-0.08564131370533115,0.019491321461459942,False,False,0.05376350032490407,0.016479768812046713,0.9760301113128662
1174,-0.05760593634055847,-0.07751352526822791,0.1515882812344564,0.009191352001536462,True,0.33185334517060233,0.01382951708062505,True,0.23636956083940827,0.010317886579021798,False,0.42190771357044404,0.01674733812502689,False,-0.08478127960495188,0.013187661461792795,True,-0.09005436839984171,0.021862485906010563,False,True,0.8465170097749755,always/2,0.0,True,1.4879476501312363,0.725336479713904,1.1613834660317188,484,213,0.12983469225445002,0.00820926788344643,True,0.24785496476157315,0.011546119375900879,True,0.034416484951876075,0.004393194359281715,True,0.07294188430199702,0.0070829389076774805,True,0.14869784591418,0.00887181410485381,True,0.24527296523365175,0.014050494813407644,True,0.11019468363918682,0.0075171222160606635,True,0.2042765058755127,0.013594592558384787,True,-0.018863153659729986,0.01200424921636393,True,0.0025819995279214025,0.01805244409822941,True,-0.07577819868731074,0.008706742533045915,True,-0.13133462157351566,0.015317985382747234,True,0,,1.3537982207719423,0.0,0.8357488227936739,True,0.6792031509364298,True,0.7411074704466332,True,0.5504505288908356,True,always/death/1/1,0.0,True,0.2662423531964121,True,0.3002889516007775,True,-0.034046598404365414,0.02082540867005262,True,True,0.05501598636712576,0.018387388434838947,0.9238312244415283
1175,-0.05842577234086668,-0.09406123360120888,0.16428072525711993,0.009375718631099563,True,0.32473514215623234,0.013642662868564272,True,0.2584234397796058,0.010741662433607151,True,0.44491640427364315,0.016727297330251977,True,-0.09414271452248588,0.013886975699578145,True,-0.12018126211741081,0.02125244276483337,True,True,0.7840153093834614,never/2,0.0,True,2.2256957949814002,0.9017735705779897,1.1459580341527973,447,231,0.10365760181958084,0.0071068702454985914,False,0.23321202476044373,0.010938734425406285,True,0.029999905751587837,0.004255058957341253,True,0.07517099818067709,0.007265998045800641,True,0.14500813113751612,0.008639387901739721,True,0.24544259984692166,0.014550350693095973,True,0.12268514670187751,0.007962419361430382,True,0.21875461015699313,0.014126324811465954,True,-0.041350529317935286,0.01111464760924319,True,-0.01223057508647793,0.018048490056456618,True,-0.09268524095028967,0.009027365695239807,True,-0.14358361197631603,0.01587299978716118,True,1,always/readmission/1,2.119554411445761,0.0,0.8663424924288313,False,0.6916169770588791,True,0.7323067221606063,True,0.5358027899960852,True,always/readmission/2/2,0.0,True,0.2517814368023867,True,0.31015502695294606,True,-0.058373590150559374,0.021009036064236243,True,False,0.0647124271060244,0.018569412041942956,1.004610538482666
1176,-0.10242140386711193,-0.1552270867430442,0.13370974893492651,0.00785212539244489,False,0.286587080779428,0.013565970216784849,False,0.26753819101773024,0.010119930646083906,True,0.46312924528012983,0.015379837946815814,True,-0.13382844208280373,0.01221131359528422,False,-0.17654216450070181,0.01901881589227942,False,True,0.8020826396356686,never/2,0.0,True,1.6925869213796125,1.8074133080809245,1.333874321688262,423,210,0.12007483376602977,0.007605224763586092,True,0.2434070807015944,0.011341679730250064,True,0.03927248730132118,0.00471892175033341,True,0.0805762472739351,0.007118038873392003,True,0.1501431192431471,0.009035452465456468,True,0.22869718397064923,0.012854469671729579,True,0.10646508008753282,0.007636838022708855,True,0.20459621782325402,0.01344531311761281,True,-0.030068285477117332,0.011741288823408842,True,0.014709896730945166,0.017034417144347988,True,-0.06719259278621165,0.008976961718341173,True,-0.12401997054931892,0.015206815407980993,True,0,,1.7498673930623567,0.0,0.8406526789326491,True,0.6760166720244705,True,0.7433918006693201,True,0.5667065982060968,True,never/readmission/2/2,0.0,True,0.2641672895009403,True,0.27570551904257806,True,-0.011538229541637746,0.01966266195320897,True,True,0.047008335071928836,0.020760208799345925,0.983095645904541
1177,-0.0662486791343875,-0.1058342662078306,0.15932860970689136,0.008550177079904414,True,0.3356359342326245,0.012642560480278201,True,0.25666531531897124,0.011134361898491502,True,0.4679858627792356,0.018400315558920074,True,-0.09733670561207988,0.01349424049103366,True,-0.1323499285466111,0.021258249976669495,True,True,0.8303607578894547,never/2,0.0,True,2.330543678970539,0.7202487437373577,1.5583179811047698,453,203,0.11896062113959861,0.007491942028872751,True,0.2499270080044989,0.011037586497991964,True,0.024432027310381663,0.003606372107693099,True,0.05947315142250181,0.00602562914039808,True,0.14339122906293,0.008950365220936616,True,0.2553464643484903,0.01382769007555898,True,0.11668647265316433,0.008058362145309615,True,0.19245359668518108,0.012714022471302084,True,-0.02443060792333139,0.011561982801983067,True,-0.00541945634399138,0.017462854471491634,True,-0.09225444534278267,0.008825203848207322,True,-0.13298044526267927,0.014057466514786798,True,0,,1.8253725608557048,0.0,0.8566073515500197,True,0.6905998405729993,True,0.7399222982839057,True,0.5521999389663286,True,never/readmission/2/2,0.0,True,0.26680724032004693,True,0.31345627690506683,True,-0.0466490365850199,0.020035364402561772,True,False,0.058109812556576546,0.016880232315548027,0.9520199298858643
1178,-0.07961664364798976,-0.13543662646788895,0.14336885886532605,0.007926692140066622,True,0.3077270046998337,0.012191385420336036,True,0.26030218869192634,0.01054003571058386,True,0.4608508458876508,0.019461956462245165,True,-0.11693332982660029,0.013680167223528238,True,-0.15312384118781708,0.02285561124579841,True,True,0.7571089613907086,never/2,0.0,True,1.8998770213923606,0.8300636987550066,1.1315707869511848,457,225,0.1170663069845908,0.007360923506029385,True,0.2539094141911555,0.01231528487021752,True,0.0375661403766351,0.004851025585952958,True,0.06890836447724723,0.006567540027505557,True,0.15502102953892602,0.008965131638471367,True,0.2596476574425982,0.015437956794821598,True,0.11228646468239416,0.007759477417325051,True,0.2179350468144065,0.015110428702333353,True,-0.03795472255433521,0.01148999188229666,True,-0.005738243251442732,0.01960980372249772,True,-0.07472032430575906,0.00915580425426229,True,-0.14902668233715927,0.016474639115520683,True,0,,1.3504650224078678,0.0,0.8453675526387741,True,0.6771822213315972,True,0.7326925057786798,True,0.5224172957429953,True,always/death/2/2,0.0,True,0.2711086033518865,True,0.33107303050602427,True,-0.059964427154137745,0.022657485397337904,True,False,0.07142537306342606,0.017199189160731043,0.9540438652038574
1179,-0.0809026505240816,-0.14110493838858407,0.15478707284859877,0.00817875035136421,True,0.3276710636049851,0.013340116220687114,True,0.2671150043771003,0.01155281940291351,True,0.47973758689116297,0.015989588410841672,True,-0.11232793152850151,0.01445424030357787,True,-0.15206652328617787,0.01970117645943953,True,True,0.815051319478305,never/2,0.0,True,1.7505960086175918,1.1579461817745678,1.4185840656631272,481,198,0.12262802966813535,0.007887147377311225,True,0.2533107968529271,0.01129262055732405,True,0.03639095121285942,0.004579700970373057,True,0.07321057962910159,0.006980419877448312,True,0.13587183955691,0.00864607064973565,True,0.23447693125060726,0.014987447103608208,True,0.12600954289294794,0.008181497340653132,True,0.22672540908497496,0.014330575146691633,True,-0.01324380988877466,0.011651836385964546,True,0.018833865602319866,0.01863469191545993,True,-0.08961859168008851,0.009374502524812945,True,-0.15351482945587336,0.015929501929958026,True,0,,1.625318977600057,0.0,0.8409810191190052,True,0.6734786235179713,True,0.7381186175501421,True,0.5387976596644177,True,never/readmission/2/2,0.0,True,0.2725434569525512,True,0.3024506085834934,True,-0.029907151630942153,0.021812569026614437,True,True,0.06797367733288612,0.0192326600996241,0.94687819480896
1180,-0.07759197324414716,-0.14724228202727607,0.1589980289041834,0.008775477845591347,True,0.31964056119778833,0.01243525661480352,True,0.26199122872493563,0.009626920503299288,True,0.47832988265984205,0.01815376118434569,True,-0.10299319982075222,0.013223058582753746,True,-0.15868932146205372,0.021104464603476703,True,True,0.7973039595032145,never/2,0.0,True,1.3631993821051427,1.0206439378893786,1.3254123906108308,492,214,0.12080371697866246,0.007508396661945161,True,0.2452478498606073,0.011253247173062187,True,0.025397538932399835,0.003791058663473603,True,0.07686101469980594,0.00718077802187731,True,0.13671617199455738,0.008670594400099941,True,0.24485307283091107,0.014801999183194772,True,0.12001939338287188,0.008151225451172936,True,0.20431546613247048,0.01391509864949613,True,-0.015912455015894916,0.011387099650737894,True,0.0003947770296962305,0.018427766480141154,True,-0.09462185445047204,0.008986276884514395,True,-0.12745445143266454,0.015646114520810363,True,0,,1.4817657984888843,0.0,0.8537987440889376,True,0.6778911354395868,True,0.7432644346225707,True,0.5508314610366185,True,never/death/2/2,0.0,True,0.26410470508667794,True,0.30797274988768464,True,-0.0438680448010067,0.021199192960068034,True,False,0.06311967705677357,0.01885685522607064,0.9945495128631592
1181,-0.07363175734430522,-0.12087412962929817,0.14618259892547752,0.00834429774646716,True,0.3161524736930943,0.011648021487438326,True,0.25668852314862955,0.010361746760079055,True,0.4515269551077206,0.017662036223456832,True,-0.11050592422315203,0.01345861222377163,True,-0.13537448141462632,0.02193446206085986,True,True,0.7976937145245029,always/2,0.0,True,2.045430348484975,1.0419646816078214,1.0850472513022533,493,220,0.125446247822409,0.007714757036496536,True,0.24947200307452735,0.010899163300981524,True,0.030428047951297908,0.004262015979384816,True,0.07536015880973193,0.007170275803913493,True,0.14081668267546193,0.008851287700180187,True,0.24356062554166963,0.014657441147323067,True,0.11142010979024168,0.007779147263220648,True,0.22141426050203905,0.014687083581257187,True,-0.015370434853052922,0.011677421289137577,True,0.005911377532857726,0.01813228405135421,True,-0.08099206183894378,0.008870211729119953,True,-0.14605410169230712,0.01632562532627574,True,0,,0.9538548683953244,0.0,0.8441257042262931,True,0.6751678381157407,True,0.7477632075342964,True,0.5350251139562914,True,never/death/2/2,0.0,True,0.2691857053838648,True,0.31199592221171335,True,-0.042810216827848524,0.020902380473340573,True,False,0.06843529667004372,0.019713702309337472,1.0429959297180176
1182,-0.06789624764123789,-0.10798679439771064,0.1558807413601918,0.008620710050728338,True,0.31822553322458086,0.014083941103241886,True,0.25227353013944054,0.01162115038297995,True,0.4478508235353328,0.01684846621349512,True,-0.09639278877924873,0.013618200678003248,True,-0.12962529031075193,0.021472935704495832,True,True,0.8185511861000312,never/2,0.0,True,2.0009919822942446,0.7888061369624363,1.0698256294259032,509,213,0.12181392792273854,0.007769514461204739,True,0.2541323672296572,0.011264353789557539,True,0.02666859644074774,0.0037659288199196994,True,0.061848561478702116,0.006156743037466271,True,0.16210778160276812,0.009308895116857884,True,0.2506687153667826,0.015098862602975936,True,0.11781505860204737,0.008077674104227344,True,0.20067326826860654,0.0140666201076287,True,-0.04029385368002958,0.012062684176992125,True,0.003463651862874617,0.018696654334867755,True,-0.09114646216129962,0.008908316809253325,True,-0.13882470678990444,0.01533974505538525,True,0,,1.813081078999742,0.0,0.8515174756365137,True,0.6840190712916407,True,0.7200771597951845,False,0.5486580163646109,True,never/readmission/2/2,0.0,True,0.27119509067465436,True,0.31420680773998466,True,-0.0430117170653303,0.021678618583776826,True,False,0.06353809237320207,0.017062723444997152,1.0327951908111572
1183,-0.10324974806246084,-0.16419182739983884,0.14846933085755099,0.008509424884157719,True,0.29755393618980736,0.012420842531924107,True,0.28028458038262954,0.012010539203549128,True,0.47555554486861806,0.017300149888699694,True,-0.13181524952507856,0.015249282507616221,True,-0.1780016086788107,0.022013286090642327,True,True,0.8105500985603127,never/2,0.0,True,1.9341274594547548,0.8592005748179746,0.9580267790379324,479,199,0.1057716060825695,0.007306625996729447,True,0.2176510713900852,0.010824313001712197,False,0.03038026403763812,0.004285995657520751,True,0.0670174585730963,0.006809994438563023,True,0.13913094170003926,0.008400765211797067,True,0.25374922529795346,0.013787673539159835,True,0.1076864376934276,0.007463324704564733,True,0.17322616974328953,0.011739909194238432,False,-0.03335933561746976,0.011084757988662437,True,-0.036098153907868274,0.017385275299853883,False,-0.07730617365578948,0.008605835859015493,True,-0.10620871117019323,0.013567907636090294,False,4,always/readmission/2;never/death/2;diff/readmission/2;diff/death/2,3.2049507056814397,0.0,0.8638481298797924,True,0.7153314700368185,False,0.7531826206065331,True,0.5730246049587571,True,never/death/2/2,0.0,True,0.2327352840460731,False,0.30277184912971605,True,-0.07003656508364295,0.020144608617014382,True,False,0.04902262383176259,0.015084212655987916,0.9225873947143555
1184,-0.08859964012188837,-0.1745160978322634,0.13609761054966624,0.00818113945921037,True,0.2942281999503798,0.01246812409194965,True,0.24658716914654236,0.01003939634239292,True,0.45738062269058755,0.016740323562743038,True,-0.11048955859687612,0.013451339943509114,True,-0.16315242274020775,0.01980512118784211,True,True,0.8147491991975893,never/2,0.0,True,1.3730213792580803,0.6630646372433304,0.8666728810438427,511,196,0.11635414262001408,0.007463444966427033,True,0.2537512709535204,0.011877393135297204,True,0.03513933817812608,0.004485890436964933,True,0.07471109415713674,0.006821538773533596,True,0.14785140274537922,0.008835563827038172,True,0.2591482111964043,0.013953193043546195,True,0.10206475948288198,0.007344235786618635,True,0.20209108574132484,0.013182970487454556,True,-0.03149726012536515,0.011465157814205065,True,-0.005396940242883896,0.01815263757735426,True,-0.0669254213047559,0.008606421416829988,True,-0.1273799915841881,0.014837720582559926,True,0,,1.7163438762547762,0.0,0.8485065192018598,True,0.6715376348893429,True,0.7500838377717388,True,0.5387607030622709,True,never/readmission/2/2,0.0,True,0.27397285240507224,True,0.3163920782251995,True,-0.04241922582012725,0.020709113323890666,True,False,0.05724386702879519,0.02022158145155184,0.954404354095459
1185,-0.07279857153841554,-0.1394940432416532,0.15158316451471507,0.008341686611252137,True,0.2990038109932231,0.012687769420559993,True,0.2496301139460675,0.010986382046328394,True,0.4471612428531904,0.015939133088189297,True,-0.09804694943135242,0.013487727155615808,True,-0.14815743185996733,0.019738159910322083,True,True,0.8307784980491002,never/2,0.0,True,1.3142082638442922,1.162924359699422,1.302104700070184,439,249,0.11927721199661656,0.007510725291691974,True,0.25817831346539977,0.011327733345980895,True,0.033277531507962074,0.00429915402913074,True,0.06954846074626587,0.006425968636037605,True,0.1514229500771581,0.008878566067799888,True,0.25985207098746577,0.014572243462686913,True,0.11109812424450025,0.007654619836650194,True,0.20053039076358356,0.01299725334440267,True,-0.03214573808054155,0.011524564480467918,True,-0.0016737575220659995,0.01828786936312226,True,-0.07782059273653817,0.008779891711125557,True,-0.13098193001731767,0.014490722542750233,True,0,,1.0642198661568543,0.0,0.8474452564954214,True,0.6722732257883344,True,0.7374789256783416,True,0.5396175382489506,True,never/death/2/2,0.0,True,0.2791726759283839,True,0.31922323196499314,True,-0.04005055603660923,0.021445296228840862,True,False,0.05937116097752737,0.02099436246298414,0.9550786018371582
1186,-0.08010982437187325,-0.113861580699676,0.1525530412651937,0.00834803633039204,True,0.3299965782503123,0.012896034220732867,True,0.262666231906305,0.010924960848802505,True,0.46051634732694996,0.017269645444005846,True,-0.1101131906411113,0.013302714036764404,True,-0.13051976907663765,0.021158756982063123,True,True,0.8365337199661121,always/2,0.0,True,1.4205420471973753,1.262884974291398,1.14908804059641,444,207,0.12389929021346893,0.007562509438293439,True,0.24651704572611524,0.01110083974142263,True,0.0330439163953472,0.004314099678709422,True,0.06698409293480168,0.006430686588015628,True,0.13710498431915985,0.0084473806858941,True,0.23690859028971076,0.013452313642004042,True,0.11189463947607936,0.007646892670381874,True,0.19131876543254028,0.012342303692980259,True,-0.013205694105690918,0.01123428090110449,True,0.009608455436404484,0.017265908312533135,True,-0.07885072308073215,0.00877764776344587,True,-0.12433467249773861,0.013903230446864924,True,0,,1.5826246909294044,0.0,0.8430567933911839,True,0.6864988613390831,True,0.7510003762047608,True,0.571772644277749,True,never/death/2/2,0.0,True,0.26400402543465656,True,0.2896040068577456,True,-0.025599981423089058,0.020300200450579137,True,True,0.052695416568034864,0.017486979708541323,0.995574951171875
1187,-0.06027762690276603,-0.10073579484113138,0.1569855334555599,0.008734862810588098,True,0.3098627528838815,0.013579878064018901,True,0.24906010072445103,0.010142248527741773,True,0.4428737217312822,0.01580457961100338,True,-0.09207456726889113,0.013875090269843073,True,-0.1330109688474007,0.020748728851994868,True,True,0.806452602887598,always/2,0.0,True,1.5416794523206874,1.069875170307576,1.6686797807313178,457,202,0.14473684756754573,0.00844943341889341,False,0.2731627023054208,0.011986462766651532,False,0.022804697295560086,0.0035873556079751294,False,0.062007203737255406,0.0062228225409943945,True,0.1357834747924071,0.008590024024815911,True,0.2473645599458714,0.013910014140138089,True,0.11115945350072787,0.007680777369800091,True,0.19215431280222464,0.01194357347007672,True,0.008953372775138635,0.011995793966508303,False,0.025798142359549386,0.01823074258291469,True,-0.08835475620516778,0.008476524705759641,True,-0.13014710906496924,0.013461772474857104,True,4,always/readmission/1;always/readmission/2;always/death/1;diff/readmission/1,3.079004979123551,0.0,0.8324584551368942,False,0.6648300939573238,True,0.753057071706865,True,0.5604811272519039,True,always/readmission/2/2,0.0,True,0.2905768181053412,False,0.30087812983672724,True,-0.010301311731386043,0.02102414599161397,True,True,0.053513569890855844,0.017414115799920415,0.9596912860870361
1188,-0.0504876616532868,-0.08617578954807542,0.16754543941299915,0.009192183423883211,True,0.34893821595114616,0.014563171540885713,False,0.24689077373485352,0.010599574666231038,True,0.4658292970071933,0.016288826131147238,True,-0.07934533432185437,0.014210505849618978,False,-0.11689108105604712,0.021744567017250145,True,True,0.8320408491834793,always/2,0.0,True,1.5422607038188882,1.3542397203913041,1.8466663156396141,423,216,0.11380199112756414,0.00738716257453914,True,0.23172300516299288,0.010862681205346348,True,0.03184008093415662,0.004309586924055474,True,0.06989785338299956,0.006791865364710431,True,0.134780528592227,0.008532879002067843,True,0.24454651342668393,0.01514234438435207,True,0.08968965954218742,0.006985918654815974,False,0.18008744216007308,0.013328932125799735,False,-0.020978537464662855,0.011212374305555592,True,-0.012823508263691052,0.01848633273698671,True,-0.057849578608030805,0.008207363787451141,False,-0.11018958877707352,0.014953665148247256,False,4,never/death/1;never/death/2;diff/death/1;diff/death/2,3.295535146539585,0.0,0.8543579279382792,True,0.6983791414540076,True,0.7755298118655856,False,0.575366044413243,True,never/readmission/2/2,0.0,True,0.24837298855706996,True,0.2961016169861438,True,-0.04772862842907383,0.0217357550580847,True,False,0.05155510355945986,0.016649983394077084,1.0186433792114258
1189,-0.05144017092413364,-0.08326680401751224,0.1456257049749908,0.008251930325502053,True,0.32159875732280047,0.012992087842293576,True,0.22449798296698686,0.009788059379467872,False,0.434302501152168,0.016252034854669507,True,-0.07887227799199606,0.012821836278172804,False,-0.11270374382936754,0.021488656403611795,True,False,0.7858816337270836,never/2,0.0,True,1.4403815026006939,1.6480809836179,1.5813361126467678,483,216,0.10645354240230863,0.007251774870557569,True,0.2329256266851516,0.011472672631343387,True,0.0247539633195119,0.0037649828656800524,True,0.06995715623140958,0.00682075427666347,True,0.15853054163668545,0.009023073941610593,True,0.2429142955944672,0.013898741674657213,True,0.10567114887220014,0.007385218090958814,True,0.20601633581217516,0.014723293776920655,True,-0.05207699923437682,0.01149493736679907,False,-0.009988668909315601,0.01791276793415753,True,-0.08091718555268823,0.008291254079518055,True,-0.13605917958076558,0.016206561321607083,True,1,diff/readmission/1,2.2242834752823533,0.0,0.8687924942781795,False,0.6971172170834388,True,0.7357983094911145,True,0.5510693685933576,True,never/death/2/2,0.0,True,0.25029624783572013,True,0.3023896651707453,True,-0.05209341733502515,0.019978702077967463,True,False,0.05947536957627808,0.017370621150568533,0.993405818939209
1190,-0.10287217850318989,-0.13070823079026522,0.13119532398298617,0.007729856692250217,False,0.30651072003164354,0.012667704167680193,True,0.2639400671123847,0.01049778633803411,True,0.4633245398725558,0.01614215968817993,True,-0.13274474312939855,0.01345131937135701,True,-0.15681381984091225,0.021182571256002834,True,True,0.838830155621717,never/2,0.0,True,1.7503444011826936,1.7870496355190968,1.7197123458371695,464,218,0.10248775218969751,0.006931024510223387,False,0.22942443382539915,0.010776426183969531,True,0.033851161239243234,0.004405373058791343,True,0.08535999613728458,0.007314429209398386,False,0.15100615537512427,0.009127763469023607,True,0.24626776969376832,0.01394477938147443,True,0.10991980213775758,0.007745078475550897,True,0.2003002028905132,0.013323595035132385,True,-0.04851840318542676,0.011330714973431525,True,-0.01684333586836917,0.017463725932279343,True,-0.07606864089851434,0.008909701691815538,True,-0.11494020675322862,0.015180659972893834,True,2,always/readmission/1;always/death/2,2.3421137504791893,0.0,0.8636610865710592,True,0.6852155700373163,True,0.7390740424871182,True,0.5534320274157185,True,never/death/2/2,0.0,True,0.2517868118855138,True,0.2986402038640871,True,-0.0468533919785733,0.020843491318004025,True,False,0.052372434170318755,0.022362378060114624,1.0475411415100098
1191,-0.09172571809599014,-0.12329212246564464,0.1362661504318467,0.008350625073488384,True,0.3109797890081992,0.012478456669651696,True,0.2608514192289757,0.01091672165416636,True,0.4486354516429759,0.018836880581074095,True,-0.124585268797129,0.013518221210680503,True,-0.1376556626347767,0.021671735084401556,True,True,0.8035213036828517,never/2,0.0,True,1.4921129184247028,1.2346009334631933,1.3839210327492613,475,221,0.1188498977548703,0.007838051951310135,True,0.23330440493111132,0.011357736344726133,True,0.039858218484867154,0.004999976529724882,True,0.08917324837411048,0.008081069584383831,False,0.1647073728809301,0.009027126167760288,False,0.27629478995696877,0.014616765639801107,False,0.11522117677602567,0.00768438685644662,True,0.21576230592978674,0.014103875371866683,True,-0.045857475126059796,0.011864766104785027,True,-0.04299038502585745,0.01832782994613038,False,-0.07536295829115852,0.009167790771105066,True,-0.12658905755567626,0.01625640253689963,True,4,always/death/2;never/readmission/1;never/readmission/2;diff/readmission/2,2.4738545239192553,0.0,0.8412918837602625,True,0.6775223466947782,True,0.7200714503430442,False,0.5079429041132445,False,never/readmission/2/2,0.0,True,0.25343538806883786,True,0.35087297604919443,False,-0.09743758798035657,0.02090398912619064,False,False,0.07457818609222566,0.020130983137726544,0.9652810096740723
1192,-0.09182863366346869,-0.11363865061708928,0.1586090396907109,0.009528174919980235,True,0.33989657153323244,0.014132999555059915,True,0.28016750153155945,0.011054668776068036,False,0.47469200392434696,0.016654748645341454,True,-0.12155846184084854,0.014942100734760934,True,-0.13479543239111452,0.02168866347827169,True,True,0.8280519375854323,always/2,0.0,True,1.7778754333689124,1.1915477829527954,1.4456081862670156,480,239,0.11651630438135081,0.007408705492045072,True,0.2521713069742871,0.011211810338932815,True,0.03614914564416502,0.0047398469470437245,True,0.06425138201580864,0.0063745150320234645,True,0.14614393152000668,0.00897415897029357,True,0.24268782803893033,0.014696716103208943,True,0.12167440679591536,0.008143636508211203,True,0.2083183006524718,0.014809383239892195,True,-0.029627627138655868,0.01155168979873645,True,0.009483478935356754,0.018349740036110233,True,-0.08552526115175034,0.009423180322164812,True,-0.14406691863666315,0.016112797349956846,True,0,,1.1005411141421386,0.0,0.8473345499744842,True,0.6835773110099043,True,0.732181661684078,True,0.5489938713085979,True,never/readmission/2/2,0.0,True,0.2692121976085205,True,0.3015581375291462,True,-0.03234593992062568,0.020861719073071203,True,True,0.05887030949021585,0.01704089063423342,0.9942471981048584
1193,-0.08189830508474577,-0.11245093866742328,0.15272839144550251,0.008640826597678508,True,0.319584341272242,0.013068457261318393,True,0.2675108590902089,0.010492804001507558,True,0.4547643489249031,0.016115864646145478,True,-0.11478246764470637,0.012872269538416772,True,-0.13518000765266108,0.020808560680874166,True,True,0.8018860793904908,never/2,0.0,True,1.820567664232271,1.026472794268075,1.4723560877950819,448,240,0.11189983941103213,0.007307731680917084,True,0.24021078876097146,0.011006198201316542,True,0.030574693836637475,0.004367184767719804,True,0.06308197027346829,0.006286851053677024,True,0.14626377992190323,0.008742282229768831,True,0.21366979745652503,0.012557190163910532,False,0.10940885094985768,0.007606780396387234,True,0.2124870684256515,0.014107925061630854,True,-0.034363940510871105,0.011318375463762279,True,0.026540991304446426,0.016575292273706396,True,-0.0788341571132202,0.00877100023408718,True,-0.1494050981521832,0.015423539890841127,True,1,never/readmission/2,2.442760055639906,0.0,0.8575254667523304,True,0.6967072409655602,True,0.744327369128239,True,0.5738431341178235,True,never/readmission/2/2,0.0,True,0.256630844527122,True,0.2651998264621342,False,-0.00856898193501221,0.01886262348161589,True,True,0.05153002900560916,0.01642005576615052,0.9969253540039062
1194,-0.08526513612352701,-0.13895592130592943,0.14242973436828754,0.008203788811085905,True,0.3023066131199928,0.014181921979885825,True,0.2558377374187394,0.01103042611197095,True,0.4493602751252729,0.015556509638745697,True,-0.11340800305045184,0.012918685297232987,True,-0.14705366200528008,0.02014932899324686,True,True,0.8521270106916382,never/2,0.0,True,1.2708412429383549,1.2190388010873938,1.3564541182367542,448,238,0.1051512750786092,0.007198939621022528,True,0.22567177302220698,0.010894986859991422,True,0.03701818951150361,0.004773503064153945,True,0.06609559560217346,0.006370592683912324,True,0.14025475312942973,0.008650278884214537,True,0.2498576234175386,0.014189998719846745,True,0.10882662845608872,0.007666228814398951,True,0.20452301449174323,0.013693222566788276,True,-0.03510347805082052,0.011182802359472508,True,-0.02418585039533161,0.017717400045758516,True,-0.0718084389445851,0.009034913548257778,True,-0.13842741888956978,0.015096575456260648,True,0,,1.9295321093952718,0.0,0.8578305354098872,True,0.7082326313756195,False,0.7509186184144816,True,0.5456193620907182,True,never/death/2/2,0.0,True,0.24082840727026045,False,0.30930836127974803,True,-0.06847995400948759,0.020876325381159067,True,False,0.059450737862209446,0.015156634248053469,0.9235968589782715
1195,-0.08286406183063608,-0.15008854099067442,0.14218892155716872,0.008055327803481269,True,0.3008535974654712,0.01264881822688876,True,0.2491826744515978,0.010464070973630626,True,0.45895895786836954,0.015373634227444304,True,-0.10699375289442908,0.013814752766918712,True,-0.15810536040289835,0.019478324116108676,True,True,0.8220635440191996,never/2,0.0,True,1.579977156770164,0.8636863671835697,1.6809185586541102,468,223,0.10988191879146098,0.007224459475781895,True,0.24013810662447901,0.010996251750342583,True,0.02820276843429614,0.003939001610521691,True,0.07394756281198303,0.006954859893129386,True,0.15172174050252868,0.008894088400503044,True,0.2619775092482229,0.015288587046496572,True,0.1138704972438752,0.007713338445379062,True,0.22006879422026832,0.014177201722598717,True,-0.041839821711067704,0.011368170525994422,True,-0.02183940262374387,0.01867114930242368,True,-0.08566772880957906,0.008660466497133977,True,-0.14612123140828528,0.01578379535496864,True,0,,1.3485742209806135,0.0,0.8619153127742429,True,0.685914330563538,True,0.734407762253596,True,0.5179536965315088,True,never/readmission/2/2,0.0,True,0.25968115262069286,True,0.3406201564082801,True,-0.08093900378758723,0.0215440064071722,True,False,0.0786426471600572,0.019543045996213843,1.0169167518615723
1196,-0.09726808968292372,-0.1544985469426487,0.13807713130110602,0.008280391739740437,True,0.2946816995244183,0.012064797430454861,True,0.26530968939059696,0.010262666808203036,True,0.457392933247749,0.015936601542240796,True,-0.12723255808949094,0.013609508497210487,True,-0.16271123372333068,0.01977303485375919,True,True,0.8585985635302166,never/2,0.0,True,2.1973860798296845,0.9701714331677321,1.1702503771362,445,217,0.10294383575048363,0.007107294481754179,False,0.22504602202574414,0.01070932816075204,False,0.03516863421713751,0.004515990762781376,True,0.08187307273414407,0.007629806644608009,True,0.13978229702461534,0.008467183256752322,True,0.23375520570325758,0.01666275571500801,True,0.10753050346031327,0.007415228613292194,True,0.1940991342823556,0.01480857302578719,True,-0.036838461274131706,0.010987513015905998,True,-0.008709183677513443,0.01966510426498057,True,-0.07236186924317577,0.008681590282890143,True,-0.11222606154821152,0.01666042447590153,True,2,always/readmission/1;always/readmission/2,2.2198551488220226,0.0,0.8618875300323788,True,0.6930809052401118,True,0.7526871995150715,True,0.5721456600143868,True,never/death/2/2,0.0,True,0.2437872952147689,True,0.27790675437992435,True,-0.034119459165155436,0.027711311557136086,True,True,0.04415154867666676,0.01874127318902477,1.0057237148284912
1197,-0.08619166243879081,-0.12354791565075368,0.13809917450059964,0.008148247738260386,True,0.30209096546628955,0.013093515207473455,True,0.24728052702725228,0.010770765018570957,True,0.45937798732027557,0.015791010961401033,True,-0.10918135252665265,0.0143562230923908,True,-0.15728702185398602,0.020929281739602405,True,True,0.8362112824906434,never/2,0.0,True,1.4189830797416283,1.3050818238503878,1.9417598195580947,494,213,0.12012062860006151,0.007539388863240276,True,0.24838673152544458,0.011220777286964332,True,0.034699200764563995,0.004388455923913002,True,0.07251915584216814,0.006679116544668541,True,0.14314512239824687,0.00883918247528106,True,0.2554785688334978,0.01542495670628658,True,0.10042551008004821,0.00746606846824135,True,0.188944447331913,0.013641981535394304,True,-0.023024493798185358,0.011544496503476968,True,-0.0070918373080532116,0.018941436796550852,True,-0.06572630931548422,0.008657709507424113,True,-0.11642529148974487,0.01518363546744668,True,0,,1.8446785111952169,0.0,0.8451801706353745,True,0.6790941126323873,True,0.7564293675217049,True,0.5555769838345892,True,never/readmission/2/2,0.0,True,0.26676508538666394,True,0.3071074183453384,True,-0.040342332958674454,0.022671486622572512,True,True,0.0516288495118406,0.01837835386121936,0.992328405380249
1198,-0.06303961713729803,-0.09325138962037877,0.15480867672474957,0.008306361674631176,True,0.32734400816426584,0.013674694320422138,True,0.24354898120012478,0.010704148949282087,True,0.4441192840750898,0.015939082782589507,True,-0.0887403044753752,0.013026895345954843,True,-0.11677527591082398,0.020507295160454363,True,True,0.7885926838167188,never/2,0.0,True,1.5955226694238431,1.5585366797730649,1.5509229766560022,496,218,0.12036999658809895,0.007613646029553401,True,0.2563054711435746,0.011502441533841529,True,0.0269122216589575,0.003764938435380348,True,0.06266014660717607,0.006456423594647267,True,0.15172861615588606,0.009023857520601497,True,0.258008617645654,0.014481152863285789,True,0.10151342780777123,0.007423800530490806,True,0.22996548928062047,0.014304555896908733,True,-0.03135861956778711,0.011728648814573818,True,-0.0017031465020794223,0.018330874328989177,True,-0.07460120614881373,0.008323204450961783,True,-0.16730534267344438,0.015681867617088594,True,0,,1.7169729608037068,0.0,0.8527177817529435,True,0.6810343822492493,True,0.7467579560363427,True,0.5120258930737255,False,never/readmission/2/2,0.0,True,0.27386593770685447,True,0.3314766598336414,True,-0.05761072212678692,0.021098095631419518,True,False,0.07346804218798736,0.017560466563279864,0.9799926280975342
1199,-0.07424297969059315,-0.10962964243748552,0.14728611913830814,0.008658351437843053,True,0.3173407474034192,0.01316405390656163,True,0.25306751158360097,0.010353947788276682,True,0.4452705538245516,0.017080836635841232,True,-0.10578139244529283,0.01267556731587099,True,-0.12792980642113239,0.021743753867311956,True,True,0.834868804115632,always/2,0.0,True,1.4806563812435425,1.1347915441183345,0.9836012947667655,494,203,0.116682414175849,0.007553953735176062,True,0.23803895198656172,0.011202725970967066,True,0.03188972033060728,0.004240322053721821,True,0.06680626904031951,0.006616094418645575,True,0.14578191933976326,0.00900959656184764,True,0.2395058914391591,0.014072784762067901,True,0.10984199465988548,0.007846557359166288,True,0.21966096139487273,0.014413791250087847,True,-0.029099505163914255,0.011694195706293846,True,-0.0014669394525973767,0.01786813681715015,True,-0.0779522743292782,0.008916533064932921,True,-0.15285469235455323,0.015849595005776485,True,0,,0.7870669471369299,0.0,0.8514278654935437,True,0.6951547789731187,True,0.7443760860003512,True,0.5408331471659682,True,never/readmission/2/2,0.0,True,0.25323640713897716,True,0.3023057956987401,True,-0.04906938855976295,0.020948762743065272,True,False,0.06279990425958101,0.01519745515241544,0.9514691829681396
1200,-0.07527850645756187,-0.10272257422745068,0.14855358841330285,0.00811163387260498,True,0.3075532429112893,0.011966394664787135,True,0.2557068477422472,0.011926773181352638,True,0.4307937881268773,0.01817366619339595,True,-0.10715325932894437,0.014851370964008716,True,-0.12324054521558797,0.02036018062085749,True,True,0.8222990713954552,never/2,0.0,True,1.7476151762631886,1.2050857049025825,1.3380591472075567,478,207,0.11632198455150175,0.0076442161557187475,True,0.2513886800333689,0.01138474664200945,True,0.033428169942371695,0.0043990741067723585,True,0.07128216818270529,0.007034549434383259,True,0.15683744903573024,0.009123914710037635,True,0.2602629659790857,0.014182140866050515,True,0.116642631163016,0.007944000825021292,True,0.2216722162024837,0.014032311572335343,True,-0.04051546448422849,0.01184586665356857,True,-0.00887428594571682,0.01806589577576668,True,-0.0832144612206443,0.00907869409750304,True,-0.1503900480197784,0.01569032035776752,True,0,,1.272200519691439,0.0,0.8502498455061266,True,0.6773291517839258,True,0.7265199198012537,True,0.5180648178184306,True,always/readmission/2/2,0.0,True,0.2686625345609768,True,0.3248983698456727,True,-0.056235835284695945,0.021116631947910094,True,False,0.064635403866587,0.01727385452760788,1.0475311279296875
1201,-0.09347258519319229,-0.1364781859931114,0.14972362524791555,0.007815014198978645,True,0.32525921458955837,0.01305246205452545,True,0.27339261195894665,0.010673544274711635,True,0.4700402044812579,0.01776466651052371,True,-0.1236689867110311,0.012616309153577423,True,-0.14478098989169952,0.02151788071175884,True,True,0.8328622486803087,never/2,0.0,True,1.786009050365965,1.0196522831352626,1.2007850525277322,461,240,0.11988606580102729,0.007451114448632713,True,0.2530609941628015,0.011342734972533903,True,0.03610926100727747,0.004643986924789828,True,0.0818052780991325,0.007506726667588733,True,0.14771532832486178,0.008813618184390032,True,0.24708170522254758,0.01414052279784196,True,0.10332997241132888,0.0074229455776874875,True,0.21277938647338726,0.013895254375009202,True,-0.027829262523834497,0.011446912421754779,True,0.005979288940253902,0.01795376945272909,True,-0.06722071140405142,0.008755663330235738,True,-0.13097410837425477,0.01578412369483642,True,0,,1.6533628635488917,0.0,0.8440046731916953,True,0.665133727738066,True,0.7489546992638093,True,0.5401389083040652,True,never/readmission/2/2,0.0,True,0.27389714374025553,True,0.3084770728515169,True,-0.03457992911126134,0.020634684544960234,True,True,0.0613953676289693,0.020836149577454055,1.0444660186767578
1202,-0.05946994677995737,-0.0949547917895151,0.15604892035435575,0.008218034959106946,True,0.34028760707086403,0.012568218316846312,True,0.25077309868790604,0.010147419618434881,True,0.4755267186253208,0.01800207099680653,True,-0.09472417833355029,0.012535783533946328,True,-0.13523911155445678,0.02010886244034665,True,True,0.7538459944224013,never/2,0.0,True,2.460250196190617,1.6448702335526244,1.3995829527377612,480,213,0.11012137635345175,0.0075312023857356655,True,0.24450716495988803,0.011916332436427488,True,0.02846597557176431,0.004114644202275502,True,0.06683981244748628,0.006818391071054606,True,0.14564699060947128,0.008611825196318389,True,0.22471107973404883,0.013104847887993267,True,0.12108779731600981,0.007746352407323716,True,0.23467173318801288,0.014083095462303033,True,-0.035525614256019536,0.011362917402720957,True,0.0197960852258392,0.017580728517910444,True,-0.0926218217442455,0.008771332497309456,True,-0.1678319207405266,0.015633573669140168,True,0,,1.7559594064353448,0.0,0.8614126480747839,True,0.6886530225926257,True,0.7332652120745189,True,0.5406171870779383,True,never/readmission/2/2,0.0,True,0.26203449223942654,True,0.2808732247410996,True,-0.01883873250167306,0.02126182984815932,True,True,0.05616214500705077,0.017527327279538513,0.9861340522766113
1203,-0.10127215190693253,-0.16036056581644142,0.1385608897424943,0.00805927670134822,True,0.307457762219008,0.014098700508598117,True,0.26664019463217326,0.011017430690101556,True,0.48617282275027524,0.017952389665299547,True,-0.12807930488967895,0.014015057106095538,True,-0.17871506053126723,0.02346056068896219,True,True,0.7531931350650571,never/2,0.0,True,1.358914762055152,0.9329432272538071,1.3837179542713085,452,196,0.11775372391656862,0.007782566568639417,True,0.22856692076307372,0.01103678982805406,True,0.02955409569387038,0.004151180166252966,True,0.05865364419331067,0.0060199626928869945,False,0.14271348138597698,0.00865818292543313,True,0.26099224711192115,0.01403485455384851,True,0.11200778844597238,0.007637711458793213,True,0.2046603261299814,0.012970842742558,True,-0.02495975746940836,0.011593406060468674,True,-0.03242532634884743,0.017713747790429397,False,-0.082453692752102,0.008692470330225877,True,-0.1460066819366707,0.014290889687807666,True,2,always/death/2;diff/readmission/2,1.9631941939862096,0.0,0.8526921803895611,True,0.7127794350436156,False,0.7452787301680506,True,0.5343474267580974,True,always/death/2/2,0.0,True,0.2430062097759955,True,0.320271853412009,True,-0.07726564363601349,0.0203881977033899,True,False,0.05927960630008783,0.014439289012921769,0.9636051654815674
1204,-0.08539863557682517,-0.11314770657922635,0.14728871048955516,0.008201368237935559,True,0.32462758977251144,0.013119258920307589,True,0.2549941938073308,0.010487988147542555,True,0.4506458990513723,0.01636082161572036,True,-0.10770548331777563,0.012441509237376795,True,-0.12601830927886087,0.02115417841640593,True,True,0.8359110075339568,never/2,0.0,True,1.5801693227662668,0.7935411341414244,1.5397233169237856,484,237,0.13256746902738734,0.008182690309265916,True,0.27438140453219584,0.011959653448264872,False,0.026177803391885836,0.003782402222797689,True,0.0609552633728275,0.006475003116465651,True,0.1513848474281991,0.00908130706517708,True,0.23712302074499259,0.013961554454100628,True,0.12062048818437035,0.008073080344833772,True,0.21754650161043115,0.013788951189860657,True,-0.01881737840081177,0.012172482772848919,True,0.03725838378720325,0.018263925521831783,True,-0.09444268479248452,0.00891311141912378,True,-0.15659123823760365,0.015229114093960872,True,1,always/readmission/2,2.3150674601037693,0.0,0.8412547275807268,True,0.6646633320949766,True,0.7279946643874305,True,0.5453304776445762,True,never/death/2/2,0.0,True,0.29103527789830796,False,0.29078336167210694,True,0.00025191622620102105,0.021583537377374833,True,True,0.05366034092711436,0.016653873366112126,1.0022592544555664
1205,-0.086614540106874,-0.13418256249455618,0.1587324277500429,0.008365379178142802,True,0.33375694513778037,0.01384308367938965,True,0.2719331291612645,0.011984717104548953,True,0.49430131776859104,0.016955593176352632,False,-0.1132007014112216,0.014750219459057759,True,-0.16054437263081067,0.02174888033091582,True,True,0.8206628108022976,always/2,0.0,True,1.6728273401941371,0.9743357536809553,1.501736110661622,472,235,0.12461435741848996,0.007936514454411216,True,0.25735120504342934,0.01157418717531924,True,0.04144722377812614,0.004927766600519419,False,0.08888609114416189,0.007671275952781985,False,0.13822131353098935,0.008452219506202743,True,0.2545903381383203,0.015493869881666148,True,0.12034211028956678,0.007987031091393907,True,0.21254201104956752,0.01455764550866141,True,-0.013606956112499388,0.011534348365749037,True,0.0027608669051090162,0.01920123493938729,True,-0.07889488651144064,0.009380108045298999,True,-0.12365591990540563,0.01644317043339258,True,2,always/death/1;always/death/2,2.400394830990798,0.0,0.8339384188033839,True,0.6537627038124088,False,0.7414365761794439,True,0.5328676508121122,True,never/death/2/2,0.0,True,0.28048803539014816,True,0.3211691326822938,True,-0.04068109729214564,0.022862619378727075,True,True,0.06657879454397347,0.023136830346718817,1.0076005458831787
1206,-0.06433173471289033,-0.11262793935296,0.16606417087605327,0.009062751311563411,True,0.32307055261721496,0.012083996400445465,True,0.2584565020021162,0.011065975109716669,True,0.45197110927290884,0.01654043865950578,True,-0.0923923311260629,0.014052459434383123,True,-0.1289005566556939,0.020669433831797663,True,True,0.8373656771888595,always/2,0.0,True,1.6829766816267802,1.2659264608123708,0.912603986747502,514,243,0.11688368812639993,0.007498454481126947,True,0.2530521416739258,0.011785557727438419,True,0.03195223546829662,0.004332888430057112,True,0.06812504300236634,0.006674951876223577,True,0.13330734941901778,0.008580191730604838,True,0.2529427948544403,0.016043799756920576,True,0.1090700339664942,0.007731058515659354,True,0.20588872431126212,0.014686124110215446,True,-0.016423661292617853,0.01133598569554183,True,0.00010934681948548963,0.01977199577485706,True,-0.07711779849819758,0.008861049747589694,True,-0.13776368130889577,0.016124721411129864,True,0,,1.389555263486141,0.0,0.8511640764053034,True,0.6788228153237079,True,0.757622616614488,True,0.5411684808342976,True,never/death/2/2,0.0,True,0.27180413992758434,True,0.3199887428491299,True,-0.04818460292154558,0.02261690455673043,True,False,0.0670459479946896,0.01875199825365853,1.0153694152832031
1207,-0.06602357476930856,-0.10642653736627417,0.1488451920437144,0.007737090881262266,True,0.3151214180689777,0.013008873724410739,True,0.24239370827434567,0.010431525949227045,True,0.44541318702676674,0.016837423039434272,True,-0.09354851623063126,0.013043091422299818,True,-0.13029176895778904,0.020170668321576563,True,True,0.8117838153375496,never/2,0.0,True,1.638813481622984,1.3589990528432092,1.2904378585766743,465,225,0.1113771695487096,0.007288394976994271,True,0.2338757056356709,0.01101737574914547,True,0.02970597691827372,0.004117698610049944,True,0.06832606991204375,0.006715977279379715,True,0.14254158999722943,0.008906846047302104,True,0.24356584801436248,0.014153645678131075,True,0.11673595837129966,0.007948054271207356,True,0.21432307729563785,0.013629681672677998,True,-0.03116442044851983,0.011425499341341981,True,-0.00969014237869159,0.017795952208835307,True,-0.08702998145302594,0.008947595513255989,True,-0.1459970073835941,0.015181756756835236,True,0,,1.1634616678407572,0.0,0.8589168535330167,True,0.6977982244522853,True,0.7407224516314709,True,0.5421110746899996,True,never/death/2/2,0.0,True,0.25136701132396333,True,0.30192666597877316,True,-0.05055965465480983,0.021141354722388758,True,False,0.05836081796441067,0.017491305688292436,1.017937183380127
1208,-0.08871020919800282,-0.11869300867916016,0.14102047407104507,0.008734836324310102,True,0.3290866165438205,0.013269439899436478,True,0.2593103796594762,0.01117982959642633,True,0.4743475753655937,0.01575008803975265,True,-0.11828990558843111,0.014457884258877582,True,-0.1452609588217732,0.02122659764547337,True,True,0.7876063875617505,never/2,0.0,True,1.9908767068735922,1.4139322399191125,1.3077458105182256,491,234,0.11412214348921187,0.007416080583015526,True,0.23941516335691992,0.011190380234058973,True,0.024854077425977655,0.004021838797051503,True,0.05646702375949916,0.0059770691272247895,False,0.135389893302432,0.008540366862511762,True,0.2163539985252729,0.014023048449124852,False,0.11370064532294331,0.007717385042283589,True,0.22680805501130225,0.014438306303370896,True,-0.021267749813220133,0.011238858082945972,True,0.023061164831647024,0.01783074561308856,True,-0.08884656789696566,0.008703149320952846,True,-0.17034103125180308,0.01561571546406018,True,2,always/death/2;never/readmission/2,2.3431176622518817,0.0,0.8610237790848105,True,0.7041178128835809,True,0.7509094613746247,True,0.5568379464634249,True,never/readmission/2/2,0.0,True,0.25324366756174105,True,0.28235503263227074,True,-0.029111365070529693,0.01980689246849761,True,True,0.06600103410699784,0.013828504204821124,0.9108738899230957
1209,-0.07957507257118152,-0.10393839822570944,0.139020397500973,0.007528612910141174,True,0.30500709486055905,0.012536077896997466,True,0.24873884527486007,0.009364882896759116,True,0.43705096345335903,0.015433322547431466,True,-0.10971844777388706,0.011952777287184359,True,-0.13204386859279998,0.019467445561580317,True,True,0.8240216859579547,always/2,0.0,True,2.2570804026644886,1.5428174679778164,1.680370224565304,491,223,0.12493889588859321,0.0077065846947420805,True,0.22645341450317558,0.010612640452122723,True,0.03459859154222555,0.004503274211913799,True,0.06980766014163424,0.006771413990076392,True,0.15441708622662595,0.008979603475952542,True,0.24588703939148132,0.013703191439647329,True,0.10961882467492515,0.007601018628795515,True,0.19792966721970973,0.012728325074333758,True,-0.029478190338032742,0.011749523746980238,True,-0.019433624888305745,0.01717083199490971,True,-0.07502023313269959,0.008834574544841392,True,-0.12812200707807547,0.014411815929286706,True,0,,1.9072148527161243,0.0,0.8404625125691813,True,0.7037389253551902,True,0.7359640890984489,True,0.5561832933888089,True,always/readmission/2/2,0.0,True,0.2414815591874275,False,0.2997995193906421,True,-0.058317960203214586,0.01978939251719573,True,False,0.05391247999916077,0.015028144684251926,1.0156056880950928
1210,-0.07726629199021837,-0.12598465531372371,0.1596593988139476,0.009412054675606232,True,0.3263596592442941,0.013896564278544453,True,0.2640676960038126,0.011330923512838664,True,0.47929782443476376,0.017414799906890512,True,-0.10440829718986497,0.014990289710973385,True,-0.15293816519046965,0.02245512836949204,True,True,0.8357228544231634,never/2,0.0,True,1.0634394561597595,1.1333188940100345,1.6950900543663852,478,246,0.11308985377607116,0.007368957180741298,True,0.23807205172293586,0.011005483376283673,True,0.02703858604466664,0.0038680641636139397,True,0.07259964001951927,0.006662340538870884,True,0.14655221080241745,0.008898121489719751,True,0.2443960653447066,0.015220343925583347,True,0.10399704972012865,0.007462320486555788,True,0.19445843385744382,0.013955031016611337,True,-0.0334623570263463,0.011465219173008632,True,-0.0063240136217707354,0.01859587504616467,True,-0.07695846367546201,0.008404718118853181,True,-0.12185879383792456,0.015458625876356083,True,0,,1.1981146519888013,0.0,0.8598715601792621,True,0.6893283082575449,True,0.7494507394774539,True,0.5611455007978496,True,always/death/2/2,0.0,True,0.25764860816976387,True,0.2952823821170563,True,-0.03763377394729245,0.021603307818323092,True,True,0.05088631677234973,0.019576556446828014,1.0166513919830322
1211,-0.08000368906472857,-0.11416973039215689,0.14019824426200725,0.008261062968446288,True,0.3187774430098386,0.014355490402423466,True,0.25045882110668255,0.010619278450382252,True,0.4399429400908263,0.0171446669935909,True,-0.1102605768446753,0.014095474165269848,True,-0.12116549708098767,0.02199781314400449,True,True,0.8376888446417393,always/2,0.0,True,1.3815177827815996,1.524422009378724,1.089124519309563,464,225,0.11905099378496808,0.007757968909560542,True,0.23667683445529267,0.011395906826699316,True,0.03265553756925286,0.004336383304585538,True,0.06712885982347262,0.0064200106305361765,True,0.14782080050733956,0.008914008547135876,True,0.26350788118592716,0.014133440012517378,True,0.09953021123113015,0.00736025158763709,True,0.20147108148030674,0.013233211790896074,True,-0.028769806722371477,0.011764359532002762,True,-0.026831046730634495,0.01798050014067244,True,-0.0668746736618773,0.008541682031983413,True,-0.13434222165683413,0.014689526975594813,True,0,,1.7909426888356805,0.0,0.848293468645779,True,0.6961943057212348,True,0.7526489882615303,True,0.535021037333766,True,never/death/2/2,0.0,True,0.2538389826088335,True,0.32244216780333407,True,-0.0686031851945006,0.020294322143339042,True,False,0.058934286617406906,0.017162148153540807,0.9371292591094971
1212,-0.06976562550015045,-0.08649276859504135,0.15165669011517727,0.009196363272195003,True,0.32542299049223106,0.01314448076418641,True,0.24742346010981864,0.010571721353465974,True,0.41594968812600225,0.017368698955379052,False,-0.09576676999464137,0.014450898928316861,True,-0.09052669763377119,0.021658861109060987,False,True,0.7959057971872298,never/2,0.0,True,1.4419747871559823,1.0407229026984723,1.2150134564171948,466,240,0.11772648794308259,0.007451478933372421,True,0.24555288489552174,0.011428360486713845,True,0.03152262288198705,0.004304134039575686,True,0.08628523925208299,0.0075077896682360255,False,0.13255965717196283,0.008487515733747243,True,0.24880029888867344,0.014170531921918384,True,0.10948294436180424,0.007632294372091015,True,0.17625651224415867,0.011946001080494236,False,-0.014833169228880241,0.011218229848912176,True,-0.0032474139931517043,0.018033972290172232,True,-0.07796032147981719,0.008761446277922804,True,-0.08997127299207568,0.014101508612470183,False,3,always/death/2;never/death/2;diff/death/2,3.5747045506426955,0.0,0.8507508891749304,True,0.6681618758523953,True,0.7579573984662329,True,0.5749431888671679,True,never/death/2/2,0.0,True,0.2663914895611902,True,0.29676423266091245,True,-0.030372743099722266,0.021069749539751596,True,True,0.04796393377223901,0.020838604665668448,0.9975817203521729
1213,-0.06423351258274498,-0.09552056345463256,0.14925100221842263,0.007976395066624495,True,0.32238944073143944,0.013739235290408637,True,0.2419403656579746,0.011314894176827435,True,0.4373028208088803,0.017142725431364723,True,-0.09268936343955197,0.013607215822202983,True,-0.11491338007744084,0.021033566753903183,True,True,0.841190863250827,never/2,0.0,True,1.72172515907281,0.7716169869987762,1.0583198638578257,460,214,0.13206563010207126,0.007979246420874008,True,0.2561118149753884,0.011701667404846187,True,0.03566114536440062,0.004626751811129166,True,0.07821024104302876,0.007180114934790161,True,0.1448952474805719,0.00882414185013574,True,0.2473720258266786,0.014590255826758032,True,0.1075742401760939,0.007606105608511121,True,0.2088008813895953,0.013295886414763479,True,-0.012829617378500635,0.011820255888339974,True,0.008739789148709765,0.018588039254516357,True,-0.07191309481169328,0.008901732784110486,True,-0.13059064034656653,0.0150983053907204,True,0,,1.6724173434675749,0.0,0.8322732245335281,False,0.6656779439815829,True,0.7475305123433342,True,0.5438270927837261,True,never/readmission/2/2,0.0,True,0.2762041544423576,True,0.3128576600669631,True,-0.03665350562460551,0.02054976882969154,True,True,0.06548563424028447,0.0200923394669692,0.9786393642425537
1214,-0.05230029656420454,-0.06969060459835369,0.16774065146037867,0.008604091516728871,False,0.34210464879651514,0.013969839656982388,True,0.2524479351222657,0.010523531944615997,True,0.41963262140496055,0.015479601273634796,False,-0.08470728366188704,0.01343226477721766,True,-0.0775279726084454,0.020950491373186712,False,True,0.8107130517058544,never/2,0.0,True,1.5627358463601664,1.1225641003487814,1.1792021188520188,458,212,0.11059048232595886,0.007195660541331035,True,0.23685251114353434,0.01083637262562283,True,0.023229556461755854,0.003770176478851665,False,0.054572439510955716,0.006005813866550475,False,0.14368351498054915,0.008863205220565272,True,0.23882643393575842,0.014071147584999227,True,0.11987151645520953,0.007990671661396748,True,0.23596127307254017,0.014614422164195232,True,-0.03309303265459029,0.011316875480647713,True,-0.001973922792224081,0.017618256360794147,True,-0.09664195999345368,0.008834098425967626,True,-0.18138883356158444,0.015788200221362587,False,3,always/death/1;always/death/2;diff/death/2,2.6473615137487485,0.0,0.8661799612122854,False,0.70857504934551,False,0.7364449685642414,True,0.5252122929917014,True,always/readmission/2/2,0.0,True,0.25017138223570873,True,0.3069176024996799,True,-0.05674622026397119,0.020739095098380414,True,False,0.0680911685639215,0.01331887109217439,0.9971733093261719
1215,-0.09635942760942759,-0.13141776256530358,0.13384696498333734,0.008057254807517848,False,0.3009938032879513,0.013708024897909907,True,0.26365001070460636,0.011360294653177965,True,0.4558171329196267,0.01712975463349059,True,-0.12980304572126902,0.013423493034735778,True,-0.15482332963167544,0.020607828171371204,True,True,0.8152771896876003,never/2,0.0,True,1.5591772583980337,1.2698190551780406,1.697790159287442,453,235,0.11890935263597718,0.007634837476640151,True,0.23993956349036064,0.011398110586396872,True,0.034545800579629124,0.004627585106534451,True,0.07531798664842873,0.00696317529033695,True,0.14242550024106043,0.008972381089058139,True,0.2370238575516372,0.013403046474610186,True,0.11201048990146498,0.007882014858448177,True,0.21902802644940425,0.013634292127519484,True,-0.02351614760508325,0.011713542714319214,True,0.002915705938723423,0.017479224870257565,True,-0.07746468932183585,0.009142062562853923,True,-0.14371003980097552,0.01529494991869198,True,0,,0.7629898744905638,0.0,0.8465448467843937,True,0.6847424498612107,True,0.7455640098574746,True,0.5439481159989585,True,always/death/2/2,0.0,True,0.25737557665265504,True,0.2996287978733818,True,-0.04225322122072678,0.020184013661531892,True,False,0.0626049403217446,0.0174360131622944,1.0431702136993408
1216,-0.0656958731734005,-0.07882020817818114,0.15338537606818056,0.009477850058425594,True,0.3415350463989165,0.014589882301165022,True,0.2545676387130743,0.01116361108410588,True,0.444782057873275,0.015857778592143146,True,-0.10118226264489374,0.014712529880267621,True,-0.1032470114743585,0.021284847222802227,True,True,0.8044773346468829,never/2,0.0,True,1.8453947739597318,1.5423048542480349,1.3797849290331743,509,229,0.12863107831214063,0.008111981191543901,True,0.26611163586524084,0.011781686325080719,True,0.03243372673174922,0.004349853406565964,True,0.07434922112089597,0.006948361470991095,True,0.13903837649943024,0.008537409951539935,True,0.24604115849101377,0.01391899467718118,True,0.11922908515344051,0.007800660022780222,True,0.22165095887099864,0.013357047528722871,True,-0.01040729818728961,0.011722842716967833,True,0.02007047737422707,0.01809159937905075,True,-0.08679535842169128,0.008931565599272521,True,-0.1473017377501027,0.015047272281364694,True,0,,1.648120254560232,0.0,0.8389351949561101,True,0.6595391430138632,True,0.7417325383471293,True,0.5323078826379876,True,always/death/2/2,0.0,True,0.28704549209423624,True,0.309943581016626,True,-0.02289808892238976,0.02108795682280603,True,True,0.06390242252561223,0.020933856228995407,0.9842710494995117
1217,-0.07410160015613204,-0.1299783436982478,0.16111122725039312,0.009444954643603697,True,0.33428950008028546,0.013539940499565823,True,0.2581243892719545,0.01040330040691814,True,0.4691421434554635,0.017844722973976053,True,-0.0970131620215614,0.012475078681251736,True,-0.13485264337517805,0.022010365559586076,True,True,0.837982963469321,never/2,0.0,True,1.216436209764578,1.0064200752926247,1.8005055777311263,474,236,0.1189746605841394,0.007528064094649299,True,0.2431029608098518,0.011202942924892295,True,0.0317957811653932,0.004261878293315284,True,0.05731333711851691,0.005979527322919271,False,0.1409498937993905,0.00875357898318702,True,0.2401330977810728,0.01562439664329963,True,0.11621090804922142,0.007940391704829042,True,0.21730431230385255,0.014374202149395759,True,-0.02197523321525109,0.011461284026879607,True,0.002969863028778996,0.01909764487030898,True,-0.08441512688382821,0.00901166166351557,True,-0.15999097518533564,0.015556098514138217,True,1,always/death/2,2.2006192414317614,0.0,0.8492295582504674,True,0.6995837020716313,True,0.7428391981513881,True,0.5425625899150747,True,never/death/2/2,0.0,True,0.25739832498271165,True,0.3115410066085981,True,-0.05414268162588648,0.021371810946252835,True,False,0.07140790882752532,0.014295364172859842,1.014664649963379
1218,-0.07448244708644028,-0.10695205109725464,0.150874628976483,0.00845154290197644,True,0.31923150028932556,0.013622638855744648,True,0.25712697696997716,0.011274382448391178,True,0.4509411283784536,0.016738024405339537,True,-0.10625234799349417,0.014162329575935013,True,-0.13170962808912806,0.021249256643575912,True,True,0.7949586444076737,always/2,0.0,True,1.9593009723661867,1.05284076537908,1.3779613054441369,462,218,0.10774629552584329,0.007291227770354689,True,0.24372604967606587,0.011329689857819741,True,0.031835359672990116,0.004302599622920518,True,0.06443754524634303,0.006578598182299587,True,0.15782548747007627,0.009066943831564391,True,0.2532437700855181,0.013715397129802237,True,0.11490948940982311,0.007765829685489922,True,0.2055637960246711,0.012979414742657597,True,-0.05007919194423298,0.01157376389767431,False,-0.009517720409452257,0.017666647689191795,True,-0.083074129736833,0.00887719679308209,True,-0.14112625077832808,0.014541560367244919,True,1,diff/readmission/1,2.0365191611494065,0.0,0.8604183448011666,True,0.6918364050775911,True,0.7272650231201006,True,0.5411924338898108,True,always/death/2/2,0.0,True,0.2597436872392905,True,0.31141086161048825,True,-0.05166717437119778,0.02029967470400955,True,False,0.05816709152497013,0.016017637563224607,0.9812681674957275
1219,-0.10317904666947883,-0.14237239880656677,0.13958635160654165,0.008402442324971915,True,0.3102542124898738,0.012077563546078269,True,0.2725513345753886,0.010171471072427371,True,0.4552310440697516,0.017090938719354697,True,-0.13296498296884696,0.013687101185451881,True,-0.14497683157987784,0.021302292922458402,True,True,0.7857016890452079,never/2,0.0,True,1.5087731705538867,1.152726904373776,1.2461336375099403,470,229,0.10966968238112915,0.0073026971448111695,True,0.23884776201633812,0.01151983106855221,True,0.03539682026292681,0.004455675332057513,True,0.07563126234267324,0.006876214639241321,True,0.1676227795347303,0.009214041413583457,False,0.24894655297520227,0.0134047552340702,True,0.11326705741077761,0.00768235616192429,True,0.20953842447103183,0.013281475627973867,True,-0.05795309715360114,0.011657234595107226,False,-0.010098790958864151,0.017532311925177967,True,-0.0778702371478508,0.008875570723137046,True,-0.13390716212835857,0.014944246603012596,True,2,never/readmission/1;diff/readmission/1,2.697389067455059,0.0,0.854933497355944,True,0.6855209756409886,True,0.719110163054492,False,0.5415150225537659,True,never/death/2/2,0.0,True,0.25918023178781674,True,0.3053768133950816,True,-0.046196581607264864,0.020041156143337787,True,False,0.056430260419879336,0.020332469771478623,1.0693073272705078
1220,-0.09991334689270184,-0.15128349573243904,0.14500350630095793,0.007847748033266157,True,0.29805726835238466,0.013093319634117211,True,0.2811116083629611,0.011341397073448344,False,0.47381656839463393,0.016599803623649677,True,-0.1361081020620032,0.014061563145794756,False,-0.17575930004224927,0.02031422654752685,True,True,0.8115107394248414,never/2,0.0,True,2.290294040124499,1.8672532117059906,1.328499795165658,474,218,0.11129352690944296,0.007129845155158811,True,0.24178262569007472,0.011271033988124938,True,0.033679570600420324,0.004360404523480865,True,0.06901817421466487,0.006540250047391028,True,0.15111693412607285,0.008970721644980372,True,0.2594107204175865,0.013935445157244484,True,0.10835016270907533,0.007700003140241196,True,0.19934232666762158,0.012573915528169385,True,-0.0398234072166299,0.011376473387769929,True,-0.017628094727511784,0.01777346288420015,True,-0.07467059210865501,0.008845230139065916,True,-0.1303241524529567,0.014156868952019454,True,0,,1.170345744485572,0.0,0.8550269024901367,True,0.6891992000952605,True,0.7405329031648518,True,0.5412469529147919,True,never/death/2/2,0.0,True,0.2594305226709773,True,0.32219434185681517,True,-0.06276381918583784,0.02061681962720681,True,False,0.06278362143922867,0.017647896980902605,1.0531291961669922
1221,-0.08152387424215074,-0.12456252398600076,0.14491190139331248,0.007754562467600545,True,0.2858456866715968,0.012220384981689059,False,0.259396527618802,0.010823917192660992,True,0.4433020196035599,0.018865157869364855,True,-0.11448462622548952,0.013003844541762295,True,-0.1574563329319631,0.022382807869302673,True,False,0.6907331742684469,never/2,0.0,True,1.5118695799163522,1.2255022115778489,1.3878621136517901,485,230,0.12590117542885806,0.007623517746542021,True,0.25297315429668094,0.011465709874604076,True,0.02960650630220986,0.004177661668936009,True,0.06736552561161496,0.006552394787688301,True,0.1412707226490813,0.00882040627913575,True,0.232869314160617,0.014694198955539205,True,0.10799012664994342,0.007582527626485478,True,0.21420248671986838,0.014524126112675525,True,-0.01536954722022324,0.011563999407038929,True,0.020103840136063922,0.01849101039897225,True,-0.07838362034773357,0.00865742874837712,True,-0.14683696110825342,0.015909057166897455,True,0,,0.9632872147153739,0.0,0.8444923182689321,True,0.6796613200917041,True,0.7507391507009753,True,0.5529281991195146,True,always/death/2/2,0.0,True,0.27079272023532214,True,0.30287433809011427,True,-0.03208161785479213,0.020574492123712373,True,True,0.07000502392949726,0.017819565938641202,1.008840799331665
1222,-0.0603017353017353,-0.10762092238470194,0.15555680323833246,0.008270110377044029,True,0.31311326509785353,0.012529626019240547,True,0.24902318501296464,0.009958187410217124,True,0.44200495734858325,0.014930087449686085,True,-0.09346638177463218,0.01258395190220276,True,-0.12889169225072972,0.019494134884680117,True,True,0.8083730468172318,never/2,0.0,True,1.6584707041658437,0.9362583446257384,1.325372798479529,460,225,0.1276854126803457,0.007984271231637429,True,0.2703979079966295,0.012421468188965015,True,0.028810653289507923,0.0042724085460120196,True,0.07019032662595487,0.006747800471451783,True,0.14904199075285385,0.009056070546256512,True,0.23800809418011365,0.014511101038328166,True,0.10336836559796318,0.007656807722776894,True,0.19064779119819036,0.014078485898277683,True,-0.021356578072508153,0.012004857030528613,True,0.032389813816515844,0.018992024256808886,True,-0.07455771230845526,0.00876958922559534,True,-0.1204574645722355,0.015597077507022711,True,0,,1.9083016303730969,0.0,0.8435039340301465,True,0.6594117653774156,True,0.7475896436491829,True,0.571344114621696,True,never/readmission/2/2,0.0,True,0.2890525541801737,True,0.29001420513433573,True,-0.0009616509541620077,0.021743211536250813,True,True,0.052006110954222085,0.018654646183544232,0.9962985515594482
1223,-0.06604383758533958,-0.11071669998705541,0.15636011038629516,0.008796292503205242,True,0.3159941331118505,0.01284032969221815,True,0.2525650627819449,0.010733443398116245,True,0.4673193710213043,0.016806067040386622,True,-0.09620495239564975,0.014485953372215985,True,-0.1513252379094538,0.0208270960602505,True,True,0.8328866691784274,never/2,0.0,True,1.766323793557512,1.7258623574257548,1.4259218499580455,463,198,0.12247865902093177,0.007748654113323894,True,0.25604148647600994,0.011602099592593838,True,0.03555401141001579,0.00462292301832378,True,0.06503743837475175,0.006267227151282452,True,0.14230579324432063,0.008463942600356737,True,0.2344298238816225,0.01304230019606762,True,0.11408496400901504,0.007632188784498951,True,0.21113305373411448,0.013426849816944931,True,-0.01982713422338886,0.011388435271184166,True,0.021611662594387432,0.017302801552615408,True,-0.07853095259899925,0.008922714483164977,True,-0.14609561535936272,0.014799232390511154,True,0,,1.113210628684344,0.0,0.8419673295690524,True,0.6789210751492383,True,0.7436092427466643,True,0.554437122384263,True,never/readmission/2/2,0.0,True,0.27487774870577153,True,0.2896804244067397,True,-0.01480267570096816,0.019979671654561205,True,True,0.05525060052511718,0.01883626222976159,0.9479372501373291
1224,-0.06974562902968592,-0.09447833182230275,0.1581010292840282,0.008535056182018087,True,0.3370223550507746,0.01302912537994701,True,0.25641409094829687,0.010799933447863968,True,0.46062113641666436,0.016095485770884207,True,-0.09831306166426867,0.013577340014438808,True,-0.12359878136588975,0.019272566858998544,True,True,0.8367980068757735,always/2,0.0,True,1.7315367741865622,1.361219567490895,1.8047902147973887,442,219,0.1179056353053868,0.007323002363916518,True,0.24064292876630725,0.01103591289097166,True,0.02676114655181046,0.003970746684991841,True,0.0629003362075187,0.006264795653763036,True,0.13303385479879118,0.008589787653144975,True,0.24501021946696244,0.014217708996250784,True,0.10446772426434486,0.00743568213709906,True,0.23002837721066285,0.013897005215719902,True,-0.015128219493404385,0.011194721154227988,True,-0.004367290700655196,0.017872339414132566,True,-0.0777065777125344,0.00842784061798403,True,-0.16712804100314416,0.015233952252764468,True,0,,1.7558175685032917,0.0,0.8553332181428027,True,0.6964567350261741,True,0.7624984209368639,True,0.5249614033223747,True,always/death/2/2,0.0,True,0.25518170966739656,True,0.31622326413102075,True,-0.06104155446362419,0.0210228036723952,True,False,0.07121304466405831,0.014538780901089315,0.9765222072601318
1225,-0.07062310825880158,-0.14615910468680804,0.14471977841156838,0.008544213922750237,True,0.29669642869159135,0.013175088370161505,True,0.23744705839743607,0.011789847341775827,True,0.45069881298368103,0.017062066910167963,True,-0.09272727998586769,0.014939755423805233,True,-0.15400238429208968,0.020727851304797658,True,True,0.8497983899801882,never/2,0.0,True,1.1510230175271567,0.8774222710457259,1.212991855830775,455,213,0.12564698178722458,0.007878868811886468,True,0.25628444332741446,0.011295279016137092,True,0.030177337062107023,0.004196684227484561,True,0.06895407779450033,0.006779838914973499,True,0.13575854545377883,0.00843493379957815,True,0.2319338759317824,0.013975039845752097,True,0.11921251859917652,0.007895997795007005,True,0.22596308371184962,0.01410945809879331,True,-0.010111563666554246,0.011462431274516157,True,0.024350567395632045,0.017810950919688637,True,-0.08903518153706949,0.008941863229353158,True,-0.1570090059173493,0.01564101060463216,True,0,,1.430537373855523,0.0,0.8441756811506684,True,0.6747614788780852,True,0.7450289359470447,True,0.542103040356368,True,never/death/2/2,0.0,True,0.2744941271556185,True,0.29408607216528115,True,-0.01959194500966266,0.021301869164772825,True,True,0.06215219623349874,0.018209683828204037,0.9745228290557861
1226,-0.06710695765487248,-0.10184513684691687,0.15586210662274078,0.008172994963864503,True,0.31670767594119065,0.013025051399629157,True,0.25438220118731514,0.01002971757845756,True,0.4393948680971837,0.016435405616745346,True,-0.09852009456457436,0.013448916773026641,True,-0.12268719215599305,0.021428734199461473,True,True,0.8502048203246285,always/2,0.0,True,1.4484381714390993,1.2572166913604055,1.246090081603842,475,241,0.1204741858871614,0.007781086014763608,True,0.2364304557703306,0.01153830732967869,True,0.029202657994144014,0.004155190244886619,True,0.06259910698218515,0.0065337879953097575,True,0.15194217321549902,0.00907443676205811,True,0.245215810178148,0.013567388901101015,True,0.12346339758982444,0.008067205943929102,True,0.2241959067921988,0.013661644579528587,True,-0.031467987328337624,0.011868085731211472,True,-0.008785354407817414,0.01767372179207455,True,-0.09426073959568043,0.009072278295382373,True,-0.16159679981001365,0.015126136426430178,True,0,,1.4026582341900038,0.0,0.8503231561186946,True,0.7009704372474843,True,0.7245944291946765,True,0.5305882830296532,True,never/death/2/2,0.0,True,0.25163566871643517,True,0.3116956385008569,True,-0.06005996978442174,0.020459108408706624,True,False,0.0664798283227089,0.01520521294610458,1.0066490173339844
1227,-0.08608733497751345,-0.13112749204221813,0.14961334906195026,0.008980121539713948,True,0.2989256273436814,0.013116971224629055,True,0.2753325002264406,0.011090764093807576,True,0.4676084843839209,0.015685880983415085,True,-0.12571915116449037,0.014814785985775979,True,-0.1686828570402395,0.020720435984203516,True,True,0.8012076796722675,always/2,0.0,True,2.499487086596548,1.5260830825081286,1.2181332621786403,454,213,0.11784371916928602,0.007543672718732805,True,0.24856720622122788,0.011123401728385537,True,0.02731136444668841,0.004020585036441448,True,0.06254174512650823,0.006429838186464742,True,0.14446879483615185,0.00882439973480697,True,0.2329190349666246,0.014428971262349148,True,0.11781205508033321,0.00788680416683123,True,0.1916397564170228,0.013320852081259634,True,-0.02662507566686584,0.011531360737390464,True,0.01564817125460327,0.018061397096756106,True,-0.0905006906336448,0.008851531244676409,True,-0.12909801129051457,0.01478470177782483,True,0,,1.4422683673521042,0.0,0.8548449163840256,True,0.6888910486522639,True,0.737719150083515,True,0.5754412086163526,True,always/readmission/2/2,0.0,True,0.2650412085404938,True,0.2826370267776625,True,-0.017595818237168714,0.02125264926236567,True,True,0.04971799181103789,0.016474002319265907,0.9922149181365967
1228,-0.08309832627463756,-0.1392988996175895,0.14521682142266396,0.008318027448874133,True,0.2974646729312721,0.012053357202240163,True,0.26214220085242046,0.011544227878099304,True,0.45945034776948535,0.017452403363322034,True,-0.1169253794297565,0.01358922884949666,True,-0.16198567483821324,0.021922405592853713,True,True,0.8291638139922283,always/2,0.0,True,1.8793713225451922,1.0297089868730174,1.4226503447907524,482,245,0.10946135942497032,0.007433797173043618,True,0.242092429925651,0.011469672100935337,True,0.03174253455089656,0.004401297335979746,True,0.07381485762953292,0.007167209239728048,True,0.14540053096511735,0.008774368319011959,True,0.22913628017368767,0.014948385701834405,True,0.10508165845067732,0.007401499651090843,True,0.21421130448391518,0.014731989648803274,True,-0.03593917154014703,0.011435400178476236,True,0.012956149751963325,0.01873998255404009,True,-0.07333912389978076,0.00861255024933244,True,-0.14039644685438224,0.016374841082353025,True,0,,1.2456138309243785,0.0,0.8587961060241331,True,0.6840927124448161,True,0.7495178105842053,True,0.5566524153423972,True,always/death/2/2,0.0,True,0.2603952767931623,True,0.28686144200638025,True,-0.02646616521321793,0.02186151069051492,True,True,0.05772516183269258,0.018302846867511324,1.0137042999267578
1229,-0.08525759714111844,-0.1331056131620193,0.14118428414121423,0.00829037905243615,True,0.3099539790044497,0.012917520485649809,True,0.25062798752037596,0.011016037484763055,True,0.4397797820022479,0.01652386577168544,True,-0.10944370337916173,0.013676367571007028,True,-0.12982580299779817,0.021690281425801462,True,True,0.8437775665202871,never/2,0.0,True,1.2701286744231677,0.6911367161953307,1.0801139262711992,444,194,0.12813800539539577,0.00759600925040085,True,0.26648536816053925,0.011331318570466495,True,0.03479324807833085,0.004325837310643609,True,0.0682843975722175,0.00632071541682567,True,0.15812685308764718,0.009214027161348108,True,0.27077123036963846,0.014518294413616727,True,0.1155996914912599,0.00789787933551515,True,0.23293895710414186,0.014103949455632335,True,-0.029988847692251408,0.011830197930704799,True,-0.0042858622090992116,0.01821792438995637,True,-0.08080644341292906,0.009000552098977845,True,-0.16465455953192437,0.015433119051970168,True,0,,1.8202710054462266,0.0,0.8370687465262734,True,0.6652302342672433,True,0.7262734554210929,True,0.4962898125262196,False,never/death/2/2,0.0,True,0.28772169863869057,True,0.35081353037190216,False,-0.06309183173321159,0.020934838841226478,True,False,0.0800423000022637,0.021236330478151322,0.9613034725189209
1230,-0.069781037414966,-0.09756517878930338,0.16292890380499234,0.00831998194780882,True,0.3277486422991713,0.012474575117512755,True,0.27385478960935966,0.010966070743555725,True,0.44906030104452227,0.01645424851707367,True,-0.11092588580436732,0.013320396595473686,True,-0.12131165874535099,0.02060547141041202,True,True,0.7996356877596947,never/2,0.0,True,1.9178188110840353,1.3016605199813884,1.3582443807079403,465,222,0.11575772909091125,0.00740931748308345,True,0.2405323425308578,0.0112311140863008,True,0.0316363459841673,0.0040706044518318335,True,0.06731798731309219,0.006516215672137154,True,0.13881928936844265,0.008595228839458817,True,0.22684274072682564,0.013132076938902967,True,0.11060341170944671,0.007653329890001797,True,0.18885383853428175,0.012303063282134149,True,-0.023061560277531395,0.011253645463283994,True,0.01368960180403217,0.017137166447976616,True,-0.07896706572527941,0.008661462056320126,True,-0.12153585122118957,0.013906149048004862,True,0,,1.7880231094692338,0.0,0.8526059249249214,True,0.69214967015605,True,0.7505772989221107,True,0.5843034207388926,False,always/death/2/2,0.0,True,0.25712654091701054,True,0.27643885233272236,True,-0.019312311415711825,0.019794625374988314,True,True,0.04959611160589672,0.016594198386152725,0.9989683628082275
1231,-0.07120323878966692,-0.10859230055658631,0.14738497136704665,0.008432945444490178,True,0.32118235488990127,0.013248266419149595,True,0.2493345223982213,0.010377343000226993,True,0.44389875725464073,0.016199151014479572,True,-0.10194955103117465,0.012783591968069111,True,-0.12271640236473946,0.02024586924606878,True,True,0.8403170076764617,never/2,0.0,True,1.6284219230517423,1.3616772780264284,1.1801211285135336,454,242,0.11803709864391769,0.007636756510753369,True,0.25485078249415716,0.011317457486102632,True,0.03557862940529864,0.004609087161011927,True,0.07359536784192577,0.006677050024097094,True,0.1376555273197516,0.008689966771343668,True,0.23040265343219346,0.014105267661265908,True,0.10932675338271516,0.007691498528290715,True,0.20177723216506105,0.01376195179372736,True,-0.019618428675833924,0.011502089520749955,True,0.024448129061963697,0.017963940499731646,True,-0.07374812397741652,0.00896767188026982,True,-0.12818186432313528,0.015284763485510144,True,0,,1.2301381794430803,0.0,0.8463842719507837,True,0.6715538496639171,True,0.7530177192975333,True,0.5678201144027455,True,always/death/2/2,0.0,True,0.2748361802441086,True,0.2816589098903504,True,-0.00682272964624181,0.02101935809035896,True,True,0.05125625645815696,0.01998539774995145,0.9928276538848877
1232,-0.06554520800693489,-0.09368885097746521,0.1536290986103612,0.008502587206349183,True,0.3463186013231618,0.013341282650946956,False,0.24686593919771962,0.01066673508816832,True,0.4758356775624951,0.017562771190388418,True,-0.09323684058735843,0.013801699461671913,True,-0.12951707623933334,0.022407987181000094,True,True,0.7184772203978875,always/2,0.0,True,1.8675880888547396,1.2872584389440813,1.3392463258680338,478,223,0.11230405691969361,0.007247563170562092,True,0.23746642573637078,0.011246194735265507,True,0.03399979836663564,0.0044263881401011874,True,0.06657546208020869,0.006508565961416498,True,0.14601184885966115,0.008939272032437232,True,0.2127946392505521,0.012615843737254455,False,0.10705737128909398,0.007629061144189467,True,0.19689301850874708,0.013803095548780392,True,-0.033707791939967535,0.011427363868034246,True,0.024671786485818692,0.01679670410459169,True,-0.07305757292245835,0.008820449355626982,True,-0.13031755642853837,0.015248365494057654,True,1,never/readmission/2,2.5007729491990287,0.0,0.8536961447136707,True,0.6959581121834205,True,0.7469307798512449,True,0.5903123422407008,False,never/readmission/2/2,0.0,True,0.25305508520073594,True,0.2549110006843222,False,-0.001855915483586268,0.019321805161801524,False,True,0.04211636143377012,0.015588659464365162,1.0422470569610596
1233,-0.07917188003869718,-0.13250897934750072,0.14622623926889367,0.00801630679883347,True,0.3070195350870274,0.012187253127111306,True,0.25323362390944804,0.010778622094891685,True,0.4473194257540702,0.01573578718694472,True,-0.10700738464055437,0.013305376026403139,True,-0.1402998906670428,0.019804543845389305,True,True,0.8015371697025166,never/2,0.0,True,1.519641385993615,0.8683218172524282,1.1317731447863204,447,237,0.09815625266800061,0.006856478797585156,False,0.21947327186274432,0.010750546946504064,False,0.022185886091024717,0.0035989635813615944,False,0.06443851393541086,0.006566697843606232,True,0.14088351270635313,0.008673493593069338,True,0.23483281751325552,0.014797991575632583,True,0.10978070134101592,0.007657104376337561,True,0.20481061655325514,0.014570423314505709,True,-0.04272726003835252,0.010961709426005896,True,-0.015359545650511203,0.01809121861077027,True,-0.0875948152499912,0.00845957268685371,True,-0.14037210261784427,0.015971078710965644,True,3,always/readmission/1;always/readmission/2;always/death/1,2.9993161124106824,0.0,0.8796578612409747,False,0.7160882142018448,False,0.749335785952631,True,0.5603565659334894,True,never/readmission/2/2,0.0,True,0.2347844821991003,False,0.29500195255062484,True,-0.06021747035152453,0.020609471012581985,True,False,0.060169135037369315,0.01531121033635599,1.0327751636505127
1234,-0.10042836276503916,-0.1699454398375243,0.120275495912215,0.007783531205221592,False,0.30424198764763516,0.014968199882292567,True,0.2509458959734065,0.011351237831049934,True,0.49421311189140343,0.01813195553419427,False,-0.13067040006119152,0.014510167532256528,True,-0.18997112424376827,0.02295433307824418,False,False,0.8040741592458318,never/2,0.0,True,1.6574489514542339,1.0030472820889598,1.4335019849545745,464,206,0.1236098593122768,0.0077191035048029,True,0.2632850584270068,0.011711043440485833,True,0.029273994805084625,0.004136868112355917,True,0.06885134926946421,0.006517625944910984,True,0.16164785666261947,0.009258529314343442,True,0.2607535945318093,0.01376538474575642,True,0.10230485352156478,0.007640168871395443,True,0.20938638838233795,0.013624760053231759,True,-0.03803799735034266,0.01198539724100238,True,0.0025314638951974833,0.017888357060579795,True,-0.07303085871648016,0.008687757945164945,True,-0.14053503911287374,0.015082879919709113,True,0,,1.773268313487402,0.0,0.8471161458826386,True,0.667863592303529,True,0.7360472898158157,True,0.5298600170858527,True,never/death/2/2,0.0,True,0.2817196870849592,True,0.3240694972929342,True,-0.042349810207975014,0.020073499193640758,True,False,0.06331590276112492,0.018434628657952423,0.8637862205505371
1235,-0.07995244749517566,-0.12006129121344128,0.15283953508599396,0.009571964272700312,True,0.32176110025627475,0.014450970402676237,True,0.2644615377721887,0.011442132508064787,True,0.4613574568538602,0.017928649885541523,True,-0.11162200268619477,0.014256790516981463,True,-0.13959635659758546,0.021391316123607437,True,True,0.8133715566353362,never/2,0.0,True,1.449699412782785,1.619294436250219,1.110877350744514,433,224,0.1299626158050288,0.00770401585885284,True,0.24625506945644848,0.011303863840011079,True,0.03273848448453135,0.0043870620302147315,True,0.0756901154191489,0.006999483039484288,True,0.1409728741053542,0.008572379272903906,True,0.24039037112497755,0.013311059227077055,True,0.11028180949207375,0.007675502523909548,True,0.22774694317561894,0.013233901984888028,True,-0.011010258300325398,0.01141190349527605,True,0.0058646983314709356,0.017324455376328138,True,-0.07754332500754241,0.008840530283538428,True,-0.15205682775647006,0.014948202028988148,True,0,,1.4591890789153603,0.0,0.8372988997104398,True,0.6780548151244026,True,0.748745316402572,True,0.5318626856994035,True,never/death/2/2,0.0,True,0.2642976548865588,True,0.3102269984239649,True,-0.045929343537406075,0.01958144608878655,True,False,0.06983662729898735,0.018042585430110336,1.0298168659210205
1236,-0.05372092321351546,-0.08364445623076011,0.1628300226555927,0.008597667475383949,True,0.3392342712674532,0.013742121184292942,True,0.2509411935833812,0.010011963993500912,True,0.43840016293500483,0.016511270182100635,True,-0.08811117092778847,0.013782750450116224,True,-0.09916589166755163,0.020793822144315806,True,True,0.8309989146532906,always/2,0.0,True,2.0258037133009354,0.7269035506372836,1.3419592804763283,458,208,0.10939079700406128,0.007200485819955543,True,0.24079310109876045,0.011109818819567685,True,0.02876896057773937,0.003988997094833008,True,0.07796438137791123,0.007458641837390699,True,0.13150711393905964,0.00858662875485763,True,0.2243528106449355,0.015023920026614528,True,0.11083524124247356,0.007694047990664096,True,0.19972919173269132,0.014822872192995893,True,-0.022116316934998367,0.011112481055770188,True,0.016440290453824946,0.01855056770070946,True,-0.08206628066473419,0.008666486962726924,True,-0.1217648103547801,0.01658802580342119,True,0,,1.598169252767221,0.0,0.8618402424181993,True,0.6812425175233283,True,0.7576576448184669,True,0.5759179976223732,True,never/death/2/2,0.0,True,0.2595526411836248,True,0.2801755883412722,True,-0.020622947157647398,0.02248173602850218,True,True,0.0558227776963367,0.018759540084864357,0.9567475318908691
1237,-0.07668350168350169,-0.12847149013687764,0.13813197994883972,0.008222735764067702,True,0.29282670264172517,0.011932551954416008,False,0.24289395333946778,0.011012899478403265,True,0.45563161202028757,0.01813540894393869,True,-0.10476197339062807,0.013565742192802061,True,-0.1628049093785624,0.02133952905147751,True,True,0.7493266937988092,never/2,0.0,True,1.9513325511199946,1.0790788595130074,1.0472437622010595,484,223,0.12343942662153297,0.007669398528194455,True,0.24062970344767445,0.011236682062507808,True,0.028505777676128045,0.004343443800520106,True,0.06189828902968337,0.006612934105649748,True,0.14370360858606288,0.008925944160466997,True,0.25946162578708276,0.014431211790694148,True,0.10271041997495908,0.007508635249475422,True,0.20359752280935373,0.013260492720466173,True,-0.020264181964529906,0.011659501785280526,True,-0.018831922339408308,0.018085976940421238,True,-0.07420464229883103,0.008674523759764255,True,-0.14169923377967036,0.014809810251041108,True,0,,1.3320103710910272,0.0,0.848054795702339,True,0.6974720075226422,True,0.7535859714389781,True,0.5369408514035635,True,never/death/2/2,0.0,True,0.2550955851517716,True,0.32225753599111095,True,-0.06716195083933935,0.020820127262353876,True,False,0.0627959102040282,0.014465881704097155,1.0164430141448975
1238,-0.05620554772198463,-0.10052057800499564,0.15200965605204173,0.008852321929555294,True,0.3195357560552647,0.013243944290919407,True,0.24635057937097304,0.010735826239973207,True,0.444751500015602,0.017773585880341065,True,-0.09434092331893132,0.013740391070858487,True,-0.1252157439603373,0.023302501989502462,True,True,0.8288419480184324,never/2,0.0,True,1.6870609510332921,1.2260137969655258,1.2902667326297679,488,234,0.11691263421996766,0.007563888273157304,True,0.2371564331023928,0.011200139041247826,True,0.024711661050108056,0.003763732931202374,True,0.06679422326599302,0.006394494311362968,True,0.1421223277866782,0.008866382400200276,True,0.24023660890799778,0.014313212397223834,True,0.1113255766769366,0.007844041463882883,True,0.21043291035054967,0.01392444479173922,True,-0.02520969356671053,0.011542869195381118,True,-0.00308017580560499,0.018022747122130676,True,-0.08661391562682855,0.00869654264562338,True,-0.14363868708455665,0.015300506885180601,True,0,,1.674757233074521,0.0,0.8583757047299243,True,0.6960493436316142,True,0.7465520955363852,True,0.5493304807414525,True,always/death/2/2,0.0,True,0.25441747372751405,True,0.2952236700535352,True,-0.04080619632602117,0.021610331512788284,True,False,0.05498706114553745,0.017261040625121266,1.1122994422912598
1239,-0.07045990250304496,-0.09619360708682412,0.14162996654678053,0.008543221901502888,True,0.3211423302165931,0.012961577480394856,True,0.2533335471882088,0.010743663978265136,True,0.44000583685049643,0.0172929780401468,True,-0.11170358064142824,0.012998710495361433,True,-0.11886350663390333,0.022229975578025852,True,True,0.7877452413731119,always/2,0.0,True,1.7870232487053137,0.9711565976907616,1.302705499797937,458,204,0.11925463211970404,0.007351819587193138,True,0.24259101698875682,0.011145510921089544,True,0.03237110979822327,0.0043020987060277275,True,0.07523434635289311,0.006813086166564612,True,0.15747510212494018,0.00931804453243905,True,0.2596420519720571,0.014171564823928312,True,0.12330042443736179,0.008363570541029675,True,0.19691472339236504,0.012697365618975132,True,-0.03822047000523614,0.011773572077553253,True,-0.017051034983300267,0.017905119164724502,True,-0.09092931463913853,0.009402597627000688,True,-0.12168037703947193,0.014392687389785422,True,0,,1.3141278819081748,0.0,0.8483742580820727,True,0.6821746366583501,True,0.719224473437698,False,0.5434432246355778,True,never/readmission/2/2,0.0,True,0.2606557293199815,True,0.32271865096438607,True,-0.06206292164440458,0.020457702673465354,True,False,0.06307659899232898,0.01806471233122467,1.0161616802215576
1240,-0.08630282570642664,-0.12367634831381502,0.1515787525138818,0.007862007284017295,True,0.3083135145564402,0.012210733340342422,True,0.28055709055047834,0.01152863397213283,False,0.45850841657684266,0.017718278770066237,True,-0.12897833803659653,0.01354987606687116,True,-0.15019490202040248,0.020821834002068235,True,True,0.8177222311473372,never/2,0.0,True,2.3066882195248373,0.7666647441069414,0.98210025023578,505,222,0.10983253680326063,0.007224111785850653,True,0.2486733716423393,0.011407724849812444,True,0.02907922900776447,0.004026117931005991,True,0.070581472808982,0.0064896445011910974,True,0.14927414090469934,0.008976620939604657,True,0.24738764506919744,0.01443702626353292,True,0.09536381005445564,0.007256110357933844,False,0.19931730597198405,0.014141254532857606,True,-0.03944160410143871,0.01143198893677135,True,0.0012857265731418543,0.018232733426396135,True,-0.06628458104669117,0.008296936920122951,True,-0.12873583316300205,0.015537638573847422,True,1,never/death/1,2.390838767574121,0.0,0.861088234188975,True,0.6807451555486788,True,0.755362049040845,True,0.5532950489588185,True,always/death/2/2,0.0,True,0.268804150954993,True,0.30315754623594,True,-0.034353395280947,0.02089971621653591,True,True,0.05576990116674255,0.020130779312653696,0.9798500537872314
1241,-0.0741045166639705,-0.14399722201735632,0.13893380804722721,0.007440277623594953,True,0.285233122383019,0.01394369070979472,False,0.24452400590146356,0.011421908824432609,True,0.4563149705670085,0.017233838706626356,True,-0.10559019785423635,0.013751270602910716,True,-0.17108184818398947,0.023384436056621605,True,True,0.8225372803372605,always/2,0.0,True,1.4439450865237653,0.665281573353601,1.3131714451324188,502,214,0.1172028245097502,0.0073909597739654056,True,0.23798962499811166,0.0105842261167796,True,0.029059703051042718,0.003964825034476463,True,0.07020392550004399,0.006403082806815374,True,0.13734404768374636,0.008749055624056985,True,0.2221457691796244,0.013702497424585557,True,0.10582439268215635,0.00763641579741278,True,0.18295392927273535,0.013851778538858345,False,-0.020141223173996164,0.011343824726892283,True,0.015843855818487268,0.017145075485294498,True,-0.07676468963111363,0.008602555481040167,True,-0.11275000377269136,0.015243392029567331,True,1,never/death/2,2.014042503567488,0.0,0.8537374724392071,True,0.6918064495018443,True,0.7568315596340973,True,0.5949003015476403,False,never/death/2/2,0.0,True,0.2569658892587385,True,0.26515062320770116,False,-0.008184733948962686,0.020007106728758963,True,True,0.04300485402807677,0.01897626426062682,0.9859156608581543
1242,-0.06284837657496947,-0.11195464711653902,0.1462756275245225,0.008197091472320926,True,0.30856645691677237,0.012886125977616347,True,0.24290515229862567,0.011842000861392853,True,0.4540940147695565,0.016818186082597292,True,-0.09662952477410316,0.014681299598813344,True,-0.14552755785278415,0.021360945802240097,True,True,0.6840509100559863,never/2,0.0,True,2.0814793504974465,1.4153834820024471,1.617952482911829,463,231,0.1034161767249092,0.0068862368780053616,False,0.2552404597668633,0.011571936951256575,True,0.028825144240761453,0.0042360926297374205,True,0.06249110151680196,0.006261512320761769,True,0.14649871449838275,0.009139860340451892,True,0.2496631569726394,0.014934572086204537,True,0.11531207494882363,0.007921961933927508,True,0.2227660134604747,0.014241001439150271,True,-0.04308253777347355,0.011366291204627694,True,0.005577302794223915,0.018703405917599926,True,-0.08648693070806218,0.008983918293103492,True,-0.16027491194367274,0.015546626306323795,True,1,always/readmission/1,2.222523498135011,0.0,0.8677586790343293,False,0.6822684387163347,True,0.7381892105527936,True,0.527570829566886,True,never/readmission/2/2,0.0,True,0.2730694936033816,True,0.32003423135090736,True,-0.04696473774752574,0.02136880262041974,True,False,0.07037107437826795,0.017829033836518293,0.9769096374511719
1243,-0.0991594703511802,-0.16713443958753976,0.13229256430985878,0.008163693789815416,False,0.3044327367424376,0.013053543774079057,True,0.26184574760375756,0.011140992085203118,True,0.4672168917708537,0.017572446094913034,True,-0.12955318329389878,0.013277266410851422,True,-0.1627841550284161,0.020436441546225415,True,True,0.7909296414627759,never/2,0.0,True,1.9475482120137033,1.2052009926788474,0.9071489988007849,475,223,0.11445130724299585,0.007303093720346648,True,0.24235334498870634,0.0110762656211282,True,0.039662332224563966,0.004730460481189689,True,0.0695492085654763,0.006503030330536621,True,0.14984030010654895,0.009051772901079183,True,0.24135277055489845,0.014498936514807602,True,0.10805479640246189,0.007699949470068748,True,0.17947929806150775,0.013127881293118735,False,-0.0353889928635531,0.01152595295738296,True,0.0010005744338078826,0.018087263737448216,True,-0.06839246417789793,0.009036656856049749,True,-0.10993008949603145,0.014649852442805809,False,2,never/death/2;diff/death/2,2.3897764793879532,0.0,0.8458863605324402,True,0.6880974464458174,True,0.7421049034909892,True,0.5791679313835938,False,never/death/2/2,0.0,True,0.2593680258007297,True,0.2906172187361901,True,-0.031249192935460413,0.02085010663793698,True,True,0.049264448181291665,0.01701468081202337,0.968106746673584
1244,-0.07317216916569458,-0.1304575782933567,0.15406840758858203,0.008279643093813151,True,0.3245720778455452,0.013486734371146013,True,0.2580509079480596,0.011155278630295574,True,0.4660104057337785,0.01661335029533614,True,-0.10398250035947759,0.013952587533499147,True,-0.1414383278882333,0.02159530444468338,True,True,0.7990833219965557,always/2,0.0,True,1.524433245688207,0.95630376073111,1.6601486921497366,477,256,0.12685829880559843,0.007774431542569132,True,0.25350400584232957,0.011119140905898167,True,0.036979281932510315,0.004700256814812142,True,0.07516738885101523,0.006803135748093276,True,0.1517665300213671,0.009090036946563962,True,0.26536471403112716,0.015164729613617383,True,0.1007371486771446,0.007403817467965925,True,0.20401655673271035,0.014549075670697603,True,-0.024908231215768684,0.011887755166677255,True,-0.011860708188797586,0.018639557155510817,True,-0.0637578667446343,0.008769892292177273,False,-0.12884916788169512,0.016053028194989823,True,1,diff/death/1,2.045536325613415,0.0,0.8361624192618913,True,0.6713286053066552,True,0.7474963213014882,True,0.5306187292361625,True,never/readmission/2/2,0.0,True,0.2743866280027685,True,0.32383821185914735,True,-0.04945158385637888,0.02204915017284708,True,False,0.05847349782802019,0.020882622160438902,0.9966006278991699
1245,-0.0609604625380292,-0.09082716298697707,0.16384240227399668,0.008353048309393409,True,0.3294397295853481,0.013082644713167621,True,0.25245579375920135,0.010557280302474142,True,0.4514341659395935,0.016957270080921332,True,-0.08861339148520467,0.01330707819673477,True,-0.1219944363542454,0.02177066851068373,True,True,0.8402082338784497,always/2,0.0,True,1.785386092017649,1.3721890591917856,1.6135778549111424,459,206,0.11968927546768537,0.007509884751523335,True,0.24169961836388598,0.01098727702177896,True,0.03430107401046121,0.004536979447403264,True,0.07161630054744879,0.006556951089696485,True,0.15314802356888732,0.009123103174849182,True,0.26138004050424124,0.015336619548298368,True,0.12714996678139676,0.008272119433321989,True,0.21723315801465037,0.01470491564483732,True,-0.033458748101201946,0.01175727825082661,True,-0.019680422140355258,0.01869866777519658,True,-0.09284889277093555,0.009434197478212687,True,-0.1456168574672016,0.01608104282361452,True,0,,1.7453769735525477,0.0,0.8460096505218534,True,0.6866840810886652,True,0.719702009649716,False,0.5213868014811084,True,never/death/2/2,0.0,True,0.2617284828652221,True,0.3375168034476916,True,-0.07578832058246948,0.02071478808314209,True,False,0.07613676294345034,0.02002886450133612,0.9861605167388916
1246,-0.09659350117944018,-0.10129790226180707,0.15401241554849365,0.008753440867973814,True,0.31141892679333805,0.013513911267646119,True,0.2803507749270502,0.011884423821685367,True,0.42917065686913813,0.017316562636607892,True,-0.12633835937855653,0.01490959058725054,True,-0.11775173007580009,0.022313166002800866,True,True,0.8183738619930225,never/2,0.0,True,1.6894737981507333,1.1504598883093071,1.136268066877132,472,212,0.11192780123278749,0.007263610625850082,True,0.23520846544291188,0.011223422482486612,True,0.03005833184354926,0.004255289475641443,True,0.0681409749850665,0.006736864176542938,True,0.15332508546301085,0.009003825081850636,True,0.2688906543638891,0.014444735938948149,True,0.11313858548762055,0.007825726796421873,True,0.23382265116858927,0.014295032102224397,True,-0.04139728423022336,0.011481423972693344,True,-0.03368218892097721,0.01815394266503575,False,-0.08308025364407129,0.008907949539691484,True,-0.16568167618352278,0.015794168154143806,True,1,diff/readmission/2,1.9848134141337084,0.0,0.8580138669236632,True,0.6966505595720216,True,0.7335363290493686,True,0.4972866944675216,False,never/death/2/2,0.0,True,0.2514396068698867,True,0.34160014397376864,False,-0.09016053710388194,0.02114662862289925,False,False,0.07270948960987955,0.01623114142697482,1.0185155868530273
1247,-0.09475367867884754,-0.11049346692911044,0.1420842483982598,0.007951984128814484,True,0.3147449540508446,0.012161104330366272,True,0.2664367060627277,0.010751174279483702,True,0.4421514371356341,0.01763033701685486,True,-0.12435245766446787,0.013777120625925518,True,-0.12740648308478947,0.02190035135299251,True,True,0.8074222292531297,never/2,0.0,True,1.9183496554063535,1.0252226730466056,1.4542799426953825,473,217,0.11557065007473047,0.00738409865400393,True,0.22741463931699613,0.010893024960535944,True,0.027575236965677603,0.004041677825081908,True,0.07304994305710721,0.006933867469100489,True,0.14735243327894082,0.00882334202453969,True,0.2478185589527789,0.014053439135744927,True,0.12166913503746375,0.008037430915478061,True,0.20645545563671877,0.013173051316431235,True,-0.03178178320421035,0.01140063975982848,True,-0.02040391963578278,0.017555731991900008,True,-0.09409389807178614,0.008994266896315785,True,-0.13340551257961156,0.014867678108655536,True,0,,1.7698812545505556,0.0,0.8568541129595919,True,0.6995354176258967,True,0.7309784316835954,True,0.5457259854105023,True,never/death/2/2,0.0,True,0.24488959215623465,True,0.31033388594676714,True,-0.06544429379053249,0.020434127805119738,True,False,0.06251532699398824,0.017474952839238528,0.9760162830352783
1248,-0.08720051017518934,-0.12499036791597268,0.143094566215813,0.007987209882733647,True,0.309350898695285,0.012166236319099409,True,0.268834480064011,0.010709804252500184,True,0.45681710496171585,0.016588100708857557,True,-0.125739913848198,0.013169126725167752,True,-0.14746620626643087,0.021108731830442724,True,True,0.8289573011109823,always/2,0.0,True,2.228874980580406,1.282836141954552,1.4636005505119816,484,214,0.10606007661196679,0.007015633948306224,True,0.23952383686782067,0.010815566364268805,True,0.03690941969795196,0.004589672339423692,True,0.06675723647811452,0.006364763502958505,True,0.15262666823026488,0.009105534354976373,True,0.2340069633972416,0.014327225083897072,True,0.11955993036730399,0.008053174947015585,True,0.2099233779472417,0.014067782959013368,True,-0.0465665916182981,0.01138377889061277,True,0.005516873470579053,0.01773531830128348,True,-0.08265051066935203,0.009269583606887772,True,-0.14316614146912718,0.015435344086819158,True,0,,1.804672746800012,0.0,0.8570305036900813,True,0.6937189266540649,True,0.7278134014024311,True,0.5560696586555167,True,never/readmission/2/2,0.0,True,0.2571677119214318,True,0.2886069446908992,True,-0.03143923276946742,0.021581776073927854,True,True,0.05459998129365759,0.01764387505361112,0.9396038055419922
1249,-0.09577896862379623,-0.1610065899752498,0.14301150522325368,0.007683138479243362,True,0.29820847675635875,0.012317508634600339,True,0.2719680529012455,0.01091366903595671,True,0.4650337044372037,0.016302240947219684,True,-0.1289565476779918,0.012952449159523477,True,-0.16682522768084496,0.019632833741447614,True,True,0.7537005186314862,always/2,0.0,True,2.0157558027761113,1.0842572049546948,1.3478621792936285,496,223,0.12838183029052339,0.007915484993868164,True,0.2577383936703483,0.011683879226696423,True,0.02704666244312125,0.0038855730236132344,True,0.06618807256927724,0.006607027788499711,True,0.14832879458057746,0.009045705727954208,True,0.2363060751330111,0.013826358330143652,True,0.1074391910909513,0.007826457833632913,True,0.2104901477265364,0.013716736717184345,True,-0.019946964290054076,0.011948086953941076,True,0.02143231853733718,0.017967066345404053,True,-0.08039252864783006,0.008732804864266983,True,-0.14430207515725918,0.01521732302308923,True,0,,1.2204975813872787,0.0,0.8445715072663553,True,0.6760735337603745,True,0.7442320143284713,True,0.5532037771404525,True,never/readmission/2/2,0.0,True,0.2745335927679988,True,0.2938192757721064,True,-0.0192856830041076,0.02061489089822986,True,True,0.05751320063909532,0.016795199097650537,0.9557242393493652
1250,-0.06301411010186342,-0.12938018189123052,0.15546490709353122,0.008190106253540141,True,0.3161606027421341,0.012901386440651596,True,0.2552522239090591,0.010804777952454934,True,0.45384558053104457,0.016496850845916452,True,-0.09978731681552788,0.013670335462034283,True,-0.13768497778891048,0.02009831545643191,True,True,0.8169587713730657,never/2,0.0,True,1.5445123657175202,1.0336666354509898,0.8927651077086508,470,213,0.11100083866282355,0.007438275376729349,True,0.2412366417052879,0.011428305155635806,True,0.034981286674991986,0.0045037930672201364,True,0.06540265539303455,0.006392080871428041,True,0.14294572923283108,0.008631210550217264,True,0.2416520404210106,0.014889846607838582,True,0.10835169245405057,0.007558373599648334,True,0.20487541696906303,0.01384029128898364,True,-0.03194489057000753,0.011326275565706125,True,-0.00041539871572268683,0.018646830394404682,True,-0.0733704057790586,0.008796675013955613,True,-0.13947276157602848,0.015230914351403193,True,0,,1.037896682519845,0.0,0.8540178746621845,True,0.6933607029016775,True,0.7487025783131184,True,0.5534725426099264,True,never/readmission/2/2,0.0,True,0.2583720256769156,True,0.3025649370751435,True,-0.044192911398227896,0.021343686817214467,True,False,0.06091289665413288,0.01713538397162767,1.0078742504119873
1251,-0.07905683071063446,-0.12997008383483494,0.1459488774922725,0.008183635051903755,True,0.3167996643516072,0.011881962984510306,True,0.25152073609215064,0.010152763655731261,True,0.4490629499555308,0.016873315930240936,True,-0.10557185859987814,0.012357170557219181,True,-0.13226328560392359,0.021255045375414994,True,True,0.823258099786042,always/2,0.0,True,1.5481870922946595,0.8073148023366357,1.4479003085161655,463,236,0.12429762133726127,0.007716749786253689,True,0.23956477487615405,0.010983217002400384,True,0.032510311651685754,0.00438733001158683,True,0.0726400074582595,0.006741244998029363,True,0.13473446666545338,0.008677389125513864,True,0.241346931673819,0.013890389271349765,True,0.10806252729557005,0.007725830906167502,True,0.21319712345489228,0.013796154890298142,True,-0.010436845328192113,0.01152432013928644,True,-0.001782156797664941,0.017525228730581384,True,-0.07555221564388429,0.008884560104247605,True,-0.1405571159966328,0.015330767189034502,True,0,,1.394629312406714,0.0,0.843192067011053,True,0.6877952176655864,True,0.7572030060389765,True,0.5454559448712888,True,always/death/2/2,0.0,True,0.25721170501708923,True,0.30938627014397035,True,-0.05217456512688112,0.01975606914121948,True,False,0.06803933847015137,0.017646930140935185,1.0275940895080566
1252,-0.054100887361100025,-0.07921563437821505,0.15678940773323424,0.008320078580145397,True,0.32733806696198336,0.012618815744142003,True,0.24297375481739483,0.011013322801334833,True,0.43951113972848566,0.017789722677905958,True,-0.08618434708416059,0.01367108906529118,True,-0.11217307276650229,0.022365419706253692,True,True,0.8156178882782831,never/2,0.0,True,1.4056168658306372,1.1713988515347602,1.210069636359771,526,246,0.11773064453166494,0.007713444705006771,True,0.24956445231435734,0.011541492980612415,True,0.029138479768620325,0.004223096611856682,True,0.06925286667144494,0.006963229008295863,True,0.14889281251730735,0.008915815814886065,True,0.22959472046168955,0.013122042634197048,True,0.09039223383630064,0.006956690643678835,False,0.18194521947879713,0.012776942101823915,False,-0.031162167985642406,0.011727205595804688,True,0.019969731852667788,0.017357721100132676,True,-0.06125375406768031,0.008136875297496009,False,-0.1126923528073522,0.014543980832856495,True,3,never/death/1;never/death/2;diff/death/1,3.208388486266831,0.0,0.8531308756997147,True,0.6811826810141977,True,0.760714953646392,True,0.5884600600595133,False,never/readmission/2/2,0.0,True,0.2667065404641421,True,0.2703220324353651,False,-0.003615491971223017,0.019496257350045308,True,True,0.04072731197367557,0.017142088149784768,0.9264838695526123
1253,-0.06734438183626121,-0.08059421621581242,0.14693043677292067,0.008899740671992135,True,0.3275626836104376,0.013892593288578227,True,0.23882050601238738,0.011220248820195804,True,0.42816887961974476,0.017995609280864463,True,-0.09189006923946672,0.014385304942861438,True,-0.10060619600930715,0.023187548526523303,True,True,0.7803581239959968,never/2,0.0,True,1.2544633410625123,0.6220063354694041,1.6283326328751162,471,220,0.11645318305691357,0.007541389241142139,True,0.247059063769077,0.011659500774244066,True,0.028509670116333544,0.0042042361708989175,True,0.06272435086495108,0.006401021119649115,True,0.13909882232083579,0.008605576079442356,True,0.24721586654612565,0.014482316530712722,True,0.10980305762659759,0.00763432786708265,True,0.21541337318480505,0.013717885339220508,True,-0.022645639263922213,0.011356846816948606,True,-0.00015680277704865908,0.01848074271284342,True,-0.08129338751026405,0.008715497767948123,True,-0.15268902231985398,0.015129185025382217,True,0,,1.210377061757551,0.0,0.8550371468267529,True,0.6902165853659719,True,0.7510981200525666,True,0.5373707602690693,True,never/readmission/2/2,0.0,True,0.2624066131924019,True,0.3107315482032311,True,-0.04832493501082924,0.02162418608619033,True,False,0.06351568165710547,0.015347549423324891,0.9809205532073975
1254,-0.07291751020277001,-0.11914327548032283,0.14497393108816137,0.009252932797977243,True,0.30108881504719615,0.013011179446281763,True,0.24869981206559064,0.010537518236025532,True,0.43957712353624284,0.017122373854731726,True,-0.10372588097742927,0.013527098508609031,True,-0.1384883084890467,0.021571101779721102,True,True,0.8482911365831938,never/2,0.0,True,1.5557429824424696,1.2667609704227876,1.3082250723934723,464,221,0.11482171819815068,0.007498480780187645,True,0.25309515493573403,0.011599953680747042,True,0.02965261696331102,0.004005713394301463,True,0.06394998400246163,0.006481992909406228,True,0.13295942560296434,0.008281863483749858,True,0.23469639902412479,0.014092365665117502,True,0.12018436263863043,0.007785222402478383,True,0.22309646698195512,0.01472900551864018,True,-0.018137707404813658,0.01110407849802571,True,0.01839875591160925,0.01812198031051871,True,-0.09053174567531941,0.00874969176419059,True,-0.1591464829794935,0.016081223371334042,True,0,,1.4816199785364967,0.0,0.8555256648385383,True,0.6829548610618044,True,0.7468562117584052,True,0.5422071339939201,True,never/readmission/2/2,0.0,True,0.2694842704040209,True,0.29997715583717605,True,-0.030492885433155148,0.021185700470056867,True,True,0.06528075681305126,0.016389115468286863,0.9993371963500977
1255,-0.083225389015945,-0.14964818522273116,0.1444657663303852,0.008058783605228425,True,0.29928336588215826,0.013926625552147907,True,0.2532350381045098,0.010194809099591485,True,0.4556807564513241,0.015162896076736803,True,-0.10876927177412463,0.013040788985494375,True,-0.15639739056916585,0.02047864034716005,True,True,0.8764690022001138,always/2,0.0,True,1.3379090443987,0.9749259490121749,1.2949962246798377,461,203,0.12349167374017571,0.007554448326563098,True,0.25861234184518983,0.011346722535654653,True,0.031012521383299792,0.004133088132803156,True,0.06696648516539616,0.006269641527927107,True,0.14766146927617113,0.008951996569217555,True,0.24635078251316544,0.015113785359125671,True,0.133628631544161,0.00849400572059248,False,0.22454278776002,0.015337066312246095,True,-0.024169795535995423,0.011642594351627846,True,0.012261559332024385,0.018768563359236615,True,-0.1026161101608612,0.009441496756320807,False,-0.15757630259462385,0.016546687869493693,True,2,never/death/1;diff/death/1,2.462516771498241,0.0,0.8454958048765245,True,0.6744211729894141,True,0.7187098991796679,False,0.5291064297268145,True,never/death/2/2,0.0,True,0.2772054461852237,True,0.32282691716267436,True,-0.04562147097745067,0.02200387005877453,True,False,0.07647613464950892,0.01859310434003386,0.9836232662200928
1256,-0.0967934770453725,-0.13995557526066998,0.15450087385798567,0.007797818187648985,True,0.3262201465146953,0.013392317729111194,True,0.281305417988889,0.01112576578094996,False,0.4689500917214368,0.017793127097581265,True,-0.1268045441309033,0.014270863471182596,True,-0.14272994520674154,0.022817197439904142,True,True,0.8083826375954539,never/2,0.0,True,1.4082899070761339,0.7413110161651638,0.9175953564595152,482,225,0.11799311345520942,0.007468401641597444,True,0.24483782065061285,0.010994609525423185,True,0.036418368492521815,0.004566279460925463,True,0.07416686895394982,0.007013256643507625,True,0.14858835854499639,0.008874966008943103,True,0.25493584157040605,0.013895822366805661,True,0.10649171729384807,0.007567216022897544,True,0.1868514702845033,0.012785725771746309,True,-0.030595245089786963,0.011514898716100045,True,-0.0100980209197932,0.01755391894166924,True,-0.07007334880132626,0.008835534272919707,True,-0.11268460133055348,0.01457195021229057,True,0,,1.900596575336025,0.0,0.8455885180522688,True,0.6809953103954374,True,0.7449199241611555,True,0.5582126881450906,True,always/readmission/2/2,0.0,True,0.2637778925627396,True,0.30851167837126925,True,-0.04473378580852966,0.020311899878442743,True,False,0.0535758368008632,0.018940071912126738,0.9785366058349609
1257,-0.06834846368715083,-0.0959603371229451,0.15445986310067242,0.0075550410972119965,True,0.31563142884743733,0.012296859182444502,True,0.25498801558976886,0.01162079995920532,True,0.4516636102102266,0.016560469493328435,True,-0.10052815248909644,0.013172716387986196,True,-0.13603218136278927,0.02120474127138241,True,True,0.7757475469504628,never/2,0.0,True,2.000804239367009,1.56219048462916,1.2791381811994451,465,215,0.12735988563670275,0.007769063127547811,True,0.24717162050533706,0.011047039377046375,True,0.03757739386225212,0.004587296855052817,True,0.07159919776733208,0.006727163227532994,True,0.14770714199053747,0.008942921161802302,True,0.2508827676922363,0.01459566007870572,True,0.1161410904992292,0.008079911242953867,True,0.21306975534059364,0.014205723700844034,True,-0.02034725635383472,0.01177003611349614,True,-0.0037111471868992163,0.018131883871118724,True,-0.07856369663697708,0.009284638408267609,True,-0.14147055757326155,0.015704062520907044,True,0,,1.430557923240518,0.0,0.8350627205010451,True,0.6812291817273308,True,0.7361517675102334,True,0.5360474769671701,True,never/death/2/2,0.0,True,0.26604544171896327,True,0.31638976588161427,True,-0.050344324162651,0.020968534995570286,True,False,0.065506998189378,0.018873821213626213,0.9705619812011719
1258,-0.06153999326434623,-0.08935670853370664,0.16492251039356667,0.009147944093148879,True,0.327750249958814,0.013484814392723735,True,0.2636507449583276,0.011190432149469609,True,0.4476066247206472,0.017248370739869977,True,-0.0987282345647609,0.015124104102837538,True,-0.1198563747618332,0.022089073906146475,True,True,0.8301494783591328,always/2,0.0,True,1.6977399579586034,1.2285998263868516,1.3000427410413125,448,222,0.10626831406421645,0.007275421266542757,True,0.23070826228092198,0.010851898989973918,True,0.02641009809517342,0.003918687903179768,True,0.06499191603524794,0.006435628063347746,True,0.14774933713231472,0.008759592487492321,True,0.251324259540337,0.014188149382612123,True,0.11128454498360728,0.0076074563781085534,True,0.19007180559306153,0.012693965657769028,True,-0.04148102306809827,0.011324335747502558,True,-0.020615997259415014,0.017708399395663075,True,-0.08487444688843386,0.00855676830091785,True,-0.12507988955781357,0.014218168206686825,True,0,,1.7116102943824436,0.0,0.8673215878406101,False,0.7042998216838301,True,0.7409661178840781,True,0.5586039348666014,True,always/death/1/1,0.0,True,0.24760702220572317,True,0.3037024646136615,True,-0.056095442407938345,0.021099660637654158,True,False,0.052378205073324524,0.016898759924801193,1.0079472064971924
1259,-0.09957336225850003,-0.16737371744277818,0.13263914545437633,0.009191839509023282,True,0.2941189782633159,0.013810257760176494,True,0.2592054721553598,0.010050030847181481,True,0.4745990824770782,0.01625045876580344,True,-0.12656632670098344,0.013547645656955102,True,-0.18048010421376232,0.021879900981444208,True,True,0.8467166562502303,never/2,0.0,True,1.6278156302696165,0.8829826936097096,1.3179191856226224,514,207,0.10908955354272862,0.0073846653118330215,True,0.2335619759469128,0.010918072825061732,True,0.029660169664412508,0.00426964573484201,True,0.0771742108176911,0.007271798650184726,True,0.1450224227599726,0.008818758435131297,True,0.24401846650008627,0.01397640882647245,True,0.11758864156378618,0.007972869904805306,True,0.20632718036818443,0.013620511772773906,True,-0.03593286921724398,0.011431681355998587,True,-0.010456490553173464,0.017575245187831344,True,-0.08792847189937367,0.009043833272607221,True,-0.12915296955049332,0.01543085965964028,True,0,,1.3042495564204057,0.0,0.8612502767928589,True,0.6892638132353961,True,0.7373889356762412,True,0.5496543531317293,True,never/death/2/2,0.0,True,0.251251207499226,True,0.2978975141159222,True,-0.046646306616696165,0.021222091257561294,True,False,0.05387904761583592,0.017689231552313223,1.01206374168396
1260,-0.09306161798449797,-0.1270363699744364,0.13879973828057576,0.008503052907539417,True,0.3360137150665099,0.013013861514851309,True,0.2625201271096503,0.010384552842749434,True,0.46234041190140396,0.017730200451107327,True,-0.12372038882907452,0.012227469926654898,True,-0.12632669683489406,0.02123586888088452,True,True,0.819348683861607,never/2,0.0,True,1.5117773990196033,1.4265264089541851,1.1720600437578188,451,230,0.11746288383724421,0.007642519403979967,True,0.25466773226906847,0.012043656353781162,True,0.02980825075829625,0.004312722007316947,True,0.06646627689699366,0.006639081435149868,True,0.14354903938478072,0.008687937494926926,True,0.24034946728317658,0.013174502159154089,True,0.12065294444465459,0.007907700198517739,True,0.21962126641897572,0.013161911284915078,True,-0.026086155547536516,0.01150063192917403,True,0.014318264985891893,0.0177263884742345,True,-0.09084469368635834,0.009007166586534568,True,-0.15315498952198206,0.014731235204716435,True,0,,1.0156016987666072,0.0,0.8527288654044596,True,0.6788659908339378,True,0.7357980161705646,True,0.5400292662978476,True,never/death/2/2,0.0,True,0.2702516597190944,True,0.30042871681342515,True,-0.030177057094330773,0.01999538881460128,True,True,0.06007924953024857,0.015583927450025903,0.980907678604126
1261,-0.09219554030874785,-0.14033800134883168,0.14734232316531426,0.00878369962280618,True,0.31773778234233196,0.013100126466623964,True,0.26406093932783625,0.010825163341747912,True,0.47745874761381846,0.017563585164304188,True,-0.116718616162522,0.013729557774301135,True,-0.1597209652714865,0.02151791077998075,True,True,0.8183880402474865,never/2,0.0,True,1.3543047009760132,0.7611865881159563,1.2841365934170381,477,201,0.11605110187959498,0.007408452519483511,True,0.2215503393862373,0.010708503661409297,False,0.029207848989366916,0.004148973424049049,True,0.0696776099059221,0.006618241055023497,True,0.13579755884254538,0.008704918085902047,True,0.21920962544857098,0.014059217252639058,True,0.14354678306956373,0.008753609177141903,False,0.24267227256543594,0.014245915181341986,False,-0.019746456962950396,0.011336675358242095,True,0.0023407139376663277,0.01754682042933994,True,-0.11433893408019681,0.009686398985680291,False,-0.17299466265951385,0.015684253240043283,False,5,always/readmission/2;never/death/1;never/death/2;diff/death/1;diff/death/2,3.5225222471756994,0.0,0.8547410491310381,True,0.7087720507078406,False,0.7206556580878909,True,0.5381181019859931,True,never/death/2/2,0.0,True,0.23695870662901797,False,0.2935956400850736,True,-0.05663693345605564,0.02087474885301309,True,False,0.07438601463650263,0.015408367242780663,1.001758098602295
1262,-0.09929436718694598,-0.1524392719209713,0.1451669874990185,0.008505391064569698,True,0.2973202416283843,0.012289546082882689,True,0.2799636100800809,0.01078891309240075,False,0.4604039578198966,0.017408465756362936,True,-0.13479662258106243,0.013630486585994231,True,-0.16308371619151235,0.021038750689545978,True,True,0.8447757651501704,always/2,0.0,True,1.5955334974065365,1.199428108383716,1.2178870353913622,440,222,0.12196362820222278,0.007841364487515755,True,0.24108865053247958,0.011351607669992495,True,0.024498253501815392,0.003499941421476607,True,0.05346931963327435,0.005544952962111209,False,0.1582890915894585,0.009035628258838253,True,0.2545065316904354,0.014058719062245198,True,0.10800685776918692,0.007563457325959868,True,0.2041852303246718,0.013208890556508295,True,-0.03632546338723572,0.011889330016138013,True,-0.013417881157955835,0.01793030859093765,True,-0.08350860426737153,0.008330382297612213,True,-0.15071591069139745,0.01431113103825462,True,1,always/death/2,3.0663344635933543,0.0,0.8535381182959618,True,0.7054420298342461,True,0.7337040506413546,True,0.5413082379848928,True,never/death/2/2,0.0,True,0.2564746058213249,True,0.312119608839008,True,-0.0556450030176831,0.02075526741321866,True,False,0.05761307714857261,0.015385955288845343,0.9648258686065674
1263,-0.0901044409172011,-0.14453936735165085,0.1464752094893364,0.008741778828646449,True,0.3041766585555399,0.013541788532709346,True,0.2661075477423846,0.010803656106042234,True,0.46385862154804164,0.01811352609158236,True,-0.1196323382530482,0.013944271093469176,True,-0.15968196299250176,0.02256945311315216,True,True,0.8095527014284579,never/2,0.0,True,1.4169757958045583,1.214298878522576,1.128174659021112,445,212,0.1232099621345246,0.007587128178527678,True,0.2575230983638439,0.011242222274398922,True,0.03007497969609887,0.004140593295527314,True,0.07571530894515885,0.006953189365180392,True,0.13374814708458413,0.008594767465187659,True,0.23662685065353872,0.014250261277291381,True,0.1148497661127368,0.007891647530473628,True,0.1973847992592922,0.013333925413514428,True,-0.010538184950059523,0.011398180190411404,True,0.020896247710305182,0.01802304438166688,True,-0.08477478641663792,0.008910644286254144,True,-0.12166949031413335,0.015033090471819518,True,0,,1.4011723611261873,0.0,0.8467150581693765,True,0.6667615926909972,True,0.7514020868026791,True,0.5659883500871691,True,always/death/2/2,0.0,True,0.27729173775706795,True,0.2895226301536349,True,-0.01223089239656694,0.02081483764782937,True,True,0.05289577950009616,0.01976863939322404,1.0131044387817383
1264,-0.06492400365374962,-0.10175652225967274,0.1532529705649908,0.008994219645181638,True,0.32445145661422986,0.01312712113414445,True,0.24835264157560533,0.010146653075100018,True,0.452909889462384,0.016256952159898433,True,-0.09509967101061453,0.014710843841338443,True,-0.1284584328481541,0.0213151906239685,True,True,0.8430400305846855,never/2,0.0,True,1.8645366762662507,0.9572838526442519,1.3631801398889334,450,224,0.11145965884786667,0.007323786468732363,True,0.2505289143372616,0.011681608480791762,True,0.035840903395379514,0.004564073315159382,True,0.06966772634536264,0.007037512636478058,True,0.13244252065596082,0.008445255071479073,True,0.25155747529913386,0.014832090460758913,True,0.11524569429069649,0.007711118163981492,True,0.20321811227325207,0.013381661512843432,True,-0.020982861808094153,0.011103321089779081,True,-0.0010285609618722602,0.018745128795090864,True,-0.07940479089531698,0.008960020951693376,True,-0.13355038592788943,0.01510932204970845,True,0,,1.5141614120365012,0.0,0.8526994377567538,True,0.6798033593173758,True,0.7523117850533427,True,0.5452244124276141,True,never/death/2/2,0.0,True,0.26887754488353954,True,0.3107266330798267,True,-0.04184908819628713,0.021829957997776837,True,False,0.059169157780692816,0.018348630546277944,1.0050475597381592
1265,-0.07281821875453673,-0.09301794660409662,0.14727574451069111,0.008683005560065122,True,0.31261424322307513,0.012918916376342316,True,0.24767736005550842,0.009516663661983808,True,0.42402746319666434,0.016536691153134022,True,-0.1004016155448173,0.013467619075449846,True,-0.11141321997358922,0.019963525527449257,True,True,0.7949008167213544,never/2,0.0,True,1.6342326285983868,1.1712162467379574,1.3165047666136254,474,226,0.13487538574351793,0.00783876705538085,False,0.25903072366916774,0.011063415536799912,True,0.02929453767651635,0.003927688294263809,True,0.07411865361831341,0.006832221309863277,True,0.1362089347449591,0.00870149948475158,True,0.23947826038612322,0.014447178089627585,True,0.10796912633284243,0.007738464844259276,True,0.21441251537405798,0.01431703227272962,True,-0.00133354900144117,0.011624929476377771,False,0.019552463283044524,0.01803583546100175,True,-0.07867458865632608,0.008676252607753229,True,-0.14029386175574457,0.015850201731221262,True,2,always/readmission/1;diff/readmission/1,2.1656433314039587,0.0,0.8358300765799658,True,0.6668506227125188,True,0.7558219389221985,True,0.5461092242398188,True,always/death/1/1,0.0,True,0.2778678576915824,True,0.3002443824108207,True,-0.02237652471923829,0.021382412024111997,True,True,0.06076612202469747,0.01883713402241466,0.9663410186767578
1266,-0.048211772909501655,-0.08965194245281266,0.16414304944096134,0.00807915370902837,True,0.3289482752853906,0.012199977522068237,True,0.24408969217878979,0.010422450046684757,True,0.4513556106239737,0.01811989063963576,True,-0.07994664273782845,0.01325320439750141,False,-0.12240733533858311,0.022047448427427476,True,True,0.8464475440415817,never/2,0.0,True,1.5789143887692896,1.398457863230228,1.1865537096310577,452,214,0.112173930390642,0.007533892130937313,True,0.23308901776980492,0.01098170662501586,True,0.026636131393285332,0.003996266353135102,True,0.06881037171451183,0.006856676019838532,True,0.14796382534028765,0.008926825426598393,True,0.25220515003876603,0.014494333201736214,True,0.1214348040532582,0.008020062828451703,True,0.23105037522425803,0.014684540869828337,True,-0.035789894949645656,0.011605381675184708,True,-0.01911613226896111,0.01800549552205362,True,-0.09479867265997287,0.008959509748370521,True,-0.1622400035097462,0.016196928121605333,True,0,,1.4623202639358346,0.0,0.8611899382160727,True,0.6981006105156833,True,0.7306013706064541,True,0.5167444747369759,True,never/readmission/2/2,0.0,True,0.24918891417041522,True,0.3244664586890051,True,-0.07527754451858987,0.02077911451761397,True,False,0.07226130865023905,0.016099896400610297,0.9751362800598145
1267,-0.0957912432223477,-0.1352539956941209,0.13880825705823865,0.008269556356680134,True,0.3118622839615981,0.01239893403371629,True,0.2690662162879911,0.011162264050350128,True,0.46826483294928223,0.016020217625536935,True,-0.13025795922975245,0.013412449724654604,True,-0.15640254898768413,0.019600421197058345,True,True,0.7789280490250067,never/2,0.0,True,2.1670503975891067,1.539059370969096,1.4976579192954382,467,242,0.11310456734398738,0.007319514217901066,True,0.2390964942268387,0.011164809896885146,True,0.03988667909305211,0.005133560693366978,True,0.07273629567616548,0.007131903061408969,True,0.1450786153518834,0.009058593129812638,True,0.26765096449571135,0.015757542939641496,True,0.11279806355257717,0.007984266127238016,True,0.2043198364437054,0.014751621782377934,True,-0.03197404800789602,0.011595285592914128,True,-0.028554470268872645,0.019174413492596496,True,-0.07291138445952505,0.009493916689446168,True,-0.13158354076753992,0.016385414508902105,True,0,,1.7281726316229424,0.0,0.8470087535629605,True,0.6881672100969958,True,0.7421233210955394,True,0.5280291990605832,True,never/death/2/2,0.0,True,0.256098915043819,True,0.33007143863715876,True,-0.07397252359333978,0.022285778621426694,True,False,0.06242047414144741,0.01700242081698028,1.0103509426116943
1268,-0.07720892671734197,-0.10985744713564422,0.1529516670538951,0.008396026283964209,True,0.3148565315379194,0.014191326784241873,True,0.25802296053625884,0.01112668911520389,True,0.4467747664133473,0.01878452087883804,True,-0.10507129348236374,0.01426013307802961,True,-0.13191823487542786,0.02241159568732554,True,True,0.7540921345290693,never/2,0.0,True,1.456192596977496,1.198678076417063,1.5932529818400085,478,229,0.11683188012700932,0.007635959565631069,True,0.2401653655093166,0.011950128201944401,True,0.026870699899240548,0.004077658429350689,True,0.05220689342650946,0.005784084011167867,False,0.1427336146825164,0.0084676242263384,True,0.25500126462100453,0.014089865849469441,True,0.12293229524086459,0.00787404804649353,True,0.23493162417703548,0.01410625023502657,True,-0.025901734555507094,0.011313265263491567,True,-0.014835899111687922,0.01835129614646718,True,-0.09606159534162403,0.008867087883341661,True,-0.18272473075052603,0.015235930042012732,False,2,always/death/2;diff/death/2,3.157821798269945,0.0,0.8562974199737501,True,0.7076277410641739,True,0.734334090076619,True,0.51006711120196,False,always/death/2/2,0.0,True,0.25196031486106363,True,0.3282962850298021,True,-0.0763359701687385,0.021053133010669838,True,False,0.0732950204087976,0.01179494935174702,0.983762264251709
1269,-0.0912377208692888,-0.12034909850182979,0.14374290858415648,0.008110225405423692,True,0.3122684270409105,0.012061572635903916,True,0.26506405855178256,0.010328862603770457,True,0.4426922849052111,0.016208708666379256,True,-0.12132114996762608,0.013424266230770598,True,-0.1304238578643006,0.020574457858816952,True,True,0.8211724141120796,always/2,0.0,True,1.7496367724275073,1.1608650735336226,1.2585964745527212,438,225,0.12321178967094217,0.007742750069961049,True,0.2502620232159143,0.011329726670344986,True,0.03823035558632686,0.004728485113844864,True,0.08123441819071243,0.007287966303017445,True,0.139750109667104,0.008582693611374197,True,0.24348472184463205,0.013563592010558671,True,0.10620542059929503,0.007397332994812021,True,0.2184209659778433,0.013566780736922697,True,-0.01653831999616183,0.011474575855895848,True,0.0067773013712822405,0.017520630005308464,True,-0.06797506501296816,0.008778539612125335,True,-0.13718654778713085,0.015392434724729058,True,0,,1.5631227508592047,0.0,0.838557854742731,True,0.6685035585933733,True,0.754044469733601,True,0.5380943121775247,True,never/readmission/2/2,0.0,True,0.27091014168296546,True,0.3079258624359526,True,-0.03701572075298715,0.02016241119576527,True,True,0.06444114059132056,0.02064811846705117,0.8974361419677734
1270,-0.05847131326610608,-0.10883329347870585,0.16139208656703222,0.008689990818151357,True,0.33010837520117287,0.012522114487038176,True,0.24596956287306546,0.010177735037733468,True,0.4678057833601537,0.016043253436276855,True,-0.08457747630603324,0.013981571594647534,True,-0.13769740815898085,0.02176481838042333,True,True,0.8052018554826942,never/2,0.0,True,1.6655226136645296,1.3326850355813413,1.483296849852816,484,237,0.10703203709535523,0.007192898423539589,True,0.24434765125289043,0.011493362251228843,True,0.02780906018883936,0.004170618766235773,True,0.07358343222124616,0.007583846452570088,True,0.16578402731994682,0.009286069849797348,False,0.28285631285431223,0.01464026647472744,False,0.10552347468939616,0.007625908919965434,True,0.19817220179208409,0.013507139018988371,True,-0.058751990224591585,0.011650959899988761,False,-0.0385086616014218,0.01845850905157914,False,-0.0777144145005568,0.008691944377290506,True,-0.12458876957083792,0.015489521675782625,True,4,never/readmission/1;never/readmission/2;diff/readmission/1;diff/readmission/2,2.767410625507576,0.0,0.8651589027158054,True,0.6820689165258634,True,0.728692497990657,True,0.5189714853536037,True,never/readmission/2/2,0.0,True,0.2619941255310671,True,0.3496888543726563,False,-0.08769472884158919,0.02041034680454551,False,False,0.06683254151834406,0.01764647427817667,1.0138421058654785
1271,-0.09902201952854087,-0.14191583610188258,0.1348650305415129,0.007742825481990523,True,0.31449659646344513,0.012386383378180597,True,0.270873448080677,0.011036680821071359,True,0.46815968664323726,0.01665869945549016,True,-0.1360084175391641,0.012823225024337229,False,-0.15366309017979213,0.020823179398908032,True,True,0.8013091910180298,never/2,0.0,True,1.9279440986207887,1.1952929947001467,1.512787115083583,457,229,0.12171948277912324,0.007804168402001262,True,0.253810397692748,0.011796069779359668,True,0.03314603070317959,0.004683021299670579,True,0.07226060127767661,0.007029614637142322,True,0.13862923465212595,0.008488751926732154,True,0.226674962341687,0.013466776360349665,True,0.12005936135661803,0.00783126830407639,True,0.19974380738009212,0.012715127976617382,True,-0.016909751873002712,0.011444879190545678,True,0.027135435351061,0.017767719691741218,True,-0.08691333065343844,0.009126878170247552,True,-0.1274832061024155,0.014509595019568377,True,0,,1.3949699669441409,0.0,0.8451344865176972,True,0.6739290010295754,True,0.7413114039912561,True,0.5735812302782208,True,always/death/1/1,0.0,True,0.2717754263409295,True,0.28194142900736013,True,-0.01016600266643064,0.02062876433090624,True,True,0.05526646666567314,0.017965028648181502,0.9465513229370117
1272,-0.07600873092904778,-0.126716080418383,0.15486489878402815,0.008633071988424177,True,0.3115604814611068,0.012516427690185298,True,0.25873172727572225,0.010662799367491028,True,0.44603355764500213,0.01643942426237659,True,-0.1038668284916941,0.014075291242235955,True,-0.1344730761838953,0.02153597843289323,True,True,0.815753947561699,never/2,0.0,True,1.2509433993601486,0.8724906283422268,1.1409297235824492,482,227,0.10716462995893528,0.00729985274722351,True,0.2231512391608315,0.010834017256029897,False,0.035896141695574244,0.004750957611370167,True,0.07216707772229222,0.0067180386771931696,True,0.14322756425004088,0.008762101755011784,True,0.24236123078245234,0.013752780494974678,True,0.10507379303567853,0.007486665190437935,True,0.20355296633626938,0.013446652849955205,True,-0.0360629342911056,0.011325431002500417,True,-0.019209991621620848,0.01735694141652483,True,-0.06917765134010428,0.00886706206015559,True,-0.13138588861397715,0.015023982980068068,True,1,always/readmission/2,2.1730407366727515,0.0,0.8569392283454904,True,0.7046816831168763,True,0.7516986427142807,True,0.5540858028812783,True,always/death/2/2,0.0,True,0.24086800726089103,False,0.2965866399930758,True,-0.05571863273218475,0.019845179616972713,True,False,0.05422540921062344,0.017716768100059538,0.9592418670654297
1273,-0.07634281200631912,-0.09271062271062264,0.142966373687818,0.007755260485045777,True,0.32229500376877945,0.01316403009338926,True,0.24848041121136857,0.011288864934453314,True,0.4432079071175783,0.017654120478866556,True,-0.10551403752355057,0.014058621827292924,True,-0.12091290334879884,0.022099735167782512,True,True,0.8178009501679533,never/2,0.0,True,1.9831871930684046,1.2012078508453423,1.3315903508638116,475,219,0.11328820480121295,0.007453257352064972,True,0.2436141476662244,0.011520158598652339,True,0.029645895717772555,0.004234114017673871,True,0.06978480161401626,0.0067240365376146655,True,0.13432867324495154,0.008533002714501303,True,0.221277741743808,0.014592407149039716,True,0.11140870159217715,0.0077360622906545475,True,0.1929863690588149,0.01409682801541149,True,-0.021040468443738594,0.011233267193273853,True,0.022336405922416425,0.01843418357741509,True,-0.0817628058744046,0.008817189221133635,True,-0.12320156744479863,0.01560969994144713,True,0,,1.5807027600453116,0.0,0.8570658994810145,True,0.6866010507197593,True,0.7542626251628712,True,0.5857358891973772,False,never/death/2/2,0.0,True,0.2622936588150638,True,0.267613313033611,True,-0.005319654218547243,0.022544131295544695,True,True,0.046335571289803035,0.018679511148839367,0.9587392807006836
1274,-0.06537512398435943,-0.11728883477719815,0.14287447229389114,0.00798699842484213,True,0.2920351065194777,0.01265759043962681,False,0.2456414270952059,0.010616020399782126,True,0.44315974549994397,0.017517977507485134,True,-0.10276695480131476,0.012707552599711505,True,-0.15112463898046624,0.01967841392644378,True,True,0.8077238088765627,always/2,0.0,True,1.991868538087346,1.4659948858559584,1.585878800865716,485,230,0.11143632274553596,0.007267766180676315,True,0.24192935125317905,0.011431965745382718,True,0.030822634063833197,0.004404996730392241,True,0.0786917298321042,0.007494685015009996,True,0.1464133317198637,0.008904635063437298,True,0.2540646311106825,0.01435003271576124,True,0.10871002525125172,0.0077561409148742145,True,0.22659026014282477,0.014521349749406222,True,-0.03497700897432775,0.01144456359058559,True,-0.012135279857503456,0.01821980662666175,True,-0.07788739118741853,0.008921273658757367,True,-0.14789853031072056,0.01633365207181891,True,0,,1.0967411993488878,0.0,0.8577410431906308,True,0.6793789189147168,True,0.7448766430288846,True,0.5193451087464928,True,always/death/2/2,0.0,True,0.2598049841175931,True,0.32051238292493917,True,-0.06070739880734605,0.021335363635478083,True,False,0.06644775181425666,0.01787563286441407,1.0566997528076172
1275,-0.08899204999734525,-0.11731451190883385,0.14220928500042707,0.008741925199539698,True,0.30869677659923755,0.012404751463224931,True,0.25505604190129105,0.011272549063313694,True,0.4401707276469434,0.01795651241665815,True,-0.11284675690086399,0.013499118048654349,True,-0.13147395104770587,0.021049170478130676,True,True,0.7458965681632453,never/2,0.0,True,1.5775307286286366,1.3883316121061497,1.113883600722557,470,223,0.10524743528371906,0.0071028462137399904,True,0.23070206765217594,0.010826896880019742,True,0.031091156775387787,0.004208740088593964,True,0.0617760455270086,0.006130531617724861,True,0.15048701872970022,0.008851904775775596,True,0.25898014111524376,0.014900744074275331,True,0.10410775962490396,0.007381025833241609,True,0.2075171079065486,0.013804516045293579,True,-0.045239583445981155,0.011266449570074388,True,-0.02827807346306782,0.018241539328025278,True,-0.07301660284951617,0.008497279839578757,True,-0.14574106237954,0.015093479738716631,True,0,,1.8969247412702253,0.0,0.8636614079408932,True,0.7075218868208155,False,0.7454052216453958,True,0.5335027509782077,True,never/readmission/2/2,0.0,True,0.2481344566869532,True,0.3221626053047672,True,-0.07402814861781401,0.021578754050149793,True,False,0.06318246418952345,0.017432389034777257,0.930333137512207
1276,-0.08957412264589598,-0.144116752812405,0.13633446502555827,0.007483715851240704,True,0.29665531201003914,0.01269343279628215,True,0.254550473319803,0.011046017216702371,True,0.45325502023286707,0.01701082794607669,True,-0.11821600829424475,0.013296286644560094,True,-0.15659970822282793,0.019626665849524456,True,True,0.8638396305003992,never/2,0.0,True,2.0115792094675347,0.9901128713329802,1.114092080531113,490,246,0.10986180305254213,0.0074286504922312,True,0.23988202376677362,0.011242222854872285,True,0.030859034964477828,0.004403786331895337,True,0.07207184124869105,0.007270839241983483,True,0.1410505639085304,0.008525269248928304,True,0.1988557493683101,0.01191159435526051,False,0.11588241659997985,0.007831251460847267,True,0.22070467887667036,0.013400257524417815,True,-0.031188760855988276,0.011258569276699033,True,0.041026274398463514,0.01627044665956457,False,-0.08502338163550202,0.00898630032754466,True,-0.1486328376279793,0.015233938882718099,True,2,never/readmission/2;diff/readmission/2,3.818821332813517,0.0,0.85927916198298,True,0.6880461349845353,True,0.7430670194914897,True,0.5804395717550195,False,never/readmission/2/2,0.0,True,0.257581714995932,True,0.24424954987353406,False,0.01333216512239796,0.018523287345238774,False,True,0.04539380050522396,0.017699691229158404,1.0039665699005127
1277,-0.08969531205271405,-0.13504017268257584,0.14083786551182975,0.009140720998588082,True,0.3391617443107407,0.014980750206665477,True,0.25696906437019024,0.011589741128994833,True,0.4768021766135811,0.016503120218254147,True,-0.11613119885836048,0.014867897578225145,True,-0.1376404323028404,0.021254894912376542,True,True,0.8174757375849566,always/2,0.0,True,1.7409006399712341,0.5904592525699062,1.5203758718331217,418,246,0.12270640490901943,0.007546026510960806,True,0.2495027491495852,0.011132358213462371,True,0.0374260889521858,0.004755358529105901,True,0.07934895607392202,0.007865204997497396,True,0.14060336754717445,0.008648121576946366,True,0.22536743202224702,0.013608721646364695,True,0.12444779004556966,0.00803412952645861,True,0.231118646136989,0.014171337328237605,True,-0.017896962638155017,0.01136662440822968,True,0.024135317127338185,0.017424233942502726,True,-0.08702170109338386,0.009339886621250263,True,-0.15176969006306695,0.016209856507469245,True,0,,1.4607419518095213,0.0,0.8398675061387948,True,0.6711482947764928,True,0.7349488424072559,True,0.543513921840764,True,always/death/2/2,0.0,True,0.2682232852364207,True,0.28940238743117,True,-0.021179102194749333,0.02034746831814256,True,True,0.06403495540892301,0.018720536086835493,1.009768009185791
1278,-0.0727619623620297,-0.1207062682306298,0.16009310595733076,0.008893395947824416,True,0.3209402504764175,0.012960711695473167,True,0.26490731143941965,0.010573439366636378,True,0.45035349212136133,0.01568003291635024,True,-0.10481420548208889,0.014068198497638084,True,-0.12941324164494383,0.02012418072999293,True,True,0.8583941930501329,always/2,0.0,True,1.6808645475786124,1.1997480586534912,1.3265554681079899,491,209,0.12827659250127113,0.007913854475033764,True,0.2543985834697517,0.011635520956294554,True,0.029569481147617673,0.0041030145378940135,True,0.06601522311917851,0.006391718348419383,True,0.15042737570516385,0.008882058459055972,True,0.26876243866809457,0.014577907199974632,True,0.1174146441868388,0.007910280550499173,True,0.21855543231865637,0.01381908723362334,True,-0.022150783203892715,0.01179909095872564,True,-0.014363855198342879,0.018489191054050377,True,-0.08784516303922113,0.008907894674256818,True,-0.15254020919947786,0.015213960939126208,True,0,,1.6750304644645466,0.0,0.8421539263511112,True,0.6795861934110698,True,0.7321579801079974,True,0.512682129013249,True,never/death/2/2,0.0,True,0.2709809073392713,True,0.34153177433772947,True,-0.07055086699845814,0.022267329387000108,True,False,0.0727693356696349,0.016582323869519633,0.986015796661377
1279,-0.07628296109135527,-0.13939971519333988,0.15783759206910095,0.008048706103709422,True,0.30484371894525175,0.012188159846091397,True,0.2677679420090456,0.010375378331778266,True,0.47479543820921055,0.016200613213673904,True,-0.10993034993994463,0.013931262289068692,True,-0.1699517192639588,0.020380850474892454,True,True,0.8009680930110028,never/2,0.0,True,1.9013115187659257,1.4739998454466372,1.5244410252199254,458,196,0.1288674081531488,0.0077904527703719665,True,0.25451886466065293,0.011333995855348734,True,0.032851776168875045,0.004622932007722132,True,0.06776021900916412,0.0066947139110399186,True,0.14176192091065654,0.00870480867294118,True,0.26553195909702937,0.014438224575690555,True,0.11446424372141228,0.007718339763411319,True,0.2050254841713094,0.013389494397539089,True,-0.012894512757507748,0.011567479251748572,True,-0.011013094436376436,0.018157063738118855,True,-0.08161246755253723,0.008999494890381585,True,-0.13726526516214527,0.014966233734345432,True,0,,1.4674906174200424,0.0,0.8382808156779762,True,0.6777209163301829,True,0.7437738353679312,True,0.5294425567316612,True,never/death/2/2,0.0,True,0.2704364636311218,True,0.3317386259456076,True,-0.06130216231448582,0.02079662350451113,True,False,0.06620666684857823,0.01591759897046885,0.9740209579467773
1280,-0.062277622675663113,-0.1007625960261927,0.16161933096322376,0.009510868982390425,True,0.32439335509551603,0.01394936155344152,True,0.25669287495785387,0.011550579730232128,True,0.46531501997753993,0.01816814281472211,True,-0.09507354399463011,0.015427362156960122,True,-0.1409216648820239,0.022728255099625762,True,True,0.8329412347072708,never/2,0.0,True,1.7815991481465363,1.383502500212787,1.5895066256222783,496,244,0.11905188088858033,0.007698830537268611,True,0.25885366976395974,0.011547104727329633,True,0.024168771204290094,0.0037021207655688307,True,0.05873804201217267,0.005902000180836426,False,0.1392545915224602,0.008563817892228091,True,0.2223312527077241,0.013473169394021423,True,0.1121620806336592,0.007665627409618516,True,0.217714322096479,0.014246139532354669,True,-0.020202710633879864,0.01145880731351675,True,0.03652241705623563,0.017647853287736773,True,-0.08799330942936912,0.008511128490099955,True,-0.15897628008430634,0.015397166396224647,True,1,always/death/2,1.9881324344799345,0.0,0.8567793479071295,True,0.6824082882238676,True,0.7485833278438806,True,0.5599544251957969,True,always/death/2/2,0.0,True,0.2766606687268065,True,0.27611939677178315,True,0.000541271955023348,0.02080114237109229,False,True,0.053788144064059046,0.017806998962846765,1.0174691677093506
1281,-0.08100209176392392,-0.11042422671505103,0.1432341389631619,0.007940793048602278,True,0.31428276942185884,0.012700117577699333,True,0.2507443760008837,0.00968691117091384,True,0.4422737018896713,0.017212799944475686,True,-0.10751023703772178,0.01213883965997057,True,-0.12799093246781246,0.020499647296514597,True,True,0.8080423345410922,never/2,0.0,True,1.3981155089677837,1.221122677153891,1.2221778821960094,468,225,0.128966530212048,0.007987368656557437,True,0.2517918142749443,0.01153411496906915,True,0.035829083898572964,0.004438657395576912,True,0.0711800534505804,0.007003296660221441,True,0.14817927395599179,0.00915260495920613,True,0.2315794821494479,0.01397717892589406,True,0.11479619522940135,0.0079531728564336,True,0.20647908474851295,0.013689872632443255,True,-0.0192127437439438,0.01209605119747727,True,0.02021233212549639,0.01800877293822094,True,-0.07896711133082839,0.00910718815522665,True,-0.13529903129793255,0.015372905070282859,True,0,,1.282716580714809,0.0,0.8352043858893791,True,0.6770281322744753,True,0.7370245308146068,True,0.5619414331020391,True,never/death/2/2,0.0,True,0.26934450411095956,True,0.28021857060815214,True,-0.01087406649719258,0.021420285017680157,True,True,0.04863908845870424,0.017552689836015267,0.9924964904785156
1282,-0.07129626095410446,-0.12672054646387765,0.1648045757171456,0.008514586669544322,True,0.31874418038857844,0.01162449044974728,True,0.2632537141693331,0.010903849317158664,True,0.45899176350021686,0.017998756432585018,True,-0.09844913845218747,0.013379663800959478,True,-0.14024758311163843,0.021430660927397305,True,True,0.77463994592209,never/2,0.0,True,2.114473289571667,0.9086076239000129,1.0281555860455558,475,226,0.12674352913719683,0.007828288487055468,True,0.26127579593546046,0.011775050682809988,True,0.02457318479776238,0.0038522985732967157,True,0.0656174945234109,0.006609158301133854,True,0.1365670450317934,0.008468270551158372,True,0.24679703100678926,0.014134924801271905,True,0.1187251577702063,0.007834667245653602,True,0.2127128186895671,0.013572067372284903,True,-0.009823515894596568,0.011476402468078434,True,0.0144787649286712,0.018263770729552306,True,-0.09415197297244392,0.0087303588124002,True,-0.1470953241661562,0.015085633129793255,True,0,,1.6722003966387406,0.0,0.8486832860650408,True,0.6731067095411286,True,0.7447077971980003,True,0.5404901503036437,True,always/death/2/2,0.0,True,0.2777872606084029,True,0.31166829311077,True,-0.03388103250236707,0.020960126760556013,True,True,0.06487126210398073,0.016511464672942455,0.9592454433441162
1283,-0.08034758686773846,-0.13630332653851496,0.15136900645638898,0.0089698769232995,True,0.33015899124424014,0.01287966720535331,True,0.25513076228579545,0.010883437772643735,True,0.4673823418669345,0.016607639461895973,True,-0.10376175582940647,0.013835942129169524,True,-0.13722335062269436,0.019612995435038458,True,True,0.851819555287866,never/2,0.0,True,1.523513273795409,1.1531947338321058,1.3498678769184012,493,224,0.12454780780289733,0.00766854405105149,True,0.25737772542220555,0.011360415402402527,True,0.029812626616788494,0.0042876461970561665,True,0.06796704859191716,0.006684232633069902,True,0.1493823789301585,0.00907361339656429,True,0.2530361090406035,0.01432328147475583,True,0.1244858413996918,0.008140110913337006,True,0.19524175679074204,0.01328366112063843,True,-0.02483457112726116,0.011797571587142668,True,0.004341616381602076,0.018153815153146666,True,-0.0946732147829033,0.009200459526265735,True,-0.1272747081988249,0.014863940343623356,True,0,,1.4463981541579694,0.0,0.8456395655803142,True,0.6746552259858773,True,0.7261317796701497,True,0.5517221341686545,True,never/readmission/2/2,0.0,True,0.27632788018374843,True,0.30461960005793604,True,-0.028291719874187604,0.021406569480764644,True,True,0.05158349101733256,0.01895015476154288,0.940859317779541
1284,-0.09354393862025676,-0.1491743359739049,0.1543362828537383,0.008712508225413983,True,0.3178405139376291,0.013581629075608217,True,0.27399181603860195,0.010559751899670903,True,0.4749820019530736,0.017050478837578063,True,-0.11965553318486366,0.013890518619778046,True,-0.15714148801544453,0.022021736608831596,True,True,0.8016194495714746,never/2,0.0,True,1.409792897381091,0.9953248971211813,1.322021968947165,479,234,0.12135604730366714,0.007685952322714807,True,0.254977076954731,0.01148364769832926,True,0.02883159855651103,0.004255042855217708,True,0.06600603553327974,0.006807123135880151,True,0.1401792474298219,0.008682077708491292,True,0.23625328464344972,0.013615438163766307,True,0.1114150568992656,0.007751883114194841,True,0.21100546073366064,0.013559378648173713,True,-0.018823200126154765,0.011515464538449816,True,0.018723792311281268,0.017653337289455617,True,-0.08258345834275457,0.008841544649429808,True,-0.1449994252003809,0.015159592836569126,True,0,,0.9275182387786464,0.0,0.8498123541398218,True,0.6790168875119893,True,0.7484056956709124,True,0.5527412546228896,True,always/readmission/1/1,0.0,True,0.2722053185126158,True,0.29822426528325496,True,-0.02601894677063915,0.020267160939159277,True,True,0.061970980639805245,0.017228241557884827,0.9776837825775146
1285,-0.06492749227165068,-0.12639814196895488,0.15026400798482636,0.008600473694573793,True,0.291468642404284,0.011699831506948435,False,0.2510111300788194,0.009854226093180742,True,0.4627716513318509,0.016151748640009265,True,-0.10074712209399306,0.012975935430842021,True,-0.1713030089275669,0.01964005502447945,True,True,0.8025364532774112,always/2,0.0,True,2.3083263189704346,1.3651337681571831,1.3434557010046326,516,225,0.12133988073029132,0.007618283708644923,True,0.25131585092772624,0.011551986579548333,True,0.03548955090219363,0.004665305255329974,True,0.08437491673639802,0.008022577854385617,True,0.15289539255097062,0.009186594248279271,True,0.27087065939201105,0.016529953786557586,True,0.11134188411175291,0.007903018909069403,True,0.2082033065393149,0.014457081705827964,True,-0.0315555118206793,0.011830565650799556,True,-0.019554808464284812,0.019988376489030284,True,-0.07585233320955928,0.009177527161995085,True,-0.12382838980291688,0.016532852481464685,True,0,,1.7329737384596215,0.0,0.843170568367515,True,0.6643092323358757,True,0.7357627233372764,True,0.5209260340686741,True,never/readmission/2/2,0.0,True,0.27182665748116563,True,0.34522448545279416,False,-0.07339782797162853,0.022264420848203285,True,False,0.07435382606078311,0.020510806553439398,0.9672105312347412
1286,-0.07625355900031636,-0.12420057235286802,0.1566779835095381,0.008414746192867438,True,0.3306630809636866,0.014144826594267296,True,0.2644146443736467,0.01154033354912297,True,0.4833950885740634,0.01649705403125356,True,-0.1077366608641086,0.014302348312382094,True,-0.1527320076103768,0.02104372636425588,True,True,0.7715204404418413,always/2,0.0,True,2.0230566681525533,1.2488048960816962,1.059007919437354,494,197,0.10462104895110717,0.007135852054336843,False,0.23893380251049479,0.011248088800811447,True,0.0314755122976113,0.004289089471459837,True,0.07315996942368241,0.006887063133415192,True,0.14185474655648972,0.0088119488553121,True,0.24837240882850042,0.014483501124243172,True,0.10535877909153282,0.007501219047637454,True,0.20918211784217902,0.015478840549069905,True,-0.037233697605382546,0.011266006280221313,True,-0.009438606318005638,0.018188105645373483,True,-0.07388326679392151,0.008641410621362712,True,-0.1360221484184966,0.016931204165609805,True,1,always/readmission/1,1.9759309668315668,0.0,0.8639034387512815,True,0.6879062280658228,True,0.7527864743519774,True,0.5424454733293206,True,never/death/2/2,0.0,True,0.25757827628631036,True,0.30947991484214876,True,-0.0519016385558384,0.020920872946708777,True,False,0.06110750601364834,0.018644473775815573,1.0110857486724854
1287,-0.08158588278028456,-0.12276793079455711,0.13602995767742335,0.008120487812303389,True,0.29797898140323137,0.013878087695802442,True,0.2472216178726179,0.011393450213408455,True,0.4415771321544798,0.016314513959763532,True,-0.11119166019519455,0.01381496863003803,True,-0.14359815075124843,0.021862998266549423,True,True,0.8166870684410116,never/2,0.0,True,1.6552982930301505,0.9696895296916134,1.6214137477986716,489,206,0.11698507207746746,0.007405179733871322,True,0.2651137627295974,0.011457364223999216,True,0.03191369432780504,0.004205527200211752,True,0.07040384373382136,0.006570797483348911,True,0.14667443245334438,0.00902124535687971,True,0.25766538526422955,0.01419183207923322,True,0.12070753114341098,0.008248978981018033,True,0.21766503188409916,0.013668405923246014,True,-0.029689360375876925,0.011589593365439488,True,0.007448377465367861,0.018040482449707233,True,-0.08879383681560594,0.009255809826198757,True,-0.1472611881502778,0.015154222754096457,True,0,,1.6076789014889117,0.0,0.8511012335947274,True,0.6644823935365812,True,0.7326180364032446,True,0.5246695828516713,True,always/death/2/2,0.0,True,0.28523174542377194,True,0.32576304882211504,True,-0.0405313033983431,0.02114619089904183,True,False,0.06809766355788549,0.02011798269417453,0.9498841762542725
1288,-0.08265884132584991,-0.10069136602332407,0.14894388232870495,0.008965751254867538,True,0.32678823063966345,0.01297779887017892,True,0.26707658357232567,0.011305762353040484,True,0.45284954644965214,0.01733618350406945,True,-0.11813270124362071,0.015025488138414592,True,-0.1260613158099887,0.02213135353295223,True,True,0.8367979441379336,never/2,0.0,True,1.4578455288706869,1.7486615038301354,1.2512510952908449,470,213,0.12595667325662216,0.007624465098082888,True,0.2586469611045562,0.012309964352321148,True,0.028137968967059095,0.004380253755035527,True,0.051984768304605626,0.005845692952232603,False,0.14469431460952695,0.008989821865565231,True,0.24021753135901466,0.014130238735238578,True,0.12091557367479595,0.008155487917281578,True,0.22848964927144363,0.01417682725807575,True,-0.018737641352904788,0.01172305582718675,True,0.018429429745541542,0.0186113195600597,True,-0.09277760470773685,0.009259171230759866,True,-0.176504880966838,0.01533233473671012,False,2,always/death/2;diff/death/2,3.16253895756425,0.0,0.8459053577763187,True,0.6893682705908382,True,0.734390111715677,True,0.5312928193695416,True,always/death/1/1,0.0,True,0.2716844458245787,True,0.303257739016169,True,-0.0315732931915903,0.021703423321719123,True,True,0.06304020765715432,0.013037484720022474,1.007948398590088
1289,-0.08521896948848195,-0.14029994843607713,0.15411971412668232,0.008546667962901931,True,0.3300096284120432,0.012782253901823162,True,0.26551702914653075,0.011000196679651799,True,0.4745491359524139,0.017537420743088915,True,-0.11139731501984843,0.013442254124027234,True,-0.1445395075403707,0.020826314641364294,True,True,0.7742459603664672,never/2,0.0,True,1.245910744727089,1.1410295782362925,1.5857196733411234,474,219,0.11315902768516031,0.007344487518207017,True,0.23910977276885864,0.011238128071249194,True,0.03509930704137536,0.004634397087559167,True,0.08133131371541315,0.008017734474180548,True,0.14734816425786695,0.00896569791858516,True,0.23117274994290196,0.015677084900134107,True,0.12098528528376354,0.007843980087115728,True,0.20525890245943765,0.0127518825096043,True,-0.03418913657270664,0.011489002879214939,True,0.00793702282595668,0.019109759418618127,True,-0.08588597824238818,0.009107857795327617,True,-0.1239275887440245,0.015056264426300281,True,0,,1.3544117419182826,0.0,0.8517416652734644,True,0.6795589135157283,True,0.7316665504583695,True,0.5635683475976604,True,always/death/2/2,0.0,True,0.2592142730570944,True,0.29204475274653724,True,-0.03283047968944286,0.020389933413461264,True,True,0.06087200280363528,0.020104500288235738,0.9980480670928955
1290,-0.08231710168767184,-0.15609545828021798,0.14838242772738716,0.008246395378662901,True,0.28839986983387655,0.012389327063174731,False,0.26846185028419156,0.011529354779386184,True,0.4670459033671759,0.015862129294338806,True,-0.1200794225568044,0.013730747651773758,True,-0.17864603353329933,0.019984720786565546,False,True,0.7633092896197152,always/2,0.0,True,2.126633362352158,1.2508468919230495,1.5816254168919919,486,247,0.1244835538049326,0.007810328535120848,True,0.2650252648812539,0.01177537657352356,True,0.024938519294195285,0.0038619760188470034,True,0.06765907042687122,0.006765808065059129,True,0.14568544733665045,0.008895908787758835,True,0.26446233956078813,0.01502341699590896,True,0.11874367009326002,0.00796032147407935,True,0.21169966992276806,0.014099161862044579,True,-0.02120189353171785,0.011776877985855942,True,0.0005629253204657569,0.018922292397810743,True,-0.09380515079906473,0.008846838404957803,True,-0.14404059949589684,0.015633275611250066,True,0,,1.5734123350716338,0.0,0.8505779269008721,True,0.6673156646918749,True,0.7355708825700895,True,0.5238379905164439,True,never/death/2/2,0.0,True,0.28177634553903297,True,0.32769077147927905,True,-0.045914425940246084,0.022281906005998126,True,False,0.06322843191849092,0.016751080657779083,0.99027419090271
1291,-0.09179881359314382,-0.11756579089165248,0.14944046891748902,0.009396926969549814,True,0.3213295183420611,0.013190279782316955,True,0.2645119131877857,0.010547807531646004,True,0.447146773350217,0.01722434655513497,True,-0.1150714442702967,0.014401655796335221,True,-0.12581725500815594,0.022066364969430412,True,True,0.8049222028241898,never/2,0.0,True,1.3390352605452216,1.1419247735137095,1.4455085638408491,474,225,0.12519264080315326,0.007779871871268976,True,0.2544660749569612,0.011255766020175702,True,0.029605704863943906,0.00408824446585565,True,0.07078917996985089,0.006602266361207803,True,0.1492262221525907,0.008902073450441014,True,0.23979265917175882,0.013516453298217981,True,0.12194761077405511,0.008059063819146653,True,0.2339689853991006,0.014172487340038488,True,-0.02403358134943745,0.011767962300212622,True,0.014673415785202398,0.01743680746789366,True,-0.09234190591011121,0.009033956934941731,True,-0.1631798054292497,0.015612579879437875,True,0,,1.6311170258584837,0.0,0.8452016543329028,True,0.6747447450731878,True,0.7288261670733542,True,0.5262383554291405,True,never/readmission/2/2,0.0,True,0.27491003064479763,True,0.30565482212808875,True,-0.030744791483291123,0.020537904985037984,True,True,0.06586216295632993,0.020443955687836413,1.0214178562164307
1292,-0.08996542909586389,-0.11751675682031987,0.15483394423086122,0.00872907643512184,True,0.3339487908448893,0.01392882228155154,True,0.2711841185097328,0.010874466707180671,True,0.46367162003271517,0.017246633672434415,True,-0.11635017427887157,0.014540889301041018,True,-0.12972282918782585,0.02159649379879076,True,True,0.8049991990893708,never/2,0.0,True,1.5038396272498062,1.2066707096035232,1.1275299444042282,423,211,0.12848610869078328,0.007675355399448091,True,0.251339543329698,0.01126507425070965,True,0.03276409674111627,0.004219146871592743,True,0.07422487454384905,0.0067125165697398325,True,0.14189650199262366,0.008888699852456257,True,0.23580582925329777,0.013787465717386635,True,0.11229071584332234,0.007888663482169942,True,0.20372737167865565,0.013238134430757205,True,-0.013410393301840379,0.01164028942689917,True,0.015533714076400224,0.017665861001540915,True,-0.07952661910220607,0.00894159587060009,True,-0.1295024971348066,0.014825058927322164,True,0,,1.2722679514600017,0.0,0.8387497945681004,True,0.6744355821264529,True,0.745812782164054,True,0.5604667990680465,True,never/death/2/2,0.0,True,0.2702002045265214,True,0.28728861622498036,True,-0.017088411698458983,0.02137581175308716,True,True,0.0514827869716826,0.01886066119682339,1.0001916885375977
1293,-0.05296179512814886,-0.09289625253725575,0.16120758081994963,0.008142718496428017,True,0.30990929139659934,0.012619505580536735,True,0.25452814597135953,0.010567826721696143,True,0.430425513254866,0.017057759436522754,True,-0.0933205651514099,0.012909417923614032,True,-0.12051622185826666,0.01986377746783535,True,True,0.807082631180748,never/2,0.0,True,2.190677800350963,0.8552688799829505,1.4739557483177317,484,204,0.1189375336392051,0.007644059983076453,True,0.24821270376227256,0.011439173657563308,True,0.03436444810157854,0.004497449216377388,True,0.07559797609459644,0.007006901593270068,True,0.13570079003864474,0.008521534655590895,True,0.25369387558552864,0.014623456369217644,True,0.11445742329701346,0.0077552519463162176,True,0.18961439444853762,0.012822228447764573,True,-0.01676325639943964,0.011394519507484449,True,-0.005481171823256081,0.018439327473026214,True,-0.08009297519543492,0.008964224150507821,True,-0.11401641835394118,0.014601208045827587,True,0,,1.8055753717989405,0.0,0.8466980182592163,True,0.676189320143131,True,0.7498417866643419,True,0.5566917299659337,True,never/readmission/2/2,0.0,True,0.2678512762243945,True,0.3094365703636935,True,-0.04158529413929901,0.021227598658842804,True,False,0.05574269477816485,0.019638572462121917,0.9828369617462158
1294,-0.07469116163487793,-0.06338637499530542,0.15327812989861916,0.008607955585281405,True,0.33729844572327605,0.013994655357382351,True,0.2501988240625478,0.010580756864902938,True,0.4249901031573474,0.017247239253817395,True,-0.09692069416392862,0.01380157776511923,True,-0.08769165743407137,0.022741389493919406,False,True,0.8006714741689611,never/2,0.0,True,1.3170985557836095,1.059256498372951,1.6171056989380692,477,246,0.10862581229984741,0.007457672072292209,True,0.2380324903582208,0.01129214299128795,True,0.033085335413016795,0.004354430187453922,True,0.07396683299116541,0.006957348503627672,True,0.1299912855016272,0.008516639844506936,True,0.22861976279608945,0.015077778253937904,True,0.11265191428821297,0.007846333995055481,True,0.20133678738548463,0.014478463181081593,True,-0.021365473201779783,0.011284646127181535,True,0.009412727562131351,0.018764387967102236,True,-0.07956657887519618,0.00897102407467129,True,-0.12736995439431922,0.016048474722149042,True,0,,1.7892871809298676,0.0,0.8582888522871358,True,0.6880006766506138,True,0.7573568002101598,True,0.5700434498184259,True,never/readmission/2/2,0.0,True,0.25613194963452673,True,0.28768176955715175,True,-0.03154981992262501,0.020893778673047057,True,True,0.0590620067610623,0.018099459276305935,0.9833400249481201
1295,-0.07586238014664412,-0.07183525841302646,0.1417021801588438,0.009098557516051034,True,0.32572563662420234,0.013424717109990252,True,0.24265942141990177,0.010983110116898407,True,0.42566442132715226,0.015164774720320748,True,-0.10095724126105796,0.014493411598241017,True,-0.09993878470294992,0.020597987348843504,True,True,0.8354521267275425,always/2,0.0,True,2.0190160211616055,1.1005563957450513,1.7210283152222992,460,228,0.10267618270104348,0.007184323357828357,False,0.23193263967579356,0.011033039397346386,True,0.03170676666207549,0.004336153273525233,True,0.08127819569084993,0.007242038197451366,True,0.14541528901380246,0.008941889477630648,True,0.2641984196054277,0.014889973480914667,True,0.12750990040244434,0.008202417185520776,True,0.20791023882758286,0.01346456464886408,True,-0.042739106312758984,0.011394649318161513,True,-0.03226577992963417,0.01833078875417704,True,-0.09580313374036885,0.00927572425615174,True,-0.12663204313673293,0.0152775483696404,True,1,always/readmission/1,2.233309457246711,0.0,0.865617050636881,True,0.6867891646333565,True,0.7270748105837532,True,0.5278913415669895,True,never/readmission/2/2,0.0,True,0.25322002900663526,True,0.33153837918743434,True,-0.07831835018079908,0.02101891364092559,True,False,0.06733995958200661,0.021287389330841705,0.9741907119750977
1296,-0.10254331554834936,-0.13070351344669395,0.13434957919232146,0.008299135201768752,True,0.3080137583394942,0.012273872242646729,True,0.2732094319161503,0.01052020546430174,True,0.46888058836823954,0.016324260023034654,True,-0.13885985272382886,0.013034403032373174,False,-0.16086683002874536,0.021450701806968873,True,True,0.7577166496046012,always/2,0.0,True,1.7771407374431534,1.1889787969332495,1.614751897438091,450,239,0.13206153901350107,0.007998311296246577,True,0.25477627254570684,0.0115336843780695,True,0.0316504516032791,0.004347105462752734,True,0.06272255022074501,0.006359861765787652,True,0.14951123814281708,0.008808938839978278,True,0.23567709041213597,0.013407684790869753,True,0.10492358670906894,0.007451198768860485,True,0.2230944933811917,0.014093775583352435,True,-0.017449699129316015,0.01183663079063735,True,0.01909918213357087,0.01755781338168279,True,-0.07327313510578984,0.008625992355577811,True,-0.16037194316044667,0.015441828269753391,True,0,,1.6679194544180196,0.0,0.8362880093832199,True,0.6825011772335481,True,0.745565175148114,True,0.5412284162066723,True,never/death/1/1,0.0,True,0.2712432846975031,True,0.2955607651373022,True,-0.02431748043979909,0.02051702802165031,True,True,0.0598836747251662,0.016467012151796245,1.0330736637115479
1297,-0.06440769549955061,-0.088117038075613,0.163735811536402,0.008937479718227061,True,0.33260534060041447,0.01304079179886668,True,0.2542635265784683,0.010638196866456855,True,0.4352084334689805,0.015174946926007044,True,-0.0905277150420663,0.013366352381735945,True,-0.10260309286856606,0.01807188446055642,False,True,0.8696344264858437,always/2,0.0,True,1.769495178832977,1.088789774168038,1.3955469886681011,438,222,0.11458116219686898,0.007450638268167957,True,0.2202342791312987,0.010591139815679572,False,0.03236490071119186,0.004249761584661721,True,0.06889647645222209,0.006429567445549341,True,0.16475652017619516,0.009028523101664914,False,0.2696287391480717,0.013632210142825153,True,0.11105881592148155,0.007487634218767268,True,0.20528288672570758,0.01243749317527349,True,-0.05017535797932618,0.011623280933716713,False,-0.04939446001677303,0.017082588893032203,False,-0.07869391521028969,0.008609326729313015,True,-0.13638641027348547,0.013990702121120956,True,4,always/readmission/2;never/readmission/1;diff/readmission/1;diff/readmission/2,3.029075999006158,0.0,0.8530539370919392,True,0.7108692444164793,False,0.7241846639023233,True,0.5250883741262207,True,always/death/2/2,0.0,True,0.23783132623944137,False,0.333418055528815,True,-0.09558672928937362,0.019819174168824196,False,False,0.06378931638074326,0.017597047108142666,0.9340999126434326
1298,-0.10169424147200243,-0.164550112728018,0.14699172860312892,0.008104429980779308,True,0.30657940899786285,0.012542059466257029,True,0.27571285334300444,0.01130723521466089,True,0.4793757413715648,0.01686639178436205,True,-0.12872112473987551,0.0142552571968226,True,-0.17279633237370196,0.021484361016032873,True,True,0.8315628337899502,always/2,0.0,True,1.1966695456519056,1.0603390429229482,1.0154120722443352,473,229,0.11254558346764007,0.007434962159788644,True,0.23354177627785688,0.01109614957688753,True,0.033316918924979434,0.004457721752419709,True,0.071337241026231,0.00712287300309686,True,0.16542044851942042,0.009289292697459834,False,0.2452011343050375,0.013734247017776254,True,0.1101822446938144,0.007677667492231091,True,0.21456445482794373,0.013649908235229864,True,-0.05287486505178035,0.011820880237037467,False,-0.011659358027180627,0.01752007997385255,True,-0.07686532576883495,0.00887763521940878,True,-0.14322721380171272,0.015393011162614054,True,2,never/readmission/1;diff/readmission/1,2.230448538778879,0.0,0.8541374976073806,True,0.6951209826959122,True,0.7243973067867652,True,0.5402344108670187,True,never/readmission/2/2,0.0,True,0.24934045237498198,True,0.305883326724939,True,-0.05654287434995703,0.020068077103338113,True,False,0.0606821924199015,0.015798676097125097,0.9881587028503418
1299,-0.09916187283570108,-0.13023854975527838,0.14588454697204414,0.007555108326887508,True,0.32824651844275915,0.012785316492604022,True,0.2754599752144536,0.011024701500745594,True,0.45618621180968066,0.01862329311376826,True,-0.12957542824240945,0.01404755017239578,True,-0.12793969336692151,0.0224017965667777,True,True,0.7074144762543353,never/2,0.0,True,1.6059608197206852,0.7263318847837308,1.011826607025699,476,201,0.11901522145840096,0.007564817692783987,True,0.23995750005824049,0.011627837794970907,True,0.0380593609597122,0.0048039937314922395,True,0.07727662816897532,0.0070190413592620795,True,0.14137680799224317,0.008612594403632014,True,0.25690366611207605,0.014714492125069412,True,0.11731466693569141,0.007894980240700436,True,0.2361698257403771,0.014016337858330178,True,-0.02236158653384221,0.011409138322013557,True,-0.01694616605383556,0.01863531313920275,True,-0.07925530597597921,0.009245372801487435,True,-0.15889319757140177,0.01565838239443742,True,0,,1.8063081809440127,0.0,0.8429254175818868,True,0.6827658717727842,True,0.7413085250720655,True,0.5069265081475469,False,never/readmission/2/2,0.0,True,0.25784391127900447,True,0.34400647317557875,False,-0.08616256189657429,0.020709864916577603,False,False,0.08710280706350271,0.01788641122076398,0.9929606914520264
1300,-0.07934205672513583,-0.14122014419397716,0.1568118250071403,0.008722208715564988,True,0.3119922126333045,0.014297600099321583,True,0.2588193551975768,0.011349355001372288,True,0.4615689736597859,0.017321523429334212,True,-0.10200753019043651,0.014310021417391324,True,-0.14957676102648138,0.022211155287735842,True,True,0.8577157773285187,always/2,0.0,True,1.130685502716627,1.0720065937997616,1.3197972664401088,480,227,0.10829121107603795,0.0071719060368007305,True,0.22705327801844874,0.010710264171801006,True,0.030564928325844194,0.004201688396412593,True,0.07510513822891264,0.006683374690397786,True,0.13818622895500812,0.0088615843080006,True,0.2511342701390381,0.014837070088358346,True,0.12140421378156989,0.008231991010910348,True,0.23123003720966231,0.015361435989765608,True,-0.02989501787897017,0.011337973597959952,True,-0.024080992120589367,0.0181738855852302,True,-0.0908392854557257,0.009242758460191748,True,-0.15612489898074966,0.0167291852325466,True,0,,1.8338223657697634,0.0,0.8611438605981179,True,0.6978415837526386,True,0.740409557263422,True,0.5176356926512996,True,always/readmission/2/2,0.0,True,0.24611636626856506,True,0.32905431201986834,True,-0.08293794575130328,0.02140952435346512,False,False,0.07792004188083024,0.019063088250116322,0.9999542236328125
1301,-0.0928943398565849,-0.11039203431355027,0.13875488125900387,0.008307273204345336,True,0.3207881198208282,0.013694501377951173,True,0.25969629279372664,0.01125043749345898,True,0.4273435331470869,0.016982179106334712,True,-0.12094141153472276,0.01451006517036331,True,-0.10655541332625867,0.021735730818131457,True,True,0.815945221418954,never/2,0.0,True,1.7207602507802269,0.8118402318804421,0.8431239217702304,503,236,0.120213543842924,0.00775707120417209,True,0.25366651537848184,0.011869070958579269,True,0.029789574666929854,0.004285625509251289,True,0.0680970923729581,0.006795103327752678,True,0.14486230775601525,0.008869378589669045,True,0.2553328822383107,0.015069853898552773,True,0.1143368910997568,0.00786231885369826,True,0.20543311982807932,0.014325085147180007,True,-0.024648763913091246,0.0117394967649,True,-0.0016663668598288495,0.019040807198122074,True,-0.08454731643282694,0.008955859331164648,True,-0.13733602745512122,0.01584874078623386,True,0,,0.7291963354313604,0.0,0.8499968814901462,True,0.67823639224856,True,0.740800801144228,True,0.53923399793361,True,never/death/2/2,0.0,True,0.2698321346776504,True,0.31752482916828484,True,-0.04769269449063446,0.021554134747264867,True,False,0.06219194692997415,0.016165619299168543,1.0078403949737549
1302,-0.09089603676048247,-0.12448439907679681,0.14988335226029348,0.008063436225801121,True,0.32831694787306487,0.013741832588539631,True,0.2595448439165235,0.011094140149843027,True,0.4445418736492186,0.017903067665874264,True,-0.10966149165623001,0.013156399757689546,True,-0.11622492577615373,0.02009820807490336,True,True,0.8138147974185961,never/2,0.0,True,1.3232922929674908,0.5230410136490107,1.1674680186595492,487,203,0.1142108572127771,0.007556774245457799,True,0.25185378183431995,0.011744996602858836,True,0.035843611570763045,0.004790908569022894,True,0.08178392414248004,0.007869933461037188,True,0.14139842014331283,0.008527070896713933,True,0.2384359144774366,0.013981127159550556,True,0.11951856508609214,0.007881341098482146,True,0.20159512818765418,0.012675920033982262,True,-0.02718756293053573,0.011319356190409389,True,0.013417867356883356,0.018133633107936715,True,-0.0836749535153291,0.009223935326473514,True,-0.11981120404517415,0.014914081720642748,True,0,,1.4373595658061913,0.0,0.8499455312164599,True,0.6663622940232,True,0.739083014770595,True,0.5599689573349093,True,never/readmission/2/2,0.0,True,0.2725051199756577,True,0.3010284783594692,True,-0.028523358383811537,0.020066751510565223,True,True,0.06259256388203263,0.02065133814133774,0.994534969329834
1303,-0.08055626059314472,-0.1277972942780144,0.15013630168950448,0.008973822010882171,True,0.3107128256273334,0.013171822008625336,True,0.2607172209996751,0.011274601861235628,True,0.46470828151378957,0.017104594885184943,True,-0.11058091931017061,0.014262073769593207,True,-0.1539954558864562,0.02165785664097083,True,True,0.8360008196259006,always/2,0.0,True,1.5259104930296576,1.270293572960703,1.3562819762601888,419,225,0.11337061107682019,0.007429112870823179,True,0.24721918624287156,0.011417333610643796,True,0.03474481112849937,0.00457214226761314,True,0.085444410768082,0.007588118978422765,False,0.15796951731996586,0.008892922893976635,True,0.26175486311799623,0.013497721456211876,True,0.10324382526302159,0.007461372282979798,True,0.20909750895989798,0.013303079981036393,True,-0.04459890624314568,0.011522930815436075,True,-0.014535676875124665,0.017547022590859312,True,-0.06849901413452222,0.008752685241524788,True,-0.12365309819181598,0.015309103987501464,True,1,always/death/2,1.973138640901239,0.0,0.8518845777946804,True,0.6673364029890465,True,0.7387866574170125,True,0.5291476279221058,True,never/readmission/2/2,0.0,True,0.26841859044377936,True,0.3204737731086885,True,-0.05205518266490916,0.01985791844236247,True,False,0.05871890999069229,0.021199404200907795,0.9197754859924316
1304,-0.08866407748818492,-0.11488558022319323,0.14825818917473815,0.008053724748034511,True,0.3274878694258722,0.012884801396226924,True,0.26124824558265375,0.009892439365755479,True,0.44726245782683227,0.01623002254891638,True,-0.1129900564079156,0.012445566754773082,True,-0.11977458840096006,0.020234446140267225,True,True,0.7993988314483818,never/2,0.0,True,1.3128430416045787,1.5394066625212763,1.54750407137578,475,223,0.116902560497694,0.007730324602828418,True,0.24401954746684634,0.012163599391672091,True,0.035467838212920634,0.004537517039809464,True,0.08109923305330581,0.007556682175558712,True,0.1424236790576788,0.00876786974820789,True,0.23452104619636885,0.013684422675226907,True,0.1040936669381436,0.007551987045824037,True,0.2204603942391966,0.014530222824353803,True,-0.025521118559984804,0.011629565334938955,True,0.009498501270477494,0.018218835835656224,True,-0.06862582872522296,0.008808308794370086,True,-0.13936116118589081,0.016366619281225653,True,0,,1.4839592457443822,0.0,0.8476296012893854,True,0.6748812194798479,True,0.7534826540041776,True,0.5450185595644346,True,never/readmission/2/2,0.0,True,0.26350627847499536,True,0.289897996528739,True,-0.02639171805374363,0.02179162392656195,True,True,0.05537695033237014,0.019486731008149016,1.015571117401123
1305,-0.0677415240562656,-0.12675849460740202,0.15234191298888913,0.008968905526014129,True,0.3173383855291205,0.012903681973859235,True,0.24667705326062314,0.010891921909409158,True,0.4501608369835724,0.016703011098125796,True,-0.09433514027173401,0.014311668365080991,True,-0.13282245145445187,0.02193415367005157,True,True,0.7714685186100162,never/2,0.0,True,1.573168981231092,0.8277979584186557,1.1938340795196,485,211,0.11543449092142412,0.007484237919292146,True,0.2364171979588614,0.010945226719094144,True,0.03620585821185127,0.0046900445938405306,True,0.06488095953003417,0.006421496015310236,True,0.15028983509646873,0.00901176134631542,True,0.25843586533813123,0.015006427200762146,True,0.1211544441781506,0.008067053807280391,True,0.2168425910484406,0.014529094922268677,True,-0.034855344175044614,0.011610600114622019,True,-0.02201866737926983,0.018399843929201035,True,-0.08494858596629934,0.009332199824356872,True,-0.15196163151840644,0.015874538748059955,True,0,,1.3243953303645204,0.0,0.8483596508667246,True,0.6987018425111045,True,0.7285557207253807,True,0.5247215436134282,True,never/death/2/2,0.0,True,0.25390486606072993,True,0.32353664487044703,True,-0.0696317788097171,0.021255239614861702,True,False,0.0651007795323158,0.017487668101868525,0.9943773746490479
1306,-0.0886913945857154,-0.1297042799555463,0.15156825984834965,0.007879663597284012,True,0.3190669882750958,0.0125287910272813,True,0.27156820295139816,0.010409774712571346,True,0.4601819052258869,0.01588785203405515,True,-0.11999994310304851,0.012814980610046257,True,-0.14111491695079115,0.01924401557801677,True,True,0.8142929332970045,never/2,0.0,True,1.7957909793786253,1.4194320949463284,1.4147404463148616,472,223,0.1258388147999671,0.007659987449315882,True,0.2583357659591342,0.0118632916637164,True,0.03928734225098372,0.00496847637006582,True,0.07595163637159934,0.007034751118168901,True,0.1474808723836779,0.009193491564716128,True,0.24155077817901066,0.014075881053753157,True,0.10643479131415236,0.007593162110885866,True,0.20918680030753548,0.013684131401265873,True,-0.021642057583710794,0.011883208017091057,True,0.01678498778012355,0.018286938494810456,True,-0.06714744906316863,0.00907293998500999,True,-0.13323516393593615,0.015384558595592412,True,0,,1.6649656020954635,0.0,0.8348738429490492,True,0.6657125976692664,True,0.7460843363021697,True,0.5492624215134538,True,never/death/2/2,0.0,True,0.2789393211118122,True,0.28947627790783287,True,-0.01053695679602068,0.021615090738324974,True,True,0.04792549972882221,0.020603555152677977,0.9982528686523438
1307,-0.06427105911409259,-0.127357228263964,0.1649922513187525,0.00773221652034261,False,0.32122129849791514,0.01318959621831687,True,0.2542224597843498,0.01115185633685758,True,0.46061692287908207,0.018986784186120476,True,-0.08923020846559732,0.013080891204571805,True,-0.13939562438116693,0.022688722892484654,True,True,0.7888236327996655,never/2,0.0,True,1.3376072660893548,0.5488985436627044,1.2833962583171596,483,247,0.1150819093720968,0.007429736145919655,True,0.24071990819270792,0.011206524851423084,True,0.021113145093455184,0.003466713363745067,False,0.05750488942823707,0.00631215864813983,False,0.1597506815964555,0.009378524215942086,True,0.2652202263215605,0.01528929372622006,True,0.11353235921995732,0.007924316208040988,True,0.22907383652503244,0.015487095920778819,True,-0.04466877222435871,0.0118713615941501,True,-0.02450031812885259,0.018817156922040328,True,-0.09241921412650213,0.008649927551689942,True,-0.17156894709679538,0.016720811450305715,True,2,always/death/1;always/death/2,2.8562658251756674,0.0,0.8638049455344481,True,0.701775202379055,True,0.7267169591835871,True,0.5057059371534071,False,never/readmission/2/2,0.0,True,0.25428826614428224,True,0.3413205594254983,False,-0.08703229328121609,0.021772781923450557,False,False,0.07610033310393782,0.013568357951574322,1.0164637565612793
1308,-0.10636587908988829,-0.13859703064423218,0.13615302669618065,0.007588330704434869,True,0.2990060089979792,0.011348464275139221,True,0.2738294334872825,0.01228894224615244,True,0.4541556425940097,0.017048844397240037,True,-0.13767640679110185,0.013941036475864052,False,-0.1551496335960305,0.01989584933684511,True,True,0.8273566785279486,always/2,0.0,True,1.7514789884882833,1.0008457152479309,1.1939753369937995,467,219,0.12779459171548424,0.007597465110942549,True,0.24751145042490214,0.010778949999002358,True,0.031930622533277137,0.0041588929701072645,True,0.07955002103452105,0.0070590057873631835,True,0.1580875496381154,0.009371683617810954,True,0.26234250863795405,0.014324127605794055,True,0.11815713291261329,0.008139046693504157,True,0.19958468051461853,0.013600604379788887,True,-0.030292957922631147,0.011939971712306997,True,-0.014831058213051918,0.01773331367404718,True,-0.08622651037933615,0.009137821454669888,True,-0.12003465948009748,0.015316273167158318,True,0,,1.371957287768392,0.0,0.8402747857512386,True,0.6729385285405768,True,0.7237553174492714,True,0.5380728108474274,True,always/readmission/2/2,0.0,True,0.2693353446979226,True,0.3180535603515059,True,-0.04871821565358331,0.020935326120152236,True,False,0.05571105171355184,0.02182389427302045,1.0450711250305176
1309,-0.08252489730821894,-0.10312374570753247,0.15965719594739836,0.007968196001939846,True,0.32840883263148507,0.013334679017232254,True,0.2771323383599197,0.01124724038675027,True,0.4525446453291147,0.01661683559046602,True,-0.11747514241252133,0.013538001463682612,True,-0.12413581269762963,0.02039591349322263,True,True,0.8177741638445741,never/2,0.0,True,1.7094549746919177,1.4828206400403605,1.2077022714598957,459,232,0.1254280260697672,0.008003646174777364,True,0.26124048965308666,0.012200610180171104,True,0.03883914790487853,0.004979598285191251,True,0.0757044264632346,0.007067086396946673,True,0.132076527392021,0.008249282205018697,True,0.23832603946732098,0.013265655093601166,True,0.12252164807599465,0.00783211943414769,True,0.21853242132978748,0.01272270346369509,True,-0.006648501322253808,0.01140939704205524,True,0.022914450185765683,0.01790012002503441,True,-0.08368250017111611,0.009278096734496881,True,-0.1428279948665529,0.014532174358336142,True,0,,1.7407141327924733,0.0,0.8357328260253543,True,0.6630550838836787,True,0.7454018245319843,True,0.5431415392028915,True,always/death/2/2,0.0,True,0.2837356660057575,True,0.30076410757799926,True,-0.01702844157224176,0.02078795006357322,True,True,0.062438068110678285,0.022495176352670843,0.9922595024108887
1310,-0.05755345466095699,-0.09869173694771943,0.16428585792927175,0.009243920328536437,True,0.32976520371719026,0.01427412053444682,True,0.25444392749125344,0.01170761500516224,True,0.4683755675134596,0.01631160815944885,True,-0.09015806956198169,0.015283580413326673,True,-0.13861036379626934,0.02133188244118905,True,True,0.8173401202329611,always/2,0.0,True,1.916968063987541,1.127032022713512,0.8634855454684812,479,205,0.13131839690977154,0.008129433773061351,True,0.25613406992502685,0.011502886523281634,True,0.03180013310866775,0.004340833518279835,True,0.07767977148710886,0.007329996696272188,True,0.13797968999814442,0.008658316459752357,True,0.23994324718766505,0.013419616454978335,True,0.11591819509640729,0.007766927541895342,True,0.20837890737451087,0.01268632594778983,True,-0.006661293088372877,0.011822229528107384,True,0.016190822737361804,0.017539606096766486,True,-0.08411806198773954,0.008897734460639569,True,-0.130699135887402,0.014645275822309666,True,0,,1.6788463516495893,0.0,0.8368814699815608,True,0.6661861585878643,True,0.7461021149054483,True,0.551677845437824,True,never/readmission/2/2,0.0,True,0.27693184542826077,True,0.2924808899263056,True,-0.01554904449804484,0.020312905116401554,True,True,0.05253764273864056,0.020797775503233917,1.0315029621124268
1311,-0.06829491064829607,-0.08844786384566072,0.1631041496666046,0.008492651173759446,True,0.3461107710653379,0.013021326768420867,False,0.2539959424411799,0.011113411437166284,True,0.45211999035255634,0.01790803582469999,True,-0.09089179277457529,0.014022453960012159,True,-0.10600921928721846,0.021322900503587306,True,True,0.7975376452656704,never/2,0.0,True,1.6817836238153985,1.1624692047710974,1.416599129813829,511,216,0.13874981458109437,0.008173680499970686,False,0.26774128169040684,0.01155867777850981,True,0.03070900722191673,0.004255332077300634,True,0.062390692115045,0.006388549902247099,True,0.1421940842426811,0.008707785464781,True,0.24030912672675894,0.013460413212601684,True,0.10799419057799525,0.00758881697733718,True,0.2011730438732658,0.012914915478645093,True,-0.0034442696615867296,0.01185064383604696,True,0.027432154963647898,0.017566950339694434,True,-0.07728518335607852,0.00870046698138506,True,-0.1387823517582208,0.014405050347394501,True,1,always/readmission/1,2.4504034114333444,0.0,0.8305411781969889,False,0.6698680261945482,True,0.7498117251793237,True,0.5585178293999753,True,always/readmission/2/2,0.0,True,0.28428756637247565,True,0.29291744855921537,True,-0.008629882186739712,0.020295513424148183,True,True,0.05260832183245642,0.016546284682068813,1.0580391883850098
1312,-0.0493195311010447,-0.12021175392444872,0.16948333737044,0.00853386200379273,False,0.3130291998603982,0.013420270672788311,True,0.24998735594666358,0.01100893492257787,True,0.4568240927667499,0.017377949758017167,True,-0.08050401857622358,0.013637607621271286,False,-0.14379489290635172,0.0227594507197239,True,True,0.7898883892826991,never/2,0.0,True,1.723552246564039,0.981637758429551,1.1421587087484588,461,224,0.12047966441669615,0.007897917227955157,True,0.2532036317101641,0.011605365797525014,True,0.03067454744947999,0.004311543261376773,True,0.0748344111301706,0.007215572407975503,True,0.15067806310484583,0.008825814731026177,True,0.24867251376582458,0.013467867321131349,True,0.12258773749482688,0.007879401329033807,True,0.22214951966218446,0.013506800355085795,True,-0.030198398688149677,0.01178275902461869,True,0.004531117944339497,0.01764092743647554,True,-0.09191319004534688,0.008981407984099595,True,-0.14731510853201385,0.015300331549656774,True,0,,1.2533614017650068,0.0,0.8488457881338238,True,0.6719619571596653,True,0.7267341994003274,True,0.5291779665719909,True,never/readmission/2/2,0.0,True,0.27245399642663437,True,0.3116005625135974,True,-0.03914656608696304,0.020353245967127776,True,False,0.06292804874777283,0.019250364716470292,0.9808213710784912
1313,-0.09474344058027775,-0.13506041361054127,0.15114508459179465,0.009322664645967295,True,0.30781237563359404,0.01306367318770606,True,0.2737103446808098,0.010732276480441783,True,0.4709953968066413,0.0160568729429276,True,-0.12256526008901514,0.01431885193194411,True,-0.16318302117304728,0.019700969949442825,True,True,0.7968351804927442,never/2,0.0,True,1.7684563931898065,1.0002475623563083,1.6794635311396766,493,209,0.11773329951565907,0.0076506659771068825,True,0.25704447288168436,0.011784592479355604,True,0.032281312849771183,0.004325999041008172,True,0.07758570290916861,0.007336406513710292,True,0.14213215207585905,0.008751123987500546,True,0.22798035099820602,0.013150818452426256,True,0.11132201417368293,0.007871707586675925,True,0.2038598198873755,0.0133031603144808,True,-0.024398852560199982,0.011520551593689381,True,0.029064121883478344,0.017501236576385342,True,-0.07904070132391175,0.008979761989039511,True,-0.1262741169782069,0.015187483694230508,True,0,,1.5264133918127867,0.0,0.8499853876345698,True,0.665369824209147,True,0.746545833750458,True,0.5681598291144185,True,never/death/2/2,0.0,True,0.2776532589689463,True,0.27333639807908444,True,0.004316860889861884,0.02066265020340704,False,True,0.045356047080878426,0.020608786087261965,0.9345748424530029
1314,-0.06910231030834046,-0.10767976109808525,0.15001780792452973,0.00893312174391415,True,0.3158655454837881,0.012835430846226346,True,0.25327807523878615,0.01149692252026958,True,0.4516939687479895,0.016860122255233003,True,-0.10326026731425642,0.014279768065206255,True,-0.13582842326420141,0.021356009327335102,True,True,0.8034034341885916,never/2,0.0,True,2.0453795569957594,1.7784665991797985,1.274238079235759,501,217,0.11322717007743956,0.007322444638578874,True,0.25232441810009915,0.011537656038538426,True,0.036146849341898976,0.0045777597348139526,True,0.0833077895406923,0.007455065964566698,True,0.12333744914218935,0.008192009023141374,False,0.21477895864644284,0.013407659797193371,False,0.11720607688095047,0.007971363072182944,True,0.20443581120633306,0.013111507485069333,True,-0.010110279064749789,0.010882110916421585,True,0.03754545945365631,0.017547698296181274,False,-0.0810592275390515,0.009187871814605664,True,-0.12112802166564075,0.01506739816406999,True,3,never/readmission/1;never/readmission/2;diff/readmission/2,2.6724275810691864,0.0,0.8506259805806615,True,0.6643677923592086,True,0.7594564739768601,True,0.580785230147224,False,never/death/2/2,0.0,True,0.2744824614431565,True,0.26755722876597376,False,0.006925232677182758,0.020558737015815655,False,True,0.05277827011953093,0.022158043343057376,0.9845025539398193
1315,-0.050685806235719166,-0.0888458512376687,0.14936652747108733,0.008082676687030879,True,0.31022014136864146,0.013387867957396167,True,0.24006426582239934,0.010309788328928171,True,0.44246878139489343,0.016850894021638495,True,-0.09069773835131201,0.013305809103976548,True,-0.13224864002625197,0.02152535462045223,True,True,0.8098996668267577,always/2,0.0,True,2.0727470198041886,1.3190049350066584,1.4121772616670658,476,239,0.12852445201420049,0.007892252124879245,True,0.2608937450836158,0.01151320987052228,True,0.028703847059438282,0.0043200981246850146,True,0.06412684328721664,0.006588199876056214,True,0.13073005627629186,0.008437795186165501,True,0.20653357049371227,0.013307975038817947,False,0.10023269127047757,0.007361120635132355,True,0.21477423151532735,0.014635245160311814,True,-0.0022056042620913763,0.011481971793448249,False,0.054360174589903526,0.017461750215327348,False,-0.07152884421103929,0.008536421423183426,True,-0.1506473882281107,0.016035065538764794,True,3,never/readmission/2;diff/readmission/1;diff/readmission/2,2.978520133923959,0.0,0.8427717009263612,True,0.6749794116291676,True,0.7690372524532305,False,0.5786921979909604,False,never/death/2/2,0.0,True,0.27835733311874733,True,0.25817913960626976,False,0.02017819351247757,0.020762392915889993,False,True,0.05164556911255749,0.01746358803513154,1.0056040287017822
1316,-0.04507089456045371,-0.08369539311921104,0.1572260713416742,0.009038749293854911,True,0.32497771926015107,0.013811826295721275,True,0.23097130543820055,0.01060679154816537,False,0.4463581050809356,0.016872861338917463,True,-0.07374523409652634,0.014093152168111541,False,-0.12138038582078453,0.023226868446666268,True,False,0.8362924391558659,never/2,0.0,True,1.8332374106136804,1.2199789821894136,1.47441602355794,456,215,0.1351479860421364,0.008043928631028152,False,0.2530379945456133,0.011208099113152412,True,0.030880897162582164,0.004102144533779784,True,0.06959611071320596,0.006530689852723262,True,0.14469811966530585,0.008630268651403991,True,0.2574604413627478,0.01415985321801988,True,0.11692887997866816,0.007715856106949094,True,0.2061940245116121,0.013014672665172018,True,-0.009550133623169449,0.0117522080236885,True,-0.0044224468171344955,0.017937387775512553,True,-0.086047982816086,0.008737586411725935,True,-0.13659791379840613,0.01454398013425567,True,1,always/readmission/1,2.042159595843749,0.0,0.8339711167952815,True,0.6773658947411807,True,0.738373000356026,True,0.5363455341256401,True,never/death/2/2,0.0,True,0.2701163173448,True,0.3168586471059581,True,-0.04674232976115811,0.020988840403711906,True,False,0.05939820574321031,0.017078322799186696,1.01961088180542
1317,-0.07602127976702325,-0.11011939139474591,0.16602021561583374,0.00894507390589853,True,0.3297823966979488,0.012289754641172154,True,0.26156930005302237,0.011325517471969465,True,0.47589736099275864,0.016517003010760898,True,-0.09554908443718862,0.014943905623525015,True,-0.14611496429480986,0.020978923437858833,True,True,0.846329655669506,never/2,0.0,True,1.719444545707986,0.5297741099364995,1.9134834802289602,486,214,0.11661736293839223,0.0073629308151721,True,0.24163086373254428,0.011154842880804958,True,0.027996029021195558,0.004163805018027431,True,0.06314645313770163,0.006425361830153783,True,0.15305493455673194,0.009261548205069518,True,0.24074522525140798,0.014692291681186517,True,0.11623132117161913,0.00809638504505529,True,0.22411474696552586,0.015492439127652646,True,-0.036437571618339715,0.011756428135248242,True,0.0008856384811362916,0.018272988729795776,True,-0.08823529215042358,0.009106353507445385,True,-0.16096829382782424,0.01676337364959106,True,0,,1.2281712654138972,0.0,0.8553866080404122,True,0.6952226831297541,True,0.7307137442716489,True,0.5351400277830661,True,always/readmission/2/2,0.0,True,0.25781682417968455,True,0.2996650985129371,True,-0.041848274333252555,0.021952222908801316,True,False,0.058919873261529115,0.01618596044714027,1.01381516456604
1318,-0.08959044368600683,-0.16586805533342286,0.14447976495025566,0.008513328459738572,True,0.30249840069283473,0.013534522830060876,True,0.26928739815965336,0.010136710935989592,True,0.5140581626897879,0.017521117011207534,False,-0.1248076332093977,0.012759160439138826,True,-0.21155976199695314,0.02061770781023425,False,False,0.7690913022584275,never/2,0.0,True,2.1931699761581096,1.4566250593629966,1.3399603117549583,479,235,0.11501186009881943,0.007633419140269854,True,0.2306726258999832,0.011378196970575377,True,0.025713271598769873,0.0038152799962989296,True,0.07029351072691059,0.006994113079138571,True,0.14297723203508664,0.008571954003858172,True,0.23144172816591166,0.013595880677602059,True,0.09825208908518297,0.007235604406209568,False,0.22869412558830948,0.014299527135969669,True,-0.027965371936267205,0.011432604194596714,True,-0.0007691022659284674,0.01763992229263424,True,-0.0725388174864131,0.008175139708885453,True,-0.1584006148613989,0.01590580530941967,True,1,never/death/1,1.9984385689200468,0.0,0.8592748683024107,True,0.6990338633731062,True,0.7587706788797304,True,0.5398641462457788,True,never/readmission/2/2,0.0,True,0.2465663533080905,True,0.2946021538682508,True,-0.04803580056016027,0.020061195776882257,True,False,0.06316042570233912,0.015893727408107322,0.9893984794616699
1319,-0.07511390385900785,-0.13688487994612147,0.14072392813564674,0.008187180325652701,True,0.3062815408147785,0.013660415341484867,True,0.2411340959499773,0.01051628597238478,True,0.43944369725466403,0.016973125194837763,True,-0.10041016781433057,0.014194816213590368,True,-0.13316215643988555,0.02165257158332933,True,True,0.8403407757561527,always/2,0.0,True,1.6353762924987172,1.0524198474070956,1.134241122298162,448,188,0.11425782071753574,0.007456254326206965,True,0.2451124325131634,0.011409728046594816,True,0.0373557467644847,0.004661416570914483,True,0.07754827023542081,0.007219467301071313,True,0.143616562826964,0.008797426207627908,True,0.2343659383773373,0.014108994571281683,True,0.10386804649309023,0.007442649255533029,True,0.20749402052227914,0.01410522826276467,True,-0.029358742109428265,0.01146989687505382,True,0.010746494135826096,0.018048590960059212,True,-0.06651229972860553,0.00878120925914888,True,-0.12994575028685834,0.015840855979922012,True,0,,1.7292265590384361,0.0,0.8483864325179795,True,0.6773392972514158,True,0.7525153906799458,True,0.5581400411003836,True,never/readmission/2/2,0.0,True,0.2642748293780702,True,0.28899499133159423,True,-0.024720161953524056,0.0209927528056513,True,True,0.054629052954256935,0.019162396864906783,1.0323364734649658
1320,-0.0719686053401738,-0.1307899826936781,0.15157173151087472,0.008437703474184825,True,0.3176490305169654,0.012280039016066802,True,0.24767369262956154,0.011751160143664242,True,0.47124697492416767,0.018132024603753554,True,-0.09610196111868682,0.013683816523797349,True,-0.15359794440720226,0.02319552435160702,True,True,0.7802058803930196,never/2,0.0,True,1.4198134471315949,1.2146078697663483,1.362401140732585,483,203,0.11509268797279043,0.007530891072075505,True,0.24206573609485582,0.011022563026087165,True,0.03243317276579585,0.004294091619593932,True,0.08051269874301703,0.007317205422945922,True,0.14322513087463812,0.008589856814606526,True,0.2500921646354237,0.013845348599728587,True,0.11357380031922144,0.007686571929812082,True,0.19282414781614338,0.012732985575100365,True,-0.028132442901847687,0.011341538726831584,True,-0.008026428540567898,0.01754042791100538,True,-0.0811406275534256,0.008801745873102888,True,-0.11231144907312635,0.014679440250221911,True,0,,1.912099538430925,0.0,0.8524741392614137,True,0.6774215651621271,True,0.7432010688061405,True,0.5570836875484328,True,always/readmission/2/2,0.0,True,0.26307817151730883,True,0.30319627535648275,True,-0.04011810383917391,0.02035698316076193,True,False,0.05310411072105903,0.021012435422453013,1.0435161590576172
1321,-0.07919793818438486,-0.1660652501693532,0.14752158813757607,0.008299035037854108,True,0.30181434976881716,0.012644888294020358,True,0.2567024008383844,0.010836309651166868,True,0.4750128703164757,0.016845507853493917,True,-0.10918081270080834,0.013291856979241507,True,-0.17319852054765855,0.021322423315688486,True,True,0.8436606923660176,never/2,0.0,True,1.4705782414969821,0.9469491643217948,1.1083159279815324,487,209,0.10093907479743602,0.007128774772806639,False,0.22239740903472757,0.010999569181364249,False,0.02945248300052495,0.004417370747424511,True,0.06581892219078772,0.006914028599791665,True,0.14587023228869514,0.008723495254691283,True,0.24332242692659373,0.013316091998950738,True,0.1084424872169333,0.007589651994980006,True,0.2045248780800924,0.012749107400854812,True,-0.044931157491259116,0.011168401338067324,True,-0.020925017891866154,0.017112422448020526,True,-0.07899000421640834,0.00878399168254164,True,-0.13870595588930468,0.014504957146172915,True,2,always/readmission/1;always/readmission/2,2.494387292244769,0.0,0.869608442202039,False,0.7117836687744847,False,0.7456872804943715,True,0.5521526949933139,True,always/readmission/2/2,0.0,True,0.23585692399005012,False,0.30288171510980916,True,-0.06702479111975904,0.019504163845547325,True,False,0.05955928818321543,0.013459514955322549,0.9802861213684082
1322,-0.09386513664126003,-0.1415575687896165,0.1302199672210207,0.007903796372122728,False,0.3099152044261891,0.012267504699335394,True,0.254045090515142,0.010417763970803372,True,0.4556456645514587,0.01733313789341303,True,-0.12382512329412132,0.012778740009501403,True,-0.14573046012526963,0.02080595513822814,True,False,0.8635596242492325,never/2,0.0,True,1.6113115475918225,0.8259870796303246,1.0070712926205716,465,220,0.10977753093411977,0.007371753101207682,True,0.2394373068182423,0.011388574874475319,True,0.031843784932317425,0.0042781489531390155,True,0.07011564976366776,0.006623191292432549,True,0.13649516488648938,0.00847347239678554,True,0.22860254913495595,0.013624717898741779,True,0.11209182634447099,0.007561869975514752,True,0.2055576827099199,0.013596132605213872,True,-0.026717633952369618,0.011176037735096178,True,0.010834757683286345,0.017648564646013058,True,-0.08024804141215355,0.008688359036171284,True,-0.13544203294625212,0.015101404424081559,True,0,,1.213207895475373,0.0,0.8583786841335628,True,0.6904470434180899,True,0.7514130087690396,True,0.5658397681551242,True,never/readmission/2/2,0.0,True,0.257792697047911,True,0.2836492396099757,True,-0.025856542562064655,0.020128484036025854,True,True,0.05504669047501973,0.018355390229668728,0.9513556957244873
1323,-0.08346041713388652,-0.10328120545471825,0.14160639708186393,0.007755733898454254,True,0.3057092180864345,0.011530575661272606,True,0.248450129977865,0.010225653222045257,True,0.4095238952877512,0.01612089013841883,False,-0.10684373289600108,0.013078483707654251,True,-0.10381467720131671,0.020080259927434237,True,False,0.824576892919951,never/2,0.0,True,1.6188773087656605,1.1091357286333374,0.9571353223100624,499,234,0.10633754507715608,0.007623309995646443,True,0.22988863174138063,0.0114504893856858,True,0.025861230737156127,0.0037746764791599116,True,0.06782446530190957,0.006647565521011379,True,0.13467337658954925,0.00841611603383923,True,0.23359230379682547,0.01316672597676147,True,0.11614378943184672,0.007710977180784147,True,0.2253540587391726,0.01329120574739008,True,-0.028335831512393175,0.011306806875915938,True,-0.0037036720554448344,0.017325495716543033,True,-0.0902825586946906,0.008582467192254877,True,-0.15752959343726303,0.014845389200803477,True,0,,1.6244196982565209,0.0,0.8678012241856878,False,0.7022869029567098,True,0.749182833978604,True,0.5410536374640019,True,always/death/2/2,0.0,True,0.24687875207740598,True,0.2936114661671136,True,-0.04673271408970761,0.019604174459540963,True,False,0.06001916237028812,0.016990120336025344,0.9712305068969727
1324,-0.09635139111387189,-0.15460157821670545,0.13222035512366365,0.008557479146172033,False,0.2970877327832567,0.012637092354361413,True,0.25091078014690404,0.009100312702138295,True,0.4502327712039455,0.016443821248597463,True,-0.1186904250232404,0.012294846805689527,True,-0.15314503842068883,0.02052777797563993,True,True,0.8624886061207967,always/2,0.0,True,1.48774358043302,0.9125049790173415,0.9304764918012354,469,229,0.11966874941934008,0.007856037870925078,True,0.2519728553492322,0.011464961975890316,True,0.036594004553711146,0.00480092698426378,True,0.0719027987662428,0.006954187960844101,True,0.14636899580718404,0.008654712209707755,True,0.2380223157754508,0.014319858873222291,True,0.1193391898285895,0.007778368179994414,True,0.19111839263325886,0.012824976667314735,True,-0.026700246387843962,0.011625818968318042,True,0.013950539573781395,0.018209559874531822,True,-0.08274518527487836,0.009144968599460524,True,-0.11921559386701606,0.014581033503435488,True,0,,1.5386856349636486,0.0,0.8437372460269488,True,0.676124345884525,True,0.7342918143642265,True,0.5708592915912903,True,never/readmission/2/2,0.0,True,0.2700334318408162,True,0.2890579003430515,True,-0.019024468502235325,0.02124437751776144,True,True,0.05103558456760071,0.01806057649158399,1.0031867027282715
1325,-0.08602318508532891,-0.1116533537586169,0.15625892340337832,0.009312975971681622,True,0.33212387054804526,0.012286938353652911,True,0.26557271859159703,0.010105904823246536,True,0.44765583734525094,0.015525382195486713,True,-0.10931379518821871,0.013768368835508256,True,-0.11553196679720568,0.02006435387027044,True,True,0.8036400499763752,never/2,0.0,True,1.6276145160062354,1.3858623421110774,0.8459941569658626,466,217,0.1131012571211721,0.00742484441504411,True,0.23418375525752538,0.011086496677326101,True,0.03000027071658961,0.0041530772888552885,True,0.06300033412708432,0.006415082754562471,True,0.1479572742496863,0.008696839126427118,True,0.23244426821679912,0.013031565392943001,True,0.12274419316849455,0.008031073386336636,True,0.2390007757149633,0.01405307476217288,False,-0.0348560171285142,0.011358052759329483,True,0.0017394870407262675,0.016993192743148627,True,-0.09274392245190494,0.00903839853271013,True,-0.17600044158787898,0.015425787280340027,False,2,never/death/2;diff/death/2,2.309149020437795,0.0,0.8568984721622384,True,0.7028159106153903,True,0.7292985325818191,True,0.5285549560682375,True,never/readmission/2/2,0.0,True,0.24999654152821393,True,0.2984443963353298,True,-0.04844785480711589,0.019784360533602573,True,False,0.0660001281185307,0.01581278627068855,1.0327701568603516
1326,-0.09083220584616403,-0.1358578319890837,0.1431691224058327,0.007822754739095938,True,0.31484082698920274,0.012976289652815188,True,0.270520542877719,0.011002852240104985,True,0.46976747986296424,0.017141078460860687,True,-0.12735142047188627,0.01365505399360122,True,-0.1549266528737615,0.022098566087058173,True,True,0.8287606478611951,never/2,0.0,True,1.5257956692655552,1.2535028962147503,1.2634649642350917,506,240,0.1258328031900288,0.008155033373266046,True,0.26483710362039475,0.011832473486344933,True,0.028679057662622236,0.004122021241981757,True,0.0754918182404119,0.006846472270430214,True,0.15598612643011894,0.009080583934598738,True,0.2407124247517915,0.014699314192649053,True,0.11876267798679245,0.00806002894392072,True,0.20394696389760053,0.014545777593444293,True,-0.030153323240090152,0.012146465457346793,True,0.024124678868603255,0.018765077623939242,True,-0.09008362032417022,0.009051384125991288,True,-0.12845514565718863,0.016061895734421672,True,0,,1.533331440914066,0.0,0.845488139147349,True,0.6596710781391933,True,0.7252511955830886,True,0.555340611350608,True,never/death/2/2,0.0,True,0.2862047221762362,True,0.2964161655789062,True,-0.010211443402669995,0.021863769123728515,True,True,0.05570374082711471,0.02136761855584146,0.9759032726287842
1327,-0.09449665133225862,-0.12552887547632896,0.15453939652710086,0.009959236156632363,True,0.339138650273605,0.013188290238614678,True,0.274951021042697,0.011414613647870398,True,0.4813034495740095,0.015446507826605019,True,-0.12041162451559612,0.014295809476646083,True,-0.1421647993004045,0.01962893431440262,True,True,0.8239782425012265,never/2,0.0,True,1.7270782293622273,0.8110369862840942,1.2147786027632672,453,228,0.11672599998194076,0.007348378041572505,True,0.260251541581464,0.011218078538845743,True,0.03591175904357695,0.004566545430652655,True,0.07159468409105017,0.0068180219504721746,True,0.15555300900379598,0.009131527742372483,True,0.24583395353473125,0.013862570165894235,True,0.11537081752833936,0.007879925501792848,True,0.1901997994189706,0.012782492160833023,True,-0.03882700902185522,0.01164418729327227,True,0.014417588046732766,0.017709430083069435,True,-0.07945905848476241,0.009105350994979255,True,-0.11860511532792044,0.014479425813713562,True,0,,1.6156630742407212,0.0,0.8473622409744823,True,0.6681537743274858,True,0.7290761734678647,True,0.5639662470462982,True,never/readmission/2/2,0.0,True,0.2791710351591978,True,0.29534990153401464,True,-0.016178866374816858,0.020601766781115083,True,True,0.04951594799928338,0.01891949357773376,0.9893021583557129
1328,-0.0924902379771308,-0.10718846749226002,0.15264352011697555,0.008646088041980717,True,0.32608043184139174,0.012614478849371396,True,0.2708995115724909,0.010671894504754172,True,0.4390261731787942,0.016127561739998606,True,-0.11825599145551538,0.013874567631808096,True,-0.11294574133740248,0.021435835729027793,True,True,0.7958387893543224,never/2,0.0,True,1.6977230354056414,0.6853958700242385,1.2298661807500855,489,194,0.10779060829713759,0.007280503476309442,True,0.24013413463659458,0.011021481325229062,True,0.03262280764374113,0.0042052931191810874,True,0.07903346248892794,0.007065933550768188,True,0.1499886562265217,0.008975297509225455,True,0.2506061743273065,0.01585824215171744,True,0.1116249494496561,0.007715502440524738,True,0.20557490745991244,0.0145242153880618,True,-0.0421980479293841,0.01147456502427346,True,-0.010472039690711893,0.019163861102922664,True,-0.07900214180591497,0.008785978309949328,True,-0.12654144497098452,0.01614137787133633,True,0,,1.5013236019225316,0.0,0.8595865840591213,True,0.6808324028744774,True,0.7383863943238222,True,0.543818918212781,True,always/readmission/2/2,0.0,True,0.2620432667590431,True,0.31438787586474043,True,-0.052344609105697326,0.020464879592093192,True,False,0.06378170153743395,0.02190913212244852,0.9735829830169678
1329,-0.08873882207832254,-0.12792794716315092,0.14041641087222329,0.008474754566557562,True,0.31049663895447316,0.013342749468906468,True,0.2615399827736996,0.01058448647623213,True,0.4452388177331796,0.016940167657185472,True,-0.12112357190147632,0.013490335422095464,True,-0.13474217877870642,0.020850533142885916,True,True,0.8384784264569717,always/2,0.0,True,1.7943299475612169,1.2623430970577678,0.8872261570266932,475,210,0.11528663884770607,0.007361043140728409,True,0.24251272631316206,0.010755794038644517,True,0.03409886628994482,0.004388995610504082,True,0.08297165615507797,0.007599244417689619,True,0.15182789916042924,0.009208905224155073,True,0.2724000249286527,0.01431895469306336,True,0.11018320983631821,0.007887950061867047,True,0.19798185917804373,0.013119913240307732,True,-0.03654126031272317,0.01171087553179432,True,-0.02988729861549061,0.017719921502631963,True,-0.07608434354637339,0.009024409166491514,True,-0.11501020302296576,0.015153519800156735,True,0,,1.9593626441351937,0.0,0.8506144948623491,True,0.6745156175317599,True,0.7379888910032526,True,0.5296181158933035,True,always/readmission/2/2,0.0,True,0.26296015014408597,True,0.342872478734977,False,-0.07991232859089104,0.02005801917704482,False,False,0.07047245380632433,0.020447423830923905,1.0166001319885254
1330,-0.08102494546620836,-0.11621995272711055,0.149342944923419,0.008472107209997408,True,0.3234583074011281,0.01290087438856101,True,0.2622365758126032,0.010268286612179909,True,0.4544185312615374,0.015833509435261225,True,-0.11289363088918417,0.013972089238393218,True,-0.13096022386040934,0.02068233613608227,True,True,0.7758493216452039,never/2,0.0,True,1.8130880075743192,1.2297329052731683,1.4126182592350245,467,223,0.11829384919481332,0.0076601674646916895,True,0.22557816551300408,0.010778823828180694,True,0.036293732040373755,0.004692161975485816,True,0.07065056147486719,0.006757039157292837,True,0.1348057628762416,0.008434859944496642,True,0.21984416909985297,0.012980276080808569,True,0.10846090722543412,0.007620714336293234,True,0.19783031623099473,0.013031268297572958,True,-0.016511913681428278,0.011326853170945103,True,0.005733996413151116,0.016777747558804987,True,-0.07216717518506037,0.008947635282296772,True,-0.12717975475612753,0.014668098309854353,True,0,,1.9590110037599489,0.0,0.8454124187648129,True,0.7037712730121287,True,0.7567333298983243,True,0.5823255146691523,False,never/readmission/2/2,0.0,True,0.24267757663921316,True,0.2723622536373183,False,-0.029684676998105147,0.019711525320905383,True,True,0.05251808453746534,0.01709941112620908,1.056436538696289
1331,-0.05853864295325331,-0.09644176826457301,0.15460180203419283,0.008188289886209567,True,0.3109937161188014,0.013018306193830872,True,0.2429310720856726,0.010614731811454843,True,0.4376354951917425,0.015844034111893935,True,-0.08832927005147978,0.013888129451058944,True,-0.1266417790729411,0.020972732546527564,True,True,0.8325317233615427,always/2,0.0,True,1.7254310809599689,1.3037500316588508,1.2311654974966169,474,234,0.11462269683952062,0.007489378818222573,True,0.24654971021430808,0.011148303191660693,True,0.03355109917914617,0.004653130635339064,True,0.0703184264359104,0.007017983921231593,True,0.14619018500938794,0.008819610789641491,True,0.2493723647760122,0.014490909418608816,True,0.11353088137191793,0.00789808924430547,True,0.21195208599259763,0.01410424450677494,True,-0.03156748816986732,0.01148721721281706,True,-0.0028226545617041354,0.018088654004420054,True,-0.07997978219277176,0.009163536055857542,True,-0.14163365955668722,0.01574995963508502,True,0,,0.5472153645783954,0.0,0.8518262039813332,True,0.6831318633497816,True,0.7402789336186941,True,0.5386755492313902,True,never/death/2/2,0.0,True,0.26493053511239556,True,0.30806905682658137,True,-0.04313852171418581,0.02184482523515969,True,False,0.058696692050569155,0.018380824898087483,1.0121605396270752
1332,-0.07865184095252045,-0.10657646650678004,0.14825758095390246,0.008506069954636866,True,0.3168311776676107,0.012490289943335765,True,0.2593280275466642,0.010984383269926998,True,0.45297196458908884,0.015658828939863426,True,-0.11107044659276172,0.01370778611480856,True,-0.13614078692147813,0.01896052058901563,True,True,0.8235068841419407,always/2,0.0,True,2.014028314099136,1.7111176841999205,1.1849362376786368,480,232,0.12244666525339828,0.007752291602286769,True,0.246381080015552,0.011308261407093921,True,0.037846503179148894,0.004821908817615476,True,0.067849533654499,0.006696259658356554,True,0.16296305240160922,0.00933697853960089,True,0.2609141300102029,0.01417091656211294,True,0.11622124029216448,0.007909780913770073,True,0.21785831001611647,0.01406477159045469,True,-0.04051638714821093,0.012018274761660414,True,-0.01453304999465091,0.017944340608408757,True,-0.07837473711301558,0.009263156750401295,True,-0.15000877636161747,0.015570232178660437,True,0,,1.8992281417803516,0.0,0.8397068315674528,True,0.685769386329949,True,0.7208157073062262,True,0.5212275599736806,True,never/death/2/2,0.0,True,0.26324780037931383,True,0.3226011066005893,True,-0.05935330622127549,0.02058523878118595,True,False,0.06168697659038641,0.016866720363761828,0.9654834270477295
1333,-0.07751814074004468,-0.12106564615837506,0.16045083867274545,0.00853482793207451,True,0.32120530259198404,0.012797556343293319,True,0.2786624736806118,0.011650314248349058,True,0.460963770001366,0.01703000041889192,True,-0.11821163500786636,0.014096331479265508,True,-0.13975846740938197,0.021254279232732227,True,True,0.7774893545002686,always/2,0.0,True,2.041848715174285,1.1056912659443068,1.0501160006725978,513,188,0.11464386080173093,0.007668552905049242,True,0.24806605949075147,0.011613744415529021,True,0.027149994664693228,0.003930720330162758,True,0.06734399564260278,0.006434687609350284,True,0.14527369286055744,0.008795314102246633,True,0.2528097467638141,0.014237546555318059,True,0.12554501310901045,0.008028353395559525,True,0.18398781411382067,0.0121354748770299,False,-0.03062983205882651,0.01161083013413423,True,-0.004743687273062652,0.0182469231942783,True,-0.09839501844431722,0.008942732474580868,True,-0.1166438184712179,0.013726718589122678,True,1,never/death/2,2.2136905360850796,0.0,0.8582061445335758,True,0.6845899448666457,True,0.7291812940304321,True,0.5632024391223652,True,always/death/2/2,0.0,True,0.26597895242982894,True,0.3092602017640323,True,-0.04328124933420335,0.021171340390369536,True,False,0.05645045500021817,0.01791289293907747,1.0303544998168945
1334,-0.10547493686057957,-0.11911248125661922,0.14161415332292862,0.008558523024775808,True,0.3117016263134251,0.014080311800763842,True,0.2708784888071897,0.01017357512672911,True,0.4410804335841981,0.01603493081794965,True,-0.12926433548426106,0.013590739288137216,True,-0.129378807270773,0.019955617021799377,True,True,0.8491626452345212,never/2,0.0,True,1.9009818547076995,0.7317414966901236,1.1104404540423134,478,242,0.13529063257716617,0.008008748457743813,False,0.24887845307543852,0.011389014665461656,True,0.03299280841027677,0.004401833797486997,True,0.06864994407876918,0.006501293994545201,True,0.14032527363629352,0.008860432470510948,True,0.22464743430142603,0.013354090119476041,True,0.10820218027649188,0.007571649401233219,True,0.18601995866264978,0.01265166719167914,False,-0.005034641059127348,0.011823678957123211,True,0.024231018774012486,0.017435839533372566,True,-0.07520937186621511,0.008757831827708182,True,-0.1173700145838806,0.014217785907432617,True,2,always/readmission/1;never/death/2,2.0689415661625232,0.0,0.831716559012557,False,0.6824716028457923,True,0.7514725460872146,True,0.5893326070359242,False,always/death/2/2,0.0,True,0.2658437143686924,True,0.2666589551080404,False,-0.0008152407393479666,0.02001161033518128,False,True,0.042011520806614355,0.016965261293253903,0.937147855758667
1335,-0.049726882408492074,-0.10759139308146098,0.16814221169082968,0.00858411739450936,False,0.31929211949657055,0.012344419200016964,True,0.24859963585944228,0.010974617747850158,True,0.44960097258020315,0.01648741016133891,True,-0.0804574241686126,0.013782697155216359,False,-0.1303088530836326,0.02052665002371254,True,True,0.845586287494464,never/2,0.0,True,1.4923210816641137,1.1717389594512588,1.4966733489603659,452,196,0.11687046924912037,0.007502887560767774,True,0.2502571648989392,0.011203354190636918,True,0.03495970608909007,0.004609052424236535,True,0.07009101993988978,0.006676199189254335,True,0.1462901598021652,0.008876864715059262,True,0.24925362010712876,0.014571792209393518,True,0.12321600936382265,0.008275902173062647,True,0.21826029738502792,0.01367157820254064,True,-0.02941969055304483,0.011565363294857292,True,0.0010035447918104179,0.01824087560008672,True,-0.08825630327473258,0.009474536994763581,True,-0.14816927744513814,0.015209202976693006,True,0,,1.2692283142268523,0.0,0.8481698246617896,True,0.679651815161171,True,0.7304938308340121,True,0.5324860825078434,True,never/death/2/2,0.0,True,0.26842303727487654,True,0.31032472621368706,True,-0.04190168893881052,0.02270873918906391,True,True,0.061071106106558304,0.018165872375937364,0.9604661464691162
1336,-0.08908946448434768,-0.15352811221161256,0.15188701762648385,0.009228789886675514,True,0.2974706758103955,0.013586518347574392,True,0.2694384940896226,0.01091377370327851,True,0.4550291752834501,0.016221438315348956,True,-0.11755147646313877,0.015168887224932799,True,-0.15755849947305461,0.021112994689507773,True,True,0.720858503337875,never/2,0.0,True,1.65242351958284,1.4961040446652092,1.386726581165261,459,232,0.12258343563908324,0.007912879520269683,True,0.251565345418435,0.011520344607424035,True,0.03007698138744725,0.004204833496046793,True,0.06475728151942346,0.006517897739964759,True,0.15139111598341515,0.008962450799655911,True,0.23712081705460292,0.013912698964215549,True,0.10852288580097344,0.007745348121037175,True,0.1795565232665478,0.013076963422741786,False,-0.028807680344331912,0.011865119879235672,True,0.014444528363832088,0.017924006316343423,True,-0.0784459044135262,0.008812531156739497,True,-0.11479924174712434,0.014596582211484223,True,1,never/death/2,2.393176131320143,0.0,0.8473395829734696,True,0.6836773730621415,True,0.7400859982156114,True,0.5833226596788492,False,always/death/2/2,0.0,True,0.2675500859044017,True,0.28518463342979516,True,-0.01763454752539345,0.02077971870107197,True,True,0.04806381637519225,0.01598474048596671,1.0080301761627197
1337,-0.06847972437826708,-0.08586780458920767,0.15270021641852785,0.009574238821994364,True,0.3256252246315971,0.014751807442005835,True,0.25986115358514017,0.011081183348146856,True,0.4377967368865442,0.015541532986134966,True,-0.10716093716661232,0.014720972363319327,True,-0.11217151225494709,0.022094221634373475,True,True,0.8125684096547486,always/2,0.0,True,1.7255656773489647,1.3892741434652653,0.93902555235242,471,199,0.1263350560331601,0.007493997076144597,True,0.24591256764116956,0.010894734676627557,True,0.031517680542935585,0.004159573622279844,True,0.07049106822344062,0.0064101193598928964,True,0.15543730973603948,0.009092472196668998,True,0.25436551404715196,0.015351144195022948,True,0.11377828514444653,0.007905579072473273,True,0.20512590353321122,0.014557738726508238,True,-0.029102253702879388,0.011681571604989668,True,-0.008452946405982403,0.018700330912862446,True,-0.08226060460151094,0.008930715133743435,True,-0.1346348353097706,0.01589046869088578,True,0,,1.1226110473869688,0.0,0.8421472634239043,True,0.6835963641353898,True,0.730784405119514,True,0.5405085824196368,True,never/readmission/2/2,0.0,True,0.2651622051701768,True,0.3172384529487329,True,-0.05207624777855607,0.022125411455571724,True,False,0.06287293890158091,0.01924963752900724,0.9741005897521973
1338,-0.07639873756815285,-0.10006855148632082,0.15793684261839783,0.008495548950564803,True,0.33057075912834605,0.01233864723205938,True,0.26881789747895934,0.011188308990863278,True,0.4334400775340704,0.01651554025852179,True,-0.11088105486056152,0.013534097324255765,True,-0.10286931840572433,0.018454751646281943,True,True,0.8313786819873685,never/2,0.0,True,1.712190317855102,1.010840758659358,1.2615027847455456,475,236,0.13424671713399314,0.008037130277647271,True,0.2532427623098715,0.011261595655307363,True,0.03228784522360854,0.004443838313632422,True,0.06917978911409552,0.006714487072707889,True,0.1517653319022022,0.008865514194118835,True,0.24303944701487648,0.013343819086448588,True,0.1160203966977606,0.0076684645970836835,True,0.2166151172623532,0.013578912544578282,True,-0.017518614768209068,0.011874380388894743,True,0.010203315294995047,0.017324674695639725,True,-0.08373255147415207,0.008862918420502552,True,-0.14743532814825766,0.015142375614705317,True,0,,1.9317488453774354,0.0,0.8334654376423983,True,0.677577448576033,True,0.7322142714000373,True,0.5403454357227704,True,never/death/2/2,0.0,True,0.2712292049661711,True,0.2980093268507116,True,-0.026780121884540486,0.02019509143659671,True,True,0.054969879835835095,0.01798644265629956,1.0374236106872559
1339,-0.07569516991038502,-0.1466405952962902,0.16650299563739576,0.009577573764843899,True,0.32888881874463105,0.014347239276805252,True,0.2678533589344573,0.011030982790969437,True,0.49324534046356433,0.018513659342804106,False,-0.10135036329706151,0.014257651602533358,True,-0.16435652171893328,0.023294991899317906,True,True,0.8194812258125325,never/2,0.0,True,1.4585688941430162,0.8629240134670725,1.1925586821708742,466,232,0.11120552246948706,0.007405377197440542,True,0.23233620093124682,0.010929889642091123,True,0.03615720196299244,0.0045041763805197576,True,0.07352927852452593,0.006818245820571764,True,0.15319294006048448,0.009103925913104554,True,0.2580341699166951,0.015988511193501784,True,0.09642719415518397,0.007138506497199156,False,0.18584354642143097,0.014189900911885593,True,-0.04198741759099742,0.011673958344199693,True,-0.025697968985448266,0.019209776577118847,True,-0.06026999219219153,0.008441283084667609,False,-0.11231426789690505,0.015737337844129656,True,2,never/death/1;diff/death/1,2.5383591087861506,0.0,0.8526372755675204,True,0.6941345205442273,True,0.7503798657843316,True,0.556122283661874,True,never/death/2/2,0.0,True,0.25085447843369796,True,0.30525798637933027,True,-0.05440350794563231,0.022942120638021396,True,False,0.04722381646263518,0.018518277502451136,1.048513650894165
1340,-0.07668338283265982,-0.12065111694848879,0.14735135653286444,0.008568649610770198,True,0.29658960381927907,0.01178433817855462,True,0.24977342864522512,0.010508959979951342,True,0.42281574973191915,0.016521421090968515,True,-0.10242207211236068,0.012683343718826139,True,-0.1262261459126401,0.019879296956779282,True,True,0.8427880069975361,never/2,0.0,True,1.6339543503944325,0.9050014146863344,1.4964994284713165,467,215,0.12162252904876616,0.007740248977200154,True,0.26202508681763953,0.011624699623380924,True,0.03741979756870319,0.004651373584445161,True,0.07342905122717253,0.0068704927969420555,True,0.1553160054473704,0.009163514302518909,True,0.2524234955682258,0.014095637031431385,True,0.11026915103809795,0.007756769294645047,True,0.20372014902095173,0.013402914563493545,True,-0.03369347639860423,0.011914487336065337,True,0.009601591249413732,0.018132742568998536,True,-0.07284935346939475,0.009044245677083687,True,-0.1302910977937792,0.015055297017845444,True,0,,1.3769690721299457,0.0,0.8409576733825306,True,0.6645458619551879,True,0.7344148435145317,True,0.5438563554108224,True,always/death/2/2,0.0,True,0.2811831820634768,True,0.3100648806180908,True,-0.028881698554613977,0.0208280610537904,True,True,0.05764138504986499,0.01915809524583728,0.9686143398284912
1341,-0.07961536242845332,-0.09261428318969589,0.15901221150828188,0.008533157274347355,True,0.3223395979256525,0.013249923609060715,True,0.266144480748084,0.011754689544792186,True,0.41738775759864355,0.01534811604782538,False,-0.10713226923980212,0.013991525687312642,True,-0.09504815967299107,0.019467612834977548,False,True,0.8304311131723032,always/2,0.0,True,1.6922604475491907,0.6214236227170655,0.9978854447200586,473,244,0.1179931395211194,0.007585267764535541,True,0.24825695223198696,0.01125945090735055,True,0.030315714542879676,0.004055221812548573,True,0.07065778762622286,0.006712534437576011,True,0.14544484485485154,0.008853061583223326,True,0.21701041668141785,0.012937810397632447,False,0.10816345938230432,0.0076016275042648865,True,0.2513497794111619,0.014830605320876588,False,-0.027451705333732146,0.011577384399371818,True,0.03124653555056911,0.01703218361658671,True,-0.07784774483942464,0.008615145849894321,True,-0.180691991784939,0.01625445527124784,False,3,never/readmission/2;never/death/2;diff/death/2,2.730689579753996,0.0,0.8516911459360009,True,0.6810852601417902,True,0.7463916957628441,True,0.5316398039074203,True,never/readmission/2/2,0.0,True,0.2676395992379298,True,0.2769568238798326,True,-0.009317224641902822,0.019392073338378505,True,True,0.059946407198414764,0.019382647005942832,0.9955921173095703
1342,-0.0785720257503553,-0.1554081046265458,0.14833597354726552,0.007710947562333671,True,0.31362378049120593,0.01179713694042616,True,0.25385479424808616,0.010942931058085395,True,0.46280070918198374,0.016139050602499722,True,-0.10551882070082064,0.013068769796612877,True,-0.1491769286907778,0.019987942895478828,True,True,0.7879673603309815,never/2,0.0,True,1.3623881072324433,1.1677096202740018,0.8567255180542194,478,222,0.12742801619451652,0.007818585911920466,True,0.24427445901892605,0.011048961705860727,True,0.028490605642439493,0.004215926756020562,True,0.06958199836025855,0.006680863672956595,True,0.1366310901966815,0.008637511462397137,True,0.23715162136360113,0.013634662644402624,True,0.11353243885943842,0.007844913308377199,True,0.2200625305911672,0.01306279489923934,True,-0.009203074002164968,0.011578502980532618,True,0.007122837655324926,0.017391793919128738,True,-0.08504183321699893,0.008906667187254495,True,-0.15048053223090865,0.014661813145004775,True,0,,1.4946600633028428,0.0,0.844081378163044,True,0.6861435426208153,True,0.7498364709438801,True,0.5427858480452317,True,always/death/1/1,0.0,True,0.2612255712114263,True,0.2992136861485042,True,-0.03798811493707788,0.020230614943036063,True,False,0.06206206478490306,0.016951112192500256,1.017564058303833
1343,-0.06700211796087577,-0.09838567290871258,0.15595415999248494,0.008200311329246025,True,0.31933548502486586,0.012103289536304044,True,0.25019976605588123,0.010593937341695137,True,0.43699005467393726,0.017033542361891807,True,-0.0942456060633963,0.013187302565458072,True,-0.1176545696490714,0.021228928412021408,True,True,0.8444507074746253,never/2,0.0,True,1.7418764433896865,1.0356060282911947,0.9313786356678093,444,223,0.12415509566948944,0.007566822265074038,True,0.2439380791075999,0.010878044574984503,True,0.030576028122904157,0.004200703620246288,True,0.06909545615733777,0.0065255009666769425,True,0.15105940850835184,0.00892935793546725,True,0.2448474689566014,0.014072274242488074,True,0.10717725806590007,0.007635003473598057,True,0.2188437468514378,0.01471743473927592,True,-0.026904312838862396,0.011623659020194547,True,-0.0009093898490014907,0.017673449186788235,True,-0.07660122994299592,0.00871303470345554,True,-0.1497482906941,0.016092912303551803,True,0,,0.7249167539005245,0.0,0.8452688762076064,True,0.6869664647350624,True,0.7417633334257481,True,0.5363087841919608,True,never/readmission/2/2,0.0,True,0.262338841144428,True,0.30084676784686915,True,-0.03850792670244113,0.020742667290874168,True,False,0.05599929889026775,0.01840076203682811,1.0282111167907715
1344,-0.07208599048486689,-0.11304677566862209,0.1547257062173491,0.008143158163964385,True,0.31786581028576133,0.01328660421382749,True,0.25831375823016073,0.011470796198352147,True,0.46098387466476753,0.01948117760329946,True,-0.10358805201281163,0.013930597295908651,True,-0.1431180643790062,0.02322681013431555,True,True,0.807967612578416,never/2,0.0,True,1.6127747025958579,0.9546456572953346,1.6053638099043848,451,216,0.1219979502845832,0.007691370440208738,True,0.24644577815844998,0.011254867320878664,True,0.025967946467877978,0.0038469721145861333,True,0.07206714677883513,0.00726809667097616,True,0.15253243267292543,0.008843045014128349,True,0.2424961413850287,0.013241730121730952,True,0.11314481504503113,0.007617217416919347,True,0.23116906549331065,0.013864671264963534,True,-0.030534482388342235,0.011614569899929005,True,0.003949636773421278,0.017193364132100705,True,-0.08717686857715315,0.008536379202136532,True,-0.15910191871447552,0.015646237222549247,True,0,,1.4653838598144415,0.0,0.8520341032475388,True,0.6814870750627149,True,0.7343227522820435,True,0.5263347931216606,True,never/death/2/2,0.0,True,0.2626748365900275,True,0.3043883132195906,True,-0.041713476629563095,0.019608142729943843,True,False,0.06189217183456189,0.016229058431577514,1.0081982612609863
1345,-0.08960153372595767,-0.11233258523089495,0.14795922223615832,0.008816847074341253,True,0.34699127500590243,0.014175441258463274,False,0.26568608606758165,0.010751477884029652,True,0.469974002246649,0.017957665703615695,True,-0.11772686383142333,0.013607326168112012,True,-0.12298272724074655,0.02225315110113183,True,True,0.8618218416528651,always/2,0.0,True,1.4309535752341176,1.1578023912445217,1.1944887312541133,451,221,0.11941015643554323,0.00750854848735584,True,0.23113812213728666,0.010739633878568772,True,0.02526873087535492,0.003733343510027928,True,0.07179702360968761,0.006909097202823783,True,0.12879345344830764,0.00838092835705975,False,0.22649990370560413,0.014264918736404857,True,0.12662233507086018,0.008194051342718322,True,0.24542145798281462,0.016232863109582166,False,-0.009383297012764413,0.011197232660746296,True,0.004638218431682523,0.017731768111168507,True,-0.10135360419550526,0.009003275759752473,False,-0.17362443437312702,0.017632269411638878,True,3,never/readmission/1;never/death/2;diff/death/1,2.1832724799318686,0.0,0.8553211126891018,True,0.6970648542530258,True,0.7445842114808322,True,0.5280786383115812,True,always/readmission/2/2,0.0,True,0.2466728132489353,True,0.29707871172700473,True,-0.05040589847806942,0.020577865792227132,True,False,0.0705788080214006,0.015534691111648652,0.9801919460296631
1346,-0.08950221674563955,-0.1457488292742371,0.14463904351538107,0.007968886712453452,True,0.3085134240347267,0.012426795629100918,True,0.2555654342234614,0.011260854308724184,True,0.46110160687714746,0.018663399363669033,True,-0.11092639070808033,0.01365188410121409,True,-0.15258818284242076,0.02251627880515979,True,True,0.8207881701193971,never/2,0.0,True,1.3344794446782584,0.8469181915807377,1.3101271983800264,472,202,0.12640187792218355,0.007793996731968028,True,0.26535207734041244,0.01140888521540416,True,0.030588285414530483,0.004169452303547706,True,0.07075999260029227,0.006945924999706919,True,0.13941503160745009,0.008921492636319861,True,0.22990435327501516,0.014312040346860424,True,0.10845708610322584,0.007834080400343415,True,0.21543558733541748,0.014398138822436365,True,-0.013013153685266537,0.01179103316112914,True,0.035447724065397285,0.018175285627427443,True,-0.07786880068869535,0.008872974118750036,True,-0.1446755947351252,0.015979136878606158,True,0,,1.8210291020379412,0.0,0.843009836663286,True,0.6638879300592953,True,0.752127882289324,True,0.5546600593895674,True,never/readmission/2/2,0.0,True,0.28421509493168384,True,0.2951605300732147,True,-0.010945435141530846,0.02054304497988914,True,True,0.06525617679819953,0.018863017591271403,0.9844863414764404
1347,-0.06382396050296998,-0.07315646423501376,0.156980359899318,0.00909511751276203,True,0.3405672167791092,0.013665469573406175,True,0.24811288197294576,0.010788975678396243,True,0.43911237608308457,0.017066575678128835,True,-0.09113252207362776,0.01338746660149243,True,-0.09854515930397534,0.02124253069497773,True,True,0.8139346950871151,never/2,0.0,True,1.8940904661392022,0.6909311289568775,1.3456927910960426,475,202,0.12402187264928861,0.0076228681691100034,True,0.2539336016370957,0.011631182930145418,True,0.026538574274470483,0.004032838037046073,True,0.05994517398848694,0.006176981249252427,True,0.12327062025996866,0.008672363163656886,False,0.2146624378508334,0.013784513944674422,False,0.10936764287148658,0.007770141793345854,True,0.20934187187511044,0.014403204754452979,True,0.0007512523893199591,0.011454754916000032,False,0.03927116378626233,0.01789766323711738,False,-0.0828290685970161,0.00875368165029069,True,-0.1493966978866235,0.01566631888730307,True,4,never/readmission/1;never/readmission/2;diff/readmission/1;diff/readmission/2,2.5321102594107354,0.0,0.8494395530762409,True,0.6861212243744174,True,0.7673617368685448,False,0.5759956902740562,True,always/death/2/2,0.0,True,0.2685971745208657,True,0.2606628889888161,False,0.007934285532049556,0.020769031438496077,False,True,0.046000451137982734,0.01466357288376996,0.9977734088897705
1348,-0.04824877671903169,-0.10074828486320614,0.15046643059866113,0.008925336999307096,True,0.3118807760451892,0.013787007303024392,True,0.2330374288942677,0.010519790662393648,False,0.4480437582710475,0.018051901951390933,True,-0.08257099829560657,0.01396806384909987,True,-0.13616298222585826,0.022675123290603522,True,True,0.7176163083796312,never/2,0.0,True,1.487701526448833,1.4299317554350723,1.474766981559747,462,217,0.1316034023490998,0.007931349364103238,True,0.25662206786810743,0.011272037509226953,True,0.03201289606257175,0.004210443853503565,True,0.08138409724621073,0.007395076283292722,True,0.13387846473909965,0.008572323963125962,True,0.2275941544280524,0.013906730080327038,True,0.12098710285775627,0.008049431079138093,True,0.20745451899677297,0.01389195129946895,True,-0.0022750623899998323,0.011610822838899776,False,0.029027913440055036,0.017741367668096385,True,-0.08897420679518452,0.009081999952085326,True,-0.12607042175056224,0.01573751861944425,True,1,diff/readmission/1,2.087185201793721,0.0,0.8363837015883284,True,0.6619938348856819,True,0.7451344324031441,True,0.5649513265751747,True,never/death/2/2,0.0,True,0.27648060810561487,True,0.2845696776038748,True,-0.008089069498259938,0.020801269856805506,True,True,0.05697552317582241,0.019858540237507438,0.9681923389434814
1349,-0.06331078351664646,-0.13290806754221385,0.16360432499301772,0.008543795208671635,True,0.3142853867671348,0.012687993013709853,True,0.2548059682318895,0.011367465552677437,True,0.4865133130637027,0.019239603428745363,True,-0.09120164323887178,0.014431098565924621,True,-0.1722279262965679,0.023058117794599747,True,True,0.8124039370855621,never/2,0.0,True,1.566636995502444,0.8063087450179344,1.5815337365007824,492,227,0.12012456204050549,0.007648499464312332,True,0.23259962844070298,0.011024228833298984,True,0.036446268272021146,0.004767972391285874,True,0.07124666789157688,0.006970973759630197,True,0.12513559274205835,0.008401120590982565,False,0.2363829726820887,0.014228019476129374,True,0.12332628589492912,0.008110283999349427,True,0.2148840011714505,0.014041770555951209,True,-0.005011030701552857,0.011299800554471651,True,-0.003783344241385711,0.017847924878371422,True,-0.08688001762290798,0.009405733331067912,True,-0.14363733327987363,0.015671280049831683,True,1,never/readmission/1,2.391872255650062,0.0,0.8434291696874734,True,0.6961537036677201,True,0.7515381213630126,True,0.5487330261464608,True,never/death/2/2,0.0,True,0.24816810367939007,True,0.3008734876169849,True,-0.05270538393759483,0.020410664010774036,True,False,0.06449051493489621,0.015568475238687096,1.0611274242401123
1350,-0.06667628825230398,-0.1300157715966722,0.15658435467183765,0.009034033208903704,True,0.3183188976729169,0.01294790836032907,True,0.24847619573197277,0.011247387921681874,True,0.4645965328728532,0.01904789446412934,True,-0.09189184106013512,0.01431672399975712,True,-0.1462776351999363,0.021738468878627064,True,True,0.7190274292766314,never/2,0.0,True,1.9048162850310668,0.5852940099722721,1.2376238727683648,501,212,0.11908563568654669,0.007665348728257432,True,0.25946026712409304,0.011622059057173364,True,0.03435386599377849,0.004421736378200348,True,0.07403773795650875,0.006982417054444952,True,0.14169650807534145,0.008621050407309053,True,0.24698532465432027,0.013582248001608878,True,0.1137242484627164,0.0077375044369661595,True,0.23436637446192338,0.013760433392623336,True,-0.022610872388794764,0.011471827961373355,True,0.012474942469772765,0.01774429905540762,True,-0.07937038246893792,0.008908667702044931,True,-0.16032863650541462,0.015413251506288956,True,0,,1.7088396703063802,0.0,0.8465604983196748,True,0.6665019949193982,True,0.7445792434619422,True,0.5186483008837564,True,always/readmission/2/2,0.0,True,0.281053124509618,True,0.3142352770907532,True,-0.033182152581135216,0.020790808124127334,True,True,0.06724995243643295,0.021592857385524966,0.9895327091217041
1351,-0.07363942743013671,-0.1350223469493816,0.15348792433417838,0.008278672680888562,True,0.3065229403048781,0.012902305753521909,True,0.2551444523550979,0.010888235379608336,True,0.45899703939082975,0.01664076892879565,True,-0.10165652802091954,0.01274935664757444,True,-0.15247409908595166,0.021284077199978213,True,True,0.8274441313020137,never/2,0.0,True,1.5593040111690823,1.0649277150743883,1.7217498740919568,517,203,0.12090920307640161,0.007945395889303193,True,0.23188116550945875,0.010933124244892168,True,0.03973260205489009,0.004830546028140817,True,0.07459643037912758,0.00682436507363917,True,0.14430734540014492,0.008993717660859553,True,0.24487525015826286,0.014342020610301215,True,0.11645993455887914,0.00801433821656273,True,0.20711987271854934,0.013750012099726915,True,-0.023398142323743307,0.011943784159016799,True,-0.01299408464880411,0.01786930097450742,True,-0.07672733250398905,0.00935747640505711,True,-0.13252344233942176,0.015342347958795794,True,0,,1.8046825357019372,0.0,0.8393581948687083,True,0.6935224041114136,True,0.739232720040976,True,0.5480048771231878,True,always/death/1/1,0.0,True,0.25060396613738134,True,0.3026634797921269,True,-0.05205951365474554,0.020864600990143953,True,False,0.05778822963386401,0.018722800627922587,1.0419232845306396
1352,-0.0746465563063271,-0.09689292407549654,0.16088232123003166,0.008726697097959642,True,0.32857257031694304,0.013382834902159623,True,0.2605664662509351,0.010297073649536886,True,0.4542827913597066,0.01789817178499635,True,-0.09968414502090345,0.013689421707220388,True,-0.12571022104276358,0.021363199644140372,True,True,0.7866204185722987,always/2,0.0,True,1.4543333805795677,1.2133598869192497,1.9731930441905174,505,219,0.12240964948884968,0.007632458301208536,True,0.23891161245351805,0.010884465152182271,True,0.03486246175845168,0.0045766865100862,True,0.07677924135412822,0.007093633669841699,True,0.1468045722936007,0.009016673232137885,True,0.24540701563541922,0.01418348827090207,True,0.10429247252516267,0.007769964993893025,True,0.212765744933666,0.01381347800724509,True,-0.024394922804751015,0.01175869455338806,True,-0.0064954031819011715,0.017733926387505674,True,-0.06943001076671099,0.009017534867733802,True,-0.1359865035795378,0.015500755277531858,True,0,,1.3603484115356503,0.0,0.8427278887526987,True,0.6843091461923537,True,0.7489029551812366,True,0.5418272394309147,True,always/readmission/2/2,0.0,True,0.2577208088426179,True,0.31297981238645284,True,-0.05525900354383495,0.020193877862111645,True,False,0.06757279675103361,0.018809196389099836,0.9571540355682373
1353,-0.06611841200260449,-0.08342028099416438,0.1571798082793755,0.008310656723695761,True,0.33735913952200836,0.012559286139618903,True,0.250972740877844,0.011491410458374788,True,0.44077577576543275,0.017709519324213534,True,-0.09379293259846849,0.014165468917305385,True,-0.1034166362434244,0.02107531018083405,True,True,0.8464587425753787,never/2,0.0,True,1.7429909455266865,1.153361746251522,1.694193965777468,491,213,0.11931093633099298,0.0076532987127808875,True,0.23406727711152947,0.01134951135474365,True,0.02942003990578304,0.0042154222515878555,True,0.05884971894833757,0.005941416783654665,True,0.16265606581846645,0.00917760855152703,True,0.2517125157284373,0.014135654770412445,True,0.11894142396360104,0.008033702264429215,True,0.20181726263945482,0.014059260819967587,True,-0.043345129487473474,0.01185975641295223,True,-0.01764523861690781,0.01802261724300398,True,-0.089521384057818,0.009071556018443725,True,-0.14296754369111725,0.015249454618111738,True,0,,1.956146399901839,0.0,0.851269023763224,True,0.707083003940133,False,0.7184025102179326,False,0.5464702216321079,True,never/readmission/2/2,0.0,True,0.2487217576845091,True,0.30376238446783715,True,-0.05504062678332805,0.02164594887999467,True,False,0.052049868739399874,0.014654480572979633,0.9693295955657959
1354,-0.09806942778476674,-0.13809768157857905,0.14869492049417163,0.00868477562486299,True,0.30691442753616466,0.013660189948592418,True,0.28143296423365277,0.011983258714813236,False,0.44640815748820023,0.017007768829756353,True,-0.13273804373948114,0.014798241526359756,True,-0.13949372995203557,0.021112823955099953,True,True,0.828719786094779,always/2,0.0,True,1.438433256723817,1.084185811814083,1.177772368248691,456,203,0.12388687153960729,0.007814690422380201,True,0.2514333276943662,0.011253733151530656,True,0.030028678647772963,0.0041964617659589875,True,0.06221618406743101,0.006422105566351519,True,0.1496973433482967,0.008932906815315009,True,0.2473146839103893,0.013908702481689073,True,0.11367625567195568,0.0077119144697723385,True,0.1966501881668193,0.013003078737631327,True,-0.025810471808689422,0.011782122037185289,True,0.004118643783976916,0.017719957986369318,True,-0.08364757702418271,0.008779036142715354,True,-0.1344340040993883,0.014495711068983704,True,0,,1.2855310220724432,0.0,0.8460844498126198,True,0.6863504882382028,True,0.7366264009797476,True,0.5560351279227914,True,always/death/2/2,0.0,True,0.2669698087482311,True,0.3035766397468832,True,-0.036606830998652085,0.02028619549553614,True,True,0.056261955836493904,0.015536481053864903,1.0061399936676025
1355,-0.07747481740145926,-0.15691442262617844,0.15389248969317382,0.009053350743193671,True,0.3039924343850947,0.013529263258164462,True,0.2632905592155633,0.010568515112955208,True,0.465813019485759,0.017773980747125558,True,-0.10939806952238951,0.014184026585588773,True,-0.16182058510066427,0.021228212580029847,True,True,0.848245140506722,never/2,0.0,True,1.739357029983404,1.0862284074579167,1.0559958904954299,463,218,0.10689474658428447,0.007147840244573413,True,0.24236350862323638,0.011713331998258884,True,0.021307862819858858,0.003600015205391166,False,0.05966381686443629,0.0062345293537158985,True,0.15166287346931365,0.009077404930471131,True,0.26521809289906545,0.014080579724885722,True,0.11033339720866688,0.007722275853966789,True,0.20307317744175227,0.013203451157363199,True,-0.04476812688502918,0.01144697900898975,True,-0.022854584275829065,0.01815344107165179,True,-0.08902553438880802,0.008519137369382394,True,-0.143409360577316,0.014590189903065492,True,1,always/death/1,2.696415605579754,0.0,0.8717973905958567,False,0.6979726745123274,True,0.7380037293220194,True,0.5317087296591823,True,never/readmission/2/2,0.0,True,0.2584832667951754,True,0.3255907458871066,True,-0.06710747909193121,0.020557509125670937,True,False,0.060372652988041176,0.01611975817193903,1.0347189903259277
1356,-0.09664939550949914,-0.1372050248503111,0.12823759630037948,0.008075853305560416,False,0.2948647892320504,0.012885688853331752,True,0.2619272538052504,0.011662214036656795,True,0.44969628427905617,0.017439899188713085,True,-0.1336896575048709,0.014150380395341234,True,-0.15483149504700577,0.021108472833320926,True,False,0.8436362625315097,always/2,0.0,True,1.7138846022726912,0.8048712352136023,1.3874169792768827,464,250,0.10877375089043755,0.00717793036523743,True,0.24816891675784977,0.011682547679483984,True,0.0288278784878414,0.003983881984364943,True,0.07332875103927805,0.0070628306081844654,True,0.15180023779335577,0.008909662357790829,True,0.268977708618095,0.014299990156354248,True,0.11543230700474622,0.007835047695083036,True,0.1959758645492321,0.012542936612413132,True,-0.04302648690291823,0.011332594244504779,True,-0.02080879186024523,0.018286691101620525,True,-0.08660442851690481,0.00878411968245436,True,-0.12264711350995405,0.01438356692241044,True,0,,1.7226381521073235,0.0,0.8623983706217211,True,0.6785023322028721,True,0.732767455201898,True,0.5350464268326729,True,never/death/2/2,0.0,True,0.2682939404484548,True,0.33038130482721667,True,-0.06208736437876189,0.020945182786650755,True,False,0.06140359620912167,0.02012502369060501,1.0628046989440918
1357,-0.08980905918345383,-0.09449072465487574,0.13756018202487835,0.008402339457382313,True,0.3175614953991586,0.01334287342992362,True,0.2671139981757243,0.009904415272465706,True,0.45034972055933314,0.015547142708962123,True,-0.12955381615084594,0.012697679314160139,True,-0.13278822516017452,0.02075119482937348,True,True,0.8287683892124189,always/2,0.0,True,2.13335589562816,1.693831304190329,1.4622486551300504,462,210,0.11945967966796964,0.007626779373941207,True,0.256237416265917,0.01159303206133789,True,0.03416314578814355,0.004586450577907902,True,0.07563436683301136,0.006939223812262243,True,0.14241327931557923,0.008892258650385076,True,0.2598169403175782,0.014971839203686702,True,0.11256716063440207,0.007903062282204179,True,0.22203303617923417,0.014338216547608024,True,-0.022953599647609596,0.01165784595090294,True,-0.003579524051661176,0.0187972492347154,True,-0.07840401484625853,0.009140052629989378,True,-0.1463986693462228,0.015914277361568505,True,0,,1.0334695762540704,0.0,0.8463771745438868,True,0.6681282169010716,True,0.7450195600500187,True,0.5181500235031876,True,always/death/2/2,0.0,True,0.2754996227169062,True,0.33028324023599454,True,-0.054783617519088335,0.02204781813718674,True,False,0.07046629991841635,0.019262206450989194,0.9182169437408447
1358,-0.07212691473774863,-0.09156003380033206,0.15359446234620563,0.008930890407005789,True,0.32644308647326387,0.01280471002188823,True,0.2549699034981982,0.00976673828276619,True,0.4425762432215213,0.018228342011036448,True,-0.10137544115199257,0.01332839507314238,True,-0.11613315674825742,0.0222087852016913,True,True,0.7975877121066,never/2,0.0,True,1.4362413591585321,0.7316445171420024,1.3859528111169397,486,248,0.1147459557432312,0.007822221555557726,True,0.2628841619891904,0.012052974620840486,True,0.036326904578024455,0.004795291923187152,True,0.0715890927504005,0.006795670953334545,True,0.1402248265941015,0.008500938457432534,True,0.257621659348652,0.014646985679658543,True,0.10478230643081586,0.007351844652815663,True,0.2014898984134951,0.013930940035782022,True,-0.02547887085087029,0.011503320889470701,True,0.005262502640538402,0.018815111855042244,True,-0.0684554018527914,0.008777978933690714,True,-0.1299008056630946,0.015490622739591665,True,0,,1.5085019282042353,0.0,0.8489271396787443,True,0.6655267452604091,True,0.7549928669750827,True,0.5408884422378529,True,never/death/2/2,0.0,True,0.28269818032953614,True,0.31902001464422564,True,-0.036321834314689494,0.021642638752724094,True,True,0.06139835529557364,0.01981401834034574,0.964590311050415
1359,-0.07620097277975693,-0.14194297082228124,0.15101501155693758,0.008516030953608408,True,0.32872750206616935,0.01426192077918028,True,0.245173266338409,0.010813965318031854,True,0.45505775928728837,0.016788420718009723,True,-0.09415825478147141,0.013474078051812726,True,-0.126330257221119,0.022327194391135723,True,True,0.8321267724895826,never/2,0.0,True,1.454837813925064,0.9145580221632803,1.0548526075523639,439,205,0.1327942552271052,0.007850383952192832,True,0.26502070030592156,0.011345232145262155,True,0.03196528407557476,0.004404192025866287,True,0.07503466603969318,0.006923823192357419,True,0.14320899966198708,0.00882812556929463,True,0.2650242952051351,0.01600931774822184,True,0.11682638777156397,0.00793904963797412,True,0.21288393595814525,0.015142047226319587,True,-0.010414744434881884,0.011730928610247607,True,-3.5948992135326208e-06,0.01946161357189436,True,-0.0848611036959892,0.009079793856775644,True,-0.1378492699184521,0.016642903807121044,True,0,,1.7926836843660554,0.0,0.83524046069732,True,0.6599446336543853,True,0.739964612566449,True,0.5220917688367197,True,never/death/2/2,0.0,True,0.28480238856099427,True,0.34265377335994684,False,-0.057851384798952576,0.02112242390678973,True,False,0.07762947815481175,0.019781688255072705,0.99837327003479
1360,-0.06192222546778722,-0.11338664571991725,0.16482654578370004,0.008997049948723133,True,0.329112616994973,0.012763591426580114,True,0.25999853051172794,0.010006698152527442,True,0.4598549503047077,0.016164967892585962,True,-0.0951719847280279,0.014030864629822526,True,-0.13074233330973467,0.02077010010597198,True,True,0.8371634957996759,never/2,0.0,True,1.767991625967696,0.9817646678744361,1.2830663374367102,513,220,0.11676807586446168,0.007576375789764569,True,0.24271093506388858,0.011698536241068662,True,0.03354724388417028,0.004358414818733835,True,0.07146244780526904,0.006635555177023503,True,0.15424475225578466,0.009063290905527871,True,0.2777528310757825,0.014979974726565176,False,0.11361311022965731,0.007758722793277232,True,0.21518476300535308,0.013776633388100278,True,-0.037476676391322974,0.011740781101838413,True,-0.03504189601189395,0.018847082133211058,False,-0.08006586634548703,0.008896077817619715,True,-0.14372231520008405,0.01527562279403967,True,2,never/readmission/2;diff/readmission/2,2.230232806503738,0.0,0.849684680251368,True,0.6858266171308424,True,0.732142137514558,True,0.5070624059188644,False,always/death/2/2,0.0,True,0.2612686480306978,True,0.3524496664076164,False,-0.09118101837691855,0.021515661184464196,False,False,0.07469683533183386,0.018557712966809248,0.9869554042816162
1361,-0.08739161440167459,-0.12879796093818052,0.15028932357833166,0.008719701864334354,True,0.3152965315505225,0.012906515717279955,True,0.2682151936829803,0.010870307129147277,True,0.44217722758086964,0.01749939617540861,True,-0.11792587010464864,0.013829073299141318,True,-0.12688069603034713,0.020957100902391244,True,True,0.8344148314222254,always/2,0.0,True,1.639271201032099,1.096881917922496,1.2185386327098142,537,230,0.11143142176339416,0.007321872663024335,True,0.24750296123688617,0.011420432886865386,True,0.03548618321996061,0.0045361295116246375,True,0.07093158290004427,0.006908431492930581,True,0.13637248128662635,0.00865155582754006,True,0.25770303249140736,0.014289039071988715,True,0.11144788467521989,0.007782171028686132,True,0.22086946557495418,0.013649199235786443,True,-0.024941059523232195,0.011238418079340907,True,-0.010200071254521187,0.0180817288619439,True,-0.07596170145525928,0.009005797138375668,True,-0.14993788267490993,0.015289402266806019,True,0,,1.0238064563113556,0.0,0.8530823950166453,True,0.6815654558630695,True,0.7521796340381537,True,0.5214275019336385,True,never/death/2/2,0.0,True,0.26608043641133644,True,0.33196522995462197,True,-0.06588479354328552,0.02104079747171664,True,False,0.07426219746321461,0.01857747517445027,1.0244853496551514
1362,-0.06709891717178187,-0.09174422490558448,0.14692410346061807,0.00750071881186593,True,0.30767573834791667,0.01295005003185189,True,0.24735193079636095,0.00964467508382806,True,0.4278649018872173,0.017010076510034226,True,-0.10042782733574288,0.01219025811525923,True,-0.12018916353930065,0.020842818796549412,True,True,0.8115205392953818,never/2,0.0,True,1.7006516938064922,1.242082380708486,1.3078650089639476,483,220,0.11517190307003995,0.007654497183322578,True,0.23250516248911446,0.011087610462686488,True,0.02716727500747025,0.004163231013530752,True,0.07130125238329467,0.006787930991341444,True,0.14134392848047905,0.008753613748077248,True,0.2407984771086081,0.013978534346362308,True,0.10675642381912198,0.007485005199393825,True,0.19684644121169673,0.012726246080662704,True,-0.0261720254104391,0.011557068368316853,True,-0.008293314619493647,0.01767725682948788,True,-0.07958914881165173,0.008565187053563983,True,-0.12554518882840204,0.014412625225636432,True,0,,1.2797020204340435,0.0,0.8576608219224898,True,0.6961935851275909,True,0.751899647700399,True,0.5623550816796952,True,always/readmission/2/2,0.0,True,0.2502295447498385,True,0.2914030133300664,True,-0.04117346858022791,0.020730851017944318,True,False,0.0506045362214583,0.017724382260724036,1.0101733207702637
1363,-0.08092064139809499,-0.12641719517608202,0.14232295474780882,0.008646000088064845,True,0.3052237713557505,0.014097769148530002,True,0.248367382872422,0.010718606354270502,True,0.4534480701721188,0.017745929821058794,True,-0.10604442812461318,0.013716964600224783,True,-0.14822429881636828,0.022583874145773782,True,True,0.7720451623937792,never/2,0.0,True,1.364169907260204,1.1323948454267394,1.28020570179264,471,213,0.11538360631211544,0.007593848991729365,True,0.24880194640734862,0.0113065380281732,True,0.026750789791395294,0.003914564996266524,True,0.06244219143496106,0.006199440772494988,True,0.14905391690267772,0.008851358954388077,True,0.23431246387405782,0.013709691216965142,True,0.13321965271388386,0.008294690626454422,False,0.22798082844535741,0.014360883745843869,True,-0.033670310590562275,0.011597099318261033,True,0.014489482533290798,0.017638673545481372,True,-0.10646886292248857,0.009169488284495009,False,-0.16553863701039634,0.01561785064555864,True,2,never/death/1;diff/death/1,2.701553473204838,0.0,0.8578656038964892,True,0.6887558621576904,True,0.7177264303834384,False,0.5377067076805848,True,never/death/2/2,0.0,True,0.26574288482609826,True,0.29674036438345375,True,-0.03099747955735549,0.020983060661386745,True,True,0.06242790050939592,0.016940938418749635,1.0234155654907227
1364,-0.11004012426573748,-0.16427987078076006,0.14212161675068347,0.008879171716741359,True,0.2977635278218753,0.012526430373079756,True,0.28186681817967646,0.010653023406342714,False,0.483357548105718,0.01635710234749144,True,-0.139745201428993,0.014272808832428999,False,-0.1855940202838427,0.02201424199567031,False,True,0.7636168023267595,never/2,0.0,True,1.970343398474715,0.8051878703572709,1.1154819174452169,477,229,0.12154238080598603,0.007666316966150135,True,0.2574339548241304,0.011566978044357431,True,0.030992748287094096,0.004286998258229087,True,0.06477004085270141,0.006461417852268418,True,0.14527342073951285,0.008972064534324479,True,0.23185634132885735,0.014191328222987763,True,0.10187659427926475,0.007554107651654611,True,0.20365292707628316,0.014382847826448164,True,-0.02373103993352682,0.011721701405238065,True,0.025577613495273044,0.018159557582411653,True,-0.07088384599217065,0.00868564760012745,True,-0.13888288622358175,0.015760385215544764,True,0,,1.4343726910433856,0.0,0.8474648709069199,True,0.6777960043231682,True,0.7528499849812225,True,0.5644907315948595,True,never/readmission/2/2,0.0,True,0.2739716482473554,True,0.2804696397861542,True,-0.006497991538798764,0.021256727152599145,True,True,0.04861329845729684,0.01653769342322503,1.0191166400909424
1365,-0.06608848667672199,-0.11073380171740832,0.15251660935587852,0.008090004958378355,True,0.3132078192328297,0.013147392318266653,True,0.24721503180066573,0.009891421099983448,True,0.4446766782337628,0.0172982350442057,True,-0.09469842244478721,0.012505041686671927,True,-0.13146885900093308,0.02054824828642,True,True,0.7446957128812877,never/2,0.0,True,1.698778201008751,0.9215741492709383,1.9232124441442071,457,225,0.11595313055139203,0.007496743872582309,True,0.23913335111992653,0.011087296455708086,True,0.026812919899795395,0.0039591569580440565,True,0.06621486865754912,0.006490241101129985,True,0.13659809019015307,0.008737417789243102,True,0.24389952440053825,0.014100635693262859,True,0.11122315435257571,0.007744890906849116,True,0.19854905471085146,0.013236794688456755,True,-0.020644959638761035,0.011441544044203932,True,-0.004766173280611713,0.017781090934532142,True,-0.08441023445278031,0.008698134299402902,True,-0.13233418605330233,0.014731792438019753,True,0,,1.061357290133948,0.0,0.8572339495488126,True,0.6946517802225243,True,0.7521787554572712,True,0.5575514208886103,True,always/death/2/2,0.0,True,0.25569999767070206,True,0.30235109098667673,True,-0.04665109331597467,0.02061307054874361,True,False,0.05845156658613848,0.016566646550775527,0.9790289402008057
1366,-0.07851635799951048,-0.09101908375955559,0.14274066688058284,0.008046146790483745,True,0.30855932309477163,0.012904498757663474,True,0.24829877717157964,0.009704598328304193,True,0.4355283143523573,0.016020440996228184,True,-0.10555811029099679,0.0121303851860291,True,-0.12696899125758565,0.02114702073937294,True,True,0.7962195222456351,never/2,0.0,True,1.4093956221351458,1.1160182928831344,1.5308292051758605,494,225,0.12155297197022026,0.007767956001178277,True,0.25374911079073986,0.012102664300888936,True,0.02385217822837051,0.003830913589357022,True,0.06442546755724086,0.006663967827228166,True,0.15118079389063935,0.00911284941611008,True,0.24230420862397672,0.014292032839477302,True,0.10728039042455546,0.0077361785223452086,True,0.20045534496090875,0.014055154600270724,True,-0.029627821920419087,0.011887472340065411,True,0.011444902166763138,0.018597911900804523,True,-0.08342821219618496,0.008634640455387976,True,-0.1360298774036679,0.015548632417579306,True,0,,1.869742452956683,0.0,0.8545948498014092,True,0.6818254216520192,True,0.7415388156848052,True,0.5572404464151145,True,never/death/2/2,0.0,True,0.2685780815653594,True,0.2971263047869306,True,-0.02854822322157119,0.021710993482363456,True,True,0.05482209616295386,0.014828970774619532,1.0039072036743164
1367,-0.08433050380010054,-0.12572489962928213,0.14527233127849684,0.007940273569409354,True,0.3078421814315449,0.012737101354777519,True,0.25889942917188236,0.011616216692759846,True,0.4513655834513172,0.017561982891029823,True,-0.11362709789338551,0.014384165986759814,True,-0.14352340201977232,0.02096059908973353,True,True,0.8079726476596472,never/2,0.0,True,1.736539299804903,1.1354425881850443,1.4184258845651665,434,238,0.09828466770476976,0.007016611440519636,False,0.23132036631553707,0.011457137887562007,True,0.03505703166198775,0.004489937479230773,True,0.06609685830877399,0.0063117552573771106,True,0.13974535333886165,0.008750855150168272,True,0.2280062769984054,0.014122857901123664,True,0.11076817286868162,0.007759252419193848,True,0.2153942470411024,0.014241876201034029,True,-0.04146068563409189,0.011155772296356194,True,0.0033140893171316743,0.018047283574092052,True,-0.07571114120669387,0.008962953122224214,True,-0.14929738873232842,0.015554382983456278,True,1,always/readmission/1,2.912564343696472,0.0,0.8666583006332425,False,0.7025827753756889,True,0.7494864737924567,True,0.5565994759604922,True,never/death/2/2,0.0,True,0.2483970320006394,True,0.28868407443508637,True,-0.040287042434446974,0.021156301383318695,True,False,0.060677797436680975,0.017076665685102327,1.0018737316131592
1368,-0.08774321711281649,-0.1229064361334653,0.1333243384202664,0.008448020602438207,True,0.2915519014237422,0.014384927284605446,True,0.2507378121087372,0.010505256658154086,True,0.42428053600345744,0.015665580956551246,False,-0.1174134736884708,0.013336713265245149,True,-0.13272863457971523,0.02245523714644229,True,True,0.807330606646283,never/2,0.0,True,1.3462590284228821,1.0628735326596952,1.34030708958878,492,207,0.12387337928614718,0.007924540282324876,True,0.25135316436182265,0.011389346872291276,True,0.031215691029315384,0.004324681659015961,True,0.05965299599565332,0.00622520531443103,True,0.15267274046741586,0.009173198970978033,True,0.24987361678878695,0.014291259363629903,True,0.10646892572390013,0.007493514881305373,True,0.20077368141045956,0.013411143903394266,True,-0.028799361181268676,0.012062325800057328,True,0.0014795475730357,0.018099691174948244,True,-0.07525323469458474,0.00865134703836599,True,-0.14112068541480624,0.01477131437266535,True,0,,1.7379352901448075,0.0,0.8449109296845374,True,0.688993839642524,True,0.740858333808684,True,0.5493527018007535,True,always/readmission/2/2,0.0,True,0.26800338984982625,True,0.30574197773591066,True,-0.03773858788608442,0.021006454627588433,True,True,0.05586836094712372,0.0166502254880036,0.9345910549163818
1369,-0.07877723520123844,-0.10679150097596718,0.1550780832262771,0.008510143887622307,True,0.3248517328306398,0.014154597989781803,True,0.2591223794527591,0.011828604459715964,True,0.4582749558786091,0.017301116520504405,True,-0.10404429622648201,0.014024663466153855,True,-0.13342322304796933,0.023206994523126002,True,True,0.7977988063845591,never/2,0.0,True,1.5025601431308653,1.088582109712966,1.164099471715483,497,221,0.11417846968216366,0.007307502951430974,True,0.24553658659294364,0.011252673343751705,True,0.036098659006725764,0.004556798790118173,True,0.06987167365607602,0.006608932904058719,True,0.15305863676018439,0.009017068454236787,True,0.2541616275357914,0.01427122205668535,True,0.10581845059314009,0.007477441280886019,True,0.19102740626754958,0.013308718523076458,True,-0.03888016707802072,0.01149126174258884,True,-0.008625040942847773,0.017987644370469676,True,-0.06971979158641432,0.008755157795310506,True,-0.12115573261147355,0.01484860611593945,True,0,,1.4895944863568849,0.0,0.8497228713111106,True,0.6845917397509803,True,0.7411229126466755,True,0.554810966196659,True,always/death/2/2,0.0,True,0.2648657394916984,True,0.30537670319110427,True,-0.04051096369940588,0.02143336542601082,True,False,0.05121507565531286,0.019329152898754753,1.0120108127593994
1370,-0.07409937122747898,-0.13379414498141262,0.15029867379019776,0.008747680344141726,True,0.305370677144979,0.013806033035581096,True,0.2589948990488007,0.011204030224272757,True,0.46509535166194865,0.018988901414803427,True,-0.10869622525860292,0.013359205220631203,True,-0.15972467451696964,0.0228909296108416,True,True,0.811721593129207,never/2,0.0,True,1.7321538871699362,1.1294052186108532,1.1560660596589405,525,226,0.11933492251399345,0.00773815002885468,True,0.23885211905963455,0.010891781051274103,True,0.027273550935316,0.0039297737069268245,True,0.06424841068700973,0.006658797215112801,True,0.1402093622980254,0.008784482107236374,True,0.23293487216914974,0.014953220248024243,True,0.12536402545925177,0.00819129212988501,True,0.20395416898843025,0.013920724613210448,True,-0.02087443978403193,0.01164626009564134,True,0.005917246890484812,0.018361249972668563,True,-0.09809047452393577,0.009083556259467709,True,-0.1397057583014205,0.015416649776929433,True,0,,1.8047418935561708,0.0,0.8533915265506906,True,0.6968994702533557,True,0.7344266122427229,True,0.56311095884242,True,always/readmission/2/2,0.0,True,0.2547103445674869,True,0.29069235686609274,True,-0.035982012298605814,0.021214372944790054,True,True,0.057757484696943,0.015858225507852375,1.0118036270141602
1371,-0.08955810281760218,-0.11651422471924477,0.14661851575906007,0.00875816746827248,True,0.31750899489959217,0.011732358526572482,True,0.26550432260353113,0.009869422555742071,True,0.4392214710230926,0.017082883946879096,True,-0.11888580684447106,0.01314558521568446,True,-0.12171247612350045,0.019358355180153282,True,True,0.8353090255690798,never/2,0.0,True,1.7419875558314182,1.0915874154247824,1.197701239338569,481,225,0.1231824110851086,0.007805860134842999,True,0.2555523821173592,0.01146862149310018,True,0.034597139448977965,0.0044524091595971056,True,0.07535473608175505,0.006814972598674695,True,0.1482481860595218,0.008952463747921104,True,0.26668107262704027,0.015089720700834157,True,0.10476180681443266,0.007658591253202482,True,0.21418359921368058,0.01423991987111548,True,-0.025065774974413202,0.011812832648514396,True,-0.011128690509681072,0.018810041851022124,True,-0.0701646673654547,0.008857419667559516,True,-0.13882886313192552,0.01577280129005568,True,0,,1.480284033739967,0.0,0.8422204494659135,True,0.6690928818008858,True,0.7469900071260456,True,0.5191353281592792,True,never/death/2/2,0.0,True,0.2763120780426008,True,0.344587248509034,False,-0.06827517046643322,0.02079695946062636,True,False,0.07790617588199372,0.020759695925241572,1.0127205848693848
1372,-0.06795920186780402,-0.10084099628951593,0.157779364903764,0.009137199809541034,True,0.3162823856873023,0.014523576634985068,True,0.25321749684696054,0.011382319775217368,True,0.4492974635806092,0.018209593234464805,True,-0.09543813194319653,0.01444562072730808,True,-0.13301507789330685,0.024232373278932167,True,True,0.806976605107614,always/2,0.0,True,1.4804290905322441,1.170346856954357,1.539974457697943,490,213,0.11402003526414829,0.007626376822528908,True,0.24330574399440638,0.01153943338616108,True,0.028456313890270053,0.004071728634570965,True,0.06956802584319939,0.0067263795179869626,True,0.15162876047677323,0.009037051101181089,True,0.23885866030442196,0.013859736158280048,True,0.1171007725079396,0.00789906216541569,True,0.2026364825294687,0.012814272892764308,True,-0.03760872521262494,0.011761830139652697,True,0.004447083689984421,0.01791360190326378,True,-0.08864445861766955,0.008886457522257618,True,-0.13306845668626932,0.014459316861353499,True,0,,0.9437073211255106,0.0,0.8575236508455817,True,0.6871262301623942,True,0.7312704670152872,True,0.5585048571661093,True,never/readmission/2/2,0.0,True,0.2620780726462398,True,0.29063218935652174,True,-0.028554116710281963,0.020932201115860256,True,True,0.05177352905209978,0.018772328651833398,0.953301191329956
1373,-0.09842086936637287,-0.11668912848158136,0.14249420166964535,0.008121982746204513,True,0.3218985243105011,0.012962642921472329,True,0.26883829447399615,0.011014721952783088,True,0.45197766927663086,0.01737073698772926,True,-0.1263440928043508,0.01327168827464125,True,-0.13007914496612977,0.022418665185476326,True,True,0.7699796383592556,never/2,0.0,True,1.707622170466092,1.2208972614602005,1.1543172380566902,465,231,0.12176807776362536,0.007713011346106461,True,0.24479747551724154,0.011241607422354737,True,0.034354098152261044,0.004428757970932558,True,0.06760965416130969,0.006313804132976886,True,0.15065330283964404,0.008966537795907335,True,0.24888196528434356,0.013727962228513182,True,0.12563572167489176,0.00818382604075417,True,0.21180236308883363,0.012738060628693324,True,-0.028885225076018678,0.011745129180149385,True,-0.0040844897671020175,0.017589718751136043,True,-0.09128162352263072,0.0093034743222331,True,-0.14419270892752395,0.014202975722193707,True,0,,1.5791784442305645,0.0,0.8438778240841136,True,0.6875928703214488,True,0.7237109754854643,True,0.5393156716268228,True,never/readmission/2/2,0.0,True,0.2632974072921089,True,0.31121231340873545,True,-0.04791490611662658,0.021062337888627866,True,False,0.06233034812439189,0.018499931774867334,1.0250999927520752
1374,-0.09073488403073723,-0.1358450035686321,0.15619050679986538,0.009131778416082422,True,0.3242947426201591,0.013612639798513123,True,0.27628206160482766,0.009572321823299883,True,0.4709971280584879,0.01756902410393095,True,-0.12009155480496228,0.013434163707421736,True,-0.1467023854383288,0.01971837711344653,True,True,0.80997005068353,never/2,0.0,True,1.5582356676035385,1.4155942358473366,1.3797497621363164,473,223,0.10956106467718164,0.007423532156663103,True,0.253216564459856,0.011733899131627812,True,0.02375375211515825,0.003551234824873372,False,0.06910956524774303,0.0066718914505000055,True,0.1458175011098556,0.00879422898939058,True,0.24928364292437294,0.01562114299517403,True,0.11626020958770186,0.008009713389684115,True,0.2152883226325849,0.017099081969601596,True,-0.03625643643267397,0.011465691084326095,True,0.00393292153548308,0.019382162535151126,True,-0.09250645747254362,0.00875495711211395,True,-0.14617875738484187,0.01834366743659799,True,1,always/death/1,2.044710711322974,0.0,0.8666851832076601,False,0.677673870292401,True,0.7379222893024425,True,0.5354280344430422,True,never/death/2/2,0.0,True,0.27176259098124905,True,0.3149452480294399,True,-0.04318265704819085,0.02272529196904095,True,False,0.06566160510506697,0.018546026521393033,0.9683334827423096
1375,-0.10093680791899867,-0.1255935767408085,0.1333180514765037,0.007740055028316324,False,0.3260454417868901,0.012914201875330707,True,0.26212780686657916,0.011122585324465896,True,0.4625504263576471,0.016320232451242464,True,-0.12880975539007547,0.013612707153736902,True,-0.136504984570757,0.021924020130468045,True,True,0.8413917641070945,never/2,0.0,True,1.6378470980820254,0.9455982274160877,1.0460019551413646,464,208,0.12908628060768973,0.008011793725148934,True,0.2578411716529953,0.01132721893716507,True,0.030967783536465524,0.004180272700279942,True,0.07308451600201712,0.006807819981337127,True,0.14830905962020494,0.008801779471553731,True,0.22574876930762294,0.013169875546970003,True,0.11505255044538373,0.007825765747155872,True,0.20185151030458193,0.013481694529531131,True,-0.019222779012515206,0.011863434601211502,True,0.03209240234537236,0.017264097511565032,True,-0.08408476690891821,0.008869867539732477,True,-0.1287669943025648,0.01508685574550618,True,0,,1.7227892929501967,0.0,0.8399459358558448,True,0.6690743123449876,True,0.7366383899344113,True,0.5723997203877951,True,never/death/2/2,0.0,True,0.27745834241852046,True,0.27586039976319343,True,0.0015979426553270337,0.019863581156933176,False,True,0.05011163045557049,0.01961717076552516,0.9942059516906738
1376,-0.07972343931219644,-0.1393969557463398,0.159999901165425,0.008829487538874857,True,0.30638635914125534,0.013508723057923408,True,0.26342621340954586,0.010687292555515307,True,0.4463351282149022,0.02001205272599759,True,-0.10342631224412085,0.013924814778566925,True,-0.13994876907364684,0.02453042736249663,True,True,0.6918423047366145,never/2,0.0,True,0.972429215761427,0.6377543398633642,0.8813567047920776,458,231,0.105566014893246,0.00724640884879352,True,0.23838499832045432,0.011473610884251174,True,0.03218578591104961,0.004232150901984096,True,0.07708787771515266,0.007005083714763287,True,0.1377103380240087,0.00866151290086112,True,0.23977086785417395,0.014393177639129695,True,0.11057767507137437,0.00771660404629069,True,0.20537197327016718,0.013932190945113748,True,-0.032144323130762695,0.011217675403327902,True,-0.0013858695337196358,0.018285096833516888,True,-0.07839188916032475,0.008799048829482915,True,-0.12828409555501452,0.01558105551212594,True,0,,1.815379918695066,0.0,0.8622481991957044,True,0.6845271239643931,True,0.7517119869046169,True,0.5548571588756589,True,never/readmission/2/2,0.0,True,0.25825853843060287,True,0.2971798959544089,True,-0.038921357523806044,0.021555028035503843,True,True,0.05740902810023496,0.019873540110148552,1.0049617290496826
1377,-0.07844785942155835,-0.0979102285591898,0.1377450650902098,0.007940149309928531,True,0.32751282758964,0.013996753536810876,True,0.24821193166555117,0.011077826105301402,True,0.45150507268522694,0.018138909723571597,True,-0.11046686657534135,0.012539448454426533,True,-0.12399224509558693,0.022301364046134118,True,True,0.8167438371908547,never/2,0.0,True,2.078866899362172,0.9291653537537532,1.2114416300415538,504,231,0.11649328357910059,0.007678375561555217,True,0.24134247601063608,0.011421295904090231,True,0.030914638341532373,0.004359175236970278,True,0.07053425828787924,0.006865176700448386,True,0.15324972580304758,0.009106102386090987,True,0.23000713596653877,0.013328651961874566,True,0.11159719460481318,0.0077764288645701,True,0.2238284701760801,0.014479590723514157,True,-0.036756442223946986,0.011837447417220011,True,0.011335340044097308,0.017434859007401285,True,-0.0806825562632808,0.008912797210000633,True,-0.15329421188820086,0.01600235657375824,True,0,,1.075642463654282,0.0,0.852592078079367,True,0.6881232657014846,True,0.7351530795921393,True,0.5461643938573811,True,never/death/2/2,0.0,True,0.25880022268129393,True,0.28369812779066494,True,-0.02489790510937101,0.020664673251792894,True,True,0.05369099182412618,0.01745774667065786,0.9986491203308105
1378,-0.08414450682224422,-0.0880492247449206,0.1474268519932603,0.008734852357290627,True,0.3430636605353233,0.013673451030873009,True,0.2647462547406018,0.01110781586625148,True,0.43908509555833486,0.01666665642333956,True,-0.11731940274734151,0.01387781437984262,True,-0.09602143502301158,0.020675685034840793,False,True,0.7857671946688085,never/2,0.0,True,1.519977856443319,1.4477568708255364,1.4686887206498667,482,227,0.11882540408009425,0.007683302906663845,True,0.2450207797360465,0.011379385245146083,True,0.037560688451758945,0.005098456132536156,True,0.06535950080105661,0.006743261787756049,True,0.1385197429212076,0.008437582257732796,True,0.20799190110482227,0.013378927094066677,False,0.11399420025766656,0.0076110588824344965,True,0.19972292780562062,0.014493977444613742,True,-0.019694338841113365,0.011324683880374845,True,0.03702887863122423,0.017426024992269327,False,-0.07643351180590761,0.00916297035629676,True,-0.134363427004564,0.015985365076472118,True,2,never/readmission/2;diff/readmission/2,2.717116151361589,0.0,0.8436139074681468,True,0.6896197194628969,True,0.7474860568211259,True,0.5922851710895571,False,never/death/2/2,0.0,True,0.2605149668885109,True,0.2530923357888129,False,0.007422631099697985,0.021103223161280223,False,True,0.04510043468399064,0.015494187152464395,0.9970862865447998
1379,-0.06604388625346708,-0.14064919383478947,0.15659010660707218,0.008656153605253153,True,0.3064670124318678,0.012630092662705554,True,0.25179042396979107,0.010533409842468415,True,0.4542131967139605,0.01705267534735476,True,-0.09520031736271889,0.013590069686327973,True,-0.14774618428209269,0.02068152936295352,True,True,0.8481727419372502,always/2,0.0,True,1.9998079972857528,0.6341412111270047,0.87718152647129,459,217,0.12047152336231463,0.0075407947831436575,True,0.24636019351367075,0.01102065938420552,True,0.031393343543632574,0.004245353719691835,True,0.06900200752754214,0.006720427508534365,True,0.12847415000862827,0.008464188959860357,False,0.23120706134635863,0.014077013492315476,True,0.11963062646200853,0.007992862154161586,True,0.22293495752757297,0.014118788195731261,True,-0.00800262664631364,0.011262814020653607,True,0.015153132167312122,0.017710002884916656,True,-0.08823728291837596,0.009050328800684576,True,-0.15393295000003082,0.015626131249542426,True,1,never/readmission/1,1.9796167206134967,0.0,0.8481351330940528,True,0.6846377989587871,True,0.7518952235293632,True,0.5458579811260684,True,never/death/2/2,0.0,True,0.26370179844012015,True,0.2967560860994147,True,-0.03305428765929452,0.020184769710720855,True,True,0.06554902475305605,0.0173416049264494,1.0107758045196533
1380,-0.07148573310257156,-0.1286047847825822,0.15184620179548386,0.008329121441881533,True,0.3303809157073175,0.013770339909721856,True,0.24806080500704922,0.010541982862612606,True,0.46815905555107584,0.017417577367251063,True,-0.09621460321156536,0.013500365334378364,True,-0.13777813984375836,0.021659240982820377,True,True,0.8362105721969865,never/2,0.0,True,1.1387950925275467,1.0488167960837906,1.5630761404023907,497,235,0.10591818476234485,0.007106870085035085,True,0.23436137023964165,0.010882507773474154,True,0.033700658068196616,0.004364993014291676,True,0.06455379492171172,0.006262499636003073,True,0.15837894900185576,0.00939101978321964,True,0.25093218378742077,0.01371567578670815,True,0.1149491382605576,0.008012718933285997,True,0.2092969154233906,0.013563134792890891,True,-0.052460764239510904,0.011678992750410903,False,-0.016570813547779117,0.01730759686784725,True,-0.08124848019236097,0.009123868217542186,True,-0.14474312050167887,0.01492881342702748,True,1,diff/readmission/1,2.222089249828316,0.0,0.8603811571694585,True,0.7010848348386467,True,0.7266719127375867,True,0.5397709007891887,True,never/readmission/2/2,0.0,True,0.2519182333560978,True,0.30648826983186594,True,-0.054570036475768136,0.02049051670738563,True,False,0.055556086044445174,0.017556863116456156,0.9866671562194824
1381,-0.09938985070967835,-0.13033243143378187,0.13957177089627604,0.00816555230830503,True,0.3206644840520994,0.012943799086582275,True,0.27395326762494043,0.011353638204307116,True,0.4664252104167108,0.016052231293417006,True,-0.1343814967286644,0.013950642135454,True,-0.1457607263646114,0.019999069232769926,True,True,0.8308497528779191,never/2,0.0,True,1.639088916668747,1.7006081192545568,1.4875032746176988,494,217,0.11504115191839406,0.007412009581847721,True,0.24725165452221384,0.011075092570736442,True,0.025237693320913187,0.0036864023350023003,True,0.060673138268348054,0.006097585253924085,True,0.12525963244489272,0.008294484822106553,False,0.2098123178653436,0.014263592368998712,False,0.12181658071267608,0.008164535363545009,True,0.19533688006692726,0.013719469297261564,True,-0.010218480526498652,0.0110702400674182,True,0.03743933665687024,0.01790322761825071,True,-0.09657888739176289,0.008950381876625899,True,-0.1346637417985792,0.014989828455981598,True,2,never/readmission/1;never/readmission/2,2.4209666990841305,0.0,0.8597211547606928,True,0.692075207209438,True,0.7529237868424312,True,0.5948508020677291,False,always/death/2/2,0.0,True,0.2641828207432725,True,0.2636335646714356,False,0.0005492560718368678,0.020856444238950642,True,True,0.053821246806092016,0.01693116622105864,0.9480082988739014
1382,-0.0772324705955858,-0.10577760359035637,0.14028115883482628,0.008239160793264916,True,0.30358279510844866,0.012358759924148612,True,0.24725527142794254,0.010902630366617922,True,0.4293168751027696,0.016931422411223238,True,-0.10697411259311626,0.013620142209215827,True,-0.12573407999432096,0.020830444297236978,True,True,0.8288955091343015,never/2,0.0,True,1.6462074648980012,1.0756482989769782,1.5196313507919958,467,219,0.11858397766377533,0.007744812797656678,True,0.24895544328240612,0.011367362749123568,True,0.035520508333676266,0.004639113001971694,True,0.07661597627667573,0.007464338878305007,True,0.1308780928960813,0.008424435898512049,True,0.2221719871930778,0.013361969784727291,True,0.09724703800038995,0.007230189031723037,False,0.1807468548439686,0.013011837796981075,False,-0.01229411523230596,0.011355532269850834,True,0.026783456089328334,0.01738363699564109,True,-0.06172652966671368,0.008590283786147165,False,-0.10413087856729288,0.014994177288846755,False,4,never/death/1;never/death/2;diff/death/1;diff/death/2,2.4175465405274768,0.0,0.8458955140025484,True,0.6744285804409181,True,0.7718748691035288,False,0.5970811579629536,False,never/readmission/2/2,0.0,True,0.2685592936158989,True,0.26665450407332136,False,0.0019047895425775563,0.019682705789748404,False,True,0.04448251688024357,0.019603850333492795,0.9899976253509521
1383,-0.041092067887696426,-0.10074397253485173,0.1541314332070836,0.008268778373780707,True,0.304134383114961,0.013053241592815226,True,0.2281087390080521,0.01044305382472306,False,0.4418723981039217,0.016864031018466254,True,-0.07397730580096848,0.013263787789708175,False,-0.1377380149889607,0.020959358791482738,True,False,0.8100371569035686,always/2,0.0,True,2.077791521317298,0.7015811603529354,1.673637199752072,486,225,0.11714219205971757,0.00754657519038604,True,0.24870053107105644,0.011587552170901879,True,0.029372120272652257,0.003926846515593818,True,0.06902426675542715,0.006319027077719975,True,0.14578475118738227,0.00902746580939634,True,0.2617931376791471,0.01506267517085288,True,0.09320452871497587,0.00740747099810593,False,0.18556055967171622,0.01367336334701919,True,-0.028642559127664696,0.011713336872813621,True,-0.01309260660809064,0.018893452944868046,True,-0.0638324084423236,0.008375969899529778,False,-0.11653629291628907,0.01504001020140584,True,2,never/death/1;diff/death/1,2.6334860156741957,0.0,0.8534856876676302,True,0.6822752021735163,True,0.7610107200976419,True,0.5526463026491367,True,never/readmission/2/2,0.0,True,0.26844986998621134,True,0.31639096586014964,True,-0.0479410958739383,0.022629462564600546,True,False,0.05459782818100256,0.0197493389151549,1.0444622039794922
1384,-0.060811176342725454,-0.11001179036272707,0.14650922873694597,0.008859121993514301,True,0.3020503625225731,0.013461676568529854,True,0.23904432573554252,0.009727329453911674,True,0.439403312203706,0.017495738182763756,True,-0.09253509699859655,0.014343999138820358,True,-0.13735294968113287,0.02215144039606262,True,True,0.8217348266952514,never/2,0.0,True,1.6639632943350093,1.0682993791567428,0.8763526807716603,439,239,0.1190083871134393,0.00755748977761171,True,0.24779781424713218,0.011432967771420326,True,0.02599586102440158,0.0038718039015390943,True,0.06470080140962836,0.0064514584568630936,True,0.13957034902574758,0.008648935327199063,True,0.26208377740347377,0.014110362701373481,True,0.10858621081609955,0.0074963911677924525,True,0.18603945287512166,0.012128900613520089,False,-0.020561961912308274,0.011406361174434354,True,-0.014285963156341591,0.01793931540203247,True,-0.08259034979169796,0.00843700064409394,True,-0.1213386514654933,0.013735442195163908,True,1,never/death/2,2.0457375252312477,0.0,0.8549957518621591,True,0.6875013843432395,True,0.7518434401581529,True,0.5518767697214045,True,never/readmission/2/2,0.0,True,0.26553572826575006,True,0.31617225170573116,True,-0.050636523439981096,0.020729203685384938,True,False,0.05408847430225738,0.01773791401861788,0.9571433067321777
1385,-0.07584029237440587,-0.10823161825959576,0.14496776433080757,0.008928026152274643,True,0.3065332129874746,0.014465555957295971,True,0.24831537293836956,0.01095353784408437,True,0.4298704833212304,0.01620753563201498,True,-0.10334760860756198,0.013656419366781405,True,-0.1233372703337558,0.020960612766274554,True,True,0.8268182096687658,never/2,0.0,True,1.6411156432559342,0.8213703924107426,1.5495567123290637,475,219,0.12661077422017514,0.007877982680796787,True,0.25534956637996226,0.01168955454719315,True,0.02364156318601235,0.003682943646602127,False,0.055457063541887064,0.005941472012580958,False,0.1474434515099803,0.008756984248867795,True,0.2560829778197682,0.014131917250118475,True,0.10395266958770312,0.007459904753314515,True,0.19770310234642385,0.012978543592330772,True,-0.020832677289805174,0.011713056904765358,True,-0.000733411439805931,0.018188247245651445,True,-0.08031110640169077,0.008317995425288256,True,-0.1422460388045368,0.014262031785678371,True,2,always/death/1;always/death/2,2.52714082071229,0.0,0.8497476625938125,True,0.6891933700781507,True,0.7486038789023166,True,0.546213919833808,True,always/death/2/2,0.0,True,0.2697296979960565,True,0.31354621694977847,True,-0.04381651895372196,0.02112837818035535,True,False,0.05746323913001028,0.01438013161609425,0.9719099998474121
1386,-0.07026405165119218,-0.14226710742156912,0.15027835705414463,0.00911713525671293,True,0.286659147157701,0.012286046627550925,False,0.2510230356003066,0.010448170173132794,True,0.4596585044150538,0.016798445454844265,True,-0.10074467854616195,0.013523102599429791,True,-0.17299935725735277,0.020995854213539555,True,True,0.7962580340036528,never/2,0.0,True,1.5640524324277818,1.4192703624084904,1.1738162674878907,478,219,0.11228035601278778,0.007354924854242925,True,0.23563962041706543,0.010918908623327719,True,0.033306063976350234,0.0044438325825675,True,0.06719807665709637,0.00656872781689777,True,0.14845596208572165,0.009005479212786315,True,0.24689270102278557,0.014563728577902252,True,0.11069600334155118,0.007725269217888598,True,0.221494465345236,0.014405572631314562,True,-0.036175606072933866,0.011549970563762285,True,-0.01125308060572014,0.01805052225700792,True,-0.07738993936520094,0.008911137796592427,True,-0.15429638868813964,0.015826049851279885,True,0,,1.012407005524107,0.0,0.854413580010862,True,0.6971623029258383,True,0.7408480345727272,True,0.5316128336319784,True,never/readmission/2/2,0.0,True,0.2530660159284785,True,0.3052211981048468,True,-0.05215518217636833,0.022271181164667322,True,False,0.058328497082061254,0.017426395511413062,0.953420877456665
1387,-0.08548705445257168,-0.1301778379481519,0.1455853424442281,0.008312878081276487,True,0.33035245844294703,0.01368577550167949,True,0.2593979423855724,0.010655327448477733,True,0.47903705816058195,0.018031460834315623,True,-0.1138125999413443,0.01348915700721891,True,-0.14868459971763492,0.022877884111656754,True,True,0.7895908150442148,always/2,0.0,True,1.4087842208370827,1.0932272106306344,1.5258903329142592,486,209,0.12191214330954253,0.007565056636665592,True,0.2512555147127375,0.011247364433615417,True,0.04033874449118043,0.004862619505023808,True,0.08184493126115183,0.007186560756211868,True,0.1350620080465965,0.008767265352015502,True,0.2646278892085235,0.015545431737307012,True,0.11647227600460251,0.008091782878998869,True,0.20467434258223435,0.013823908277130084,True,-0.013149864737053957,0.01152912997537617,True,-0.013372374495785988,0.019032073200193223,True,-0.07613353151342209,0.009440951223498513,True,-0.12282941132108252,0.015567499208499683,True,0,,1.9174324623893808,0.0,0.8377491121992771,True,0.6668995540261107,True,0.7484657159488011,True,0.5306977682092422,True,never/death/2/2,0.0,True,0.2720265282625958,True,0.3326348916915507,True,-0.06060836342895487,0.02211186011922639,True,False,0.06800700248302721,0.02077101354985833,0.9985482692718506
1388,-0.06579008785669091,-0.09444511972772573,0.16219564015086063,0.008530744632149178,True,0.3329142624419399,0.012739528980198568,True,0.2516725486252407,0.010477032635423173,True,0.4579234286252971,0.016818493713064504,True,-0.08947690847438006,0.01371733372352271,True,-0.12500916618335722,0.021687584074148388,True,True,0.8238704560856325,never/2,0.0,True,1.8707669882897846,0.8669300043084082,1.112826991770078,474,242,0.12111931882981776,0.007810233809818913,True,0.2569882068843978,0.011582796870268962,True,0.03282944163158896,0.004480328933303398,True,0.07506112179889712,0.0069069408082719054,True,0.14309126280453666,0.008921275618689344,True,0.23729147627846306,0.014220325322416722,True,0.10893490725860099,0.007799835729767433,True,0.21903800379341243,0.014345103553186762,True,-0.021971943974718897,0.011802279505437368,True,0.019696730605934715,0.018240992196664387,True,-0.07610546562701202,0.008995073420143591,True,-0.1439768819945153,0.015909641818289598,True,0,,0.9509751672996608,0.0,0.8460512395385933,True,0.6679506713167052,True,0.7479738299368623,True,0.5436705199281245,True,always/death/2/2,0.0,True,0.2764026208045839,True,0.29430056847228697,True,-0.017897947667703085,0.021379993374465094,True,True,0.05700909219382391,0.019414413920186113,0.9647772312164307
1389,-0.07102502381381459,-0.16335010019220553,0.15397341185674096,0.008765884119677362,True,0.30112942699059475,0.012249360417513464,True,0.2519465218367857,0.010583784086949658,True,0.471292451928491,0.01921116962666942,True,-0.09797310998004471,0.014037584349103063,True,-0.17016302493789626,0.02313141694812127,True,True,0.7502942924058724,never/2,0.0,True,1.2373949321258904,1.1649615980004175,1.2620398578129517,436,204,0.12945408957411483,0.00792252228133001,True,0.24818159412491791,0.011019600283224278,True,0.03485476975023247,0.004451776734427045,True,0.08016294115750819,0.007015844974121533,True,0.14781307281909717,0.008905660588864047,True,0.25828683651718615,0.014372783689290455,True,0.10609766397524517,0.007624477520048511,True,0.21292304809027204,0.01382103050970329,True,-0.018358983244982335,0.011847483373747367,True,-0.010105242392268232,0.017961945058914717,True,-0.0712428942250127,0.008829932002467211,True,-0.13276010693276385,0.015489936932095834,True,0,,1.3812935139322406,0.0,0.8356911406756526,True,0.6716554647175739,True,0.7460892632056577,True,0.5287901153925418,True,always/death/2/2,0.0,True,0.2677455778739104,True,0.3218493156364455,True,-0.054103737762535076,0.020842318014448274,True,False,0.06356247911925933,0.019563983748992486,0.9788463115692139
1390,-0.06179080336988069,-0.1115822004618296,0.16434845081791347,0.009253136281549959,True,0.327066837944118,0.013612926580804091,True,0.253632564125833,0.01166115786151713,True,0.4801600477783544,0.016265090452146785,True,-0.08928411330791955,0.014632098595013703,True,-0.1530932098342364,0.021313350894868185,True,True,0.8514571338738958,never/2,0.0,True,1.6761199691308721,1.226291533188989,1.3539198558731869,445,236,0.12644921392882016,0.007763623312615212,True,0.24753530683529673,0.011150871055100561,True,0.02471935264269627,0.0037558132822527322,True,0.07163838229065024,0.006839163462071746,True,0.13657929668555607,0.008504520093894888,True,0.24290821180443653,0.014044112607187303,True,0.11210850947146847,0.007653370816713974,True,0.2245702522051123,0.014621706465142392,True,-0.010130082756735909,0.01142136901737783,True,0.004627095030860201,0.017778593638244678,True,-0.0873891568287722,0.008523649869657814,True,-0.15293186991446206,0.016126444150898315,True,0,,1.6762407724186992,0.0,0.8488314334284836,True,0.6808263108740531,True,0.7513121938429754,True,0.5325215359904512,True,never/readmission/2/2,0.0,True,0.2658116129068002,True,0.30429311827080496,True,-0.03848150536400474,0.02128321928812386,True,True,0.06138490646636843,0.01827630607150349,1.02128005027771
1391,-0.06506993080051438,-0.10789470835513382,0.15113216225816847,0.008313235615476132,True,0.32065942646080325,0.013399994400762042,True,0.24862872377763967,0.010226894679431003,True,0.44685634137999103,0.016994865083335912,True,-0.0974965615194712,0.012461341511242854,True,-0.12619691491918777,0.02145076226293139,True,True,0.846051911650954,never/2,0.0,True,1.807017105202788,0.742844654128474,1.2863974511196872,471,215,0.10939763416112115,0.007343596208021654,True,0.24341029872536038,0.011355843268878034,True,0.028938068513374392,0.0040776583692086225,True,0.06604134020270377,0.006420694102544414,True,0.15129296042017734,0.008973540798562555,True,0.26969248650209854,0.015059956472556509,True,0.11378451314024762,0.00775866411658319,True,0.21725091563448706,0.01390034820670758,True,-0.04189532625905619,0.011516919719335566,True,-0.02628218777673816,0.018699620451474306,True,-0.08484644462687323,0.008764026117564862,True,-0.1512095754317833,0.015294224491938615,True,0,,1.683171299219266,0.0,0.8616642973255044,True,0.6905483610719358,True,0.734922526439575,True,0.5130565978634144,False,always/death/2/2,0.0,True,0.2614397842473941,True,0.3442631738422945,False,-0.08282338959490038,0.02153678409807634,False,False,0.07457068734019595,0.018029485522033734,0.9646673202514648
1392,-0.09524146302573308,-0.11680914452145785,0.13827061051022344,0.007636250763759781,True,0.3071559026247541,0.013606716880029394,True,0.2649800311687442,0.010533985095488082,True,0.4385482738093904,0.017092446354433605,True,-0.12670942065852075,0.012374828567009014,True,-0.13139237118463626,0.021869094668425574,True,True,0.7801219449012402,never/2,0.0,True,1.7622230040097495,1.269428437783189,1.3051390903740085,448,205,0.11296057192252801,0.007397132371968104,True,0.23547727881368025,0.010973733328280054,True,0.03166884461462065,0.004577491659289406,True,0.06983825931041622,0.006821672387206802,True,0.1374287367612593,0.008452117157216206,True,0.23373539131183482,0.0134600619463421,True,0.11823962478102938,0.007877023899042409,True,0.21508411949792355,0.01342719329324241,True,-0.024468164838731293,0.011175117618652235,True,0.0017418875018454238,0.01722599740243966,True,-0.08657078016640873,0.009111858515003962,True,-0.14524586018750735,0.015046180918277712,True,0,,1.022142679320765,0.0,0.8553705834628513,True,0.6946844618759036,True,0.7443316384577113,True,0.5511804891902417,True,never/death/2/2,0.0,True,0.25247222970584926,True,0.29309526670274805,True,-0.04062303699689879,0.020124577673671668,True,False,0.059359875390913225,0.016994950892169014,0.9917149543762207
1393,-0.08658714657457808,-0.1311323625298848,0.14453395073179373,0.008737268519113515,True,0.3185353833475578,0.013256672899658956,True,0.25567620665578705,0.009985132363301058,True,0.45404008826296177,0.016606923187412623,True,-0.11114225592399332,0.013332214969936486,True,-0.13550470491540395,0.020266113580250357,True,True,0.8219237599173269,always/2,0.0,True,1.942625980333966,1.0846312078884839,1.0056222328424165,466,199,0.14720603442349403,0.008429862181927103,False,0.2658071369147598,0.011561172768927338,True,0.02146985922201155,0.003550226939432304,False,0.06004466993372574,0.006595064896316359,True,0.1514353878452746,0.00896756795754168,True,0.25014796000841727,0.014113978206708854,True,0.11766824139733476,0.007877529151241935,True,0.1985116186420803,0.013244206294111424,True,-0.004229353421780574,0.012201674757264858,True,0.015659176906342553,0.018068411733622027,True,-0.0961983821753232,0.008638554759241529,True,-0.13846694870835458,0.014784464417782731,True,2,always/readmission/1;always/death/1,3.3790628848670257,0.0,0.8313241063544944,False,0.6741481931515144,True,0.7308963707573907,True,0.5513404213495025,True,never/death/2/2,0.0,True,0.28113354232451127,True,0.3049912380891576,True,-0.02385769576464636,0.02113256943780257,True,True,0.054843278080740354,0.015326405409751442,0.9727013111114502
1394,-0.062415673879698735,-0.08852248020302356,0.16869002335412897,0.009057988183841013,False,0.32499533464989155,0.015543682472777673,True,0.2688689242255806,0.011978228302766954,True,0.44504050979539067,0.01696019271150954,True,-0.10017890087145165,0.014566060498368215,True,-0.12004517514549912,0.02192240673461401,True,True,0.7720361425005444,always/2,0.0,True,1.6768840011099062,1.0417370078519606,1.0677908948603678,453,239,0.1232211693908999,0.0075487860779389826,True,0.25689954517782376,0.011498643983513423,True,0.027621380701444195,0.003978045675572842,True,0.06771764768854689,0.00706833452451403,True,0.14151981957865575,0.00869767972705384,True,0.2623405741176185,0.014350334219118148,True,0.1006532346286047,0.0074610211990730636,True,0.21205175756512853,0.014137497947054678,True,-0.018298650187755852,0.011428388479655799,True,-0.0054410289397947564,0.018238813657229094,True,-0.07303185392716051,0.008455399371337205,True,-0.14433410987658163,0.015804580159993125,True,0,,1.616235237730386,0.0,0.849157449907656,True,0.6753828071336294,True,0.7578269457927396,True,0.5256076683172529,True,always/death/2/2,0.0,True,0.2735645793591452,True,0.33173523530275195,True,-0.058170655943606764,0.020677024966040337,True,False,0.06939466118513343,0.016665034181321425,0.9864439964294434
1395,-0.06351857823094206,-0.08890586471703593,0.15092354462675894,0.008033636121894127,True,0.3163697287046176,0.014447793916385112,True,0.24216590834336113,0.010341083894546818,True,0.422728976752084,0.01631239469127636,False,-0.09124236371660219,0.01284214055080982,True,-0.10635924804746638,0.019444050169298083,True,True,0.8272124483797892,never/2,0.0,True,1.4110244294667225,0.9827087766746648,1.8165544680988877,456,198,0.10910990571946712,0.007285785867632404,True,0.24250950328964996,0.011092756403757184,True,0.028787189232994965,0.003972113646012842,True,0.05960567364435904,0.00600517674356695,True,0.1453579723107818,0.009002871688149785,True,0.25589661119884116,0.01458210373466412,True,0.10533975172319017,0.007576325168204992,True,0.2017671999302368,0.013812244944748302,True,-0.03624806659131467,0.011518130403651856,True,-0.013387107909191204,0.01815871362003699,True,-0.07655256249019521,0.008553653370816502,True,-0.14216152628587778,0.015047984704398363,True,0,,1.8094931789112658,0.0,0.862102905047538,True,0.697884823065991,True,0.749302275966028,True,0.542336188870922,True,always/death/2/2,0.0,True,0.2589603036876822,True,0.3130926910137509,True,-0.05413238732606873,0.021131404963072965,True,False,0.05719607981490976,0.016450800398032234,0.8594331741333008
1396,-0.08432935180761267,-0.13118316256357215,0.1378665579921017,0.007965157855700152,True,0.31701748449485945,0.011951622087993457,True,0.2511046851519358,0.010651210688685412,True,0.4710364388766889,0.017144698099795116,True,-0.11323812715983408,0.013883476043793714,True,-0.15401895438182944,0.021266746701665958,True,True,0.7779936095378083,never/2,0.0,True,1.8458354631284497,1.3711853079345926,1.4160918774936704,484,212,0.1271486372489604,0.00787773847495015,True,0.2477377482466168,0.01129901893005414,True,0.031294659995065845,0.004341650189987055,True,0.06872465370793507,0.006675419423343164,True,0.13726795996456703,0.008893121089164164,True,0.23117826683872142,0.013857075482263271,True,0.11768370554894238,0.008141751337307573,True,0.2193041632570363,0.014502442331905296,True,-0.010119322715606643,0.011833158700443372,True,0.01655948140789537,0.017750022842478858,True,-0.08638904555387653,0.009226334250462489,True,-0.15057950954910124,0.015955265640469743,True,0,,1.385063591159245,0.0,0.8415567027559738,True,0.6835375980454481,True,0.7450483344864907,True,0.5495175699042423,True,always/death/1/1,0.0,True,0.26483840052949703,True,0.2926945587199118,True,-0.02785615819041476,0.020781633452792467,True,True,0.06151629188119037,0.01710065228288024,0.8275067806243896
1397,-0.06991145860301351,-0.09858039571906041,0.15844339535378812,0.008569103871249657,True,0.33117381965191584,0.012880103723437966,True,0.2549809806621087,0.011377456818409482,True,0.4478536707792637,0.01749308931137383,True,-0.0965375853083206,0.01464517057909518,True,-0.11667985112734786,0.020966594286485854,True,True,0.7759517319177563,never/2,0.0,True,1.4432986647738244,1.110731039965875,1.4122437458621324,488,223,0.11178804985236343,0.007334563962814029,True,0.229206448624649,0.010739285820194814,True,0.026486993177273235,0.0038163721537014398,True,0.05990813079360929,0.0062081644573271505,True,0.1468694199907685,0.00901649593185764,True,0.23554051863545777,0.0142661559138431,True,0.10471797302508087,0.007726962670621024,True,0.21354467513405478,0.01481238139676012,True,-0.035081370138405066,0.011566040087156393,True,-0.006334070010808768,0.017725030187428496,True,-0.07823097984780764,0.008613486045247531,True,-0.1536365443404455,0.01604534356211818,True,0,,1.7016091115181022,0.0,0.8617249569703633,True,0.7108854205817416,False,0.7484126069841506,True,0.5509148062304874,True,never/readmission/2/2,0.0,True,0.2437257707579952,True,0.28992357916375533,True,-0.04619780840576013,0.02141506301822191,True,False,0.054383060528297555,0.014519322133346196,0.7259416580200195
1398,-0.08282482357824822,-0.11021827558654751,0.13827311962958935,0.007862033415052474,True,0.30464306678211334,0.014919063915970346,True,0.25167732973179746,0.010664608399522978,True,0.4397810530171506,0.016218659395528915,True,-0.11340421010220811,0.013091113910949173,True,-0.13513798623503726,0.022546925760434246,True,True,0.7831676455833905,always/2,0.0,True,1.6378157985788933,1.1882353198573579,1.3962756884077616,475,249,0.12558060537182097,0.007751776667608015,True,0.24124196155519756,0.011073984434273949,True,0.033677397827823,0.0044278212677208665,True,0.06720872315267146,0.006632455462798427,True,0.14104167698231504,0.008699734142057755,True,0.24238670989933114,0.013910456090699784,True,0.11552338327853678,0.007925101888222997,True,0.21485594608337166,0.01377199278794519,True,-0.015461071610494065,0.011598730281537456,True,-0.0011447483441335837,0.017638679937777974,True,-0.08184598545071378,0.009076986667405447,True,-0.1476472229307002,0.01527521795135353,True,0,,0.9525118802953572,0.0,0.840741996800356,True,0.691549315292131,True,0.7434349397391482,True,0.5427573440172972,True,never/death/2/2,0.0,True,0.25755957402149504,True,0.3046742445047777,True,-0.04711467048328266,0.020371594941912194,True,False,0.06228753460544656,0.016317612466297482,0.7978837490081787
1399,-0.07265101168071761,-0.13935074172661344,0.15924295190397822,0.008634163377538747,True,0.32580093022668444,0.012347332746735681,True,0.2565033036851324,0.01172243718236516,True,0.4636245280077046,0.019223915065246018,True,-0.09726035178115419,0.013823861698241064,True,-0.13782359778102016,0.023282317156633713,True,True,0.7592546619701473,never/2,0.0,True,1.462072800798285,0.6740922653175732,0.8969337693156165,480,186,0.11773812359013769,0.007439321684540002,True,0.22908616083648198,0.010722298028431033,True,0.028613294476851462,0.003981660711941294,True,0.06891224430694305,0.006609352033253147,True,0.12720722997511108,0.008539323870919411,False,0.2166745561049971,0.013476235359043517,False,0.1282537032939657,0.008589396850330201,True,0.2125233919230787,0.01324627667539197,True,-0.009469106384973391,0.011238009912973194,True,0.012411604731484865,0.017079503049531968,True,-0.09964040881711425,0.009459365807994233,True,-0.14361114761613564,0.014791577908875114,True,2,never/readmission/1;never/readmission/2,2.1105617139391204,0.0,0.8536485819330109,True,0.702001594856575,True,0.7445390667309232,True,0.5708020519719241,True,always/death/2/2,0.0,True,0.24525047672413594,True,0.2744443553551896,True,-0.029193878631053632,0.020089692024833905,True,True,0.05776979925019246,0.016164315887653963,0.6878094673156738
