seed,naive_t1,naive_t2,exit_always_t1,exit_always_t1_se,exit_always_t1_cov,exit_always_t2,exit_always_t2_se,exit_always_t2_cov,exit_never_t1,exit_never_t1_se,exit_never_t1_cov,exit_never_t2,exit_never_t2_se,exit_never_t2_cov,exit_diff_t1,exit_diff_t1_se,exit_diff_t1_cov,exit_diff_t2,exit_diff_t2_se,exit_diff_t2_cov,band_all_cover,exit_min_ess_ratio,exit_max_trunc,cif_always_readmission_t1,cif_always_readmission_t1_se,cif_always_readmission_t1_cov,cif_always_readmission_t2,cif_always_readmission_t2_se,cif_always_readmission_t2_cov,cif_always_death_t1,cif_always_death_t1_se,cif_always_death_t1_cov,cif_always_death_t2,cif_always_death_t2_se,cif_always_death_t2_cov,cif_never_readmission_t1,cif_never_readmission_t1_se,cif_never_readmission_t1_cov,cif_never_readmission_t2,cif_never_readmission_t2_se,cif_never_readmission_t2_cov,cif_never_death_t1,cif_never_death_t1_se,cif_never_death_t1_cov,cif_never_death_t2,cif_never_death_t2_se,cif_never_death_t2_cov,cifd_readmission_t1,cifd_readmission_t1_se,cifd_readmission_t1_cov,cifd_readmission_t2,cifd_readmission_t2_se,cifd_readmission_t2_cov,cifd_death_t1,cifd_death_t1_se,cifd_death_t1_cov,cifd_death_t2,cifd_death_t2_se,cifd_death_t2_cov,excess_max,eps_max_row,el_always_t1,el_always_t1_se,el_always_t1_cov_cde,el_always_t2,el_always_t2_se,el_always_t2_cov_cde,el_never_t1,el_never_t1_se,el_never_t1_cov_cde,el_never_t2,el_never_t2_se,el_never_t2_cov_cde,el_diff_t2,el_diff_t2_se,el_diff_t2_cov_cde,el_diff_t2_cov_total,secs
1000,-0.08027284774376386,-0.13560250884754194,0.15023874996024197,0.008077110592320814,True,0.32367655028343995,0.012445756661439378,True,0.25367004053887493,0.010698964379000439,True,0.4653247494362222,0.017651271882243674,True,-0.10343129057863296,0.013032777663184164,True,-0.14164819915278226,0.020859867070785437,True,True,0.818933895809873,0.0,0.12640757306155748,0.007275138816183004,True,0.24675358108326428,0.010218850050962474,True,0.0332988295536585,0.004095657475747939,True,0.06995547558798454,0.0061400231553232106,True,0.13393061909695644,0.008119209433362883,True,0.2015791438610499,0.011959078289947871,False,0.13256707592870856,0.007941089844300003,False,0.22686689261407816,0.012902836864948707,True,-0.007523046035398967,0.010830905612396692,True,0.0451744372222144,0.015598062487487307,False,-0.09926824637505005,0.008935163185466888,False,-0.15691141702609362,0.014273491544128384,True,0.0,never/death/2/2,0.13066665073841618,0.007509121870432641,True,0.26499502803224767,0.010832830376578357,True,0.155836927201336,0.009274358583584094,True,0.2519631372401079,0.015870798514952312,False,0.013031890792139789,0.01905263246336856,False,True,0.7772049903869629
1001,-0.09919710797275302,-0.13666124103576138,0.14372775115727116,0.008232431446351067,True,0.31285572757675834,0.013846709960651966,True,0.27852859336554364,0.011502874300346131,True,0.46116898698940806,0.016542743847794104,True,-0.1348008422082725,0.014771966902209947,True,-0.14831325941264972,0.022176507986686134,True,True,0.8274411130256719,0.0,0.11138757664377429,0.006907915289485033,True,0.23885972446005627,0.010489302793258213,True,0.03424646078463423,0.004089700995885922,True,0.07550688900520437,0.0062274553819477675,True,0.13633452995923648,0.00822210187603515,True,0.21636563214170812,0.012708202161625897,False,0.11211290726277781,0.007408606494686066,True,0.20921209479476993,0.013173877004905216,True,-0.024946953315462192,0.01064746913195619,True,0.022494092318348147,0.016337629836416387,True,-0.07786644647814359,0.008459162048369669,True,-0.13370520578956557,0.014554931390771993,True,0.0,never/readmission/2/2,0.11566009336981914,0.007144355686936344,True,0.2579034369155932,0.011143734913256114,True,0.1552019849923733,0.009301840711895317,True,0.26883655677558793,0.016797938980909373,False,-0.010933119859994733,0.01998277388806553,True,True,0.5797889232635498
1002,-0.07070070756143285,-0.13223952516869947,0.14615560119398288,0.008323627930849361,True,0.317178918878689,0.011846102530718034,True,0.2403255263724016,0.010568624612166804,True,0.4657644954749405,0.018939436346289414,True,-0.09416992517841871,0.012649355113497001,True,-0.1485855765962515,0.021677245217076316,True,True,0.8225198912009971,0.0,0.11916366312928109,0.007067157156632969,True,0.23318481745008784,0.010267667307013074,True,0.02433968104710768,0.003388922387748382,True,0.07301631415250558,0.006211428591223945,True,0.1544194306248624,0.008640819287778299,True,0.23702001426984437,0.012956754808522418,True,0.11839244614908606,0.007548208785868634,True,0.21383772651065155,0.013110086501770372,True,-0.03525576749558132,0.011060910598898561,True,-0.0038351968197565256,0.01638346790581729,True,-0.09405276510197838,0.008270282230920158,True,-0.140821412358146,0.014485816805534905,True,0.0,never/death/2/2,0.12253633899892302,0.00724741709195307,True,0.2513424772440253,0.01092827924890011,True,0.17676179841089715,0.009770559414311045,True,0.2922621006436928,0.017845381720874222,True,-0.04091962339966748,0.020749072767086218,True,False,0.644913911819458
1003,-0.08494475227090906,-0.0931977213600072,0.1423493587159316,0.007602468665847938,True,0.33235122408200973,0.014066396204322415,True,0.2576393252859675,0.010034751327030756,True,0.45473667476995183,0.017002241338872938,True,-0.1152899665700359,0.011940208270503603,True,-0.1223854506879421,0.020948765198529125,True,True,0.8275533958687584,0.0,0.12490031573085798,0.00729563633881391,True,0.22979050774018525,0.010067487419503201,True,0.032247146640841676,0.004100464363234462,True,0.07199539177942461,0.006292769250837784,True,0.14380738568746268,0.008427109983463993,True,0.23688551013679796,0.012812067942105643,True,0.12235286260179522,0.007547913987026554,True,0.20732689147798203,0.012589208025992615,True,-0.018907069956604697,0.011072390793699396,True,-0.007095002396612704,0.016158491683948194,True,-0.09010571596095354,0.008590475601807078,True,-0.1353314996985574,0.014063258621809124,True,0.0,always/death/2/2,0.12929450274961302,0.007531175238419715,True,0.24525554823665113,0.010677447696217705,True,0.16395184532321122,0.00952500454824846,True,0.29532745372319624,0.016129846318528204,True,-0.05007190548654511,0.019175908398943797,True,False,0.57977294921875
1004,-0.07986254443437993,-0.11991380855705847,0.14831579633775968,0.008778304593967131,True,0.3143497726380732,0.012899223901656359,True,0.25761146280078406,0.011089255129986895,True,0.4712552032509564,0.01825281738896723,True,-0.10929566646302438,0.014008339775113777,True,-0.1569054306128832,0.021380917701882295,True,True,0.7790694088080953,0.0,0.13450522613679022,0.007652356933706568,False,0.2644064222462764,0.010959009804009177,True,0.02649304748139887,0.0036265214441131414,True,0.06994870338528807,0.006324515878451461,True,0.13053077479152572,0.007824562939986285,True,0.22713815825395045,0.012511612944950455,True,0.12096564188848284,0.007584847177812143,True,0.2222201963714486,0.012629334986120743,True,0.003974451345264501,0.010907775147378848,False,0.03726826399232597,0.01655520259083271,False,-0.09447259440708397,0.008404797420333152,True,-0.15227149298616055,0.014116777877541946,True,0.0,never/readmission/2/2,0.13823266352634456,0.00784906220510821,False,0.28120172249352104,0.011577257926555796,True,0.14973789075159138,0.008847993846928,True,0.2842433485607352,0.016404856562505794,True,-0.0030416260672141426,0.0199785775280641,True,True,0.6116085052490234
1005,-0.108262774329381,-0.14218681700328734,0.14073167592497032,0.008232348730609218,True,0.3069941462829219,0.013185531596763465,True,0.27868997215246166,0.011402071944747025,True,0.44924886960642113,0.017332304110648972,True,-0.13795829622749134,0.014251660532318826,False,-0.14225472332349925,0.022769993223754365,True,True,0.8358330982317209,0.0,0.10712046813482017,0.00672052153681535,True,0.2159460472379643,0.009517771193689965,False,0.03354183724497132,0.003989884192126584,True,0.07467957576685254,0.0062506385633204105,True,0.1328054608115524,0.00802590912281152,True,0.20882149135343872,0.011408046689256704,False,0.1040609142660428,0.007207696897257188,True,0.22006029395082777,0.012362571878499378,True,-0.02568499267673223,0.010399925747359876,True,0.0071245558845255685,0.014733503230625928,True,-0.07051907702107149,0.008231697793094397,True,-0.14538071818397524,0.013821512362761646,True,0.0,always/readmission/2/2,0.11125057233880954,0.0069546504867194995,True,0.23338003683461642,0.010192033899330795,False,0.15021073517758401,0.008911263172928945,True,0.2638609810917701,0.014460646647672049,False,-0.03048094425715367,0.017526425410214968,True,True,0.6562960147857666
1006,-0.07630453035760854,-0.12919350509930216,0.14891678734899422,0.00874623652056926,True,0.321248427086912,0.013094258200953808,True,0.2615864885938951,0.010513859661646882,True,0.4770432457035739,0.016281144681069507,True,-0.11266970124490089,0.01409543750901275,True,-0.15579481861666195,0.021158523210144175,True,True,0.8132447538917611,0.0,0.12271702778519432,0.007252500246375591,True,0.24450636606579998,0.010629451169679506,True,0.028147617175430146,0.0038422548426996004,True,0.06762310330253432,0.006203515858659085,True,0.1368245641819464,0.008057672651054783,True,0.23744748493033388,0.01229834128018755,True,0.1134780454470479,0.007280999974399727,True,0.2067807267951048,0.011814672483374889,True,-0.014107536396752093,0.010743953866886468,True,0.0070588811354661,0.016089124112162755,True,-0.08533042827161776,0.008232206471059319,True,-0.1391576234925705,0.013321254431866523,True,0.0,never/readmission/2/1,0.1263801703449959,0.007453587127550546,True,0.26068326803971165,0.011245232574982951,True,0.15576488519153428,0.009054646713648777,True,0.2975522675123705,0.015611182476627562,True,-0.03686899947265887,0.01902746676181175,True,False,0.6029505729675293
1007,-0.08759726198044918,-0.08188448099359547,0.14860149080432364,0.008761388556539278,True,0.3372575181560362,0.013395909439176545,True,0.2681635093296151,0.011114496940251574,True,0.41885711325030306,0.015593346278425093,False,-0.11956201852529144,0.013777989384522649,True,-0.08159959509426684,0.018925495421535925,False,True,0.7900285042449622,0.0,0.1245788783609587,0.007242275361204369,True,0.24016063574594548,0.010211173181154802,True,0.031495476518801684,0.003915269766915381,True,0.07319032240076212,0.006409680469428933,True,0.13323905180046922,0.008130551848431967,True,0.23613053557997807,0.012950439335654432,True,0.11554426173100486,0.007407122401945566,True,0.22033929079830658,0.01286186605226133,True,-0.008660173439510518,0.01078106293405412,True,0.004030100165967415,0.016330129349733023,True,-0.08404878521220319,0.008375577249267716,True,-0.14714896839754446,0.01435943035340483,True,0.0,always/death/1/1,0.1288046482328768,0.007468703250393802,True,0.2573355250770183,0.01087099366683879,True,0.15126466832512658,0.009130518602189256,True,0.2954488413681489,0.016644505542208827,True,-0.03811331629113063,0.019690287266555903,True,False,0.6304504871368408
1008,-0.09860336077979742,-0.13795692705976786,0.13117909986171025,0.007527299848683367,False,0.3016598749549196,0.012743582679564009,True,0.2613308773465134,0.01176668033167682,True,0.46044310595654836,0.01817877403697765,True,-0.13015177748480314,0.01411296293867834,True,-0.15878323100162878,0.022899252398538777,True,False,0.7951493710274075,0.0,0.11633496929384876,0.006847766340111217,True,0.24549741591141666,0.010214047408479872,True,0.0291423139655029,0.0038352398676210183,True,0.07037126818769107,0.006053424822045189,True,0.13401718135394725,0.008248252394499408,True,0.21108943014539214,0.01235534815650725,False,0.10239973580268745,0.007115359039397378,True,0.21172456683633198,0.013053606558865085,True,-0.017682212060098484,0.010598049722316531,True,0.034407985766024524,0.015852453440807948,False,-0.07325742183718455,0.008081396613737009,True,-0.1413532986486409,0.014369217832022416,True,0.0,never/readmission/2/2,0.11999298411997242,0.007047002655843314,True,0.2651455881449168,0.010863665912525522,True,0.15011354799323776,0.00912978956814208,True,0.25882974786260715,0.016818521272485044,False,0.006315840282309637,0.019825965813679364,False,True,0.6305439472198486
1009,-0.05923382945682329,-0.08962918013958082,0.14831988588965847,0.008582335402766135,True,0.3171518004422176,0.013116822559322729,True,0.23303472393197847,0.009737336283468914,False,0.4428826436685808,0.017490640890266744,True,-0.08471483804232,0.01302791312297988,True,-0.12573084322636324,0.022516823837887272,True,False,0.8208643743579297,0.0,0.10616532157212032,0.006773554176153482,True,0.2342358908565449,0.010301732894012794,True,0.024289232101737966,0.0035944402317987906,True,0.05843830544824832,0.005799614848108004,False,0.137519132310629,0.008072287939595937,True,0.22093338709566998,0.013304484776796136,True,0.1054208228297765,0.007053692804195095,True,0.2189446641956108,0.013862798613233631,True,-0.031353810738508694,0.010470291534909713,True,0.013302503760874912,0.016725353241508954,True,-0.08113159072803852,0.007916938087535855,True,-0.16050635874736247,0.01501766295614663,True,0.0,never/readmission/2/2,0.10876579847978175,0.00693604954018976,False,0.24770232898140213,0.010859149804115682,True,0.1548127126288631,0.008953584276076872,True,0.2802658762946069,0.019030387255464812,True,-0.032563547313204794,0.021796363205289018,True,True,0.6012616157531738
1010,-0.0658999424956872,-0.08358175248419147,0.1566275422839745,0.008254649321814425,True,0.3330809736659057,0.013631063399428517,True,0.2549426075800601,0.009996421915660256,True,0.43479532950680505,0.017377917093246573,True,-0.09831506529608561,0.011939659576185502,True,-0.10171435584089933,0.022060334091078986,True,True,0.7312755966311383,0.0,0.12861798854282824,0.007378562362444628,True,0.2579571044253613,0.010411815513372719,True,0.03055947305284922,0.0039260583945996295,True,0.07578460052108406,0.00633193268347176,True,0.1360875564462703,0.008136392500971267,True,0.24503964190577035,0.013455300368418641,True,0.108761494586885,0.007141314564256115,True,0.20101506214241005,0.012857766600944537,True,-0.007469567903442054,0.010918071813562033,True,0.012917462519590944,0.016831736370523622,True,-0.07820202153403577,0.008149236035084585,True,-0.125230461621326,0.014314757355538677,True,0.0,never/death/2/2,0.13261763765457757,0.0075983826209722926,True,0.2780698446145292,0.011077515011813754,True,0.15284002543397354,0.009028636215085989,True,0.2993865128488685,0.017759388505941682,True,-0.02131666823433931,0.020714775175298485,True,True,0.6320836544036865
1011,-0.07934322643720443,-0.11551738188930544,0.1449895002886217,0.008298704754118775,True,0.3258803162402483,0.012558867984546888,True,0.2488411028441541,0.010491678184406758,True,0.45610501738076215,0.01733026254799284,True,-0.10385160255553239,0.012652311756310897,True,-0.13022470114051382,0.021376756250225892,True,True,0.8211936712715233,0.0,0.12360618622573884,0.007089021023931039,True,0.2562112459572751,0.010353703198272562,True,0.030583004384173343,0.003782957011347787,True,0.06873401569368971,0.006061422804380805,True,0.14479348018634905,0.008406427401945887,True,0.23220005436341562,0.012355510551316711,True,0.12437857041159327,0.007793859730318366,True,0.22480811150324942,0.012721023080894543,True,-0.021187293960610212,0.010914430377113128,True,0.024011191593859504,0.015948581095186456,True,-0.09379556602741992,0.008658590321560067,True,-0.15607409580955972,0.014072509891687363,True,0.0,never/death/2/2,0.12794770062341138,0.007312125051069985,True,0.27498870727616953,0.010994986230277915,True,0.16706536704528574,0.009554594877637674,True,0.29718754503884015,0.016367031173570898,True,-0.02219883776267062,0.01950718329048517,True,True,0.5906164646148682
1012,-0.11445772754620745,-0.15036796828324062,0.14021467973711774,0.008423976884826066,True,0.29693352594735994,0.012176028576430726,True,0.27918585908933097,0.010814014925274049,False,0.44345839612371973,0.017158817849206965,True,-0.13897117935221323,0.01350341129794239,False,-0.1465248701763598,0.019999871413470736,True,True,0.8397844251616639,0.0,0.11693789989362288,0.0069494588399583645,True,0.24378294187207084,0.010153033077661347,True,0.028974564633112227,0.003796872296525771,True,0.06873450327027618,0.006053940102650435,True,0.15513188663848562,0.008761646636949304,True,0.23997329889746402,0.013422722022193866,True,0.10616283523171216,0.007223525938517788,True,0.20218302710322975,0.013940186228872168,True,-0.03819398674486274,0.011067188319205013,True,0.003809642974606814,0.01665877791159246,True,-0.07718827059859994,0.008159461532466352,True,-0.13344852383295358,0.015181270664472103,True,0.0,never/death/2/2,0.12071348707685037,0.007151088146655997,True,0.26172245687095796,0.010752704723399615,True,0.17435915453736833,0.009680851260844333,True,0.2952091759362705,0.018064064723144813,True,-0.03348671906531253,0.0208112655495374,True,True,0.5598247051239014
1013,-0.10467703505161938,-0.11683133306986704,0.1408875332372978,0.00834699134607591,True,0.3260998819408212,0.012901058914258775,True,0.273181423489359,0.011348199190623406,True,0.46150122319526155,0.01726704014132673,True,-0.13229389025206117,0.014686884082074957,True,-0.13540134125444037,0.02338021748839348,True,True,0.8135064868678226,0.0,0.13505362246766459,0.007651996210063961,False,0.25007560324027395,0.010239221810832836,True,0.035801664137555124,0.004285104178649948,True,0.07353565145115373,0.006236441200885219,True,0.14690210870282525,0.008447333094839977,True,0.2579008286738595,0.014225367912836202,True,0.11595073715036429,0.007432288547656215,True,0.22604663035301023,0.014266617674386362,True,-0.01184848623516066,0.011337725255015309,True,-0.007825225433585548,0.017378261948947017,True,-0.08014907301280916,0.008578742404675887,True,-0.1525109789018565,0.01555853141773895,True,0.0,never/death/2/2,0.1401803278081187,0.007922455977521248,False,0.26931820795311134,0.010839944194987119,True,0.16617239566798447,0.00937281296819853,True,0.33231664961283863,0.018435252394516266,True,-0.06299844165972729,0.02119010840128619,True,False,0.5934183597564697
1014,-0.08496444010598242,-0.11902808510397944,0.1413833963627266,0.008049362733171807,True,0.30835702553183003,0.012323907436129647,True,0.2571108244319235,0.010894301713262085,True,0.44452185710481545,0.016210789793424926,True,-0.11572742806919692,0.012823904592600549,True,-0.13616483157298542,0.019840660540356127,True,True,0.7788392583762997,0.0,0.12281707906286035,0.007117410127016723,True,0.24228446526987374,0.010314500862893762,True,0.033069660605516166,0.004090654358069407,True,0.07426404594457633,0.006331880786955971,True,0.13080352586465194,0.008043260631890136,True,0.24160581232695835,0.013209513228882286,True,0.11602114420367958,0.007386320717445545,True,0.21567218607582997,0.012640605227915623,True,-0.007986446801791586,0.010646968717573924,True,0.0006786529429153865,0.016576036925082877,True,-0.08295148359816341,0.008442931773278104,True,-0.14140814013125363,0.014114512978035081,True,0.0,always/death/2/2,0.12698623213381752,0.007346713692683509,True,0.26105342931612785,0.010972404442724064,True,0.1485406956691347,0.009012446828049855,True,0.31415742384974554,0.015765595232045054,True,-0.05310399453361769,0.01894830649065553,True,False,0.5333471298217773
1015,-0.10370625382989018,-0.14501989228918588,0.13161781663193586,0.007968418085096978,False,0.29466552776089056,0.012502093921928255,True,0.2655897887138559,0.009600168883019004,True,0.46616243529787577,0.014739623973694303,True,-0.13397197208192005,0.013546288292742648,True,-0.1714969075369852,0.020594484818607955,True,True,0.8107852169007631,0.0,0.12524024410666776,0.0072355717755736996,True,0.264898378818963,0.010773008083290672,True,0.026790504351089567,0.0036105779668034973,True,0.05976280585453494,0.005569304958211769,True,0.13367325408371564,0.00833506853175892,True,0.23157133148202128,0.013341394956407081,True,0.12393132620669456,0.007839785833323088,True,0.2204785538687762,0.012956117206887134,True,-0.008433009977047878,0.0109523795704846,True,0.03332704733694172,0.01698730914195257,True,-0.09714082185560499,0.008632201484477832,True,-0.16071574801424127,0.014099874429478939,True,0.0,never/death/2/2,0.12861317821503537,0.00742395415558992,True,0.2806800784573125,0.011334709699522192,True,0.15477942224448635,0.009495744046132787,True,0.2961215568098969,0.01811022259230479,True,-0.015441478352584359,0.021164406140849232,True,True,0.5643248558044434
1016,-0.08322697310478677,-0.133037248788745,0.14367720383043517,0.008237970517727476,True,0.2878230109211596,0.01156482658947374,False,0.2534827387657193,0.011129638655087145,True,0.4427979599142133,0.019103543521264164,True,-0.10980553493528414,0.014147229860610502,True,-0.1549749489930537,0.023098669261893204,True,False,0.8127631241988361,0.0,0.11112444062359644,0.006867324490998128,True,0.2562196737410081,0.010801775520945594,True,0.030133585721763636,0.00381173085165309,True,0.07252862856127086,0.006256550754162972,True,0.15368682800130073,0.008661701707601891,True,0.24790530318489323,0.012967959095622926,True,0.10322996005407924,0.007162340914014155,True,0.19995436409709255,0.012487962568604391,True,-0.04256238737770429,0.01095989605110598,True,0.008314370556114892,0.016717569967616284,True,-0.0730963743323156,0.008111003648321173,True,-0.1274257355358217,0.013952719501158322,True,0.0,always/death/1/1,0.11473918023251563,0.00707231874915881,True,0.2758235688202192,0.011454916436901972,True,0.17181136987344398,0.009592575652900222,True,0.3049268649177674,0.01614662185683848,True,-0.029103296097548192,0.019593046036910367,True,True,0.567493200302124
1017,-0.06631157371549068,-0.1073159716552437,0.13766314386889764,0.007581779546060283,True,0.30700490634365774,0.012522930692847703,True,0.23663787159121036,0.009880493326092626,False,0.42721619013071394,0.016720697813592863,True,-0.09897472772231272,0.011953817986820716,True,-0.1202112837870562,0.021012180018430738,True,True,0.8380215024054356,0.0,0.11964284938811433,0.007082476250271146,True,0.24649034240052017,0.010583179834241514,True,0.03555116165663591,0.004213422344975506,True,0.06830495138136548,0.006020014510104995,True,0.1436320867618719,0.008268593637573683,True,0.2339583493057177,0.012278298244137141,True,0.11611378412073181,0.007438836973067042,True,0.23654816384447838,0.012797310295945793,False,-0.023989237373757563,0.010816010365205493,True,0.012531993094802463,0.016081677067951473,True,-0.0805626224640959,0.008547747559063732,True,-0.1682432124631129,0.014121613138936373,False,0.0,never/readmission/2/2,0.12422810202950871,0.007332445039247088,True,0.2640238739926422,0.011182974286547291,True,0.16346210174633155,0.009304862013572971,True,0.30334588926337097,0.015973695414404954,True,-0.03932201527072876,0.01930432776500539,True,False,0.5890388488769531
1018,-0.07544687717874105,-0.13824722613853008,0.15227764319511916,0.008205086116278884,True,0.3041468022861277,0.013369049029500469,True,0.25781262714503533,0.011947159753483934,True,0.4447505584278994,0.01732027386095895,True,-0.10553498394991617,0.014884092937619709,True,-0.14060375614177167,0.02230072219482551,True,True,0.813509103716839,0.0,0.11943780811742431,0.007067680783110638,True,0.2537850721235691,0.01032194148000795,True,0.031505087211044135,0.003933390140414912,True,0.07331616398814784,0.0062170755250607725,True,0.15575167187422176,0.008833872952779489,True,0.24382117201141357,0.01315285201696612,True,0.11602958640110256,0.007610019913807377,True,0.23313478781427688,0.013679670919706358,True,-0.036313863756797446,0.01123869913327517,True,0.009963900112155533,0.016566297256104718,True,-0.08452449919005842,0.00856742209883375,True,-0.15981862382612905,0.015014813190345687,True,0.0,always/readmission/2/2,0.12341129681487074,0.007291309710174578,True,0.2736002870776284,0.010945759987236943,True,0.17710788587515963,0.009823412043982743,True,0.3082993915485522,0.01822855520733008,True,-0.03469910447092378,0.021081040831563883,True,True,0.5532832145690918
1019,-0.07411364244662547,-0.09133624762360121,0.16682257282218693,0.008216668663317514,False,0.3364723604226847,0.012527692757280356,True,0.2719970857963512,0.011536536778642859,True,0.4605668900139758,0.01868050339635519,True,-0.10517451297416425,0.01387795575694496,True,-0.12409452959129114,0.021810422232930716,True,True,0.7782056867733635,0.0,0.11882012445044489,0.006969336637383829,True,0.24839184157804986,0.010011779123276941,True,0.031490339076062836,0.003959185429883066,True,0.06906118689329657,0.006007342227130156,True,0.14175305313653638,0.00846748434497733,True,0.2572982474303997,0.01508388590134957,True,0.10711898094094303,0.007416358331346001,True,0.17830530278464116,0.013151543741065039,False,-0.022932928686091494,0.010917005120036693,True,-0.008906405852349836,0.017966327819357114,True,-0.07562864186488019,0.008406963862525929,True,-0.10924411589134458,0.014444364203918316,False,0.0,never/readmission/2/2,0.1227217270585224,0.007180576149034525,True,0.266332269186474,0.010617141226388483,True,0.16001654877197416,0.00938119569865567,True,0.31264682635004304,0.018736709527010825,True,-0.046314557163569026,0.02135685581611826,True,False,0.6403484344482422
1020,-0.08353347247159687,-0.10194638402833806,0.15131378786292085,0.00804190327556512,True,0.337999779242219,0.012930996494593788,True,0.26846344704270014,0.011491340611661073,True,0.4607842692014551,0.016568888764202337,True,-0.11714965917977929,0.013668479090955855,True,-0.12278448995923608,0.01991509799776059,True,True,0.8287189287153158,0.0,0.10853489392929,0.006723028922623282,True,0.24602294148409753,0.01032358048901255,True,0.035310965327971275,0.004154258678359669,True,0.07749367468650527,0.006487687362844543,True,0.1533133368712925,0.00878847092934179,True,0.262796314489736,0.013814218359934845,True,0.11624067021577432,0.007649100640449125,True,0.21434042731098807,0.013501215934927905,True,-0.044778442942002505,0.010983170802061843,True,-0.01677337300563847,0.017052535738723663,True,-0.08092970488780304,0.008701261841737353,True,-0.13684675262448281,0.014962433810539634,True,0.0,never/death/2/2,0.11273507195788782,0.006965533137963864,True,0.2669477230681457,0.010992557895670213,True,0.17537459776216974,0.009919548861084258,True,0.3461500498409463,0.01602650086167148,False,-0.07920232677280059,0.01912046802743011,False,False,0.6226990222930908
1021,-0.08034926380731125,-0.11292687754147324,0.1463714188341001,0.008189011217465562,True,0.30514650574357643,0.01226308770087206,True,0.269173578097573,0.010644309455482379,True,0.4425027754516002,0.016323292818833064,True,-0.12280215926347288,0.013397127090815485,True,-0.13735626970802378,0.02008523781195598,True,True,0.8293198181712054,0.0,0.11296676477689616,0.00698282031815994,True,0.2466161034102965,0.010723766084731181,True,0.03489948897931413,0.004340380256442356,True,0.07755896447327747,0.006677714223322125,True,0.1408764270986368,0.008110354285904096,True,0.23293975037022954,0.012475956369786552,True,0.12054679203946139,0.007490125766729442,True,0.23642727151302814,0.012966254401302023,False,-0.027909662321740636,0.010618679356461021,True,0.013676353040066952,0.016326708823262693,True,-0.08564730306014726,0.008657553370624127,True,-0.1588683070397507,0.014573257674416832,True,0.0,never/readmission/2/2,0.11704711795235036,0.007217404682311993,True,0.26545617668028715,0.011353087468711566,True,0.16162359450389505,0.00912842804238816,True,0.30195809036627996,0.015838851890247106,True,-0.036501913685992815,0.0193045227243982,True,False,0.6152706146240234
1022,-0.08181284111338896,-0.12612389380530975,0.14167737761569865,0.008472591162642805,True,0.3087850768884333,0.01259426009975893,True,0.2533156349065228,0.010713731343520551,True,0.46605625026978803,0.0179719413498665,True,-0.11163825729082416,0.013567335165215398,True,-0.1572711733813547,0.0219496133767141,True,True,0.7785907119718338,0.0,0.12189952056663134,0.007170104923162368,True,0.27028759893779614,0.010825334145649457,False,0.028473163125802843,0.0037809291267465123,True,0.0661958196433247,0.006065217502531495,True,0.14835654709941515,0.008294513260147766,True,0.2702170192245758,0.012899574436183281,False,0.1205583058776637,0.007544566517336607,True,0.21321252087994882,0.011956006898642714,True,-0.02645702653278381,0.01089022787518738,True,7.057971322033119e-05,0.01662926845723673,True,-0.09208514275186086,0.008437422052041219,True,-0.14701670123662414,0.013384537312994431,True,0.0,always/death/2/2,0.12566662023162475,0.007371844829661617,True,0.2884484650488887,0.011425786803624749,False,0.16968386684691392,0.009314077011303747,True,0.3461167139569216,0.015543894894124109,False,-0.057668248908032904,0.018994430494652166,True,False,0.702960729598999
1023,-0.09590134448491389,-0.12029941136517996,0.15555964716946397,0.008520220614766476,True,0.31392002428302723,0.012034390168035565,True,0.2873704223176277,0.011114962077263653,False,0.4722494623832455,0.01657700643098013,True,-0.13181077514816375,0.014293375947367416,True,-0.15832943810021827,0.01921057552941641,True,False,0.8124335359077379,0.0,0.12420151467901082,0.007266865382001815,True,0.2581847515916859,0.010446602983729068,True,0.027162569802244803,0.003683826474169601,True,0.06703109263061935,0.006264605087022439,True,0.14576106796409813,0.008448552529077957,True,0.27479115363400514,0.013886292198602263,False,0.11983939153623573,0.007625986252358923,True,0.20676466558840034,0.01259595302284284,True,-0.02155955328508731,0.011051877473422296,True,-0.016606402042319224,0.017166091240074205,True,-0.09267682173399092,0.00846631155319162,True,-0.139733572957781,0.01405986542253721,True,0.0,never/death/2/2,0.12790411049343506,0.00746131346724328,True,0.2749695727858507,0.010996702787785567,True,0.1683025888374461,0.009546253032008031,True,0.3455078579788141,0.01808327667323538,False,-0.0705382851929634,0.020914997680615995,True,False,0.5936923027038574
1024,-0.09986843422426248,-0.13687512132772334,0.14325566945920093,0.00800764597973952,True,0.2991555435673144,0.012754632584546007,True,0.2697575564024833,0.010733164857554463,True,0.4416314605511711,0.017040244878553542,True,-0.12650188694328235,0.012645201524488024,True,-0.1424759169838567,0.021816566725121913,True,True,0.8113087901765997,0.0,0.12553676414317994,0.007220623416581653,True,0.26808334796601224,0.010607706288896129,False,0.03334612161821883,0.004181426265685056,True,0.07221566472872813,0.0061016712169257815,True,0.14301526692179062,0.008322077472639473,True,0.2529007389104144,0.014398520905993353,True,0.11222467424021923,0.00738586322908379,True,0.2123198360094998,0.013219690125956463,True,-0.017478502778610683,0.01096825866034843,True,0.015182609055597818,0.017795507344830406,True,-0.0788785526220004,0.00848740934810626,True,-0.14010417128077168,0.014540803034786578,True,0.0,never/death/2/2,0.12999316559157614,0.007453225440907677,True,0.2878290511659817,0.011240769436425536,False,0.16157421938648114,0.009325900798503609,True,0.3280422558189676,0.016434564394203103,True,-0.040213204652985945,0.01972511101650273,True,False,0.8052389621734619
1025,-0.07679542470172099,-0.0855667193240432,0.15070859445100995,0.008176833986844089,True,0.3312264089252335,0.012917580806626396,True,0.2547761139880224,0.011304698886302766,True,0.42686773025188857,0.017281532235846653,True,-0.10406751953701246,0.013861346514471375,True,-0.0956413213266551,0.02094502256006993,False,True,0.7967520875285012,0.0,0.1377605322414978,0.007745614168400829,False,0.25289651748777536,0.01045919337063189,True,0.038408601413763614,0.004408298271751458,True,0.0796496247561849,0.006467816922475518,True,0.119286671533782,0.007743726188717684,False,0.19743291412201122,0.012855412774391398,False,0.1159082994206769,0.007509663811692498,True,0.21842103793148412,0.013092041293962435,True,0.01847386070771581,0.010891561725050885,False,0.05546360336576414,0.01646065519280648,False,-0.07749969800691328,0.008705810508524621,True,-0.13877141317529923,0.014569020441725934,True,0.0,never/readmission/2/2,0.14365575548893333,0.008033351111410597,False,0.2754622646130201,0.011161466812793687,True,0.1369013114161344,0.008701309139023027,False,0.2564740506178158,0.01639399811021805,False,0.018988213995204284,0.019652456498780765,False,True,0.6672756671905518
1026,-0.07125690869299534,-0.11574387377772816,0.15137123800350893,0.008129176271061968,True,0.3136633622680624,0.013852097865516048,True,0.2520009560441052,0.01077578856324439,True,0.4527230895889147,0.01707271829590253,True,-0.10062971804059628,0.013359197647280911,True,-0.1390597273208523,0.021904213895216504,True,True,0.8086158242041287,0.0,0.11429134057454132,0.006933986669649433,True,0.24790469419248015,0.01034258899360536,True,0.02671951729702783,0.003687297517787211,True,0.06835365523574595,0.005985079500748038,True,0.1444693971799112,0.00857564895443987,True,0.2512057376795794,0.013267779161612186,True,0.10301077291595079,0.007196079925068711,True,0.1978833591907505,0.012516602092783092,True,-0.030178056605369874,0.010943769817361398,True,-0.0033010434870992256,0.016673359096690283,True,-0.07629125561892296,0.00808449195066599,True,-0.12952970395500457,0.013862608341371653,True,0.0,always/death/2/2,0.11753675097809796,0.0071180148094024225,True,0.26598159859429255,0.010972343662854529,True,0.16277523582664674,0.00945236402317195,True,0.3057362810166893,0.017050944836532095,True,-0.03975468242239677,0.02009725112722756,True,False,0.7410948276519775
1027,-0.10330498538484495,-0.15738901621254564,0.1251459358463418,0.008442541828369902,False,0.29940064161812924,0.013473913913057946,True,0.2508617139814585,0.01064816255361192,True,0.45161281283153787,0.017891663986803214,True,-0.12571577813511672,0.013214607445932005,True,-0.15221217121340863,0.021830460864143263,True,False,0.8011664554763481,0.0,0.1263810878857036,0.0073042272634796235,True,0.24123221855843507,0.009984010559923106,True,0.03278603652480779,0.004162791543322678,True,0.06690641820116525,0.0059894567819773065,True,0.13942751746959572,0.008278475239497549,True,0.24973480007865775,0.01444353226990236,True,0.11285801587230793,0.007419816997421397,True,0.20929893597707683,0.013037592559031213,True,-0.013046429583892127,0.010957754640111925,True,-0.00850258152022268,0.01736940403918498,True,-0.08007197934750013,0.008507660701760199,True,-0.14239251777591158,0.0143302666587831,True,0.0,never/death/2/2,0.13086699094742305,0.007530386091956215,True,0.2586254513275804,0.010559380533829071,True,0.15882105373086466,0.009232458372385592,True,0.31467794729197673,0.0206659811056346,True,-0.05605249596439632,0.022983423873546117,True,False,0.7250657081604004
1028,-0.06400879311693786,-0.08282764962990774,0.15304892918547228,0.008547558315449712,True,0.32080943952578683,0.013706386263517587,True,0.25157713869396686,0.01088645951284458,True,0.4289504640891073,0.016403045672992132,True,-0.09852820950849459,0.014107342364863114,True,-0.10814102456332048,0.02088531354831392,True,True,0.7994397227958481,0.0,0.12537497634293093,0.007124055909345615,True,0.2549506617077545,0.010445196568010533,True,0.02707270934989314,0.0035647033448835586,True,0.06567953351926963,0.005909114506407125,True,0.1571588182031352,0.00871071553267191,True,0.2374822360649189,0.01330522736911357,True,0.12878620123602344,0.007866556456029563,False,0.2315073284939615,0.013907512538122833,True,-0.031783841860204276,0.011152669020764616,True,0.0174684256428356,0.01678388246770162,True,-0.1017134918861303,0.008633911042104923,False,-0.16582779497469186,0.015089153906823223,True,0.0,never/readmission/2/2,0.1290981863428924,0.0073177566078029025,True,0.27282441436161753,0.011026762096959259,True,0.18154569281150235,0.009965150857896671,True,0.3054128135039504,0.017279924893430176,True,-0.03258839914233286,0.020307429090016437,True,True,0.7510266304016113
1029,-0.07433919001540679,-0.10874016541526887,0.14903975212270879,0.00818745644173175,True,0.32330741480023883,0.011873387836190187,True,0.24724209648258966,0.011204781428383432,True,0.4394210122288436,0.01841968046814186,True,-0.09820234435988087,0.014077075701753929,True,-0.11611359742860478,0.02115187026910065,True,True,0.8306812017406866,0.0,0.11489169986716453,0.006941552299825193,True,0.2371294709143366,0.010129103370157284,True,0.027954854128779346,0.003711960559074648,True,0.07034211146358624,0.006200826944903743,True,0.15545127609230486,0.008515822982825124,True,0.24766872684927457,0.012906010622622251,True,0.12462586849952338,0.007652085777364958,True,0.2208603317824975,0.012672465690943185,True,-0.04055957622514032,0.010885674783054695,True,-0.010539255934937986,0.016223436178168203,True,-0.09667101437074403,0.008499727900790338,True,-0.15051822031891127,0.014088036262289742,True,0.0,always/death/2/2,0.11842857556707143,0.007138666377548137,True,0.2541562622297907,0.010676379762020351,True,0.17964304812657983,0.009685503259301606,True,0.3097625050309074,0.01663442032791671,True,-0.0556062428011167,0.0195413650192047,True,False,0.7350523471832275
1030,-0.08146890695872558,-0.1361506054133334,0.15493093597285168,0.008087269387658752,True,0.3127111350929357,0.011914311709477663,True,0.2639883160858578,0.010587702813768233,True,0.45819838373470595,0.01679920455933537,True,-0.10905738011300614,0.01419420397351443,True,-0.14548724864177026,0.020764478486725853,True,True,0.7981263553737692,0.0,0.12072921899482152,0.00720572929458108,True,0.2452144708478031,0.010451050911892268,True,0.038539846663799754,0.004355132803770201,True,0.08101277612802807,0.006408350393654482,True,0.14351089513638057,0.00844236280157314,True,0.25626909830421946,0.0138066116363343,True,0.10842969379657512,0.0071792183874399475,True,0.20918572984156256,0.013212430447581193,True,-0.022781676141559057,0.0110101866490756,True,-0.01105462745641636,0.01713123478439188,True,-0.06988984713277537,0.008395929047805784,True,-0.1281729537135345,0.01466976702189608,True,0.0,always/death/2/2,0.12589359026076427,0.0074831966333836816,True,0.26635085125294844,0.01119566934165578,True,0.16109325279001463,0.009371317887391244,True,0.3186630880255207,0.017667760026209452,True,-0.05231223677257224,0.020692742541241992,True,False,0.7089602947235107
1031,-0.07548795291568894,-0.13680237495221942,0.14219980599319076,0.009119038563361413,True,0.3012127697592989,0.012739595617244382,True,0.24706829326475674,0.010091824544831226,True,0.4558906140851253,0.01883514104698591,True,-0.10486848727156597,0.013460267807676663,True,-0.15467784432582643,0.02257791807832981,True,True,0.8463065550220341,0.0,0.10964308408209336,0.006823245361432624,True,0.23355357030267704,0.01022822866413656,True,0.028379783544525337,0.0038154048605489564,True,0.06319240645941483,0.005822952363911163,True,0.14851186403750577,0.008331345206304781,True,0.26865584605485326,0.012585196511530611,True,0.10326095094969631,0.006952714915267476,True,0.18255137506575164,0.010996429116068272,False,-0.03886877995541241,0.010653592681315735,True,-0.035102275752176226,0.016008489225327317,False,-0.07488116740517098,0.00792945310482991,True,-0.11935896860633681,0.012432084634082359,True,0.0,always/death/2/2,0.1130287530313353,0.007019994950064894,True,0.24866921511679263,0.01083227634384561,True,0.1662708841260883,0.009198396775372816,True,0.32326199707211056,0.015168117384566896,True,-0.07459278195531793,0.018397514582614558,True,False,0.7890973091125488
1032,-0.09081417120989427,-0.13297466013858605,0.13749977969789814,0.00790237584406461,True,0.3116864731578451,0.012928228203738243,True,0.24960031082998033,0.010481124633615287,True,0.4597581822366037,0.017146249070104116,True,-0.11210053113208218,0.012910846467222747,True,-0.1480717090787586,0.021380299468511617,True,True,0.8509225352128451,0.0,0.11985245776318103,0.007003581334603005,True,0.24808094764871055,0.010294202289405389,True,0.03531579581146162,0.003981211978322518,True,0.08234004877002048,0.0065376843892281196,True,0.13660670306391068,0.008277178727403514,True,0.24976518195189748,0.013513084439411177,True,0.11178563776362842,0.00748628892446067,True,0.21712131810114244,0.013865748464547219,True,-0.01675424530072965,0.010746800335479884,True,-0.0016842343031869267,0.016796184688711076,True,-0.0764698419521668,0.00846964886445843,True,-0.13478126933112194,0.015307544009771024,True,0.0,never/death/2/2,0.12482440716332839,0.007259102424346507,True,0.2689897961708759,0.010989634935575091,True,0.1560380766353549,0.009290235973882678,True,0.32309268888956144,0.01660786901224846,True,-0.054102892718685514,0.01965024460786031,True,False,0.8042035102844238
1033,-0.08602957109170861,-0.12647370614444237,0.14527037508494547,0.00791171325719985,True,0.30610147302684104,0.011576882008933323,True,0.2548479446421652,0.010228372438143956,True,0.44459572069450415,0.01563580643435198,True,-0.10957756955721973,0.012985648860830855,True,-0.1384942476676631,0.01927229804071006,True,True,0.8298157044548873,0.0,0.13156935964206476,0.007425767231313109,True,0.25548714052966354,0.010265000519140807,True,0.03158488772659803,0.0039277234608677625,True,0.07398687499793795,0.006361248923310987,True,0.13106801406697952,0.008064442877033937,True,0.22638180211597395,0.012784871783547097,True,0.12033241624601652,0.0075790049948218025,True,0.1952171700384298,0.011656136971778664,True,0.0005013455750852436,0.01088934876061272,False,0.02910533841368959,0.016228123690897434,True,-0.0887475285194185,0.008535368796144138,True,-0.12123029504049186,0.013272260435092024,True,0.0,never/readmission/2/2,0.13605502288682902,0.00765927283335656,True,0.27472827876717143,0.010889854833879399,True,0.14987018107576666,0.009074194575128038,True,0.272883251958836,0.016181199346226173,False,0.001845026808335426,0.01931105952633471,False,True,0.6551733016967773
1034,-0.0590434238436969,-0.10714363772269686,0.15769058690935747,0.007933112579159716,True,0.3295498062986556,0.012914539154996076,True,0.24470156629628362,0.010928661516199829,True,0.446041712861129,0.01869622754727009,True,-0.08701097938692615,0.012793156713460234,True,-0.11649190656247338,0.023340957577074373,True,True,0.8139228047608489,0.0,0.131343150765965,0.007511344823332638,True,0.2504618162308351,0.010382304029785846,True,0.029417323304366406,0.0038200349830267957,True,0.06577204182004844,0.0058772532190137445,True,0.13858730849266584,0.008131213921757549,True,0.238154559735719,0.012625106333833442,True,0.11745128578125674,0.007455133583099476,True,0.20351286449125428,0.011942258193636555,True,-0.0072441577267008395,0.011009438128148755,True,0.012307256495116076,0.016214924776691238,True,-0.08803396247689034,0.008373276924811024,True,-0.13774082267120585,0.013293367160333159,True,0.0,never/death/2/2,0.1357626044420714,0.007730177042600785,True,0.26846302607852446,0.011010266506561974,True,0.15816568545579923,0.009195148136427337,True,0.2900514925623729,0.016464532967725914,True,-0.021588466483848434,0.019638834444284006,True,True,0.7382998466491699
1035,-0.09232705302384869,-0.1582632039531257,0.15151531591510245,0.00815220916061991,True,0.3112788603897967,0.012916178645791284,True,0.26783138205114987,0.010140895238721347,True,0.4864305020881543,0.01798657024383441,True,-0.11631606613604742,0.013108645040353799,True,-0.17515164169835762,0.02149859914859851,True,True,0.8511241993578439,0.0,0.11894793038177272,0.007033856442967732,True,0.2549277933414207,0.010454374256743186,True,0.03381528017766531,0.004155196391002273,True,0.06885042045643935,0.005919601207592709,True,0.13753321771941554,0.008320491839206903,True,0.23738891287837208,0.013079764722993123,True,0.11512100431572131,0.007423406421754385,True,0.22101212957557242,0.01313260787088679,True,-0.018585287337642822,0.010828952958953862,True,0.017538880463048606,0.016599514605620577,True,-0.08130572413805601,0.00850726042419708,True,-0.15216170911913307,0.014395283324583608,True,0.0,never/death/2/2,0.1229854459589492,0.007262818715788743,True,0.2732467332017263,0.011064313339825936,True,0.15533748305336115,0.009310196333373238,True,0.2950413283901442,0.01675514107060334,True,-0.021794595188417865,0.019905173864135314,True,True,0.6893939971923828
1036,-0.08115243982554132,-0.13842351775540995,0.14319928261438547,0.008941337460206216,True,0.30694744572785493,0.01324656301955051,True,0.25110897536693294,0.011012990060801944,True,0.4466357797419139,0.017488597871897413,True,-0.10790969275254747,0.013805537478929493,True,-0.13968833401405895,0.022033546808022404,True,True,0.8038803469628599,0.0,0.11998140622347013,0.007055501531606797,True,0.2476660513693496,0.010371337523266463,True,0.04334187995633076,0.004696665583999884,False,0.07723429808486551,0.00639054075015001,True,0.13495681206429425,0.008418011356562336,True,0.2446357190164228,0.013967450534269643,True,0.11725220088460607,0.007611556238171366,True,0.20773372724358213,0.013329711042313648,True,-0.014975405840824116,0.010905389443352504,True,0.0030303323529267956,0.017208249414743745,True,-0.07391032092827532,0.008944147449162805,True,-0.13049942915871662,0.014774929022609653,True,0.0,always/death/2/2,0.12545186439644698,0.007351378859959306,True,0.26658347902397483,0.01108975974388514,True,0.15351196477918977,0.009408797163358363,True,0.31065651529016397,0.018455200728339248,True,-0.044073036266189136,0.021300735874292938,True,False,0.7550785541534424
1037,-0.06618064834661036,-0.09541706343578416,0.15027410774084504,0.007779771291358397,True,0.31637884596088134,0.012729533577724847,True,0.25220872632423136,0.011462915321657802,True,0.45523834001336455,0.017273246588842443,True,-0.10193461858338632,0.014119639234535044,True,-0.1388594940524832,0.022100840899655097,True,True,0.815425095315979,0.0,0.11747491234666348,0.006949306397282898,True,0.23431081364741382,0.00989283122996875,True,0.02470175196899753,0.0035275339881060993,True,0.062224657869759954,0.005677640790093611,True,0.14574380574989765,0.00863954864446734,True,0.236344957969741,0.01296777603570424,True,0.11566328523012828,0.007624847344765609,True,0.2060444541184413,0.012691820617510612,True,-0.02826889340323417,0.01100079177371169,True,-0.0020341443223271805,0.016134070929207347,True,-0.09096153326113075,0.008401890167352636,True,-0.14381979624868135,0.01389256191074797,True,0.0,never/death/2/2,0.12030553876301445,0.0071131373138173075,True,0.25045812504827986,0.01041246116690691,True,0.165982952783818,0.009695221353239282,True,0.29283060173047387,0.017322011189670545,True,-0.042372476682194016,0.020009741058307856,True,False,0.7008359432220459
1038,-0.0965729004421294,-0.13148037118658717,0.13859422498413512,0.007599375948777916,True,0.30659200197451436,0.012956461540815768,True,0.27162109886416796,0.011258545278938322,True,0.46191642453547394,0.01627502383763572,True,-0.13302687388003284,0.013890479788357885,True,-0.15532442256095957,0.019950002313278203,True,True,0.8566936700914359,0.0,0.1266489411297372,0.007389922302785172,True,0.24642748112685153,0.010520862425008532,True,0.025784822556278897,0.0036089247868117736,True,0.06153094631721629,0.0059330947599573825,True,0.15473814270292877,0.008486648950283102,True,0.2599205640834314,0.01306550342504571,True,0.1078244929170414,0.007185638537597624,True,0.20234493063364137,0.012165905933821441,True,-0.028089201573191558,0.011148933387029764,True,-0.01349308295657986,0.0165727522946239,True,-0.0820396703607625,0.008038980584257505,True,-0.14081398431642508,0.01352377688582518,True,0.0,never/death/2/2,0.13018892711158847,0.007579987909709137,True,0.26138323744002634,0.011079049407945053,True,0.1755012654045981,0.009442847766502394,True,0.32018067628232394,0.016509111803315383,True,-0.0587974388422976,0.01963317080340187,True,False,0.6826791763305664
1039,-0.0812567029263061,-0.11672327898550727,0.13518711445132342,0.008612208961106996,True,0.3003338511330492,0.012685973165670775,True,0.24639851753098166,0.009877044928829707,True,0.43065081257104193,0.016163948481350634,True,-0.11121140307965824,0.013263609122345562,True,-0.1303169614379927,0.020039880285671625,True,True,0.8271366074241573,0.0,0.12344887704830973,0.007349723466661488,True,0.2647457977717211,0.010707970422372693,True,0.026142265341018364,0.0037646699824228735,True,0.07299934763290722,0.00649506087777307,True,0.15225121076765136,0.008396980280794959,True,0.2581458949179738,0.013641229374538004,True,0.11083898726752452,0.00714193442563724,True,0.1902687420735192,0.012269593294306118,True,-0.028802333719341627,0.011078365446039929,True,0.006599902853747286,0.017191460278223405,True,-0.08469672192650615,0.008073690788617572,True,-0.11726939444061199,0.013873779511890439,True,0.0,always/readmission/2/2,0.12670063289498473,0.007533453663664982,True,0.28433184209328133,0.011369021392058058,True,0.17157145322299028,0.009283910667569,True,0.3151916952651956,0.01791887403545705,True,-0.030859853171914253,0.021057412990377392,True,True,0.6961371898651123
1040,-0.09334364969418205,-0.12108011192929091,0.14974644462476847,0.008981636158161084,True,0.3229098951267198,0.013169813993894263,True,0.27103029436817094,0.01093513097638355,True,0.4449424449088458,0.016040082224334055,True,-0.12128384974340248,0.013982498904909744,True,-0.12203254978212602,0.021134287035850238,True,True,0.8065162221010329,0.0,0.11072072945439265,0.006854346816173671,True,0.25216030394242395,0.01049418077262496,True,0.03312804831059874,0.004102282180886205,True,0.07595360106924472,0.00644137543988786,True,0.1545917860763064,0.00868846143869519,True,0.26161737848583627,0.014448937374339683,True,0.12258594413825179,0.007739677574705421,True,0.22790029932783387,0.013778791470422408,True,-0.043871056621913734,0.010971838820289145,True,-0.009457074543412325,0.017719435496831363,True,-0.08945789582765304,0.008756250509594884,True,-0.15194669825858914,0.015187247831603296,True,0.0,never/readmission/2/2,0.11484715245894703,0.007079413233384895,True,0.2736173567635881,0.011197731517156475,True,0.17853106854899925,0.009870168384795416,True,0.33485882457097277,0.018670173130175046,True,-0.06124146780738465,0.02157985241755528,True,False,0.7238965034484863
1041,-0.06728253860294706,-0.11659858708127485,0.1675315643889405,0.009581831926948906,True,0.3404219723573227,0.013846603164106457,True,0.2668110412806426,0.010159368594394712,True,0.48046045925926245,0.01724818668842769,True,-0.09927947689170208,0.013710849470516312,True,-0.14003848690193976,0.0216345574491628,True,True,0.8335059969670652,0.0,0.10663006858226796,0.006845514714841268,True,0.24573606442724702,0.010471988305107144,True,0.03667422969527706,0.004209143225915007,True,0.07272716037574678,0.006140027447836,True,0.13759171410766624,0.0081288058067922,True,0.22965494468690878,0.012764079733955826,True,0.11703626663538733,0.007410562578997923,True,0.2346490898838477,0.013221016442410418,True,-0.030961645525398276,0.01054374249050172,True,0.01608111974033824,0.016353004726482292,True,-0.08036203694011027,0.008521392706608151,True,-0.16192192950810091,0.014556834793140816,True,0.0,never/readmission/2/2,0.11087656717026795,0.007103525486607423,True,0.2644038801702685,0.011099043207090304,True,0.15708556769248425,0.009104163207275412,True,0.30067107894911327,0.016032828442594495,True,-0.03626719877884477,0.01927440662886225,True,False,0.7865357398986816
1042,-0.07616365696181573,-0.12372326703867836,0.15210547871127392,0.00880825067077954,True,0.31201494885034103,0.012897098516699401,True,0.2609937735653048,0.010912144033808831,True,0.4534063466863574,0.01573241842826069,True,-0.10888829485403087,0.01389847141304504,True,-0.14139139783601634,0.01942277071404687,True,True,0.8234964268671475,0.0,0.1312811797638899,0.007626069776283886,True,0.24545080617300785,0.010213059648658162,True,0.03250883836192343,0.004061394620504995,True,0.0689172865875342,0.006045325713511991,True,0.1590081378597281,0.00863969065847951,True,0.24152684555221401,0.012620478931281506,True,0.10994247711714297,0.007313918561229548,True,0.20849697207849754,0.012616721916888764,True,-0.027726958095838194,0.011435663625286136,True,0.003923960620793837,0.01606100722102751,True,-0.07743363875521955,0.00836268625074486,True,-0.13957968549096333,0.013968583386143364,True,0.0,always/readmission/2/2,0.13587390801576302,0.00786103021530215,True,0.26391322569305153,0.01080068503609701,True,0.18124210603926386,0.009606134453624737,True,0.2977907764013356,0.01636397280856012,True,-0.03387755070828408,0.0193780865011507,True,True,0.6964099407196045
1043,-0.04603356478081044,-0.07304147465437788,0.16475106776413553,0.009418332895090684,True,0.32799600934630463,0.013152811163151569,True,0.2468719082677396,0.010550418740117529,True,0.45588494743822844,0.017144959232998157,True,-0.08212084050360408,0.014638684159417511,True,-0.1278889380919238,0.020382176449901306,True,True,0.8218175123976241,0.0,0.11693399318468073,0.007059057630699965,True,0.25437744577871024,0.01057880670178706,True,0.035921306014159014,0.0043298685062940585,True,0.07541117887303014,0.006371974546210474,True,0.14058792862699176,0.008400780910236709,True,0.24865249103281742,0.01308168553861864,True,0.12213778969086553,0.007663905522755551,True,0.21608548969400176,0.012122358890983306,True,-0.023653935442311036,0.01089142464641803,True,0.005724954745892824,0.016644545212892436,True,-0.0862164836767065,0.008801771462866587,True,-0.14067431082097162,0.013677243526467894,True,0.0,never/readmission/2/2,0.12138374117180048,0.00730635424157141,True,0.2760469958216764,0.011240557012838546,True,0.16139535562410703,0.009510369858909158,True,0.31079037728923053,0.016550514042672625,True,-0.034743381467554124,0.01977565829843444,True,True,0.7596240043640137
1044,-0.05239938788954682,-0.0776316443913912,0.15762328973298895,0.008492554619075058,True,0.3399028219175205,0.013910832035225754,True,0.2425990878470261,0.010235176061094418,True,0.47555206165998704,0.017225743931863675,True,-0.08497579811403716,0.013343740244589973,True,-0.1356492397424665,0.02208894340463796,True,True,0.7909904144583686,0.0,0.1226409945297656,0.00720552523667535,True,0.24823952354745335,0.010109973163541343,True,0.027500499759946614,0.003716982194102591,True,0.06663203039563706,0.005902787878742453,True,0.12362012513430272,0.008008162237079735,False,0.22646887790435755,0.012907912505607215,True,0.1249737052509484,0.00788858549727853,True,0.2305180890778418,0.013218440126610446,True,-0.0009791306045371234,0.010712922207556834,False,0.021770645643095804,0.016272121926304412,True,-0.09747320549100179,0.008719616920951884,True,-0.16388605868220474,0.01445938446121533,True,0.0,always/readmission/2/2,0.1261645555314794,0.007396961915970903,True,0.2660436514226634,0.010735704071121654,True,0.14331293828407457,0.00906835074969811,False,0.29198846521694416,0.01731866579637927,True,-0.025944813794280763,0.020212101244659057,True,True,0.7133092880249023
1045,-0.09539988351244247,-0.1250431014625879,0.14022131491338086,0.007932381394175193,True,0.33747129365138184,0.013377746413255103,True,0.26722310495366913,0.010826557224302157,True,0.47095345053914156,0.01650819525988025,True,-0.12700179004028828,0.013020275069050695,True,-0.13348215688775972,0.02147827522420765,True,True,0.8416129289959142,0.0,0.12850029262756693,0.0073783067436296815,True,0.25872547046395394,0.010625569864875792,True,0.03000176751529361,0.004063673469959112,True,0.07996471201568246,0.006793846220542423,True,0.15257924580433677,0.008678926833126087,True,0.2457659073916295,0.014348054341314939,True,0.10579955492895735,0.0072035463775526835,True,0.22777238255708177,0.013366262783405101,True,-0.024078953176769835,0.01126744362740059,True,0.012959563072324431,0.017694969449389877,True,-0.07579778741366373,0.008271412917838178,True,-0.14780767054139932,0.01497976511847073,True,0.0,never/readmission/2/2,0.13219224807441002,0.007580188270996903,True,0.27884624273890396,0.011258818286723576,True,0.17115601206194583,0.009512314760729616,True,0.32082303735933226,0.016709559448571807,True,-0.041976794620428304,0.0199028754516475,True,False,0.7175412178039551
1046,-0.06892411328371065,-0.1170681253223162,0.15587901173189342,0.008423028318520103,True,0.3234039492203757,0.013704552206155927,True,0.256926769994006,0.011066490137315142,True,0.44575127824260924,0.017009696367997307,True,-0.10104775826211257,0.0130810506736647,True,-0.12234732902223355,0.021926251958181476,True,True,0.7849223512769073,0.0,0.11743342805034429,0.0070992537109247,True,0.25413120092970987,0.010655131791501994,True,0.03163193005551275,0.004058061280041849,True,0.07252284513128132,0.006382852191515366,True,0.14838786285450573,0.008150534434824839,True,0.24021527027415385,0.01240843797242698,True,0.11342276550450234,0.007292812531613789,True,0.2264213936035331,0.012849293363155687,True,-0.030954434804161435,0.010689587083154463,True,0.01391593065555602,0.016186341701354644,True,-0.08179083544898959,0.008346318246055516,True,-0.1538985484722518,0.014332521576489366,True,0.0,always/readmission/2/2,0.12144220107370328,0.007317314507794992,True,0.2731516104550484,0.011288463669745084,True,0.16912345561044403,0.009063143924939236,True,0.3033446757012472,0.016182521402302728,True,-0.030193065246198802,0.019523428663356535,True,True,0.7613003253936768
1047,-0.10354795555027707,-0.15046199259414517,0.13541156805549776,0.007987900728845832,True,0.32299046149570465,0.013449727579192567,True,0.2663162753399263,0.01059409808875961,True,0.47950358093944434,0.01544985947110688,True,-0.13090470728442855,0.013089810654175292,True,-0.1565131194437397,0.02054181711345351,True,True,0.8666964588846338,0.0,0.12601400341770386,0.007128209075046884,True,0.2604868378296992,0.01043381533448566,True,0.03238503712217757,0.0038668201730915988,True,0.06469731312616354,0.005617473215924534,True,0.160548707173855,0.008968975956908482,True,0.2603198493286209,0.013529059452326823,True,0.11485758011439824,0.007618235361559418,True,0.2036176097210611,0.013681891714332185,True,-0.03453470375615114,0.011359635039335377,True,0.00016698850107832452,0.016892261238711258,True,-0.08247254299222068,0.008540255020039725,True,-0.13892029659489757,0.01476831390906889,True,0.0,never/death/2/2,0.13071216767108848,0.007365366954879386,True,0.2796693667375292,0.0110878235652773,True,0.18252638935661994,0.010028812755834293,True,0.3297783246934561,0.01731156329960021,True,-0.0501089579559269,0.020286410634259178,True,False,0.668349027633667
1048,-0.06707470182046454,-0.12674922517542564,0.15154361648053202,0.00810274803753198,True,0.31662685911759536,0.012750447316687678,True,0.2530452382762108,0.01041220053961118,True,0.49228721220598637,0.016713505258248346,False,-0.10150162179567876,0.013533342910606457,True,-0.175660353088391,0.02107717608067416,True,True,0.752188463648408,0.0,0.12518006234088516,0.007399076255502339,True,0.26057851933005716,0.010921259958265164,True,0.03289784059812906,0.004096332716664727,True,0.06712420948336925,0.006097242089478335,True,0.15118646627235688,0.00835689518612255,True,0.24325765246417078,0.01233730944825299,True,0.11065270547747667,0.007165828693788492,True,0.21195923529194313,0.01200703250602799,True,-0.026006403931471717,0.011064408609012047,True,0.01732086686588638,0.016312660493489985,True,-0.07775486487934762,0.008250361651702101,True,-0.14483502580857388,0.01344663202688407,True,0.0,never/death/2/2,0.1297801358697987,0.007644410981888884,True,0.2795540460576756,0.01154136525311492,True,0.17122848111464373,0.009339326734836399,True,0.30071603633303645,0.01530443608513151,True,-0.021161990275360865,0.01895137365082907,True,True,0.8220059871673584
1049,-0.06984956350868149,-0.09597066968962104,0.1458671797371612,0.008696381679662349,True,0.32572959465758583,0.01498025009949103,True,0.24147758511018014,0.010433377336864034,True,0.4623246645432647,0.017775474986349092,True,-0.09561040537301893,0.013286193879650698,True,-0.13659506988567888,0.02220840825391186,True,True,0.8167456108026233,0.0,0.11744114851832467,0.007024710155848467,True,0.25077968316051413,0.010334629621635123,True,0.034117296122027505,0.004241966799362446,True,0.07261624423897847,0.006170273245294043,True,0.1468930815674112,0.008620433391107083,True,0.2505997795794515,0.013076804312529002,True,0.1150580755541323,0.007405952695785093,True,0.21453988331759757,0.01255314628030442,True,-0.02945193304908654,0.0110475315521054,True,0.00017990358106262372,0.016474087020869655,True,-0.0809407794321048,0.00853458748454197,True,-0.1419236390786191,0.013969584252469287,True,0.0,never/death/2/2,0.12159175013249958,0.0072605874088148056,True,0.2701938168236979,0.010973326353291003,True,0.16605005343719625,0.0096107036556544,True,0.3137245207718578,0.016701883341153377,True,-0.04353070394815989,0.01974071045656914,True,False,0.85595703125
1050,-0.05697607264675006,-0.09218592637856304,0.15922308698939763,0.00960625537978242,True,0.3174806823702289,0.01260504892679788,True,0.25293613412818317,0.011017569639028587,True,0.44473626124640475,0.017904400112812222,True,-0.09371304713878553,0.014431327371607598,True,-0.12725557887617583,0.021497283360929747,True,True,0.7886310104149507,0.0,0.13410676038421765,0.007549382472409525,False,0.2636770441482764,0.010604510294090154,True,0.025410436211092957,0.0034628984265757173,True,0.06384068073077104,0.0057331712575037965,True,0.14794662084528423,0.008392995119277444,True,0.23256228846966306,0.012984671107264688,True,0.11695039529853286,0.0074335432945780424,True,0.21818907921819886,0.013021566896246289,True,-0.013839860461066583,0.01119721942812587,True,0.031114755678613354,0.01662398331989773,True,-0.0915399590874399,0.008196086668160638,True,-0.15434839848742782,0.014202849965912565,True,0.0,never/readmission/2/2,0.13820814003855794,0.00774961651110496,False,0.28179236182936945,0.011187610674497684,True,0.16899158143961404,0.00943676488322589,True,0.29527141489301406,0.01814902895824083,True,-0.013479053063644608,0.021136014176317715,True,True,0.7013719081878662
1051,-0.08322101041717611,-0.13860960540887102,0.1569645571816127,0.009036225837129671,True,0.33556631247647656,0.013132541659674675,True,0.2645982683416582,0.010367968753065409,True,0.47937324313627916,0.016121155168255758,True,-0.10763371116004553,0.013267934852835091,True,-0.1438069306598026,0.020861896442637275,True,True,0.7841058647564598,0.0,0.11640119448831723,0.006980842092971046,True,0.2513607919235553,0.010269003664645173,True,0.0347946337110691,0.00420467185791512,True,0.06955002081212742,0.00598351051932725,True,0.15920779539466026,0.008880287015501729,True,0.2502362614765968,0.013127061587766699,True,0.1270602712614683,0.00800189975642227,True,0.2305163208069562,0.013373251734127133,True,-0.04280660090634303,0.011224186996621106,True,0.0011245304469585382,0.016528514639024928,True,-0.0922656375503992,0.009039001912797051,True,-0.16096629999482875,0.014624584794723165,True,0.0,never/readmission/2/2,0.12074956709883303,0.0072165761029443585,True,0.27114918858745013,0.010879044029673348,True,0.18599002966629796,0.010041265307548399,False,0.31832079283731796,0.016899486030899146,True,-0.04717160424986783,0.019892123521524255,True,False,0.7501270771026611
1052,-0.06834298144557105,-0.09119472905200537,0.14873738193787112,0.008704311895427887,True,0.3214904363730747,0.0140837936003047,True,0.24654114591575743,0.010641546510420631,True,0.4131204551171581,0.018014810103165486,False,-0.09780376397788632,0.013698429426188895,True,-0.09163001874408344,0.022243103607010428,False,True,0.8277351583020897,0.0,0.12152898744925301,0.007247729414669709,True,0.250994304502731,0.010604200680495281,True,0.03826588939643415,0.004466972976845671,True,0.07233860074776145,0.006238743445599788,True,0.14960824961141383,0.008314536544792408,True,0.2615111419111502,0.013805536622755849,True,0.1102128203246229,0.007224515591761873,True,0.19325442609111598,0.013143733649021144,True,-0.02807926216216082,0.010963446644499204,True,-0.010516837408419188,0.01724918969273035,True,-0.07194693092818875,0.00849408974203239,True,-0.12091582534335453,0.01453961726109519,True,0.0,never/readmission/2/2,0.12652698973923468,0.0075138286999390826,True,0.2698581055729966,0.011305898191765137,True,0.1693959751059736,0.009275499022689877,True,0.3295177105886056,0.018093328918895007,True,-0.05965960501560896,0.021132416798510568,True,False,0.857799768447876
1053,-0.07239285263423667,-0.1351775395939518,0.16713377055010567,0.008653666037947493,False,0.32539961540854345,0.014254768555049407,True,0.271037210882051,0.011084084591606364,True,0.4777230542493877,0.01703993204746837,True,-0.10390344033194535,0.014202354653040235,True,-0.15232343884084426,0.021787247053529565,True,True,0.8330532545340812,0.0,0.11470555739378742,0.006960236270016061,True,0.2321770652403514,0.010325564035924923,True,0.03161513198594033,0.00401285902363622,True,0.07667351931534054,0.006548366159054353,True,0.14822588284292662,0.008585281219395734,True,0.2466217873155199,0.013734043557973141,True,0.09927734322085392,0.00702556989805339,True,0.21954041585656142,0.01354791522529367,True,-0.0335203254491392,0.010972107267472442,True,-0.014444722075168503,0.01702781543106353,True,-0.06766221123491359,0.008090145567242394,True,-0.14286689654122087,0.01503234776576392,True,0.0,never/death/2/2,0.11855484814790142,0.0071806381025593035,True,0.24995236550617272,0.010949510250389828,True,0.16567009334894675,0.009475153664077626,True,0.3121776559963915,0.017532342900926073,True,-0.0622252904902188,0.020461347720264183,True,False,0.6844651699066162
1054,-0.07708728984190902,-0.1380993396497272,0.15084041129723272,0.008318426172033417,True,0.312812600476289,0.012734489860434411,True,0.25526563972699884,0.011091286493082197,True,0.46104636753087946,0.018515154527850183,True,-0.10442522842976612,0.013870599175863372,True,-0.14823376705459046,0.02205574012579281,True,True,0.7831545530812233,0.0,0.12287522857005002,0.007124146934191126,True,0.25399676561462325,0.010518824870675654,True,0.02798616161967726,0.00373042465347551,True,0.06905389610658683,0.006165460431131048,True,0.14673280841484296,0.00852088321047422,True,0.25844705722738265,0.014682237761896798,True,0.11318025989323573,0.007454450008474042,True,0.2091533224436268,0.014697741591530977,True,-0.023857579844792934,0.011009776148487353,True,-0.004450291612759394,0.01788974765246745,True,-0.08519409827355846,0.008336655234491994,True,-0.14009942633703998,0.015920588863507164,True,0.0,never/death/2/2,0.12673105802337187,0.007318924835902659,True,0.2720336872561492,0.011130385807231802,True,0.1660910543605803,0.00956115982099727,True,0.3371516355515113,0.01792819584947503,True,-0.0651179482953621,0.02084357399802411,True,False,0.7321600914001465
1055,-0.06327845498842535,-0.10667613749269272,0.16360396528432652,0.00859064675517727,True,0.33119868211911757,0.013383927300950709,True,0.25410564816526754,0.011494424160151393,True,0.4643168068321859,0.017485316833823743,True,-0.09050168288094101,0.014588137201006277,True,-0.13311812471306833,0.021699221814247237,True,True,0.808036093158759,0.0,0.11682967771877932,0.00702474121628208,True,0.23838952558262655,0.009936914082434155,True,0.02997135919734776,0.003897197629242135,True,0.0804862449786749,0.0066781850139440236,True,0.13370059625658365,0.008060630805859097,True,0.2203883375974233,0.012617091371851881,True,0.10653984625705515,0.007290919060836512,True,0.20842393181711633,0.013048640079516368,True,-0.016870918537804327,0.010634529023408862,True,0.018001187985203254,0.01593280409182626,True,-0.0765684870597074,0.00826815693614388,True,-0.12793768683844142,0.014638499839380521,True,0.0,never/death/2/2,0.12039055067850464,0.007227343124255699,True,0.2569713089971143,0.010610082431462943,True,0.1515007081064729,0.009010939390030486,True,0.27052026633671605,0.016588510511783793,False,-0.013548957339601764,0.01953529369679547,True,True,0.7268517017364502
1056,-0.1027527551586119,-0.1623727679727266,0.14890979080637282,0.008066770108409019,True,0.3148730279248529,0.013106197027087308,True,0.27855531716682697,0.010997719993292538,True,0.4853295522287749,0.017108613131240645,True,-0.12964552636045415,0.013191259588448018,True,-0.170456524303922,0.021794710947023198,True,True,0.7928171008798828,0.0,0.1109467423898035,0.006847318972850227,True,0.24147086970290052,0.010089098017237333,True,0.03891593204312859,0.004320463959032799,True,0.07288304310554732,0.006057377898169535,True,0.14974104239365504,0.008399677145652892,True,0.25323929228519837,0.012831085632823406,True,0.11070181432047473,0.0072689467293943055,True,0.21075297314932284,0.012121076507788433,True,-0.03879430000385155,0.010741364993904332,True,-0.01176842258229785,0.01611786464957119,True,-0.07178588227734614,0.008454200904339484,True,-0.1378699300437755,0.013536942387129344,True,0.0,always/death/2/2,0.11562289902597664,0.00711265207959462,True,0.26085548721935836,0.010746470470001785,True,0.1691091206829379,0.009367902743066626,True,0.3158604408188917,0.016107363346738412,True,-0.055004953599533335,0.01912197099020468,True,False,0.6800711154937744
1057,-0.06995011516778865,-0.13486653447856162,0.15483379555489954,0.008097956017001105,True,0.30586764097061053,0.012013939583052715,True,0.2562306350777828,0.010734554697907512,True,0.44504084484722245,0.018062415721938098,True,-0.10139683952288328,0.014148313780172759,True,-0.13917320387661192,0.022944980343804124,True,True,0.8426024298570707,0.0,0.11415711914744815,0.006797398176371321,True,0.2473746215621117,0.010207216498489807,True,0.03911375085098392,0.0045171418116247255,True,0.08278993682355294,0.006771271499990169,True,0.12860147783874254,0.008006978065361856,False,0.2392880808578023,0.012997317642470661,True,0.12896235453584617,0.007848234251997873,False,0.22874839175900422,0.012945518336230321,True,-0.014444358691294387,0.010411247982359005,True,0.00808654070430942,0.01632908618280882,True,-0.08984860368486225,0.009059470711647652,True,-0.1459584549354513,0.014604012517300443,True,0.0,never/readmission/2/2,0.1183812755905946,0.007050089378994081,True,0.2665769614918878,0.010947237839538736,True,0.14917917545945814,0.00914475890722438,True,0.3104084689913477,0.016660989505129228,True,-0.04383150749945991,0.019682375848280816,True,False,0.6628203392028809
1058,-0.0851376599112541,-0.12830337128690822,0.14372138831572334,0.008789557707570424,True,0.3121577687659041,0.01386507362854324,True,0.26030567529025767,0.010362645655707938,True,0.4544393830408084,0.016342013215119768,True,-0.11658428697453432,0.013842269172987337,True,-0.14228161427490427,0.020962587135690245,True,True,0.8057121458694747,0.0,0.13098051613080117,0.007421978992160735,True,0.2574239176405557,0.010444849627260935,True,0.027547714537982913,0.0037851040890168734,True,0.06598341983210586,0.006013034690179249,True,0.14017034985040977,0.008188468246911362,True,0.23802235303399108,0.013366418470727375,True,0.11296313558296345,0.007300503206474981,True,0.2069536435323438,0.013411907327887516,True,-0.009189833719608603,0.010944319320038465,True,0.019401564606564642,0.016772207414857222,True,-0.08541542104498054,0.00822312993055402,True,-0.14097022370023793,0.014688336721604347,True,0.0,always/death/2/2,0.13447376238946446,0.007612085241941866,True,0.27351642140414206,0.011021554449313383,True,0.15913737725460067,0.009071747841766837,True,0.29912815790994435,0.017125292490674352,True,-0.025611736505802285,0.02012266868369202,True,True,0.6663477420806885
1059,-0.06590072843538508,-0.13721804511278202,0.1687535834809005,0.00935002826303267,False,0.3230057507445829,0.012268276197282905,True,0.2612873244591276,0.010233455240537608,True,0.47586895808815594,0.017826020006296524,True,-0.09253374097822711,0.013533623085010826,True,-0.15286320734357306,0.021809944025128147,True,True,0.8295503381756202,0.0,0.1349198504956806,0.007519217538758012,False,0.2630565954435748,0.010591249279532847,True,0.04165331103174341,0.004585908626911241,False,0.08829540978899683,0.006945318112722994,False,0.14261175012076507,0.008475467659236144,True,0.2641875949887354,0.01358000524354406,True,0.12932154481945207,0.007902611631071718,False,0.20387424378862448,0.012413286410997853,True,-0.007691899625084486,0.011250294040957233,True,-0.0011309995451606047,0.017037167854866607,True,-0.08766823378770866,0.009137283293962078,True,-0.11557883399962765,0.014220237713360756,True,0.0,never/death/2/2,0.1403637811994874,0.007803061131509941,False,0.2851729303334728,0.011319736568827315,True,0.1648225890665612,0.009589343006719146,True,0.3284952514960903,0.01734759848243652,True,-0.04332232116261753,0.02049743846066731,True,False,0.7039546966552734
1060,-0.06230963402853845,-0.09649712063730687,0.16639625285449222,0.008662846454695741,True,0.3278862807636097,0.012345456071930508,True,0.266800533539823,0.011219886095652592,True,0.458211677389501,0.017550389400422087,True,-0.1004042806853308,0.01442619025817337,True,-0.13032539662589132,0.02095397278039242,True,True,0.8060065918571206,0.0,0.11974614612036795,0.007114378269899716,True,0.2325693890019483,0.009870057520339965,True,0.037183417101235905,0.004225152181006592,True,0.0717457799917235,0.006010490469724522,True,0.1566030865918615,0.008658622437920895,True,0.26723235945578094,0.013753297949389147,True,0.11948831433950713,0.007639367024263691,True,0.20442797693555775,0.013181478218710706,True,-0.03685694047149356,0.011139765212890463,True,-0.03466297045383265,0.0167463648006911,False,-0.08230489723827122,0.008726710545618242,True,-0.13268219694383426,0.014477299560192858,True,0.0,never/death/2/2,0.12462091872891085,0.007379563301315974,True,0.25055769582811166,0.010504886429995417,True,0.17948932456882596,0.00971539713319533,True,0.33117038357576256,0.0182981755859135,True,-0.0806126877476509,0.020879601389247,True,False,0.7715041637420654
1061,-0.0845529490695821,-0.09439277077613617,0.14173336479692558,0.008591380490329112,True,0.3075748429539501,0.013617665588049261,True,0.2652532112391212,0.01058038622588249,True,0.43414106044006073,0.016240868720159007,True,-0.12351984644219563,0.013974052649567368,True,-0.12656621748611063,0.021633373899042976,True,True,0.8273738701097905,0.0,0.1150441305879827,0.006940469018410948,True,0.24049706352307335,0.010064260644893823,True,0.032573363321790914,0.004052395206831954,True,0.06662966258869911,0.005856329405338656,True,0.14113235248472794,0.008449594504159786,True,0.22340486568451554,0.012675473902432602,True,0.1062814474841876,0.007213308942530219,True,0.20411461745653003,0.012003014795533538,True,-0.026088221896745242,0.010851530370561703,True,0.01709219783855781,0.01602509370552936,True,-0.07370808416239669,0.008274196254814264,True,-0.1374849548678309,0.013342817189475052,True,0.0,never/readmission/2/2,0.11891208242992113,0.007165955917036295,True,0.25783274777889065,0.010692843187271426,True,0.1579329790078847,0.009367200589619165,True,0.2768128449634142,0.01561264990580469,True,-0.018980097184523537,0.018711117759203363,True,True,0.6329846382141113
1062,-0.09018892875548165,-0.11953288628403469,0.13857291599378307,0.008088124449270144,True,0.3176556119025424,0.013459654903306853,True,0.26212969065061015,0.011291624701342977,True,0.45991507947847204,0.018044290500533577,True,-0.12355677465682707,0.013421329816014925,True,-0.14225946757592967,0.022494982396695114,True,True,0.8149388684488919,0.0,0.12250954219672928,0.007147201010369216,True,0.24699758496859153,0.009967739643124593,True,0.03207351447991472,0.004128085088420788,True,0.07506262182593744,0.0065356348538193245,True,0.12796928841011407,0.007885147365355992,False,0.21357325011883102,0.012455507871874806,False,0.119960813667142,0.007495605863234993,True,0.20805594915648032,0.012542795001977428,True,-0.0054597462133847835,0.010554161445208928,False,0.03342433484976051,0.01574804079202089,False,-0.08788729918722726,0.00855962796027853,True,-0.13299332733054287,0.014144095107572346,True,0.0,never/death/2/2,0.12625112469632682,0.007362938626310871,True,0.26381208527878697,0.01059686707504311,True,0.1463173848780695,0.008812074387205519,False,0.2618303191648238,0.016430323078196005,False,0.001981766113963168,0.019319516153576837,False,True,0.6459672451019287
1063,-0.07716884686298472,-0.11108873330208574,0.14780072928810276,0.007912984864332279,True,0.31555775329338576,0.013187319550980937,True,0.2524331757589921,0.011552919866635947,True,0.4373368924115898,0.016612729352459832,True,-0.10463244647088935,0.013613239996909087,True,-0.12177913911820404,0.021299097236912184,True,True,0.8618871382991642,0.0,0.12077996327641861,0.0072904563244871766,True,0.2353565086445585,0.010209749110342165,True,0.03192117973692686,0.004044172047415419,True,0.07224343427096766,0.00615905686222262,True,0.15005648975784755,0.008499422072468017,True,0.2313566074643668,0.01371322329673807,True,0.11127777958570802,0.007306730727649725,True,0.20163944904107103,0.013635440142962299,True,-0.029276526481428936,0.011139579530658587,True,0.003999901180191723,0.016949907143931308,True,-0.07935659984878116,0.008354457444215325,True,-0.12939601477010337,0.014957743425391839,True,0.0,never/readmission/2/2,0.12467412462043347,0.00750772946920124,True,0.25212893984604634,0.010816471178302601,True,0.16822438058462086,0.009421367564281935,True,0.2839335479660402,0.01908777859468433,True,-0.03180460811999386,0.02177143208122243,True,True,0.7198984622955322
1064,-0.07532298221882411,-0.1238692025947663,0.1511078138585515,0.008365902583177442,True,0.29462667825706007,0.012250793491659202,True,0.25084182131770805,0.010493634395768631,True,0.4259999904886385,0.01677327367382872,True,-0.09973400745915656,0.012479244323438736,True,-0.13137331223157844,0.020692532778558932,True,True,0.8486498352822202,0.0,0.1181350412055844,0.007091780433643231,True,0.2355738076028003,0.0100220483426754,True,0.032114868271407686,0.0040705575576771335,True,0.07599858887514646,0.006547855223880173,True,0.13156983516421886,0.007936685874722264,True,0.24386753824803456,0.013561210283607473,True,0.12478155315353631,0.007691145224212312,True,0.21702799612575138,0.0128198913486463,True,-0.01343479395863445,0.010568011607416852,True,-0.008293730645234254,0.016654246635888888,True,-0.09266668488212862,0.008702984045098196,True,-0.14102940725060492,0.014394700947218382,True,0.0,never/death/2/2,0.12212596097725287,0.007311863605209957,True,0.2525079013456216,0.010608977101033252,True,0.15057232415081706,0.008936203501262799,True,0.30467445916925656,0.017333311116763162,True,-0.05216655782363494,0.02007927180924473,True,False,0.7360670566558838
1065,-0.07931548194869018,-0.14546271672490185,0.15608702743064454,0.008860891625649535,True,0.3049102695707762,0.013103015236434505,True,0.2583194151275852,0.011480589875970133,True,0.45205227534000547,0.017709554733201995,True,-0.10223238769694068,0.013974105725948975,True,-0.14714200576922926,0.020954364688800495,True,True,0.8165228716947208,0.0,0.11480334768951576,0.006950365602734346,True,0.24042357210030305,0.010291155055236374,True,0.03261787270023341,0.004053722575463009,True,0.07405001748058508,0.006448582563841868,True,0.1338471028283973,0.008084306617769795,True,0.25793864811687206,0.013157887503385906,True,0.11200726493539041,0.007359039391502046,True,0.19150703933760696,0.01142988799782315,True,-0.019043755138881527,0.010571598202538513,True,-0.017515076016569014,0.01650439634632011,True,-0.07938939223515701,0.008398889223029903,True,-0.11745702185702188,0.013115102921649305,True,0.0,never/readmission/2/2,0.11901975397368231,0.007183121119305126,True,0.2590084428069881,0.010982138097083998,True,0.15218063340120688,0.009029067442788396,True,0.31364267444749316,0.016617241900443613,True,-0.05463423164050507,0.019687796468550924,True,False,0.8729321956634521
1066,-0.09336713732851748,-0.1413529851721163,0.13951545993537268,0.008159147692656955,True,0.3069523886253763,0.013745349399269115,True,0.26259125795568083,0.010778331298436639,True,0.4449613764233008,0.01732120304689861,True,-0.12307579802030816,0.013041723851988997,True,-0.13800898779792448,0.021580018363485394,True,True,0.8079957724142705,0.0,0.11985634182816617,0.0071488517919650885,True,0.2358122361675245,0.010010127515050276,True,0.03023632780639653,0.003853654351901567,True,0.06803933384515863,0.006027892268391735,True,0.14442804097602197,0.0082968187134315,True,0.2411166735472468,0.012560050261431957,True,0.12225645261515868,0.007600477020904036,True,0.2296221489599763,0.012609875771258999,True,-0.0245716991478558,0.010869523356889862,True,-0.005304437379722304,0.01590425111177689,True,-0.09202012480876215,0.008519635290588537,True,-0.16158281511481765,0.013954623664422756,True,0.0,always/death/2/2,0.12384961871386657,0.007363833882649161,True,0.25158978223794326,0.010551576981520922,True,0.16594780315747915,0.009405119013925805,True,0.3101966241562476,0.015377720157161254,True,-0.05860684191830434,0.01842149705484944,True,False,0.7538418769836426
1067,-0.06851397117515048,-0.11077487946095338,0.1516027397544151,0.008885562679554987,True,0.3196513792673818,0.013108592611556606,True,0.24462374897331868,0.010612876396673495,True,0.4372538382372246,0.019050985587524393,True,-0.09302100921890358,0.014247503224539873,True,-0.11760245896984278,0.02393722672603427,True,True,0.8541961187378307,0.0,0.11628509461524678,0.006968673991518924,True,0.24767200158203498,0.010314337733182688,True,0.026282275563073706,0.0035792675168830547,True,0.06296917597415283,0.00576780742384894,True,0.14230513827462252,0.008244324967909725,True,0.246772664471687,0.012741853042800538,True,0.11352349876081794,0.00744422204460282,True,0.20822009731927166,0.012207002283642823,True,-0.02602004365937574,0.010704549627014023,True,0.0008993371103479808,0.01619877456010491,True,-0.08724122319774423,0.008259775816729648,True,-0.14525092134511883,0.013490960434771004,True,0.0,always/death/2/2,0.11934052352754841,0.007148763334197844,True,0.2636069756617877,0.010908991181965377,True,0.16304481687931438,0.009173847918261684,True,0.3087102915741459,0.016225586554278346,True,-0.04510331591235822,0.019317082284108014,True,False,0.6682460308074951
1068,-0.08548237733589006,-0.12486589396786413,0.1483729091368778,0.008543721973056204,True,0.30911372647122815,0.012400352197288307,True,0.26231286387611025,0.0100371359342571,True,0.4453511361388963,0.016315630064746352,True,-0.11393995473923244,0.013441559975128378,True,-0.13623740966766817,0.02080055381988615,True,True,0.8527070409006219,0.0,0.10765824665926436,0.006524569618810242,True,0.24084210002853357,0.009971240700898583,True,0.03188865702495421,0.0039629821579056975,True,0.07568237551809182,0.006410171719409931,True,0.15196159416420835,0.008730980286800123,True,0.23238777860669085,0.012268335079903062,True,0.10804311486754253,0.007412328081624934,True,0.218100040633255,0.012603931998758434,True,-0.04430334750494398,0.010784200169651292,True,0.008454321421842714,0.015607435275371553,True,-0.07615445784258831,0.008405054492970944,True,-0.14241766511516318,0.0141244380278871,True,0.0,never/readmission/2/2,0.11122185405154734,0.006730131420497904,True,0.2593311801344629,0.010664129508314715,True,0.17230271156400562,0.00965022457001592,True,0.2978646061071,0.01473777109031828,True,-0.03853342597263715,0.017908289028408554,True,False,0.6498608589172363
1069,-0.07093064518661579,-0.1299121495709869,0.14050747372468347,0.007919195050505723,True,0.31681546533409505,0.011624667690431767,True,0.23970006602499538,0.010142313568218294,True,0.470602888045673,0.01801277097974679,True,-0.09919259230031191,0.012970059538344018,True,-0.15378742271157797,0.019904322479615717,True,True,0.849454118485157,0.0,0.11892852434301253,0.007105013013046548,True,0.2521263429162553,0.010627439993900567,True,0.034840882538214886,0.004335369704021264,True,0.0691300689237038,0.006102642238740507,True,0.14068786178059264,0.00830195394369211,True,0.24918455334850192,0.01363303352983711,True,0.10933553949777379,0.0072247934468026975,True,0.21449850365976164,0.013384455549936393,True,-0.021759337437580115,0.010858967971957283,True,0.0029417895677533723,0.01713512682517592,True,-0.0744946569595589,0.008423791544418555,True,-0.14536843473605784,0.01470047737474454,True,0.0,never/death/2/2,0.1228138472192999,0.007330228460212093,True,0.2698732423352794,0.011263171327871852,True,0.15784972711308032,0.009192122877408088,True,0.3061098980027208,0.019868155535596555,True,-0.03623665566744144,0.02268178905918422,True,True,0.6675057411193848
1070,-0.05995544991800805,-0.10117872033606068,0.14870408756018175,0.00826888211567525,True,0.33742326098545344,0.013700475907186043,True,0.23824288855859596,0.009698251772268187,False,0.44734192499176983,0.01804658622337446,True,-0.08953880099841421,0.01230959261785046,True,-0.10991866400631639,0.022547681033302507,True,True,0.7640783721999018,0.0,0.11895761704871813,0.007150420859493378,True,0.2521078572472394,0.010509443188749641,True,0.031502517676696574,0.0039094103916724274,True,0.07560239452983336,0.006346684503838691,True,0.16457719318075623,0.008774989050490553,False,0.26403899979464596,0.013156343987793433,True,0.09819413809165699,0.006828834259084039,False,0.194030185491603,0.012469035326646194,True,-0.0456195761320381,0.011233442000208925,True,-0.01193114254740657,0.01663764321868391,True,-0.0666916204149604,0.00786755703762628,True,-0.11842779096176964,0.01398449585715297,True,0.0,always/death/2/2,0.12300985883118425,0.00737422687267174,True,0.2722433328582536,0.011176199041440042,True,0.1823626377505754,0.009622804033278662,True,0.32390541850795346,0.015337354038279294,True,-0.051662085649699874,0.0187185114635662,True,False,0.6370117664337158
1071,-0.09761290754345647,-0.14943634941669137,0.14585541714213088,0.008344897999707217,True,0.3151053252656878,0.013969978634530065,True,0.2673349634415836,0.010340348284817542,True,0.4743506827594469,0.017074259490318246,True,-0.1214795462994527,0.012548197293935076,True,-0.15924535749375912,0.02335348062574923,True,True,0.817676181303275,0.0,0.11387782974043982,0.0069744151949812155,True,0.23990250221967666,0.01019663164625351,True,0.025054313224961867,0.0035922816409546233,True,0.06641753335184836,0.005937513604838148,True,0.14511622952321548,0.008313741301950249,True,0.23711206023899298,0.012567792217471565,True,0.10873817675886455,0.007352622745239626,True,0.22010962684692761,0.01281709127587031,True,-0.031238399782775664,0.010792717720975807,True,0.0027904419806836778,0.016058068172144786,True,-0.08368386353390268,0.008181046601583444,True,-0.15369209349507926,0.014092860232286486,True,0.0,never/death/2/2,0.11702255401000859,0.007146745791744127,True,0.2574351884178601,0.01075850793504837,True,0.164496347217162,0.009278164664096731,True,0.29970682920853653,0.01585464406039641,True,-0.04227164079067641,0.018963384590229247,True,False,0.7013154029846191
1072,-0.08305779183438758,-0.11452448210922789,0.1404865986534203,0.00872546191729966,True,0.31338363081902687,0.013219728445338277,True,0.24849049370379242,0.01125310487628653,True,0.43709526101741597,0.018033384384147064,True,-0.10800389505037211,0.014257698363965496,True,-0.1237116301983891,0.021184927449205138,True,True,0.8206963695319723,0.0,0.12004025728829712,0.006958410086958871,True,0.2460603792197633,0.01018621397511133,True,0.033812963180593875,0.004043648638223917,True,0.08211212144746707,0.006539426550914067,True,0.13985829341505326,0.008341608645638725,True,0.24021036929674588,0.013112416446225668,True,0.11412579902335895,0.007593221750169513,True,0.20804415763842643,0.012806953766642815,True,-0.019818036126756144,0.010768703374621758,True,0.005850009923017402,0.016446466350392173,True,-0.08031283584276508,0.008600305918254435,True,-0.12593203619095936,0.014349443726257015,True,0.0,always/readmission/2/2,0.12460899974217568,0.007194476994579332,True,0.26708230535664385,0.010877904037453895,True,0.16022064005256953,0.009374724608528175,True,0.30260080183240573,0.01725297424096571,True,-0.035518496475761885,0.02018627176953303,True,True,0.6814548969268799
1073,-0.05484701757637536,-0.07793206501931627,0.16160943155223173,0.008070013278060695,True,0.338282158347459,0.012752274871856525,True,0.2508725392155508,0.011089428882377024,True,0.411841032201578,0.01681443282591048,False,-0.08926310766331907,0.013590913909683719,True,-0.07355887385411897,0.02041426454331502,False,False,0.8170432399608276,0.0,0.11885853261138121,0.007053632629911558,True,0.24419342368117833,0.010139807233624192,True,0.02962848892999149,0.0038110134014287624,True,0.06546875956331971,0.0059171235188062695,True,0.15825989281330533,0.008762525847868397,True,0.2499357033541018,0.012766626214391622,True,0.11173916646445042,0.007279229478459429,True,0.21515606754595076,0.012792097077077798,True,-0.03940136020192411,0.011165246891666316,True,-0.005742279672923484,0.01609382376230348,True,-0.08211067753445893,0.008216603814386223,True,-0.14968730798263105,0.01408277754095957,True,0.0,never/death/2/2,0.12280791580330531,0.0072681931710901196,True,0.26084688995836725,0.010736360678507912,True,0.17836438064324442,0.009760847232752268,True,0.3059364322750724,0.016971791600776123,True,-0.045089542316705145,0.019834273115233714,True,False,0.6588451862335205
1074,-0.06194417468489996,-0.11969201741223306,0.15538343693242904,0.00876329018766149,True,0.3165476260405335,0.01333988723837993,True,0.24272280952427128,0.010618838583505836,True,0.47607637541442704,0.01914444094246077,True,-0.08733937259184224,0.013723942284988166,True,-0.15952874937389355,0.02259398659771752,True,True,0.7840544629887441,0.0,0.1073698555505633,0.0068003966871848995,True,0.23387017482523476,0.010048260086153908,True,0.03205203753288246,0.004202619693120259,True,0.07664727195017436,0.006576152497138831,True,0.13986125258772258,0.008367041970777717,True,0.2406394471402969,0.012628925791223747,True,0.11492343509450484,0.007381317120893724,True,0.2361827663994192,0.013010044027349524,True,-0.03249139703715928,0.01070725645272469,True,-0.006769272315062136,0.01595009145741774,True,-0.08287139756162237,0.008492851894677897,True,-0.15953549444924486,0.014568021797698954,True,0.0,never/readmission/2/2,0.11061860021433965,0.007004432849440984,True,0.2520279490805664,0.010683656481832463,True,0.1579631984139625,0.009309473054376913,True,0.30709364438723163,0.016104261895396165,True,-0.05506569530666522,0.019084263120860364,True,False,0.6704087257385254
1075,-0.09142519630324508,-0.12400180503353014,0.1531998172168669,0.008480721712470359,True,0.3266159190081951,0.013288838328213667,True,0.27083089286515427,0.010268964389810623,True,0.45802368060338783,0.01684249718405506,True,-0.11763107564828737,0.013956013427432802,True,-0.13140776159519274,0.021664186668565007,True,True,0.8131784047225515,0.0,0.1141203712554537,0.006867926729425667,True,0.2392770683430537,0.010055740393761248,True,0.028325769736238023,0.0037131236949688247,True,0.07077437327349262,0.006180181536581731,True,0.13233066134560692,0.008206207773017277,True,0.23727666727439503,0.012702211849334127,True,0.10625509985883494,0.007347427514135937,True,0.1909597686124026,0.012101994053117873,True,-0.018210290090153222,0.010633153294621714,True,0.002000401068658675,0.016035393203364345,True,-0.07792933012259692,0.008230016827635824,True,-0.12018539533890998,0.013568069017869704,True,0.0,never/death/2/2,0.11774834727657776,0.007066597452236513,True,0.25728455494797525,0.010703431144764613,True,0.1499683612870385,0.00919580762266122,True,0.2973944423327777,0.0152853200818863,True,-0.04010988738480242,0.018417330675930616,True,False,0.6927220821380615
1076,-0.0640844271528205,-0.11046823242041631,0.15388654605948202,0.008913875125462337,True,0.32383279774268364,0.012948901103126565,True,0.24769411843123362,0.010454023458721071,True,0.4531913307882439,0.01763083721643334,True,-0.09380757237175161,0.013154836428365792,True,-0.12935853304556028,0.02012740209045347,True,True,0.7945646913698902,0.0,0.13385856784097697,0.007554615885632204,False,0.26651446213002783,0.010921748291273873,True,0.027077560905695214,0.0035948751886528004,True,0.06653280750613921,0.005998071483666406,True,0.13271859105600675,0.008012850290543517,True,0.234206669732595,0.0131664413749814,True,0.11643458237760318,0.007430003382929688,True,0.21747190184857376,0.013070702960395962,True,0.0011399767849702147,0.01095118580813204,False,0.03230779239743284,0.016991283744045873,True,-0.08935702147190797,0.008248313640933074,True,-0.15093909434243455,0.014356959939673144,True,0.0,always/death/2/2,0.13822227054404437,0.007762414905512837,False,0.2843940222264476,0.011523289449609727,True,0.15146623217450164,0.009070681122830678,True,0.296412936656579,0.016837504071647892,True,-0.012018914430131367,0.020236977060812563,True,True,0.684943675994873
1077,-0.09196581329291123,-0.14160395412904447,0.1460665536773966,0.008389826612065485,True,0.3079521486810006,0.014039713609508845,True,0.262607029513678,0.01069787784264401,True,0.45115529999294995,0.015912547556674782,True,-0.11654047583628138,0.01346676349603019,True,-0.14320315131194933,0.020197700944197906,True,True,0.8235492937513145,0.0,0.12924084639184383,0.007245993343177075,True,0.2549915874879059,0.010275671446102128,True,0.02946012203179339,0.003871065126381675,True,0.0676329794169472,0.005979998262437338,True,0.154259164899057,0.008541189908204135,True,0.25074764092358937,0.012589463666165158,True,0.1080779374822369,0.0072464469603227425,True,0.1999459043602239,0.011819380881631878,True,-0.025018318507213172,0.011077728592216873,True,0.004243946564316536,0.01602452230498838,True,-0.07861781545044351,0.00821657126080589,True,-0.13231292494327668,0.013225778898122487,True,0.0,always/readmission/2/2,0.13307348985117415,0.007448453144934835,True,0.27221176107066997,0.01087043935704923,True,0.17416329061192648,0.009461256504304592,True,0.3163642090771668,0.015539573763731645,True,-0.044152448006496814,0.018679065657444344,True,False,0.8239166736602783
1078,-0.06022130214764776,-0.08884859744746254,0.15624183521617493,0.008646210993137178,True,0.32844653379949057,0.013830746526453677,True,0.24267781666429722,0.010532736464176497,True,0.42628523450165684,0.017963268521567946,True,-0.08643598144812228,0.013824241050384952,True,-0.09783870070216627,0.022369486682474956,True,True,0.8454473516015049,0.0,0.113110751596365,0.0069739432660994765,True,0.2627939983030506,0.010830991680760219,True,0.032628439513556984,0.004104164792275012,True,0.07139278493472224,0.006325762098238867,True,0.14583347176333084,0.008534685540080114,True,0.24697149135374794,0.01310636555520594,True,0.11489308224184408,0.0074737085479064935,True,0.2088990550793702,0.012584784961005102,True,-0.03272272016696584,0.01093974134898882,True,0.015822506949302678,0.016832360388268176,True,-0.0822646427282871,0.008526062011629082,True,-0.13750627014464795,0.014080347521081409,True,0.0,never/death/1/1,0.11697313000330348,0.00719607305541314,True,0.2832666653444497,0.011478171251677237,True,0.16579167450387836,0.009556953634530798,True,0.30573270089596893,0.01647190596391896,True,-0.022466035551519214,0.019865963665142764,True,True,1.136631727218628
1079,-0.06133683483174243,-0.10241874527588818,0.16048301957429384,0.008814450813920207,True,0.3298082824163601,0.012891501931041785,True,0.25011333845716466,0.010939110057890727,True,0.46288839960598394,0.017658962724762625,True,-0.08963031888287082,0.01478902621483402,True,-0.13308011718962381,0.020052930819181004,True,True,0.7654151356809652,0.0,0.10827826155305416,0.0067071750657611414,True,0.24630425713710646,0.010371039727361767,True,0.02668859407272439,0.0037446296815988878,True,0.06182878725045711,0.005817174733129974,True,0.15226158338642143,0.008610377523685195,True,0.24015759387206473,0.0130656033383591,True,0.11950348614906575,0.007569715919688639,True,0.19742588578788747,0.012281775435996962,True,-0.04398332183336727,0.01080365629700701,True,0.006146663265041735,0.016526795301712784,True,-0.09281489207634136,0.0084456902707006,True,-0.13559709853743035,0.013577806163346424,True,0.0,always/death/2/2,0.11130987590877792,0.006879969040264867,True,0.26201725101144335,0.010948838957245067,True,0.173515966658291,0.00962275775103597,True,0.29321934700430946,0.016332865827534477,True,-0.031202095992866108,0.019467711568105128,True,True,1.0114209651947021
1080,-0.09425603465428434,-0.15357969354480533,0.14438953326240334,0.007879529497628731,True,0.31429837912588976,0.013866084463792087,True,0.2735706520668078,0.010138692690295692,True,0.49336201614528885,0.016281719284283055,False,-0.12918111880440447,0.012764201003143592,True,-0.1790636370193991,0.021177703344021394,True,True,0.7808650913675491,0.0,0.14274549069314707,0.007700173239101852,False,0.26599770173006415,0.010519310785490326,True,0.03523973792015694,0.004207164296579902,True,0.06470160438978459,0.005835436447293069,True,0.14344982355198851,0.008314225686202556,True,0.23694259891056696,0.012942713291645648,True,0.11600638484674143,0.007454500191818237,True,0.2268557627534748,0.01288879187357832,True,-0.0007043328588414444,0.011259836806875175,False,0.02905510281949719,0.01651916378963512,True,-0.0807666469265845,0.00855971080301907,True,-0.1621541583636902,0.014135189575516717,True,0.0,always/death/1/1,0.14804496326285368,0.00795687761698849,False,0.28328488994424694,0.011044588877188828,True,0.16324004471992437,0.009331916326525453,True,0.3065085584420575,0.016576878962525906,True,-0.023223668497810546,0.019708887495398564,True,True,0.9438626766204834
1081,-0.0578925959910323,-0.11138755495122449,0.14293287293941218,0.007759115336465926,True,0.30522703239287285,0.012538604360059956,True,0.22737397644638943,0.011448875865950696,False,0.43497974794545596,0.01928231751302886,True,-0.08444110350697726,0.014082048117219777,True,-0.1297527155525831,0.023180864605100836,True,False,0.764580932318526,0.0,0.125288465551379,0.007331435217277003,True,0.23709970475137163,0.010090061086956995,True,0.031087959321822744,0.0039332004342891485,True,0.06983388374696121,0.006176191533999118,True,0.1338892976383833,0.008063911174883571,True,0.23780615755440893,0.01311556153323585,True,0.11875858952982316,0.007508579876214643,True,0.23419977591859686,0.013482496565545421,True,-0.008600832087004295,0.010829636185260786,True,-0.0007064528030372996,0.016407309857170416,True,-0.08767063020800041,0.00847575379144049,True,-0.16436589217163566,0.014811258928764266,True,0.0,always/readmission/2/2,0.12931126495996528,0.007551913680566133,True,0.2537876939098074,0.010718279517895838,True,0.1527045342202479,0.009075992707515494,True,0.3055221018553256,0.01668728641864102,True,-0.0517344079455182,0.019644085897863907,True,False,1.1420345306396484
1082,-0.08963978135199971,-0.1304995562792104,0.14849151435959168,0.009182277146306874,True,0.3159433635604112,0.013689786398214882,True,0.26562047135805605,0.010604180165973537,True,0.4439253832867298,0.01772091889797342,True,-0.11712895699846437,0.014087095686630182,True,-0.12798201972631862,0.022211358232285584,True,True,0.7754280401541939,0.0,0.12490615128638873,0.007260429448160248,True,0.2421661630709945,0.010264516198925176,True,0.030195531728662704,0.00400612933207025,True,0.07036644373441206,0.006249156873538487,True,0.14929719883269144,0.008502731198905072,True,0.2403710354791108,0.01315984909694374,True,0.11505894895228498,0.007308443369556647,True,0.2190690320513928,0.01333244592017105,True,-0.02439104754630271,0.011085216845419152,True,0.0017951275918837162,0.01650392041953864,True,-0.08486341722362228,0.008334692899572267,True,-0.14870258831698074,0.014722717496740602,True,0.0,never/readmission/2/2,0.1288622443676897,0.00747066934210697,True,0.2604575721306814,0.010900578898718654,True,0.16870046637862532,0.009521797271258674,True,0.3016878764963501,0.01767789843249907,True,-0.04123030436566871,0.020548083455551102,True,False,0.8858523368835449
1083,-0.07930487340742731,-0.12454072259644827,0.1518122408092853,0.008039025857218026,True,0.30400579334778577,0.012022046757561508,True,0.2628260593005535,0.011824719988375892,True,0.4431730354952983,0.017187256604606085,True,-0.11101381849126823,0.012938674580101365,True,-0.13916724214751253,0.02109375717863939,True,True,0.8314068309247388,0.0,0.12090505409455948,0.007128316451227296,True,0.23377986285537278,0.010044025183627053,True,0.02826066980905671,0.0037821691741169857,True,0.07196244007590306,0.006363946956124815,True,0.1477720565279759,0.008513165500432116,True,0.2457583357988483,0.012894606408870544,True,0.10717884132285727,0.0072960994914540046,True,0.20257571267516322,0.012451159500853518,True,-0.026867002433416415,0.011008051444253755,True,-0.01197847294347551,0.016159851802072987,True,-0.07891817151380055,0.008216710134944315,True,-0.13061327259926014,0.013973004920197228,True,0.0,never/death/2/2,0.12457519382781905,0.007328985116833955,True,0.2513134393510801,0.010631726799047446,True,0.16644520724150114,0.009435944017135265,True,0.2970343752439204,0.0182346795551911,True,-0.04572093589284032,0.02090778908850337,True,False,0.6903605461120605
1084,-0.06875472517343886,-0.11560222247544888,0.15534261371784563,0.008457718506502203,True,0.33807715072659733,0.013948111518275734,True,0.25751799067961234,0.010559700403436702,True,0.46960636630285024,0.01742463908105586,True,-0.1021753769617667,0.013911855989799464,True,-0.1315292155762529,0.02227513275526136,True,True,0.818735635635659,0.0,0.10993514465949268,0.006863122014428052,True,0.25376757263299893,0.010480665625133717,True,0.03629469574128473,0.004230679577723754,True,0.07765150908000405,0.006442534904716025,True,0.15844266765220674,0.008641313373583929,True,0.23715974022901173,0.01239301016633535,True,0.10624929178491471,0.007130372440301869,True,0.19773650477862545,0.012094607728065438,True,-0.04850752299271406,0.010945199257546607,False,0.016607832403987194,0.01606133953370575,True,-0.06995459604362998,0.008290260207540538,True,-0.1200849956986214,0.013691966474421186,True,0.0,always/death/1/1,0.11403316502998896,0.007107759723013575,True,0.27480161520297064,0.011141024389155227,True,0.17814203715118554,0.009550790763490422,True,0.28756418174214227,0.015762136628906832,True,-0.012762566539171627,0.01910485912576511,True,True,0.6814870834350586
1085,-0.057345466535715595,-0.08692959527104366,0.16645117721272276,0.009718116008421191,True,0.33782875689419645,0.0132693692860175,True,0.24496584811226893,0.009822174492281241,True,0.43570042432753486,0.015608212822835863,True,-0.07851467089954617,0.014429255353424948,False,-0.09787166743333842,0.0210073381822757,True,True,0.8213524136023752,0.0,0.11320591061312214,0.006913207076994301,True,0.24572806796585142,0.010250944843960736,True,0.026545366404541443,0.0036015604167650385,True,0.0687236259296756,0.006037051002178358,True,0.13029471376437982,0.008260067811227848,True,0.2417325503897694,0.01442974799823252,True,0.11618558140513016,0.007563899349136563,True,0.22698577794798894,0.013891907629197483,True,-0.017088803151257673,0.010705832603074459,True,0.003995517576082019,0.017569651677614095,True,-0.08964021500058872,0.008374513197439351,True,-0.15826215201831334,0.015126464358886201,True,0.0,never/readmission/2/2,0.11667055354247687,0.007102228836086894,True,0.26426057666606234,0.010847260270898383,True,0.14852913578452456,0.009345621679003213,True,0.31558917805135295,0.018675159632004182,True,-0.051328601385290606,0.021409528268025016,True,False,0.6967854499816895
1086,-0.09615648830906914,-0.13778306102146454,0.1435675041647429,0.008246516017631355,True,0.2984369992455879,0.014211461145847494,True,0.27494154535228565,0.010973991209640448,True,0.45562616837821723,0.0175447528573766,True,-0.13137404118754276,0.013095125602044923,True,-0.15718916913262931,0.02350119008137527,True,True,0.7841826751258113,0.0,0.11641592892638791,0.0071278311128195136,True,0.2529524605290105,0.010604110854826024,True,0.030367177591136447,0.0038690698003891973,True,0.06387930327031567,0.005873825452661767,True,0.1370941010861294,0.008165166224802074,True,0.23238870243963125,0.014064273044242178,True,0.11319435583550803,0.007259129935491559,True,0.22322627714206675,0.013035545216197736,True,-0.020678172159741492,0.010772360228692114,True,0.02056375808937924,0.017472672993225555,True,-0.08282717824437158,0.008222148133283085,True,-0.15934697387175106,0.01427239524405977,True,0.0,never/death/2/2,0.12020509653938258,0.007345868338998095,True,0.27083231212276043,0.011183935317199094,True,0.15515748573237773,0.00914958065145284,True,0.3086954861579841,0.015830214987757014,True,-0.03786317403522366,0.0191508811816566,True,False,0.9085633754730225
1087,-0.09342745493346466,-0.12709150784753365,0.1480960309893092,0.00864033851626303,True,0.3325259409717406,0.013854765840578338,True,0.26895234195772477,0.011161153978334906,True,0.45627183360553336,0.01659580613661685,True,-0.12085631096841556,0.014609930357511803,True,-0.12374589263379276,0.021207369812852483,True,True,0.8251524794344531,0.0,0.1209328837758709,0.007193221433770465,True,0.23940716762505626,0.010061077612541844,True,0.03021022875995196,0.003956038549785184,True,0.06754053028426853,0.005998464346314888,True,0.1469583332847637,0.008507154243898805,True,0.25045596331651815,0.013377220613634526,True,0.12620035522744397,0.007720939272932486,True,0.20007942241562393,0.01272911358726244,True,-0.02602544950889281,0.011060547961437173,True,-0.011048795691461888,0.016543672818731352,True,-0.095990126467492,0.00867566562421763,True,-0.1325388921313554,0.014054156389847307,True,0.0,never/death/2/2,0.12499427024736307,0.007407024432641241,True,0.25737767582424287,0.010702349545593312,True,0.1687081279272448,0.009682688732498139,True,0.3123016369860045,0.017551672695319105,True,-0.054923961161761625,0.020318618842455175,True,False,0.7362947463989258
1088,-0.060892422437457905,-0.09809449346587734,0.14913815523422522,0.007930075591762108,True,0.32241462778124597,0.013061261764081409,True,0.24698884408706423,0.009703615094607475,True,0.4348725112367635,0.018026147809319305,True,-0.09785068885283901,0.012148703314102517,True,-0.11245788345551755,0.02137971898998363,True,True,0.8187183934470085,0.0,0.11379429237581434,0.006938465518655591,True,0.23953136983521006,0.010487460389482395,True,0.029821827481228247,0.0038943719183834095,True,0.07331549899915549,0.006385939895890202,True,0.1650848275836127,0.008859855799044865,False,0.2607570509344729,0.013116553743938714,True,0.09708384843918295,0.006848496912820333,False,0.20961162303926328,0.012932500280502147,True,-0.05129053520779836,0.011143090018937481,False,-0.021225681099262816,0.016614025068314532,True,-0.06726202095795471,0.007878107380892148,True,-0.1362961240401078,0.014418045628356425,True,0.0,never/death/2/2,0.11744984577736872,0.007143990479863815,True,0.2569754450100298,0.011157116543842025,True,0.18370436625304817,0.00969087886523672,True,0.3250400117342802,0.01638607822029055,True,-0.06806456672425043,0.019611618047056013,True,False,0.665419340133667
1089,-0.0781396283632515,-0.13692428093732012,0.15196173285372458,0.008298708610255293,True,0.31702203971059156,0.013973326252262795,True,0.25978327904643095,0.0109090171197426,True,0.49202645994793837,0.0177248692132453,False,-0.10782154619270637,0.01339903693492452,True,-0.1750044202373468,0.023640440868731825,True,True,0.7701263345321424,0.0,0.12044776410572465,0.007035456568904451,True,0.25111879933172065,0.010335674915348066,True,0.026241416463374,0.0037918351225455314,True,0.06450468470866064,0.005973075453712788,True,0.12179231693372887,0.007971372789699454,False,0.22617072673440386,0.013788862090203259,True,0.1029490930362884,0.00717281297692706,True,0.2208385841787183,0.014906357274338642,True,-0.0013445528280042196,0.010558549059417803,False,0.024948072597316795,0.017057203695092758,True,-0.0767076765729144,0.008114996222484686,True,-0.15633389947005766,0.016051820894038945,True,0.0,never/death/2/2,0.12345485268370747,0.007208836037242822,True,0.26675424322633695,0.010901980771096179,True,0.13676137770277358,0.008814196580913128,False,0.292833775267286,0.017907875718709273,True,-0.02607953204094904,0.020743718216422517,True,True,0.7637176513671875
1090,-0.09509356877242359,-0.12570832572447993,0.14066020506244167,0.008180965190814635,True,0.3029269562766176,0.012964934856647589,True,0.267539793819326,0.011328971488629115,True,0.44378834915855747,0.015464964565491072,True,-0.12687958875688435,0.013356926249242382,True,-0.14086139288193988,0.01996306978268262,True,True,0.8364914703772239,0.0,0.10346666363095955,0.006548586173420664,False,0.24096577941708536,0.009931970651617772,True,0.028062190667193045,0.0037153351771666986,True,0.06542392311105448,0.005765076230136949,True,0.13810200879738063,0.00834309302478637,True,0.24968707052912742,0.013753267996233007,True,0.10826010584362797,0.00730704645854024,True,0.20794544776267282,0.012708949084554066,True,-0.03463534516642108,0.0105456453420775,True,-0.008721291112042062,0.0168346662672562,True,-0.08019791517643493,0.008194999003020984,True,-0.14252152465161833,0.013929054579880237,True,0.0,never/readmission/2/2,0.10657019849368499,0.006732537972576041,False,0.25872159761683694,0.010539965426111575,True,0.15546985922924625,0.00929981989572492,True,0.3193426384212118,0.016589277336296632,True,-0.06062104080437486,0.019463462880897033,True,False,0.9979698657989502
1091,-0.0831144874121329,-0.09964764918550184,0.1443579763726516,0.008010745602626924,True,0.34350480263620853,0.0137787258650948,True,0.25714063059701237,0.010315518366971498,True,0.4604078289677832,0.021303735889821627,True,-0.11278265422436076,0.011850071828037836,True,-0.11690302633157468,0.025683959503377388,True,True,0.7035235386272733,0.0,0.11218863210209874,0.006825588640790417,True,0.2491829989597976,0.010113886421298126,True,0.034792878076389505,0.004201113343834395,True,0.07938893437743455,0.006563481795616295,True,0.1545729356994296,0.0086831468709546,True,0.24565124898516466,0.01366017360735882,True,0.12245381770369006,0.007677144204414729,True,0.20973980977376178,0.012989126936507736,True,-0.04238430359733085,0.010945514541068794,True,0.0035317499746329306,0.016797589563610608,True,-0.08766093962730055,0.00875352997663508,True,-0.13035087539632723,0.014550889634437585,True,0.0,never/death/2/2,0.11588249465006348,0.007047828705968664,True,0.2703697374678568,0.010794221961050208,True,0.17671102135480374,0.009681499640256708,True,0.3009296476264254,0.017600970123378027,True,-0.03055991015856857,0.020423402065114723,True,True,0.9665801525115967
1092,-0.0929416236566925,-0.13681108426147137,0.155549397466475,0.00871766011448311,True,0.303020762331868,0.012663262153621492,True,0.27981401143855245,0.011206256069190576,False,0.46246573868017365,0.016543573511140795,True,-0.12426461397207744,0.014416824427397664,True,-0.15944497634830568,0.021108945397589677,True,True,0.8129398126668377,0.0,0.1298848644688045,0.007247211934016388,True,0.2685870181711649,0.010443272899902123,False,0.030339403123157624,0.0037594322440804816,True,0.07032605256698883,0.005843759634483065,True,0.14815781864388025,0.008780758607460012,True,0.26000922892374045,0.01397903898043719,True,0.1151086053675282,0.007751914943619441,True,0.2059259017669675,0.013357562034938056,True,-0.01827295417507574,0.011312898831302862,True,0.008577789247424472,0.01728005236455823,True,-0.08476920224437058,0.008611085478798563,True,-0.1355998491999787,0.0145631014546031,True,0.0,never/death/2/2,0.13437390470716815,0.007471151305924286,True,0.2915582273162015,0.011088757791450465,False,0.16909397925945263,0.00988944498444515,True,0.32378475161344406,0.020176512965138893,True,-0.03222652429724254,0.02282948147934699,True,True,0.8271598815917969
1093,-0.08604115491614209,-0.12425834851564393,0.15061996660028304,0.0077739816638597165,True,0.3298894256612242,0.012340608249819923,True,0.27146414156695337,0.010568373509140862,True,0.4610953437257264,0.016370579888260066,True,-0.12084417496667033,0.012921834522177041,True,-0.1312059180645022,0.021085582445437595,True,True,0.8338312182550865,0.0,0.13627820141742927,0.007540122675346715,False,0.26571582204169714,0.010622888810176001,True,0.024513977216577904,0.003611011282621769,True,0.07297045520660166,0.006328544038136339,True,0.14739801758271054,0.008507557804281739,True,0.2549010765431014,0.013857651685344433,True,0.10765814789848412,0.007183362296906338,True,0.21326645941999958,0.013060733342627912,True,-0.011119816165281265,0.011262920064126884,True,0.010814745498595735,0.017277633476997553,True,-0.08314417068190622,0.008040895592378625,True,-0.14029600421339794,0.014500714967567534,True,0.0,never/readmission/2/2,0.1395796453842869,0.007712454421335841,False,0.28435195521658735,0.011220146145172073,True,0.16517761438407785,0.009393944302309377,True,0.31371853643231873,0.018137496974169953,True,-0.02936658121573138,0.021126166273778932,True,True,0.7015109062194824
1094,-0.07710512547258705,-0.11351733526887625,0.1523684467465353,0.007974123803236817,True,0.3249602723676702,0.01328658448179749,True,0.2546495689400887,0.011010396359034816,True,0.4612532953400123,0.01710101080253807,True,-0.10228112219355343,0.013357546531131685,True,-0.13629302297234208,0.020608601156395262,True,True,0.8188052719739874,0.0,0.12382224162903743,0.00729027218087906,True,0.24982028102284415,0.010390857510709773,True,0.02676964173077287,0.003574762778236722,True,0.07474107947385278,0.006532279457105654,True,0.13940833474991057,0.008178029102003851,True,0.24063420276181616,0.013129104908641363,True,0.10183699859183463,0.006887214614135308,True,0.19087519778045894,0.012764213210343078,True,-0.01558609312087314,0.010869389363202057,True,0.009186078261027991,0.01659117750749364,True,-0.07506735686106177,0.007760423567967307,True,-0.11613411830660617,0.014332039703545988,True,0.0,never/readmission/2/2,0.12751249061003603,0.007492812697465571,True,0.26745572094830966,0.011030540684945675,True,0.15475011700337762,0.009019872783095096,True,0.2905579659335617,0.016178722244574187,True,-0.02310224498525204,0.01940575965820967,True,True,0.8724789619445801
1095,-0.06852368227411795,-0.11266931993750418,0.1575411354468774,0.008899701282677164,True,0.32526815359978595,0.013214079222403438,True,0.2629612951208126,0.01010456496870875,True,0.4659133038972773,0.016499797769390635,True,-0.10542015967393523,0.012995679294582948,True,-0.14064515029749136,0.020181954527465348,True,True,0.7979490682969228,0.0,0.12443110360736127,0.007153609416961179,True,0.2423595716189976,0.009962798367808178,True,0.03923418108624209,0.004418512438055153,True,0.07036970743237879,0.0059487675638756135,True,0.15228195522938015,0.008707614449925407,True,0.2393200904295844,0.012745243448513396,True,0.1078649076595211,0.007413893028514935,True,0.21003892176733793,0.013282035769164697,True,-0.027850851622018877,0.011203398873816526,True,0.00303948118941319,0.01605447674216059,True,-0.06863072657327901,0.008630817842209327,True,-0.13966921433495916,0.014541792718046249,True,0.0,never/readmission/2/2,0.1295734716533856,0.007422254345371522,True,0.260011253468458,0.010597891735620243,True,0.17167443093717621,0.00967685305172076,True,0.2875247391389772,0.0172778089527528,True,-0.0275134856705192,0.02014375780414973,True,True,1.0195226669311523
1096,-0.05329736439068175,-0.0653874503820297,0.16825971065787734,0.00938243761198067,False,0.3465058581114172,0.01379307741218773,False,0.2503492831754915,0.010331000894137597,True,0.4403817443282487,0.01778558663993386,True,-0.08208957251761415,0.013489090598546246,True,-0.09387588621683152,0.02330502600638847,True,True,0.8347258650250485,0.0,0.11948749243188868,0.007121627947009895,True,0.2505660073565487,0.010280197988242796,True,0.03012633824964974,0.0038585459234183267,True,0.0702987118966064,0.006204563871745758,True,0.14085047295043177,0.008444045479478001,True,0.23995401388644721,0.013504583669438823,True,0.11648385602046636,0.007650254335865412,True,0.21617983568836485,0.013167705561763074,True,-0.021362980518543087,0.010988307041913493,True,0.0106119934701015,0.016804675876212018,True,-0.08635751777081663,0.008567678104481226,True,-0.14588112379175844,0.014547656371827915,True,0.0,never/readmission/2/2,0.12322995319130041,0.007330737226531463,True,0.26899434484486506,0.010904744474635221,True,0.1607266204701275,0.00947261375267012,True,0.29954022458799806,0.01848794492959214,True,-0.030545879743132998,0.021273749471023885,True,True,0.7872910499572754
1097,-0.07331359489996889,-0.10569950439092257,0.1451580808173608,0.0085160163108827,True,0.32444457662684995,0.012899705815332277,True,0.25442345918872955,0.012258247209573915,True,0.46574827323541296,0.018555547653973256,True,-0.10926537837136874,0.01524007523365215,True,-0.141303696608563,0.022916292680536427,True,True,0.8043092884981394,0.0,0.12718437941975788,0.007307570644123026,True,0.24746405621857956,0.010166860524263395,True,0.031458053965167924,0.003946556482239976,True,0.06979713984340287,0.005968956279808429,True,0.1464228310786402,0.008464767194155533,True,0.25304903994822303,0.01299303806367776,True,0.10725234744512412,0.0071741170756092635,True,0.207218418638458,0.012036091635788783,True,-0.019238451658882327,0.0111045042332232,True,-0.005584983729643472,0.016316231234894542,True,-0.0757942934799562,0.008187412255498709,True,-0.1374212787950551,0.013426327470708628,True,0.0,never/readmission/2/2,0.13133225236448026,0.007528454150096283,True,0.26543939102124464,0.01078504053134532,True,0.16370988572726192,0.009376364507496519,True,0.3102524164422468,0.016194419746983924,True,-0.044813025421002184,0.019251026206220028,True,False,0.7340352535247803
1098,-0.07500728567880036,-0.12308705118312391,0.14092881551249326,0.008178112530899973,True,0.2985824532424042,0.012576570264922956,True,0.2470964736848364,0.010633739338759269,True,0.4490072896178241,0.015947646731843138,True,-0.10616765817234314,0.013873030823493733,True,-0.15042483637541992,0.01979984927624506,True,True,0.8396293407799692,0.0,0.12402323433161722,0.007174340503460181,True,0.24797208782115387,0.010396981663619733,True,0.02624929061032105,0.0039144213376197745,True,0.0592949022298777,0.005958751984567405,True,0.14935021202961143,0.008485209049862493,True,0.23297132648411112,0.012218874564554028,True,0.10492724562644014,0.0071733514452916435,True,0.22254394682609852,0.012829273981398848,True,-0.02532697769799422,0.011004148581609993,True,0.015000761337042756,0.015923123208244565,True,-0.07867795501611909,0.008172600126546858,True,-0.1632490445962208,0.01413791827570894,True,0.0,never/death/2/2,0.12727211262601018,0.00734889270135786,True,0.26210271637330085,0.010885060720985407,True,0.1674739075296604,0.009367565521913552,True,0.28874122302597943,0.015112693681945741,True,-0.026638506652678584,0.01846710379700972,True,True,0.7054314613342285
1099,-0.10124653430282454,-0.12918904231052508,0.13821476220412368,0.007903867779083713,True,0.3071663459878706,0.012364197123604639,True,0.26486579310416014,0.010501107347083198,True,0.4480786743974852,0.017589491031299156,True,-0.12665103090003646,0.013745806321998347,True,-0.1409123284096146,0.02243604213535274,True,True,0.8116807503892041,0.0,0.11961873923092194,0.00707094136155725,True,0.24203853046792365,0.010043729441137478,True,0.02869240843364963,0.0037181948698410735,True,0.06326687824960534,0.005753450823033208,True,0.14423424844530308,0.008509657237308553,True,0.24442388875428817,0.01428190340322776,True,0.11831422605225285,0.007657467147400441,True,0.2160651275356172,0.013504008829323335,True,-0.024615509214381145,0.010982743199754617,True,-0.0023853582863645195,0.017331550880124835,True,-0.08962181761860322,0.00850856484482227,True,-0.15279824928601188,0.014665717759471657,True,0.0,never/readmission/2/2,0.12337449261710035,0.007275213113327062,True,0.25830816172695664,0.010623449257308924,True,0.1658270742890125,0.009579352570602152,True,0.30969128675595087,0.018584618784740527,True,-0.051383125028994225,0.02122678392534218,True,False,0.7786130905151367
1100,-0.0861983744808785,-0.13861218111204032,0.14472083529652102,0.0076932387892788764,True,0.29923419932255246,0.012578641652601138,True,0.26001217134460264,0.011213198121323027,True,0.45319066696380034,0.016623649443400293,True,-0.11529133604808162,0.013838963068865322,True,-0.15395646764124787,0.021098647643104408,True,True,0.8258165000422971,0.0,0.1113029724767877,0.006776302087213321,True,0.2260334913473266,0.010005388595156083,False,0.02979379224093682,0.003846574810729121,True,0.06583094315230147,0.005875197328014539,True,0.16055854279354015,0.008762488434193418,True,0.2735697490332808,0.013590142979834787,False,0.09640274859238272,0.006969331063438719,False,0.18404848908902363,0.012138940767318853,False,-0.04925557031675244,0.010981998286812428,False,-0.04753625768595421,0.016709026308978556,False,-0.0666089563514459,0.007960161843251788,True,-0.11821754593672217,0.013476173937573973,True,0.0,never/death/2/2,0.11472940568699394,0.006974339561771368,True,0.24078248675056907,0.010613332587229428,False,0.17924474380767305,0.009634845525916853,True,0.3261899039280887,0.019330902025469218,True,-0.08540741717751965,0.02188651684020453,False,False,0.7670462131500244
1101,-0.07772820755807527,-0.11146725582338224,0.1350855929418166,0.008129388421124852,True,0.3064931671981725,0.014368470559157551,True,0.24037590425192662,0.010332357248642465,True,0.42539675917388253,0.01812969045743975,True,-0.10529031131011002,0.013475743760773835,True,-0.11890359197571004,0.022950931790154606,True,True,0.7677485295502909,0.0,0.11345831045464747,0.006817082248143013,True,0.2265113257568069,0.009984356229881006,False,0.026181463280288267,0.0036895259703585586,True,0.07045188147782246,0.006253803781091906,True,0.15593266397663336,0.00848588190288686,True,0.2559786799261453,0.013819800367341551,True,0.11754569055860283,0.007416915961707033,True,0.19502669632574504,0.012902039312732965,True,-0.04247435352198589,0.010828381445820425,True,-0.029467354169338406,0.01691526726623627,True,-0.09136422727831456,0.008283139987045423,True,-0.12457481484792259,0.014326132497779052,True,0.0,never/death/2/2,0.11664000351345254,0.006993810618862289,True,0.24292692809422284,0.010590168759068964,False,0.17721024952906647,0.009530253351223782,True,0.30865918763993877,0.018016558595252714,True,-0.06573225954571593,0.020739273941306535,True,False,0.8205294609069824
1102,-0.07326846021751574,-0.09930679165156453,0.14952973045995593,0.00889985503726039,True,0.345628397857084,0.013322297202926308,False,0.2502088537291685,0.011516101762094005,True,0.4513752060594899,0.017793314695964603,True,-0.10067912326921258,0.014439579620120812,True,-0.1057468082024059,0.02252290861086784,True,True,0.804417491070307,0.0,0.11628594427258337,0.007029913606295167,True,0.25022146267572376,0.010510090083027968,True,0.03154960197199736,0.003924670970349057,True,0.076976091331435,0.006378725545754839,True,0.14853803070761185,0.008606799042854319,True,0.2483171696452926,0.013266781135056095,True,0.12193355025259474,0.007778401846856568,True,0.21847459483429238,0.0131706777360449,True,-0.03225208643502847,0.011034870450662712,True,0.001904293030431159,0.016773014865398814,True,-0.09038394828059737,0.008708192323500515,True,-0.14149850350285736,0.014611008261385663,True,0.0,never/death/2/2,0.12036175951875214,0.00725250762265954,True,0.26960224653793013,0.011212169077902925,True,0.17164813114883656,0.009707469724235938,True,0.3186316903214055,0.01675671917070342,True,-0.049029443783475346,0.01993786634128637,True,False,1.0385935306549072
1103,-0.06682871417956801,-0.11476523762797519,0.1498702193217992,0.009310191708278171,True,0.3082222981444022,0.01416201827360893,True,0.24714061675649948,0.009791343717439012,True,0.444088253088117,0.01661728772000948,True,-0.09727039743470028,0.012989005295789087,True,-0.13586595494371478,0.020996759371626508,True,True,0.7824032283043689,0.0,0.13365773107572243,0.007552921356046842,False,0.25224867992769934,0.01063475410124812,True,0.022378083919222802,0.0033178676287257073,False,0.06293399882966999,0.005884689550108453,True,0.15815090375941798,0.008548152533956594,True,0.25444296607810934,0.01351469317900466,True,0.10249775413985127,0.0069560232303779515,True,0.19188734041090458,0.012132691230793502,True,-0.024493172683695552,0.01130743007894243,True,-0.0021942861504100075,0.017019317538092636,True,-0.08011967022062846,0.0077036904629636084,True,-0.1289533415812346,0.013474575807947465,True,0.0,never/death/2/2,0.1371288410888883,0.007725829651789571,True,0.2682330355802812,0.011184907816769757,True,0.1773225167542937,0.009470554186893205,True,0.3066775689482687,0.01771798265812319,True,-0.03844453336798748,0.020754937378983717,True,True,1.0778083801269531
1104,-0.07697223459196245,-0.13765598184938482,0.14432033602375707,0.008592209881413723,True,0.30740154677606474,0.012833632849866976,True,0.24649745652275423,0.011387274704904554,True,0.47970263877326785,0.01742141010450582,True,-0.10217712049899716,0.014680655794060695,True,-0.17230109199720312,0.020804156887530973,True,True,0.8304415628481975,0.0,0.11358478335912701,0.00699742210162432,True,0.2510598366620777,0.010962498506949905,True,0.025508268472903016,0.00353128659614454,True,0.06783997947372805,0.006382302548308723,True,0.14981817291795835,0.008686257949114568,True,0.24628004531025374,0.01321833638531675,True,0.11488189586579631,0.007439032623509283,True,0.21485869669714588,0.013031501531638214,True,-0.03623338955883133,0.011085166448918955,True,0.004779791351823964,0.017067739112187803,True,-0.08937362739289328,0.008233836768608732,True,-0.14701871722341783,0.014499151596484149,True,0.0,never/death/2/2,0.11680063120326778,0.007181563296297512,True,0.26739193895034,0.011569589767639584,True,0.16936652642679567,0.009728320517738967,True,0.3103423788017698,0.016618183367619742,True,-0.04295043985142977,0.020111122219086917,True,False,0.7247827053070068
1105,-0.07088586187269644,-0.10440796648108819,0.1543725905600881,0.00831019184450119,True,0.3121832333417172,0.013479925239687232,True,0.2713941912202934,0.011175018536734221,True,0.43700475486609525,0.015192526519007944,True,-0.11702160066020531,0.01357700665579437,True,-0.12482152152437803,0.021043021857237772,True,True,0.843697145454998,0.0,0.10648275157283078,0.006698444309844967,True,0.23042480982708202,0.010011124554900707,True,0.03134475730814385,0.004094137920208199,True,0.07366405206691305,0.00641669061788654,True,0.13500183776197677,0.008113613293795329,True,0.24342519179874683,0.013218203605721617,True,0.10568716439945794,0.007182057802099422,True,0.21336159930013776,0.013072889478482296,True,-0.02851908618914599,0.01044570451138673,True,-0.01300038197166481,0.016396246894020073,True,-0.0743424070913141,0.008268767088670819,True,-0.1396975472332247,0.0145588783069202,True,0.0,never/readmission/2/2,0.10959723913770325,0.0068926440960459185,True,0.24705306733939933,0.010655406766049933,True,0.15150078871099357,0.008953755598359557,True,0.30780417215212297,0.016852349794500118,True,-0.06075110481272364,0.019710016711456665,True,False,0.8921816349029541
1106,-0.0892512856501447,-0.1628093221559646,0.14415714620210576,0.008604891221941574,True,0.2978733857897458,0.01361600618685169,True,0.26123769937210056,0.010258907269979871,True,0.4594275914359296,0.016141753595630033,True,-0.1170805531699948,0.01258613818863474,True,-0.16155420564618378,0.020600070175902586,True,True,0.8204515521994481,0.0,0.1288491744298791,0.007524792360585582,True,0.25143012520787034,0.010683383770727055,True,0.030353467615683756,0.004076139844588138,True,0.06936787606125316,0.006206803229766772,True,0.13772531236338156,0.008075170142117076,True,0.24160217128578326,0.012684247674151985,True,0.10763352790137483,0.007133690798445808,True,0.2045758947762535,0.012368039190866386,True,-0.008876137933502476,0.010956479577736648,True,0.009827953922087074,0.016460263055506057,True,-0.07728006028569107,0.008216411123134459,True,-0.13520801871500032,0.013824669234461738,True,0.0,never/death/2/2,0.13298595556414636,0.007741013532072766,True,0.2698896529822979,0.011323164244841357,True,0.15500712817994367,0.008955711543662995,True,0.294486672936225,0.015652161966423033,True,-0.0245970199539271,0.019162868774227473,True,True,0.8323357105255127
1107,-0.07183069399915801,-0.11994196584033329,0.142908908676758,0.007997510178088292,True,0.3014864679131917,0.012599723223409359,True,0.24550987168194363,0.010172774515129348,True,0.4372585769195897,0.017578282998822164,True,-0.10260096300518562,0.01375084704436765,True,-0.13577210900639797,0.021655851509542644,True,True,0.8301036127074298,0.0,0.12283362628657443,0.007215721436301186,True,0.2511321116463147,0.010136956441626514,True,0.027274683758024325,0.003579211986732554,True,0.070220582658461,0.005996365176656804,True,0.15354623735911072,0.008603273115715841,True,0.25998539342472726,0.013162821958819787,True,0.11458769244631281,0.007586890429311595,True,0.20104801576652667,0.012255921815453437,True,-0.030712611072536283,0.011182967466701138,True,-0.008853281778412547,0.016483529526207952,True,-0.08731300868828848,0.00838240970651192,True,-0.13082743310806566,0.013621072631912349,True,0.0,always/death/2/2,0.1266590309023002,0.00741321541486749,True,0.27122937823311066,0.010734328824938055,True,0.17508661000063938,0.009681811237811614,True,0.3213290918811027,0.016343370098748016,True,-0.05009971364799204,0.019371295977562368,True,False,0.7742860317230225
1108,-0.07453885287760187,-0.1203225547811575,0.16136317309133696,0.008383294523134386,True,0.3218499988783514,0.013306698989105942,True,0.26607709765960713,0.01117084678276115,True,0.45337214059153474,0.016256212565853634,True,-0.10471392456827017,0.014087619266166355,True,-0.13152214171318333,0.0210696144973138,True,True,0.8386625617978299,0.0,0.12083910189408624,0.007203927926012465,True,0.2431791381076928,0.01032164672063778,True,0.029763019760965976,0.0038972742297132715,True,0.06158018044291534,0.005715508380865449,True,0.12720359775098672,0.0079056341118332,False,0.22861307199705136,0.012386690458212009,True,0.122229613952606,0.007536293021101267,True,0.2299739200535525,0.012417829044792677,True,-0.006364495856900479,0.010607883354920229,True,0.014566066110641429,0.015971668206117846,True,-0.09246659419164002,0.008484492217551924,True,-0.16839373961063714,0.01365257337717703,False,0.0,never/death/2/2,0.12452927221046176,0.0074146180715746485,True,0.25871880878687326,0.010900324444491979,True,0.14605216114506078,0.008901774156022666,False,0.29824352966042,0.016274212410647908,True,-0.03952472087354675,0.01939537032209207,True,False,1.0539238452911377
1109,-0.07601462662121242,-0.12271271620458435,0.14727632542694782,0.008064406601756087,True,0.30652040658730145,0.012169787092717621,True,0.25064811567430534,0.010524031419635076,True,0.45923637358883773,0.017719152508390554,True,-0.10337179024735751,0.013710300489558432,True,-0.15271596700153628,0.021715070901400277,True,True,0.7926971538275542,0.0,0.12083286487652754,0.007132205643335082,True,0.2632795187073682,0.010541491169306971,True,0.025171031161532183,0.0034305205123440386,True,0.05961785219122893,0.005872426650486517,True,0.13622488226335006,0.008189932387523316,True,0.23170150725517913,0.012705271303796938,True,0.11989783916281169,0.00763044183287769,True,0.22217369711347482,0.012700797789067828,True,-0.015392017386822512,0.010780104060161706,True,0.03157801145218908,0.016329154415756057,True,-0.0947268080012795,0.008364739204479216,True,-0.1625558449222459,0.013991781475802097,True,0.0,always/death/1/1,0.12403560435140269,0.0073121894070928275,True,0.2780005047525767,0.011108142596312163,True,0.15601153655547723,0.009272329845005945,True,0.29521883921025377,0.016241587843473026,True,-0.017218334457677065,0.01945649096175654,True,True,1.0226805210113525
1110,-0.08774978057763974,-0.1266243593891887,0.1372479436312038,0.007355528581737984,True,0.3186559308321655,0.01439765561789925,True,0.25543415484661036,0.010355280448051138,True,0.46692164763184374,0.015856579332169392,True,-0.11818621121540657,0.013231025644612865,True,-0.14826571679967826,0.020476403403773893,True,True,0.8590396042314474,0.0,0.1173363977197146,0.007122008254336751,True,0.2417377824453706,0.0104516169398194,True,0.031142591350559357,0.003989181593565477,True,0.06662904894002984,0.005902369823902115,True,0.14774277368758168,0.008291586707029636,True,0.251929613441937,0.013358077039217367,True,0.12510075706290827,0.007565906105428562,True,0.21729958185547094,0.012974287432013232,True,-0.030406375967867078,0.010819227142588685,True,-0.01019183099656637,0.01677741411891984,True,-0.09395816571234891,0.008552416491820265,True,-0.15067053291544108,0.014246660961949006,True,0.0,always/death/2/2,0.12122454359088668,0.0073409606931873995,True,0.25825663239110147,0.011070968836869376,True,0.1699702877740006,0.009347031940340828,True,0.31846703319273884,0.01778548269843825,True,-0.060210400801637365,0.020740976249250424,True,False,0.9702329635620117
1111,-0.09474772319437383,-0.13754180602006694,0.1477133933539144,0.007849299651368715,True,0.31821686411968425,0.012695414474772473,True,0.2720044350591177,0.010012882412860307,True,0.46051038711113407,0.01513241707616572,True,-0.1242910417052033,0.012603055060705044,True,-0.14229352299144982,0.019922964526377863,True,True,0.8445957232430039,0.0,0.12330590254925478,0.007134366889812226,True,0.2486599929402549,0.010197139034210281,True,0.029534890099986853,0.0037105482643399437,True,0.06406429202125707,0.0056793445361143025,True,0.15244289634825026,0.008689460150983987,True,0.24520787274341785,0.01308878498347908,True,0.10845115593516125,0.007242428515659973,True,0.2017785164789301,0.012573888959880522,True,-0.02913699379899548,0.011162880693022308,True,0.0034521201968370496,0.016443351333382424,True,-0.07891626583517439,0.008138511511623835,True,-0.13771422445767303,0.013794742986432715,True,0.0,always/death/2/2,0.12717422180926774,0.007347558936667901,True,0.26517891426708284,0.01080696345517287,True,0.17099915940432492,0.009580787454313398,True,0.2927267689824107,0.017403149660002143,True,-0.027547854715327835,0.020331553520504,True,True,0.9563941955566406
1112,-0.08730277742615009,-0.14580658256445556,0.15193021380062274,0.008803165162969842,True,0.3270552147726616,0.014639369522627205,True,0.26346918596277724,0.010988821430179822,True,0.481941336288417,0.01920785388429277,True,-0.1115389721621545,0.015136497232734565,True,-0.15488612151575543,0.023517985172370574,True,True,0.8247439556892687,0.0,0.11086370850939739,0.006948013504060796,True,0.23209485425184279,0.010093516980982487,True,0.02790012797638731,0.003659170261975793,True,0.06893549416882698,0.006056464689770275,True,0.14552028114525128,0.00832037795513754,True,0.25182064018353423,0.013397307521961279,True,0.10693699157947478,0.00714077678888796,True,0.19170046567938737,0.012360667908110695,True,-0.034656572635853894,0.01075510202692815,True,-0.019725785931691442,0.01660658381543287,True,-0.07903686360308747,0.008020757419662338,True,-0.12276497151056039,0.013754505105495139,True,0.0,always/death/2/2,0.11459079794615243,0.007148804428967069,True,0.24896214604645586,0.01077610652908238,True,0.1634890625054157,0.00926684386285881,True,0.3032950497926831,0.017275671016017617,True,-0.05433290374622726,0.02016862876753329,True,False,0.7411363124847412
1113,-0.07349058264390071,-0.12585395892687556,0.14117365272395432,0.007854130040321436,True,0.3276167582671618,0.012491571467109795,True,0.2500006108363322,0.010072573602466741,True,0.4856288464455201,0.017117506885091793,True,-0.10882695811237786,0.013115960070353096,True,-0.15801208817835832,0.021062261624912128,True,True,0.8308946301677382,0.0,0.11324327392147955,0.007053550299618916,True,0.23733794392497326,0.01057423573464233,True,0.030495504092121515,0.0038553130129497957,True,0.06700587067793783,0.005956285309244685,True,0.13758578913939912,0.008076653342658738,True,0.23589848454890808,0.0158812433557852,True,0.1047220463367191,0.0070996889062195844,True,0.21737153685645894,0.012571115385204066,True,-0.024342515217919566,0.010668884435038552,True,0.001439459376065183,0.018993993309142896,True,-0.07422654224459758,0.008075031189759338,True,-0.1503656661785211,0.013889443776193649,True,0.0,never/readmission/2/2,0.11718504256439913,0.0072694911882206096,True,0.25458086789366446,0.011191158317540875,True,0.15526020998841877,0.009078437785105684,True,0.31853183484769376,0.016068311774343414,True,-0.0639509669540293,0.019380434094181054,True,False,1.0915882587432861
1114,-0.06395198343363748,-0.1180525330440052,0.16014250075897388,0.008781310658818521,True,0.31486711578663085,0.013893936638126788,True,0.25415466548771437,0.011449899290023212,True,0.456857458076336,0.016630293950805387,True,-0.0940121647287405,0.01419043755574015,True,-0.14199034228970514,0.020702055923469572,True,True,0.8699802053198344,0.0,0.11332430245948831,0.006896795519598931,True,0.24886864820064386,0.010540804628413428,True,0.02717261154533712,0.003744137603541868,True,0.06844823987391324,0.0061363531007058505,True,0.1379270067260414,0.008421951067254248,True,0.23863613886587112,0.012698711552578549,True,0.1199802908433255,0.007614086330029797,True,0.22316005867590388,0.012584265335473185,True,-0.024602704266553102,0.010804134956160671,True,0.010232509334772738,0.01633523554564879,True,-0.09280767929798837,0.008484422716406204,True,-0.15471181880199064,0.013994913138323154,True,0.0,always/death/2/2,0.11652637472734716,0.007081011720622295,True,0.2647197349726559,0.01114222004381034,True,0.15738809763162778,0.009515932855780297,True,0.30362335059920836,0.015948169257059983,True,-0.03890361562655248,0.019250686622257006,True,False,1.0512475967407227
1115,-0.07269482608311281,-0.08820785389160612,0.15661048543050188,0.008920378958411402,True,0.3267045940685831,0.012536309456095109,True,0.26341509053665096,0.010984185656552736,True,0.44935403120144046,0.019572787501814164,True,-0.10680460510614909,0.014148434849895048,True,-0.12264943713285736,0.024279935752433417,True,True,0.7130478055022897,0.0,0.12182627972130305,0.0071548614676009495,True,0.24051732728066455,0.010360075218782147,True,0.032131009355577125,0.004139012707397921,True,0.06900382462368426,0.006124338382549251,True,0.14035041047952532,0.008072894541402236,True,0.2323365651999312,0.012443013696820101,True,0.1110383503878415,0.00716683522024042,True,0.18592577679935465,0.011108137744015903,False,-0.018524130758222263,0.010695773722397895,True,0.008180762080733345,0.016047383951186944,True,-0.07890734103226438,0.008276352729296941,True,-0.11692195217567039,0.01267719938938767,True,0.0,never/death/2/2,0.12588410116504994,0.007379198177992697,True,0.2569404787913505,0.010985609866951256,True,0.1587881548698023,0.008979571097333319,True,0.2771357483537531,0.01582823290216694,True,-0.020195269562402585,0.0191035714710631,True,True,1.1741366386413574
1116,-0.07779612303552866,-0.14150420722206242,0.14645824483148726,0.008449455314408667,True,0.2904878504438167,0.01228763921849406,False,0.24843325407905686,0.011248805221317845,True,0.45856664551054177,0.018395564154119557,True,-0.10197500924756961,0.013329633485161745,True,-0.16807879506672507,0.022043517873357652,True,True,0.8466985330617613,0.0,0.12529280970224188,0.007350200100949983,True,0.2377919392741377,0.010133061949966316,True,0.03332897818458109,0.004139308262625492,True,0.07050991797812557,0.0062208677392839905,True,0.1323062108314055,0.008067047096131909,True,0.23467765651856815,0.012574961814864304,True,0.11524271103988597,0.007493363097511102,True,0.19943652948245313,0.012154068106115854,True,-0.007013401129163627,0.010865940185202561,True,0.0031142827555695474,0.01605931884759098,True,-0.08191373285530487,0.00855864972080696,True,-0.12892661150432755,0.013638105895471524,True,0.0,never/death/2/2,0.1297595636250225,0.007587608326711816,True,0.2542932326894889,0.01076196629145445,True,0.15055446183088625,0.009075834038183973,True,0.29367344997320816,0.015719833852329636,True,-0.039380217283719265,0.018927625423163858,True,False,1.0319409370422363
1117,-0.095071270509867,-0.16273704015447843,0.15010573294440127,0.008398432587687946,True,0.3131640268483961,0.012799419334456786,True,0.2750018226084426,0.011129449606401335,True,0.47276757996380614,0.017676596081021834,True,-0.12489608966404131,0.013938681239140922,True,-0.15960355311541002,0.022115995237297275,True,True,0.8161457849842214,0.0,0.11845929589109681,0.007321072533535388,True,0.24428026092792227,0.010599031554485395,True,0.032927450473714766,0.004084340749924898,True,0.071036403702385,0.006236674849534225,True,0.14837284839487094,0.008408741623686839,True,0.23182383965783093,0.012999545141773785,True,0.09815281906977141,0.006883302586430623,False,0.18839556351098258,0.012840356227018861,True,-0.02991355250377413,0.011102222809930841,True,0.012456421270091333,0.016676023706822918,True,-0.06522536859605665,0.008001924756354107,False,-0.11735915980859758,0.014260314323298268,True,0.0,never/readmission/2/2,0.12267942059826309,0.007562260763767685,True,0.26166779383974237,0.01123220685378415,True,0.1653595036635418,0.009247797196605697,True,0.27584102100567987,0.017338300132078877,True,-0.014173227165937496,0.02054885852740609,True,True,0.7971203327178955
1118,-0.04582666317704426,-0.12437813106304113,0.15840441135495334,0.009051264104963768,True,0.3005464933829993,0.012732602340669676,True,0.2387367066260859,0.011473965322776876,True,0.4376800132684185,0.01794754407064608,True,-0.08033229527113256,0.015072437564169322,True,-0.13713351988541916,0.022679268796576328,True,True,0.8282170675674424,0.0,0.11869324820661128,0.007025356465147533,True,0.26345255291927844,0.010491970902093374,True,0.025725141041159163,0.0035782389068552798,True,0.06631342218279043,0.0060766150481353426,True,0.13465029993422734,0.008198421835928189,True,0.2281328789756218,0.012479779717068165,True,0.11899982340560504,0.007565952754465103,True,0.2189416391218966,0.01324409341903658,True,-0.01595705172761605,0.010725694772604011,True,0.03531967394365665,0.01615287062378136,False,-0.09327468236444587,0.008369282284158003,True,-0.15262821693910616,0.014558777545400426,True,0.0,always/death/2/2,0.12192625262676006,0.007206124836800153,True,0.2814676875276589,0.011090831673913839,True,0.15386811551440474,0.00917541096924032,True,0.28843534941421844,0.016588100272529813,True,-0.006967661886559562,0.019766317215219598,True,True,0.9851644039154053
1119,-0.0983893247553782,-0.10490661081795094,0.14095328505894736,0.007858571267125074,True,0.3093468205769749,0.012018619059424777,True,0.2682120037329468,0.011123083232576483,True,0.4323628711933148,0.015071246165266908,True,-0.12725871867399943,0.013379992482095013,True,-0.12301605061633991,0.018069523877410055,True,True,0.840853786352956,0.0,0.11205112664603499,0.006849766148997068,True,0.2360957491548196,0.010009017689320098,True,0.025986396059377134,0.0036935698695224686,True,0.06786695885616839,0.00615273038728396,True,0.14693495362237202,0.008364877993232853,True,0.2563035437064015,0.013992221756398235,True,0.11259851093888992,0.007258723462783566,True,0.2185378617239027,0.013604603055744804,True,-0.03488382697633703,0.0107299543905048,True,-0.02020779455158192,0.017027720651813526,True,-0.08661211487951279,0.00814417086313803,True,-0.1506709028677343,0.014918203302391455,True,0.0,never/death/2/2,0.11505786518171997,0.007024330802796336,True,0.25155237856026935,0.010594683499795301,True,0.165520440859361,0.009349363599926802,True,0.32621037627357014,0.01792066733579243,True,-0.07465799771330078,0.02059691220754262,True,False,1.1317558288574219
1120,-0.09769879495123726,-0.1199987085109131,0.15016435158531471,0.008151313249552442,True,0.33420054013083117,0.012540642376627968,True,0.27546726479276296,0.01134032812397012,True,0.4600701051116328,0.017230539614411726,True,-0.12530291320744824,0.01403262625235616,True,-0.12586956498080165,0.021492358704858223,True,True,0.8277935859700003,0.0,0.13187809179496532,0.00744802313704141,True,0.2637930262030642,0.010396380258899588,True,0.030436153258598015,0.003913485120104588,True,0.07166400156507728,0.006236906116259635,True,0.14075057794518928,0.008287100018590513,True,0.24212050500065654,0.012767759463127831,True,0.10933515686475025,0.007339199882679341,True,0.1905220114468523,0.011502348031882353,True,-0.008872486150223957,0.011057661479766223,True,0.021672521202407674,0.01627205389154727,True,-0.07889900360615223,0.00831635217260421,True,-0.11885800988177501,0.013072657594130678,True,0.0,never/readmission/2/2,0.136152721112665,0.007667702069435121,True,0.2831710275658444,0.011049607203075667,True,0.15942789476294922,0.009259003174995893,True,0.29169056907330726,0.016604482552975443,True,-0.008519541507462869,0.01973411164864164,True,True,0.7838191986083984
1121,-0.07672660796606687,-0.11097789975444167,0.15932663979925207,0.008953651400440119,True,0.3420377116481,0.012472486820241312,False,0.26909780037521236,0.011041032617070304,True,0.45236427747890623,0.016965133508802285,True,-0.10977116057596029,0.014133604484028728,True,-0.11032656583080624,0.0210804978297307,True,True,0.8078474485345324,0.0,0.12315518518215206,0.007206411643838386,True,0.2702443633890879,0.010784598744018402,False,0.032174302523962355,0.00403498046290303,True,0.06725035742227553,0.006048152091215341,True,0.14777724346464793,0.00841733743650412,True,0.26693705275886603,0.013539958541850201,True,0.10221065289408934,0.0070001921738771025,True,0.18460575276656943,0.011950429321422686,False,-0.024622058282495876,0.010997370808972326,True,0.0033073106302218824,0.017150594852802778,True,-0.07003635037012698,0.00808042717788372,True,-0.1173553953442939,0.013389706458592238,True,0.0,never/death/2/2,0.12724366482485516,0.0074297452695345325,True,0.2881287588504131,0.011427846882365726,False,0.16491727361884437,0.00923661941779324,True,0.3211961878042897,0.016871161604473255,True,-0.0330674289538766,0.020200965914386037,True,True,0.6899025440216064
1122,-0.08011691841967072,-0.13785955200968147,0.14782555503154338,0.008764813956272148,True,0.3144296245001898,0.013027053319567078,True,0.2577347360374383,0.011013075568826977,True,0.4572595160371314,0.018707113149327683,True,-0.10990918100589492,0.01439777406321139,True,-0.1428298915369416,0.023459495383053655,True,True,0.8304338810581028,0.0,0.11335343559873122,0.0071194701566096195,True,0.24258344372945018,0.010426964853699951,True,0.030628836722634858,0.003998816014969388,True,0.07114688596205435,0.006408842516087109,True,0.15036984047588003,0.008539213801741498,True,0.2550905218790366,0.013253651781425575,True,0.1081987246097664,0.007155700153737133,True,0.18719302393645773,0.011976191568353134,False,-0.037016404877148815,0.011048555632433276,True,-0.012507078149586404,0.016692474299255154,True,-0.07756988788713154,0.008195524803977785,True,-0.11604613797440338,0.013572150362620668,True,0.0,never/readmission/2/2,0.11701678441576596,0.007332632858670916,True,0.25977361429108226,0.011063123031367467,True,0.16913097812682007,0.009467764267576572,True,0.307777286699162,0.016018625385663725,True,-0.048003672408079734,0.01925487081581948,True,False,0.6867990493774414
1123,-0.062302409453652535,-0.14037095501183905,0.1667630506847485,0.008245368809855751,False,0.30772148552381134,0.012629655415611897,True,0.26458551590090257,0.011218661963438062,True,0.4890604264462693,0.0172703315105783,False,-0.09782246521615406,0.013425373802600166,True,-0.18133894092245795,0.021439459765340514,False,True,0.8187026661252829,0.0,0.11156874150321548,0.006821098823075088,True,0.23591049565053276,0.009990409438015192,True,0.03629111634202062,0.00420433120443577,True,0.08198106098540672,0.006466969688962085,True,0.1331377169935803,0.008278363387447144,True,0.24095277110365101,0.013656378190673496,True,0.1086112810953258,0.007324566116136941,True,0.20769404378211964,0.013194486206331025,True,-0.02156897549036481,0.010655431928670312,True,-0.00504227545311825,0.016758690027451572,True,-0.07232016475330519,0.008445257666100981,True,-0.12571298279671292,0.014683480576795195,True,0.0,always/readmission/2/2,0.11578769190627394,0.0070629254049844655,True,0.2562357461163723,0.010682413967242291,True,0.1496157070961699,0.009195470461027954,True,0.3018162267074934,0.017689029426838965,True,-0.04558048059112113,0.020470393185521785,True,False,0.7419891357421875
1124,-0.07737968077639087,-0.11901063906781506,0.1503064627474343,0.009045079607698878,True,0.3239893205026091,0.014096920371170048,True,0.2524782069183728,0.010207856122621185,True,0.4500026408074392,0.017045242044041238,True,-0.1021717441709385,0.014395591004088219,True,-0.1260133203048301,0.022231366313738156,True,True,0.8026566125497681,0.0,0.12160679120380807,0.007155289452191722,True,0.2602909793277926,0.010748971784013798,True,0.03679784757174454,0.004257055671496275,True,0.07410772881216293,0.006253493392695818,True,0.1610712007999023,0.008877172574511358,True,0.2663722585154286,0.013480310074993106,True,0.11037695269455881,0.007320846878108499,True,0.21626671770495415,0.012996690188364848,True,-0.039464409596094235,0.011340505924070245,True,-0.006081279187636013,0.01709476533230182,True,-0.07357910512281426,0.008470551090208006,True,-0.14215898889279122,0.014422414900260114,True,0.0,never/death/2/2,0.12626227331143972,0.007409780132370125,True,0.2784205371186633,0.011430607244469482,True,0.18114982874033053,0.009881148460603336,True,0.33534587181774644,0.017473434074920084,True,-0.05692533469908312,0.02070592717918833,True,False,0.940871000289917
1125,-0.05926969243295774,-0.1076823839983459,0.162771368683185,0.008405665697198368,True,0.32415748912695136,0.013408844023917066,True,0.25187869352463055,0.010620412499198121,True,0.4577284768353725,0.0188329320323481,True,-0.08910732484144554,0.013621961580794052,True,-0.13357098770842113,0.023252117133605654,True,True,0.8007386712757447,0.0,0.12484640009247584,0.007202767379813858,True,0.2590541222902288,0.010898363258045428,True,0.02947635002139133,0.003915467323969283,True,0.06169934398329798,0.00582075178820303,True,0.13974024524175127,0.008427274618386105,True,0.25542107727017255,0.01377769641997288,True,0.11706034137162946,0.007603072111757422,True,0.2093494079791921,0.012724390795879587,True,-0.014893845149275428,0.010985255892577806,True,0.003633045020056236,0.017425215359486535,True,-0.08758399135023813,0.008551022386946017,True,-0.14765006399589412,0.013988304909173079,True,0.0,never/death/2/2,0.12866614723801206,0.007406998088401982,True,0.27481437140501164,0.01151751772807521,True,0.15948972184970825,0.00946629934768717,True,0.319341881423645,0.017907652635528095,True,-0.044527510018633365,0.021128413544253075,True,False,1.0767123699188232
1126,-0.09334096393635766,-0.10636202685949553,0.14655224951714493,0.008376047233957679,True,0.3101687116359991,0.01287756951864399,True,0.27121364900048534,0.011371750344911448,True,0.4216117839102706,0.01518855246673548,False,-0.1246613994833404,0.013795772270209856,True,-0.11144307227427153,0.019893272017810482,True,True,0.8000014439458468,0.0,0.11562848535758091,0.006898802371658288,True,0.2435990492421733,0.010300619087990336,True,0.030263528195475863,0.003868694248015203,True,0.06640972091966599,0.005934027613048653,True,0.12503599558782746,0.008289474873981583,False,0.22604632752033016,0.01389212734034953,True,0.10885572528589016,0.007431865968335488,True,0.20196031715743498,0.013032238645211499,True,-0.009407510230246552,0.010706953778246913,True,0.017552721721843134,0.01713314889621054,True,-0.07859219709041429,0.008378338252542594,True,-0.135550596237769,0.014312741079520125,True,0.0,never/death/2/2,0.11943447499696826,0.007108202561642612,True,0.2604763248363037,0.01087802600133951,True,0.14115699103693777,0.009326069188663095,False,0.27298001455218524,0.018920128172798614,True,-0.01250368971588156,0.02164862972437915,True,True,1.254181146621704
1127,-0.08995191526379687,-0.1442621926364841,0.15579051678342062,0.008632535404936666,True,0.32356026648381203,0.013179443715770643,True,0.27860486653177763,0.012599539835124253,True,0.479695375620269,0.018768363770458422,True,-0.122814349748357,0.015544429142733853,True,-0.15613510913645695,0.024410062705349147,True,True,0.7822737481301694,0.0,0.11600502992965335,0.006926321701860449,True,0.24242100061043156,0.010090145815819955,True,0.03246657724589098,0.004011183548499435,True,0.07002309514516573,0.0060918354867776055,True,0.14773554852936255,0.008570618670836319,True,0.28128323157464785,0.013899489644753014,False,0.11083009878403918,0.007414576272435938,True,0.17287782280902894,0.011594505966847956,False,-0.0317305185997092,0.010936856687591668,True,-0.03886223096421629,0.016981228412503737,False,-0.07836352153814821,0.008429896313562486,True,-0.10285472766386321,0.013093421491364516,False,0.0,never/death/2/2,0.11990772355638948,0.0071447754585200925,True,0.2592326941578654,0.010713649656504965,True,0.16693632270262815,0.009585637584876114,True,0.3364167255985334,0.017483231303358163,True,-0.07718403144066804,0.02028563539161475,True,False,1.028799057006836
1128,-0.06997827614848892,-0.13459932980905337,0.14760856622345317,0.008689661706807135,True,0.30828873172547844,0.012665599428071874,True,0.24786737607383558,0.01132561191696293,True,0.48204893543746286,0.017304903208006133,True,-0.10025880985038241,0.014045160323563365,True,-0.17376020371198442,0.02173488622437064,True,True,0.8105585068506568,0.0,0.1222910001114711,0.007288723017298318,True,0.2613808684391916,0.010646866011960474,True,0.030769549757864053,0.003829775243896399,True,0.07091085624090707,0.00613716727691807,True,0.1402435279903028,0.008215292166958203,True,0.21384363822384914,0.011901745503030662,False,0.1290980095638653,0.007764005128351111,False,0.24120015689762578,0.013448702148905905,False,-0.017952527878831698,0.010888533109171466,True,0.04753723021534248,0.01583879126318163,False,-0.09832845980600124,0.008652181096595052,True,-0.1702893006567187,0.014754331277889901,False,0.0,never/readmission/2/2,0.12675937889627142,0.00751804136600934,True,0.2818334101493085,0.011285676126845962,True,0.16254057086741425,0.009467768208809004,True,0.27001852302493096,0.01658950477383605,False,0.01181488712437756,0.019905656826699265,False,True,0.6880841255187988
1129,-0.07748980477557668,-0.14127040908709493,0.15879654754063938,0.00820416609217946,True,0.2961901238238393,0.012526324245338297,True,0.2743624287478866,0.010915630572454371,True,0.46511690031165004,0.016108007920285928,True,-0.1155658812072472,0.013212006363934263,True,-0.16892677648781074,0.020758071308135898,True,True,0.8105654401423007,0.0,0.12461857101041635,0.00715697671228223,True,0.25641829309846664,0.010362292285237499,True,0.027126211557508682,0.0035898001851927402,True,0.06988031953460923,0.006154877126183074,True,0.15813042865571003,0.009115239946875712,True,0.24383347512101103,0.013038724215676104,True,0.11952772853279219,0.007785647492084352,True,0.19340492768494955,0.012319093579433277,True,-0.033511857645293686,0.011490139491741743,True,0.012584817977455615,0.016505009299430093,True,-0.09240151697528351,0.008572018952782503,True,-0.12352460815034032,0.013762675226744724,True,0.0,never/death/2/2,0.12825239389685605,0.007351136650236628,True,0.2742485561376768,0.01097813568710728,True,0.1810114826153266,0.010231364455862793,True,0.29208918963142333,0.017575575326422496,True,-0.01784063349374654,0.020561874595811852,True,True,0.6590912342071533
1130,-0.07399910625319633,-0.08318255146346243,0.14961020828329497,0.008388548452722832,True,0.33759886096525815,0.013984491343485598,True,0.2539298530282623,0.011593941522750612,True,0.4433524408231128,0.01748639412806793,True,-0.10431964474496735,0.015072668784241607,True,-0.10575357985785466,0.022234614433814744,True,True,0.7274719961430139,0.0,0.11677491210584515,0.007117688477021765,True,0.2430718734254277,0.010410019572800352,True,0.02840767371472382,0.0038142516659029737,True,0.06876086422186567,0.006036464983976287,True,0.13959868452777482,0.008326847980965382,True,0.2529812028628199,0.013729555247915057,True,0.10729407857544092,0.007199276845441837,True,0.17758230644441528,0.011564736683876094,False,-0.022823772421929678,0.010892520538986308,True,-0.0099093294373922,0.017059440985711924,True,-0.0788864048607171,0.008147560009598064,True,-0.10882144222254961,0.013039739374959733,False,0.0,never/readmission/2/2,0.12021194563934305,0.0073180186115059075,True,0.2601478605108824,0.011009496897895661,True,0.15741282580215282,0.009208543019912535,True,0.30189314030139847,0.016994939509627136,True,-0.041745279790516066,0.020050504971356048,True,False,0.928466796875
1131,-0.09999048819195214,-0.16940012979033542,0.14096039869808433,0.008281490753579479,True,0.29893418833632857,0.014088388454069994,True,0.26839347628697224,0.010794214238342243,True,0.47289701937321815,0.01705555869965643,True,-0.12743307758888792,0.013733821938398373,True,-0.1739628310368896,0.0226132859706421,True,True,0.7533325573751378,0.0,0.12875332526532382,0.007257820820141087,True,0.2516652240965956,0.010074563076602427,True,0.027809473964097418,0.0037911094770436767,True,0.06469201214636786,0.005946630138268741,True,0.16770763509963016,0.009362827115313308,False,0.265805812140446,0.013643293825691162,True,0.11149918591719417,0.007682376236997341,True,0.20029466204723503,0.01236590235172027,True,-0.03895430983430634,0.011732356769586835,True,-0.014140588043850433,0.01675827709492733,True,-0.08368971195309675,0.008569144168813499,True,-0.13560264990086718,0.013710235650860506,True,0.0,always/death/1/1,0.13215236980123185,0.007443128025850205,True,0.26753074278956723,0.010614396285892575,True,0.19029216020840023,0.010234172243980509,False,0.33165049172592925,0.01713008642830075,True,-0.06411974893636202,0.019901429515043416,True,False,0.8856709003448486
1132,-0.08856659514771414,-0.11398692172699437,0.13862291834054002,0.0085215922833313,True,0.3080474315074555,0.012879361672890454,True,0.2560556336192322,0.011230568817213758,True,0.42937361693742254,0.016789964454157293,True,-0.1174327152786922,0.014173661977213039,True,-0.12132618542996704,0.021895227479654823,True,True,0.8073274239040636,0.0,0.11640584633544694,0.006963013131808082,True,0.24342167039950396,0.010402137107023295,True,0.03126791281032158,0.003888094202495961,True,0.0701591183510644,0.006067771722729207,True,0.1412747990535179,0.008297555393742249,True,0.25872840664429836,0.013277782261749572,True,0.10024101250998914,0.0068944362707164366,True,0.21644750232540294,0.01285970784034442,True,-0.02486895271807095,0.010718813983510288,True,-0.015306736244794394,0.016669248338031198,True,-0.06897309969966756,0.00791606615607629,True,-0.14628838397433852,0.014204822778121176,True,0.0,always/death/2/2,0.12062200384239175,0.007185221309801284,True,0.2619390449135508,0.010998169208044205,True,0.15643382054981617,0.009143409588830224,True,0.3226569569396352,0.016600026346085765,True,-0.0607179120260844,0.01967872979815048,True,False,1.234919786453247
1133,-0.08060257490720649,-0.12888444949562694,0.15959067682865577,0.008286499607698335,True,0.3282270426910816,0.013857292597683049,True,0.2693063253404825,0.010207017766632265,True,0.47596207213625064,0.016769278994465668,True,-0.10971564851182672,0.012811259584289466,True,-0.14773502944516903,0.02035454446029239,True,True,0.8215111036551137,0.0,0.11395564748980191,0.006921619734137186,True,0.23054370275455188,0.010064518239419458,True,0.028792480762427596,0.003723185010258828,True,0.06654299572655872,0.0059117799956754135,True,0.13053177202462318,0.008078257293885751,True,0.2273834087227779,0.012714766424543689,True,0.11820012285948556,0.007593731576161988,True,0.23151688192177586,0.013373478531160714,True,-0.016576124534821268,0.01057205089314848,True,0.0031602940317739803,0.016070888283575627,True,-0.08940764209705795,0.008453644665247145,True,-0.16497388619521713,0.014603908457662308,True,0.0,never/death/2/2,0.11776399448311005,0.007125785721193947,True,0.24685792017258903,0.010655231131697767,True,0.1493074168793727,0.009134035529516808,True,0.2883746320495586,0.01712926140301648,True,-0.041516711876969564,0.019986168726483202,True,False,0.9782028198242188
1134,-0.08772426817752596,-0.11317301318933348,0.15132644746446006,0.008576067929575283,True,0.3223567900514171,0.013536708557573314,True,0.270390920601057,0.012056791602598274,True,0.45853431320411037,0.01982818788689767,True,-0.11906447313659696,0.014816853451761742,True,-0.13617752315269327,0.023653736323162877,True,True,0.7039114368862673,0.0,0.1053416895725929,0.00687702687116237,True,0.24395684340507964,0.010457707352726046,True,0.03011025237355753,0.00386969184237388,True,0.06999194975616857,0.006396417597264391,True,0.16118794268532832,0.008590128347678166,True,0.26657719111172823,0.013195610420271071,True,0.10735023376830019,0.00708289261736609,True,0.21770592092342797,0.012406537561489803,True,-0.05584625311273542,0.01093301841507932,False,-0.022620347706648586,0.016666831293563857,True,-0.07723998139474267,0.008068708910735481,True,-0.1477139711672594,0.013949224802930694,True,0.0,always/death/2/2,0.10885846561438746,0.007088648675959788,True,0.2620732157812924,0.01110748909905852,True,0.18143361083253495,0.009528442178740658,True,0.3353850433148903,0.016082121469843457,True,-0.07331182753359788,0.01931763862417917,True,False,1.131218671798706
1135,-0.08521361484496537,-0.15043940795559663,0.1444775612930194,0.008673807744770846,True,0.2930830692632236,0.012180033697218626,False,0.26043829371070687,0.010678532590638288,True,0.4590546433097954,0.015807178114133232,True,-0.11596073241768748,0.013412009397131988,True,-0.1659715740465718,0.019225397632011063,True,True,0.8430514696179628,0.0,0.12041848374120394,0.0070439651367991815,True,0.24938112170416035,0.01018284869559043,True,0.028227695677600976,0.003878296244862025,True,0.06936507824588489,0.006311879834494977,True,0.14705621740356767,0.008485604982123885,True,0.24050969435164876,0.012575710173846576,True,0.12247483876302447,0.007717930461991895,True,0.2188194441620719,0.012464734249590445,True,-0.02663773366236373,0.010941701136483281,True,0.00887142735251159,0.01600635243224976,True,-0.0942471430854235,0.008637168812041743,True,-0.14945436591618702,0.013955379134888757,True,0.0,never/readmission/2/2,0.12375924696969097,0.007229081398679523,True,0.2663941936897541,0.010767491446421905,True,0.16978451925578233,0.009589609996379412,True,0.30816299286218496,0.015005244564300394,True,-0.04176879917243087,0.018202428953967148,True,False,0.8382964134216309
1136,-0.08343061191407392,-0.11991508002686868,0.13782383770642975,0.008201388401084383,True,0.3057642972500078,0.01325549747745709,True,0.2527399866772329,0.01073377501854156,True,0.438049027660902,0.018125876844067527,True,-0.11491614897080316,0.01337117326219232,True,-0.13228473041089417,0.022578419288275257,True,True,0.7976126076384532,0.0,0.11474456231177195,0.006962578966988287,True,0.22962986450644304,0.010078977543194253,True,0.03504882850322089,0.004217424796068155,True,0.07769242147840975,0.006333767572452554,True,0.13623576697180095,0.008121604423978624,True,0.23647329151553875,0.012413898687963438,True,0.10888907321625386,0.007190428307986517,True,0.22498637212064954,0.012381629478211772,True,-0.021491204660029004,0.01062068313565756,True,-0.0068434270090957094,0.015831839913319736,True,-0.07384024471303297,0.008334281775805643,True,-0.14729395064223977,0.013876244198604604,True,0.0,always/death/2/2,0.11919055088658749,0.0072032359816587566,True,0.2475418953116647,0.010718409855398897,True,0.1530834433789773,0.009061435495127227,True,0.30111402639918605,0.015431008873618143,True,-0.053572131087521346,0.018568075573231188,True,False,0.768622636795044
1137,-0.06542986571230514,-0.09530598456460337,0.15524901765873522,0.008093594577067981,True,0.3250721756710813,0.012492840349683055,True,0.2514932915670668,0.010345309046817689,True,0.45225953789235107,0.016896337296115987,True,-0.09624427390833157,0.013472220505873348,True,-0.12718736222126975,0.021010651775134167,True,True,0.814096324027671,0.0,0.12637988780485526,0.007445776039251597,True,0.2536887377958868,0.010451955336061896,True,0.018451561886230542,0.0029984010301597084,False,0.06098320584996932,0.006066663999781948,True,0.14825500452117626,0.008327163216621065,True,0.23208427080017618,0.012469379935588552,True,0.11420365832811896,0.007353630018840773,True,0.22977116725926014,0.013063141542566523,True,-0.021875116716321003,0.011117965005887687,True,0.021604466995710614,0.016148325678019857,True,-0.09575209644188842,0.007937079315996153,True,-0.1687879614092908,0.014390193888438423,False,0.0,never/readmission/2/2,0.12910523580362174,0.007589350828402519,True,0.2692610526292421,0.010939259055303184,True,0.16883498431741925,0.009357141526216388,True,0.2938290999887074,0.01585165236398519,True,-0.024568047359465273,0.019085098935816718,True,True,1.176053762435913
1138,-0.06977455933434148,-0.12223838669469611,0.15436953431009232,0.007579277605240297,True,0.29889213154962146,0.012839533760475266,True,0.25593900345756343,0.010430534261866495,True,0.45123637081328893,0.017143237247494305,True,-0.10156946914747111,0.012960132034409766,True,-0.15234423926366747,0.020813458696788655,True,True,0.8145572779279763,0.0,0.12396765054077248,0.007239508246630333,True,0.26116091211883913,0.010583628112577782,True,0.027362792928712482,0.0037077631822022253,True,0.0627170869245614,0.0059744604228642055,True,0.14196717381524704,0.008173307293875417,True,0.24772876640777117,0.012795853613531758,True,0.11421775205545932,0.007298527425840702,True,0.22588734340049377,0.012876920519133795,True,-0.017999523274474558,0.010841910193706165,True,0.013432145711067961,0.016436382814653976,True,-0.08685495912674684,0.008184445733332277,True,-0.16317025647593236,0.014179642574798356,True,0.0,always/death/2/2,0.12774197548813587,0.007440241978374785,True,0.2778439359406851,0.011154359250537153,True,0.16116016118324814,0.009159535157611335,True,0.3155877523985115,0.015830273531988685,True,-0.037743816457826374,0.019128640782220756,True,False,1.1926867961883545
1139,-0.07280473307994306,-0.1316234631906384,0.15089346202481851,0.008505668941208527,True,0.3101744152771852,0.01364831836775164,True,0.2524374131587459,0.009967019145715017,True,0.47748565099630985,0.017897060291027608,True,-0.10154395113392739,0.012544053679343227,True,-0.16731123571912465,0.022509649482339113,True,True,0.8142405070051305,0.0,0.11639735807694904,0.006995816395767129,True,0.24185856557777505,0.010251847154347,True,0.02858534096927867,0.0037933574332985266,True,0.06872696589061573,0.006021936029293714,True,0.15118360285159696,0.008585146978115023,True,0.26044693704673466,0.013319494000701568,True,0.1131109207087636,0.007404908609712772,True,0.1876472158339332,0.011934272848865746,True,-0.03478624477464792,0.010996201635620931,True,-0.018588371468959614,0.01668421616585245,True,-0.08452557973948492,0.00831890124177127,True,-0.11892024994331747,0.013362486238640746,True,0.0,never/readmission/2/2,0.12008983510597852,0.007195888130850923,True,0.2588518887408034,0.010894411321012749,True,0.17124967145346157,0.00964039089776623,True,0.3107253253759067,0.017037185583381537,True,-0.0518734366351033,0.020088364207668647,True,False,1.3165597915649414
1140,-0.06205006934034488,-0.08693823935186551,0.15147291477146194,0.00785711206399588,True,0.3202812907275121,0.012878319996014947,True,0.24376944588697033,0.010688133369615918,True,0.42844977563361225,0.01675279483722017,True,-0.0922965311155084,0.012815395030290808,True,-0.10816848490610015,0.02119500331632231,True,True,0.8493377755091787,0.0,0.11221846258843203,0.006883979970121675,True,0.23603073093732013,0.00999943215651476,True,0.03736141243151067,0.004458793569300842,True,0.07280011576048394,0.006209970272249375,True,0.14490171634411897,0.008445379467190674,True,0.2528469242854799,0.013838755320332557,True,0.1163306672035011,0.007624530906791489,True,0.21725079173373105,0.014172868943551497,True,-0.03268325375568694,0.01083031884468288,True,-0.016816193348159758,0.016893063337536374,True,-0.07896925477199043,0.008833996898193383,True,-0.14445067597324712,0.015461516045072532,True,0.0,always/death/2/2,0.11652198339017042,0.007126498796075259,True,0.2539726096299474,0.010627896331352703,True,0.16606702781691998,0.009499377988185183,True,0.3246225069363716,0.017498606977539504,True,-0.07064989730642424,0.02023304423334645,True,False,0.8076679706573486
1141,-0.0780696431968819,-0.13628840849316826,0.14870046073063184,0.00766827323659964,True,0.3105267803679559,0.012166319058722086,True,0.2684055325339019,0.011052678596472371,True,0.47991837735464005,0.01713035938052183,True,-0.11970507180327009,0.013685983941498784,True,-0.16939159698668416,0.020699515445628716,True,True,0.8057248532849448,0.0,0.11919635460751739,0.0070593366582789255,True,0.2505896005469942,0.01053876530102844,True,0.02990273064612051,0.0038736416962055005,True,0.06622596731888104,0.0058626665445235685,True,0.13331799986147616,0.00821754430911138,True,0.2320686325960074,0.0132670532512167,True,0.1174986481872536,0.007549284685429859,True,0.2514061336910302,0.014271978596255027,False,-0.014121645253958773,0.010753233196969785,True,0.01852096795098679,0.016822528289100736,True,-0.08759591754113309,0.00848511341985282,True,-0.18518016637214918,0.015401490933999168,False,0.0,never/readmission/2/2,0.12304634610716705,0.007267994760774109,True,0.26754113795551193,0.011111822821564473,True,0.15126536251842007,0.009202569976392704,True,0.3081772636575125,0.020125581403592913,True,-0.04063612570200059,0.022825086370940266,True,True,0.6693058013916016
1142,-0.0736853673455839,-0.10126932658468113,0.15496253044167782,0.008718169477043234,True,0.32797334038015535,0.012800722098085901,True,0.25733303823175135,0.01071437869198347,True,0.4457645961994187,0.017094925141711327,True,-0.10237050779007353,0.013552153564687199,True,-0.11779125581926336,0.021343456950579702,True,True,0.6341181483731493,0.0,0.12282654176956456,0.007136983799527874,True,0.23771575939967216,0.00998564141947189,True,0.030998742114424667,0.003911938539578181,True,0.06609639212508361,0.005880413739561307,True,0.14610796711066149,0.008521578560375312,True,0.24091301594233505,0.01272901672720129,True,0.1122339292597725,0.007322802704378435,True,0.22203744606051637,0.01251424668713627,True,-0.023281425341096923,0.011048301438524793,True,-0.0031972565426628963,0.016016907586538842,True,-0.08123518714534783,0.008297440816174735,True,-0.15594105393543276,0.013813596805201157,True,0.0,never/death/2/2,0.12694887405068966,0.007357509590931333,True,0.255048282225242,0.010595652733145616,True,0.16494662640242752,0.009489091699677718,True,0.3009506136359415,0.016285999488521975,True,-0.04590233141069949,0.01922509256192755,True,False,0.7162976264953613
1143,-0.08092839153075049,-0.1320153734783019,0.1467754642083332,0.007654600429318713,True,0.31698803489782734,0.012617762360000161,True,0.2477579723175165,0.010438935204968046,True,0.4494227406816057,0.016848684170937822,True,-0.1009825081091833,0.013168128023956702,True,-0.13243470578377836,0.020194148744030124,True,True,0.8373895273408436,0.0,0.10611457990111199,0.006721151623328111,True,0.24377849040964747,0.010167365224962114,True,0.029768179379658557,0.00386338935497935,True,0.07041303672477604,0.006150188472925679,True,0.15202983898210737,0.008657155968232784,True,0.24926960779846702,0.013716972444477359,True,0.11051930479185125,0.007401370690789123,True,0.1981072672088298,0.013149494772678563,True,-0.04591525908099538,0.010890844034056227,True,-0.00549111738881955,0.01692320399543424,True,-0.08075112541219269,0.008349259655873931,True,-0.12769423048405376,0.014506634485941097,True,0.0,never/death/2/2,0.10933115742236206,0.006915479004434076,True,0.2611931546488321,0.010811202885381793,True,0.17220479731987298,0.009620794268124918,True,0.3037735844105608,0.019022104284295585,True,-0.04258042976172871,0.021713121183898818,True,False,0.7113313674926758
1144,-0.09017410023323888,-0.13051639029292667,0.13449832194708564,0.008345246072318869,True,0.297012917647354,0.012303996259967073,True,0.25177147825243895,0.011256692921217303,True,0.4495981436896449,0.01678474674093078,True,-0.11727315630535332,0.013705683769494641,True,-0.1525852260422909,0.02149594908936421,True,True,0.8626815131093809,0.0,0.11548730278437688,0.006956548435155744,True,0.26740183227051667,0.010866869334849365,True,0.033262970561360246,0.004040316145228327,True,0.07528170635512302,0.00627053760657631,True,0.14577589068625346,0.00842917297721679,True,0.2347925960235966,0.012813010423073106,True,0.11343396423730895,0.00737135398965043,True,0.2238063229671252,0.013123536174760685,True,-0.03028858790187658,0.010829381600475647,True,0.03260923624692008,0.01663532789123705,True,-0.08017099367594871,0.008403429257201797,True,-0.14852461661200217,0.014534207303665185,True,0.0,never/readmission/2/2,0.11980785447309539,0.007192126815695506,True,0.28885726072057655,0.011543537197393509,False,0.16520432767105286,0.00940359446147664,True,0.2907003291651558,0.01678485175402764,True,-0.0018430684445792656,0.02015752505212652,True,True,0.7229695320129395
1145,-0.07128355990699564,-0.14653724297773713,0.1531994460524801,0.00863123044547474,True,0.3082665093542422,0.013722263637003065,True,0.2511480060634906,0.010738269579998677,True,0.46242683910274746,0.01798052450399115,True,-0.09794856001101049,0.013449215561087411,True,-0.15416032974850524,0.022186308624747537,True,True,0.837315044466914,0.0,0.12153082637052037,0.006997083344534848,True,0.24792795165963727,0.010276401893033233,True,0.029584696173963004,0.0037430621986801983,True,0.07195300710420743,0.006203398639817449,True,0.15333306014663614,0.008503570995342956,True,0.2267369334549606,0.011774090488193495,True,0.10638649704378625,0.007019149630208749,True,0.21526001424389538,0.012310617659721475,True,-0.03180223377611577,0.010884416718732706,True,0.02119101820467667,0.015433755249962334,True,-0.07680180086982324,0.007956106767420238,True,-0.14330700713968794,0.013765568754816543,True,0.0,always/death/2/2,0.12584392704964945,0.007212122657454323,True,0.2667378322879855,0.010919012337760051,True,0.17083200659620348,0.009436097575518927,True,0.2746632335463654,0.01439911029625341,False,-0.007925401258379927,0.017838402701589373,True,True,0.7221775054931641
1146,-0.08559030456678013,-0.10877975159686232,0.13940645091229562,0.007940052594305521,True,0.30293394797490475,0.012142918260571213,True,0.2504292740116719,0.010641660919277313,True,0.42598125508015416,0.015435666372167632,True,-0.1110228230993763,0.01350534380352738,True,-0.12304730710524941,0.019194733545749014,True,True,0.8605001767595468,0.0,0.116288383534378,0.006940129993900601,True,0.2514325624796939,0.010192489608727174,True,0.029123566154381962,0.0037917192682461616,True,0.06217310361380706,0.00574339098783425,True,0.14144756055180716,0.008436303695396781,True,0.25277558508734743,0.014113152735351474,True,0.11071957508885577,0.00750122744773561,True,0.18593748529160964,0.013670525057644585,True,-0.02515917701742916,0.010841635502305427,True,-0.0013430226076535101,0.01717787046787042,True,-0.0815960089344738,0.008405857339484945,True,-0.12376438167780257,0.014818452385346943,True,0.0,never/death/2/2,0.1199116180002638,0.007134717504175315,True,0.2679662398936886,0.010734992559658759,True,0.1607070900018709,0.00942332507095874,True,0.31293002319673097,0.017667048741187318,True,-0.04496378330304235,0.020392019519150623,True,False,0.6777637004852295
1147,-0.06866912602230862,-0.11288875999971709,0.14856461144542513,0.008445549818612641,True,0.3081945239795823,0.012114874206639476,True,0.25667819800953007,0.010482292060418808,True,0.46609253839721293,0.01685403737429137,True,-0.10811358656410494,0.013517241989581593,True,-0.15789801441763063,0.020663647564799006,True,True,0.7692093090610913,0.0,0.11831717293144342,0.007096254939903825,True,0.252920357387791,0.010380532097478502,True,0.0315843523112141,0.004060822461052676,True,0.07585180103806397,0.006773549598022286,True,0.14431593714895827,0.00832821499494602,True,0.24824951925282146,0.012544991980916598,True,0.11862109411177156,0.007560482055528448,True,0.22830380564453828,0.012681631619843496,True,-0.025998764217514847,0.010836013338733146,True,0.004670838134969546,0.016078465838618453,True,-0.08703674180055745,0.008578659074911189,True,-0.15245200460647432,0.014366153145029537,True,0.0,always/readmission/2/2,0.12243018725879898,0.007318947614527307,True,0.2717672761142318,0.011027535093035898,True,0.16660758733390138,0.00943165952828826,True,0.318859491197784,0.01637393451704873,True,-0.047092215083552214,0.019477787957003,True,False,0.8083641529083252
1148,-0.07231353170766641,-0.10843872366093787,0.15924350640846574,0.009097446291927979,True,0.3310586829027381,0.01200898027062253,True,0.2650708476747276,0.010631925653965217,True,0.46818887764138745,0.0168550134498872,True,-0.10582734126626187,0.013179778372048695,True,-0.13713019473864935,0.019986739393175527,True,True,0.7818768442331229,0.0,0.12659038369461553,0.007271582053791462,True,0.2537382262932872,0.010356770040932698,True,0.027624500074268865,0.0036986745973160364,True,0.066649629644079,0.005693190882756614,True,0.1405141871269276,0.008558068082835116,True,0.2298484132361881,0.013114739209302362,True,0.11837267961035335,0.007623702989729719,True,0.20714901969885732,0.012912122206625515,True,-0.01392380343231206,0.011155818401409586,True,0.023889813057099085,0.016560370654651595,True,-0.09074817953608448,0.00847246249341588,True,-0.14049939005477832,0.01409554937404256,True,0.0,never/readmission/2/2,0.1302010460538532,0.007465887131408935,True,0.2716548287640137,0.010953519750898895,True,0.15939661701508173,0.009593046813771097,True,0.2818128250601273,0.01682625673352135,True,-0.01015799629611358,0.01990149265314801,True,True,1.0231211185455322
1149,-0.08443358804125431,-0.10576358651830353,0.15168391857877006,0.00835130068770591,True,0.33220611539816297,0.01318392450934907,True,0.2693212898550985,0.012213177040258457,True,0.44579275160451354,0.01640968618271817,True,-0.11763737127632845,0.015849462546115706,True,-0.11358663620635057,0.021027565781887133,True,True,0.7582573360019836,0.0,0.12541282397536943,0.007228822589293556,True,0.2582399109228028,0.0105121987492607,True,0.03067955613920309,0.003965888260923602,True,0.06609427505480175,0.006039892399347535,True,0.15694327954664794,0.008803952867720153,True,0.25585448313380543,0.013422553121322314,True,0.11445518220084888,0.0073922368230905965,True,0.22108452902496709,0.013219036400648537,True,-0.03153045557127851,0.011281008375512757,True,0.002385427788997363,0.016841578917261246,True,-0.08377562606164579,0.008389037630643283,True,-0.15499025397016533,0.014529094603483297,True,0.0,never/death/2/2,0.1291703951986229,0.007439275407293082,True,0.274557032248918,0.011100263922383334,True,0.17724443383399308,0.009797117626988091,True,0.31670349233855555,0.01781751926641047,True,-0.04214646008963757,0.020769990927527113,True,False,1.1468758583068848
1150,-0.061726970118226226,-0.09758767612011998,0.1594244211739053,0.00797448590382118,True,0.3316755889254661,0.01279577429012103,True,0.2498293951719653,0.01109889376260656,True,0.4538485858146581,0.01738609442193328,True,-0.09040497399806002,0.013312212149924436,True,-0.12217299688919198,0.022652502316982275,True,True,0.8094515938310833,0.0,0.11705197266031211,0.007127850955601768,True,0.2328596128792455,0.01007025117195348,True,0.0367096219969152,0.004267519797931991,True,0.07558797207240567,0.006214998221218506,True,0.1281852559459232,0.008107882908111128,False,0.23035854929102562,0.013418852323573349,True,0.11081043669408581,0.007311016952308181,True,0.21294727058584334,0.013163889608389292,True,-0.011133283285611084,0.01074140483536809,True,0.0025010635882198873,0.01664814733389233,True,-0.07410081469717061,0.00846456840845382,True,-0.13735929851343767,0.014541928457732722,True,0.0,never/death/2/2,0.12169146893690723,0.00738614936800341,True,0.2523728493293505,0.010784759113029237,True,0.14465093584903815,0.009054122058900245,False,0.28856646266456426,0.020505982278209677,True,-0.03619361333521376,0.023012260014868356,True,True,1.091723918914795
1151,-0.09981952164587032,-0.16439629466051225,0.14085194185684555,0.007321031684699637,True,0.30138449852618965,0.013481493642352247,True,0.26891465374384127,0.01121397985212206,True,0.47586884175339317,0.01651667409564547,True,-0.12806271188699572,0.013373581944901318,True,-0.17448434322720352,0.02077240554843974,True,True,0.7941806088903094,0.0,0.11413450176660743,0.0069197911765541825,True,0.24213703809635023,0.010067142561407186,True,0.033657744903424075,0.004060693279562801,True,0.07051921919012542,0.006186463386613008,True,0.14093395259521127,0.008453833311282641,True,0.23464350897362476,0.013380661639899706,True,0.11509382294649959,0.0074866626188557096,True,0.21362096548437276,0.013303196381789667,True,-0.02679945082860384,0.010854630912137451,True,0.0074935291227254675,0.01661378737863032,True,-0.08143607804307551,0.008516192365615433,True,-0.14310174629424732,0.014663250164706355,True,0.0,never/readmission/2/2,0.11841244131504924,0.007153128937122061,True,0.26015458649460466,0.010673296517080126,True,0.15958820753992534,0.009525059590671849,True,0.2926280407853646,0.01727317514380728,True,-0.03247345429075993,0.020150450446493454,True,True,1.1419847011566162
1152,-0.08485605012633837,-0.11722540213499494,0.15609649230272882,0.009094431917342476,True,0.3162985956500756,0.012753241184231247,True,0.2734854153016328,0.010756792076896789,True,0.4496048781334963,0.016900958221643683,True,-0.11738892299890397,0.013472249947291265,True,-0.1333062824834207,0.020619485425219505,True,True,0.7917199032280292,0.0,0.1092749869586144,0.0067620416920481765,True,0.23855523530397982,0.01005214915457492,True,0.025533490383706392,0.0034643985258319236,True,0.0653689133878592,0.005824109271255434,True,0.15360641831125663,0.008734971749982164,True,0.24974772616697463,0.013254263005435222,True,0.1077583573500917,0.007369344632572746,True,0.20367121925679246,0.013012520811068112,True,-0.044331431352642225,0.010975323747844021,True,-0.011192490862994814,0.016471203707253877,True,-0.08222486696638531,0.008139576674231307,True,-0.13830230586893327,0.014242151986833056,True,0.0,never/death/2/2,0.11246513776776018,0.0069420679774317845,True,0.25571837173227724,0.010630760028924232,True,0.17252741188319778,0.009714876295325912,True,0.30857742407248423,0.016363404223531972,True,-0.05285905234020699,0.019306459893637273,True,False,1.1491672992706299
1153,-0.08571319100078709,-0.1187842806340787,0.13145906178075434,0.007711555994907429,False,0.3054527203593166,0.014267389345664367,True,0.24818770207832552,0.011017482297802665,True,0.44429778084938043,0.015487810241291698,True,-0.11672864029757118,0.012562930997413613,True,-0.13884506049006384,0.02051527152323208,True,True,0.7862295216372626,0.0,0.11152649219561918,0.006863812335549456,True,0.24953055417371467,0.01037805967077917,True,0.029810513740333458,0.003882857119066354,True,0.06051046845220885,0.005637148077106946,True,0.14279134993664416,0.008367338686088679,True,0.23329926290252256,0.012964424744664717,True,0.10824898036124682,0.007291849533059143,True,0.20606963579855733,0.01282572303276873,True,-0.031264857741024984,0.010727313666995244,True,0.016231291271192105,0.016463941899275802,True,-0.07843846662091336,0.0082590636871479,True,-0.1455591673463485,0.013992576396279289,True,0.0,never/death/2/2,0.11517473883393982,0.007065999285894349,True,0.26574005938207607,0.010946943010406258,True,0.16170680300448959,0.009375385691185607,True,0.2842130062782196,0.01849628553661518,True,-0.01847294689614354,0.021350939132748232,True,True,1.0644018650054932
1154,-0.0900289550682784,-0.11217220052261656,0.1382076712660003,0.008472765185261034,True,0.3185232720529949,0.012981162416024714,True,0.2584519213880702,0.011348410113300164,True,0.44410403264103504,0.017265008310981756,True,-0.1202442501220699,0.014327028260570012,True,-0.12558076058804013,0.022889622080991354,True,True,0.8301306410617656,0.0,0.12329077026212215,0.007171911714656354,True,0.2444489784266811,0.010188709498431398,True,0.03528553605938194,0.0042135846084927,True,0.06845734533813007,0.006022644142972413,True,0.1563724951400843,0.008570720143286087,True,0.27051424458361684,0.013257110338177362,False,0.11535793389330609,0.00744705341276749,True,0.20385815487786216,0.012099492812696459,True,-0.033081724877962154,0.011079000373302169,True,-0.026065266156935746,0.016541208322480697,True,-0.08007239783392414,0.008555675016833634,True,-0.1354008095397321,0.0135075639081579,True,0.0,never/readmission/2/2,0.12773515753486456,0.007417606705833602,True,0.2609535403580057,0.010811964624595905,True,0.17763826610410816,0.009542292104673656,True,0.33527351715781645,0.016576302151383924,True,-0.07431997679981073,0.01958082751466222,True,False,1.0321156978607178
1155,-0.08244806922994971,-0.13450214220751466,0.14402813615851712,0.008549163042584448,True,0.3124778261280307,0.01243163631126623,True,0.2545324155902101,0.010286971747593725,True,0.46773339103681244,0.017194442903457997,True,-0.110504279431693,0.013140349031165977,True,-0.15525556490878173,0.021094535347005717,True,True,0.7796373188955467,0.0,0.10578102357844085,0.006725783184130972,True,0.23498974570218853,0.009957146280609378,True,0.02688353769708434,0.003671027541636584,True,0.0690467003048694,0.0063223964960070645,True,0.15788767555250377,0.008652346017405261,True,0.24719534487558747,0.01279103491417613,True,0.10297360363636512,0.006986541716105706,True,0.2114202363020458,0.013020709178275585,True,-0.05210665197406292,0.01088102087246126,False,-0.012205599173398946,0.01604389535199041,True,-0.07609006593928078,0.007893946558186387,True,-0.1423735359971764,0.01446588352468901,True,0.0,never/readmission/2/2,0.10882649420616229,0.006907504138487846,False,0.2514812648517061,0.010560066055793085,True,0.17666572875703854,0.009514978354761547,True,0.3098497398125463,0.015363127293563834,True,-0.058368474960840244,0.01841831084092855,True,False,1.0728209018707275
1156,-0.06532768592867125,-0.10812299997880764,0.1598424021893058,0.008743868370841207,True,0.3146215263778184,0.013149602500429963,True,0.2558358287660674,0.010662663414876752,True,0.44592580512141783,0.017684867728198373,True,-0.09599342657676163,0.013453659227240261,True,-0.13130427874359946,0.022447306777147864,True,True,0.8269945345761694,0.0,0.11952867988000944,0.0071744832241861225,True,0.2378148167648215,0.010184257733264179,True,0.03479424547340564,0.0042497094969093,True,0.07409245609851939,0.00624619295741415,True,0.15981241248236933,0.00859506396750739,True,0.25978593938648264,0.013550269891262427,True,0.10712711379278084,0.007129467182450175,True,0.20529542617087498,0.013125686237850452,True,-0.04028373260235989,0.01110592572326115,True,-0.02197112262166115,0.016767117010272455,True,-0.07233286831937519,0.008300324983464011,True,-0.1312029700723556,0.01452852632872345,True,0.0,always/death/2/2,0.12365643713031897,0.0074133673600902394,True,0.25571819716793487,0.010827360863555529,True,0.1800530032284205,0.00945913365772562,True,0.31525595807022444,0.01846412895644216,True,-0.05953776090228957,0.02120791915184225,True,False,1.172546148300171
1157,-0.07842357204603095,-0.13726272202244744,0.13806370247059233,0.008096231636176817,True,0.31359908641404227,0.013851159521893568,True,0.24915907051848832,0.010561719556663058,True,0.4578587618084236,0.017550731794431226,True,-0.11109536804789599,0.013847006889739867,True,-0.14425967539438134,0.02263939776960465,True,True,0.7865404127174022,0.0,0.10297645659830378,0.006652948201893242,False,0.22910253416895576,0.010064810350028673,True,0.02808003325191218,0.0037485055242394527,True,0.06488706362703768,0.005965210227524779,True,0.13881720014808085,0.008101789630088879,True,0.24189987180875439,0.012433881023054498,True,0.10488625700725157,0.007074440704360994,True,0.19466799258963746,0.011772690731462528,True,-0.03584074354977708,0.010394861291042104,True,-0.012797337639798623,0.015792402077985608,True,-0.0768062237553394,0.008003391387391881,True,-0.1297809289625998,0.01318836653484053,True,0.0,never/death/2/2,0.1062520172986996,0.0068485314797592485,False,0.24436124869403114,0.010643625887344415,True,0.15677260191958223,0.009017174783828994,True,0.29823998178263694,0.015618002004411142,True,-0.0538787330886058,0.01864675465045524,True,False,1.145664930343628
1158,-0.0873765791212961,-0.14101163062992744,0.1431272227129386,0.008160671890456274,True,0.3004404103534834,0.012294248986773062,True,0.2570588538490743,0.011066897205090536,True,0.46652178710570685,0.016746053132302274,True,-0.11393163113613569,0.013627027702163435,True,-0.16608137675222345,0.021691517225244174,True,True,0.8056269864688507,0.0,0.10860167226445545,0.006709296836568409,True,0.23236796387571113,0.010132270318125766,True,0.03600533471312813,0.004237386966672533,True,0.0756949122513758,0.0063263052318512794,True,0.13953599481815276,0.008138603823069862,True,0.23633339993921038,0.012803674702150863,True,0.10288106061808185,0.007025414568501733,True,0.21209798358434087,0.013262613950071483,True,-0.03093432255369731,0.0104562529898003,True,-0.00396543606349925,0.016195281413336777,True,-0.06687572590495372,0.008203993760938619,True,-0.1364030713329651,0.014679041006733682,True,0.0,never/death/2/2,0.11253357091429173,0.0069467305308151045,True,0.25000284642778586,0.010770199126838928,True,0.15692114432206147,0.008978872916832708,True,0.29122477825269605,0.017138762619940035,True,-0.041221931824910185,0.02008308743455892,True,False,1.0577304363250732
1159,-0.0991975998469701,-0.1331982151060922,0.14226700415075988,0.008357214007728745,True,0.30617692490744447,0.01410031236753204,True,0.26719518752388594,0.011027988931644786,True,0.44962084308607164,0.015533031926886761,True,-0.12492818337312606,0.012901204701199704,True,-0.14344391817862717,0.02044122769968613,True,True,0.8207388253951451,0.0,0.12171516852661372,0.00722272304988465,True,0.2588643328192451,0.010559423766472275,True,0.03456288861638373,0.0041575879209315185,True,0.06533238893307905,0.00611333733121281,True,0.1430066862928633,0.008321844612430455,True,0.25813361063699947,0.015414431674557555,True,0.11301138107884022,0.007397665229274382,True,0.22186586102998154,0.01404659950830717,True,-0.021291517766249587,0.010939952215644465,True,0.0007307221822456245,0.01856710538695398,True,-0.0784484924624565,0.008484733862004597,True,-0.1565334720969025,0.01530529143361842,True,0.0,never/readmission/2/2,0.1263181270745119,0.007467684645915932,True,0.27598668238980606,0.011125538872535345,True,0.16263332704032307,0.00932271463187887,True,0.3402083173163474,0.017979091713568075,False,-0.06422163492654132,0.020938229431244383,True,False,0.8472073078155518
1160,-0.07334562907167178,-0.11064020486555692,0.15398415367494886,0.009105618320625881,True,0.31549217052466727,0.013017574701222362,True,0.26104007192775885,0.011119079146552543,True,0.4522635665865317,0.018428767709681226,True,-0.10705591825281,0.01455176089969574,True,-0.13677139606186445,0.0220110315857879,True,True,0.7928849855834492,0.0,0.12127646041515032,0.007252375539036668,True,0.2367862350600562,0.010028792394746468,True,0.027636225299761476,0.0037400793318768145,True,0.07281042549408928,0.006261254639582764,True,0.1306568936668553,0.008071399321464355,True,0.24538880727189968,0.013538141311939731,True,0.11202150328511383,0.007187455712494578,True,0.2119065820489241,0.012929421971756122,True,-0.00938043325170497,0.01077362559103131,True,-0.00860257221184349,0.016637530566560397,True,-0.08438527798535235,0.00810278762045531,True,-0.13909615655483482,0.014357100416063308,True,0.0,never/death/2/2,0.12472291871813834,0.007449079695031039,True,0.25408640461107523,0.010644635341455773,True,0.14627182034334404,0.0089823452616546,False,0.301908090942449,0.017636546061553147,True,-0.04782168633137379,0.020370507873894585,True,False,0.8383200168609619
1161,-0.07421975816087559,-0.09861984632356663,0.15114780032964376,0.008411668869326412,True,0.3230712213255247,0.01300340317534135,True,0.2565314318500082,0.010448649767713503,True,0.4471204421877113,0.0165651627029296,True,-0.10538363152036445,0.014012621954302149,True,-0.12404922086218662,0.02204409402005049,True,True,0.8323400393001248,0.0,0.11772051934540277,0.007135408281910273,True,0.24101781070263592,0.0103698548453196,True,0.03158990018632253,0.003989187806097306,True,0.07910984307990472,0.006675209078298297,True,0.14774062855958647,0.008623176871323957,True,0.26272433195586065,0.014505332762194716,True,0.09629296314969557,0.0069759256685802355,False,0.18042183225050454,0.01304890404651345,False,-0.0300201092141837,0.011111923712639943,True,-0.021706521253224725,0.0176667111419457,True,-0.06470306296337304,0.008034413522531085,False,-0.10131198917059982,0.014648784009091656,False,0.0,never/death/2/2,0.12184636671437621,0.007357247952471444,True,0.2604283898213874,0.011081272851359299,True,0.1646677334345339,0.009456806623858508,True,0.31915817855695583,0.017594604274994482,True,-0.058729788735568444,0.020588894617142264,True,False,0.7347087860107422
1162,-0.08005784806973532,-0.12273718647764448,0.1617445971270148,0.008795589217453872,True,0.3298048186405844,0.013313770729689419,True,0.2723250531573613,0.010087611833080207,True,0.44217669436246626,0.018078510366755098,True,-0.11058045603034647,0.012819246013833472,True,-0.11237187572188184,0.02154069930321657,True,True,0.7803563512104779,0.0,0.12273445234848883,0.007094641643373973,True,0.24591496334552468,0.010237956224458685,True,0.031676830103068175,0.0038617853653718152,True,0.06732227334518848,0.005911507472775492,True,0.16210680461955074,0.008700018619950688,True,0.2563276400195928,0.012817427583073164,True,0.10391542969024702,0.007091668341085775,True,0.21535104949866055,0.012895039191046587,True,-0.03937235227106191,0.011116484263297352,True,-0.010412676674068116,0.01620654379501255,True,-0.07223859958717885,0.008073089063957591,True,-0.14802877615347207,0.014165827217737676,True,0.0,never/death/2/2,0.12716963438612558,0.007330294113093602,True,0.2638688406395095,0.010831821279928785,True,0.18187089915576088,0.009602341973967919,True,0.3204153336095949,0.016102584713790027,True,-0.056546492970085405,0.019141945507849513,True,False,0.813140869140625
1163,-0.08222747345642545,-0.12538501263394747,0.14505713236509127,0.007808583229442429,True,0.31108299005176687,0.012812520805636295,True,0.2500081763579839,0.00979104666951432,True,0.44015930755762184,0.019321877026169394,True,-0.10495104399289262,0.012188828036405006,True,-0.12907631750585496,0.0230796090504313,True,True,0.7504699887770202,0.0,0.11744116866094811,0.007031956580599056,True,0.2467797912263112,0.010286484550603868,True,0.02985338797759096,0.0037912531912313225,True,0.0682741742143086,0.006025712259452822,True,0.1380143467995371,0.00818424191416133,True,0.24696037707413648,0.013175824196400046,True,0.11720767303475249,0.00753457234658117,True,0.2148115787747746,0.012542813514775784,True,-0.020573178138589,0.010715962214729634,True,-0.00018058584782529308,0.016561212712462414,True,-0.08735428505716153,0.008431114621261348,True,-0.146537404560466,0.013899256535266786,True,0.0,never/readmission/2/2,0.12148019800030112,0.007244228509164651,True,0.2645943242533629,0.010890526893762251,True,0.15772613478334016,0.009240297208997637,True,0.31064892271648176,0.017033450263018786,True,-0.04605459846311888,0.02002059110026597,True,False,1.1487071514129639
1164,-0.08867587750612663,-0.12665512562578957,0.14724999307628583,0.008961342264993103,True,0.3215660113095712,0.01385355243508654,True,0.26745466312895005,0.010476182427896896,True,0.4631210428322171,0.01672234985291258,True,-0.12020467005266422,0.014559462192736199,True,-0.14155503152264592,0.021312315462371265,True,True,0.8290078126766239,0.0,0.11544885537458818,0.00710914327148322,True,0.2425607859893406,0.010462402218483659,True,0.029875554286043184,0.003853021572132776,True,0.06766250306118528,0.005856769979685812,True,0.14346557509949445,0.008517224473332426,True,0.23546993749671044,0.01316115538293882,True,0.12116097653538117,0.0077232390323788876,True,0.23213104374279644,0.013990371599699918,True,-0.02801671972490627,0.011027809353280361,True,0.00709084849263017,0.01666624564434904,True,-0.09128542224933799,0.008628873359567892,True,-0.16446854068161115,0.015148624360029297,True,0.0,never/death/2/2,0.1191614432304959,0.007323359235808939,True,0.26056373758033635,0.011073306537894146,True,0.16486584783982805,0.009596772422565628,True,0.30217113020394093,0.018804074778961247,True,-0.04160739262360458,0.021636625398607646,True,False,1.115086555480957
1165,-0.07702640443437628,-0.11413514631558119,0.147255494170467,0.007883048944878849,True,0.31696455185736433,0.012345210048693418,True,0.25531515593275855,0.010685888578797572,True,0.4623865774112103,0.018282468664365007,True,-0.10805966176229156,0.01368415533691877,True,-0.14542202555384598,0.02108986674101298,True,True,0.7541218951683796,0.0,0.11683507595309356,0.007100229344640686,True,0.2436591051576345,0.01021581955032428,True,0.026489239151831906,0.003519595786314523,True,0.07099266683240507,0.00634527101558103,True,0.1309325107725429,0.008130329986273728,True,0.2412498585076006,0.013607519458420729,True,0.11950499704042412,0.007490155214058841,True,0.24264658463906716,0.014237337926790798,False,-0.014097434819449334,0.010731255268979034,True,0.0024092466500338916,0.01685850919403834,True,-0.09301575788859222,0.008275212009535913,True,-0.1716539178066621,0.015568410717747455,False,0.0,never/death/2/2,0.12061948414469069,0.007299536942492,True,0.2612925940181005,0.010798857860150779,True,0.14864407821089096,0.009246548045149263,True,0.31896578832576294,0.01852160116648863,True,-0.057673194307662434,0.021215499038284243,True,False,1.1522791385650635
1166,-0.06445149815085818,-0.07849637894183475,0.15603276031957677,0.009015053523966022,True,0.3427616466578549,0.013152144888990924,True,0.2557049035491593,0.010477010698182064,True,0.4398663565519479,0.01801476540986101,True,-0.09967214322958254,0.01343452220562199,True,-0.09710470989409298,0.023051700496432428,True,True,0.808216570415196,0.0,0.11185409238389392,0.006799591570363769,True,0.23743293188053533,0.010166889033732933,True,0.03479007960486044,0.004200638725798318,True,0.07322416245136805,0.006368452291827002,True,0.15247353518882734,0.008807340523973525,True,0.23931873688013036,0.012560184907746984,True,0.11111251664375262,0.007452076068423952,True,0.21899727452351692,0.01247706846061005,True,-0.04061944280493342,0.01102490201387113,True,-0.0018858049995950366,0.015975145853229348,True,-0.07632243703889217,0.008552796173701322,True,-0.14577311207214888,0.013998439899204549,True,0.0,never/readmission/2/2,0.11614955473150662,0.007035514189140983,True,0.25488647060291836,0.010782819519389648,True,0.17295634616795935,0.00980001250351963,True,0.29814917604085983,0.015487806472677935,True,-0.04326270543794147,0.018639903157939456,True,False,0.988018274307251
1167,-0.08244865571621782,-0.13495845552297164,0.14868663293236273,0.008704809584150146,True,0.3240173105449286,0.014665735574579246,True,0.26596433051277907,0.011065828907293322,True,0.47470596892773437,0.018763932173075773,True,-0.11727769758041634,0.014440550266341855,True,-0.15068865838280576,0.022627249417125687,True,True,0.753764949548924,0.0,0.12891986428533744,0.007458963076932214,True,0.25216490000645786,0.010525161054625207,True,0.024073451386748317,0.003457627925303721,False,0.057072531636431674,0.005515940773730922,False,0.15760721162254557,0.008845545368230177,True,0.25189014746059296,0.013130979050248988,True,0.10379766840341371,0.007287137520024064,True,0.19636076454958107,0.014396517091973088,True,-0.028687347337208124,0.011481936008257034,True,0.00027475254586489806,0.016635070576472826,True,-0.0797242170166654,0.008061616099577926,True,-0.1392882329131494,0.015417795355862171,True,0.0,never/death/2/2,0.13242430271655112,0.007638058128969017,True,0.2690101597073054,0.011068386927183154,True,0.17806714487289826,0.009787724396732964,True,0.3081584550344632,0.018097794377102912,True,-0.0391482953271578,0.020991710034556202,True,False,0.9729416370391846
1168,-0.07804967530799067,-0.11651561512801106,0.1489388273270186,0.007895225215060746,True,0.3261858388109638,0.013512648702245647,True,0.25956144306799556,0.011278321467003955,True,0.4597568456321163,0.017716885460565546,True,-0.11062261574097695,0.014011367578429967,True,-0.13357100682115247,0.022251742016756563,True,True,0.7588728114225627,0.0,0.12305979776535089,0.007059661855684735,True,0.24851241532628646,0.010157219046676996,True,0.035804455243408036,0.004192576674100513,True,0.0853655365377803,0.006774355954470535,False,0.14844061271370787,0.008687242128122403,True,0.23695424941073098,0.012662996696129327,True,0.11234202084402671,0.007611979651922122,True,0.21989203423456724,0.012671312952443446,True,-0.025380814948356978,0.011121547507855508,True,0.011558165915555474,0.016098740821476786,True,-0.07653756560061867,0.008690304802131552,True,-0.13452649769678693,0.014352901456882275,True,0.0,never/readmission/2/2,0.12765856180132779,0.007307726547548661,True,0.2695099158412311,0.010893324789205577,True,0.1696470271415552,0.009742899474160306,True,0.29966408126260075,0.016101631452220228,True,-0.030154165421369672,0.01925602882781595,True,True,0.9428691864013672
1169,-0.06020397597846347,-0.1141133498564112,0.1650508771106442,0.008826989231520607,True,0.3147072337868406,0.013113374088557471,True,0.25488446132264175,0.011914544651935408,True,0.45626459119249707,0.017168779373451085,True,-0.08983358421199755,0.01486102816545235,True,-0.14155735740565645,0.022006189416697748,True,True,0.8573036769838335,0.0,0.12263187625601657,0.007168272320389271,True,0.2516911112156059,0.010219772368260353,True,0.03604386673762713,0.004278436539353803,True,0.07246200297712738,0.0061098301089986306,True,0.1528755345976771,0.008603266295140636,True,0.23823234781052663,0.013370227333027614,True,0.11072499136665206,0.007290255078479017,True,0.21542213758584167,0.013704569732688148,True,-0.03024365834166054,0.011109679089738374,True,0.01345876340507926,0.01668510534220829,True,-0.07468112462902493,0.008452152272230614,True,-0.1429601346087143,0.014997699277209784,True,0.0,never/death/2/2,0.12725464933650274,0.0074186463876766565,True,0.2705207746728986,0.010852575035751533,True,0.17193884683048782,0.009570191492361303,True,0.2869362638993273,0.024398092829707802,True,-0.016415489226428714,0.026613328075242967,True,True,0.9647517204284668
1170,-0.10352711662980837,-0.13507307488203313,0.13815791988432916,0.008773208267933142,True,0.3013397077009191,0.012783833522816155,True,0.2735986103561902,0.011522486487845724,True,0.451674178952096,0.016350948406972075,True,-0.13544069047186105,0.01509806084096517,True,-0.15033447125117688,0.02159477532299912,True,True,0.8496451611487968,0.0,0.10318400930122308,0.006598362403152223,False,0.2311723842592164,0.010087267099286017,True,0.02908167868035034,0.003702353868098905,True,0.07254166403327798,0.006177607567162518,True,0.16752462576026161,0.008845742334985843,False,0.2712280231366925,0.013632272174521322,False,0.11280808570461036,0.007426238199708931,True,0.20810922644373403,0.012754317956798471,True,-0.06434061645903853,0.010932063508508868,False,-0.04005563887747607,0.016784449240329413,False,-0.08372640702426001,0.00829669552428151,True,-0.13556756241045603,0.014159263354298082,True,0.0,never/death/2/2,0.10672119891540144,0.00679724711890365,False,0.2498079327421899,0.010744264923441882,True,0.19020261925185683,0.009874129906252626,False,0.32962867062663037,0.02002025863971641,True,-0.07982073788444047,0.02254494796992223,True,False,1.0805814266204834
1171,-0.06268496791957615,-0.09250702907347469,0.15043941955198195,0.008459859614990198,True,0.33014642837421215,0.013007919410181682,True,0.24261998596979112,0.011096595920770962,True,0.45726197002880004,0.018182443315664956,True,-0.09218056641780917,0.01383254399993289,True,-0.12711554165458788,0.022195441391541598,True,True,0.7644651071718114,0.0,0.11116319098127013,0.00687274124185926,True,0.24694767275159313,0.010302075237863919,True,0.029647318342823404,0.0037809321829590545,True,0.06329578376464254,0.005761908018838091,True,0.1540171418893536,0.00854485537106804,True,0.2574120977765838,0.01352594198075647,True,0.1062660946226953,0.007122388283598205,True,0.19487612514993138,0.0123999583188067,True,-0.04285395090808346,0.010894401439694385,True,-0.010464425024990676,0.01685097504147999,True,-0.0766187762798719,0.008062191111909691,True,-0.13158034138528885,0.013658025304806204,True,0.0,never/readmission/2/2,0.11475306728688867,0.0070775024835699725,True,0.2641342160618409,0.010890798724200342,True,0.17259902492859586,0.009551179395854086,True,0.31121657073486986,0.017738400662701,True,-0.04708235467302896,0.020643495532170424,True,False,0.9442744255065918
1172,-0.08029503436576288,-0.08729804430555904,0.14965749885119486,0.008592981283936117,True,0.33404604434066437,0.012853022488283463,True,0.2519351043704162,0.0099535514939059,True,0.4358028642467935,0.015661416953345653,True,-0.10227760551922135,0.013528584962297177,True,-0.10175681990612911,0.021945454317027196,True,True,0.8232445729402362,0.0,0.1243990850823799,0.00736555623319347,True,0.2592499716648532,0.010613900326290466,True,0.024671547786194216,0.0035778092941284733,True,0.062290247007590276,0.005687153904180722,True,0.13618743793761082,0.008182719289867703,True,0.2042198259258084,0.011780789511001803,False,0.11336600899538199,0.007377392070650149,True,0.22559654871981827,0.013580508428909075,True,-0.011788352855230916,0.010960250715852212,True,0.0550301457390448,0.015782032309495944,False,-0.08869446120918778,0.008198051693481968,True,-0.16330630171222799,0.014698497140258419,True,0.0,never/readmission/2/2,0.127738368687993,0.007548884485601811,True,0.2768587719329377,0.011192061904690121,True,0.15403939859672985,0.009100678886835297,True,0.2535668888812874,0.014953038032643438,False,0.023291883051650253,0.018577482573346737,False,True,1.1194367408752441
1173,-0.0842001264494388,-0.12342545361460766,0.13849534942076427,0.008709686864835578,True,0.29029431406325823,0.013733922545757426,True,0.25103433369844186,0.010499798505421126,True,0.4585403803486664,0.01612129349563325,True,-0.11253898427767758,0.013307766331957125,True,-0.16824606628540817,0.021696171550350352,True,True,0.8051262356830338,0.0,0.12388342646667774,0.0073297641547041,True,0.2577516857048576,0.010452662627275653,True,0.030847709693682154,0.0038319993238577934,True,0.06640775754773384,0.005848016924291525,True,0.14892243911883363,0.00839412196190867,True,0.24122581579146743,0.012736709009693769,True,0.11325855986668916,0.007303670776990597,True,0.22417163073216745,0.0130020411039136,True,-0.025039012652155884,0.01105994464589507,True,0.016525869913390195,0.016344166959579003,True,-0.082410850173007,0.008245573223221342,True,-0.1577638731844336,0.014237400596358363,True,0.0,always/death/2/2,0.12818672811774243,0.0075584521920400586,True,0.2755533585567041,0.01107784535027086,True,0.168937190155004,0.009419022155402834,True,0.3025162094672685,0.017088965732227616,True,-0.026962850910564384,0.02020918408560506,True,True,1.1221528053283691
1174,-0.05760593634055847,-0.07751352526822791,0.1515882812344564,0.009191352001536462,True,0.33185334517060233,0.01382951708062505,True,0.23636956083940827,0.010317886579021798,False,0.42190771357044404,0.01674733812502689,False,-0.08478127960495188,0.013187661461792795,True,-0.09005436839984171,0.021862485906010563,False,True,0.8465170097749755,0.0,0.1185096049750838,0.007344748677459215,True,0.24922326700843922,0.010738747662090447,True,0.03025640290004575,0.004314346339352924,True,0.07017262604275432,0.006554070250641145,True,0.15338378049168472,0.008567481117620217,True,0.2566405907394968,0.013014807283207907,True,0.10682731313606815,0.007164613955772469,True,0.20978541374752246,0.012708208170980749,True,-0.03487417551660092,0.011221919565829568,True,-0.007417323731057579,0.01676470106816925,True,-0.0765709102360224,0.008365924338475852,True,-0.13961278770476815,0.014291601935099417,True,0.0,never/readmission/2/2,0.12197823355972934,0.007544952045222272,True,0.26606765182354397,0.011355435346348638,True,0.17286890422645157,0.009444489923121482,True,0.313924786393044,0.017432732846471066,True,-0.047857134569500026,0.02068461564005306,True,False,1.2355058193206787
1175,-0.05842577234086668,-0.09406123360120888,0.16428072525711993,0.009375718631099563,True,0.32473514215623234,0.013642662868564272,True,0.2584234397796058,0.010741662433607151,True,0.44491640427364315,0.016727297330251977,True,-0.09414271452248588,0.013886975699578145,True,-0.12018126211741081,0.02125244276483337,True,True,0.7840153093834614,0.0,0.11486427653203764,0.007015962166732118,True,0.2634673369247792,0.011051601006201471,True,0.03429084864777157,0.004162507656518847,True,0.07285856036972467,0.006378475886362602,True,0.14416146433561275,0.008220865591614165,True,0.25014379346536264,0.012944708249928473,True,0.09626015128448195,0.0068383098339916855,False,0.20264145996862298,0.012279596991471674,True,-0.02929718780357511,0.010720594110675098,True,0.013323543459416554,0.016895223113096377,True,-0.06196930263671038,0.008003053718675502,False,-0.12978289959889833,0.013822425548201154,True,0.0,never/death/2/2,0.11937107363717663,0.007255911517744909,True,0.2833811603588748,0.011680475409199012,True,0.16070564498464182,0.009044148778605422,True,0.30680635831150554,0.01617354132786972,True,-0.02342519795263076,0.019793570074594712,True,True,0.9216465950012207
1176,-0.10242140386711193,-0.1552270867430442,0.13370974893492651,0.00785212539244489,False,0.286587080779428,0.013565970216784849,False,0.26753819101773024,0.010119930646083906,True,0.46312924528012983,0.015379837946815814,True,-0.13382844208280373,0.01221131359528422,False,-0.17654216450070181,0.01901881589227942,False,True,0.8020826396356686,0.0,0.11891031372546877,0.006960961158591322,True,0.24168350759556528,0.00993152388446662,True,0.027347119502463706,0.0037151289494141283,True,0.07036061783053497,0.006089087715274506,True,0.14083633173970928,0.008524522902086431,True,0.2344994367026632,0.0130701781195475,True,0.10683819975564629,0.007367570696785745,True,0.20233476494031122,0.012830120208352426,True,-0.021926018014240503,0.010899308141718585,True,0.0071840708929020725,0.01623279896002612,True,-0.07949108025318258,0.008250751484152644,True,-0.13197414710977623,0.014188268955946244,True,0.0,never/readmission/2/2,0.12233861247041412,0.00714734120998537,True,0.2588389469175102,0.010504761672650768,True,0.15927700864296976,0.009459588788703404,True,0.28887026468839583,0.016952372382954974,True,-0.030031317770885635,0.01972784617924073,True,True,1.0486302375793457
1177,-0.0662486791343875,-0.1058342662078306,0.15932860970689136,0.008550177079904414,True,0.3356359342326245,0.012642560480278201,True,0.25666531531897124,0.011134361898491502,True,0.4679858627792356,0.018400315558920074,True,-0.09733670561207988,0.01349424049103366,True,-0.1323499285466111,0.021258249976669495,True,True,0.8303607578894547,0.0,0.10907506523239131,0.00666620258546769,True,0.24665712547996135,0.010313373497896173,True,0.028158385344619688,0.0037001121908737393,True,0.06004541090799961,0.005504745205208016,True,0.14904669242480947,0.008643983049527485,True,0.2472318278953116,0.01327016501274457,True,0.11033381549723278,0.007453208925737176,True,0.2042699642636221,0.013129229440871084,True,-0.03997162719241816,0.010815529733079369,True,-0.0005747024153502367,0.016705246164953853,True,-0.0821754301526131,0.008317827103379817,True,-0.14422455335562248,0.014221985842781932,True,0.0,never/readmission/2/2,0.1126787386915916,0.006861777648171724,True,0.26338838803548814,0.0108628268167762,True,0.16900165888361512,0.009702918651496865,True,0.2987178470780475,0.01826451047462436,True,-0.03532945904255935,0.02114298065598634,True,True,1.0688540935516357
1178,-0.07961664364798976,-0.13543662646788895,0.14336885886532605,0.007926692140066622,True,0.3077270046998337,0.012191385420336036,True,0.26030218869192634,0.01054003571058386,True,0.4608508458876508,0.019461956462245165,True,-0.11693332982660029,0.013680167223528238,True,-0.15312384118781708,0.02285561124579841,True,True,0.7571089613907086,0.0,0.11452186271604609,0.0068850412033416315,True,0.24718130851234077,0.010218676183823267,True,0.03125593788690699,0.0038463442080469944,True,0.06471429293073379,0.005951590224604696,True,0.13726678895410716,0.008145928040309083,True,0.27823299993488665,0.013879670154213932,False,0.11556223588336385,0.0074970594361938505,True,0.20867506116177906,0.012573682902033636,True,-0.02274492623806107,0.010593982088916694,True,-0.03105169142254588,0.016995555163148695,True,-0.08430629799645686,0.008418188406549443,True,-0.14396076823104526,0.013893976790233692,True,0.0,never/death/2/2,0.11876642553783168,0.007109654570663867,True,0.2637822287861113,0.010811606001367997,True,0.1569364261965318,0.009240647413079086,True,0.3535377244984088,0.017074896630361984,False,-0.08975549571229752,0.01989597005962455,False,False,1.0616066455841064
1179,-0.0809026505240816,-0.14110493838858407,0.15478707284859877,0.00817875035136421,True,0.3276710636049851,0.013340116220687114,True,0.2671150043771003,0.01155281940291351,True,0.47973758689116297,0.015989588410841672,True,-0.11232793152850151,0.01445424030357787,True,-0.15206652328617787,0.01970117645943953,True,True,0.815051319478305,0.0,0.11382393125303093,0.0070456424907036404,True,0.24357955132838532,0.01053822650611754,True,0.030777886186603532,0.003948338451572363,True,0.07416967837738431,0.006457211037053591,True,0.1463795995851743,0.008349484464578071,True,0.2263159518960241,0.012661877937791112,True,0.12279298402876743,0.00769701978822792,True,0.2242781816395982,0.01333686319708031,True,-0.032555668332143364,0.010859001937127697,True,0.01726359943236122,0.016359252193048235,True,-0.0920150978421639,0.00864943485765145,True,-0.1501085032622139,0.014802989238166597,True,0.0,always/death/2/2,0.11771645344731027,0.007258653160108385,True,0.2620127244164695,0.011185309583308184,True,0.16796814908208066,0.009389538194888235,True,0.27968178132554633,0.017369452529963123,True,-0.01766905690907683,0.020521231480571944,True,True,0.9534261226654053
1180,-0.07759197324414716,-0.14724228202727607,0.1589980289041834,0.008775477845591347,True,0.31964056119778833,0.01243525661480352,True,0.26199122872493563,0.009626920503299288,True,0.47832988265984205,0.01815376118434569,True,-0.10299319982075222,0.013223058582753746,True,-0.15868932146205372,0.021104464603476703,True,True,0.7973039595032145,0.0,0.12339081912636495,0.007333030929467611,True,0.24720563408151935,0.010251049030946284,True,0.037472947662488224,0.004340119644996571,True,0.07715329863783063,0.006493710635011425,True,0.1410127683710042,0.008377149823734376,True,0.2571426413653529,0.013578940219247795,True,0.10694056746148128,0.007337449757346293,True,0.1947300508825132,0.012473006011314899,True,-0.017621949244639265,0.01108265143861109,True,-0.009937007283833565,0.016848672493789414,True,-0.06946761979899306,0.00852447816420672,True,-0.11757675224468256,0.014048821041105356,True,0.0,never/death/2/2,0.12818101011492894,0.007590791094299459,True,0.2666631534941495,0.010915951667494763,True,0.15919527094422947,0.009338941082553018,True,0.31994208845087224,0.017368756715313214,True,-0.05327893495672276,0.020304203573710936,True,False,0.9984676837921143
1181,-0.07363175734430522,-0.12087412962929817,0.14618259892547752,0.00834429774646716,True,0.3161524736930943,0.011648021487438326,True,0.25668852314862955,0.010361746760079055,True,0.4515269551077206,0.017662036223456832,True,-0.11050592422315203,0.01345861222377163,True,-0.13537448141462632,0.02193446206085986,True,True,0.7976937145245029,0.0,0.1164466299061869,0.006998066855926993,True,0.2584762756645551,0.010400439588711213,True,0.03269880681691704,0.004024999913559856,True,0.06157729257438331,0.005617337757972457,True,0.14073239118246364,0.008463104041270871,True,0.23772405493849272,0.013165288729202803,True,0.12557813324763994,0.007856067268524725,True,0.22380656926073458,0.012792125439274308,True,-0.02428576127627674,0.01090045779885989,True,0.020752220726062393,0.01663104073749058,True,-0.09287932643072291,0.008826783601177978,True,-0.1622292766863513,0.013961577511846087,True,0.0,never/death/2/2,0.12039244521672424,0.00722530705192155,True,0.2764368595935488,0.011022123880732112,True,0.16275613061586428,0.00958816743603811,True,0.3020098414300377,0.01746823482077534,True,-0.025572981836488873,0.02047437025776772,True,True,0.9715907573699951
1182,-0.06789624764123789,-0.10798679439771064,0.1558807413601918,0.008620710050728338,True,0.31822553322458086,0.014083941103241886,True,0.25227353013944054,0.01162115038297995,True,0.4478508235353328,0.01684846621349512,True,-0.09639278877924873,0.013618200678003248,True,-0.12962529031075193,0.021472935704495832,True,True,0.8185511861000312,0.0,0.12390072627980094,0.007183171609526456,True,0.25689724285981447,0.010360842150230356,True,0.029009287940964357,0.0037530634070599674,True,0.06267425960652558,0.005764538646675882,True,0.15496245098996175,0.008672505642207668,True,0.256841669444477,0.013182211263064602,True,0.1233269114575849,0.007728404851318822,True,0.21118437381348537,0.012614585772778106,True,-0.031061724710160818,0.011175128855876931,True,5.557341533746207e-05,0.016568747549512652,True,-0.09431762351662054,0.008591700243991158,True,-0.1485101142069598,0.013860787804137407,True,0.0,always/death/2/2,0.12758835448956143,0.0073869227898183815,True,0.27285652001934296,0.010920957996678377,True,0.17835813995532926,0.009786329206550863,True,0.32492185136715307,0.016920133499738737,True,-0.052065331347810107,0.019894748498232254,True,False,1.0331001281738281
1183,-0.10324974806246084,-0.16419182739983884,0.14846933085755099,0.008509424884157719,True,0.29755393618980736,0.012420842531924107,True,0.28028458038262954,0.012010539203549128,True,0.47555554486861806,0.017300149888699694,True,-0.13181524952507856,0.015249282507616221,True,-0.1780016086788107,0.022013286090642327,True,True,0.8105500985603127,0.0,0.12843703286136116,0.007491034124598139,True,0.2630892479042733,0.010729730034264294,True,0.032426582612093656,0.004058537366702519,True,0.06953663329369926,0.00622042726350902,True,0.1409944496241605,0.008150567075436859,True,0.26924936264225435,0.01356818407151047,True,0.1052594755899559,0.007011567246320621,True,0.19177409843170337,0.012534878797902237,True,-0.01255741676279934,0.011009512056894868,True,-0.0061601147379810595,0.01709800403945795,True,-0.07283289297786225,0.008101522229014349,True,-0.12223746513800411,0.01398552378322725,True,0.0,never/death/2/2,0.1328184449788876,0.00772969654614591,True,0.28031559904662756,0.011338749600119954,True,0.15802616812618828,0.00901715262599736,True,0.33174948512158026,0.016519386406037933,True,-0.051433886074952695,0.019791177270992562,True,False,0.9748539924621582
1184,-0.08859964012188837,-0.1745160978322634,0.13609761054966624,0.00818113945921037,True,0.2942281999503798,0.01246812409194965,True,0.24658716914654236,0.01003939634239292,True,0.45738062269058755,0.016740323562743038,True,-0.11048955859687612,0.013451339943509114,True,-0.16315242274020775,0.01980512118784211,True,True,0.8147491991975893,0.0,0.12191230767006878,0.007074337923786228,True,0.2634032493809317,0.010633512354341419,True,0.028580935234516814,0.003657310475803086,True,0.06455398850177135,0.005752437357532377,True,0.15355462273228251,0.008442282136946073,True,0.22746024474962218,0.01143366824322271,True,0.11191489425001011,0.007321874121168525,True,0.20142512552302233,0.012065812728631315,True,-0.03164231506221374,0.010925579488484582,True,0.035943004631309505,0.015482320393459842,False,-0.0833339590154933,0.008181659253658205,True,-0.13687113702125098,0.013351446210680944,True,0.0,never/readmission/2/2,0.1260446298618585,0.007279505204866175,True,0.28213603785671454,0.011213396876499228,True,0.17385207718951468,0.00942558225640488,True,0.27112235307265914,0.01422355404396743,False,0.0110136847840554,0.017956454176032907,False,True,0.9637565612792969
1185,-0.07279857153841554,-0.1394940432416532,0.15158316451471507,0.008341686611252137,True,0.2990038109932231,0.012687769420559993,True,0.2496301139460675,0.010986382046328394,True,0.4471612428531904,0.015939133088189297,True,-0.09804694943135242,0.013487727155615808,True,-0.14815743185996733,0.019738159910322083,True,True,0.8307784980491002,0.0,0.1152383908244501,0.006922261415849149,True,0.25885277281707875,0.010320824615564852,True,0.028167573390782578,0.0037476748406508552,True,0.06543028601797916,0.005906357007368049,True,0.13939150284106125,0.008153997380363138,True,0.2393700297245822,0.013076547156037824,True,0.10419059553607138,0.006974639755331179,True,0.19677208652754888,0.012228118076113305,True,-0.024153112016611147,0.010601114793182678,True,0.019482743092496535,0.01646947964601956,True,-0.0760230221452888,0.007917844214054956,True,-0.13134180050956973,0.01357027872065123,True,0.0,never/readmission/2/2,0.11890996987267545,0.007120878302992898,True,0.2780672502855767,0.01092970724385179,True,0.1556531545852241,0.009046226215622458,True,0.2946938539666256,0.016257247139431958,True,-0.0166266036810489,0.019357612353429067,True,True,1.0964419841766357
1186,-0.08010982437187325,-0.113861580699676,0.1525530412651937,0.00834803633039204,True,0.3299965782503123,0.012896034220732867,True,0.262666231906305,0.010924960848802505,True,0.46051634732694996,0.017269645444005846,True,-0.1101131906411113,0.013302714036764404,True,-0.13051976907663765,0.021158756982063123,True,True,0.8365337199661121,0.0,0.120034830073226,0.007116465540640361,True,0.25206101696381433,0.010363014402381427,True,0.028931078079551368,0.003824412305772534,True,0.06997401491588898,0.006263955307915385,True,0.140680503030594,0.00815323351715357,True,0.22984587563333872,0.012793517125316919,True,0.10856704871858014,0.007150002347257441,True,0.23185679261263525,0.01303072118749822,True,-0.020645672957368008,0.01073313552825749,True,0.022215141330475613,0.016309358645820348,True,-0.07963597063902877,0.008108052127702336,True,-0.16188277769674628,0.014445018654885141,True,0.0,never/readmission/2/2,0.12364248073839096,0.007318216671200761,True,0.26987394659362973,0.010978654935149776,True,0.1586380462398401,0.009098231102238594,True,0.3001932083429425,0.016140590194877624,True,-0.030319261749312765,0.019307851115186972,True,True,0.8944916725158691
1187,-0.06027762690276603,-0.10073579484113138,0.1569855334555599,0.008734862810588098,True,0.3098627528838815,0.013579878064018901,True,0.24906010072445103,0.010142248527741773,True,0.4428737217312822,0.01580457961100338,True,-0.09207456726889113,0.013875090269843073,True,-0.1330109688474007,0.020748728851994868,True,True,0.806452602887598,0.0,0.10787176763876832,0.00684036558180105,True,0.22464653338715634,0.010038092494958352,False,0.030055864114095634,0.00399773091762114,True,0.07533606282662,0.0064011214100088976,True,0.15113393209257425,0.008475098003484331,True,0.2564604895395694,0.012814957107580105,True,0.11174490734210768,0.00729211226167103,True,0.2236663813393564,0.01264794708535005,True,-0.04326216445380593,0.010825209092601743,True,-0.03181395615241306,0.016144827485774168,False,-0.08168904322801204,0.00831455668949475,True,-0.1483303185127364,0.014155307852597008,True,0.0,never/readmission/2/2,0.11143632411307004,0.0070460716843168845,True,0.24263849760268955,0.010716012069109151,False,0.1706561965658366,0.009493916469044194,True,0.32513607660537336,0.016227627525411813,True,-0.08249757900268381,0.019271417369831602,False,False,0.9906449317932129
1188,-0.0504876616532868,-0.08617578954807542,0.16754543941299915,0.009192183423883211,True,0.34893821595114616,0.014563171540885713,False,0.24689077373485352,0.010599574666231038,True,0.4658292970071933,0.016288826131147238,True,-0.07934533432185437,0.014210505849618978,False,-0.11689108105604712,0.021744567017250145,True,True,0.8320408491834793,0.0,0.11004208292218522,0.006861934188781604,True,0.2317094703979405,0.010358580722299424,True,0.031823810137250226,0.003911405551200918,True,0.07347735979889289,0.006580917497054729,True,0.13124096537805033,0.008082767309865306,True,0.23491268573576185,0.01310345290029282,True,0.10307942052240066,0.007105599616720852,True,0.19886885879143726,0.012355374630656599,True,-0.021198882455865112,0.01052044426543715,True,-0.0032032153378213635,0.016541794354100102,True,-0.07125561038515044,0.008106109194459482,True,-0.12539149899254437,0.013985149082565157,True,0.0,always/death/2/2,0.1141816522506692,0.007086875361073861,True,0.2499855407676859,0.010967968121221435,True,0.14769714533702782,0.009004543280824418,True,0.29054132930378446,0.017277008585930214,True,-0.040555788536098564,0.020262441142533606,True,False,0.9768280982971191
1189,-0.05144017092413364,-0.08326680401751224,0.1456257049749908,0.008251930325502053,True,0.32159875732280047,0.012992087842293576,True,0.22449798296698686,0.009788059379467872,False,0.434302501152168,0.016252034854669507,True,-0.07887227799199606,0.012821836278172804,False,-0.11270374382936754,0.021488656403611795,True,False,0.7858816337270836,0.0,0.13132732363349117,0.007690716413165431,True,0.2467578835042823,0.010341226958494388,True,0.03269574297959966,0.004008026535454143,True,0.07610564252185557,0.0065522585564063785,True,0.15026334021534724,0.00852785037206793,True,0.23942832726752084,0.012345642793696893,True,0.11412102290534838,0.007399302558062018,True,0.2164513583901265,0.012469650368870626,True,-0.018936016581856063,0.011383267609395635,True,0.007329556236761459,0.01590147142259128,True,-0.08142527992574872,0.008411115699971732,True,-0.14034571586827094,0.014077276989561209,True,0.0,never/death/2/2,0.13618612007804964,0.007938906984564089,True,0.2656680830679437,0.010977833837884579,True,0.17106311410373826,0.00954411754185122,True,0.29433855259379677,0.015803211120299053,True,-0.02867046952585306,0.01900027241773868,True,True,0.9404008388519287
1190,-0.10287217850318989,-0.13070823079026522,0.13119532398298617,0.007729856692250217,False,0.30651072003164354,0.012667704167680193,True,0.2639400671123847,0.01049778633803411,True,0.4633245398725558,0.01614215968817993,True,-0.13274474312939855,0.01345131937135701,True,-0.15681381984091225,0.021182571256002834,True,True,0.838830155621717,0.0,0.11485572060814801,0.00696786517443677,True,0.23200803773281534,0.010077305820690772,True,0.026562922648140305,0.003596970593128045,True,0.06857575357134525,0.006011042469313004,True,0.14395776366014526,0.00842541107543985,True,0.226373166583791,0.013354004551659046,True,0.11618017997497615,0.007511283329889982,True,0.22106213611938239,0.013277599984073499,True,-0.029102043051997248,0.010861415756415877,True,0.005634871149024334,0.016610106703311128,True,-0.08961725732683584,0.008329082464682324,True,-0.15248638254803715,0.014559854161158523,True,0.0,never/readmission/2/2,0.11828255269128429,0.007157459259612822,True,0.2480809138137667,0.010675041864461514,True,0.16378078757017198,0.009540269742503492,True,0.2866757833916767,0.016170379528101384,True,-0.03859486957791,0.019190755698316915,True,False,0.9428119659423828
1191,-0.09172571809599014,-0.12329212246564464,0.1362661504318467,0.008350625073488384,True,0.3109797890081992,0.012478456669651696,True,0.2608514192289757,0.01091672165416636,True,0.4486354516429759,0.018836880581074095,True,-0.124585268797129,0.013518221210680503,True,-0.1376556626347767,0.021671735084401556,True,True,0.8035213036828517,0.0,0.1193999802361524,0.0072024253034237715,True,0.2503983135529664,0.01051499630608263,True,0.03569435764895423,0.004256528950413595,True,0.07461234406742279,0.006356044706042999,True,0.14316404097338373,0.008224037349552198,True,0.2309033430015492,0.0130206181521307,True,0.11806877732128436,0.007353742449690276,True,0.2321747744609991,0.014104748910131441,True,-0.02376406073723132,0.010856819586709473,True,0.01949497055141719,0.016584280211177048,True,-0.08237441967233014,0.008494696702147293,True,-0.1575624303935763,0.01545173514118159,True,0.0,never/death/2/2,0.12431114862732096,0.007465092416373309,True,0.2705383366811956,0.011190013115722255,True,0.16301720518261953,0.009278534447462298,True,0.29436821397478424,0.01987055440635366,True,-0.023829877293588653,0.022613084122590645,True,True,1.004992961883545
1192,-0.09182863366346869,-0.11363865061708928,0.1586090396907109,0.009528174919980235,True,0.33989657153323244,0.014132999555059915,True,0.28016750153155945,0.011054668776068036,False,0.47469200392434696,0.016654748645341454,True,-0.12155846184084854,0.014942100734760934,True,-0.13479543239111452,0.02168866347827169,True,True,0.8280519375854323,0.0,0.10797239969395776,0.006695113188463059,True,0.24710378279680803,0.010271865098366648,True,0.03774696560826307,0.004405274570961113,True,0.07469993604570907,0.006389847678593192,True,0.1497892644269749,0.008628586925025215,True,0.24665045399654587,0.013752250575938993,True,0.11260427212010572,0.007493159850733813,True,0.19807343046512493,0.013268575448792067,True,-0.04181686473301714,0.010843435409066675,True,0.00045332880026216493,0.01701001041179724,True,-0.07485730651184265,0.008693549930563628,True,-0.12337349441941586,0.014714148367204546,True,0.0,never/readmission/2/2,0.11213101841420701,0.006942322215332153,True,0.26687986950630926,0.010938140076774442,True,0.1707854709400182,0.009614675250680408,True,0.3049452763468549,0.01850899978200983,True,-0.03806540684054566,0.021304665625999506,True,True,1.1152269840240479
1193,-0.08189830508474577,-0.11245093866742328,0.15272839144550251,0.008640826597678508,True,0.319584341272242,0.013068457261318393,True,0.2675108590902089,0.010492804001507558,True,0.4547643489249031,0.016115864646145478,True,-0.11478246764470637,0.012872269538416772,True,-0.13518000765266108,0.020808560680874166,True,True,0.8018860793904908,0.0,0.10795083097212776,0.00686493586527058,True,0.2376826061449805,0.010402309793588374,True,0.03172878491870794,0.004116412672613407,True,0.0774787548580556,0.006760114587077661,True,0.15553488003925767,0.008567571298724609,True,0.2577942026611227,0.0130449439563162,True,0.10239601221810134,0.006888792527017594,True,0.20338079585166075,0.012890254050718048,True,-0.0475840490671299,0.010889672041102054,True,-0.020111596516142194,0.016515218990790295,True,-0.0706672272993934,0.008025108395714162,True,-0.12590204099360514,0.014554282615709634,True,0.0,never/readmission/2/2,0.1114650874680713,0.0070758956804107655,True,0.2553170129711749,0.011049535799141558,True,0.1730533912684394,0.009430852970853701,True,0.31740772793358063,0.01549599572399756,True,-0.06209071496240576,0.01881617344113767,True,False,1.1047992706298828
1194,-0.08526513612352701,-0.13895592130592943,0.14242973436828754,0.008203788811085905,True,0.3023066131199928,0.014181921979885825,True,0.2558377374187394,0.01103042611197095,True,0.4493602751252729,0.015556509638745697,True,-0.11340800305045184,0.012918685297232987,True,-0.14705366200528008,0.02014932899324686,True,True,0.8521270106916382,0.0,0.10126899370869794,0.006509921785541915,False,0.24058721732181762,0.010319097846078531,True,0.028324065594271104,0.003784183975041599,True,0.05910485622326124,0.005626315461864729,False,0.13299889617394406,0.00800487808463419,True,0.22933073650744418,0.012624046772815433,True,0.11924433526211865,0.007411797129651346,True,0.2094350877807228,0.012653050055815778,True,-0.031729902465246124,0.010213016422278615,True,0.011256480814373443,0.016093837323919162,True,-0.09092026966784755,0.00831823608277006,True,-0.15033023155746156,0.013840243353739068,True,0.0,never/death/2/2,0.10443083344369748,0.00669993444406202,False,0.2562074736533048,0.010871108055213411,True,0.15180895112828566,0.009029315209901639,True,0.28178503407805494,0.017720033597448125,True,-0.025577560424750123,0.020562577178082686,True,True,1.1119332313537598
1195,-0.08286406183063608,-0.15008854099067442,0.14218892155716872,0.008055327803481269,True,0.3008535974654712,0.01264881822688876,True,0.2491826744515978,0.010464070973630626,True,0.45895895786836954,0.015373634227444304,True,-0.10699375289442908,0.013814752766918712,True,-0.15810536040289835,0.019478324116108676,True,True,0.8220635440191996,0.0,0.10882622543930447,0.006758238111268838,True,0.2288962464745187,0.009829493519938491,True,0.030429133904004965,0.0038738996464438113,True,0.06693726060412379,0.006151403824026311,True,0.14781719969024795,0.00841856687334964,True,0.2427277772838285,0.012838476936075746,True,0.1198595272551608,0.007592681237324976,True,0.23305227234653414,0.013298077929377927,True,-0.038990974250943486,0.010695614243482915,True,-0.013831530809309794,0.015981709644346333,True,-0.08943039335115584,0.008521366146534681,True,-0.16611501174241033,0.014644497224369736,True,0.0,never/death/2/2,0.11246206171068264,0.0069655202812359115,True,0.24436585003548544,0.010411496958343681,True,0.17013001244109172,0.009533349742422864,True,0.3117777481240423,0.016920351005174198,True,-0.06741189808855685,0.0196351658676827,True,False,0.7206692695617676
1196,-0.09726808968292372,-0.1544985469426487,0.13807713130110602,0.008280391739740437,True,0.2946816995244183,0.012064797430454861,True,0.26530968939059696,0.010262666808203036,True,0.457392933247749,0.015936601542240796,True,-0.12723255808949094,0.013609508497210487,True,-0.16271123372333068,0.01977303485375919,True,True,0.8585985635302166,0.0,0.11201443824374611,0.006945653558181308,True,0.2402460869142341,0.01024205545564271,True,0.028848910964216188,0.0038852080200449048,True,0.06738882110636031,0.006148712034082777,True,0.13398243122860043,0.007991569107685604,True,0.23724713003745196,0.013082752915939317,True,0.10623440488066048,0.00714941056145888,True,0.20775699198855274,0.012614320139660358,True,-0.021967992984854315,0.010518484555399119,True,0.002998956876782144,0.016486074808969638,True,-0.0773854939164443,0.008136532318795122,True,-0.14036817088219244,0.014021597656316961,True,0.0,never/readmission/2/2,0.11535473544172134,0.0071420070336294566,True,0.2561699506095276,0.010823106870967292,True,0.15155624457566347,0.00886121469113425,True,0.29032353059025523,0.01961220693296037,True,-0.034153579980727655,0.02227470909789122,True,True,1.108687400817871
1197,-0.08619166243879081,-0.12354791565075368,0.13809917450059964,0.008148247738260386,True,0.30209096546628955,0.013093515207473455,True,0.24728052702725228,0.010770765018570957,True,0.45937798732027557,0.015791010961401033,True,-0.10918135252665265,0.0143562230923908,True,-0.15728702185398602,0.020929281739602405,True,True,0.8362112824906434,0.0,0.12592160917825987,0.0071650355180405655,True,0.250982515166435,0.010453685287637803,True,0.03339394282840461,0.004057553753107971,True,0.07997831129080976,0.006683867543333138,True,0.16117675737089385,0.008747730035000088,True,0.27457867771204325,0.01376037984190402,False,0.1176480899851015,0.007559853605990372,True,0.20775083882244613,0.012824980164564457,True,-0.03525514819263398,0.011196329744373387,True,-0.023596162545608257,0.017080530068445243,True,-0.08425414715669688,0.008581618705753104,True,-0.12777252753163637,0.014456860602416782,True,0.0,never/readmission/2/2,0.13027655579001612,0.007391423305051778,True,0.2704425982243014,0.011141785917703281,True,0.18314980422043828,0.009735831531710573,True,0.3374492798667004,0.0208661002999237,True,-0.06700668164239904,0.02345589336558086,True,False,1.221219539642334
1198,-0.06303961713729803,-0.09325138962037877,0.15480867672474957,0.008306361674631176,True,0.32734400816426584,0.013674694320422138,True,0.24354898120012478,0.010704148949282087,True,0.4441192840750898,0.015939082782589507,True,-0.0887403044753752,0.013026895345954843,True,-0.11677527591082398,0.020507295160454363,True,True,0.7885926838167188,0.0,0.1316179351964265,0.007492509073305338,True,0.2488236549188075,0.010307806513900073,True,0.026123477386414046,0.003533947657164894,True,0.06792748473712824,0.006040209263446649,True,0.16554505690266413,0.008848744268467199,False,0.25364189055729436,0.013466174070713778,True,0.11044038769096456,0.007359979448723003,True,0.20507681045719375,0.01362891778251122,True,-0.03392712170623763,0.011498174515936056,True,-0.004818235638486851,0.01678947511764346,True,-0.08431691030455052,0.00816048300149279,True,-0.1371493257200655,0.014887628792620188,True,0.0,never/death/2/2,0.13567810998712174,0.007694055859122096,True,0.266675992694108,0.010917224864739313,True,0.18768939017437258,0.00982266845745929,False,0.3103790653621072,0.01782754201767432,True,-0.043703072667999165,0.020702488616269624,True,False,1.1217856407165527
1199,-0.07424297969059315,-0.10962964243748552,0.14728611913830814,0.008658351437843053,True,0.3173407474034192,0.01316405390656163,True,0.25306751158360097,0.010353947788276682,True,0.4452705538245516,0.017080836635841232,True,-0.10578139244529283,0.01267556731587099,True,-0.12792980642113239,0.021743753867311956,True,True,0.834868804115632,0.0,0.11572303156536148,0.006990918277318113,True,0.2355208832496733,0.010055019753198412,True,0.02720566892542436,0.0037089120290146145,True,0.06911505536836052,0.006189143714791972,True,0.15394254352119294,0.008657316301084163,True,0.2485061173639506,0.014126149172919936,True,0.12541162767994649,0.007668994612293972,True,0.22878848758799378,0.01345995841830603,True,-0.03821951195583145,0.01102064910745805,True,-0.012985234114277294,0.017169721280489186,True,-0.09820595875452212,0.00852079206674195,True,-0.15967343221963326,0.014802358456155271,True,0.0,never/readmission/2/2,0.11934205807074028,0.007180558584178061,True,0.25188037868852736,0.010665587235319655,True,0.1756068451029696,0.009796151174660761,True,0.3226640459027259,0.017608984419609376,True,-0.07078366721419854,0.02036555617358611,True,False,0.8542792797088623
