seed,configuration,positivity_warnings,other_warnings,capped_psi,capped_se,capped_lo,capped_hi,capped_truth,uncapped_psi,uncapped_se,uncapped_lo,uncapped_hi,uncapped_truth,one_psi,one_se,one_lo,one_hi,one_truth,gap_psi,gap_se,gap_lo,gap_hi,gap_truth,attention,capped_ess,capped_max_ratio,uncapped_ess,uncapped_max_ratio,one_ess,one_max_ratio,seconds
9000,boosted40,2,,0.7851519904,0.01397985217,0.7577519837,0.8125519972,0.7760761197,0.8140631611,0.01411662114,0.786395092,0.8417312301,0.8124998474,1.787140156,0.02672700069,1.734756197,1.839524114,1.749999695,0.02891117064,0.00471454207,0.01967083798,0.0381515033,0.03642372769,,0.4223072741,19.96034001,0.4448565766,19.26300515,0.1804838773,55.4386692,3.3943414
9001,boosted40,2,,0.8159415988,0.01176152003,0.7928894431,0.8389937544,0.7760761197,0.8469485602,0.01131077961,0.8247798396,0.8691172809,0.8124998474,1.801789614,0.01898461553,1.764580451,1.838998777,1.749999695,0.03100696148,0.004885083047,0.02143237464,0.04058154831,0.03642372769,,0.6122208618,9.041669514,0.6478893261,8.041669514,0.359986978,17.44983827,3.4969922
9002,boosted40,2,,0.793353634,0.01160092679,0.7706162353,0.8160910327,0.7760761197,0.815786835,0.01152374555,0.7932007087,0.8383729612,0.8124998474,1.771140067,0.01923263277,1.733444799,1.808835334,1.749999695,0.02243320095,0.004064848329,0.01446624462,0.03040015728,0.03642372769,,0.6136625349,9.512351753,0.6337018362,9.512351753,0.3471770532,18.53847321,3.5093596
9003,boosted40,2,,0.7714487468,0.01464432002,0.742746407,0.8001510866,0.7760761197,0.8022873705,0.01476161953,0.7733551279,0.8312196131,0.8124998474,1.706775707,0.02497316241,1.657829209,1.755722206,1.749999695,0.03083862374,0.00531798259,0.02041556939,0.04126167808,0.03642372769,,0.454395692,29.47466937,0.4734208974,29.47466937,0.265213565,40.11415249,3.1324
9004,boosted40,2,,0.7713882818,0.01155843638,0.7487341628,0.7940424008,0.7760761197,0.7991743068,0.01135042743,0.7769278779,0.8214207358,0.8124998474,1.725559198,0.02094438786,1.684508952,1.766609444,1.749999695,0.02778602501,0.004382435081,0.01919661008,0.03637543993,0.03642372769,,0.469686956,31.00394432,0.4933166208,31.00394432,0.2212424611,38.67335318,3.2325404
9005,boosted40,2,,0.7658301315,0.01100149199,0.7442676034,0.7873926596,0.7760761197,0.7957382282,0.01085952655,0.7744539473,0.8170225091,0.8124998474,1.709095635,0.01893939844,1.671975096,1.746216174,1.749999695,0.02990809669,0.004427031695,0.02123127401,0.03858491937,0.03642372769,,0.5984115021,12.8411708,0.6375541536,11.8411708,0.3612153661,20.38112113,3.767235
9006,boosted40,2,,0.7888672919,0.01183396394,0.7656731488,0.812061435,0.7760761197,0.8206440131,0.0112055379,0.7986815624,0.8426064638,0.8124998474,1.719294694,0.01997152907,1.680151216,1.758438172,1.749999695,0.03177672123,0.004784955156,0.02239838145,0.041155061,0.03642372769,,0.5764304327,12.39761695,0.6184890107,11.39761695,0.2880884832,38.62690095,3.3464215
9007,boosted40,2,,0.7948831659,0.01092262385,0.7734752166,0.8162911153,0.7760761197,0.8319996228,0.01109137016,0.8102609367,0.8537383088,0.8124998474,1.688024429,0.01858568982,1.651597147,1.724451712,1.749999695,0.03711645683,0.00553949321,0.02625924965,0.04797366401,0.03642372769,,0.5485368048,16.77672914,0.5878293352,15.77672914,0.2994815012,33.38381281,3.186957
9008,boosted40,2,,0.8055218393,0.01229727904,0.7814196152,0.8296240633,0.7760761197,0.833104918,0.01203406788,0.8095185784,0.8566912576,0.8124998474,1.710175164,0.02085378105,1.669302504,1.751047824,1.749999695,0.02758307877,0.004501982296,0.01875935561,0.03640680192,0.03642372769,,0.5446945329,17.52213981,0.5764333639,17.52213981,0.2838632417,31.05766148,3.389559
9009,boosted40,2,,0.7702127796,0.01331418557,0.7441174554,0.7963081038,0.7760761197,0.8162794344,0.01303117895,0.7907387929,0.8418200758,0.8124998474,1.706689123,0.02784933875,1.652105423,1.761272824,1.749999695,0.04606665481,0.006625043991,0.03308180719,0.05905150242,0.03642372769,,0.4879335539,16.4789112,0.5263738674,15.4789112,0.2110204092,39.76714975,3.5544249
9010,boosted40,2,,0.7910312616,0.01094484505,0.7695797595,0.8124827637,0.7760761197,0.8245965371,0.01080776586,0.8034137053,0.845779369,0.8124998474,1.77585558,0.01950836177,1.737619893,1.814091266,1.749999695,0.03356527551,0.004601365426,0.024546765,0.04258378603,0.03642372769,,0.6253994548,7.847710375,0.6587136613,6.847710375,0.289336642,32.9988501,3.3760956
9011,boosted40,2,,0.8007874738,0.01171244013,0.777831513,0.8237434347,0.7760761197,0.8251778722,0.01140895119,0.8028167388,0.8475390056,0.8124998474,1.746715325,0.0186002814,1.710259443,1.783171206,1.749999695,0.02439039838,0.004002556009,0.01654553276,0.03223526401,0.03642372769,,0.6123906887,9.910228064,0.6437503987,8.910228064,0.3466275043,21.68452598,3.6022001
9012,boosted40,2,,0.800073805,0.01099603301,0.7785219763,0.8216256336,0.7760761197,0.831577378,0.01095146013,0.8101129106,0.8530418455,0.8124998474,1.780465232,0.01953993293,1.742167667,1.818762797,1.749999695,0.03150357307,0.004943338654,0.02181480734,0.04119233879,0.03642372769,,0.6528877686,10.31015245,0.6837340675,9.310152448,0.3544404608,15.48501809,3.9439648
9013,boosted40,2,,0.7586473816,0.01062965404,0.7378136425,0.7794811207,0.7760761197,0.8074278264,0.01113555388,0.7856025419,0.8292531109,0.8124998474,1.731223307,0.01908564375,1.693816133,1.768630481,1.749999695,0.0487804448,0.006284221017,0.03646359794,0.06109729167,0.03642372769,,0.6380219976,12.76394248,0.6686614253,11.76394248,0.3430814078,19.58102032,4.096536
9014,boosted40,2,,0.7749111761,0.01246627394,0.7504777281,0.799344624,0.7760761197,0.8128264952,0.0125237908,0.7882803162,0.8373726741,0.8124998474,1.730722441,0.02426071086,1.683172322,1.778272561,1.749999695,0.03791531908,0.005717842911,0.0267085529,0.04912208525,0.03642372769,,0.5588464829,15.00362687,0.5911182796,15.00362687,0.1387496012,85.48822476,3.4289444
9015,boosted40,2,,0.7933946734,0.01155914579,0.770739164,0.8160501829,0.7760761197,0.8255116266,0.01151734936,0.8029380366,0.8480852165,0.8124998474,1.784352985,0.01962073606,1.745897049,1.822808921,1.749999695,0.03211695311,0.00520388793,0.02191752019,0.04231638603,0.03642372769,,0.6137873805,10.56401414,0.6474619254,10.56401414,0.3472128117,15.30822522,3.6773306
9016,boosted40,2,,0.7794780331,0.01318174677,0.7536422841,0.805313782,0.7760761197,0.8118314194,0.01273639012,0.7868685534,0.8367942853,0.8124998474,1.745327781,0.02169564853,1.702805091,1.787850471,1.749999695,0.0323533863,0.005138483814,0.02228214309,0.04242462951,0.03642372769,,0.4931222541,14.2756688,0.5290694298,13.2756688,0.2518039523,26.72542924,3.6256669
9017,boosted40,2,,0.8000228599,0.01124763884,0.7779778928,0.8220678269,0.7760761197,0.8200585674,0.01095391537,0.7985892878,0.841527847,0.8124998474,1.755533544,0.02005932805,1.716217983,1.794849104,1.749999695,0.02003570751,0.003658496047,0.01286518702,0.027206228,0.03642372769,,0.6098218988,10.27047479,0.6336083892,10.27047479,0.2888218136,20.9325686,3.472006
9018,boosted40,2,,0.7870382911,0.01122050961,0.7650464963,0.8090300858,0.7760761197,0.8111871527,0.0107231852,0.7901700959,0.8322042095,0.8124998474,1.757376541,0.01985137224,1.718468566,1.796284515,1.749999695,0.02414886165,0.003979295203,0.01634958637,0.03194813693,0.03642372769,,0.6480377862,12.36953615,0.6775902111,12.36953615,0.342309466,22.02511024,3.1881389
9019,boosted40,2,,0.7961769201,0.01110654014,0.7744085014,0.8179453387,0.7760761197,0.8320655693,0.01125127557,0.8100134744,0.8541176641,0.8124998474,1.745317079,0.01949114025,1.707115147,1.783519012,1.749999695,0.0358886492,0.005247091827,0.0256045382,0.04617276021,0.03642372769,,0.6519477717,10.74104207,0.6783650463,9.741042073,0.33586025,20.94395769,3.2815648
9020,boosted40,2,,0.80395804,0.01327492667,0.7779396619,0.8299764182,0.7760761197,0.8354552967,0.01310295543,0.809773976,0.8611366174,0.8124998474,1.788443445,0.02355560137,1.742275314,1.834611575,1.749999695,0.03149725668,0.005282128932,0.02114447421,0.04185003915,0.03642372769,,0.4755834683,19.25671654,0.4931184876,19.25671654,0.2258820181,36.63747858,4.1284743
9021,boosted40,2,,0.8119172673,0.01233993923,0.7877314309,0.8361031038,0.7760761197,0.8379405456,0.01216892633,0.8140898882,0.8617912029,0.8124998474,1.79620574,0.02159063368,1.753888876,1.838522605,1.749999695,0.02602327823,0.004233939138,0.01772491001,0.03432164645,0.03642372769,,0.5004883733,19.32342242,0.5264711292,18.32342242,0.2126505691,53.82814172,3.4034869
9022,boosted40,2,,0.8017070714,0.01194221783,0.7783007545,0.8251133882,0.7760761197,0.8240960858,0.01173132169,0.8011031178,0.8470890538,0.8124998474,1.725714352,0.02046377159,1.685606097,1.765822608,1.749999695,0.02238901444,0.003994558055,0.01455982452,0.03021820436,0.03642372769,,0.5333598641,18.96764184,0.556978364,17.96764184,0.289934554,21.89651695,3.4312825
9023,boosted40,2,,0.7869344202,0.01354285616,0.7603909099,0.8134779305,0.7760761197,0.8184344257,0.01312851407,0.792703011,0.8441658404,0.8124998474,1.731395653,0.02244136674,1.687411382,1.775379923,1.749999695,0.03150000554,0.004707233623,0.02227399717,0.0407260139,0.03642372769,,0.541337638,16.05857249,0.5765782875,15.05857249,0.2277838505,57.3625275,2.8904062
9024,boosted40,2,,0.8074981351,0.01515712456,0.7777907169,0.8372055534,0.7760761197,0.8440459001,0.01528833959,0.8140813051,0.874010495,0.8124998474,1.783462231,0.02937466431,1.725888946,1.841035515,1.749999695,0.03654776493,0.006105823179,0.0245805714,0.04851495846,0.03642372769,,0.4948410171,16.20567631,0.5164158435,15.20567631,0.1971159462,39.81484179,3.5286848
9025,boosted40,2,,0.8032169418,0.01616029045,0.7715433545,0.834890529,0.7760761197,0.8315382626,0.01614232659,0.7998998839,0.8631766414,0.8124998474,1.765122662,0.02503768218,1.716049706,1.814195617,1.749999695,0.02832132086,0.004379763624,0.01973714189,0.03690549982,0.03642372769,,0.4979147404,26.46528586,0.5194312525,26.46528586,0.2694544577,29.26774888,4.3239443
9026,boosted40,2,,0.7876688951,0.01067726663,0.766741837,0.8085959531,0.7760761197,0.8179011565,0.0104184235,0.7974814216,0.8383208913,0.8124998474,1.746896931,0.01828209209,1.711064689,1.782729173,1.749999695,0.0302322614,0.00454202097,0.02133006388,0.03913445891,0.03642372769,,0.6000300271,16.73807719,0.6276027208,15.73807719,0.3565619362,15.9505153,3.8307599
9027,boosted40,2,,0.78632056,0.01082781282,0.7650984368,0.8075426831,0.7760761197,0.8188957699,0.01120153567,0.7969411634,0.8408503763,0.8124998474,1.776034875,0.02131224082,1.734263651,1.8178061,1.749999695,0.0325752099,0.005419431394,0.02195331955,0.04319710025,0.03642372769,,0.638602731,7.304027574,0.6660483188,6.304027574,0.3018489134,22.43349028,3.4084742
9028,boosted40,2,,0.7856490026,0.01103672043,0.764017428,0.8072805771,0.7760761197,0.8123132268,0.01119879061,0.7903640006,0.8342624531,0.8124998474,1.772446434,0.02202828879,1.729271781,1.815621086,1.749999695,0.02666422425,0.004537997682,0.01776991223,0.03555853627,0.03642372769,,0.5950729846,18.43982008,0.6150543741,18.43982008,0.2885668777,23.1155375,3.2402865
9029,boosted40,2,,0.7648924121,0.01036784464,0.74457181,0.7852130142,0.7760761197,0.8013963268,0.01055019459,0.7807183254,0.8220743282,0.8124998474,1.679825658,0.01899537391,1.64259541,1.717055907,1.749999695,0.03650391474,0.005215645452,0.02628143749,0.04672639198,0.03642372769,,0.6294606435,12.92948472,0.6573932411,11.92948472,0.316733652,18.83011222,3.304646
9030,boosted40,2,,0.7884129388,0.01128058681,0.7663033949,0.8105224827,0.7760761197,0.8176002405,0.01110962593,0.7958257738,0.8393747072,0.8124998474,1.712925122,0.01871805729,1.676238404,1.74961184,1.749999695,0.02918730173,0.004785928333,0.01980705456,0.03856754889,0.03642372769,,0.554401576,13.4932712,0.5796472104,12.4932712,0.2992105964,21.99411231,3.6987869
9031,boosted40,2,,0.7894408662,0.01447436991,0.7610716225,0.8178101099,0.7760761197,0.811259148,0.01376527911,0.7842796967,0.8382385993,0.8124998474,1.688949533,0.02616474959,1.637667566,1.7402315,1.749999695,0.02181828179,0.003627944224,0.01470764177,0.02892892181,0.03642372769,,0.4604080691,17.58522661,0.491897624,16.58522661,0.2108337861,38.8980393,3.5520253
9032,boosted40,2,,0.78714026,0.0130331707,0.7615957149,0.8126848052,0.7760761197,0.8218618384,0.01245057012,0.7974591693,0.8462645074,0.8124998474,1.742972333,0.02263795274,1.698602761,1.787341905,1.749999695,0.03472157834,0.00524080997,0.02444977955,0.04499337713,0.03642372769,,0.5534160282,17.67167246,0.5969349488,16.67167246,0.2884205314,30.28333939,3.2537905
9033,boosted40,2,,0.7675994851,0.01058271152,0.7468577516,0.7883412185,0.7760761197,0.8059761888,0.01062109094,0.785159233,0.8267931445,0.8124998474,1.710028403,0.01838477723,1.673994902,1.746061904,1.749999695,0.03837670367,0.005337647204,0.02791510739,0.04883829995,0.03642372769,,0.6577804719,6.207144471,0.688346927,5.207144471,0.3421385994,22.8555927,3.6035206
9034,boosted40,2,,0.7852452515,0.01320687753,0.7593602472,0.8111302558,0.7760761197,0.815565864,0.01251619856,0.7910345656,0.8400971624,0.8124998474,1.737821914,0.02564557305,1.687557514,1.788086313,1.749999695,0.03032061245,0.00488201123,0.02075204627,0.03988917864,0.03642372769,,0.4963868125,19.49930994,0.5302264848,18.49930994,0.2224121034,46.4986164,3.2323979
9035,boosted40,2,,0.7870473025,0.01118569642,0.7651237403,0.8089708646,0.7760761197,0.8183691634,0.01097202317,0.7968643931,0.8398739336,0.8124998474,1.663880542,0.01812101089,1.628364014,1.699397071,1.749999695,0.03132186092,0.004829689041,0.02185584435,0.0407878775,0.03642372769,,0.5899627909,11.68731055,0.6285988484,10.68731055,0.3526139018,15.32178596,3.5916844
9036,boosted40,2,,0.7685899144,0.01035177964,0.7483007991,0.7888790296,0.7760761197,0.8063396166,0.01067802153,0.785411079,0.8272681543,0.8124998474,1.70932115,0.01755938767,1.674905383,1.743736918,1.749999695,0.03774970226,0.005673030261,0.02663076726,0.04886863725,0.03642372769,,0.6886959106,9.205922877,0.7199561614,8.205922877,0.4045721195,20.64848969,3.127989
9037,boosted40,2,,0.7841625729,0.01140801719,0.76180327,0.8065218757,0.7760761197,0.822135939,0.01160914349,0.7993824359,0.8448894421,0.8124998474,1.771825376,0.02134217163,1.729995488,1.813655264,1.749999695,0.03797336615,0.005782179665,0.02664050226,0.04930623005,0.03642372769,,0.6241337851,11.25357689,0.6511737294,10.25357689,0.3084377079,21.19352425,3.6644047
9038,boosted40,2,,0.7861078808,0.01088191363,0.764779722,0.8074360396,0.7760761197,0.8184255085,0.01086793506,0.7971247472,0.8397262698,0.8124998474,1.774542023,0.01912834509,1.737051156,1.812032891,1.749999695,0.03231762778,0.00480545026,0.02289911834,0.04173613722,0.03642372769,,0.6799469215,7.247718138,0.7056378141,7.247718138,0.3687105213,16.61431687,3.5425361
9039,boosted40,2,,0.7982768704,0.01109561288,0.7765298688,0.8200238721,0.7760761197,0.8257597097,0.01102025572,0.8041604054,0.847359014,0.8124998474,1.741857182,0.02147328069,1.699770325,1.783944039,1.749999695,0.02748283927,0.004546764792,0.01857134403,0.03639433451,0.03642372769,,0.5854730382,15.0150697,0.6176613351,14.0150697,0.2835977917,25.78282783,3.8879702
9040,boosted40,2,,0.7494090886,0.01121464737,0.7274287836,0.7713893935,0.7760761197,0.7781447625,0.01086128172,0.7568570415,0.7994324835,0.8124998474,1.656418895,0.01967972833,1.617847336,1.694990453,1.749999695,0.02873567389,0.004245156545,0.02041531995,0.03705602783,0.03642372769,,0.5457954263,22.11907043,0.575037543,21.11907043,0.2238970658,53.33056915,4.1442517
9041,boosted40,2,,0.7901270787,0.0108511574,0.768859201,0.8113949564,0.7760761197,0.832287477,0.01086493844,0.8109925889,0.853582365,0.8124998474,1.708288806,0.01993646041,1.669214061,1.74736355,1.749999695,0.04216039823,0.005736759893,0.03091655545,0.05340424101,0.03642372769,,0.5671649523,13.17530664,0.6027589587,12.17530664,0.2389259975,29.55601001,3.3552306
9042,boosted40,2,,0.7828996153,0.01107086008,0.7612011283,0.8045981023,0.7760761197,0.8181098081,0.01104501746,0.7964619717,0.8397576446,0.8124998474,1.773334314,0.02044194887,1.73326883,1.813399797,1.749999695,0.03521019283,0.005036080928,0.02533965559,0.04508073008,0.03642372769,,0.5819609325,12.26950245,0.6200592804,11.26950245,0.2390606514,54.58565217,3.5758703
9043,boosted40,2,,0.770628704,0.01401767906,0.7431545579,0.7981028501,0.7760761197,0.8138100325,0.01399023436,0.786389677,0.841230388,0.8124998474,1.755483122,0.021636468,1.713076423,1.79788982,1.749999695,0.04318132851,0.006114072438,0.03119796673,0.05516469028,0.03642372769,,0.4947842775,16.83029977,0.52439649,15.83029977,0.3119044418,19.20008238,3.2905032
9044,boosted40,2,,0.7955354325,0.01088434975,0.774202499,0.816868366,0.7760761197,0.8430852299,0.01142151497,0.8206994719,0.8654709879,0.8124998474,1.754046493,0.02101645527,1.712854997,1.795237988,1.749999695,0.04754979741,0.006528258084,0.03475464668,0.06034494813,0.03642372769,,0.6113528587,8.743774769,0.6386545248,7.743774769,0.26014912,31.4794253,3.9486496
9045,boosted40,2,,0.7846033722,0.01545482442,0.754312473,0.8148942715,0.7760761197,0.8232795573,0.01522821887,0.7934327967,0.8531263178,0.8124998474,1.7681055,0.02298437395,1.723056955,1.813154045,1.749999695,0.03867618503,0.005677959012,0.02754758986,0.0498047802,0.03642372769,,0.4349100998,35.34347166,0.4620849882,34.34347166,0.2692039515,26.5501789,3.3709055
9046,boosted40,2,,0.8055571597,0.01145901829,0.7830978966,0.8280164229,0.7760761197,0.8446097413,0.01146522701,0.8221383093,0.8670811733,0.8124998474,1.733215117,0.01846545355,1.697023493,1.769406741,1.749999695,0.03905258157,0.005754620275,0.02777373308,0.05033143005,0.03642372769,,0.6332354718,9.600078891,0.6738265801,8.600078891,0.3817475535,13.31222591,3.0483048
9047,boosted40,2,,0.7831701841,0.01216151145,0.7593340596,0.8070063085,0.7760761197,0.8075526729,0.01200946872,0.7840145467,0.8310907991,0.8124998474,1.737807711,0.02089131855,1.696861479,1.778753943,1.749999695,0.02438248883,0.004349743622,0.01585714798,0.03290782967,0.03642372769,,0.587818358,9.227841097,0.6211407928,8.227841097,0.2784137397,28.00522488,3.323911
9048,boosted40,2,,0.7726218425,0.0119983957,0.7491054191,0.796138266,0.7760761197,0.8011547693,0.01176736788,0.778091152,0.8242183865,0.8124998474,1.702535008,0.02161566083,1.660169091,1.744900925,1.749999695,0.02853292675,0.004901068613,0.01892700878,0.03813884472,0.03642372769,,0.5088863879,14.64118908,0.5306198498,14.3337505,0.2579681892,26.69594853,3.5319048
9049,boosted40,2,,0.7806192802,0.01358085433,0.7540012949,0.8072372656,0.7760761197,0.8120867008,0.01390859097,0.7848263634,0.8393470382,0.8124998474,1.729338836,0.02741902446,1.675598535,1.783079136,1.749999695,0.03146742057,0.00505706694,0.0215557515,0.04137908964,0.03642372769,,0.4766476532,17.72392601,0.5018961911,17.72392601,0.201016254,33.32331272,3.5614289
9050,boosted40,2,,0.7677871703,0.0102599895,0.7476779604,0.7878963802,0.7760761197,0.7974293455,0.0102799528,0.7772810082,0.8175776827,0.8124998474,1.713278559,0.01790095985,1.678193323,1.748363796,1.749999695,0.02964217513,0.004465874515,0.02088922192,0.03839512834,0.03642372769,,0.669872092,9.535747513,0.6976238704,8.535747513,0.3756795017,23.93094348,3.3828615
9051,boosted40,2,,0.7908706054,0.01105974909,0.7691938955,0.8125473153,0.7760761197,0.8242690714,0.01078908842,0.8031228467,0.8454152961,0.8124998474,1.74402614,0.01725230841,1.710212237,1.777840043,1.749999695,0.03339846603,0.004785789933,0.02401849013,0.04277844194,0.03642372769,,0.6424741413,9.80083855,0.6799610929,8.80083855,0.4294900852,10.48529838,3.636966
9052,boosted40,2,,0.7947661038,0.01165887432,0.77191513,0.8176170775,0.7760761197,0.8262006998,0.0113030903,0.8040470499,0.8483543497,0.8124998474,1.71420121,0.0188024166,1.677349151,1.75105327,1.749999695,0.03143459602,0.004822245602,0.02198316831,0.04088602372,0.03642372769,,0.5678052468,12.35242224,0.6053297531,12.35242224,0.3089759148,18.45244472,3.9979316
9053,boosted40,2,,0.7952919948,0.01238997293,0.7710080941,0.8195758955,0.7760761197,0.8200069113,0.0118842834,0.7967141439,0.8432996787,0.8124998474,1.728144645,0.02144403099,1.686115117,1.770174173,1.749999695,0.02471491652,0.004252696537,0.01637978447,0.03305004857,0.03642372769,,0.5421880081,14.53038791,0.5687784789,14.53038791,0.3115545315,17.5378297,3.6712163
9054,boosted40,2,,0.7934175097,0.01327339759,0.7674021285,0.819432891,0.7760761197,0.842323249,0.01322363081,0.8164054089,0.8682410891,0.8124998474,1.727292806,0.02370071355,1.680840261,1.773745351,1.749999695,0.04890573927,0.00729955301,0.03459887826,0.06321260027,0.03642372769,,0.4836653565,21.9187774,0.5134822161,20.9187774,0.1968667412,40.56237647,3.5629324
9055,boosted40,2,,0.7981397835,0.01239700948,0.7738420915,0.8224374756,0.7760761197,0.8338801357,0.01212004185,0.8101252902,0.8576349812,0.8124998474,1.741098137,0.02238223947,1.697229753,1.78496652,1.749999695,0.03574035215,0.00516608845,0.02561500485,0.04586569945,0.03642372769,,0.5113268097,19.25527802,0.5458236848,18.25527802,0.2650336639,23.37448959,3.8615254
9056,boosted40,2,,0.7839417015,0.01273717674,0.7589772938,0.8089061092,0.7760761197,0.8200579988,0.01258251607,0.7953967204,0.8447192771,0.8124998474,1.757532715,0.02092170191,1.716526932,1.798538497,1.749999695,0.0361162973,0.005319691915,0.02568989274,0.04654270186,0.03642372769,,0.5374842851,13.78511753,0.5768568974,12.78511753,0.3041930901,27.00340847,3.4678767
9057,boosted40,2,,0.8253966098,0.01364669165,0.7986495857,0.8521436339,0.7760761197,0.849485871,0.01314562255,0.8237209242,0.8752508177,0.8124998474,1.713805335,0.02317587027,1.668381464,1.759229206,1.749999695,0.02408926116,0.003977672291,0.01629316673,0.03188535559,0.03642372769,,0.427875346,24.90056475,0.4426733782,24.90056475,0.2004687629,38.38254582,4.0739471
9058,boosted40,2,,0.7846003612,0.0107049948,0.7636189569,0.8055817655,0.7760761197,0.8288778398,0.01084305359,0.8076258453,0.8501298343,0.8124998474,1.745964112,0.01823987413,1.710214616,1.781713609,1.749999695,0.04427747861,0.006096771312,0.03232802642,0.0562269308,0.03642372769,,0.6627124312,8.251250704,0.6989407146,7.251250704,0.3977542939,20.68946097,3.4526407
9059,boosted40,2,,0.7948024468,0.0127842502,0.7697457769,0.8198591168,0.7760761197,0.8487666652,0.01275658116,0.8237642256,0.8737691049,0.8124998474,1.71000687,0.02248153383,1.665943873,1.754069866,1.749999695,0.0539642184,0.006756564338,0.04072159564,0.06720684116,0.03642372769,,0.5846275471,11.86474797,0.6190846501,10.86474797,0.3113262871,24.44232552,3.4971791
9060,boosted40,2,,0.7704583316,0.01195677879,0.7470234758,0.7938931874,0.7760761197,0.7988754949,0.01169670395,0.7759503764,0.8218006134,0.8124998474,1.697657335,0.02157835997,1.655364527,1.739950143,1.749999695,0.02841716337,0.004082258016,0.02041608468,0.03641824205,0.03642372769,,0.5860603122,13.24636604,0.6248128022,12.24636604,0.2942532406,25.25707719,3.4421441
9061,boosted40,2,,0.7886507228,0.01099672592,0.767097536,0.8102039095,0.7760761197,0.8268186769,0.01126996903,0.8047299435,0.8489074103,0.8124998474,1.739491091,0.01868102653,1.702876952,1.77610523,1.749999695,0.03816795413,0.005911523316,0.02658158134,0.04975432692,0.03642372769,,0.5774875574,14.39274006,0.6087027278,13.39274006,0.3686532685,20.8206679,3.7950851
9062,boosted40,2,,0.7772250391,0.01197877225,0.7537470769,0.8007030012,0.7760761197,0.8056687357,0.01171564772,0.7827064881,0.8286309832,0.8124998474,1.688870693,0.01919008446,1.651258819,1.726482567,1.749999695,0.02844369659,0.004317246369,0.01998204919,0.03690534398,0.03642372769,,0.5392225232,13.40499653,0.5707304952,12.40499653,0.3180564309,18.76817601,3.3378659
9063,boosted40,2,,0.7744776359,0.01124654235,0.752434818,0.7965204539,0.7760761197,0.804006324,0.0111073574,0.7822363036,0.8257763445,0.8124998474,1.762686903,0.01905655225,1.725336747,1.80003706,1.749999695,0.02952868813,0.004521415683,0.02066687623,0.03839050003,0.03642372769,,0.5550096068,20.65465148,0.5852388228,19.65465148,0.3390320973,25.42756923,3.4787496
9064,boosted40,2,,0.7822784065,0.01232477253,0.7581222962,0.8064345168,0.7760761197,0.8142312021,0.01209679972,0.7905219103,0.8379404939,0.8124998474,1.770735251,0.02145231116,1.728689494,1.812781008,1.749999695,0.03195279563,0.005254835816,0.02165350669,0.04225208458,0.03642372769,,0.541286354,14.33574665,0.5707494769,14.33574665,0.2721733343,24.54933215,3.7708792
9065,boosted40,2,,0.778054109,0.01159957951,0.755319351,0.8007888671,0.7760761197,0.8182299065,0.01175305736,0.7951943374,0.8412654756,0.8124998474,1.738639595,0.01978270134,1.699866213,1.777412977,1.749999695,0.04017579748,0.006076215726,0.02826663349,0.05208496146,0.03642372769,,0.5246472179,16.34141805,0.5575928675,15.34141805,0.2826350733,30.28401724,3.9391342
9066,boosted40,2,,0.7795350139,0.01108318963,0.7578123613,0.8012576664,0.7760761197,0.8205271071,0.01112692347,0.7987187378,0.8423354763,0.8124998474,1.73476606,0.01862320462,1.69826525,1.771266871,1.749999695,0.04099209322,0.005564786275,0.03008531254,0.0518988739,0.03642372769,,0.6247531109,13.41872932,0.6565394871,12.41872932,0.3590311914,16.61794456,3.5443441
9067,boosted40,2,,0.796136515,0.01122502308,0.774135874,0.8181371559,0.7760761197,0.8295959646,0.01115473964,0.8077330767,0.8514588526,0.8124998474,1.704902235,0.02137779452,1.663002528,1.746801942,1.749999695,0.03345944966,0.004936121974,0.02378482837,0.04313407095,0.03642372769,,0.6438375381,8.177080075,0.6819775112,7.177080075,0.3398761537,17.67811948,3.9016208
9068,boosted40,2,,0.7861980374,0.01246680173,0.761763555,0.8106325198,0.7760761197,0.8190777445,0.01220533431,0.7951557289,0.8429997602,0.8124998474,1.724964894,0.02102766446,1.683751429,1.766178359,1.749999695,0.03287970716,0.005354525835,0.02238502937,0.04337438495,0.03642372769,,0.5496039447,13.3116706,0.5839130103,12.48707573,0.3204847875,20.51319528,3.22227
9069,boosted40,2,,0.7765372273,0.01116569726,0.7546528628,0.7984215918,0.7760761197,0.8006468981,0.01078184369,0.7795148728,0.8217789235,0.8124998474,1.697071247,0.01856712812,1.660680345,1.73346215,1.749999695,0.02410967088,0.004073173759,0.01612639701,0.03209294475,0.03642372769,,0.5839733876,10.30754473,0.6161411472,9.307544735,0.2795919966,43.31718055,3.5516357
9070,boosted40,2,,0.7637842662,0.01113269308,0.7419645887,0.7856039437,0.7760761197,0.79424769,0.01086627061,0.772950191,0.815545189,0.8124998474,1.712235545,0.01958775193,1.673844257,1.750626833,1.749999695,0.03046342377,0.004821757801,0.02101295214,0.03991389541,0.03642372769,,0.6261555711,13.75485226,0.661359266,12.75485226,0.2975303052,22.84887598,3.2658704
9071,boosted40,2,,0.7877224099,0.01119308958,0.7657843574,0.8096604623,0.7760761197,0.8162748399,0.01083538768,0.7950378702,0.8375118095,0.8124998474,1.72986009,0.02021776665,1.690233995,1.769486184,1.749999695,0.02855243,0.00432993375,0.02006591579,0.0370389442,0.03642372769,,0.5875320218,12.7619514,0.6257963188,11.7619514,0.2839292316,27.27654492,3.3596212
9072,boosted40,2,,0.8113310211,0.01268768109,0.7864636231,0.8361984191,0.7760761197,0.8457570142,0.01221965497,0.8218069305,0.8697070978,0.8124998474,1.702351875,0.01879238421,1.665519479,1.739184271,1.749999695,0.03442599305,0.005026258666,0.02457470709,0.04427727901,0.03642372769,,0.5563541889,16.95652147,0.5889185198,15.95652147,0.3804940894,15.49061431,4.052949
9073,boosted40,2,,0.7999979503,0.0124229485,0.7756494187,0.824346482,0.7760761197,0.8314821437,0.0126051108,0.8067765805,0.8561877068,0.8124998474,1.75997577,0.02159984389,1.717640854,1.802310686,1.749999695,0.03148419331,0.005032581132,0.02162051554,0.04134787108,0.03642372769,,0.5678238977,14.23521562,0.5960994343,14.23521562,0.3048832471,30.86613884,3.5452442
9074,boosted40,2,,0.8050313541,0.01298177685,0.7795875391,0.8304751692,0.7760761197,0.825803574,0.01254080356,0.8012240507,0.8503830973,0.8124998474,1.753421632,0.02340172794,1.707555088,1.799288176,1.749999695,0.02077221987,0.003960947453,0.01300890551,0.02853553422,0.03642372769,,0.5198787019,17.85116932,0.543390633,16.85116932,0.2481724822,35.75611973,3.2938425
9075,boosted40,2,,0.8035228139,0.01118318364,0.7816041767,0.825441451,0.7760761197,0.8435715702,0.0112972203,0.8214294253,0.8657137152,0.8124998474,1.805910618,0.01922849146,1.768223467,1.843597769,1.749999695,0.04004875638,0.006024473688,0.02824100493,0.05185650783,0.03642372769,,0.5843174035,16.05841843,0.6221181816,15.05841843,0.3409267474,20.63168826,3.3280854
9076,boosted40,2,,0.7815528097,0.01044983453,0.7610715104,0.8020341091,0.7760761197,0.8060835379,0.01051407609,0.7854763274,0.8266907484,0.8124998474,1.691682362,0.01811271853,1.656182086,1.727182638,1.749999695,0.02453072818,0.004454737616,0.01579960289,0.03326185346,0.03642372769,,0.6323297714,9.103127956,0.6604300738,8.103127956,0.3555076011,18.54093222,4.1583298
9077,boosted40,2,,0.8249636774,0.0164737073,0.7926758044,0.8572515504,0.7760761197,0.8495276079,0.01654369916,0.8171025534,0.8819526624,0.8124998474,1.801946864,0.03664987677,1.730114426,1.873779303,1.749999695,0.02456393051,0.004819786564,0.01511732243,0.03401053859,0.03642372769,,0.318657693,31.41169529,0.3246441469,31.41169529,0.08784003395,84.39456265,3.8001462
9078,boosted40,2,,0.788466203,0.01139301471,0.7661363045,0.8107961015,0.7760761197,0.8267656182,0.01143778929,0.8043479631,0.8491832733,0.8124998474,1.726202928,0.02105069292,1.684944328,1.767461528,1.749999695,0.03829941522,0.005627772662,0.02726918349,0.04932964695,0.03642372769,,0.6087046911,9.402616638,0.6464337526,8.402616638,0.2946779846,20.81975261,4.0937379
9079,boosted40,2,,0.8073130918,0.01338547779,0.7810780374,0.8335481462,0.7760761197,0.8453639006,0.01360796202,0.8186927851,0.872035016,0.8124998474,1.759606714,0.02638981857,1.70788362,1.811329808,1.749999695,0.03805080875,0.00610337585,0.0260884119,0.0500132056,0.03642372769,,0.4961804393,15.76098046,0.5262222775,14.76098046,0.2129411381,46.54999939,3.4434168
9080,boosted40,2,,0.7907500827,0.01196357004,0.7673019163,0.8141982491,0.7760761197,0.8134953569,0.01162673394,0.7907073771,0.8362833367,0.8124998474,1.735485836,0.01955024369,1.697168062,1.773803609,1.749999695,0.02274527419,0.004487461537,0.01395001119,0.03154053718,0.03642372769,,0.565258267,12.76402065,0.5868271911,12.76402065,0.2645464829,30.84858505,3.5798962
9081,boosted40,2,,0.8088093625,0.0122308113,0.7848374128,0.8327813121,0.7760761197,0.8314581187,0.01209601863,0.8077503578,0.8551658796,0.8124998474,1.710748184,0.02079643667,1.669987917,1.751508451,1.749999695,0.02264875621,0.003829639986,0.01514279976,0.03015471266,0.03642372769,,0.5068291702,17.34880038,0.5286656763,17.34880038,0.2024897964,49.95112807,3.446129
9082,boosted40,2,,0.7804804629,0.01102830144,0.7588653892,0.8020955365,0.7760761197,0.8083245949,0.01071932813,0.7873150978,0.829334092,0.8124998474,1.713129803,0.0205782044,1.672797264,1.753462343,1.749999695,0.02784413202,0.004554874654,0.01891674175,0.0367715223,0.03642372769,,0.6282562163,10.14664936,0.6590122309,9.146649359,0.321442938,17.49750724,3.6011763
9083,boosted40,2,,0.7752236789,0.01084079657,0.7539761081,0.7964712498,0.7760761197,0.8098014142,0.01064128592,0.7889448771,0.8306579514,0.8124998474,1.698831365,0.01796467431,1.66362125,1.73404148,1.749999695,0.03457773533,0.00501840294,0.02474184631,0.04441362435,0.03642372769,,0.6286506679,7.212236074,0.6687970331,6.212236074,0.3838268439,13.87290473,3.9053294
9084,boosted40,2,,0.8072647525,0.01259960779,0.782569975,0.83195953,0.7760761197,0.8332400147,0.01217302315,0.8093813277,0.8570987016,0.8124998474,1.777085184,0.02262876288,1.732733624,1.821436744,1.749999695,0.02597526219,0.004561746946,0.01703440247,0.03491612191,0.03642372769,,0.59535677,8.803030083,0.6334329492,8.803030083,0.2391334523,38.63885438,3.8330423
9085,boosted40,2,,0.7649678585,0.01141849343,0.7425880226,0.7873476943,0.7760761197,0.8212108285,0.01197126046,0.7977475891,0.8446740678,0.8124998474,1.784260978,0.02232851417,1.740497895,1.828024062,1.749999695,0.05624297002,0.007071262286,0.04238355061,0.07010238942,0.03642372769,,0.6236991521,13.45129961,0.6424700763,12.45129961,0.2751887812,53.01133765,3.3854219
9086,boosted40,2,,0.78127184,0.01290647138,0.7559756209,0.8065680591,0.7760761197,0.8178125797,0.01209034723,0.7941159346,0.8415092249,0.8124998474,1.742776139,0.02545342348,1.692888345,1.792663932,1.749999695,0.03654073971,0.00535815014,0.02603895841,0.047042521,0.03642372769,,0.5168162038,11.79190458,0.5618230823,10.79190458,0.2163821543,37.3293168,3.8316503
9087,boosted40,2,,0.8375229993,0.01250626493,0.8130111705,0.8620348282,0.7760761197,0.8528676213,0.01230698225,0.8287463793,0.8769888632,0.8124998474,1.768224037,0.02245036802,1.724222124,1.812225949,1.749999695,0.01534462192,0.002617343524,0.01021472288,0.02047452096,0.03642372769,,0.5119946871,25.65928058,0.5378012529,24.65928058,0.118801227,120.3252436,3.869123
9088,boosted40,2,,0.7968622379,0.01437622384,0.7686853569,0.8250391188,0.7760761197,0.8409641365,0.01501326242,0.8115386829,0.8703895902,0.8124998474,1.788547671,0.03175350139,1.726311952,1.850783391,1.749999695,0.0441018987,0.006667063419,0.03103469451,0.05716910288,0.03642372769,,0.449009376,15.29306412,0.480843535,14.96315927,0.1832179158,51.22718099,3.2703888
9089,boosted40,2,,0.8023422413,0.01098247044,0.7808169948,0.8238674878,0.7760761197,0.8340567674,0.0109103875,0.8126728008,0.8554407339,0.8124998474,1.725832224,0.01889986134,1.688789176,1.762875271,1.749999695,0.03171452608,0.004843496316,0.02222144774,0.04120760442,0.03642372769,,0.5816222008,13.09978565,0.6184722921,12.09978565,0.3480299913,16.95081084,4.0696799
9090,boosted40,2,,0.788281364,0.01246397875,0.7638524145,0.8127103134,0.7760761197,0.8068292801,0.01255300663,0.7822258392,0.8314327209,0.8124998474,1.706841278,0.0212213907,1.665248116,1.748434439,1.749999695,0.01854791609,0.003612276481,0.01146798429,0.0256278479,0.03642372769,,0.487848359,24.48963017,0.5038164105,24.48963017,0.232527115,28.01152957,3.4291091
9091,boosted40,2,,0.7948071277,0.01093281917,0.7733791959,0.8162350595,0.7760761197,0.8093854486,0.01079021514,0.7882370155,0.8305338816,0.8124998474,1.692622238,0.02019537263,1.653040035,1.732204441,1.749999695,0.01457832088,0.002626535621,0.009430405662,0.01972623611,0.03642372769,,0.6430635079,10.1192338,0.6639534333,10.1192338,0.2824299639,28.41316139,3.8106302
9092,boosted40,2,,0.780926649,0.0140458304,0.7533973273,0.8084559708,0.7760761197,0.8168588777,0.01371628319,0.7899754567,0.8437422988,0.8124998474,1.722146011,0.02438146876,1.67435921,1.769932812,1.749999695,0.03593222869,0.005626380252,0.02490472604,0.04695973135,0.03642372769,,0.559782118,14.45003528,0.5929451856,13.45003528,0.294250375,25.50363862,3.4738811
9093,boosted40,2,,0.7646112286,0.01010188372,0.7448119003,0.7844105569,0.7760761197,0.7939112512,0.009989143536,0.7743328896,0.8134896128,0.8124998474,1.665296674,0.01692399215,1.632126259,1.69846709,1.749999695,0.02930002261,0.004146967242,0.02117211617,0.03742792905,0.03642372769,,0.705125679,5.759348108,0.7325333347,5.759348108,0.4030018611,22.33988796,3.2651772
9094,boosted40,2,,0.7870916475,0.0118605785,0.7638453408,0.8103379542,0.7760761197,0.8241949462,0.01191205992,0.8008477377,0.8475421546,0.8124998474,1.753086885,0.02083449753,1.712252021,1.79392175,1.749999695,0.03710329867,0.00575825521,0.02581732584,0.04838927149,0.03642372769,,0.5648190143,14.15356805,0.5966189343,13.15356805,0.2931088516,28.28025535,3.1288368
9095,boosted40,2,,0.7970844639,0.01168530902,0.7741816791,0.8199872488,0.7760761197,0.8251648439,0.01138899807,0.8028428178,0.8474868699,0.8124998474,1.719794851,0.01948482921,1.681605287,1.757984414,1.749999695,0.02808037992,0.004217334015,0.01981455714,0.0363462027,0.03642372769,,0.5731663213,12.89348378,0.6060391763,12.89348378,0.3407888069,19.93271346,2.9679538
9096,boosted40,2,,0.7803713938,0.01199557925,0.7568604906,0.8038822971,0.7760761197,0.8134601417,0.01203219513,0.7898774726,0.8370428108,0.8124998474,1.692674411,0.02090289806,1.651705484,1.733643338,1.749999695,0.03308874788,0.005296004519,0.02270876976,0.043468726,0.03642372769,,0.5319612015,14.24552275,0.5656820191,13.24552275,0.2778506417,22.75403684,3.2159299
9097,boosted40,2,,0.7821870795,0.01098053692,0.7606656226,0.8037085364,0.7760761197,0.8116327383,0.01069934131,0.7906624146,0.8326030619,0.8124998474,1.729904606,0.01780220618,1.695012923,1.764796289,1.749999695,0.02944565882,0.004828960295,0.01998107056,0.03891024708,0.03642372769,,0.6209046194,14.36173691,0.6488787109,14.36173691,0.3650078838,20.59428,3.369148
9098,boosted40,2,,0.7650422589,0.01227116385,0.7409912197,0.7890932981,0.7760761197,0.8066015485,0.01208488158,0.7829156158,0.8302874811,0.8124998474,1.712754728,0.02174125373,1.670142654,1.755366802,1.749999695,0.04155928953,0.005827768347,0.03013707346,0.0529815056,0.03642372769,,0.5078261162,17.54677371,0.5443641352,16.54677371,0.180413788,70.16215767,3.7634592
9099,boosted40,2,,0.7882293101,0.01127580564,0.7661291371,0.810329483,0.7760761197,0.8239298044,0.01136662492,0.8016516289,0.8462079798,0.8124998474,1.682371075,0.02200263079,1.639246711,1.725495439,1.749999695,0.0357004943,0.005669704842,0.024588077,0.04681291159,0.03642372769,,0.568685388,19.92180192,0.5934701001,19.92180192,0.3026367261,21.81884055,3.8058086
9100,boosted40,2,,0.7716392957,0.01152904585,0.7490427811,0.7942358104,0.7760761197,0.7997961697,0.01146651114,0.7773222208,0.8222701185,0.8124998474,1.710516267,0.02000620706,1.671304822,1.749727712,1.749999695,0.02815687394,0.004493019343,0.01935071785,0.03696303004,0.03642372769,,0.5850082005,14.9433563,0.608559893,14.9433563,0.2750011881,33.23165961,4.0167325
9101,boosted40,2,,0.7781064352,0.01286655115,0.7528884584,0.8033244121,0.7760761197,0.8205850291,0.01309787075,0.7949136742,0.846256384,0.8124998474,1.74016797,0.02252421,1.69602133,1.784314611,1.749999695,0.04247859388,0.006180012883,0.03036599121,0.05459119656,0.03642372769,,0.4859920941,18.792324,0.5202088121,17.792324,0.2381933488,34.97793018,3.6177022
9102,boosted40,2,,0.7867879017,0.01221904317,0.7628390172,0.8107367863,0.7760761197,0.8113948981,0.01199313409,0.7878887872,0.8349010089,0.8124998474,1.669119209,0.02024948451,1.629430949,1.708807469,1.749999695,0.02460699637,0.00402248125,0.01672307799,0.03249091475,0.03642372769,,0.5098547032,14.85614066,0.5399143111,14.49998584,0.2838439862,21.44590687,3.8445872
9103,boosted40,2,,0.7530921139,0.01201434226,0.7295444358,0.776639792,0.7760761197,0.7808842625,0.01153699753,0.7582721628,0.8034963621,0.8124998474,1.655749664,0.02114209887,1.614311911,1.697187416,1.749999695,0.02779214857,0.004524014222,0.01892524363,0.03665905351,0.03642372769,,0.5754961348,9.302909832,0.6138941084,9.302909832,0.2598807956,39.6478977,3.9896732
9104,boosted40,2,,0.8021989362,0.01073492994,0.7811588602,0.8232390123,0.7760761197,0.8399569109,0.01077517623,0.8188379536,0.8610758683,0.8124998474,1.791894824,0.01958589246,1.75350718,1.830282467,1.749999695,0.03775797468,0.005796950468,0.02639616054,0.04911978881,0.03642372769,,0.6562226322,9.189677528,0.6920479897,8.189677528,0.3131112397,24.91275745,3.6249879
9105,boosted40,2,,0.8033228762,0.01173357198,0.7803254978,0.8263202547,0.7760761197,0.8267767855,0.01144521572,0.8043445749,0.8492089961,0.8124998474,1.797895874,0.02249627145,1.753803992,1.841987756,1.749999695,0.02345390927,0.004245350846,0.01513317451,0.03177464403,0.03642372769,,0.5777841009,16.77180966,0.5970760308,16.77180966,0.2355288944,42.62397863,3.724093
9106,boosted40,2,,0.7764683829,0.01180680614,0.7533274681,0.7996092977,0.7760761197,0.8000628437,0.01125044264,0.7780123813,0.8221133061,0.8124998474,1.736808941,0.02047340515,1.696681804,1.776936078,1.749999695,0.02359446078,0.003765113093,0.01621497472,0.03097394684,0.03642372769,,0.5686735137,18.96599807,0.6019251324,17.96599807,0.2914813017,22.2016144,3.5446002
9107,boosted40,2,,0.7710704978,0.01104402599,0.7494246046,0.7927163909,0.7760761197,0.8214153544,0.01155374468,0.7987704309,0.8440602778,0.8124998474,1.744199463,0.01962317215,1.705738752,1.782660174,1.749999695,0.05034485662,0.006771256061,0.03707343861,0.06361627463,0.03642372769,,0.6744868058,7.020997641,0.7097113519,6.020997641,0.3623230036,17.84687933,3.4016623
9108,boosted40,2,,0.7696946543,0.01131915145,0.7475095251,0.7918797835,0.7760761197,0.8141578432,0.0117678603,0.7910932609,0.8372224256,0.8124998474,1.743025211,0.02208557352,1.699738282,1.786312139,1.749999695,0.04446318894,0.006434130699,0.0318525245,0.05707385338,0.03642372769,,0.6141492467,12.48741633,0.6452362193,11.48741633,0.2689736444,26.36748339,3.7150732
9109,boosted40,2,,0.7712021897,0.01302581698,0.7456720576,0.7967323219,0.7760761197,0.8025899642,0.01296882488,0.7771715345,0.8280083939,0.8124998474,1.77732804,0.02658505595,1.725222288,1.829433792,1.749999695,0.03138777445,0.005474275343,0.02065839194,0.04211715697,0.03642372769,,0.4264801339,19.25897643,0.4513721672,19.25897643,0.1475546934,55.03260133,3.9241713
9110,boosted40,2,,0.7878356068,0.0117113824,0.764881719,0.8107894945,0.7760761197,0.8132881731,0.0113140159,0.7911131094,0.8354632367,0.8124998474,1.703455048,0.0209858896,1.66232346,1.744586636,1.749999695,0.0254525663,0.004297884352,0.01702886776,0.03387626484,0.03642372769,,0.5666809365,12.99952949,0.6008337161,11.99952949,0.2682780246,32.78627584,3.5706519
9111,boosted40,2,,0.7854392884,0.01101062933,0.7638588514,0.8070197253,0.7760761197,0.8017044756,0.01073832251,0.7806577503,0.822751201,0.8124998474,1.746594527,0.01796836864,1.711377171,1.781811882,1.749999695,0.01626518726,0.002947066581,0.0104890429,0.02204133162,0.03642372769,,0.6684364967,8.14625969,0.6953008035,8.14625969,0.4105509325,10.65904904,3.5221213
9112,boosted40,2,,0.7888997968,0.01091395699,0.7675088341,0.8102907594,0.7760761197,0.8204955885,0.01124951034,0.7984469534,0.8425442236,0.8124998474,1.750980751,0.01868081984,1.714367016,1.787594485,1.749999695,0.03159579173,0.00526451638,0.02127752923,0.04191405423,0.03642372769,,0.6181544825,11.21447056,0.6468514322,10.21447056,0.364642845,16.61138511,3.8832873
9113,boosted40,2,,0.7810027634,0.01125471049,0.7589439362,0.8030615906,0.7760761197,0.8096250188,0.01138096016,0.7873187468,0.8319312909,0.8124998474,1.733453585,0.01907277232,1.696071638,1.770835532,1.749999695,0.02862225542,0.00480414967,0.01920629509,0.03803821575,0.03642372769,,0.6227615462,13.18031995,0.6467548292,13.18031995,0.3518251719,15.82202025,3.7312184
9114,boosted40,2,,0.7802120349,0.0124272129,0.7558551452,0.8045689246,0.7760761197,0.8024805166,0.01192882936,0.7791004407,0.8258605925,0.8124998474,1.708194758,0.02119810038,1.666647245,1.749742271,1.749999695,0.02226848169,0.003551063961,0.01530852422,0.02922843916,0.03642372769,,0.5746716319,12.24970034,0.6073659842,12.24970034,0.2498504344,37.53008748,4.2563643
9115,boosted40,2,,0.7933207507,0.01334727946,0.7671605636,0.8194809377,0.7760761197,0.8111971117,0.01324130356,0.7852446336,0.8371495898,0.8124998474,1.643166228,0.02285077264,1.598379537,1.687952919,1.749999695,0.01787636099,0.003194632881,0.0116149956,0.02413772639,0.03642372769,,0.47644105,16.06374084,0.4936534263,15.06374084,0.2241875142,35.96609474,3.7437025
9116,boosted40,2,,0.7791544923,0.01118751824,0.7572273595,0.8010816252,0.7760761197,0.8134739657,0.01135533619,0.7912179157,0.8357300156,0.8124998474,1.751819072,0.01984098663,1.712931453,1.790706692,1.749999695,0.03431947334,0.005595390461,0.02335270956,0.04528623713,0.03642372769,,0.6164491222,9.927044727,0.6450838396,8.927044727,0.2940867775,23.92085066,3.2052967
9117,boosted40,2,,0.7685193977,0.01099206432,0.7469753475,0.7900634479,0.7760761197,0.8026304988,0.01087475044,0.7813163796,0.823944618,0.8124998474,1.69499419,0.01812524933,1.659469354,1.730519026,1.749999695,0.03411110105,0.005072469388,0.02416924374,0.04405295836,0.03642372769,,0.6313859963,10.13524275,0.6665688069,9.135242749,0.3817468085,15.67173242,3.4266032
9118,boosted40,2,,0.7794170518,0.01109405531,0.7576731029,0.8011610006,0.7760761197,0.8241565277,0.01134637078,0.8019180496,0.8463950058,0.8124998474,1.766163302,0.02080677732,1.725382768,1.806943837,1.749999695,0.04473947596,0.006320964694,0.03235061282,0.05712833911,0.03642372769,,0.5521537666,16.69931309,0.5866435715,15.69931309,0.2810169952,29.05024537,3.2350742
9119,boosted40,2,,0.7692048921,0.0120002099,0.7456849129,0.7927248713,0.7760761197,0.8010199103,0.01213738986,0.7772310633,0.8248087573,0.8124998474,1.733140764,0.02299212677,1.688077023,1.778204504,1.749999695,0.03181501814,0.005333213222,0.02136211231,0.04226792398,0.03642372769,,0.4945831851,21.89501063,0.5171761312,20.89501063,0.2043243353,62.5011132,3.6343981
9000,quad40,2,,0.7790797152,0.01582604187,0.7480612431,0.8100981873,0.7760761197,0.8147788645,0.01531701963,0.7847580576,0.8447996713,0.8124998474,1.788672758,0.03151415402,1.726906151,1.850439365,1.749999695,0.03569914925,0.004558002498,0.02676562851,0.04463266998,0.03642372769,,0.4223072741,19.96034001,0.4448565766,19.26300515,0.1804838773,55.4386692,2.6807631
9001,quad40,2,,0.8062387776,0.013003908,0.7807515863,0.831725969,0.7760761197,0.8436268695,0.011797317,0.8205045531,0.866749186,0.8124998474,1.814741196,0.02141673517,1.772765167,1.856717226,1.749999695,0.03738809191,0.004876355788,0.02783061019,0.04694557363,0.03642372769,,0.6122208618,9.041669514,0.6478893261,8.041669514,0.359986978,17.44983827,2.8300815
9002,quad40,2,,0.7631894963,0.01387219425,0.7360004952,0.7903784974,0.7760761197,0.7933246974,0.01320381962,0.7674456865,0.8192037083,0.8124998474,1.755559105,0.02276697436,1.710936655,1.800181555,1.749999695,0.0301352011,0.004304271505,0.02169898397,0.03857141823,0.03642372769,,0.6136625349,9.512351753,0.6337018362,9.512351753,0.3471770532,18.53847321,2.6914397
9003,quad40,2,,0.7611953256,0.01511072336,0.7315788521,0.7908117992,0.7760761197,0.795659999,0.01480011084,0.7666523148,0.8246676832,0.8124998474,1.709661011,0.02305791249,1.664468333,1.754853689,1.749999695,0.03446467335,0.004589944324,0.02546854778,0.04346079892,0.03642372769,,0.454395692,29.47466937,0.4734208974,29.47466937,0.265213565,40.11415249,2.2893587
9004,quad40,2,,0.7552074675,0.01257509562,0.730560733,0.779854202,0.7760761197,0.7878272089,0.01179967642,0.7647002681,0.8109541497,0.8124998474,1.723519215,0.02390977416,1.676656918,1.770381511,1.749999695,0.03261974145,0.004236849049,0.0243156699,0.04092381299,0.03642372769,,0.469686956,31.00394432,0.4933166208,31.00394432,0.2212424611,38.67335318,2.452002
9005,quad40,2,,0.7537342325,0.01236506701,0.7294991465,0.7779693185,0.7760761197,0.7931154075,0.01191094185,0.7697703905,0.8164604246,0.8124998474,1.731607303,0.02169232805,1.689091122,1.774123485,1.749999695,0.03938117503,0.004774432003,0.03002346026,0.0487388898,0.03642372769,,0.5984115021,12.8411708,0.6375541536,11.8411708,0.3612153661,20.38112113,2.9227778
9006,quad40,2,,0.780230691,0.01328530942,0.754191963,0.8062694189,0.7760761197,0.816268534,0.01208407083,0.7925841904,0.8399528777,0.8124998474,1.716915644,0.02435458344,1.669181538,1.764649751,1.749999695,0.03603784308,0.004520082647,0.02717864389,0.04489704228,0.03642372769,,0.5764304327,12.39761695,0.6184890107,11.39761695,0.2880884832,38.62690095,2.6035903
9007,quad40,2,,0.7979807462,0.01252308088,0.7734359587,0.8225255337,0.7760761197,0.8377503738,0.01171890983,0.8147817326,0.860719015,0.8124998474,1.717940885,0.02010420443,1.678537368,1.757344401,1.749999695,0.03976962756,0.004933411501,0.0301003187,0.04943893642,0.03642372769,,0.5485368048,16.77672914,0.5878293352,15.77672914,0.2994815012,33.38381281,2.4450832
9008,quad40,2,,0.7767160217,0.01296219839,0.7513105797,0.8021214637,0.7760761197,0.8118257552,0.01214576607,0.7880204911,0.8356310193,0.8124998474,1.743060541,0.02253686633,1.698889095,1.787231987,1.749999695,0.03510973352,0.004628863679,0.02603732742,0.04418213962,0.03642372769,,0.5446945329,17.52213981,0.5764333639,17.52213981,0.2838632417,31.05766148,2.7981047
9009,quad40,2,,0.756303664,0.01747749328,0.7220484067,0.7905589214,0.7760761197,0.796269829,0.01624089457,0.7644382605,0.8281013974,0.8124998474,1.677358871,0.03814503248,1.602595981,1.752121761,1.749999695,0.03996616494,0.004871485092,0.0304182296,0.04951410027,0.03642372769,,0.4879335539,16.4789112,0.5263738674,15.4789112,0.2110204092,39.76714975,2.7457437
9010,quad40,2,,0.7717962286,0.01171076375,0.7488435534,0.7947489038,0.7760761197,0.813872989,0.01107832276,0.7921598754,0.8355861026,0.8124998474,1.810487517,0.02214035331,1.767093222,1.853881812,1.749999695,0.04207676041,0.004885139349,0.03250206323,0.0516514576,0.03642372769,,0.6253994548,7.847710375,0.6587136613,6.847710375,0.289336642,32.9988501,2.7052471
9011,quad40,2,,0.7976767401,0.01247583962,0.7732245438,0.8221289364,0.7760761197,0.8330024052,0.0118777189,0.8097225039,0.8562823065,0.8124998474,1.804528757,0.02083761151,1.763687789,1.845369725,1.749999695,0.0353256651,0.004648705839,0.02621436908,0.04443696112,0.03642372769,,0.6123906887,9.910228064,0.6437503987,8.910228064,0.3466275043,21.68452598,2.8759203
9012,quad40,2,,0.7870774546,0.01148741874,0.7645625276,0.8095923816,0.7760761197,0.8257641072,0.01078795262,0.8046201086,0.8469081058,0.8124998474,1.798367868,0.0214145332,1.756396154,1.840339582,1.749999695,0.03868665258,0.004790399839,0.02929764142,0.04807566373,0.03642372769,,0.6528877686,10.31015245,0.6837340675,9.310152448,0.3544404608,15.48501809,2.4220023
9013,quad40,2,,0.7422091181,0.01161384091,0.7194464082,0.764971828,0.7760761197,0.7900682504,0.0112667539,0.7679858186,0.8121506823,0.8124998474,1.758304235,0.02130570781,1.716545815,1.800062655,1.749999695,0.04785913232,0.00536338267,0.03734709546,0.05837116919,0.03642372769,,0.6380219976,12.76394248,0.6686614253,11.76394248,0.3430814078,19.58102032,2.7041504
9014,quad40,2,,0.7740389346,0.01320238641,0.7481627327,0.7999151365,0.7760761197,0.8089651011,0.0121070448,0.7852357293,0.8326944729,0.8124998474,1.70911072,0.02791051844,1.654407109,1.763814331,1.749999695,0.03492616654,0.004553964278,0.02600056057,0.04385177251,0.03642372769,,0.5588464829,15.00362687,0.5911182796,15.00362687,0.1387496012,85.48822476,2.4272614
9015,quad40,2,,0.7688868729,0.01250571368,0.7443761245,0.7933976214,0.7760761197,0.8043187017,0.01192272921,0.7809505818,0.8276868215,0.8124998474,1.797421007,0.02155496462,1.755174052,1.839667961,1.749999695,0.03543182873,0.004619560681,0.02637765617,0.04448600129,0.03642372769,,0.6137873805,10.56401414,0.6474619254,10.56401414,0.3472128117,15.30822522,2.6476966
9016,quad40,2,,0.7545218408,0.01510716836,0.7249123349,0.7841313467,0.7760761197,0.7934254755,0.01404215788,0.7659033518,0.8209475993,0.8124998474,1.739620283,0.02425197123,1.692087292,1.787153273,1.749999695,0.03890363471,0.004781649946,0.02953177303,0.04827549639,0.03642372769,,0.4931222541,14.2756688,0.5290694298,13.2756688,0.2518039523,26.72542924,2.9210098
9017,quad40,2,,0.7782789997,0.0130833407,0.7526361231,0.8039218762,0.7760761197,0.8083797359,0.01234765349,0.7841787798,0.832580692,0.8124998474,1.709125789,0.0242966816,1.661505168,1.75674641,1.749999695,0.03010073624,0.004241705931,0.02178714538,0.0384143271,0.03642372769,,0.6098218988,10.27047479,0.6336083892,10.27047479,0.2888218136,20.9325686,2.7985599
9018,quad40,2,,0.7630952328,0.01166431723,0.7402335911,0.7859568745,0.7760761197,0.799389427,0.01087768373,0.7780695587,0.8207092954,0.8124998474,1.799820056,0.02237888924,1.755958239,1.843681873,1.749999695,0.03629419427,0.004664187214,0.02715255531,0.04543583323,0.03642372769,,0.6480377862,12.36953615,0.6775902111,12.36953615,0.342309466,22.02511024,2.500707
9019,quad40,2,,0.7921020531,0.0112473351,0.7700576813,0.8141464248,0.7760761197,0.831158166,0.01097633323,0.8096449482,0.8526713838,0.8124998474,1.741216517,0.02149771307,1.699081773,1.78335126,1.749999695,0.03905611293,0.004738030129,0.02976974452,0.04834248134,0.03642372769,,0.6519477717,10.74104207,0.6783650463,9.741042073,0.33586025,20.94395769,2.659451
9020,quad40,2,,0.8122575345,0.01425786941,0.784312624,0.8402024451,0.7760761197,0.8463236831,0.01384380874,0.8191903166,0.8734570497,0.8124998474,1.848240207,0.02469278057,1.799843246,1.896637167,1.749999695,0.0340661486,0.004580167545,0.02508918517,0.04304311204,0.03642372769,,0.4755834683,19.25671654,0.4931184876,19.25671654,0.2258820181,36.63747858,3.9006971
9021,quad40,2,,0.8124207787,0.01458116633,0.7838422178,0.8409993395,0.7760761197,0.844756372,0.01371329518,0.8178788073,0.8716339366,0.8124998474,1.80953899,0.02546003684,1.759638234,1.859439745,1.749999695,0.03233559328,0.004303584935,0.0239007218,0.04077046476,0.03642372769,,0.5004883733,19.32342242,0.5264711292,18.32342242,0.2126505691,53.82814172,2.852369
9022,quad40,2,,0.7840429339,0.01266406929,0.7592218142,0.8088640537,0.7760761197,0.8164577536,0.01188525721,0.7931630776,0.8397524297,0.8124998474,1.759056964,0.02255916575,1.714841812,1.803272117,1.749999695,0.03241481971,0.004435201661,0.02372198419,0.04110765523,0.03642372769,,0.5333598641,18.96764184,0.556978364,17.96764184,0.289934554,21.89651695,2.9967953
9023,quad40,2,,0.7745718041,0.01575212467,0.743698207,0.8054454011,0.7760761197,0.8083217331,0.01449496123,0.7799121311,0.836731335,0.8124998474,1.741522089,0.02546704407,1.691607599,1.791436578,1.749999695,0.03374992902,0.004440837311,0.02504604783,0.04245381021,0.03642372769,,0.541337638,16.05857249,0.5765782875,15.05857249,0.2277838505,57.3625275,2.3902248
9024,quad40,2,,0.78889165,0.0179945085,0.7536230614,0.8241602386,0.7760761197,0.819669,0.01708392522,0.7861851218,0.8531528781,0.8124998474,1.813057987,0.03520952832,1.744048579,1.882067394,1.749999695,0.03077735001,0.00427201153,0.02240436127,0.03915033875,0.03642372769,,0.4948410171,16.20567631,0.5164158435,15.20567631,0.1971159462,39.81484179,3.0556611
9025,quad40,2,,0.789229976,0.02214034196,0.7458357032,0.8326242489,0.7760761197,0.8261347532,0.02187980085,0.7832511315,0.8690183748,0.8124998474,1.780818734,0.03157778106,1.71892742,1.842710047,1.749999695,0.03690477716,0.004621102141,0.0278475834,0.04596197092,0.03642372769,,0.4979147404,26.46528586,0.5194312525,26.46528586,0.2694544577,29.26774888,2.9595284
9026,quad40,2,,0.7671497425,0.01149922133,0.7446116828,0.7896878021,0.7760761197,0.8040822305,0.01082035088,0.7828747325,0.8252897285,0.8124998474,1.760197062,0.01939768437,1.7221783,1.798215825,1.749999695,0.03693248806,0.004471110296,0.02816927291,0.04569570322,0.03642372769,,0.6000300271,16.73807719,0.6276027208,15.73807719,0.3565619362,15.9505153,2.5486428
9027,quad40,2,,0.765830466,0.01111073803,0.7440538197,0.7876071124,0.7760761197,0.8024223821,0.01089037189,0.7810776455,0.8237671188,0.8124998474,1.798439522,0.02266805252,1.754010956,1.842868089,1.749999695,0.0365919161,0.00473312416,0.02731516321,0.04586866899,0.03642372769,,0.638602731,7.304027574,0.6660483188,6.304027574,0.3018489134,22.43349028,2.2708737
9028,quad40,2,,0.7760100659,0.0116445251,0.7531872161,0.7988329157,0.7760761197,0.8079472769,0.0114933786,0.7854206688,0.830473885,0.8124998474,1.779140857,0.02551914652,1.729124249,1.829157465,1.749999695,0.03193721101,0.004257810449,0.02359205587,0.04028236614,0.03642372769,,0.5950729846,18.43982008,0.6150543741,18.43982008,0.2885668777,23.1155375,2.2720051
9029,quad40,2,,0.7642477192,0.01160273041,0.7415067855,0.786988653,0.7760761197,0.8017496605,0.01100488134,0.7801804894,0.8233188316,0.8124998474,1.698349087,0.02197704055,1.655274879,1.741423295,1.749999695,0.03750194127,0.00461351241,0.02845962311,0.04654425944,0.03642372769,,0.6294606435,12.92948472,0.6573932411,11.92948472,0.316733652,18.83011222,2.6493642
9030,quad40,2,,0.7968138929,0.01314551616,0.7710491547,0.8225786311,0.7760761197,0.8303567479,0.01233349941,0.8061835333,0.8545299626,0.8124998474,1.764684201,0.02074641203,1.724021981,1.805346422,1.749999695,0.03354285505,0.004399538275,0.02491991849,0.04216579162,0.03642372769,,0.554401576,13.4932712,0.5796472104,12.4932712,0.2992105964,21.99411231,3.1383532
9031,quad40,2,,0.7574442705,0.01678506492,0.7245461478,0.7903423933,0.7760761197,0.7893478886,0.01567946109,0.7586167096,0.8200790676,0.8124998474,1.715228536,0.03051170601,1.655426691,1.775030381,1.749999695,0.03190361807,0.004199980445,0.02367180766,0.04013542848,0.03642372769,,0.4604080691,17.58522661,0.491897624,16.58522661,0.2108337861,38.8980393,2.7744121
9032,quad40,2,,0.782657219,0.01410284142,0.7550161578,0.8102982803,0.7760761197,0.818574041,0.01293920955,0.7932136563,0.8439344257,0.8124998474,1.753514902,0.02437435015,1.705742053,1.80128775,1.749999695,0.03591682197,0.004543096,0.02701251743,0.04482112651,0.03642372769,,0.5534160282,17.67167246,0.5969349488,16.67167246,0.2884205314,30.28333939,2.5131807
9033,quad40,2,,0.7622007216,0.0110830981,0.7404782485,0.7839231947,0.7760761197,0.806001937,0.01044808566,0.7855240654,0.8264798086,0.8124998474,1.739068749,0.02160448536,1.696724736,1.781412762,1.749999695,0.04380121535,0.005137982518,0.03373095467,0.05387147604,0.03642372769,,0.6577804719,6.207144471,0.688346927,5.207144471,0.3421385994,22.8555927,3.0206192
9034,quad40,2,,0.7587550509,0.01725178409,0.7249421754,0.7925679264,0.7760761197,0.7977413652,0.01608173344,0.7662217468,0.8292609835,0.8124998474,1.754504198,0.03543400215,1.68505483,1.823953567,1.749999695,0.03898631424,0.004812598064,0.02955379537,0.04841883312,0.03642372769,,0.4963868125,19.49930994,0.5302264848,18.49930994,0.2224121034,46.4986164,2.6757171
9035,quad40,2,,0.7910696984,0.01201675259,0.7675172961,0.8146221006,0.7760761197,0.825392208,0.01105136655,0.8037319276,0.8470524885,0.8124998474,1.663207612,0.01912507069,1.625723162,1.700692062,1.749999695,0.03432250967,0.004454654138,0.025591548,0.04305347135,0.03642372769,,0.5899627909,11.68731055,0.6285988484,10.68731055,0.3526139018,15.32178596,3.292294
9036,quad40,2,,0.7547286252,0.01030127004,0.7345385069,0.7749187434,0.7760761197,0.7951177008,0.01000643834,0.775505442,0.8147299595,0.8124998474,1.742259188,0.01871179001,1.705584753,1.778933622,1.749999695,0.04038907563,0.005011849754,0.03056603062,0.05021212064,0.03642372769,,0.6886959106,9.205922877,0.7199561614,8.205922877,0.4045721195,20.64848969,2.818265
9037,quad40,2,,0.7783507382,0.01154377931,0.7557253465,0.8009761299,0.7760761197,0.8184862026,0.01120428583,0.7965262059,0.8404461993,0.8124998474,1.776603036,0.02154343768,1.734378674,1.818827398,1.749999695,0.04013546447,0.004932362017,0.03046821255,0.04980271638,0.03642372769,,0.6241337851,11.25357689,0.6511737294,10.25357689,0.3084377079,21.19352425,3.4329131
9038,quad40,2,,0.7775577607,0.01084744479,0.7562971596,0.7988183619,0.7760761197,0.8223878883,0.01037342804,0.802056343,0.8427194336,0.8124998474,1.818861229,0.02147519732,1.776770616,1.860951842,1.749999695,0.04483012755,0.005304964801,0.03443258761,0.0552276675,0.03642372769,,0.6799469215,7.247718138,0.7056378141,7.247718138,0.3687105213,16.61431687,2.8801162
9039,quad40,2,,0.7916944157,0.01212309544,0.7679335853,0.8154552462,0.7760761197,0.8269529524,0.01165726371,0.8041051354,0.8498007695,0.8124998474,1.744546174,0.02267500845,1.700103974,1.788988374,1.749999695,0.0352585367,0.004474311914,0.02648904649,0.04402802691,0.03642372769,,0.5854730382,15.0150697,0.6176613351,14.0150697,0.2835977917,25.78282783,2.8648134
9040,quad40,2,,0.7132053751,0.01265310325,0.6884057485,0.7380050018,0.7760761197,0.7485531063,0.01154139385,0.72593239,0.7711738226,0.8124998474,1.702589711,0.02471578831,1.654147656,1.751031766,1.749999695,0.03534773116,0.004415183643,0.02669413023,0.04400133208,0.03642372769,,0.5457954263,22.11907043,0.575037543,21.11907043,0.2238970658,53.33056915,2.8384843
9041,quad40,2,,0.7836850354,0.01292423814,0.7583539942,0.8090160767,0.7760761197,0.828148728,0.01209364192,0.8044456254,0.8518518306,0.8124998474,1.70413479,0.02583941435,1.653490469,1.754779112,1.749999695,0.04446369253,0.005330781362,0.03401555305,0.05491183201,0.03642372769,,0.5671649523,13.17530664,0.6027589587,12.17530664,0.2389259975,29.55601001,2.5565242
9042,quad40,2,,0.7644420212,0.01278706342,0.7393798374,0.789504205,0.7760761197,0.8046442185,0.01177584015,0.7815639959,0.8277244411,0.8124998474,1.798419094,0.02374611283,1.751877568,1.84496062,1.749999695,0.04020219727,0.004852517808,0.03069143714,0.04971295741,0.03642372769,,0.5819609325,12.26950245,0.6200592804,11.26950245,0.2390606514,54.58565217,2.6360199
9043,quad40,2,,0.7578202497,0.01736888497,0.7237778607,0.7918626387,0.7760761197,0.8026053765,0.01633415021,0.7705910304,0.8346197226,0.8124998474,1.793154337,0.02317330465,1.747735495,1.83857318,1.749999695,0.04478512677,0.005362909431,0.03427401744,0.05529623611,0.03642372769,,0.4947842775,16.83029977,0.52439649,15.83029977,0.3119044418,19.20008238,2.5437265
9044,quad40,2,,0.7793311297,0.01106115109,0.757651672,0.8010105875,0.7760761197,0.8256853727,0.01071263818,0.8046889877,0.8466817577,0.8124998474,1.721636569,0.02121060168,1.680064554,1.763208585,1.749999695,0.04635424295,0.005539011085,0.03549798071,0.05721050519,0.03642372769,,0.6113528587,8.743774769,0.6386545248,7.743774769,0.26014912,31.4794253,3.3261792
9045,quad40,2,,0.7806612919,0.01498771046,0.7512859192,0.8100366646,0.7760761197,0.8235152684,0.01386740598,0.7963356521,0.8506948847,0.8124998474,1.792400438,0.02295777624,1.747404023,1.837396852,1.749999695,0.04285397652,0.005146385717,0.03276724587,0.05294070718,0.03642372769,,0.4349100998,35.34347166,0.4620849882,34.34347166,0.2692039515,26.5501789,2.829935
9046,quad40,2,,0.7937589002,0.0121791076,0.769888288,0.8176295125,0.7760761197,0.8345924396,0.0113215824,0.8124025458,0.8567823333,0.8124998474,1.738026405,0.02048268619,1.697881077,1.778171732,1.749999695,0.04083353935,0.00512997856,0.03077896613,0.05088811257,0.03642372769,,0.6332354718,9.600078891,0.6738265801,8.600078891,0.3817475535,13.31222591,2.3051638
9047,quad40,2,,0.7843333776,0.0134948047,0.7578840464,0.8107827088,0.7760761197,0.8187500338,0.01262604667,0.7940034371,0.8434966305,0.8124998474,1.746619183,0.02434988568,1.698894284,1.794344082,1.749999695,0.03441665619,0.004643110242,0.02531632733,0.04351698504,0.03642372769,,0.587818358,9.227841097,0.6211407928,8.227841097,0.2784137397,28.00522488,2.6858569
9048,quad40,2,,0.7631894247,0.01172887642,0.7402012493,0.7861776,0.7760761197,0.796187012,0.01115420879,0.7743251645,0.8180488595,0.8124998474,1.765345546,0.02330980726,1.719659164,1.811031929,1.749999695,0.03299758727,0.004466667852,0.02424307915,0.0417520954,0.03642372769,,0.5088863879,14.64118908,0.5306198498,14.3337505,0.2579681892,26.69594853,2.7823856
9049,quad40,2,,0.7644443986,0.01558578602,0.7338968193,0.7949919778,0.7760761197,0.801193356,0.01488500295,0.7720192863,0.8303674257,0.8124998474,1.752831598,0.03025723908,1.6935285,1.812134697,1.749999695,0.03674895746,0.004887883591,0.02716888166,0.04632903326,0.03642372769,,0.4766476532,17.72392601,0.5018961911,17.72392601,0.201016254,33.32331272,3.5228546
9050,quad40,2,,0.7615383976,0.01092408428,0.7401275859,0.7829492094,0.7760761197,0.7989088454,0.01042638481,0.7784735067,0.8193441841,0.8124998474,1.717900384,0.02029572611,1.678121492,1.757679276,1.749999695,0.03737044777,0.00464092586,0.02827440022,0.04646649531,0.03642372769,,0.669872092,9.535747513,0.6976238704,8.535747513,0.3756795017,23.93094348,3.3713327
9051,quad40,2,,0.7873133719,0.01133698995,0.7650932799,0.8095334639,0.7760761197,0.8274222912,0.01050990436,0.8068232572,0.8480213252,0.8124998474,1.825838869,0.01808118901,1.790400389,1.861277348,1.749999695,0.04010891928,0.004815463044,0.03067078515,0.04954705342,0.03642372769,,0.6424741413,9.80083855,0.6799610929,8.80083855,0.4294900852,10.48529838,3.1230156
9052,quad40,2,,0.7907025166,0.01265114889,0.7659067204,0.8154983128,0.7760761197,0.8292309449,0.01175896455,0.8061837979,0.852278092,0.8124998474,1.777943822,0.02116336879,1.736464382,1.819423263,1.749999695,0.03852842835,0.004828174104,0.02906538099,0.0479914757,0.03642372769,,0.5678052468,12.35242224,0.6053297531,12.35242224,0.3089759148,18.45244472,2.8496139
9053,quad40,2,,0.7898136595,0.01466903628,0.7610628767,0.8185644423,0.7760761197,0.8230812208,0.01375985323,0.7961124041,0.8500500376,0.8124998474,1.755807025,0.02511975891,1.706573203,1.805040848,1.749999695,0.03326756129,0.004511397142,0.02442538537,0.04210973721,0.03642372769,,0.5421880081,14.53038791,0.5687784789,14.53038791,0.3115545315,17.5378297,2.8895514
9054,quad40,2,,0.7801417079,0.01269778822,0.7552545003,0.8050289155,0.7760761197,0.8263295108,0.01239637432,0.8020330636,0.850625958,0.8124998474,1.754120019,0.02321637486,1.70861676,1.799623277,1.749999695,0.04618780291,0.005657248437,0.03509979972,0.05727580609,0.03642372769,,0.4836653565,21.9187774,0.5134822161,20.9187774,0.1968667412,40.56237647,2.5744197
9055,quad40,2,,0.7988538174,0.01390773501,0.7715951577,0.8261124772,0.7760761197,0.8406541412,0.0130325992,0.8151107162,0.8661975663,0.8124998474,1.766863751,0.02455139599,1.718743899,1.814983602,1.749999695,0.0418003238,0.005166838849,0.03167350575,0.05192714186,0.03642372769,,0.5113268097,19.25527802,0.5458236848,18.25527802,0.2650336639,23.37448959,2.9873733
9056,quad40,2,,0.7926224202,0.01434778708,0.7645012742,0.8207435661,0.7760761197,0.8303911036,0.01364486174,0.803647666,0.8571345412,0.8124998474,1.803096794,0.02410699255,1.755847956,1.850345631,1.749999695,0.03776868341,0.004686840533,0.02858264476,0.04695472205,0.03642372769,,0.5374842851,13.78511753,0.5768568974,12.78511753,0.3041930901,27.00340847,2.6401946
9057,quad40,2,,0.8230321922,0.0158759445,0.7919159128,0.8541484716,0.7760761197,0.8571010725,0.01514134864,0.8274245745,0.8867775705,0.8124998474,1.820608934,0.02647955035,1.768709969,1.872507899,1.749999695,0.03406888028,0.004689421196,0.02487778363,0.04325997694,0.03642372769,,0.427875346,24.90056475,0.4426733782,24.90056475,0.2004687629,38.38254582,3.0297017
9058,quad40,2,,0.7670033333,0.01067675403,0.7460772799,0.7879293867,0.7760761197,0.8143938536,0.0100120444,0.7947706072,0.8340171001,0.8124998474,1.773438262,0.01828522739,1.737599875,1.80927665,1.749999695,0.04739052031,0.005566433089,0.03648051193,0.05830052869,0.03642372769,,0.6627124312,8.251250704,0.6989407146,7.251250704,0.3977542939,20.68946097,2.8967078
9059,quad40,2,,0.7858547205,0.01332076622,0.7597464985,0.8119629426,0.7760761197,0.838386031,0.0126346752,0.8136225226,0.8631495393,0.8124998474,1.732655899,0.02321925449,1.687146996,1.778164801,1.749999695,0.05253131044,0.006318593526,0.0401470947,0.06491552619,0.03642372769,,0.5846275471,11.86474797,0.6190846501,10.86474797,0.3113262871,24.44232552,3.2481799
9060,quad40,2,,0.7676095566,0.01289594653,0.7423339658,0.7928851473,0.7760761197,0.8023285496,0.01195411941,0.7788989061,0.8257581931,0.8124998474,1.706677055,0.02279876439,1.661992298,1.751361812,1.749999695,0.03471899305,0.004404932713,0.02608548358,0.04335250252,0.03642372769,,0.5860603122,13.24636604,0.6248128022,12.24636604,0.2942532406,25.25707719,2.5622236
9061,quad40,2,,0.7783928269,0.01127358833,0.7562969998,0.800488654,0.7760761197,0.8160527464,0.01087336673,0.7947413393,0.8373641536,0.8124998474,1.765461033,0.02017465516,1.725919435,1.80500263,1.749999695,0.03765991952,0.004743505857,0.02836281888,0.04695702016,0.03642372769,,0.5774875574,14.39274006,0.6087027278,13.39274006,0.3686532685,20.8206679,3.3578948
9062,quad40,2,,0.7847403861,0.01366216057,0.7579630435,0.8115177288,0.7760761197,0.8248251483,0.01309010656,0.7991690109,0.8504812857,0.8124998474,1.723326551,0.02170517088,1.680785197,1.765867904,1.749999695,0.04008476215,0.004954845338,0.03037344374,0.04979608057,0.03642372769,,0.5392225232,13.40499653,0.5707304952,12.40499653,0.3180564309,18.76817601,2.8759904
9063,quad40,2,,0.775955216,0.01195493198,0.7525239799,0.7993864522,0.7760761197,0.8162995843,0.01166552722,0.7934355711,0.8391635975,0.8124998474,1.827206759,0.02166154861,1.784750904,1.869662614,1.749999695,0.04034436827,0.004923004303,0.03069545714,0.0499932794,0.03642372769,,0.5550096068,20.65465148,0.5852388228,19.65465148,0.3390320973,25.42756923,2.6672288
9064,quad40,2,,0.7634291024,0.01310037545,0.7377528383,0.7891053665,0.7760761197,0.7988437303,0.01233487574,0.7746678181,0.8230196425,0.8124998474,1.792928403,0.02387707878,1.746130188,1.839726617,1.749999695,0.0354146279,0.00459346411,0.02641160368,0.04441765212,0.03642372769,,0.541286354,14.33574665,0.5707494769,14.33574665,0.2721733343,24.54933215,2.9469693
9065,quad40,2,,0.7680764645,0.01289976985,0.7427933801,0.7933595488,0.7760761197,0.8091322586,0.01202839246,0.7855570426,0.8327074746,0.8124998474,1.729035617,0.02027797834,1.68929151,1.768779725,1.749999695,0.04105579416,0.005043405035,0.03117090193,0.05094068638,0.03642372769,,0.5246472179,16.34141805,0.5575928675,15.34141805,0.2826350733,30.28401724,3.2015068
9066,quad40,2,,0.769817055,0.01132788837,0.7476148018,0.7920193082,0.7760761197,0.8178739758,0.01067637411,0.796948667,0.8387992845,0.8124998474,1.720026204,0.02054953354,1.679749859,1.76030255,1.749999695,0.04805692078,0.005672824228,0.0369383896,0.05917545196,0.03642372769,,0.6247531109,13.41872932,0.6565394871,12.41872932,0.3590311914,16.61794456,2.7337322
9067,quad40,2,,0.792725078,0.0126127397,0.7680045624,0.8174455935,0.7760761197,0.8327773759,0.01168405193,0.8098770549,0.8556776969,0.8124998474,1.762143716,0.02433483881,1.714448309,1.809839124,1.749999695,0.04005229792,0.004920879185,0.03040755195,0.0496970439,0.03642372769,,0.6438375381,8.177080075,0.6819775112,7.177080075,0.3398761537,17.67811948,2.9532675
9068,quad40,2,,0.7686798912,0.01304971775,0.7431029144,0.794256868,0.7760761197,0.8058395051,0.01206433822,0.7821938367,0.8294851735,0.8124998474,1.706926574,0.021063449,1.665642973,1.748210176,1.749999695,0.03715961389,0.004638749586,0.02806783177,0.04625139601,0.03642372769,,0.5496039447,13.3116706,0.5839130103,12.48707573,0.3204847875,20.51319528,2.3368827
9069,quad40,2,,0.7821117708,0.01299282199,0.7566463077,0.807577234,0.7760761197,0.8171617126,0.01205843847,0.7935276075,0.8407958177,0.8124998474,1.719619745,0.02093355099,1.678590739,1.760648751,1.749999695,0.03504994174,0.004527969727,0.02617528415,0.04392459932,0.03642372769,,0.5839733876,10.30754473,0.6161411472,9.307544735,0.2795919966,43.31718055,2.8739197
9070,quad40,2,,0.7488078615,0.01203044248,0.7252286275,0.7723870955,0.7760761197,0.7873921404,0.01076689992,0.7662894044,0.8084948765,0.8124998474,1.741229988,0.02319342216,1.695771715,1.78668826,1.749999695,0.03858427891,0.004894850656,0.02899054791,0.0481780099,0.03642372769,,0.6261555711,13.75485226,0.661359266,12.75485226,0.2975303052,22.84887598,2.7351784
9071,quad40,2,,0.786963666,0.0127666111,0.761941568,0.811985764,0.7760761197,0.825007135,0.01166712167,0.8021399968,0.8478742733,0.8124998474,1.755016611,0.02319624874,1.709552798,1.800480423,1.749999695,0.03804346903,0.00463691303,0.0289552865,0.04713165157,0.03642372769,,0.5875320218,12.7619514,0.6257963188,11.7619514,0.2839292316,27.27654492,2.7387686
9072,quad40,2,,0.8173011149,0.0137043171,0.7904411469,0.8441610828,0.7760761197,0.8633147294,0.01289693555,0.8380372002,0.8885922586,0.8124998474,1.700744026,0.02004721576,1.661452205,1.740035847,1.749999695,0.04601361454,0.005691417131,0.03485864194,0.05716858714,0.03642372769,,0.5563541889,16.95652147,0.5889185198,15.95652147,0.3804940894,15.49061431,3.1913734
9073,quad40,2,,0.7715918422,0.01345039083,0.7452295606,0.7979541237,0.7760761197,0.8055493259,0.0128254185,0.7804119676,0.8306866843,0.8124998474,1.764511063,0.02387196899,1.717722863,1.811299262,1.749999695,0.03395748376,0.004615232414,0.02491179445,0.04300317308,0.03642372769,,0.5678238977,14.23521562,0.5960994343,14.23521562,0.3048832471,30.86613884,3.0042389
9074,quad40,2,,0.7957571967,0.01406745811,0.7681854855,0.8233289079,0.7760761197,0.8273879457,0.01305800821,0.8017947199,0.8529811715,0.8124998474,1.797285088,0.02471442525,1.748845705,1.845724472,1.749999695,0.03163074901,0.004412069404,0.02298325188,0.04027824614,0.03642372769,,0.5198787019,17.85116932,0.543390633,16.85116932,0.2481724822,35.75611973,2.6891737
9075,quad40,2,,0.773975025,0.01228902312,0.7498889823,0.7980610677,0.7760761197,0.8160519187,0.01130767111,0.7938892906,0.8382145468,0.8124998474,1.804296275,0.02006945552,1.764960865,1.843631685,1.749999695,0.0420768937,0.005169219522,0.03194540961,0.05220837779,0.03642372769,,0.5843174035,16.05841843,0.6221181816,15.05841843,0.3409267474,20.63168826,2.7171499
9076,quad40,2,,0.7780699179,0.01163543341,0.7552648875,0.8008749484,0.7760761197,0.8057831376,0.01104096348,0.7841432468,0.8274230284,0.8124998474,1.678830056,0.0199121947,1.639802872,1.717857241,1.749999695,0.02771321966,0.003959666129,0.01995241665,0.03547402266,0.03642372769,,0.6323297714,9.103127956,0.6604300738,8.103127956,0.3555076011,18.54093222,3.1510358
9077,quad40,2,,0.8280042996,0.01823774502,0.7922589762,0.863749623,0.7760761197,0.8567785322,0.01797440803,0.8215493398,0.8920077246,0.8124998474,1.807208404,0.04463572233,1.719723996,1.894692812,1.749999695,0.0287742326,0.004187309401,0.02056725699,0.03698120822,0.03642372769,,0.318657693,31.41169529,0.3246441469,31.41169529,0.08784003395,84.39456265,2.7478691
9078,quad40,2,,0.7716457511,0.0129591616,0.7462462611,0.7970452411,0.7760761197,0.8079539882,0.01212977939,0.7841800574,0.8317279189,0.8124998474,1.755835455,0.02454927064,1.707719768,1.803951141,1.749999695,0.03630823703,0.004646741917,0.02720079023,0.04541568383,0.03642372769,,0.6087046911,9.402616638,0.6464337526,8.402616638,0.2946779846,20.81975261,3.1096751
9079,quad40,2,,0.8051673878,0.01514826712,0.7754773298,0.8348574458,0.7760761197,0.8423200673,0.01462010104,0.8136651958,0.8709749388,0.8124998474,1.800956147,0.02621639456,1.749572958,1.852339336,1.749999695,0.03715267948,0.004723046304,0.02789567883,0.04640968014,0.03642372769,,0.4961804393,15.76098046,0.5262222775,14.76098046,0.2129411381,46.54999939,2.7337686
9080,quad40,2,,0.783401431,0.01335955905,0.7572171764,0.8095856856,0.7760761197,0.8106463886,0.01256638564,0.7860167253,0.8352760518,0.8124998474,1.701481138,0.0221910875,1.657987405,1.74497487,1.749999695,0.02724495758,0.003955212375,0.01949288377,0.03499703138,0.03642372769,,0.565258267,12.76402065,0.5868271911,12.76402065,0.2645464829,30.84858505,2.9269244
9081,quad40,2,,0.8072629412,0.01377540712,0.7802636394,0.834262243,0.7760761197,0.8365058273,0.01324374903,0.8105485562,0.8624630984,0.8124998474,1.6971974,0.02536087944,1.64749099,1.746903811,1.749999695,0.02924288609,0.004037117269,0.02133028165,0.03715549054,0.03642372769,,0.5068291702,17.34880038,0.5286656763,17.34880038,0.2024897964,49.95112807,3.025056
9082,quad40,2,,0.7598079619,0.01178672495,0.7367064055,0.7829095182,0.7760761197,0.7938610819,0.01109557734,0.7721141499,0.8156080138,0.8124998474,1.725170556,0.02149839907,1.683034468,1.767306644,1.749999695,0.03405312001,0.004437804607,0.02535518281,0.04275105721,0.03642372769,,0.6282562163,10.14664936,0.6590122309,9.146649359,0.321442938,17.49750724,2.9772316
9083,quad40,2,,0.7740040913,0.01193314211,0.7506155625,0.79739262,0.7760761197,0.8132451204,0.01106437343,0.791559347,0.8349308939,0.8124998474,1.755120831,0.02015020333,1.715627158,1.794614504,1.749999695,0.03924102918,0.004817412535,0.02979907411,0.04868298425,0.03642372769,,0.6286506679,7.212236074,0.6687970331,6.212236074,0.3838268439,13.87290473,3.4179689
9084,quad40,2,,0.7711209947,0.0146979611,0.7423135203,0.7999284691,0.7760761197,0.8034394741,0.01334908313,0.777275752,0.8296031963,0.8124998474,1.755360756,0.02761494327,1.701236461,1.80948505,1.749999695,0.03231847946,0.004652244712,0.02320024737,0.04143671154,0.03642372769,,0.59535677,8.803030083,0.6334329492,8.803030083,0.2391334523,38.63885438,2.8836089
9085,quad40,2,,0.7627477252,0.01214075238,0.7389522878,0.7865431626,0.7760761197,0.8214572894,0.01209714559,0.7977473197,0.8451672591,0.8124998474,1.782370597,0.02261848127,1.738039189,1.826702006,1.749999695,0.0587095642,0.006734542138,0.04551010416,0.07190902425,0.03642372769,,0.6236991521,13.45129961,0.6424700763,12.45129961,0.2751887812,53.01133765,2.6863138
9086,quad40,2,,0.7665372809,0.01503236231,0.7370743922,0.7960001697,0.7760761197,0.8062423861,0.01361716872,0.7795532258,0.8329315463,0.8124998474,1.765258629,0.03148599613,1.70354721,1.826970047,1.749999695,0.03970510516,0.004906279631,0.03008897379,0.04932123654,0.03642372769,,0.5168162038,11.79190458,0.5618230823,10.79190458,0.2163821543,37.3293168,3.4280136
9087,quad40,2,,0.824328746,0.01363262099,0.7976092998,0.8510481921,0.7760761197,0.857926156,0.01309939708,0.8322518095,0.8836005025,0.8124998474,1.775875701,0.02296736183,1.730860499,1.820890903,1.749999695,0.03359741003,0.004327960735,0.02511476286,0.0420800572,0.03642372769,,0.5119946871,25.65928058,0.5378012529,24.65928058,0.118801227,120.3252436,3.3756476
9088,quad40,2,,0.7743353903,0.01742124048,0.7401903864,0.8084803942,0.7760761197,0.8110548406,0.01647078811,0.7787726891,0.8433369921,0.8124998474,1.741301446,0.03427696688,1.674119825,1.808483066,1.749999695,0.03671945029,0.004650259083,0.02760510996,0.04583379061,0.03642372769,,0.449009376,15.29306412,0.480843535,14.96315927,0.1832179158,51.22718099,2.5223111
9089,quad40,2,,0.7652957116,0.01248630877,0.7408229961,0.7897684271,0.7760761197,0.8017874075,0.01170544592,0.778845155,0.8247296599,0.8124998474,1.733000386,0.02094506622,1.691948811,1.774051961,1.749999695,0.03649169586,0.004611721774,0.02745288728,0.04553050445,0.03642372769,,0.5816222008,13.09978565,0.6184722921,12.09978565,0.3480299913,16.95081084,3.0944028
9090,quad40,2,,0.7953922113,0.01352628203,0.7688811857,0.8219032369,0.7760761197,0.8203600426,0.01326388723,0.7943633013,0.8463567839,0.8124998474,1.762762258,0.02540786457,1.712963759,1.812560758,1.749999695,0.02496783129,0.003640984941,0.01783163194,0.03210403065,0.03642372769,,0.487848359,24.48963017,0.5038164105,24.48963017,0.232527115,28.01152957,2.5822309
9091,quad40,2,,0.7935313376,0.01256448865,0.7689053923,0.8181572828,0.7760761197,0.8266995629,0.01229904252,0.8025938825,0.8508052433,0.8124998474,1.72412871,0.02807989554,1.669093126,1.779164294,1.749999695,0.0331682253,0.004206700651,0.02492324354,0.04141320707,0.03642372769,,0.6430635079,10.1192338,0.6639534333,10.1192338,0.2824299639,28.41316139,3.207594
9092,quad40,2,,0.7637181018,0.01693587919,0.7305243886,0.7969118151,0.7760761197,0.7999452827,0.0157858805,0.7690055254,0.8308850399,0.8124998474,1.741081541,0.02959692736,1.683072629,1.799090452,1.749999695,0.03622718085,0.004753978259,0.02690955468,0.04554480702,0.03642372769,,0.559782118,14.45003528,0.5929451856,13.45003528,0.294250375,25.50363862,2.8083988
9093,quad40,2,,0.7485428981,0.0100515,0.7288423201,0.7682434761,0.7760761197,0.7897362701,0.009611534787,0.7708980081,0.8085745322,0.8124998474,1.692165474,0.01875188779,1.655412449,1.728918499,1.749999695,0.04119337202,0.004779168242,0.03182637439,0.05056036965,0.03642372769,,0.705125679,5.759348108,0.7325333347,5.759348108,0.4030018611,22.33988796,2.7498064
9094,quad40,2,,0.7858127234,0.01372197304,0.7589181504,0.8127072964,0.7760761197,0.8212760395,0.01293999168,0.7959141219,0.8466379572,0.8124998474,1.751544345,0.0238560928,1.704787262,1.798301428,1.749999695,0.03546331615,0.004530757849,0.02658319394,0.04434343835,0.03642372769,,0.5648190143,14.15356805,0.5966189343,13.15356805,0.2931088516,28.28025535,2.5919013
9095,quad40,2,,0.7831438828,0.01368204015,0.7563275768,0.8099601887,0.7760761197,0.8196829833,0.01306004783,0.7940857599,0.8452802067,0.8124998474,1.767188964,0.02320044495,1.721716927,1.812661001,1.749999695,0.03653910053,0.004592647395,0.02753767704,0.04554052402,0.03642372769,,0.5731663213,12.89348378,0.6060391763,12.89348378,0.3407888069,19.93271346,2.3968558
9096,quad40,2,,0.7680764457,0.01292027365,0.7427531746,0.7933997167,0.7760761197,0.8023463993,0.01206494067,0.7786995501,0.8259932485,0.8124998474,1.687453252,0.02251515751,1.643324354,1.73158215,1.749999695,0.03426995359,0.004530048822,0.02539122105,0.04314868613,0.03642372769,,0.5319612015,14.24552275,0.5656820191,13.24552275,0.2778506417,22.75403684,2.7252828
9097,quad40,2,,0.7748774534,0.01171478883,0.7519168892,0.7978380176,0.7760761197,0.812503601,0.01062831136,0.7916724935,0.8333347084,0.8124998474,1.745541984,0.01895579766,1.708389303,1.782694665,1.749999695,0.03762614751,0.004998998649,0.0278282902,0.04742400482,0.03642372769,,0.6209046194,14.36173691,0.6488787109,14.36173691,0.3650078838,20.59428,2.5083695
9098,quad40,2,,0.748902007,0.0136261275,0.7221952878,0.7756087261,0.7760761197,0.7894950046,0.01264356165,0.7647140792,0.8142759301,0.8124998474,1.734292392,0.0246032224,1.686070963,1.782513822,1.749999695,0.04059299765,0.004824633929,0.03113688891,0.05004910639,0.03642372769,,0.5078261162,17.54677371,0.5443641352,16.54677371,0.180413788,70.16215767,3.3996143
9099,quad40,2,,0.7826152725,0.01217376864,0.7587551244,0.8064754205,0.7760761197,0.8176598406,0.01132328588,0.7954666081,0.8398530731,0.8124998474,1.662168654,0.02459398126,1.613965336,1.710371971,1.749999695,0.0350445681,0.004629766925,0.02597039167,0.04411874453,0.03642372769,,0.568685388,19.92180192,0.5934701001,19.92180192,0.3026367261,21.81884055,3.2338414
9100,quad40,2,,0.7665036386,0.01236274156,0.7422731104,0.7907341668,0.7760761197,0.8033843542,0.01189716532,0.7800663386,0.8267023697,0.8124998474,1.706740624,0.02315183381,1.661363864,1.752117385,1.749999695,0.0368807156,0.004622483374,0.02782081466,0.04594061653,0.03642372769,,0.5850082005,14.9433563,0.608559893,14.9433563,0.2750011881,33.23165961,2.9816108
9101,quad40,2,,0.7637733347,0.01437629599,0.7355963124,0.7919503571,0.7760761197,0.7992902568,0.01328151751,0.7732589608,0.8253215528,0.8124998474,1.729939956,0.02599866447,1.67898351,1.780896402,1.749999695,0.03551692208,0.004621210584,0.02645951577,0.04457432839,0.03642372769,,0.4859920941,18.792324,0.5202088121,17.792324,0.2381933488,34.97793018,2.8218717
9102,quad40,2,,0.7788247816,0.01436762151,0.7506647609,0.8069848023,0.7760761197,0.8095642424,0.01344514835,0.7832122359,0.835916249,0.8124998474,1.703281328,0.02371105628,1.656808511,1.749754144,1.749999695,0.03073946081,0.004148290748,0.02260896034,0.03886996127,0.03642372769,,0.5098547032,14.85614066,0.5399143111,14.49998584,0.2838439862,21.44590687,3.1891121
9103,quad40,2,,0.7336093851,0.0133372798,0.7074687971,0.7597499732,0.7760761197,0.7700730315,0.01239030624,0.7457884775,0.7943575855,0.8124998474,1.65093427,0.02432435064,1.603259419,1.698609121,1.749999695,0.03646364632,0.004662127396,0.02732604453,0.04560124811,0.03642372769,,0.5754961348,9.302909832,0.6138941084,9.302909832,0.2598807956,39.6478977,3.2244642
9104,quad40,2,,0.7916762401,0.01121840674,0.7696885669,0.8136639132,0.7760761197,0.8308950649,0.01051892074,0.8102783591,0.8515117707,0.8124998474,1.787575453,0.02130114317,1.745825979,1.829324926,1.749999695,0.03921882488,0.004844791788,0.02972320746,0.04871444229,0.03642372769,,0.6562226322,9.189677528,0.6920479897,8.189677528,0.3131112397,24.91275745,2.7751728
9105,quad40,2,,0.7876124188,0.01315256103,0.7618338729,0.8133909648,0.7760761197,0.8195840762,0.01223442273,0.7956050483,0.8435631042,0.8124998474,1.81349169,0.03003563834,1.754622921,1.87236046,1.749999695,0.03197165742,0.004549200445,0.02305538839,0.04088792645,0.03642372769,,0.5777841009,16.77180966,0.5970760308,16.77180966,0.2355288944,42.62397863,2.9733994
9106,quad40,2,,0.7845328461,0.01301206778,0.7590296619,0.8100360303,0.7760761197,0.8178496902,0.01230254444,0.7937371462,0.8419622342,0.8124998474,1.758842166,0.02293711626,1.713886244,1.803798088,1.749999695,0.0333168441,0.004293819242,0.02490111303,0.04173257517,0.03642372769,,0.5686735137,18.96599807,0.6019251324,17.96599807,0.2914813017,22.2016144,2.9937971
9107,quad40,2,,0.7586933515,0.01178700561,0.735591245,0.781795458,0.7760761197,0.805000784,0.01101321749,0.7834152744,0.8265862937,0.8124998474,1.730434892,0.02162230997,1.688055943,1.772813841,1.749999695,0.04630743255,0.005301571341,0.03591654366,0.05669832144,0.03642372769,,0.6744868058,7.020997641,0.7097113519,6.020997641,0.3623230036,17.84687933,2.7428239
9108,quad40,2,,0.760149704,0.01263519985,0.7353851673,0.7849142406,0.7760761197,0.7995682191,0.01197576781,0.7760961455,0.8230402927,0.8124998474,1.734786265,0.02827827813,1.679361859,1.790210672,1.749999695,0.03941851518,0.004896939537,0.02982069005,0.04901634031,0.03642372769,,0.6141492467,12.48741633,0.6452362193,11.48741633,0.2689736444,26.36748339,3.2512106
9109,quad40,2,,0.7653771446,0.01524531541,0.7354968755,0.7952574138,0.7760761197,0.8022927201,0.01454728648,0.7737805625,0.8308048776,0.8124998474,1.778042649,0.03113992507,1.717009518,1.839075781,1.749999695,0.03691557544,0.004919951839,0.02727264703,0.04655850385,0.03642372769,,0.4264801339,19.25897643,0.4513721672,19.25897643,0.1475546934,55.03260133,3.0489386
9110,quad40,2,,0.7886597173,0.01347736035,0.7622445764,0.8150748581,0.7760761197,0.8211072586,0.01225009588,0.7970975119,0.8451170053,0.8124998474,1.724681534,0.02539927578,1.674899868,1.7744632,1.749999695,0.03244754135,0.004416963752,0.02379045147,0.04110463122,0.03642372769,,0.5666809365,12.99952949,0.6008337161,11.99952949,0.2682780246,32.78627584,2.8768259
9111,quad40,2,,0.777277576,0.01119504169,0.7553356975,0.7992194545,0.7760761197,0.8076783027,0.01052870419,0.7870424217,0.8283141837,0.8124998474,1.74132254,0.01881839673,1.70443916,1.77820592,1.749999695,0.03040072674,0.004170814268,0.02222608099,0.03857537249,0.03642372769,,0.6684364967,8.14625969,0.6953008035,8.14625969,0.4105509325,10.65904904,2.8949973
9112,quad40,2,,0.7732562995,0.01128537196,0.7511373769,0.7953752221,0.7760761197,0.8066065683,0.01083192388,0.7853763876,0.8278367489,0.8124998474,1.734562505,0.01961045906,1.696126712,1.772998299,1.749999695,0.03335026878,0.004332456925,0.02485880924,0.04184172832,0.03642372769,,0.6181544825,11.21447056,0.6468514322,10.21447056,0.364642845,16.61138511,3.0143313
9113,quad40,2,,0.7767036405,0.01214272842,0.7529043301,0.8005029509,0.7760761197,0.8090901445,0.01148899416,0.7865721297,0.8316081593,0.8124998474,1.702913051,0.02070338523,1.662335161,1.74349094,1.749999695,0.03238650399,0.004350460741,0.02385975762,0.04091325036,0.03642372769,,0.6227615462,13.18031995,0.6467548292,13.18031995,0.3518251719,15.82202025,2.7622753
9114,quad40,2,,0.7923599392,0.01452422756,0.7638929763,0.8208269022,0.7760761197,0.828483276,0.01374953515,0.8015346823,0.8554318697,0.8124998474,1.742594084,0.02489558604,1.693799632,1.791388536,1.749999695,0.03612333679,0.004505482242,0.02729275386,0.04495391972,0.03642372769,,0.5746716319,12.24970034,0.6073659842,12.24970034,0.2498504344,37.53008748,3.0622313
9115,quad40,2,,0.7707472961,0.01707151771,0.7372877362,0.8042068559,0.7760761197,0.7971008737,0.01659796869,0.7645694529,0.8296322946,0.8124998474,1.660020986,0.02820885331,1.60473265,1.715309323,1.749999695,0.02635357764,0.003856968788,0.01879405772,0.03391309755,0.03642372769,,0.47644105,16.06374084,0.4936534263,15.06374084,0.2241875142,35.96609474,2.8687876
9116,quad40,2,,0.7788151219,0.01207191035,0.7551546124,0.8024756314,0.7760761197,0.8139549477,0.0116279965,0.7911644934,0.8367454021,0.8124998474,1.751452289,0.0215825174,1.709151332,1.793753246,1.749999695,0.03513982584,0.004512487906,0.02629551206,0.04398413962,0.03642372769,,0.6164491222,9.927044727,0.6450838396,8.927044727,0.2940867775,23.92085066,2.3837928
9117,quad40,2,,0.7517713308,0.01145493718,0.7293200665,0.7742225951,0.7760761197,0.7899861538,0.01055498142,0.7692987704,0.8106735372,0.8124998474,1.708515586,0.01975829532,1.669790039,1.747241133,1.749999695,0.03821482304,0.00483993714,0.02872872056,0.04770092552,0.03642372769,,0.6313859963,10.13524275,0.6665688069,9.135242749,0.3817468085,15.67173242,2.4871243
9118,quad40,2,,0.7607654424,0.01431469377,0.7327091582,0.7888217267,0.7760761197,0.8068032763,0.01371675774,0.7799189251,0.8336876275,0.8124998474,1.871539371,0.02892974282,1.814838117,1.928240625,1.749999695,0.04603783385,0.005602543615,0.03505705014,0.05701861756,0.03642372769,,0.5521537666,16.69931309,0.5866435715,15.69931309,0.2810169952,29.05024537,2.5755303
9119,quad40,2,,0.7604720199,0.01298103408,0.7350296606,0.7859143792,0.7760761197,0.7917414098,0.01247153979,0.767297641,0.8161851787,0.8124998474,1.713212678,0.02418701953,1.665806991,1.760618365,1.749999695,0.03126938996,0.004193289895,0.02305069279,0.03948808713,0.03642372769,,0.4945831851,21.89501063,0.5171761312,20.89501063,0.2043243353,62.5011132,2.8149689
9000,quad80,2,,0.776111154,0.01390256756,0.7488626223,0.8033596857,0.7760761197,0.8103670487,0.01355969062,0.7837905434,0.8369435539,0.8124998474,1.858784114,0.02402657883,1.811692885,1.905875343,1.749999695,0.0342558947,0.004699895404,0.02504426897,0.04346752042,0.03642372769,,0.4730986108,23.91990748,0.4749035176,22.91990748,0.2614728323,26.35442867,8.9475514
9001,quad80,2,,0.8182853646,0.01463421796,0.7896028244,0.8469679047,0.7760761197,0.8650535861,0.01401793064,0.837578947,0.8925282253,0.8124998474,1.805211124,0.02225704112,1.761588125,1.848834123,1.749999695,0.04676822159,0.006149051427,0.03471630226,0.05882014093,0.03642372769,,0.5213036976,22.08681968,0.5325544515,21.08681968,0.3126216939,21.83106157,8.8046877
9002,quad80,2,,0.7741985999,0.01083887414,0.7529547969,0.7954424028,0.7760761197,0.8054497472,0.01068080853,0.7845157472,0.8263837473,0.8124998474,1.773468561,0.02159940815,1.731134499,1.815802623,1.749999695,0.03125114733,0.004521467549,0.02238923378,0.04011306088,0.03642372769,,0.6682704212,12.23893702,0.6802008955,11.23893702,0.314638252,28.6626792,7.1467599
9003,quad80,2,,0.7489755189,0.01208487875,0.7252895918,0.772661446,0.7760761197,0.7784460612,0.01252685725,0.7538938722,0.8029982503,0.8124998474,1.695301911,0.02122230737,1.653706953,1.736896869,1.749999695,0.02947054236,0.006283145362,0.01715580374,0.04178528098,0.03642372769,,0.5841777158,13.83146162,0.559629017,14.89925343,0.1650788276,83.13677394,8.4866231
9004,quad80,2,,0.7364043611,0.01205671058,0.7127736426,0.7600350796,0.7760761197,0.770657761,0.01281044034,0.7455497593,0.7957657627,0.8124998474,1.752649094,0.02515138189,1.703353291,1.801944896,1.749999695,0.03425339984,0.006521661868,0.02147117746,0.04703562222,0.03642372769,,0.5593642179,11.08088329,0.5536395659,10.08088329,0.239973519,26.34678944,10.0633706
9005,quad80,2,,0.7726866894,0.01083479576,0.75145088,0.7939224989,0.7760761197,0.8130311932,0.01067421868,0.792110109,0.8339522774,0.8124998474,1.701350434,0.0219399096,1.658349002,1.744351867,1.749999695,0.04034450375,0.005171340366,0.03020886288,0.05048014462,0.03642372769,,0.6204029902,11.44137907,0.6447984074,10.44137907,0.3577165128,26.45399875,8.2165784
9006,quad80,2,,0.8284513749,0.0125118586,0.8039285826,0.8529741671,0.7760761197,0.8700961039,0.01297138252,0.8446726613,0.8955195464,0.8124998474,1.469243713,0.03343466518,1.403712974,1.534774453,1.749999695,0.041644729,0.006750463136,0.02841406437,0.05487539362,0.03642372769,,0.5158972647,24.65877232,0.5148902939,24.65877232,0.2647696138,35.72036778,10.6342192
9007,quad80,2,,0.7607062482,0.01069309792,0.7397481614,0.781664335,0.7760761197,0.8003042941,0.01070427578,0.7793242991,0.8212842891,0.8124998474,1.707803958,0.02020963751,1.668193796,1.74741412,1.749999695,0.03959804591,0.005924533981,0.02798617269,0.05120991914,0.03642372769,,0.6214658351,11.17728689,0.6284405598,11.17728689,0.2744738229,27.56574669,7.4887394
9008,quad80,2,,0.7755690894,0.01651051971,0.7432090654,0.8079291134,0.7760761197,0.8132250543,0.0161892542,0.7814946992,0.8449554095,0.8124998474,1.849502093,0.0244441705,1.801592399,1.897411787,1.749999695,0.03765596496,0.005366504466,0.02713780949,0.04817412044,0.03642372769,,0.4306192779,20.6865182,0.4364507527,20.6865182,0.1194129753,105.9034264,9.7008267
9009,quad80,2,,0.7577520304,0.01288910698,0.732489845,0.7830142159,0.7760761197,0.798487784,0.01314986425,0.7727145237,0.8242610444,0.8124998474,1.760558673,0.02283767336,1.715797655,1.80531969,1.749999695,0.04073575361,0.00731206939,0.02640436095,0.05506714627,0.03642372769,,0.5715577983,15.39444939,0.5600142283,14.39444939,0.2843308058,32.12034871,8.945994
9010,quad80,2,,0.7487987942,0.01221808377,0.7248517901,0.7727457984,0.7760761197,0.7897463082,0.01221481008,0.7658057203,0.813686896,0.8124998474,1.832747382,0.02277129456,1.788116464,1.877378299,1.749999695,0.04094751392,0.006213747209,0.02876879318,0.05312623466,0.03642372769,,0.62738636,15.26123185,0.610616928,14.26123185,0.3753335153,13.88233163,8.0886089
9011,quad80,2,,0.7694512594,0.01274388096,0.7444737117,0.7944288071,0.7760761197,0.8047246047,0.01203598558,0.7811345065,0.828314703,0.8124998474,1.808723352,0.02051916197,1.768506534,1.848940171,1.749999695,0.03527334533,0.004680312533,0.02610010132,0.04444658933,0.03642372769,,0.6064995338,10.41154869,0.6292796314,9.411548692,0.3845144547,10.93599111,8.0780567
9012,quad80,2,,0.7932338759,0.01137137149,0.7709463974,0.8155213545,0.7760761197,0.8319366662,0.01091994939,0.8105339587,0.8533393737,0.8124998474,1.800831345,0.02130984994,1.759064806,1.842597883,1.749999695,0.0387027903,0.005025852082,0.02885230123,0.04855327937,0.03642372769,,0.614803039,15.96936618,0.629736909,14.96936618,0.3580107145,17.19360962,7.0277314
9013,quad80,2,,0.7216530732,0.01390884806,0.694392232,0.7489139145,0.7760761197,0.7712400589,0.0152463082,0.7413578439,0.8011222739,0.8124998474,1.784987701,0.02356488829,1.738801369,1.831174033,1.749999695,0.04958698568,0.008247385569,0.033422407,0.06575156436,0.03642372769,,0.5897387841,15.67162571,0.5832232211,14.67162571,0.3272298227,20.10953968,8.4240999
9014,quad80,2,,0.7883232108,0.01205379783,0.7646982012,0.8119482204,0.7760761197,0.8234671399,0.01184553173,0.8002503244,0.8466839555,0.8124998474,1.621399145,0.0264685221,1.569521795,1.673276495,1.749999695,0.03514392912,0.005064251807,0.02521817797,0.04506968027,0.03642372769,,0.4412635455,33.54204575,0.4480425911,32.54204575,0.2216748253,35.64707512,7.7381007
9015,quad80,2,,0.7761349729,0.01312349577,0.7504133938,0.8018565519,0.7760761197,0.8128009575,0.01390688023,0.7855439731,0.8400579419,0.8124998474,1.788698229,0.02539071828,1.738933335,1.838463122,1.749999695,0.03666598459,0.007164972498,0.02262289654,0.05070907264,0.03642372769,,0.6049149507,13.2696746,0.5881120111,12.2696746,0.2703932682,35.8019751,8.110197
9016,quad80,2,,0.7784762337,0.0125748699,0.7538299416,0.8031225258,0.7760761197,0.8161330803,0.01287490552,0.7908987292,0.8413674314,0.8124998474,1.727878889,0.02521107119,1.678466097,1.77729168,1.749999695,0.03765684658,0.006742665477,0.02444146508,0.05087222807,0.03642372769,,0.5943042941,10.41000255,0.537892077,10.46715672,0.1999214152,43.16812385,9.4632404
9017,quad80,2,,0.7968395838,0.01438630871,0.7686429368,0.8250362307,0.7760761197,0.8272877424,0.01349645646,0.8008351738,0.853740311,0.8124998474,1.694245936,0.02267501422,1.649803725,1.738688148,1.749999695,0.03044815861,0.004499295241,0.02162970198,0.03926661524,0.03642372769,,0.5658290205,13.97521151,0.5821583329,12.97521151,0.3464348437,18.10635607,8.9180924
9018,quad80,2,,0.7769294642,0.01128725307,0.7548068547,0.7990520737,0.7760761197,0.8152169982,0.01086311393,0.7939256861,0.8365083103,0.8124998474,1.816289154,0.0239924031,1.769264908,1.8633134,1.749999695,0.03828753406,0.005209742298,0.02807662678,0.04849844133,0.03642372769,,0.6475804285,8.581397278,0.6633652814,8.581397278,0.3359578707,20.45766127,8.7420024
9019,quad80,2,,0.7637080619,0.01140598086,0.7413527502,0.7860633736,0.7760761197,0.8009524343,0.01163325136,0.7781516806,0.823753188,0.8124998474,1.754328032,0.0199021158,1.715320602,1.793335462,1.749999695,0.03724437236,0.00568470069,0.02610256375,0.04838618098,0.03642372769,,0.6488419204,8.624137137,0.6482054935,8.624137137,0.3613912373,21.29973663,8.0330497
9020,quad80,2,,0.7907794624,0.01243993958,0.7663976288,0.8151612959,0.7760761197,0.8247029757,0.01324876845,0.7987358667,0.8506700847,0.8124998474,1.797808423,0.03253713225,1.734036815,1.86158003,1.749999695,0.03392351334,0.006733362508,0.02072636533,0.04712066135,0.03642372769,,0.2599890951,68.2466467,0.2601036918,67.2466467,0.03484421492,262.9320169,9.0761163
9021,quad80,2,,0.8286169767,0.01300851619,0.8031207535,0.8541131999,0.7760761197,0.8602714115,0.01245981362,0.8358506255,0.8846921974,0.8124998474,1.809486255,0.02097161323,1.768382648,1.850589862,1.749999695,0.03165443475,0.004351215661,0.02312620877,0.04018266074,0.03642372769,,0.4556928661,30.04486149,0.4767285965,29.04486149,0.2512387144,36.63082354,8.56354
9022,quad80,2,,0.7641338458,0.01115150073,0.742277306,0.7859903856,0.7760761197,0.7993293298,0.01104770085,0.777676234,0.8209824256,0.8124998474,1.820500266,0.02348185271,1.77447668,1.866523851,1.749999695,0.03519548402,0.005171032028,0.02506044748,0.04533052055,0.03642372769,,0.6132976348,10.13375019,0.6321080455,9.133750188,0.3481661939,19.69989718,8.2917279
9023,quad80,2,,0.7873341778,0.01632310606,0.7553414778,0.8193268778,0.7760761197,0.8199545139,0.01591383465,0.7887639711,0.8511450567,0.8124998474,1.762874274,0.02306397077,1.717669722,1.808078826,1.749999695,0.03262033607,0.005566404047,0.02171038461,0.04353028752,0.03642372769,,0.4364086841,22.85756938,0.4382078629,21.85756938,0.2434682708,39.27918853,9.1162692
9024,quad80,2,,0.7884628562,0.01450411878,0.7600353057,0.8168904066,0.7760761197,0.8223497825,0.01416796379,0.7945810838,0.8501184813,0.8124998474,1.807413784,0.02570954745,1.757023996,1.857803571,1.749999695,0.03388692637,0.004767177395,0.02454343037,0.04323042238,0.03642372769,,0.4866514085,31.49665602,0.4968579321,30.49665602,0.204795693,56.68824619,7.4401563
9025,quad80,2,,0.7784240347,0.01279365292,0.7533489357,0.8034991336,0.7760761197,0.8153300147,0.01274885774,0.7903427127,0.8403173167,0.8124998474,1.811776861,0.03137924315,1.750274675,1.873279048,1.749999695,0.03690598,0.005712595909,0.02570949776,0.04810246224,0.03642372769,,0.5780643636,17.8372204,0.5950285138,16.8372204,0.2528861691,41.72319551,7.1686788
9026,quad80,2,,0.7895771836,0.01237214333,0.7653282283,0.813826139,0.7760761197,0.8245073843,0.0119191854,0.8011462102,0.8478685585,0.8124998474,1.768081538,0.02090300906,1.727112393,1.809050683,1.749999695,0.0349302007,0.004891979223,0.02534209761,0.04451830379,0.03642372769,,0.6183579486,11.3847085,0.6278382303,10.3847085,0.2448342993,37.81039937,7.0466031
9027,quad80,2,,0.7553326045,0.01234044346,0.7311457798,0.7795194293,0.7760761197,0.7923667543,0.01176173687,0.7693141736,0.8154193349,0.8124998474,1.76019247,0.02482689592,1.711532648,1.808852292,1.749999695,0.03703414974,0.005180475784,0.02688060378,0.0471876957,0.03642372769,,0.606962376,14.63287022,0.6129785229,14.63287022,0.3301096884,22.77498624,7.0281383
9028,quad80,2,,0.7640136636,0.01115017216,0.7421597277,0.7858675994,0.7760761197,0.793848996,0.01074943453,0.7727804914,0.8149175005,0.8124998474,1.782549388,0.02427790275,1.734965573,1.830133203,1.749999695,0.02983533236,0.004214917325,0.02157424621,0.03809641852,0.03642372769,,0.6293642111,8.503983492,0.6442086759,7.503983492,0.1616601305,82.93045066,8.3373715
9029,quad80,2,,0.7324582431,0.01239182835,0.7081707059,0.7567457804,0.7760761197,0.7718039764,0.01263131995,0.7470470442,0.7965609086,0.8124998474,1.71842737,0.02137997204,1.676523394,1.760331345,1.749999695,0.03934573326,0.005435538528,0.02869227351,0.04999919301,0.03642372769,,0.5797652579,15.76185748,0.5715906458,14.76185748,0.3377027976,16.65898111,8.720562
9030,quad80,2,,0.7899257555,0.01449680539,0.7615125391,0.818338972,0.7760761197,0.821334157,0.0142747338,0.7933561928,0.8493121211,0.8124998474,1.89774585,0.03166862139,1.835676492,1.959815207,1.749999695,0.03140840145,0.00432014274,0.02294107727,0.03987572563,0.03642372769,,0.4511346887,29.10708746,0.4640454025,28.10708746,0.1733019049,47.87834646,9.9428112
9031,quad80,2,,0.7914448402,0.01218641249,0.7675599106,0.8153297697,0.7760761197,0.8273254182,0.01284943942,0.8021409797,0.8525098567,0.8124998474,1.733183318,0.02843142786,1.677458744,1.788907893,1.749999695,0.035880578,0.006781522569,0.02258903801,0.049172118,0.03642372769,,0.5502534015,24.44081004,0.5349925302,23.44081004,0.1464723809,82.42373622,7.9782584
9032,quad80,2,,0.7568109652,0.01316495821,0.7310081212,0.7826138091,0.7760761197,0.7902330342,0.0129550976,0.7648415095,0.8156245589,0.8124998474,1.768432226,0.0246111475,1.720195263,1.816669189,1.749999695,0.03342206901,0.00493490521,0.02374983253,0.04309430549,0.03642372769,,0.5817487914,11.16590017,0.5655402916,16.49003066,0.2778021325,29.23536569,8.2076449
9033,quad80,2,,0.74894725,0.01256620855,0.7243179339,0.7735765662,0.7760761197,0.7990226376,0.01289006537,0.7737585738,0.8242867015,0.8124998474,1.738649229,0.02577855895,1.688124181,1.789174276,1.749999695,0.0500753876,0.00679757152,0.03675239223,0.06339838296,0.03642372769,,0.5940171387,11.50731811,0.5975164901,10.75240895,0.2932803288,29.25245312,7.5341224
9034,quad80,2,,0.7741333989,0.01254826777,0.749539246,0.7987275518,0.7760761197,0.8143602908,0.01276394393,0.7893434204,0.8393771612,0.8124998474,1.702306931,0.02245241721,1.658301002,1.74631286,1.749999695,0.04022689185,0.006704974492,0.02708538333,0.05336840037,0.03642372769,,0.5859913852,17.3729878,0.5287564994,16.3729878,0.2338752573,57.60438102,6.8089071
9035,quad80,2,,0.7723576631,0.01140681197,0.7500007224,0.7947146037,0.7760761197,0.8037026251,0.01099310685,0.7821565316,0.8252487186,0.8124998474,1.676606092,0.01807295768,1.641183746,1.712028438,1.749999695,0.03134496202,0.004437198391,0.02264821298,0.04004171106,0.03642372769,,0.6302794221,10.96555032,0.6437669344,9.965550323,0.3622649829,22.11156246,6.8738407
9036,quad80,2,,0.7409675572,0.01061875215,0.7201551854,0.761779929,0.7760761197,0.7812291521,0.01051112223,0.7606277311,0.8018305731,0.8124998474,1.691119054,0.01937700309,1.653140825,1.729097282,1.749999695,0.04026159483,0.005295831214,0.02988195638,0.05064123328,0.03642372769,,0.6403444352,12.05546523,0.6477393183,11.05546523,0.3570670534,23.15740736,7.3448159
9037,quad80,2,,0.7265315883,0.01123584034,0.7045097459,0.7485534307,0.7760761197,0.7683205808,0.01124360161,0.7462835266,0.790357635,0.8124998474,1.725282135,0.02319464432,1.679821468,1.770742803,1.749999695,0.04178899255,0.005951695144,0.03012388442,0.05345410068,0.03642372769,,0.5953516176,20.9136788,0.5983488362,19.9136788,0.151878646,93.52876622,7.9052695
9038,quad80,2,,0.7672402167,0.01210781648,0.7435093325,0.7909711009,0.7760761197,0.8105101427,0.0115358451,0.7879003017,0.8331199836,0.8124998474,1.830013442,0.01995683778,1.790898759,1.869128125,1.749999695,0.04326992599,0.005315346444,0.03285203839,0.05368781359,0.03642372769,,0.635381525,10.35099663,0.6406832082,10.72575004,0.3905306015,12.71374161,7.8118495
9039,quad80,2,,0.773555922,0.01326877861,0.7475495938,0.7995622502,0.7760761197,0.8041559329,0.01326648414,0.7781541018,0.830157764,0.8124998474,1.853015188,0.03060947467,1.79302172,1.913008656,1.749999695,0.03060001089,0.005486956495,0.01984577378,0.04135424801,0.03642372769,,0.5488327974,13.86019458,0.5345980012,16.8165228,0.2167821685,45.04973926,7.6341556
9040,quad80,2,,0.7450108011,0.01540052626,0.7148263242,0.7751952779,0.7760761197,0.7821330594,0.01526341506,0.7522173156,0.8120488032,0.8124998474,1.731186664,0.02798823993,1.676330721,1.786042606,1.749999695,0.0371222583,0.005110130652,0.02710658627,0.04713793034,0.03642372769,,0.549991773,17.74400662,0.5208890534,17.74400662,0.2210878162,50.86315082,8.0033473
9041,quad80,2,,0.7884944037,0.01096155441,0.7670101518,0.8099786556,0.7760761197,0.8327228339,0.01359752583,0.806072173,0.8593734948,0.8124998474,1.710792258,0.02951122702,1.652951316,1.7686332,1.749999695,0.04422843023,0.009867545812,0.02488839582,0.06356846464,0.03642372769,,0.6039948341,18.01265989,0.3303156414,58.17009523,0.1412343693,94.02175135,7.8884354
9042,quad80,2,,0.772397539,0.01390847553,0.7451374279,0.7996576502,0.7760761197,0.8125087453,0.01333912109,0.7863645484,0.8386529422,0.8124998474,1.753428685,0.02252646698,1.709277621,1.797579748,1.749999695,0.04011120625,0.005958178977,0.02843339004,0.05178902246,0.03642372769,,0.5988592588,15.92953708,0.5937592701,14.92953708,0.3337820448,15.46144979,7.6502394
9043,quad80,2,,0.7541295769,0.01227117348,0.7300785188,0.778180635,0.7760761197,0.7995271285,0.01156021452,0.7768695244,0.8221847326,0.8124998474,1.759357855,0.02019973498,1.719767102,1.798948608,1.749999695,0.04539755158,0.005722971885,0.0341807328,0.05661437036,0.03642372769,,0.6111024077,10.87009823,0.6172820506,10.87009823,0.2412469074,39.09606317,8.2551079
9044,quad80,2,,0.7750450419,0.01014534502,0.7551605311,0.7949295528,0.7760761197,0.8192057487,0.01192639479,0.7958304444,0.8425810529,0.8124998474,1.711725868,0.01984858736,1.672823352,1.750628384,1.749999695,0.04416070671,0.008563042784,0.02737745126,0.06094396217,0.03642372769,,0.6640524769,9.625742752,0.4916381473,34.3587422,0.291172268,26.35826395,8.3741881
9045,quad80,2,,0.7662987026,0.01470669872,0.7374741028,0.7951233025,0.7760761197,0.8098515821,0.01486163761,0.7807233076,0.8389798566,0.8124998474,1.662513117,0.02568807683,1.612165411,1.712860822,1.749999695,0.04355287945,0.006011616895,0.03177032685,0.05533543206,0.03642372769,,0.3828669371,44.60500299,0.3910340646,43.60500299,0.1397495724,96.62674841,8.7179203
9046,quad80,2,,0.763226118,0.01315536375,0.7374420789,0.7890101572,0.7760761197,0.8053583872,0.01246254723,0.7809322435,0.8297845309,0.8124998474,1.678236249,0.021836315,1.635437858,1.72103464,1.749999695,0.04213226918,0.00574515752,0.03087196735,0.053392571,0.03642372769,,0.4901633429,25.85901,0.5028315074,24.85901,0.3094668721,29.05834247,7.9732697
9047,quad80,2,,0.8037132563,0.01226920661,0.7796660532,0.8277604593,0.7760761197,0.8450445566,0.01228841153,0.8209597126,0.8691294007,0.8124998474,1.786419801,0.0215318078,1.744218233,1.828621369,1.749999695,0.04133130037,0.006098311644,0.02937882918,0.05328377156,0.03642372769,,0.5591480643,15.54165399,0.5773109391,15.54165399,0.2849014399,28.03892643,7.2707373
9048,quad80,2,,0.7719997318,0.01242591382,0.7476453883,0.7963540754,0.7760761197,0.8061494111,0.01265190923,0.7813521246,0.8309466975,0.8124998474,1.746811131,0.02923489846,1.689511783,1.804110479,1.749999695,0.03414967925,0.005087126743,0.02417909405,0.04412026445,0.03642372769,,0.3616900912,36.02139323,0.3657978761,35.02139323,0.2147286061,40.48383067,7.5304309
9049,quad80,2,,0.7696623763,0.01616542325,0.7379787289,0.8013460237,0.7760761197,0.8113768163,0.01609017029,0.779840662,0.8429129705,0.8124998474,1.893143565,0.03112106808,1.832147392,1.954139737,1.749999695,0.04171443998,0.006024977705,0.02990570067,0.05352317929,0.03642372769,,0.4211169925,29.59241389,0.4397973421,28.59241389,0.2426691623,29.39147483,7.9479224
9050,quad80,2,,0.7358951233,0.01197191968,0.7124305919,0.7593596547,0.7760761197,0.7686440028,0.01173872093,0.7456365326,0.7916514731,0.8124998474,1.768585801,0.02152934588,1.726389058,1.810782543,1.749999695,0.03274887954,0.004447936749,0.02403108371,0.04146667537,0.03642372769,,0.6120426982,10.13748942,0.6297867965,9.137489417,0.3381473514,26.81983875,7.0901315
9051,quad80,2,,0.7612892487,0.01222241052,0.7373337643,0.7852447332,0.7760761197,0.8008648398,0.01174739083,0.7778403768,0.8238893027,0.8124998474,1.805421353,0.02026669243,1.765699366,1.84514334,1.749999695,0.03957559104,0.005041814441,0.02969381632,0.04945736576,0.03642372769,,0.5471367184,15.81437542,0.5746131117,14.81437542,0.3582414174,25.3232268,7.8256521
9052,quad80,2,,0.8085503218,0.01459800609,0.7799387556,0.837161888,0.7760761197,0.8515074962,0.01424419386,0.8235893892,0.8794256031,0.8124998474,1.778830849,0.02356175453,1.732650658,1.825011039,1.749999695,0.0429571744,0.005864293185,0.03146337096,0.05445097783,0.03642372769,,0.5354815758,19.78170044,0.5453922669,19.78170044,0.2699697727,32.79445718,8.0790004
9053,quad80,2,,0.7988993194,0.01532831558,0.7688563729,0.8289422659,0.7760761197,0.8291307284,0.0146117501,0.8004922245,0.8577692324,0.8124998474,1.716241336,0.02361146504,1.669963714,1.762518957,1.749999695,0.03023140902,0.004642987183,0.02113132136,0.03933149668,0.03642372769,,0.4866655895,24.90207723,0.504318487,23.90207723,0.2851859777,36.77576834,7.5509758
9054,quad80,2,,0.7730375068,0.01222935601,0.7490684094,0.7970066041,0.7760761197,0.8212889085,0.01449038867,0.7928882685,0.8496895484,0.8124998474,1.725399881,0.02938305974,1.667810142,1.78298962,1.749999695,0.04825140168,0.009241097315,0.03013918377,0.06636361959,0.03642372769,,0.5210935543,16.78253177,0.4477477448,16.64155349,0.09170504222,134.9654907,8.4670702
9055,quad80,2,,0.7625801511,0.01334378676,0.7364268096,0.7887334926,0.7760761197,0.8020024938,0.01366076066,0.7752278949,0.8287770927,0.8124998474,1.806970977,0.028805823,1.750512601,1.863429353,1.749999695,0.03942234267,0.006935602394,0.02582881177,0.05301587357,0.03642372769,,0.5063811419,19.30473187,0.495110579,19.30473187,0.1893118804,51.49377608,8.0528003
9056,quad80,2,,0.7844993718,0.0182494929,0.748731023,0.8202677206,0.7760761197,0.8221785261,0.01768195784,0.7875225256,0.8568345267,0.8124998474,1.752933531,0.02197292384,1.709867392,1.79599967,1.749999695,0.03767915435,0.004773338316,0.02832358316,0.04703472553,0.03642372769,,0.430143199,27.0953486,0.4493154498,26.0953486,0.2848359424,29.90613779,7.7459267
9057,quad80,2,,0.7827409513,0.01535523896,0.752645236,0.8128366666,0.7760761197,0.8138548509,0.01491523006,0.7846215372,0.8430881647,0.8124998474,1.988608672,0.03473327629,1.920532701,2.056684643,1.749999695,0.03111389963,0.006003386315,0.01934747867,0.04288032059,0.03642372769,,0.4541585837,27.96341684,0.454397425,26.96341684,0.1758299641,59.76868907,10.8186896
9058,quad80,2,,0.7460500943,0.01168768684,0.7231426491,0.7689575396,0.7760761197,0.7934219271,0.0116816203,0.7705263721,0.8163174822,0.8124998474,1.84034274,0.02269063043,1.795869922,1.884815559,1.749999695,0.0473718328,0.006354266965,0.0349176984,0.0598259672,0.03642372769,,0.6228393971,15.65443013,0.6136517447,14.65443013,0.3769948885,18.04468681,7.583192
9059,quad80,2,,0.786049921,0.01264255962,0.7612709595,0.8108288826,0.7760761197,0.8361735507,0.01325927964,0.8101858401,0.8621612612,0.8124998474,1.66555437,0.02052878474,1.625318692,1.705790049,1.749999695,0.05012362964,0.007439429712,0.03554261534,0.06470464394,0.03642372769,,0.4977325159,31.60402596,0.4680998807,30.60402596,0.2812736979,40.82536477,8.9201282
9060,quad80,2,,0.759322037,0.01278905103,0.7342559576,0.7843881164,0.7760761197,0.7855903021,0.01210015747,0.7618744292,0.8093061749,0.8124998474,1.671338511,0.02502796124,1.622284609,1.720392414,1.749999695,0.02626826504,0.004700272504,0.01705590022,0.03548062987,0.03642372769,,0.5684145431,13.2290188,0.5477027962,15.7445224,0.2126902366,36.02709695,8.0396553
9061,quad80,2,,0.7482285012,0.01124780376,0.7261832109,0.7702737915,0.7760761197,0.7898989252,0.01178836401,0.7667941563,0.8130036941,0.8124998474,1.803943857,0.022947606,1.758967376,1.848920339,1.749999695,0.04167042405,0.0060044797,0.02990186009,0.053438988,0.03642372769,,0.60594538,11.39209883,0.6237619536,10.39209883,0.3865097637,20.20698074,6.7556299
9062,quad80,2,,0.7475690818,0.01250166002,0.7230662784,0.7720718852,0.7760761197,0.7853659629,0.01228500994,0.7612877859,0.80944414,0.8124998474,1.711864807,0.02361085155,1.665588389,1.758141226,1.749999695,0.03779688113,0.006052946482,0.02593332402,0.04966043823,0.03642372769,,0.5990199112,13.90742545,0.5789156283,12.90742545,0.2567024384,32.7386691,9.1953811
9063,quad80,2,,0.7363205669,0.01071693583,0.7153157586,0.7573253751,0.7760761197,0.7781765893,0.01047215805,0.7576515367,0.7987016419,0.8124998474,1.828221273,0.02460607747,1.779994247,1.876448298,1.749999695,0.04185602241,0.005381583409,0.03130831275,0.05240373207,0.03642372769,,0.6660910959,7.871642341,0.6707337925,6.871642341,0.3440366455,34.51759423,7.5514811
9064,quad80,2,,0.7371822539,0.01136146861,0.7149141846,0.7594503232,0.7760761197,0.7736450893,0.01166411746,0.7507838392,0.7965063395,0.8124998474,1.695481613,0.02323396738,1.649943874,1.741019353,1.749999695,0.03646283544,0.005932602006,0.02483514917,0.04809052171,0.03642372769,,0.620821774,11.94138608,0.5845924006,11.94138608,0.2313358053,40.15512723,6.9270386
9065,quad80,2,,0.7814576931,0.01162242213,0.7586781643,0.8042372219,0.7760761197,0.8263945517,0.01106729101,0.8047030599,0.8480860435,0.8124998474,1.8428677,0.02083178154,1.802038158,1.883697241,1.749999695,0.04493685864,0.005893982055,0.03338486608,0.05648885119,0.03642372769,,0.5600907478,18.42914113,0.5829395395,17.42914113,0.3415213512,20.68662018,8.5265949
9066,quad80,2,,0.74581143,0.01126316828,0.7237360258,0.7678868342,0.7760761197,0.7956329541,0.01171247964,0.7726769159,0.8185889924,0.8124998474,1.770502382,0.03111983327,1.709508629,1.831496134,1.749999695,0.04982152413,0.007288495315,0.03553633581,0.06410671245,0.03642372769,,0.4659727883,37.90784609,0.4697142074,36.90784609,0.2690776656,29.34275378,8.9202488
9067,quad80,2,,0.7937539278,0.01276214975,0.7687405739,0.8187672816,0.7760761197,0.8358569196,0.01254627705,0.8112666684,0.8604471707,0.8124998474,1.846674163,0.02394997022,1.799733084,1.893615242,1.749999695,0.04210299183,0.00557504828,0.03117609799,0.05302988567,0.03642372769,,0.6197025136,11.20999716,0.6389669576,10.20999716,0.3042825699,33.16167032,8.0553111
9068,quad80,2,,0.7877268302,0.01125960405,0.7656584118,0.8097952486,0.7760761197,0.824800005,0.01086543042,0.8035041527,0.8460958573,0.8124998474,1.735261109,0.02164718969,1.692833397,1.777688821,1.749999695,0.03707317476,0.004862057204,0.02754371775,0.04660263177,0.03642372769,,0.644355633,8.8919245,0.6609422515,7.8919245,0.305068963,31.25137026,6.9731454
9069,quad80,2,,0.7422001295,0.0123785404,0.7179386361,0.7664616229,0.7760761197,0.7758711711,0.01200182866,0.7523480192,0.799394323,0.8124998474,1.677202577,0.02279447204,1.632526233,1.721878921,1.749999695,0.03367104162,0.005105114987,0.02366520011,0.04367688313,0.03642372769,,0.6065057328,15.21894656,0.6053575792,14.21894656,0.1992300992,70.84791374,7.4411132
9070,quad80,2,,0.75177495,0.01186583877,0.7285183334,0.7750315666,0.7760761197,0.7947683685,0.01171978894,0.7717980043,0.8177387327,0.8124998474,1.758241498,0.02113574067,1.716816207,1.799666788,1.749999695,0.04299341849,0.005609817756,0.03199837773,0.05398845926,0.03642372769,,0.5636763363,19.12680643,0.5751115089,18.12680643,0.3244013851,21.72502858,7.111111
9071,quad80,2,,0.7752007177,0.01137866983,0.7528989346,0.7975025007,0.7760761197,0.8124353066,0.01136695413,0.7901564858,0.8347141273,0.8124998474,1.820698277,0.02856591254,1.764710117,1.876686437,1.749999695,0.03723458886,0.005706418892,0.02605021335,0.04841896437,0.03642372769,,0.6303238532,10.05619028,0.6279271384,10.05619028,0.2634815063,47.51586496,8.1728609
9072,quad80,2,,0.797791345,0.01297733504,0.7723562357,0.8232264543,0.7760761197,0.8454243869,0.01280384188,0.820329318,0.8705194558,0.8124998474,1.877511694,0.02147044402,1.835430397,1.919592991,1.749999695,0.04763304195,0.006266601029,0.03535072963,0.05991535427,0.03642372769,,0.5176892323,23.1802877,0.5165045671,22.1802877,0.37194763,17.20750499,7.3943302
9073,quad80,2,,0.7804961995,0.01348498562,0.7540661133,0.8069262856,0.7760761197,0.8234631176,0.01338024725,0.7972383149,0.8496879203,0.8124998474,1.733704907,0.02668993752,1.681393591,1.786016223,1.749999695,0.04296691814,0.005951838802,0.03130152845,0.05463230784,0.03642372769,,0.5224616193,23.05527855,0.5368865911,22.05527855,0.1454403013,74.08908186,7.142221
9074,quad80,2,,0.7723086352,0.01316182017,0.7465119417,0.7981053287,0.7760761197,0.801371225,0.01369211669,0.7745351694,0.8282072806,0.8124998474,1.816797243,0.02606118442,1.76571826,1.867876226,1.749999695,0.02906258982,0.006175161737,0.01695949522,0.04116568443,0.03642372769,,0.4433991743,29.42499585,0.4306453259,28.42499585,0.1634014776,84.55636111,7.8367003
9075,quad80,2,,0.771972052,0.01203475904,0.7483843577,0.7955597463,0.7760761197,0.8136785097,0.01136875783,0.7913961538,0.8359608656,0.8124998474,1.83664153,0.02122246342,1.795046266,1.878236794,1.749999695,0.04170645768,0.005333849047,0.03125230565,0.05216060971,0.03642372769,,0.6053371312,15.09948853,0.6256269281,14.09948853,0.3267876519,21.27308041,7.4754135
9076,quad80,2,,0.7888039935,0.01082047287,0.7675962563,0.8100117306,0.7760761197,0.8134503857,0.01054701411,0.7927786179,0.8341221535,0.8124998474,1.671610595,0.020126875,1.632162645,1.711058545,1.749999695,0.02464639226,0.003831616923,0.01713656109,0.03215622343,0.03642372769,,0.6269437292,12.69582266,0.6403910022,11.69582266,0.3307129697,19.56647691,8.3294535
9077,quad80,2,,0.806080698,0.0141732074,0.7783017219,0.833859674,0.7760761197,0.832457652,0.01397187755,0.8050732752,0.8598420288,0.8124998474,1.788447707,0.02387695502,1.741649735,1.835245679,1.749999695,0.026376954,0.005197955302,0.01618914881,0.03656475918,0.03642372769,,0.295048047,59.82855277,0.2960208328,58.82855277,0.1739829757,55.92391588,8.3362437
9078,quad80,2,,0.7601158206,0.01129764119,0.7379728507,0.7822587904,0.7760761197,0.788670168,0.01105306065,0.7670065673,0.8103337688,0.8124998474,1.767545259,0.02106717551,1.726254354,1.808836164,1.749999695,0.02855434745,0.00480994075,0.01912703681,0.03798165809,0.03642372769,,0.5717962299,16.01691814,0.5823687503,15.01691814,0.311462084,25.57311148,7.2634253
9079,quad80,2,,0.7874417101,0.01431250214,0.7593897213,0.8154936988,0.7760761197,0.8263938154,0.01355905319,0.7998185594,0.8529690713,0.8124998474,1.700783529,0.02358039211,1.654566809,1.747000248,1.749999695,0.03895210529,0.005045373466,0.02906335501,0.04884085557,0.03642372769,,0.5105758637,27.29618972,0.5268752659,26.29618972,0.2014822963,60.83797588,7.2149943
9080,quad80,2,,0.7983725869,0.01192691096,0.7749962709,0.8217489028,0.7760761197,0.8261643457,0.01173327743,0.8031675446,0.8491611469,0.8124998474,1.699534049,0.0192718582,1.661761901,1.737306197,1.749999695,0.02779175887,0.004368582598,0.01922949432,0.03635402343,0.03642372769,,0.5877081967,17.4056384,0.6010511159,16.4056384,0.3556720219,19.9112847,6.7033776
9081,quad80,2,,0.8159253466,0.01231622958,0.7917859802,0.840064713,0.7760761197,0.8448008775,0.01194644345,0.8213862786,0.8682154764,0.8124998474,1.712107673,0.01868904166,1.675477824,1.748737521,1.749999695,0.02887553089,0.004272510297,0.02050156459,0.0372494972,0.03642372769,,0.5985509349,9.023290931,0.6205257067,9.023290931,0.3515570131,23.56097033,8.2925939
9082,quad80,2,,0.7813331313,0.01188126841,0.7580462732,0.8046199895,0.7760761197,0.8138797834,0.01128888878,0.7917539679,0.8360055988,0.8124998474,1.73785854,0.02233228041,1.694088074,1.781629005,1.749999695,0.03254665202,0.004319021113,0.02408152619,0.04101177785,0.03642372769,,0.609657586,13.04824759,0.6354428455,12.04824759,0.2494803445,49.1126849,7.0091821
9083,quad80,2,,0.7836707556,0.01168232507,0.7607738192,0.806567692,0.7760761197,0.8264919453,0.01123382679,0.8044740494,0.8485098413,0.8124998474,1.706045792,0.02043452435,1.665994861,1.746096724,1.749999695,0.04282118972,0.005281575163,0.03246949262,0.05317288682,0.03642372769,,0.6287555238,16.40298707,0.6473791708,15.40298707,0.3614350689,24.14813969,7.098394
9084,quad80,2,,0.7683046881,0.01413692504,0.7405968242,0.796012552,0.7760761197,0.8040239359,0.01422995172,0.7761337431,0.8319141288,0.8124998474,1.87080979,0.02733021781,1.817243548,1.924376033,1.749999695,0.03571924786,0.006434473295,0.02310791194,0.04833058378,0.03642372769,,0.5603653554,15.12113256,0.5563138881,15.12113256,0.3024522202,27.61009227,7.6643111
9085,quad80,2,,0.7597400801,0.01060943386,0.7389459718,0.7805341883,0.7760761197,0.8147738583,0.01350030612,0.7883137446,0.8412339721,0.8124998474,1.75829679,0.02013105591,1.718840645,1.797752934,1.749999695,0.05503377827,0.01037910436,0.03469110753,0.075376449,0.03642372769,,0.6697381627,6.026649102,0.5363647447,18.28935213,0.3120151032,29.25621824,8.1648491
9086,quad80,2,,0.7790716309,0.01374860466,0.7521248609,0.8060184009,0.7760761197,0.8176708787,0.0131956592,0.7918078619,0.8435338955,0.8124998474,1.715769272,0.02481150105,1.667139624,1.764398921,1.749999695,0.03859924781,0.005040025044,0.02872098024,0.04847751538,0.03642372769,,0.4692461854,20.68761366,0.4445343087,19.68761366,0.1587364241,52.63416934,7.6360155
9087,quad80,2,,0.7872476477,0.01370247775,0.7603912848,0.8141040106,0.7760761197,0.8224340713,0.01361637853,0.7957464598,0.8491216828,0.8124998474,1.696608123,0.02341284758,1.650719785,1.742496461,1.749999695,0.03518642363,0.005095107184,0.02520019705,0.04517265021,0.03642372769,,0.6103086371,14.01556627,0.6163869039,14.01556627,0.3060646558,34.38357748,8.1539344
9088,quad80,2,,0.794326192,0.01344948755,0.7679656808,0.8206867032,0.7760761197,0.8355315048,0.01452586711,0.8070613284,0.8640016812,0.8124998474,1.804020218,0.0253608881,1.75431379,1.853726645,1.749999695,0.04120531281,0.008597369298,0.02435477862,0.05805584699,0.03642372769,,0.4565585286,29.30481946,0.4617032819,28.30481946,0.1647295865,58.17459788,7.1140838
9089,quad80,2,,0.7888683275,0.01108191401,0.7671481752,0.8105884798,0.7760761197,0.8291740602,0.01204313701,0.8055699454,0.852778175,0.8124998474,1.80470273,0.02988064816,1.746137736,1.863267724,1.749999695,0.04030573264,0.007259394637,0.0260775806,0.05453388468,0.03642372769,,0.6711529669,10.32145897,0.6615172931,10.32145897,0.3054113243,38.38530025,7.7837898
9090,quad80,2,,0.7748809274,0.01056802523,0.7541679786,0.7955938763,0.7760761197,0.8013269038,0.01085786219,0.780045885,0.8226079227,0.8124998474,1.827943411,0.0260684323,1.776850223,1.8790366,1.749999695,0.02644597638,0.004438641266,0.01774639936,0.0351455534,0.03642372769,,0.5445936303,23.99186508,0.5518021118,23.99186508,0.2601180319,36.88294659,7.8730124
9091,quad80,2,,0.7978203353,0.01165990849,0.7749673346,0.820673336,0.7760761197,0.8309515856,0.01160525283,0.808205708,0.8536974631,0.8124998474,1.743069408,0.01913760504,1.705560391,1.780578425,1.749999695,0.03313125023,0.004863813734,0.02359835049,0.04266414998,0.03642372769,,0.6264891125,9.891205433,0.6352405128,9.891205433,0.3634759734,13.88291734,8.3352847
9092,quad80,2,,0.7549485755,0.0159038061,0.7237776884,0.7861194627,0.7760761197,0.7889220654,0.01535000806,0.7588366024,0.8190075283,0.8124998474,1.741625368,0.02422068722,1.694153694,1.789097043,1.749999695,0.03397348985,0.005653961063,0.0228919298,0.0450550499,0.03642372769,,0.5667186911,21.04923005,0.5584548923,20.04923005,0.3230078402,28.00021166,7.088376
9093,quad80,2,,0.7266642002,0.01095375322,0.7051952384,0.748133162,0.7760761197,0.7700314386,0.0106410863,0.7491752927,0.7908875845,0.8124998474,1.753446981,0.02275401127,1.708849938,1.798044023,1.749999695,0.0433672384,0.0051438896,0.03328540005,0.05344907676,0.03642372769,,0.6229060071,11.97463657,0.6049971899,11.13900716,0.4334160772,11.73104611,8.318153
9094,quad80,2,,0.7881504206,0.01106393274,0.7664655109,0.8098353303,0.7760761197,0.8248563445,0.01116991481,0.8029637137,0.8467489752,0.8124998474,1.736993343,0.02106621216,1.695704326,1.77828236,1.749999695,0.03670592391,0.005427379541,0.02606845548,0.04734339234,0.03642372769,,0.5876253308,15.61016287,0.5878107123,14.61016287,0.2464194812,50.22998887,8.7725411
9095,quad80,2,,0.7774643869,0.01130866315,0.7552998144,0.7996289594,0.7760761197,0.8145480203,0.01081559221,0.7933498491,0.8357461915,0.8124998474,1.736489228,0.02140263002,1.694540844,1.778437612,1.749999695,0.03708363344,0.004965309268,0.0273518061,0.04681546078,0.03642372769,,0.6171592981,10.73470952,0.6423699428,10.73470952,0.3145277661,33.52243638,7.438728
9096,quad80,2,,0.7686758843,0.01336100212,0.7424888014,0.7948629673,0.7760761197,0.8024447612,0.01275724527,0.7774410199,0.8274485025,0.8124998474,1.724619457,0.02026985991,1.684891261,1.764347652,1.749999695,0.03376887686,0.004678180157,0.02459981224,0.04293794148,0.03642372769,,0.4635017864,25.94819145,0.4830847752,24.94819145,0.1628800206,89.73503315,8.1580244
9097,quad80,2,,0.7467773645,0.0121584793,0.722947183,0.7706075461,0.7760761197,0.788396776,0.01165147738,0.7655603,0.8112332521,0.8124998474,1.758992828,0.02092687233,1.717976912,1.800008744,1.749999695,0.04161941147,0.00569055895,0.03046612088,0.05277270207,0.03642372769,,0.6005886081,17.78318827,0.6197282059,16.78318827,0.3512060881,28.47602036,7.3134536
9098,quad80,2,,0.7605583177,0.0142550313,0.7326189697,0.7884976656,0.7760761197,0.7980267687,0.0141396664,0.7703135318,0.8257400056,0.8124998474,1.754767122,0.02657422851,1.702682591,1.806851653,1.749999695,0.03746845099,0.004698208439,0.02826013165,0.04667677032,0.03642372769,,0.4943587479,24.3823896,0.5046675651,24.3823896,0.2057272978,42.66686316,6.6945113
9099,quad80,2,,0.7776774195,0.01283924965,0.7525129526,0.8028418864,0.7760761197,0.8171510451,0.01285238357,0.7919608362,0.842341254,0.8124998474,1.758739237,0.02276245452,1.714125646,1.803352828,1.749999695,0.03947362565,0.006379594002,0.02696985117,0.05197740013,0.03642372769,,0.5781304908,12.79146411,0.5772505499,13.58656707,0.3087014776,28.95006288,7.9032203
9100,quad80,2,,0.7854463573,0.01340866722,0.7591658525,0.8117268621,0.7760761197,0.8210183275,0.01298761477,0.7955630703,0.8464735847,0.8124998474,1.671324672,0.02156640484,1.629055295,1.713594049,1.749999695,0.03557197021,0.004605478118,0.02654539896,0.04459854145,0.03642372769,,0.5607078249,20.33790589,0.57974297,19.33790589,0.3656174888,23.95403888,7.3150905
9101,quad80,2,,0.7972195325,0.01679854395,0.7642949913,0.8301440736,0.7760761197,0.8373317184,0.01655331858,0.8048878101,0.8697756266,0.8124998474,1.604530617,0.03004503994,1.54564342,1.663417813,1.749999695,0.04011218589,0.006241764325,0.02787855261,0.05234581917,0.03642372769,,0.4825269249,16.72458486,0.4999763689,15.72458486,0.2659505537,31.80580795,8.2723953
9102,quad80,2,,0.7879186784,0.01220498454,0.7639973483,0.8118400086,0.7760761197,0.8154800753,0.0120809647,0.7918018196,0.839158331,0.8124998474,1.686072135,0.0220799672,1.642796194,1.729348075,1.749999695,0.02756139686,0.005988833652,0.01582349859,0.03929929513,0.03642372769,,0.5719545266,12.64441749,0.5839745404,11.64441749,0.3218096533,21.74948589,9.0801841
9103,quad80,2,,0.764744521,0.01208135318,0.7410655039,0.7884235381,0.7760761197,0.7984940873,0.01180805663,0.7753507216,0.821637453,0.8124998474,1.637299862,0.0225914585,1.593021417,1.681578307,1.749999695,0.03374956631,0.005320099487,0.02332236292,0.0441767697,0.03642372769,,0.5899816243,10.22938129,0.6013232192,9.229381292,0.3070356906,16.02643643,9.1324568
9104,quad80,2,,0.7904874817,0.01229740124,0.7663850182,0.8145899453,0.7760761197,0.8359736628,0.01331437091,0.8098779754,0.8620693503,0.8124998474,1.786796354,0.02210836052,1.743464764,1.830127945,1.749999695,0.0454861811,0.008236734469,0.02934247819,0.06162988401,0.03642372769,,0.5444193533,24.15975651,0.5428991961,23.15975651,0.2015423724,66.20324859,7.629023
9105,quad80,2,,0.8274787569,0.02141527962,0.7855055802,0.8694519337,0.7760761197,0.8611371846,0.02083083485,0.8203094985,0.9019648707,0.8124998474,1.935910223,0.02829107097,1.880460743,1.991359703,1.749999695,0.03365842765,0.005056898418,0.02374708887,0.04356976642,0.03642372769,,0.4530426687,35.7572621,0.4664346506,34.7572621,0.2335102535,36.80399276,8.4500426
9106,quad80,2,,0.7740816777,0.0125058562,0.7495706499,0.7985927054,0.7760761197,0.8067063017,0.01228693274,0.782624356,0.8307882473,0.8124998474,1.711621381,0.02558595355,1.661473834,1.761768929,1.749999695,0.03262462397,0.005381626961,0.02207682895,0.04317241899,0.03642372769,,0.5668111423,28.19935084,0.5719236283,27.19935084,0.2602580291,34.28513287,7.4125897
9107,quad80,2,,0.7771607269,0.01290647405,0.7518645026,0.8024569512,0.7760761197,0.8195354431,0.01257123428,0.7948962767,0.8441746095,0.8124998474,1.744278522,0.0196706379,1.705724781,1.782832264,1.749999695,0.0423747162,0.005197321406,0.03218815343,0.05256127897,0.03642372769,,0.6171242812,12.77772041,0.572004254,14.15945149,0.3051548163,35.59487013,8.0228711
9108,quad80,2,,0.8020232478,0.01462208174,0.7733644942,0.8306820014,0.7760761197,0.8459411413,0.01446659764,0.8175871309,0.8742951516,0.8124998474,1.685765077,0.03002947794,1.626908382,1.744621773,1.749999695,0.04391789348,0.006473979704,0.03122912643,0.05660666054,0.03642372769,,0.5734711043,16.51354705,0.5724203864,15.51354705,0.2660169755,23.08342609,8.0547871
9109,quad80,2,,0.7249240093,0.01357313887,0.698321146,0.7515268727,0.7760761197,0.7645464922,0.01427313606,0.7365716595,0.7925213248,0.8124998474,1.76514096,0.02422293715,1.717664875,1.812617044,1.749999695,0.03962248282,0.00694494786,0.02601063514,0.0532343305,0.03642372769,,0.523220789,15.78052484,0.4686977019,21.56799866,0.2178105628,57.80717424,7.9886735
9110,quad80,2,,0.7985162985,0.01391334526,0.7712466429,0.8257859541,0.7760761197,0.8301320361,0.01342915923,0.8038113677,0.8564527046,0.8124998474,1.738700224,0.02890821914,1.682041156,1.795359292,1.749999695,0.03161573765,0.005389743869,0.02105203378,0.04217944152,0.03642372769,,0.5894042787,11.07862443,0.591730322,10.07862443,0.2441051523,37.1910804,8.3470357
9111,quad80,2,,0.7936572249,0.01152671927,0.7710652702,0.8162491795,0.7760761197,0.8237111897,0.01115621339,0.8018454132,0.8455769661,0.8124998474,1.78631534,0.02596713285,1.735420694,1.837209985,1.749999695,0.03005396478,0.004664651052,0.02091141672,0.03919651284,0.03642372769,,0.6462696254,12.04184245,0.6518993504,11.04184245,0.2698137579,41.83128087,6.317325
9112,quad80,2,,0.7391235027,0.01175686404,0.7160804726,0.7621665327,0.7760761197,0.7741047495,0.01168274754,0.7512069851,0.7970025139,0.8124998474,1.851950573,0.02321223683,1.806455425,1.897445721,1.749999695,0.03498124686,0.004584657266,0.02599548373,0.04396700998,0.03642372769,,0.593012316,19.80128019,0.6071074718,19.80128019,0.3668532981,19.95086505,7.067502
9113,quad80,2,,0.796118107,0.0116489121,0.7732866588,0.8189495552,0.7760761197,0.8270035046,0.01123760684,0.8049782,0.8490288093,0.8124998474,1.702318165,0.02177198024,1.659645868,1.744990462,1.749999695,0.03088539767,0.004485956902,0.0220930837,0.03967771163,0.03642372769,,0.6138989681,8.49598466,0.6341318806,8.317650042,0.3339194622,22.28463995,6.8657076
9114,quad80,2,,0.7820873037,0.01174279506,0.7590718483,0.8051027591,0.7760761197,0.8137969164,0.01155459842,0.7911503196,0.8364435131,0.8124998474,1.70992036,0.01912081877,1.672444244,1.747396476,1.749999695,0.03170961263,0.004572602731,0.02274747596,0.0406717493,0.03642372769,,0.5226259747,26.56340897,0.5223865351,25.56340897,0.2979567493,38.92400228,6.7463734
9115,quad80,2,,0.7796752158,0.01248929328,0.7551966508,0.8041537808,0.7760761197,0.8084709969,0.01263314958,0.7837104788,0.8332315151,0.8124998474,1.707105487,0.0267013741,1.654771756,1.759439219,1.749999695,0.02879578117,0.005204750087,0.01859465846,0.03899690389,0.03642372769,,0.5390730263,19.85121437,0.5098416629,18.85121437,0.1151091843,95.58116215,6.5048093
9116,quad80,2,,0.7806051706,0.0121488903,0.7567937832,0.8044165581,0.7760761197,0.8178162406,0.01224224591,0.7938218796,0.8418106017,0.8124998474,1.660435448,0.02282196675,1.615705215,1.705165681,1.749999695,0.03721107001,0.005247554759,0.02692605167,0.04749608834,0.03642372769,,0.5907125261,13.95760848,0.5973398054,12.95760848,0.3629085517,19.41085117,7.245393
9117,quad80,2,,0.7658988359,0.01153540261,0.7432898622,0.7885078096,0.7760761197,0.8128322447,0.01125525513,0.79077235,0.8348921394,0.8124998474,1.810751935,0.02369374226,1.764313054,1.857190817,1.749999695,0.0469334088,0.005842347122,0.03548261886,0.05838419875,0.03642372769,,0.552898717,16.69778005,0.5624083888,15.69778005,0.2130382885,66.23120902,8.2367393
9118,quad80,2,,0.7421940319,0.01110339674,0.7204317742,0.7639562896,0.7760761197,0.7906119736,0.01140597998,0.7682566636,0.8129672835,0.8124998474,1.774141792,0.02222967258,1.730572434,1.817711149,1.749999695,0.04841794166,0.006381602904,0.0359102298,0.06092565351,0.03642372769,,0.5489171333,13.99293788,0.5398358758,12.99293788,0.2607793796,34.78011354,6.328937
9119,quad80,2,,0.7813610363,0.0120146908,0.757812675,0.8049093975,0.7760761197,0.8162794325,0.01208189697,0.7925993496,0.8399595154,0.8124998474,1.684346607,0.02092717626,1.643330095,1.725363119,1.749999695,0.0349183962,0.00508658058,0.02494888146,0.04488791094,0.03642372769,,0.5261084678,25.72460886,0.5404360609,24.72460886,0.3071753248,29.94029254,7.1554248
9000,quad80logit,2,,0.7867313591,0.01814771426,0.7511624927,0.8223002254,0.7760761197,0.8196444089,0.01755545726,0.785236345,0.8540524729,0.8124998474,1.762248962,0.08578971681,1.594104207,1.930393717,1.749999695,0.03291304984,0.004408572403,0.0242724067,0.04155369297,0.03642372769,,0.2161667549,89.3229742,0.2179234957,89.3229742,0.004526716976,1410.65418,3.8692036
9001,quad80logit,2,,0.8096746955,0.01906858462,0.7723009564,0.8470484346,0.7760761197,0.8458909237,0.01814187465,0.8103335027,0.8814483446,0.8124998474,1.827228808,0.08670955634,1.657281201,1.997176416,1.749999695,0.03621622817,0.005380927651,0.02566980377,0.04676265257,0.03642372769,,0.3202574447,50.46672533,0.3284393892,49.46672533,0.01600681525,475.1111679,4.2166454
9002,quad80logit,2,,0.7878573155,0.01331381699,0.7617627137,0.8139519173,0.7760761197,0.8193364424,0.01314731689,0.7935681748,0.84510471,0.8124998474,1.783562815,0.03773452962,1.709604496,1.857521135,1.749999695,0.03147912689,0.004712195991,0.02224339246,0.04071486132,0.03642372769,,0.5721018664,14.07391232,0.5851545259,14.07391232,0.08722279573,153.8507427,3.1053998
9003,quad80logit,2,,0.775224406,0.01652231378,0.742841266,0.8076075459,0.7760761197,0.8058338964,0.01593967227,0.7745927129,0.83707508,0.8124998474,1.727697885,0.05120470425,1.627338508,1.828057261,1.749999695,0.03060949047,0.004815997477,0.02117030886,0.04004867207,0.03642372769,,0.3963666448,45.82195444,0.4091421032,44.82195444,0.06624560681,141.6534538,3.9810764
9004,quad80logit,2,,0.7681655474,0.01411837875,0.7404940335,0.7958370613,0.7760761197,0.8021160739,0.0144112532,0.7738705366,0.8303616111,0.8124998474,1.741594634,0.06823140373,1.60786354,1.875325728,1.749999695,0.03395052647,0.006012299913,0.02216663518,0.04573441776,0.03642372769,,0.4759912352,25.06373462,0.4839357006,24.06373462,0.05384104524,153.027425,4.1315036
9005,quad80logit,2,,0.7699316226,0.01297519044,0.7445007166,0.7953625285,0.7760761197,0.8088916043,0.0127923551,0.783819049,0.8339641596,0.8124998474,1.738359486,0.04631414683,1.647585426,1.829133546,1.749999695,0.03895998171,0.005100599997,0.02896298941,0.048956974,0.03642372769,,0.4841765894,41.23301246,0.4892538376,40.23301246,0.01809933593,469.1087711,3.9312828
9006,quad80logit,2,,0.7718935444,0.01715762489,0.7382652176,0.8055218713,0.7760761197,0.8099567188,0.01695626863,0.7767230429,0.8431903946,0.8124998474,1.724833099,0.05966551965,1.60789083,1.841775369,1.749999695,0.03806317435,0.006738619052,0.0248557237,0.051270625,0.03642372769,,0.3868839834,32.08201377,0.3950544712,32.08201377,0.03441484171,254.0955111,3.3605614
9007,quad80logit,2,,0.7700427055,0.01430412688,0.742007132,0.798078279,0.7760761197,0.8112778642,0.01424861578,0.7833510905,0.839204638,0.8124998474,1.764450841,0.06061050262,1.645656438,1.883245243,1.749999695,0.04123515871,0.00604505649,0.0293870657,0.05308325171,0.03642372769,,0.523495088,16.69645877,0.5358550349,16.69645877,0.06692926789,137.8466066,3.5082948
9008,quad80logit,2,,0.79249372,0.01438096005,0.7643075562,0.8206798837,0.7760761197,0.8287832294,0.0137961792,0.801743215,0.8558232437,0.8124998474,1.797127776,0.04018620526,1.718364261,1.875891291,1.749999695,0.03628950939,0.005060487071,0.02637113699,0.0462078818,0.03642372769,,0.4995149589,24.11175195,0.5174883375,23.11175195,0.01859857368,499.7850227,3.7324829
9009,quad80logit,2,,0.7598664856,0.01775220361,0.7250728059,0.7946601654,0.7760761197,0.8003717153,0.01734676772,0.7663726753,0.8343707553,0.8124998474,1.705568339,0.05991524692,1.588136613,1.823000065,1.749999695,0.04050522963,0.006799010363,0.02717941419,0.05383104508,0.03642372769,,0.4411083758,40.9291655,0.4428702439,39.9291655,0.06254666709,194.0724085,3.9542258
9010,quad80logit,2,,0.7790926542,0.01741037626,0.7449689438,0.8132163646,0.7760761197,0.8215520201,0.01734108082,0.7875641262,0.8555399139,0.8124998474,1.794685934,0.0621153384,1.672942107,1.91642976,1.749999695,0.0424593659,0.005995386062,0.03070862515,0.05421010666,0.03642372769,,0.4715801766,36.9389444,0.4744490197,36.9389444,0.09242891292,123.2765951,4.0772961
9011,quad80logit,2,,0.7770046549,0.01910577824,0.7395580177,0.8144512922,0.7760761197,0.8105289255,0.01817786915,0.7749009567,0.8461568944,0.8124998474,1.744271673,0.07670269811,1.593937147,1.894606199,1.749999695,0.03352427056,0.004736956127,0.02424000715,0.04280853396,0.03642372769,,0.133637372,143.673016,0.1327582145,143.673016,0.002345652502,2137.714001,5.2389629
9012,quad80logit,2,,0.7897910368,0.01290797903,0.7644918628,0.8150902108,0.7760761197,0.8281413905,0.01262925653,0.8033885026,0.8528942785,0.8124998474,1.766981216,0.04192076127,1.684818034,1.849144398,1.749999695,0.0383503537,0.005546438697,0.02747953362,0.04922117379,0.03642372769,,0.4458639767,31.02781884,0.4543836694,30.02781884,0.0388492114,238.1426852,2.7195344
9013,quad80logit,2,,0.7603999309,0.01662014368,0.7278250478,0.7929748139,0.7760761197,0.8081645386,0.01782162803,0.7732347895,0.8430942877,0.8124998474,1.762794392,0.05133102124,1.66218744,1.863401345,1.749999695,0.04776460776,0.008794213952,0.03052826514,0.06500095038,0.03642372769,,0.5761946978,16.58548117,0.5503689636,16.58548117,0.1113473747,103.438092,4.8627959
9014,quad80logit,2,,0.7662092099,0.02055603586,0.7259201199,0.8064982998,0.7760761197,0.8006085963,0.01978463297,0.7618314283,0.8393857644,0.8124998474,1.724478726,0.1324526136,1.464876374,1.984081079,1.749999695,0.03439938647,0.004985932926,0.02462713751,0.04417163544,0.03642372769,,0.06617579394,225.346751,0.06557760332,225.346751,0.0006088080103,12454.554,2.2868731
9015,quad80logit,2,,0.787754967,0.01529282915,0.7577815726,0.8177283613,0.7760761197,0.8241924881,0.01522321357,0.7943555378,0.8540294385,0.8124998474,1.79235026,0.0560180973,1.682556807,1.902143714,1.749999695,0.03643752119,0.005415567985,0.02582320298,0.04705183939,0.03642372769,,0.3263878257,61.85537896,0.3333891465,60.85537896,0.01967289081,489.0137672,2.7882891
9016,quad80logit,2,,0.7768985762,0.01532931121,0.7468536783,0.8069434741,0.7760761197,0.8145453909,0.0154190123,0.7843246821,0.8447660997,0.8124998474,1.751793925,0.09014179564,1.575119252,1.928468598,1.749999695,0.0376468147,0.00620859637,0.02547818942,0.04981543998,0.03642372769,,0.5263269196,26.28471806,0.5031292959,26.28471806,0.01040290444,751.0879103,4.5081972
9017,quad80logit,2,,0.7806927763,0.01696315235,0.7474456087,0.813939944,0.7760761197,0.8116944203,0.0164960091,0.7793628366,0.844026004,0.8124998474,1.763983422,0.06138363124,1.643673716,1.884293128,1.749999695,0.03100164396,0.005346280134,0.02052312745,0.04148016048,0.03642372769,,0.4982135888,20.40558165,0.5073746738,19.40558165,0.09354136413,97.08143469,4.9432202
9018,quad80logit,2,,0.7816450464,0.01556717376,0.7511339465,0.8121561463,0.7760761197,0.818333628,0.01533115849,0.7882851095,0.8483821464,0.8124998474,1.759296233,0.06179424678,1.638181735,1.880410731,1.749999695,0.03668858159,0.00534776961,0.02620714575,0.04717001742,0.03642372769,,0.4949497766,32.39781413,0.5002155816,32.39781413,0.06373759099,179.0412769,4.7211798
9019,quad80logit,2,,0.7852090196,0.0171851056,0.7515268315,0.8188912076,0.7760761197,0.8235843649,0.01715674052,0.7899577714,0.8572109584,0.8124998474,1.77458257,0.134756668,1.510464354,2.038700786,1.749999695,0.03837534532,0.005355411466,0.02787893173,0.04887175892,0.03642372769,,0.4692803138,34.23438459,0.473269415,34.23438459,0.01983807877,396.3663722,5.2038954
9020,quad80logit,2,,0.7892383113,0.03062789273,0.7292087446,0.8492678779,0.7760761197,0.822543694,0.03062536914,0.7625190735,0.8825683145,0.8124998474,1.78036229,0.9185308249,-0.01992504541,3.580649626,1.749999695,0.03330538275,0.005808831897,0.02192028144,0.04469048406,0.03642372769,,0.07952286608,177.2078227,0.07989866471,177.2078227,0.001274285405,6087.945419,3.3037354
9021,quad80logit,2,,0.7990230944,0.01875184438,0.7622701548,0.835776034,0.7760761197,0.8318779182,0.01849612535,0.7956261786,0.8681296577,0.8124998474,1.787999654,0.08730111325,1.616892616,1.959106692,1.749999695,0.03285482381,0.004953146026,0.02314683599,0.04256281163,0.03642372769,,0.3013751727,65.66614132,0.3065300822,65.66614132,0.01021139951,747.8395273,2.9093008
9022,quad80logit,2,,0.7790411175,0.01407380981,0.7514569572,0.8066252779,0.7760761197,0.8122032878,0.01389665427,0.7849663459,0.8394402297,0.8124998474,1.742150991,0.04450834841,1.654916231,1.829385751,1.749999695,0.03316217028,0.00527369493,0.02282591815,0.04349842241,0.03642372769,,0.5025000164,18.97858439,0.5144876353,18.97858439,0.05838834643,171.4962868,3.9315933
9023,quad80logit,2,,0.7774209297,0.01736936116,0.7433776074,0.811464252,0.7760761197,0.8126082512,0.01682267152,0.7796364209,0.8455800816,0.8124998474,1.756842277,0.06207524693,1.635177029,1.878507525,1.749999695,0.03518732149,0.005787022531,0.02384496576,0.04652967723,0.03642372769,,0.3513643958,54.29751269,0.3486977527,53.29751269,0.02366657239,374.4648636,3.9679301
9024,quad80logit,2,,0.7917732441,0.01587916247,0.7606506576,0.8228958307,0.7760761197,0.8250494024,0.01529029274,0.7950809793,0.8550178255,0.8124998474,1.803282033,0.07842610611,1.64956969,1.956994377,1.749999695,0.03327615826,0.004657079633,0.0241484499,0.04240386661,0.03642372769,,0.4087466758,44.85946547,0.4159103572,43.85946547,0.04005905887,210.0187911,2.6719367
9025,quad80logit,2,,0.7803120505,0.02081943284,0.7395067119,0.821117389,0.7760761197,0.8189508742,0.02092286917,0.7779428042,0.8599589442,0.8124998474,1.749813634,0.09052875802,1.572380529,1.927246739,1.749999695,0.03863882373,0.006015392064,0.02684887193,0.05042877553,0.03642372769,,0.4867590685,29.840575,0.4951572554,29.840575,0.07339689897,148.8899292,2.4692263
9026,quad80logit,2,,0.7858224964,0.01359773717,0.7591714213,0.8124735715,0.7760761197,0.8210946904,0.01334145016,0.7949459286,0.8472434522,0.8124998474,1.759933648,0.03401771524,1.693260151,1.826607144,1.749999695,0.03527219397,0.005222625715,0.02503603566,0.04550835227,0.03642372769,,0.5426193005,17.62125876,0.5553974337,17.62125876,0.1152515914,107.7736267,2.6976763
9027,quad80logit,2,,0.7745595408,0.01637460677,0.7424659012,0.8066531803,0.7760761197,0.8110086449,0.01581132835,0.7800190108,0.841998279,0.8124998474,1.740630079,0.06530208737,1.612640339,1.868619818,1.749999695,0.03644910412,0.004908859067,0.02682791714,0.04607029109,0.03642372769,,0.5592220412,19.08214121,0.5604013635,19.08214121,0.08523598577,119.2753044,2.7037423
9028,quad80logit,2,,0.7816585158,0.01337245299,0.7554489895,0.807868042,0.7760761197,0.8131944252,0.01291424817,0.7878829639,0.8385058865,0.8124998474,1.785199185,0.05434357849,1.678687728,1.891710642,1.749999695,0.03153590946,0.00452928548,0.02265867304,0.04041314587,0.03642372769,,0.5762154853,15.66560149,0.586610014,15.52969175,0.0815957011,151.2222114,4.143853
9029,quad80logit,2,,0.7503204412,0.01429285462,0.7223069609,0.7783339215,0.7760761197,0.7900627854,0.01441936861,0.7618013423,0.8183242286,0.8124998474,1.713106255,0.05219217587,1.610811471,1.81540104,1.749999695,0.03974234422,0.005753730871,0.02846523894,0.05101944951,0.03642372769,,0.4243744456,42.66385672,0.4290835338,41.66385672,0.04170662447,265.2532876,5.1440538
9030,quad80logit,2,,0.7753765825,0.01446935325,0.7470171713,0.8037359938,0.7760761197,0.8107851076,0.01452753025,0.7823116715,0.8392585437,0.8124998474,1.749634748,0.0604372001,1.631180013,1.868089484,1.749999695,0.03540852505,0.005590840576,0.02445067887,0.04636637122,0.03642372769,,0.3517174555,46.2087591,0.3539687429,46.2087591,0.01526898578,561.044207,2.9042584
9031,quad80logit,2,,0.7672765042,0.01832717984,0.7313558918,0.8031971166,0.7760761197,0.8029834238,0.01893141958,0.7658785233,0.8400883244,0.8124998474,1.724263278,0.1042470427,1.519942828,1.928583727,1.749999695,0.03570691958,0.007067721009,0.02185444095,0.04955939821,0.03642372769,,0.461492564,28.46121945,0.4265347006,27.46121945,0.02301165668,441.5455168,4.5499293
9032,quad80logit,2,,0.7837159078,0.01853993146,0.7473783099,0.8200535057,0.7760761197,0.8186338342,0.01779004497,0.7837659868,0.8535016816,0.8124998474,1.76599612,0.06750071848,1.633697142,1.898295097,1.749999695,0.0349179264,0.004994085461,0.02512969876,0.04470615404,0.03642372769,,0.06895249662,219.7103755,0.0691836607,218.7103755,0.0005874131949,11522.7423,4.0813515
9033,quad80logit,2,,0.7644450381,0.01535621565,0.7343474085,0.7945426677,0.7760761197,0.8109537825,0.01511281664,0.7813332062,0.8405743588,0.8124998474,1.756232433,0.08417160679,1.591259115,1.921205751,1.749999695,0.04650874443,0.006332958221,0.0340963744,0.05892111446,0.03642372769,,0.5142964683,24.26562028,0.5304276737,23.26562028,0.0723086776,146.3653048,4.8387548
9034,quad80logit,2,,0.7730508726,0.01639813427,0.7409111201,0.8051906252,0.7760761197,0.8129882228,0.01585255462,0.7819177866,0.8440586589,0.8124998474,1.744893338,0.05360225587,1.639834847,1.849951829,1.749999695,0.03993735014,0.005850671148,0.0284702454,0.05140445487,0.03642372769,,0.5080313284,18.21566435,0.4686513552,23.88382395,0.03535618699,310.4404501,4.5868158
9035,quad80logit,2,,0.7674155717,0.01261416353,0.7426922655,0.7921388779,0.7760761197,0.7983256496,0.01221672013,0.7743813182,0.8222699811,0.8124998474,1.694681349,0.03412916704,1.627789411,1.761573288,1.749999695,0.03091007796,0.004585120186,0.02192340753,0.03989674839,0.03642372769,,0.5280059966,19.45296361,0.5436165826,18.45296361,0.07246631626,154.1039646,3.5292401
9036,quad80logit,2,,0.7695098846,0.01606175085,0.7380294314,0.8009903378,0.7760761197,0.8068319434,0.01561282541,0.7762313679,0.8374325189,0.8124998474,1.747971672,0.04531906374,1.659147939,1.836795405,1.749999695,0.03732205878,0.005876283179,0.02580475539,0.04883936218,0.03642372769,,0.5245750969,20.42791815,0.531322138,20.42791815,0.06003702471,216.8043974,3.7463105
9037,quad80logit,2,,0.7746189207,0.01353979986,0.7480814006,0.8011564408,0.7760761197,0.8156795546,0.01321374055,0.7897810991,0.8415780102,0.8124998474,1.75112064,0.05033014505,1.652475368,1.849765911,1.749999695,0.04106063391,0.005247349059,0.03077601874,0.05134524908,0.03642372769,,0.3685664346,59.4625294,0.377080975,58.4625294,0.01494471256,572.9620232,2.1865278
9038,quad80logit,2,,0.7846761423,0.01695322538,0.7514484311,0.8179038535,0.7760761197,0.8290795925,0.01648727647,0.7967651244,0.8613940606,0.8124998474,1.789814942,0.2663747734,1.267729979,2.311899904,1.749999695,0.04440345022,0.005437719773,0.03374571531,0.05506118514,0.03642372769,,0.09057221406,160.880094,0.08983899477,160.880094,0.001484646313,4565.237349,2.6350235
9039,quad80logit,2,,0.768310653,0.01781530287,0.733393301,0.803228005,0.7760761197,0.8053625906,0.01781512343,0.7704455903,0.8402795909,0.8124998474,1.737004838,0.1342111673,1.473955784,2.000053892,1.749999695,0.03705193762,0.005546757114,0.02618049344,0.04792338179,0.03642372769,,0.2366956088,80.86489526,0.238749308,80.86489526,0.002590310418,2208.058157,3.181811
9040,quad80logit,2,,0.756697931,0.01510886253,0.7270851046,0.7863107575,0.7760761197,0.7931461673,0.01473391228,0.7642682299,0.8220241047,0.8124998474,1.710095799,0.06103330124,1.590472727,1.829718872,1.749999695,0.03644823628,0.005261151828,0.02613656818,0.04675990438,0.03642372769,,0.1286210001,116.9967205,0.1295608856,116.9967205,0.002063376659,2697.962673,4.6158141
9041,quad80logit,2,,0.7694732325,0.01499465877,0.7400842414,0.7988622237,0.7760761197,0.8153482644,0.01565040178,0.7846740405,0.8460224882,0.8124998474,1.737830732,0.06848560778,1.603601407,1.872060057,1.749999695,0.04587503182,0.007316551702,0.03153485399,0.06021520965,0.03642372769,,0.3197529937,42.60352601,0.3182287886,42.60352601,0.01460646277,467.5228939,3.3281495
9042,quad80logit,2,,0.7661375973,0.01778864974,0.7312724845,0.8010027101,0.7760761197,0.8086955396,0.01792048779,0.7735720289,0.8438190503,0.8124998474,1.753678286,0.08773881357,1.581713372,1.925643201,1.749999695,0.04255794231,0.007815494919,0.02723985374,0.05787603087,0.03642372769,,0.4679444205,32.33781345,0.3878292428,42.77695188,0.0472465084,157.5629639,4.2408742
9043,quad80logit,2,,0.7716142897,0.01858530507,0.7351877611,0.8080408182,0.7760761197,0.8156415858,0.01789916711,0.7805598629,0.8507233087,0.8124998474,1.76739107,0.06258500387,1.644726717,1.890055424,1.749999695,0.04402729614,0.005550769964,0.03314798693,0.05490660536,0.03642372769,,0.2923243213,57.0598465,0.2957930409,56.0598465,0.02758516842,263.2955512,3.65997
9044,quad80logit,2,,0.7750382072,0.01476442067,0.7461004745,0.80397594,0.7760761197,0.8193906986,0.01639786772,0.7872514684,0.8515299287,0.8124998474,1.762727923,0.09135256725,1.583680181,1.941775665,1.749999695,0.04435249132,0.00938480366,0.02595861414,0.0627463685,0.03642372769,,0.3305832399,67.28007666,0.3155998968,67.28007666,0.00287102842,1873.103019,4.5254363
9045,quad80logit,2,,0.7856385123,0.0248643984,0.736905187,0.8343718377,0.7760761197,0.8280541192,0.02503546652,0.7789855064,0.8771227319,0.8124998474,1.776796482,0.1943812237,1.395816285,2.15777668,1.749999695,0.04241560685,0.007566218243,0.02758609159,0.0572451221,0.03642372769,,0.3318715128,48.03900586,0.3346801011,48.03900586,0.01370248552,485.733707,4.1084938
9046,quad80logit,2,,0.7619801324,0.01670062265,0.7292475135,0.7947127513,0.7760761197,0.804951344,0.01539495294,0.7747777907,0.8351248973,0.8124998474,1.745562369,0.03886708754,1.669384277,1.82174046,1.749999695,0.04297121154,0.005770648331,0.03166094864,0.05428147444,0.03642372769,,0.5137734693,16.34896796,0.5327104486,15.34896796,0.1369279572,52.63057811,4.1287524
9047,quad80logit,2,,0.77512057,0.02029785087,0.7353375133,0.8149036267,0.7760761197,0.8101907222,0.01969702162,0.7715852693,0.8487961752,0.8124998474,1.740677101,0.09990633524,1.544864282,1.93648992,1.749999695,0.03507015226,0.0052695051,0.02474211204,0.04539819247,0.03642372769,,0.3045458265,56.58446558,0.314966677,55.58446558,0.01300976532,625.6952738,2.5877122
9048,quad80logit,2,,0.7811086505,0.01861022872,0.7446332725,0.8175840285,0.7760761197,0.8148953417,0.01862510783,0.7783908012,0.8513998823,0.8124998474,1.776443724,0.05987366805,1.659093491,1.893793957,1.749999695,0.03378669124,0.005561892083,0.02288558307,0.04468779941,0.03642372769,,0.3512059883,33.73799206,0.3597991861,33.73799206,0.05514978986,177.8028605,2.2057829
9049,quad80logit,2,,0.7754362751,0.0232570314,0.7298533312,0.8210192191,0.7760761197,0.8126179247,0.02333913833,0.7668740542,0.8583617953,0.8124998474,1.755035911,0.1402814991,1.480089226,2.029982597,1.749999695,0.03718164958,0.006548378055,0.02434706444,0.05001623473,0.03642372769,,0.37931785,30.62049261,0.3843514154,30.62049261,0.0269805258,314.2276511,2.6428171
9050,quad80logit,2,,0.7610251195,0.01455368858,0.7325004141,0.789549825,0.7760761197,0.793843684,0.01401332202,0.7663780775,0.8213092905,0.8124998474,1.716387535,0.03964943237,1.638676076,1.794098995,1.749999695,0.03281856446,0.004358658181,0.0242757514,0.04136137751,0.03642372769,,0.5591717101,14.71690243,0.5779460556,14.71690243,0.1078655582,89.56244092,4.2970763
9051,quad80logit,2,,0.7827473762,0.01185962154,0.7595029451,0.8059918073,0.7760761197,0.8218164589,0.01138755122,0.7994972686,0.8441356492,0.8124998474,1.762135293,0.0310731343,1.701233069,1.823037517,1.749999695,0.03906908266,0.005214979107,0.02884791143,0.04929025389,0.03642372769,,0.1705398261,120.4100686,0.1708728067,120.4100686,0.001805594358,2566.951315,3.8382526
9052,quad80logit,2,,0.7753246584,0.01862054108,0.7388290685,0.8118202483,0.7760761197,0.816958724,0.01871617079,0.7802757033,0.8536417446,0.8124998474,1.754478426,0.09877161542,1.560889617,1.948067235,1.749999695,0.0416340656,0.005748053173,0.03036808841,0.0529000428,0.03642372769,,0.3269856098,43.77780253,0.3303563998,43.77780253,0.01808262051,416.3263943,2.3570829
9053,quad80logit,2,,0.7803146773,0.01878742746,0.7434919961,0.8171373585,0.7760761197,0.8108713103,0.01807412196,0.7754466822,0.8462959384,0.8124998474,1.737648427,0.08269727077,1.575564755,1.8997321,1.749999695,0.03055663301,0.00444633553,0.02184197551,0.03927129052,0.03642372769,,0.4164705802,36.95816998,0.4265794343,36.95816998,0.05244844299,207.2706116,3.2703856
9054,quad80logit,2,,0.7751841778,0.02595613397,0.7243110901,0.8260572656,0.7760761197,0.8219788619,0.02650219673,0.7700355108,0.873922213,0.8124998474,1.763153682,0.1622221944,1.445204023,2.08110334,1.749999695,0.04679468404,0.009330075872,0.02850807136,0.06508129672,0.03642372769,,0.276479658,63.96073694,0.2637854022,62.96073694,0.01514351832,444.7096522,3.69412
9055,quad80logit,2,,0.7720593445,0.01583062902,0.7410318818,0.8030868072,0.7760761197,0.8083421445,0.01569930766,0.7775720669,0.8391122221,0.8124998474,1.72502318,0.06021124663,1.607011305,1.843035055,1.749999695,0.03628280001,0.006437048312,0.02366641715,0.04889918287,0.03642372769,,0.4529974296,25.26663127,0.4626105958,24.26663127,0.05019225821,188.9108279,3.06374
9056,quad80logit,2,,0.788435102,0.01501200237,0.759012118,0.817858086,0.7760761197,0.8272267722,0.01455049734,0.7987083215,0.855745223,0.8124998474,1.7907136,0.05261111371,1.687597712,1.893829488,1.749999695,0.03879167023,0.005171257646,0.02865619149,0.04892714897,0.03642372769,,0.2897052493,70.20748211,0.3000990826,69.20748211,0.006893144379,986.9287197,3.0776626
9057,quad80logit,2,,0.804942139,0.01659341634,0.7724196405,0.8374646374,0.7760761197,0.8387880873,0.01595992896,0.8075072013,0.8700689732,0.8124998474,1.85304088,0.04770495756,1.759540881,1.946540878,1.749999695,0.03384594833,0.005664809955,0.02274312484,0.04494877182,0.03642372769,,0.4385879177,25.52238387,0.4464031506,24.52238387,0.09875275126,80.59114817,3.5866635
9058,quad80logit,2,,0.7591475032,0.01297027467,0.733726232,0.7845687744,0.7760761197,0.8048597426,0.01252640815,0.7803084338,0.8294110515,0.8124998474,1.739670602,0.08187931819,1.579190087,1.900151117,1.749999695,0.04571223942,0.006056036988,0.03384262503,0.0575818538,0.03642372769,,0.5058331988,27.73072131,0.5058591309,27.73072131,0.01008025233,773.8244563,3.5419643
9059,quad80logit,2,,0.7523097658,0.01327276736,0.7262956198,0.7783239118,0.7760761197,0.7969083289,0.01609304764,0.7653665351,0.8284501227,0.8124998474,1.715309577,0.03685465468,1.643075781,1.787543373,1.749999695,0.04459856304,0.01124734054,0.02255418066,0.06664294542,0.03642372769,,0.277673089,72.31588365,0.2657496604,72.31588365,0.008983617497,802.1319653,2.6335967
9060,quad80logit,2,,0.7544212452,0.01833622823,0.7184828982,0.7903595921,0.7760761197,0.790125449,0.01793663791,0.7549702847,0.8252806133,0.8124998474,1.700616746,0.0578936592,1.587147259,1.814086233,1.749999695,0.03570420379,0.00586312605,0.02421268789,0.04719571968,0.03642372769,,0.4099277139,29.13889406,0.3396754626,42.76808312,0.01877662771,518.1513656,3.91877
9061,quad80logit,2,,0.7695977546,0.01307447316,0.7439722581,0.7952232511,0.7760761197,0.8111141851,0.01321682089,0.7852096921,0.837018678,0.8124998474,1.757318749,0.04044545714,1.67804711,1.836590388,1.749999695,0.04151643047,0.005867478698,0.03001638355,0.0530164774,0.03642372769,,0.3949487304,50.01948593,0.4024059891,50.01948593,0.006287190526,1007.350546,3.0039802
9062,quad80logit,2,,0.7575464268,0.01315616054,0.7317608259,0.7833320276,0.7760761197,0.7973021271,0.01289308697,0.7720321409,0.8225721132,0.8124998474,1.702518989,0.03978999245,1.624532037,1.780505941,1.749999695,0.03975570029,0.005673690881,0.0286354705,0.05087593007,0.03642372769,,0.5665242947,12.31774912,0.5741081593,12.31774912,0.1349843166,73.5535652,2.3203084
9063,quad80logit,2,,0.773030383,0.01306690113,0.7474197274,0.7986410386,0.7760761197,0.8145327678,0.01275690492,0.7895296936,0.839535842,0.8124998474,1.757163571,0.02966161015,1.699027883,1.815299258,1.749999695,0.04150238481,0.005245058906,0.03122225826,0.05178251136,0.03642372769,,0.574142693,15.90138392,0.5945143186,14.90138392,0.2059271388,33.80234334,3.5344822
9064,quad80logit,2,,0.7768071679,0.01590157836,0.745640647,0.8079736887,0.7760761197,0.8109405734,0.0155217257,0.78051855,0.8413625967,0.8124998474,1.777832176,0.07681090088,1.627285577,1.928378776,1.749999695,0.03413340552,0.005626702397,0.02310527147,0.04516153956,0.03642372769,,0.5261153655,21.58035048,0.521643872,20.58035048,0.04392189938,209.7783154,2.9351238
9065,quad80logit,2,,0.7774315264,0.01593946022,0.7461907585,0.8086722944,0.7760761197,0.8183282427,0.01494609545,0.7890344339,0.8476220515,0.8124998474,1.752836479,0.0835421914,1.589096792,1.916576165,1.749999695,0.04089671626,0.005277351628,0.03055329713,0.05124013538,0.03642372769,,0.4202489169,25.92450708,0.4347336251,25.92450708,0.03149419153,262.2593814,2.9589887
9066,quad80logit,2,,0.7647610459,0.01295780298,0.7393642187,0.790157873,0.7760761197,0.8125107269,0.01286397787,0.7872977936,0.8377236602,0.8124998474,1.750837573,0.04675396677,1.659201482,1.842473664,1.749999695,0.04774968103,0.006949348759,0.03412920774,0.06137015431,0.03642372769,,0.4065726282,54.72058562,0.4088816729,54.72058562,0.01443936492,559.6427401,3.9733454
9067,quad80logit,2,,0.7755658858,0.01418851879,0.7477569,0.8033748716,0.7760761197,0.8180384037,0.01409001044,0.7904224907,0.8456543167,0.8124998474,1.774487245,0.05376815918,1.669103589,1.8798709,1.749999695,0.04247251788,0.005877676448,0.03095248373,0.05399255203,0.03642372769,,0.5623785898,17.51435182,0.5676382779,16.51435182,0.1088601866,98.95110072,4.2901836
9068,quad80logit,2,,0.7690619741,0.01494683609,0.7397667137,0.7983572345,0.7760761197,0.8065089941,0.0145449074,0.7780014995,0.8350164888,0.8124998474,1.73480801,0.05837293224,1.620399165,1.849216855,1.749999695,0.03744702003,0.005216223456,0.02722340992,0.04767063014,0.03642372769,,0.3135775957,64.60544485,0.3175629964,64.60544485,0.0102248018,769.2889732,4.0306546
9069,quad80logit,2,,0.7607946192,0.01641659184,0.7286186904,0.7929705479,0.7760761197,0.7944042811,0.01542635923,0.7641691726,0.8246393896,0.8124998474,1.733893341,0.04933977763,1.637189154,1.830597528,1.749999695,0.03360966196,0.004684203709,0.0244287914,0.04279053253,0.03642372769,,0.4874600306,32.68827227,0.4961024727,31.68827227,0.07412782093,130.3875636,3.5520065
9070,quad80logit,2,,0.7606582717,0.01974526655,0.7219582604,0.799358283,0.7760761197,0.8025897964,0.02013766816,0.763120692,0.8420589007,0.8124998474,1.724890207,0.164425965,1.402621238,2.047159177,1.749999695,0.04193152466,0.006910586993,0.02838702304,0.05547602628,0.03642372769,,0.3131502243,68.73749663,0.311715081,68.73749663,0.01003413598,669.0257894,3.1529639
9071,quad80logit,2,,0.7758434024,0.01441302345,0.7475943955,0.8040924093,0.7760761197,0.8158732795,0.01487155184,0.7867255735,0.8450209855,0.8124998474,1.760506762,0.04969320851,1.663109863,1.857903661,1.749999695,0.04002987708,0.007477596178,0.02537405788,0.05468569628,0.03642372769,,0.5593215487,14.34693546,0.5578169335,13.38367645,0.1338011383,72.1185647,2.6516489
9072,quad80logit,2,,0.7869304634,0.01527532038,0.7569913856,0.8168695412,0.7760761197,0.8319236744,0.01501625678,0.802492352,0.8613549969,0.8124998474,1.786993935,0.06990561254,1.649981452,1.924006418,1.749999695,0.04499321097,0.00753516049,0.03022456779,0.05976185415,0.03642372769,,0.562750537,13.0855923,0.5211057796,24.90591523,0.06982891674,113.6163164,2.305057
9073,quad80logit,2,,0.7689459542,0.01526391648,0.7390292276,0.7988626808,0.7760761197,0.8031485201,0.01463435198,0.7744657173,0.8318313229,0.8124998474,1.747098248,0.04557757798,1.657767837,1.83642866,1.749999695,0.03420256592,0.004683260005,0.02502354498,0.04338158686,0.03642372769,,0.3978377373,35.17785638,0.4079634615,34.17785638,0.02879798033,304.8107653,3.6908056
9074,quad80logit,2,,0.7968132089,0.0135477902,0.7702600281,0.8233663898,0.7760761197,0.8262304598,0.01311383575,0.800527814,0.8519331055,0.8124998474,1.765250112,0.03988854315,1.687070004,1.843430219,1.749999695,0.02941725085,0.005128874727,0.01936484111,0.0394696606,0.03642372769,,0.3296559385,59.9128493,0.332662009,58.9128493,0.02477301726,409.2686589,2.7576294
9075,quad80logit,2,,0.7795371583,0.01298621489,0.7540846448,0.8049896718,0.7760761197,0.8211964778,0.01272010539,0.7962655294,0.8461274262,0.8124998474,1.775439766,0.04222909467,1.692672261,1.85820727,1.749999695,0.0416593195,0.005588795296,0.030705482,0.05261315699,0.03642372769,,0.5388108118,23.61014309,0.552236173,22.61014309,0.1048976432,80.25205791,3.643985
9076,quad80logit,2,,0.7797459276,0.01361791729,0.7530553001,0.806436555,0.7760761197,0.8075733587,0.01330208216,0.7815017567,0.8336449606,0.8124998474,1.728513623,0.03315315507,1.663534633,1.793492613,1.749999695,0.02782743112,0.004154775122,0.01968422152,0.03597064072,0.03642372769,,0.5391840112,16.44177642,0.5505713373,16.44177642,0.07417205045,161.2236145,3.8190032
9077,quad80logit,2,,0.7977735587,0.01927221618,0.7600007091,0.8355464083,0.7760761197,0.824330754,0.01920117751,0.7866971376,0.8619643703,0.8124998474,1.761668539,0.07372484159,1.617170505,1.906166573,1.749999695,0.02655719528,0.005379955014,0.01601267722,0.03710171335,0.03642372769,,0.2457485876,79.95338388,0.2452303708,78.95338388,0.0272292798,360.1308511,3.1091164
9078,quad80logit,2,,0.776773832,0.01526335347,0.7468582089,0.8066894551,0.7760761197,0.8106341114,0.0146831029,0.7818557585,0.8394124643,0.8124998474,1.743341941,0.05040555079,1.644548877,1.842135005,1.749999695,0.03386027938,0.004802970055,0.02444663105,0.04327392771,0.03642372769,,0.2337896834,92.29651065,0.2371265006,91.29651065,0.006452863545,1042.572174,3.4065912
9079,quad80logit,2,,0.7778125855,0.01720105986,0.7440991277,0.8115260433,0.7760761197,0.8144491672,0.01643444187,0.7822382531,0.8466600814,0.8124998474,1.751765065,0.07234229805,1.609976767,1.893553364,1.749999695,0.03663658172,0.005080136132,0.02667969786,0.04659346557,0.03642372769,,0.3605336451,52.90114641,0.3616332651,52.90114641,0.003452168649,1712.521409,4.4606349
9080,quad80logit,2,,0.7672706733,0.02108316171,0.7259484356,0.8085929109,0.7760761197,0.7951699818,0.02059943251,0.754795836,0.8355441276,0.8124998474,1.693610834,0.08035611106,1.536115751,1.851105918,1.749999695,0.02789930856,0.004506880203,0.01906598568,0.03673263144,0.03642372769,,0.3769551864,43.25176344,0.3850874723,43.25176344,0.04451758847,255.9206347,3.9939152
9081,quad80logit,2,,0.7745610927,0.02121975775,0.7329711317,0.8161510536,0.7760761197,0.8072443373,0.02112131026,0.7658473298,0.8486413447,0.8124998474,1.737775257,0.09281947372,1.555852431,1.919698083,1.749999695,0.03268324457,0.004777834169,0.02331886168,0.04204762746,0.03642372769,,0.3233741279,53.3322674,0.3298620783,53.3322674,0.01055752943,720.6061804,3.6228221
9082,quad80logit,2,,0.7825271856,0.01592779985,0.7513092715,0.8137450997,0.7760761197,0.8165026216,0.0156739247,0.7857822937,0.8472229495,0.8124998474,1.747696906,0.06816182286,1.614102188,1.881291623,1.749999695,0.03397543597,0.005218226981,0.02374789903,0.04420297292,0.03642372769,,0.3679031609,55.3908708,0.3747846071,54.3908708,0.01559165969,583.7170839,3.6078284
9083,quad80logit,2,,0.7679877236,0.01502956409,0.7385303193,0.797445128,0.7760761197,0.8134133447,0.01511842767,0.7837817709,0.8430449184,0.8124998474,1.734523275,0.05156131303,1.633464958,1.835581592,1.749999695,0.04542562104,0.005843893589,0.03397180008,0.05687944201,0.03642372769,,0.5293968644,21.14787537,0.5418231905,21.14787537,0.1084806052,90.99157313,3.1536099
9084,quad80logit,2,,0.7888328241,0.01921125602,0.7511794542,0.826486194,0.7760761197,0.8219716992,0.01848954549,0.785732856,0.8582105425,0.8124998474,1.776354149,0.06735898133,1.644332972,1.908375327,1.749999695,0.03313887511,0.005478970647,0.02240028997,0.04387746025,0.03642372769,,0.2731436582,61.52975233,0.2774427689,61.52975233,0.005873477036,1139.979443,1.9585883
9085,quad80logit,2,,0.7648966038,0.01344072876,0.7385532595,0.7912399481,0.7760761197,0.8193101945,0.01642252645,0.7871226341,0.8514977549,0.8124998474,1.771205084,0.08545396354,1.603718393,1.938691775,1.749999695,0.0544135907,0.01161601642,0.03164661688,0.07718056452,0.03642372769,,0.5974319838,11.8354112,0.3267735157,65.6995468,0.01882415741,412.1770974,2.9308303
9086,quad80logit,2,,0.7806599994,0.02705726676,0.727628731,0.8336912677,0.7760761197,0.8199928737,0.02639013053,0.7682691683,0.8717165791,0.8124998474,1.762571188,0.2983228704,1.177869107,2.34727327,1.749999695,0.03933287433,0.006113517139,0.02735060092,0.05131514774,0.03642372769,,0.09380368828,165.9705815,0.0939569994,165.9705815,0.002255023171,2430.294864,4.6086552
9087,quad80logit,2,,0.7959846529,0.01467509353,0.7672219981,0.8247473077,0.7760761197,0.8301037409,0.0148000496,0.8010961767,0.8591113051,0.8124998474,1.765728412,0.0384585729,1.690350994,1.84110583,1.749999695,0.034119088,0.005052591453,0.02421619073,0.04402198528,0.03642372769,,0.3437780819,62.27033515,0.3529121123,61.27033515,0.01012326789,574.0224772,3.6147565
9088,quad80logit,2,,0.7851469476,0.01733302544,0.751174842,0.8191190532,0.7760761197,0.8234323707,0.01786792219,0.7884118867,0.8584528546,0.8124998474,1.774399356,0.0977985671,1.582717687,1.966081025,1.749999695,0.03828542303,0.008424313172,0.02177407262,0.05479677344,0.03642372769,,0.3791824763,33.34375292,0.3835330784,32.34375292,0.03448327416,302.4678364,3.1172344
9089,quad80logit,2,,0.7769186519,0.01308619095,0.751270189,0.8025671149,0.7760761197,0.8173198851,0.01364001135,0.7905859541,0.8440538161,0.8124998474,1.731155776,0.04765510206,1.637753493,1.82455806,1.749999695,0.0404012332,0.006947486613,0.02678440966,0.05401805674,0.03642372769,,0.582425888,16.92623303,0.5852350332,15.92623303,0.1268066204,62.15607585,3.801745
9090,quad80logit,2,,0.7839784336,0.01746014045,0.7497571871,0.81819968,0.7760761197,0.8097210111,0.01782046706,0.7747935375,0.8446484847,0.8124998474,1.72421247,0.1056530493,1.517136299,1.931288641,1.749999695,0.02574257753,0.005220902674,0.01550979632,0.03597535873,0.03642372769,,0.4336284965,30.23020152,0.4422708876,29.23020152,0.04179781057,227.7929911,3.2463011
9091,quad80logit,2,,0.7762285452,0.0181865004,0.7405836594,0.811873431,0.7760761197,0.8089235968,0.01790366352,0.7738330611,0.8440141325,0.8124998474,1.743228144,0.05223685265,1.640845794,1.845610494,1.749999695,0.03269505156,0.004384348246,0.0241018869,0.04128821621,0.03642372769,,0.472699426,26.38308329,0.4802940812,26.38308329,0.08031064522,152.1760518,4.2289741
9092,quad80logit,2,,0.7679532209,0.01802109737,0.7326325191,0.8032739228,0.7760761197,0.8027899547,0.01772574648,0.76804813,0.8375317794,0.8124998474,1.723128308,0.0501681102,1.624800619,1.821455998,1.749999695,0.03483673377,0.006039269893,0.02299998229,0.04667348526,0.03642372769,,0.1455923195,130.8906486,0.1462287074,129.8906486,0.007975767046,828.1533238,3.4976754
9093,quad80logit,2,,0.7583570418,0.01640663128,0.7262006354,0.7905134482,0.7760761197,0.7998378306,0.01604960116,0.7683811904,0.8312944708,0.8124998474,1.716609494,0.07024753751,1.578926851,1.854292138,1.749999695,0.04148078884,0.004907354008,0.03186255172,0.05109902595,0.03642372769,,0.5539231068,18.6238932,0.5657297,18.6238932,0.08466286097,110.6117128,2.8643059
9094,quad80logit,2,,0.7811868792,0.01359029785,0.7545503848,0.8078233735,0.7760761197,0.8163290403,0.01301759962,0.7908150139,0.8418430667,0.8124998474,1.752046201,0.05945917152,1.635508366,1.868584035,1.749999695,0.03514216115,0.004799235797,0.02573583183,0.04454849046,0.03642372769,,0.2769164199,75.86107582,0.2789477813,75.86107582,0.004630975171,1336.186077,3.6797119
9095,quad80logit,2,,0.7884615918,0.01241617789,0.7641263303,0.8127968533,0.7760761197,0.8246879593,0.01295505294,0.7992965222,0.8500793965,0.8124998474,1.766710593,0.07398157114,1.621709378,1.911711808,1.749999695,0.03622636757,0.006931818013,0.02264025391,0.04981248122,0.03642372769,,0.4822881235,35.91631746,0.4888700061,35.91631746,0.01008914938,788.0097765,3.0117469
9096,quad80logit,2,,0.7702784668,0.01631681278,0.7382981014,0.8022588322,0.7760761197,0.8050046555,0.01573925107,0.7741562903,0.8358530208,0.8124998474,1.733833948,0.1621984319,1.415930863,2.051737033,1.749999695,0.03472618873,0.004795363289,0.02532744939,0.04412492807,0.03642372769,,0.3705549936,45.14177134,0.3843820213,44.14177134,0.0165178986,411.765097,2.8043224
9097,quad80logit,2,,0.7696964026,0.01347837335,0.7432792763,0.7961135289,0.7760761197,0.8101677707,0.01276738311,0.7851441596,0.8351913818,0.8124998474,1.751646944,0.04036324688,1.672536434,1.830757454,1.749999695,0.04047136809,0.005623145546,0.02945020534,0.05149253084,0.03642372769,,0.2907249564,76.13495195,0.2915580709,76.13495195,0.006562167323,973.2304745,2.4676349
9098,quad80logit,2,,0.7618803875,0.01722174373,0.72812639,0.7956343849,0.7760761197,0.7992765358,0.01672423698,0.7664976336,0.8320554379,0.8124998474,1.729301702,0.08631741903,1.56012267,1.898480735,1.749999695,0.03739614831,0.004803231412,0.02798198773,0.04681030889,0.03642372769,,0.3611578403,38.05469469,0.3682736273,37.05469469,0.02278443887,355.1247415,2.437088
9099,quad80logit,2,,0.7577018923,0.01799486609,0.7224326029,0.7929711818,0.7760761197,0.794296391,0.01742256377,0.7601487934,0.8284439885,0.8124998474,1.707017851,0.04675290359,1.615383844,1.798651858,1.749999695,0.03659449863,0.005992258198,0.02484988837,0.04833910888,0.03642372769,,0.3931120965,41.46848911,0.391109734,41.46848911,0.02936410554,373.1595629,4.4850594
9100,quad80logit,2,,0.7676093276,0.01627620658,0.7357085489,0.7995101063,0.7760761197,0.805911487,0.01590368126,0.7747408445,0.8370821295,0.8124998474,1.725573166,0.05885445723,1.61022055,1.840925783,1.749999695,0.03830215939,0.005014283753,0.02847434383,0.04812997496,0.03642372769,,0.3934984174,32.8835844,0.4049926708,32.8835844,0.04050511247,203.7819722,3.2383867
9101,quad80logit,2,,0.7689062562,0.03460224757,0.7010870972,0.8367254152,0.7760761197,0.8075871855,0.03404110998,0.740867836,0.8743065351,0.8124998474,1.732534288,0.1164371035,1.504321758,1.960746817,1.749999695,0.03868092936,0.007258687879,0.02445416255,0.05290769618,0.03642372769,,0.3195889083,47.72056607,0.3294423307,46.72056607,0.03492172083,270.7305244,2.4675023
9102,quad80logit,2,,0.7663740316,0.01426292658,0.7384192092,0.794328854,0.7760761197,0.7941918735,0.01388473144,0.7669782999,0.821405447,0.8124998474,1.683270196,0.04551050313,1.594071249,1.772469143,1.749999695,0.02781784191,0.005522253385,0.01699442416,0.03864125966,0.03642372769,,0.519139246,17.03044638,0.5342304517,16.03044638,0.1003818674,111.7265839,2.7895076
9103,quad80logit,2,,0.760321549,0.02266187112,0.7159050977,0.8047380002,0.7760761197,0.7947655477,0.02220114828,0.7512520967,0.8382789988,0.8124998474,1.730646038,0.09560829727,1.543257218,1.918034857,1.749999695,0.03444399876,0.005320649,0.02401571835,0.04487227917,0.03642372769,,0.4261910856,35.67438548,0.4320448785,35.67438548,0.04984214227,238.7727531,3.3758893
9104,quad80logit,2,,0.7906440852,0.01387462429,0.7634503213,0.8178378491,0.7760761197,0.8332007983,0.013855629,0.8060442645,0.8603573321,0.8124998474,1.779284738,0.05027005101,1.680757248,1.877812227,1.749999695,0.04255671312,0.006605797699,0.02960958754,0.0555038387,0.03642372769,,0.4617679591,28.2905369,0.4701382252,28.2905369,0.0584001229,149.9489128,3.3358779
9105,quad80logit,2,,0.7972253553,0.02078862596,0.7564803971,0.8379703134,0.7760761197,0.8307353306,0.02022388509,0.7910972442,0.870373417,0.8124998474,1.799158022,0.1108044245,1.581985341,2.016330704,1.749999695,0.03350997533,0.005328444544,0.02306641593,0.04395353473,0.03642372769,,0.3856212056,34.24066199,0.3939550255,33.24066199,0.02589615023,317.1313742,3.8045622
9106,quad80logit,2,,0.7704237938,0.01435546625,0.742287597,0.7985599906,0.7760761197,0.8037772234,0.01452177081,0.7753150756,0.8322393712,0.8124998474,1.7207412,0.04916348953,1.624382531,1.817099869,1.749999695,0.03335342962,0.006263359495,0.02107747058,0.04562938865,0.03642372769,,0.5247118894,23.34131817,0.5213098453,22.34131817,0.1120898146,89.65030144,5.4776136
9107,quad80logit,2,,0.7706499842,0.01537468986,0.7405161457,0.8007838226,0.7760761197,0.8174689581,0.01511458404,0.7878449177,0.8470929984,0.8124998474,1.767340429,0.04747851709,1.674284246,1.860396613,1.749999695,0.04681897392,0.006378699565,0.0343169525,0.05932099534,0.03642372769,,0.5312833001,19.20008526,0.4839037709,19.40476926,0.04999975077,236.5069485,5.024331
9108,quad80logit,2,,0.7645218064,0.01802857821,0.7291864425,0.7998571704,0.7760761197,0.8042467788,0.01834243482,0.7682962672,0.8401972904,0.8124998474,1.717839545,0.0788704613,1.563256282,1.872422809,1.749999695,0.03972497236,0.007602546572,0.02482425489,0.05462568983,0.03642372769,,0.429383583,40.25295015,0.4260063815,39.25295015,0.05941418734,164.6309502,3.308203
9109,quad80logit,2,,0.76247255,0.01413961214,0.7347594195,0.7901856806,0.7760761197,0.7992102507,0.01365988878,0.7724373607,0.8259831408,0.8124998474,1.74408313,0.03612793063,1.673273687,1.814892573,1.749999695,0.0367377007,0.005404391325,0.02614528834,0.04733011306,0.03642372769,,0.260948309,84.57368004,0.2648205972,83.57368004,0.01177991001,694.5234303,2.9064619
9110,quad80logit,2,,0.7771437892,0.02466871902,0.7287939884,0.82549359,0.7760761197,0.8095460937,0.02353669797,0.7634150133,0.855677174,0.8124998474,1.740662544,0.1159483222,1.513408009,1.96791708,1.749999695,0.03240230447,0.005441176658,0.02173779418,0.04306681475,0.03642372769,,0.1630970929,92.70204548,0.1670817675,91.70204548,0.007185254875,1001.799875,2.3661627
9111,quad80logit,2,,0.7897373311,0.01403331899,0.7622325313,0.8172421309,0.7760761197,0.8213287398,0.0136893955,0.7944980176,0.8481594619,0.8124998474,1.789219356,0.04107351165,1.708716753,1.86972196,1.749999695,0.03159140869,0.004587538866,0.02259999774,0.04058281965,0.03642372769,,0.5627104131,18.12045077,0.5792974423,17.12045077,0.1455997939,67.00863977,2.1403204
9112,quad80logit,2,,0.7738039161,0.01344195648,0.7474581655,0.8001496667,0.7760761197,0.8088219347,0.0131695871,0.7830100183,0.8346338511,0.8124998474,1.743757642,0.04876593564,1.648178164,1.839337119,1.749999695,0.03501801864,0.004594905129,0.02601217007,0.0440238672,0.03642372769,,0.5360824977,18.48830671,0.5518540378,18.48830671,0.0661141215,165.8749558,2.1159595
9113,quad80logit,2,,0.7790757795,0.01317405388,0.7532551083,0.8048964506,0.7760761197,0.8101788659,0.01276402067,0.7851618451,0.8351958867,0.8124998474,1.763275111,0.04518896523,1.674706366,1.851843855,1.749999695,0.03110308649,0.004897199685,0.02150475148,0.04070142149,0.03642372769,,0.5674291246,16.82727309,0.5803195835,16.82727309,0.104078625,114.8553983,4.1014852
9114,quad80logit,2,,0.769054355,0.01246897269,0.7446156176,0.7934930924,0.7760761197,0.8023884458,0.01212370946,0.7786264119,0.8261504797,0.8124998474,1.726804675,0.02792530623,1.672072081,1.78153727,1.749999695,0.03333409081,0.004546982083,0.02442216969,0.04224601193,0.03642372769,,0.2475914276,90.52004912,0.2485612973,90.52004912,0.002792215599,1732.011701,2.9130703
9115,quad80logit,2,,0.7671823007,0.02211351678,0.7238406042,0.8105239972,0.7760761197,0.7961303562,0.02180652349,0.7533903555,0.8388703568,0.8124998474,1.707417128,0.08067080909,1.549305248,1.865529009,1.749999695,0.02894805546,0.00463023288,0.01987296577,0.03802314514,0.03642372769,,0.3414031152,41.09271203,0.3434987603,40.09271203,0.04014131412,265.7215751,2.6631178
9116,quad80logit,2,,0.7753874206,0.02218528046,0.7319050699,0.8188697713,0.7760761197,0.811877111,0.0222496614,0.768268576,0.855485646,0.8124998474,1.759645864,0.07687972364,1.608964375,1.910327354,1.749999695,0.03648969043,0.004866362097,0.02695179598,0.04602758487,0.03642372769,,0.3760723642,34.30731362,0.3860482487,33.30731362,0.03426704826,238.3039298,1.9386898
9117,quad80logit,2,,0.7623443371,0.01771656225,0.7276205132,0.797068161,0.7760761197,0.8042568121,0.01724428993,0.7704586249,0.8380549993,0.8124998474,1.734131725,0.05635862404,1.623670852,1.844592599,1.749999695,0.04191247498,0.005745343563,0.03065180852,0.05317314144,0.03642372769,,0.1641152621,122.5591441,0.1637708304,122.5591441,0.0008768783242,5519.07807,1.6299371
9118,quad80logit,2,,0.7662506921,0.01305430543,0.7406647236,0.7918366606,0.7760761197,0.8123749589,0.01465854552,0.7836447376,0.8411051802,0.8124998474,1.741587841,0.04344252652,1.656442053,1.826733628,1.749999695,0.04612426679,0.00956043571,0.02738615712,0.06486237646,0.03642372769,,0.4688392712,26.82322361,0.4428785062,25.82322361,0.03517022931,302.1585008,1.9608559
9119,quad80logit,2,,0.7739034448,0.01392476945,0.7466113982,0.8011954914,0.7760761197,0.8085311662,0.01412494409,0.7808467845,0.8362155479,0.8124998474,1.739642109,0.0459309378,1.649619125,1.829665093,1.749999695,0.03462772138,0.005176774616,0.02448142958,0.04477401318,0.03642372769,,0.5142650469,26.62678179,0.5284094298,25.62678179,0.1007386705,93.56134032,1.2787109
